"wavelength","303","307","311","315","319","323","327","330","331"
350,0.0328524323450264,0.101656248901074,0.0708214294210302,0.074410809036834,0.0706322978753921,0.0830654765758505,0.0974531596780198,0.0986874978242156,0.0630912654939136
351,0.0350097780339929,0.104052285958532,0.0741841379777313,0.0773797680333564,0.0713620641339401,0.0861929648064979,0.0971513887289153,0.0993328614225926,0.0678953183360412
352,0.0302935721869429,0.100448674277424,0.0739053128816559,0.0744318841279783,0.0682605831534221,0.082673659615394,0.0916652595875113,0.0951155114331081,0.0675454389898094
353,0.0308318826628965,0.101864804598206,0.0707455720089655,0.0742387043940766,0.0691137823199779,0.078174385981368,0.0958173910283183,0.0973959448014899,0.0672079159426293
354,0.0313790678572549,0.101866835526611,0.0712877608232168,0.0726445654304352,0.0664120285692463,0.0783909008170518,0.0958939526088858,0.0948996081003361,0.0647371501855414
355,0.0316921928064119,0.0994899105448086,0.0727362918836494,0.0716077633828862,0.06472632749514,0.079928098899163,0.092437917354597,0.0923393056984874,0.0626014399430531
356,0.032450249077993,0.095774269181252,0.0712447578567265,0.0730751637017813,0.0686311886081265,0.0783261087184565,0.0890717664041405,0.0954211748408546,0.0630583214188192
357,0.0338654213057632,0.0954340482058371,0.0702983888627251,0.0714743009971707,0.0671259409783728,0.0760423761863818,0.0862058104624963,0.0948749996909816,0.0615769906181795
358,0.0354519493612767,0.0961273026462449,0.0706413164750261,0.0710293892880181,0.0663300336087003,0.0769021294200385,0.0885170614839445,0.0937407321598384,0.0630531717544689
359,0.0357279835478634,0.0957450306817688,0.0712087470784233,0.0724883910319292,0.0679832436671574,0.0801892795345888,0.094511631849224,0.0938753632333119,0.0670018920761226
360,0.0302421210017775,0.0925413850872591,0.0669246687419015,0.0685890584281653,0.0634032909511496,0.0763167142240749,0.0907348917750961,0.093727596321061,0.0611499822771077
361,0.0280546726030943,0.0924176449125624,0.0684881655784032,0.0687176344868015,0.0619991625884376,0.0761512962616241,0.089042598173153,0.0927737441469489,0.0597155046073318
362,0.0304974897629573,0.0950798636198738,0.0732824534442114,0.0726449399417018,0.0644340185250772,0.0801518180839534,0.0904160862014352,0.0922766385095752,0.0635449206903768
363,0.0344135805214707,0.0967503527249142,0.0716350112168989,0.0748790885940194,0.0665532405916933,0.0831146569110485,0.0902168937621939,0.0943608650253989,0.0661890608398942
364,0.034487001304446,0.0972725151108395,0.0713283817787333,0.0742753956285321,0.0666978402231843,0.0830970785396851,0.0911317673281385,0.0942988313361049,0.0652320118832953
365,0.0318406925663719,0.0958509667554954,0.070903444458514,0.0722739482046691,0.0654238109580939,0.0807810952574619,0.0910732699067429,0.0922194857737593,0.0625270664094993
366,0.0292974464610599,0.092787375261835,0.0685932902211846,0.0709148313652303,0.0639650952170988,0.0780233854785976,0.0886722598967999,0.08971878888254,0.0606396381712574
367,0.0306343143765413,0.0928746670164867,0.0689801119329234,0.0719571443744867,0.0636444473142531,0.0783759926219402,0.089163100766047,0.0900302712802946,0.0605199856025472
368,0.030617076819896,0.0934301925157951,0.0699295544011154,0.0723915339321418,0.0639848738421701,0.0792929914534812,0.0899428759824335,0.0905681241924053,0.0614438643827398
369,0.0283373506046842,0.0934359957355181,0.0700646401654437,0.071434635784967,0.0643890373502502,0.0794663516905447,0.0898618898153991,0.0900353434357189,0.0620869217565392
370,0.0303122240419566,0.0951837151326806,0.0692838718743875,0.0720150583099454,0.0641473984414037,0.0798615832194732,0.0904926530848813,0.0891517942506681,0.0597813393004267
371,0.0305941043343274,0.0941330395049828,0.0689247693613216,0.0714793450525012,0.0632756800048864,0.0784269819739408,0.0901369356090559,0.0890057017797902,0.0591883072074603
372,0.0301510247528847,0.0919849529208791,0.0691245758392146,0.0705738585156022,0.0626444947216792,0.0763845668152866,0.0887523262418861,0.0898142571504408,0.0600885577250703
373,0.032557328570323,0.0930512400721246,0.069464387973574,0.0714151625139551,0.0634264975806214,0.076476943374778,0.087242545658302,0.0912148157034102,0.0601548893420652
374,0.0325980675024283,0.093588100471376,0.0702483970499565,0.0726862595885611,0.0636939494634948,0.0789014644359525,0.0886734982006644,0.0917667508296585,0.0613485487610781
375,0.0311759850758653,0.0929204905620434,0.0700814230485145,0.0724932534672717,0.0633459682655861,0.0799797253021243,0.0897942509155289,0.0916201992901687,0.0623078171314956
376,0.0301338493882979,0.0914807517705493,0.0685100959462194,0.0702561435709316,0.0628021374072772,0.0778416544532215,0.088329454574699,0.0913426734366526,0.0619877723343817
377,0.0311232974459734,0.0917162978025189,0.0694824031274752,0.0699753867493714,0.0631610768515945,0.0790872915574663,0.0893811845256604,0.0921145967627313,0.062594939137183
378,0.030497635453349,0.0914237234434044,0.0687657069936104,0.0702478704503761,0.0631981790145466,0.0797819249902248,0.0892790597626922,0.0907783796560124,0.0603469610663404
379,0.0283984232097289,0.0901788946485771,0.0662160014403602,0.0701694284931229,0.0624299797468201,0.0785483697156988,0.0874366139481812,0.088043314189705,0.0564060569386776
380,0.0301142060370986,0.0898484139393167,0.0671222977048908,0.0693594582399855,0.0611703930383962,0.0772080708191045,0.0873502548601488,0.0899660487857707,0.0587973464378944
381,0.0310705008036333,0.0899748049918633,0.0678221346025319,0.0705875350363576,0.0615027899076453,0.077607990956783,0.0874218027062145,0.0905638249887253,0.0599693754446842
382,0.0309494685249391,0.0902445259407869,0.0678925010720082,0.0719769658090514,0.0622994980481933,0.0787075466058949,0.087292065102856,0.089538566549937,0.0596358337049667
383,0.0309232905797356,0.0902969098055992,0.0679206215200224,0.070323624299446,0.0614129087161292,0.0784290376759361,0.0870412104841708,0.0887130444440994,0.0600051836683849
384,0.0307032853323203,0.0894642915637136,0.0663862765708767,0.0698671083460498,0.0610244940638867,0.078355828702164,0.0873447006630643,0.0886885386742061,0.059895813759269
385,0.0311435467315131,0.0894351773234663,0.0663424927588762,0.07015286583091,0.0618249650955538,0.0783221414647551,0.0881063842052672,0.0892546025122922,0.0597255441030576
386,0.0322721871316108,0.0908192091981217,0.0689605067640762,0.0702448846518355,0.0633719152892705,0.077979906609035,0.0888199531252898,0.089792356765694,0.0596039709653006
387,0.0311528661801448,0.0900151018934544,0.0680922365372073,0.0698141224594353,0.0625554596950823,0.0768118185484523,0.0879031468889418,0.0887394094791423,0.0578300935094963
388,0.0303506987034149,0.0894326025090495,0.0667976495451727,0.0694381001650425,0.0617561958250728,0.0774244478886536,0.0875516060647835,0.0882157065738414,0.0570765585965048
389,0.0306610224824406,0.0899731153340266,0.0667773526845034,0.0698032561460597,0.0617996155316025,0.0794750144403159,0.0881462510189817,0.088895269217775,0.0580575373823182
390,0.0309699766688922,0.0910030201936961,0.0684268081255132,0.0719289902356604,0.061838171653025,0.0793165552635655,0.0880755291600357,0.0900185100564109,0.0595276381212232
391,0.0317341601769362,0.0914891088579395,0.0699107420858034,0.0727827318629899,0.0621386830104281,0.0790505781675822,0.088582809992105,0.0901367977076044,0.059824631099163
392,0.0327387578919218,0.0910643503657823,0.0702482683478058,0.0723307631459736,0.0627287561693672,0.0792520196846419,0.0889297118646034,0.0899456040854486,0.0597689260627429
393,0.0333865860466286,0.0898629736513474,0.0689775615985271,0.0715607504569065,0.0634079091211812,0.0798195871060766,0.087994706044967,0.0906323145601305,0.0607251086349578
394,0.0312753329702922,0.0897451585850865,0.0669482023296255,0.0695583455719503,0.0623808969220826,0.0784302390083912,0.0876370764917182,0.0895838836998742,0.0592307898285132
395,0.0299938519168479,0.0899256867196831,0.0662542847542952,0.0688601357269856,0.0615846165923693,0.0774793401395972,0.0876193532462428,0.0887628311872216,0.0580268556849417
396,0.0314294893630014,0.0897258304267891,0.0676082500545005,0.0705327131765661,0.062228787263708,0.0785479462011598,0.0876301346182275,0.0894026119923729,0.0589135478538146
397,0.0308470429525239,0.0897791457876076,0.0679267314104924,0.0707471468527097,0.0623435480693479,0.0796834498878159,0.0879915491752508,0.0891550308136136,0.0589963499445537
398,0.0301503927993168,0.089899385385182,0.0675278353441506,0.0703810879364834,0.0618716342607506,0.079381644479112,0.0885004528267061,0.0887973702965433,0.0591435083528748
399,0.0303029270177163,0.0899742996011456,0.0671261339793133,0.070208488494357,0.0614231031535045,0.0782908576394673,0.0887604175725771,0.0888254086620533,0.0594671830613275
400,0.0314830194115769,0.0899755748210504,0.0679819744800275,0.0710617709003079,0.062460867409246,0.0794657196228761,0.0880678768187583,0.0895625847974899,0.0592636036769646
401,0.0312730685274948,0.0894731152904676,0.0680216261708232,0.070564997796415,0.0624073048550734,0.079568259642552,0.0876252860846803,0.0894716863380671,0.0593179228448221
402,0.0305913987012967,0.089483170448248,0.0678472675604292,0.069995352345387,0.0620590543741282,0.0791007883124591,0.0879811830421675,0.089237492369773,0.0594234152999455
403,0.0312905286955223,0.0910688896425083,0.0686976800102913,0.0714221592312282,0.0630295230164691,0.0796337151716592,0.0891956169210459,0.0900814274851423,0.0591495592432234
404,0.0321990856530372,0.0907936910721963,0.0687719109412465,0.0718317030163554,0.063145263339019,0.0802462464405437,0.0890910252887327,0.0905467158804346,0.0592974712985129
405,0.0324513241973123,0.0897704726817002,0.0682750158939666,0.071511074854457,0.0627554183257844,0.0801296846221223,0.0887645870782863,0.0904870267276118,0.0592979631899504
406,0.0318992065123298,0.0893911941615774,0.0678460467204399,0.0711403024997787,0.0624821709342782,0.0792776966798964,0.0890565097402633,0.0901816992770012,0.0589365333655446
407,0.0323185334255303,0.0904441850982572,0.068818114734939,0.071344872914564,0.0629010945422263,0.0799729499062399,0.0888861583703561,0.0907615230394228,0.0596271986906062
408,0.0320349252841642,0.0902071020415793,0.0688905354187035,0.0708669722208134,0.0628041993673504,0.0800353830255862,0.0885773766187938,0.0903216131991485,0.0595968161941017
409,0.0310125722639515,0.0887549854887692,0.0678315274609904,0.069950888470738,0.0620821876301535,0.0793276107719572,0.0883003549180939,0.0890102418330301,0.0587498116910759
410,0.0310003606488327,0.0892385860256373,0.0675964055403935,0.0705627662855247,0.0617502751776452,0.0799832843198835,0.0880216646152366,0.0892237714739644,0.0587900320118906
411,0.031174464181776,0.0898157748945884,0.0678749161030351,0.0709932718190346,0.0621769685666637,0.0801687438734118,0.0884279398998331,0.0898520425810122,0.0591748190840051
412,0.0312472679269246,0.0897988314632575,0.0680830535553538,0.0707142758852907,0.0624347657317201,0.0798310837236446,0.0889876118961305,0.0900537621491563,0.0593512370100786
413,0.0311215545813543,0.089001002240447,0.0676363442961029,0.0697586806758222,0.0613863808256682,0.0795455172878717,0.088835819115202,0.0892348898668155,0.0588379790236992
414,0.031164652489894,0.0888736207530645,0.068033161459644,0.0697321763396582,0.0615964839817276,0.0797332599397657,0.0887643471347124,0.0893106487164318,0.0586484711939255
415,0.0316022161434992,0.0894349336909511,0.0686861038889986,0.070453047078642,0.0625829697521034,0.080385323423811,0.0891321350122688,0.0899362722352945,0.0590234570877393
416,0.0323357827462606,0.0902680120479627,0.0689787487946602,0.0713363561038621,0.0634642276816321,0.0812084478003261,0.0898768728338831,0.0904816251878307,0.0598043290107188
417,0.0323818907066651,0.0904215001225128,0.0691775472289481,0.0715243149342434,0.0635786917314589,0.0813101563442301,0.0899354861433701,0.0905073323577299,0.060120052932392
418,0.0322580832674345,0.0901470288698439,0.0689171314124595,0.0711616458943412,0.0632578000540566,0.0810727113327463,0.0895277886155553,0.0904011443609838,0.0599461731656843
419,0.032200455533332,0.0897695332417903,0.0684191120438828,0.0706817587014172,0.0628179667309239,0.0808273052744151,0.089099387179349,0.0903938271822744,0.059546865986934
420,0.0320905221979905,0.0897143902249051,0.0687285522474095,0.0709732542928013,0.0625479363896061,0.0808763574764451,0.0894815277358576,0.090548571166733,0.0595673494597601
421,0.03194812211746,0.0898180125710605,0.0688748309401624,0.0709795756253301,0.062565440601712,0.0808633723316271,0.0896016580161344,0.0906627614375153,0.059595803421546
422,0.032004817962463,0.0900352359062808,0.0689578998318324,0.0709133272834028,0.062855411526318,0.0809086241940398,0.0894932494569344,0.0909072380245728,0.0597626461425562
423,0.0325236852817139,0.0903383879005925,0.0694369569178734,0.071429945442156,0.0632967140513649,0.0812767761825577,0.0896066322606009,0.091546768022001,0.0603269687735309
424,0.0327221016847798,0.0905987693952139,0.0695315117628574,0.0717628763316374,0.0634540331294009,0.0813464649454605,0.0896264690441032,0.0917394025889934,0.0602476317470342
425,0.0326390049992163,0.0907183770390651,0.0696255270839842,0.0718010942177889,0.0635973589098824,0.081414452736222,0.0897515622417668,0.0917252792460593,0.0599999586970779
426,0.0324860435714132,0.0906698966687976,0.0700252806507442,0.0715969586569888,0.0638839774351887,0.0817219262922684,0.0900821049997819,0.0917993050363331,0.0600966052367984
427,0.0324854961613797,0.0906007818130468,0.069928719838019,0.0712272755979969,0.0634569072267088,0.0816550827804804,0.089982459493986,0.0916304715690922,0.0601242259345645
428,0.0326799712363992,0.0906905022937331,0.0699411269314363,0.0713671407021719,0.0632287988049515,0.0816298659174139,0.0901086090939817,0.0917364785219985,0.0603338063186484
429,0.032933234631438,0.0908724476088004,0.0702161801762324,0.0719598821172903,0.0634760577887947,0.0817942407096232,0.0905573729536473,0.0921683394540526,0.0606427631447663
430,0.0327623502774216,0.0905878513014423,0.0700794492517878,0.0716985478794615,0.0634173280502977,0.0818262123343543,0.0904226935278554,0.0921646243734771,0.0602782801680379
431,0.0328411807035414,0.0908811286754174,0.0703010236822148,0.0717220258785036,0.0634081394711712,0.0819208374859373,0.0906030003364556,0.0924067034738543,0.0604457264482069
432,0.0332317196109501,0.0915338204955447,0.0707476268514956,0.0721251887705633,0.0635677804848547,0.0822226460870664,0.0910595107646577,0.0929228217526797,0.061100340135572
433,0.0336709997336571,0.0916582610794246,0.0708225699552524,0.0724874895900403,0.0639184943902869,0.0828435832051121,0.0912782157077263,0.0934073461480283,0.0615311484545825
434,0.0339434437003196,0.0920212245675644,0.0711148173900585,0.0729104590960263,0.0643177982798428,0.0830317383087427,0.0915586899492216,0.093695118952879,0.0617816915224441
435,0.0340011923480263,0.0922930456220413,0.0714136587926444,0.0729938411990915,0.0644536009672297,0.0829524352953745,0.0917373293139316,0.093814403214363,0.0618584989494593
436,0.0339211685600122,0.09211697892431,0.0714338881207065,0.0725034056663741,0.064167800669271,0.0829620099812968,0.0916598801798245,0.093896971028865,0.0618407874705281
437,0.0340935442363105,0.092211184236593,0.0713622439517145,0.0724798544650131,0.0641811844849741,0.0831543004831964,0.0916383393839362,0.094275288357033,0.0620777424741648
438,0.0345052218116467,0.0926034633130693,0.071754996036074,0.0729629193213563,0.0645730488770941,0.0836085021482268,0.0920724860176706,0.0948171704060035,0.0624870806424619
439,0.0349100753799851,0.0930784032560565,0.0725611077161388,0.0735935152816236,0.0650918075344625,0.0841468429229148,0.0928366564649228,0.0952859082768642,0.0628718572457454
440,0.0345230966031165,0.0929347854289175,0.0723328892052876,0.073225886808425,0.0647993525311512,0.0839782224965909,0.0926315214034498,0.0951832715680969,0.0627860110194126
441,0.0343971766142257,0.0930505891680301,0.0724555424535343,0.0730776068795287,0.0647717196498138,0.083991831843352,0.0926235037270675,0.0954284430360462,0.0628817109694552
442,0.0347498804213789,0.0935398109027045,0.0731066701929507,0.0734515173456506,0.0652096920538188,0.0843876839584421,0.0930100354096187,0.0960476176840007,0.0632646308482557
443,0.035182890449728,0.093942828453902,0.0735677387792266,0.0739971888760615,0.0656730168541135,0.084867870222121,0.0932798826341359,0.0963692955610504,0.0636332758851444
444,0.035494468419281,0.0942621756520787,0.0739541245096413,0.0742883682795576,0.0658288105939342,0.0850904460805342,0.0935653862708437,0.0967828136149825,0.0637268967136858
445,0.0356802106464362,0.0945395256915545,0.074255935859784,0.0743220152586964,0.0659085268433457,0.0852803499146382,0.0938222522139208,0.0971918945506979,0.063826577825805
446,0.0358260270339095,0.0948449711491255,0.0744581024648793,0.0742910259785905,0.066267038577967,0.0857541134468036,0.0939986156835661,0.0974246685906635,0.0643146829221391
447,0.0360430632936068,0.0952380929630588,0.0745828303519999,0.0746015945661772,0.0665324646251665,0.085892599617746,0.0943213222372101,0.0978600065766502,0.0648276929613239
448,0.0361620774788437,0.0954865000623369,0.0748213325339765,0.074897380283153,0.0666787590816443,0.08591867708522,0.0945868412523252,0.0981963737652444,0.0651179443221869
449,0.036127824720196,0.0955166254455575,0.0751933150831772,0.074940757710097,0.0667549543786574,0.0860618089166412,0.0947001832081648,0.0982725946754651,0.0651313365930378
450,0.036286574535094,0.0957795405031761,0.0751115560883511,0.0750739051511052,0.0668770122597854,0.086277999870477,0.0950039036398537,0.0985040979981511,0.0652715702086611
451,0.0366136982681696,0.0961974018895595,0.0753748421962104,0.0753414245429969,0.0671512379959733,0.0866066631111955,0.0954876902995182,0.0990486132143807,0.065533709911411
452,0.0370064161176069,0.0966056622131806,0.0760400577679818,0.0756846645317224,0.0675152553418382,0.0869834812489357,0.0959627655010243,0.0997667603014768,0.0659172777620761
453,0.0372588943850395,0.0966767924974509,0.0762566594626507,0.0759105957724374,0.0676805760639275,0.0872017672465205,0.095959052649701,0.100131864828501,0.0664571317014568
454,0.0373738174981052,0.0970197006847159,0.0765876868616027,0.0761159930148687,0.067953729653361,0.0874487674235501,0.0961660498044711,0.100432496767575,0.0667367653549485
455,0.0374972739223215,0.0975134744329855,0.0769384835158058,0.0763057616884068,0.06825187427743,0.0877482851096223,0.0965398700764756,0.100735593758292,0.0668281720608844
456,0.0378142276657206,0.0977408492695849,0.076992963748681,0.0764493448772797,0.0683485005267517,0.0880507599172364,0.0967399047494354,0.101038643675461,0.0670228988415663
457,0.037753650976742,0.09794356855772,0.0772073386690754,0.0764358901397586,0.0684742920134884,0.088193767303777,0.0969526096657391,0.101374315661904,0.0672509759281498
458,0.0377390767901808,0.0982344593073848,0.0774737418986954,0.0765166944315063,0.0686158563232463,0.0883578286689725,0.0972091040405091,0.101743308872001,0.06749193447296
459,0.0381272131848406,0.0986212017996797,0.0776589815495825,0.0768694830443936,0.0687377201447915,0.0887011426584326,0.0974831761559247,0.102109588610222,0.0677326185606856
460,0.038162949854405,0.0987326932462554,0.0779653681948549,0.0770866361165523,0.0688669829074154,0.0890082724476556,0.0975716125805155,0.102277291849445,0.0679642443240513
461,0.0384419602222397,0.0990191238618459,0.0784706917711394,0.0773807864493358,0.069266476563088,0.0893769617905725,0.0979096666626597,0.102628146504521,0.0683226255684358
462,0.0390596237628627,0.0995659671252225,0.0790348663654988,0.0777491907131594,0.0698612743689148,0.0897760742653555,0.0985227948156427,0.103244002257205,0.0687451701139445
463,0.0390846064034845,0.0997498477498485,0.0790797691350676,0.0777168530854143,0.0699064393615415,0.0898789193834543,0.0986342897222171,0.103657583046476,0.0687465709046889
464,0.0391443550602338,0.0998368806778877,0.0791281024609845,0.0777165102657667,0.0700137652942082,0.0900921499986304,0.0987285437734117,0.103898344552188,0.0688964477428877
465,0.0393225306067367,0.0999262365134487,0.0793052467053886,0.0778433037029844,0.0702275837613877,0.0904029329688698,0.0989032944082677,0.104086245364852,0.0691822352843063
466,0.0393932744704329,0.100049042591536,0.0795089388700152,0.0779954004937116,0.0702551871813731,0.0905331675373966,0.0990466203359323,0.104438607407484,0.0692250629853102
467,0.0396710420220351,0.100407749106316,0.0798023256434177,0.0782508239401526,0.0704541983977408,0.0908327017547,0.0993940424623333,0.104750888517903,0.0695224368891857
468,0.0398942367613697,0.100787687144579,0.0801334200669772,0.0784174642443653,0.0707034089601987,0.0911793168376983,0.0997364628373685,0.10503412728674,0.0699133967225585
469,0.0397699428080343,0.100912233952286,0.0804043002048856,0.078333929782161,0.070783766130711,0.091353134404566,0.0998169862805866,0.10534141780984,0.0700943097911695
470,0.0399222276541911,0.100949505274188,0.0803912698542372,0.0785738883077553,0.0707260500276843,0.0913835953362234,0.0999521736633787,0.105605394120236,0.0700891886310329
471,0.0401756208716469,0.101089529334439,0.080561895029319,0.078789913985619,0.0708618453343398,0.0915334056620733,0.100164395084416,0.105903210992515,0.0701867571955566
472,0.0403477911249152,0.101408980601302,0.0810941432232678,0.0787698772366775,0.0713037546285377,0.0918886742507312,0.100416679825693,0.106263099214932,0.0705171303301294
473,0.0404294214432845,0.101701853369625,0.0812144342338383,0.0788725771689129,0.0715335837769315,0.0919794731205937,0.100578600664896,0.106533190897537,0.0707388325636501
474,0.0406623729845787,0.102042618335274,0.0814666196927365,0.0791614653313125,0.0717608327935439,0.0923543660525923,0.100906441033751,0.106917712048781,0.0709938695766685
475,0.0409903989882359,0.102345186587569,0.0818818727181776,0.0795030367592788,0.0720081235765738,0.0929230671416956,0.101306532364108,0.107369914367704,0.0712489971152265
476,0.0409944041799242,0.102304242940959,0.0819079268591549,0.079495500914534,0.0720853489461693,0.0928322579920118,0.101246132723572,0.107538096654978,0.0712484229595579
477,0.0411643900831247,0.102506775449878,0.0821186268768403,0.07967238008707,0.0722809299323801,0.0930373239334819,0.101482264924141,0.107855109729676,0.0715104747547708
478,0.041421339859175,0.102837664190412,0.0824542619681642,0.0799073828559665,0.0725650560814486,0.0934381832650829,0.101893646059635,0.108231839369715,0.0718924849121774
479,0.0414824140263298,0.102927239982445,0.0826265552712609,0.0798543824938515,0.07277820325056,0.0935407410039327,0.102032606097109,0.108397665498547,0.0720037392959645
480,0.0416591219147772,0.1032835305029,0.0829298570537463,0.0801523073639941,0.0729387191659782,0.0936477635887219,0.102315370442747,0.108719600665024,0.072199772142891
481,0.0418530144405415,0.103635174779364,0.0832476087728401,0.0804379848529945,0.0730527858352124,0.0938697369370842,0.102561340616254,0.109086860402179,0.0724183847801903
482,0.0419340901284228,0.103722932844976,0.0834454681351829,0.0803704612508091,0.0731427406831944,0.0941905046666111,0.102601658215445,0.109364331679823,0.0725591993083079
483,0.0418982747878743,0.103892296903504,0.0836029998477298,0.080427910224933,0.0732645552964985,0.0941599064339456,0.10271181184423,0.109678077594396,0.0726318530038995
484,0.0421173144545334,0.104199063468602,0.0837996961292013,0.0806734819516582,0.0735333543764214,0.0943533812928359,0.103010309866141,0.110031372268496,0.0729219593313885
485,0.0426100586492062,0.104587373600998,0.0840641414790287,0.0810210387071418,0.0739178060242865,0.0949184322580439,0.103450733126436,0.11040920958461,0.0734197154674733
486,0.0427246832012583,0.104826840110819,0.0843556985247008,0.0811319200700051,0.0741201822508195,0.095178366841637,0.103710907401318,0.110786556799162,0.0735503856619437
487,0.0427885246362509,0.104947470442159,0.0845535617999375,0.0812135739626076,0.0742077721496485,0.0953296458458783,0.103825679383066,0.11104864189414,0.0736003592571659
488,0.042936782612598,0.105092902361535,0.0847589048337501,0.0813904633796741,0.0743547224119212,0.0954901331489364,0.103939742270126,0.111288849592546,0.0737542005525582
489,0.0432148201153824,0.105512859884555,0.0852413383173669,0.0817573033242074,0.0748420615498346,0.0957679612650234,0.104306224340697,0.111757455380832,0.0741704826757241
490,0.0434364108022638,0.105898976216,0.0853568302019865,0.0818827191236105,0.0749970292485095,0.0960258256395694,0.104545496601417,0.112040310508353,0.074453636247928
491,0.0435617091755282,0.106145145403072,0.0853871554263644,0.081929573155933,0.0749846047473014,0.0962603536493827,0.104717318566909,0.112248044514794,0.0746024410553317
492,0.0436187555298224,0.106240152775973,0.085782784951761,0.0821805632231806,0.0751669169894127,0.0965054676166615,0.104983159824703,0.112607073803934,0.0747448644411562
493,0.0437747616863776,0.106400821381571,0.0860438503503376,0.0823773124700213,0.0753683758658196,0.0967783658492852,0.105256973748506,0.112973481778267,0.0750295321912587
494,0.0439514349209826,0.106698000764906,0.0862600224401214,0.0824879604401615,0.0755309191488541,0.0970486372773942,0.105475472325124,0.1133744386604,0.0752945244590848
495,0.0440944032642309,0.107104549714403,0.0865380450691831,0.0825524313031433,0.0756703513206641,0.0973068202884589,0.105648701796019,0.113808230309721,0.0754505953228956
496,0.0442979459366316,0.107372383191853,0.0868345064866638,0.0827335907796239,0.0759936867417176,0.097621456689977,0.105998539223998,0.114126300364081,0.0757209098558186
497,0.0446080412848736,0.107713330611569,0.0872012359311071,0.0829829247701128,0.0763276838656876,0.097966755805073,0.106357257369613,0.114474164317163,0.0760271791605663
498,0.0449293450860605,0.108117862837004,0.0875848044152872,0.0832256380249095,0.0765747248190364,0.0982706456506678,0.106644804649473,0.114870573736096,0.0763115130718088
499,0.0449354853431942,0.108269567219393,0.0877747119114267,0.0833305176912384,0.0767070132451155,0.0983628801080945,0.106877223663627,0.115153359738762,0.0765203440337435
500,0.045086240958429,0.108453128940256,0.0879654420727899,0.0834723327026194,0.0768691860844522,0.0985853460591616,0.107091186919727,0.115579115782849,0.0768271616915105
501,0.0453801067127686,0.108753261536282,0.0882417449464637,0.0836573767722947,0.0771093987635018,0.0989475895509729,0.107343818929606,0.116096922369828,0.0771736008798155
502,0.0455976456391624,0.109159003306018,0.0886321755112948,0.0838155775836905,0.0774174071945727,0.099295222841964,0.107692434270563,0.116505567107552,0.0773922721462369
503,0.0456046933291405,0.10937658692172,0.0888140228131215,0.0839249242430956,0.0775019054024817,0.0994801080094997,0.107915124731736,0.116714857987432,0.0775824557623908
504,0.0456815981667464,0.109544272041382,0.0890167167633744,0.0841261370054604,0.0776219887625156,0.099670469885336,0.108141809097505,0.117005158485142,0.0778361679205396
505,0.0460562242166394,0.109837452416602,0.0894637799053622,0.0844941987020328,0.0780150017186383,0.100016967361913,0.10850566534866,0.117596042351446,0.0781900887615393
506,0.046200502663129,0.110094930845194,0.0897120961688066,0.0845902455788072,0.0781664864058417,0.100181570381785,0.108759842653495,0.117981318231207,0.0784108658739347
507,0.046291089991008,0.110354109034813,0.0898877801829192,0.0846396387444225,0.0782856459065301,0.100349391199135,0.108931692759567,0.118256152722208,0.0785929784988143
508,0.0464609712852987,0.110650561784352,0.0901182860604598,0.0848116312959862,0.0785161005848384,0.100658978176313,0.10910833838119,0.118544132508506,0.0788314948986145
509,0.0466486246257515,0.111003771093518,0.0904735038885175,0.0850838777595201,0.0787607229121481,0.101120521336752,0.109494803500745,0.118947675650876,0.0792005188993443
510,0.0468549952414372,0.111306488063446,0.0907777582466128,0.0853288630459937,0.0790469680374837,0.101463637753566,0.109826804791252,0.119377100962405,0.0795194368353537
511,0.0470757440601439,0.111552768891099,0.0910138603692123,0.0854984246625531,0.0793220402166563,0.101657887305149,0.110058037992294,0.119772718865287,0.0797561065557549
512,0.0473055271680907,0.111829299363966,0.0913067144636944,0.0856042436741508,0.0794447882862251,0.101887551515961,0.110330752873712,0.120084999637401,0.0800070674551363
513,0.0474760629664931,0.112107052145065,0.0916149321573806,0.0858089974188462,0.0796847370071607,0.102163573779735,0.110610188418079,0.1204725440545,0.0802964201381723
514,0.0476340075591346,0.11241403402807,0.0919417140531908,0.0860970506488749,0.0800094061965704,0.102469418942628,0.110921421450345,0.120932579137214,0.0806114206648087
515,0.0478548263673069,0.112780390356862,0.0922897943847672,0.0863708074625395,0.0802722236001741,0.102763457188145,0.111285952977258,0.121393423225367,0.0809164792298091
516,0.0479564886741419,0.113022419678847,0.0924935042396058,0.0864512086080789,0.0803759964387519,0.102947450666473,0.111458642647168,0.121726624350016,0.0811342518799832
517,0.0481199286490957,0.113287878565605,0.0927461302953867,0.0865650455460738,0.0805517553050261,0.103161876168969,0.111645947996388,0.122097276927239,0.0813922046563074
518,0.0484638309139586,0.113689433207463,0.0931769105305482,0.086882259721332,0.0809504524815434,0.103510286960739,0.112017688608835,0.122617789621639,0.0817713331555345
519,0.0486466869595894,0.113991205290294,0.0934341774936237,0.087095519528142,0.081212986910751,0.103806285097233,0.112311111005857,0.123005665330609,0.082038704948897
520,0.0487911463501933,0.114283535204487,0.0937106314353672,0.0872861558919243,0.0814487815798334,0.104092711067091,0.112626636120334,0.123374059711477,0.0823325702017483
521,0.0489920507324414,0.114619681213713,0.0940988687760741,0.0875143651434002,0.0817240840643768,0.104412521426026,0.112996184670485,0.123813824933172,0.0827052214122138
522,0.0492925433530099,0.114973666018294,0.09450923498676,0.087800693977414,0.0820100387341368,0.104817028848021,0.113307020615667,0.124391356373473,0.0830435267643395
523,0.0495411684194473,0.115331443924192,0.0948350486231162,0.0879938396549971,0.0822636418159049,0.105139515898023,0.113613485879234,0.124848228345761,0.0833532873574285
524,0.0497326014860654,0.115714074104883,0.0951061650651803,0.0881390296732226,0.0825011350650083,0.10539709642392,0.113947301436185,0.125214517791809,0.0836713982199371
525,0.0499620646534393,0.116170746649826,0.0954567297263625,0.0884254968638225,0.0827831256979916,0.105737066905597,0.114332403158615,0.125725242362825,0.084065637572842
526,0.050210676111154,0.116611943025169,0.0959278402041681,0.0887212212783675,0.083149034021847,0.106110849108719,0.114725173505185,0.126270454747573,0.0845259359829241
527,0.0504755259806265,0.11700970403058,0.0963640155092627,0.0889769473411363,0.0835236224162054,0.106505306692669,0.115115458755257,0.1267985434382,0.0849555502220452
528,0.0507536730114402,0.117375873597814,0.0966076092496556,0.0891843548216784,0.0838179325292979,0.106916968386639,0.115510274440972,0.1272928240007,0.0852709564968114
529,0.0510234164720589,0.117877308913598,0.0970655909760895,0.0894894015693726,0.0841713559341637,0.107376051682719,0.115970310049669,0.127941918242988,0.0857541616430103
530,0.0513378008322421,0.118419164100929,0.0975991279216623,0.0898313766139977,0.0845408844636767,0.107851986627163,0.116454835224107,0.128591544687707,0.0862783155400818
531,0.0517070374007398,0.118910131741744,0.0980608506638376,0.0901447835295295,0.0848907986237813,0.108306959381612,0.116915414926868,0.129136693175687,0.0867317665442923
532,0.0519615671585306,0.119363297516713,0.0984899706408245,0.0904231395281245,0.0852802740582908,0.108680244181758,0.117301361438551,0.129748586798407,0.0872115181829729
533,0.0522960995932954,0.119870874090599,0.0989577067167401,0.0907619617109487,0.0856892775783277,0.109136571994404,0.117749523188194,0.13043393872677,0.0877201779803266
534,0.05273601678015,0.120456781403327,0.0994880588581418,0.0911579177301827,0.0861097989594345,0.109696527985534,0.118294699529751,0.131167349890438,0.088254080842469
535,0.0530387499486305,0.121048149846909,0.100045579672275,0.0914483048918944,0.0865506877323347,0.110157790031966,0.118824146118293,0.131867007143257,0.0888027680100551
536,0.0534042484497007,0.121669023945535,0.100597037600457,0.091772266893821,0.0870237038216617,0.110663260765572,0.119377415873369,0.132632508479822,0.0893652733267394
537,0.0538181989659188,0.122303382810934,0.10113717724012,0.0921372016339829,0.0875023117712422,0.111221199122763,0.11994467736557,0.133453578268117,0.0899286160542423
538,0.0541586266609848,0.122917660741463,0.101680337306242,0.0924861736041268,0.0879377124295777,0.111775002606873,0.120495751434673,0.134261680665498,0.0904748949291393
539,0.0545511790890608,0.123612374554371,0.102286395480681,0.09288662045088,0.0884334955014254,0.112331506508716,0.121121916630534,0.135095889580383,0.091100278702929
540,0.0550060767484445,0.12437142567752,0.102947917476104,0.0933192025394038,0.0889891950537837,0.112938106710066,0.121796137217377,0.135984948805457,0.0917833065203681
541,0.0554987737234237,0.12514774331353,0.103638904733007,0.0937483898403936,0.0895733351229885,0.113628777472359,0.122466832921319,0.136949215545784,0.0924815816070261
542,0.0559840109922521,0.125906693811679,0.104349353112246,0.0941857372387144,0.0901452101701201,0.11427019470264,0.12313384254737,0.137967736749227,0.0932426016029647
543,0.0564548347489308,0.126708455692783,0.105089479938304,0.0946392678613081,0.0907419481040959,0.114930580790344,0.123849734674965,0.139001273148421,0.0940131703107002
544,0.0569291826419972,0.1275908355582,0.105863821672927,0.0951132253627129,0.0913846581915973,0.115663123954791,0.124634686311298,0.140045906085454,0.094771134798771
545,0.0574840765103431,0.12851549379996,0.106656050872485,0.0956035317391519,0.0920297358158236,0.116434618418193,0.125413055678829,0.141202555847502,0.0956043569691827
546,0.0580421682240831,0.129445608095452,0.107459456537061,0.0961035123878589,0.0926979814382971,0.117212271752234,0.126200605657226,0.142370084478602,0.0964518227034989
547,0.0585868324005862,0.130381970798734,0.108285861451216,0.0966144111968443,0.0933924268353528,0.117986232534439,0.127015701049234,0.143539162243026,0.0972942950508782
548,0.059176891763663,0.13137282332617,0.109177930580232,0.097151794616006,0.0940949664138682,0.11877296211692,0.127888519599947,0.144818865758986,0.0981561912689353
549,0.0597646613178909,0.132390541798066,0.110051928222532,0.0976598131461381,0.0948057120240728,0.119564637563652,0.128760138195528,0.146116376038975,0.0990959929773281
550,0.0603652071498621,0.133448635292922,0.110932812392908,0.0981667072468621,0.0955497558016282,0.120405859577763,0.129653087839519,0.147435941961148,0.1000804426383
551,0.0610187114292915,0.134574200624941,0.111896049445914,0.0987396801118966,0.0963607998696333,0.121359061095404,0.130625704441476,0.148824232060707,0.101030239959
552,0.0616365135161626,0.135668981318724,0.112898642139307,0.0993073367330487,0.0971177658542898,0.122239282617099,0.131588172817247,0.150267244722879,0.101999278159854
553,0.0622816381059732,0.136804763821972,0.113901690379772,0.0998659217109116,0.0978745054343392,0.123105694878959,0.132559668029185,0.151738701617833,0.102991778984975
554,0.063014237449893,0.138052207658285,0.114886046903119,0.100433616826187,0.0987056860684109,0.124051668551131,0.133574249112853,0.15322407390492,0.104008588116178
555,0.0636850870354082,0.13925761014649,0.115937569294291,0.101068804318461,0.099566333185712,0.125035479433202,0.134611653094923,0.154793724396311,0.105093932528854
556,0.064365538011684,0.140500378698405,0.117043762153318,0.101689135511848,0.100461816543649,0.12602467924571,0.13566666112305,0.156442505355477,0.10620517704541
557,0.065102125914609,0.141831712458052,0.118180248274307,0.102268955494432,0.101380766906961,0.127009966612858,0.136748933156429,0.158152117681201,0.107322848759396
558,0.0658475551086338,0.143201362502041,0.119310091471159,0.102941321792431,0.10225141895245,0.128030066329794,0.137906349675314,0.159887095008298,0.108496373406805
559,0.0666056762205257,0.144588047750298,0.120461911348395,0.103642527659246,0.103170528274509,0.129084048886806,0.139082667488222,0.161664126400087,0.109705293625641
560,0.067373530250641,0.145975250466279,0.121645225216525,0.104328966149852,0.104138640586299,0.130160274243087,0.140252124004255,0.163470594853143,0.11092755765665
561,0.0681393702423683,0.147344703124089,0.122852567160612,0.104962409041323,0.10505193497425,0.131232686433793,0.141413382497718,0.165257411597505,0.112133078009682
562,0.0689515313903522,0.148803662241419,0.124084532674689,0.105655119890416,0.106018277028463,0.132324153107836,0.142607015733036,0.167104758302809,0.113353687957979
563,0.0697824852079486,0.15032018156893,0.125332491327679,0.106382798567834,0.107038363558116,0.13343387789492,0.143827069513924,0.169021701013675,0.114593767035491
564,0.0705751790393476,0.151805192776626,0.12658526387034,0.107064965544547,0.10806781910285,0.134552382788967,0.145049508308397,0.170987487368446,0.115846906789101
565,0.0713791550172261,0.15331682949171,0.127852209838255,0.107730255189926,0.109058792493718,0.135668653448785,0.146304045760067,0.17298476594813,0.117095465421731
566,0.0721650491752362,0.154802122436505,0.129098664655037,0.108364742015188,0.110001329227622,0.136741665557626,0.147537425436444,0.174961451603411,0.118328991675289
567,0.0729134628141041,0.156233242385756,0.130312738652134,0.108972215230958,0.110919758746901,0.13776123743633,0.148720202330249,0.176902281431982,0.119552603448386
568,0.073718659875935,0.157791570333881,0.131620238874219,0.109670583839397,0.11194118278555,0.138871257489652,0.150006660409082,0.178984662691419,0.120831989941448
569,0.0745307003787877,0.159319826107935,0.132932116475803,0.11034528210245,0.112972731292147,0.140010748462995,0.151290984416006,0.181062020490521,0.122095807625404
570,0.0753127748362735,0.160747882622107,0.134189269173538,0.110949858789478,0.113952126893295,0.141117628394239,0.152510565074839,0.183058398580355,0.123309363170872
571,0.076062209824507,0.162215602192381,0.135406091307943,0.111604182965942,0.114897185262405,0.142133645268208,0.153710862606969,0.185069046563967,0.124522727340622
572,0.0768306173728733,0.163711315465065,0.136628020158786,0.112276137566889,0.115836956931376,0.143174468902675,0.154930022825051,0.187102339985233,0.125742097617894
573,0.0776157085495963,0.165204916646607,0.137871642935738,0.11292779946161,0.11677883040119,0.144255243861077,0.156147654254234,0.189152954192988,0.126950524636743
574,0.0783655271340345,0.166638470821779,0.139131857108434,0.113502115840013,0.117710172523369,0.145303341061908,0.157281483680077,0.191199176517397,0.128104719128065
575,0.0791015871900301,0.168046585415417,0.140330658140487,0.114083241776976,0.118627691085395,0.146307322705503,0.15846658080099,0.193252800628728,0.129246984135393
576,0.0798297168205033,0.169463899934185,0.141504022875825,0.114684946065997,0.119522192262471,0.147297207342901,0.159666536728508,0.195291403061948,0.130382409380795
577,0.0805495089401352,0.170921559599926,0.142727874720007,0.11529323248526,0.120389454311202,0.14831795676177,0.160793398274558,0.197291408141877,0.131506080211536
578,0.0812245319433524,0.172355996316128,0.143950324812777,0.115884712397306,0.121297935074026,0.149313846295059,0.161975908534884,0.199375310142185,0.132654754739476
579,0.081901072561788,0.173790119048788,0.145164197355067,0.116472116723457,0.122234610022446,0.150351209464354,0.16321891864308,0.201530753050279,0.133825372867604
580,0.0826180720853638,0.175247374690385,0.146381069708811,0.117070078102802,0.123181578324685,0.151482906543732,0.164499335198314,0.203717686545172,0.135000398156684
581,0.0833361372301687,0.176706349365954,0.147669026097665,0.117685604856416,0.12417250030964,0.152639299125326,0.165789299702136,0.205905869979792,0.136147217118206
582,0.0840224166666026,0.178104705837628,0.148940464676985,0.118246354958234,0.12517232213871,0.153806496887232,0.167065629185265,0.208097635497732,0.137255441169683
583,0.0846748984286868,0.179437977926094,0.150167364692941,0.118733984845694,0.126162460621498,0.154982747845879,0.168311838554077,0.210289999932138,0.13833662223091
584,0.0853524226935775,0.180821632676454,0.151447454357262,0.119230114745242,0.127168477416676,0.156202945481728,0.169526559498942,0.212489804680766,0.13945421366769
585,0.0860161419149607,0.182144650601001,0.15271516887975,0.119724293717377,0.128145537789858,0.157363305647676,0.170688171861705,0.214569689233091,0.140507885528035
586,0.0865990645193216,0.183392726089327,0.153926245156993,0.120198556018881,0.129025986108822,0.158390012361211,0.171769418240978,0.216512090106015,0.141484628530465
587,0.0870007567959118,0.184616256705885,0.155042423059397,0.1206218603897,0.129716472989047,0.159222383222421,0.172736091488025,0.218381370114732,0.142432268535475
588,0.0874148115466149,0.185702867993866,0.156011182055344,0.121048366044533,0.130212645120554,0.159817033039894,0.173573479347757,0.220007598560728,0.143302295785339
589,0.0878672421494364,0.186706680687003,0.156841340547992,0.121477095519721,0.130586405727962,0.160250622027948,0.174319042008695,0.221447969974215,0.144100808944523
590,0.0883202495013013,0.187714524970704,0.157565455605931,0.12188482174056,0.130932944754638,0.160631093351686,0.175021836840864,0.222823023087053,0.14484104880083
591,0.0886819503390808,0.188592839354926,0.158226893471501,0.122229981672564,0.131247874942213,0.160912751551755,0.17568421724925,0.224140047809525,0.145470865756991
592,0.0890747932441787,0.189360449272548,0.158804193651539,0.122566530412757,0.131585508349161,0.161163738708328,0.176235984614497,0.225369651944417,0.146021411648771
593,0.0896054166031221,0.190061488612311,0.159278502558157,0.122934640543635,0.131987011153982,0.161429893248957,0.176629005871349,0.22649894311677,0.146532237890475
594,0.0902172815920206,0.190731162432758,0.159660115280468,0.123275698916975,0.132420432813636,0.161603915516799,0.176912219615655,0.227588959633091,0.147018353587158
595,0.0908337928683405,0.191362784875828,0.160019790066122,0.123543913151528,0.132924511613065,0.161847994221073,0.177129975308858,0.228609482641324,0.14747169679379
596,0.0914353191924656,0.192011535004932,0.160427337237115,0.12378238746075,0.133517868297114,0.162263866596542,0.177409062399837,0.229625956548333,0.147926642665519
597,0.0921272227121522,0.192862588409865,0.160967775366907,0.124207352826828,0.134218564083059,0.162885062558408,0.178071150719965,0.230900566653064,0.14849797826434
598,0.0926330431368941,0.193771261191954,0.161554726068916,0.124665836389966,0.134739867267234,0.163480106780245,0.178829183358755,0.232224643441823,0.149151011148165
599,0.0929145583714118,0.194670427831367,0.162158820344629,0.125091601472779,0.135044456503346,0.163935563517411,0.179579324896728,0.233505567645685,0.149848517403034
600,0.0931027074887575,0.19553113095918,0.162783571622071,0.125459818103027,0.13527761082989,0.164213081737732,0.180315935154345,0.234709487847964,0.150539019918612
601,0.0932870405462217,0.196223068839689,0.16331130763258,0.125776260001334,0.135469379250947,0.164419581988112,0.180870872996262,0.235725113621832,0.151095195686551
602,0.0935065893527238,0.196716120373328,0.163724617062634,0.126002468388405,0.135682364651976,0.164591815937791,0.181201565340208,0.236576609862568,0.151471199355084
603,0.0938095909809914,0.19703225272362,0.164036089833027,0.126118991421411,0.13599289351284,0.164764066253035,0.181335776330853,0.237336599312293,0.151680466067874
604,0.0945180895240726,0.197249287700767,0.164169212287676,0.126350912835951,0.136539328136573,0.165089714165681,0.181411619986869,0.238014846452372,0.151898844753013
605,0.0953477869166545,0.197536751590379,0.164360506053254,0.126642943593077,0.137191758305779,0.165606648842803,0.18161514779403,0.238736539912059,0.152217977061316
606,0.0960035034189139,0.197974401663316,0.164768189563616,0.126910049067504,0.13781153376527,0.166290635831223,0.182050304726571,0.239581794414332,0.152639884869604
607,0.0964289620994104,0.198352058226118,0.165178392635808,0.127111180841443,0.138359531382622,0.166998860766426,0.182578578233561,0.240468739852772,0.152943555297187
608,0.0966912544395976,0.198623823775622,0.165644219842305,0.127242784650071,0.138891270060703,0.167756868257383,0.183160653720094,0.241342847827759,0.153179901834331
609,0.0968689794613446,0.198827315554306,0.166161858206308,0.127330317004874,0.139406219036971,0.168512229138371,0.183729114141064,0.242180894850059,0.153397793504597
610,0.0970743407949711,0.199146142160757,0.166634747846098,0.127454782816169,0.139812355331627,0.169070487708578,0.184151800245038,0.243002485873202,0.153652516141465
611,0.0971905150969771,0.199376687743862,0.167073629230884,0.127514045803074,0.140135496423057,0.169539963225375,0.184525768538076,0.243760505811052,0.153855033777893
612,0.0972113285298947,0.199497205834858,0.167505506326011,0.127489550206273,0.140418197597445,0.170001138793998,0.184849496123833,0.244477624653636,0.154002685080402
613,0.0971906937770765,0.199589978231624,0.167977804810907,0.127412824166848,0.140720217070092,0.170533092611506,0.185077257865975,0.24522192590326,0.154142765238133
614,0.0971673266267802,0.199809297954941,0.168428530245701,0.127447412889824,0.140879738938405,0.170882312244436,0.185296220844824,0.245894142184368,0.154271548527053
615,0.0971193722182106,0.200085166024303,0.16883913498578,0.127524050190185,0.140921515860765,0.171072162657211,0.185538964158251,0.246508683639744,0.154406990400023
616,0.097012874396768,0.200313650994631,0.169222994458576,0.12753565221893,0.14092958787169,0.171219698012282,0.185827712335594,0.247116957506657,0.154574838039161
617,0.0968721264973197,0.20062779990067,0.169695869854641,0.127594805276565,0.141006066377365,0.171500525545735,0.186210045712727,0.247756986972413,0.154816397271496
618,0.0966857092033799,0.200977540884881,0.170212333876949,0.127682238750075,0.141046050020531,0.171729283276866,0.186642418464835,0.248431046102392,0.155082270613569
619,0.096468017486904,0.201294743392377,0.170691173295883,0.127766483121679,0.14096759257341,0.171759280897439,0.187022325481576,0.249086990970591,0.155327976275845
620,0.0963139208927719,0.201496192971845,0.171000092459875,0.127809139515372,0.140823623643551,0.171658090531728,0.187102303138671,0.249530794331357,0.155551903496685
621,0.0961951033307674,0.201681838559794,0.171146750226458,0.127884838284039,0.140474224007612,0.17130205568395,0.186994381871137,0.249848755373154,0.155694424106929
622,0.0960567867125274,0.201891891022674,0.171233574424744,0.127995217908192,0.139980275024503,0.170764550810988,0.186841166129749,0.250126408672933,0.155803874376945
623,0.0957932493000335,0.202105455354537,0.171499393513667,0.128053403906337,0.139642356917006,0.170344125079712,0.186842078356838,0.250468101333483,0.156076163155822
624,0.0954628817768695,0.202332292618704,0.171913462626287,0.12810799786682,0.139437151349787,0.170167427987215,0.187002393981605,0.250894962432187,0.15642312190498
625,0.0952037104245389,0.202555242292352,0.172352251443877,0.128172289183392,0.139348558230368,0.170163511264183,0.187214381330052,0.251372521667919,0.156758460958366
626,0.0951925181051716,0.202744515314885,0.172622904368783,0.12824475340564,0.139335447461438,0.170134065712053,0.18729940590754,0.251824335976612,0.15698719611569
627,0.0952285555538758,0.202978597030824,0.172845857514622,0.128296352177127,0.139315595088688,0.170149570166504,0.187440870377342,0.252307392483822,0.157270483000119
628,0.0952911574073355,0.203233067588769,0.173066540203318,0.128371018548712,0.139337580712622,0.170201014910396,0.187597077770931,0.25280616695865,0.157568402964833
629,0.0953904041840597,0.20346220911159,0.17330550889034,0.128502080023327,0.139458256728493,0.170276127761169,0.187701189589154,0.253296258890098,0.157822722021931
630,0.095491891156104,0.203628416322633,0.17353194926659,0.128597977104102,0.139616854311444,0.170399282263418,0.187781153679053,0.253784504437217,0.158107490064688
631,0.095618767727889,0.20379105469819,0.173729546287777,0.128678710874106,0.139827540098665,0.170574904111067,0.187920231103491,0.254247484543737,0.158368167406827
632,0.0958013599540444,0.203981001424541,0.173906576753869,0.128761958494361,0.140089124946693,0.17080501188068,0.188138867316684,0.254682904792323,0.158591039064868
633,0.0960857451229264,0.204150306848345,0.17412269143287,0.128841533341059,0.140347635863469,0.171088639778537,0.188320626768137,0.255128887336396,0.158866298500358
634,0.0964234514234598,0.204372779302861,0.174341639647223,0.128942714862614,0.14069417351399,0.171444718600462,0.188514030831088,0.25560875148984,0.159141886702416
635,0.0967619084764916,0.204636437855436,0.174546422876981,0.129055443448511,0.141107686623988,0.171843884036885,0.188743747895156,0.256105926358962,0.159395411906883
636,0.0970342242414632,0.204851267611492,0.174732308361104,0.129135724188757,0.14146387657592,0.172206940042565,0.189020537728308,0.256562989893652,0.15962375324909
637,0.097331536801376,0.205075783521366,0.174911754000796,0.129217872941971,0.141846635889192,0.172634230987012,0.189349834438152,0.257025056981656,0.159852504453296
638,0.0976530276356703,0.205321994131693,0.175097033552741,0.129320336204559,0.142274948256739,0.173104398610165,0.189716629915299,0.257527629907062,0.160088161203169
639,0.0979649721204083,0.205588977738868,0.175298597869003,0.12945557944929,0.142736454820595,0.17355127753609,0.190097283187552,0.25809797546603,0.160336608147586
640,0.0982590331740495,0.205896070532328,0.175507955854148,0.12962342871667,0.14312693060395,0.173947542682494,0.19049431899445,0.258706390600594,0.160685745698923
641,0.0985232980540769,0.206219267901606,0.175713096119755,0.129781732178964,0.143430583258057,0.174286594064775,0.19088254653954,0.25928587746913,0.161046205302391
642,0.0987474549328974,0.20653719421249,0.175909436142743,0.129906706159016,0.143668038796046,0.174572735388493,0.191238035903241,0.259800870258446,0.16133821117196
643,0.0989123252363233,0.206855326944689,0.176122637859292,0.130060066489627,0.143919466292395,0.174819823324378,0.191539889362845,0.260344333616375,0.161614062200483
644,0.0990849603840611,0.207229118163026,0.176324183630498,0.130241433840638,0.144172450419299,0.175043046940612,0.191873302077625,0.260879366521055,0.161922336170148
645,0.0992857157114981,0.207645676764048,0.176513455966042,0.130435694220404,0.144406085570226,0.175254819767588,0.192252345056955,0.261396996097974,0.162269579634178
646,0.0994569436941327,0.207968366059053,0.176745202228172,0.130603119733007,0.144584899462722,0.175470943143224,0.192568018200329,0.261949350958613,0.162596801075835
647,0.0995965629720576,0.208253106439189,0.17696896491723,0.130764896815624,0.144746017226185,0.175640882637321,0.192842201590679,0.262469404866462,0.16289451411995
648,0.0997123824128962,0.208543614844974,0.177169554892376,0.130929757852633,0.14489335979165,0.175774316808602,0.193099088891959,0.262964358403134,0.163166622225592
649,0.0998229246980494,0.208886809342084,0.177351485347566,0.131100668910832,0.145010574499759,0.175921815336879,0.193372707444453,0.263489312431918,0.163429846126154
650,0.0998965599656045,0.20917134202254,0.17755644688366,0.131211371318552,0.145125165601706,0.176023435248474,0.193573072443923,0.263922615619905,0.163607702603799
651,0.0999780074970478,0.209406380567446,0.177768049849194,0.131300606417845,0.145250669768938,0.176120990990113,0.193738134065662,0.264340883680289,0.163777471956004
652,0.10011515078326,0.209631400114904,0.177958593021534,0.131425853030045,0.145390351346755,0.176270188221817,0.193931678924642,0.264849731324404,0.164028895160648
653,0.100209501679694,0.209829551285768,0.178170729951619,0.131528794803812,0.145515281333817,0.176401332505256,0.19410345467702,0.265297652264474,0.164181777002118
654,0.100249640546942,0.209971038479771,0.178349404639092,0.131585545438088,0.145586399717786,0.176497063804015,0.194245173450322,0.265717966918036,0.164257048662125
655,0.100255105981781,0.210054405878114,0.178470897053474,0.131605548829948,0.145599880086224,0.176566856654824,0.194359967085192,0.266151623077693,0.164291559758882
656,0.100298183859418,0.210162279740594,0.178628536297062,0.131680865923309,0.145648030684095,0.176674336846847,0.194466770245124,0.266596005266278,0.164289994693332
657,0.100371310567356,0.210276221309939,0.178821166306947,0.131785842916589,0.145733803161658,0.176825762491335,0.194579253319891,0.267057785526609,0.164274082560107
658,0.100445256813521,0.21037103042594,0.179015396622963,0.131876768627673,0.145821046724582,0.17698062080407,0.19468695214079,0.26752905138297,0.164242100160934
659,0.10045483050134,0.210405228321489,0.179124491775047,0.131869696023423,0.145808211510069,0.177022162524265,0.19474423114666,0.267983552060135,0.164159378571481
660,0.100452226667221,0.210433381599216,0.179237302568493,0.131904214021403,0.145817366698599,0.177074275128204,0.194778413117594,0.268398545925921,0.164049645454822
661,0.10045250301202,0.21046072443763,0.179368014857796,0.131965539196752,0.145857265074326,0.177156872763197,0.194808911787727,0.268806583361069,0.16392857661177
662,0.100455718225479,0.210469832369614,0.179497867815477,0.131967083003906,0.145881842406046,0.177242357953049,0.19485347774164,0.26926997576647,0.163810774461492
663,0.100454405660476,0.210466946087043,0.179634299971182,0.131985379214549,0.145842990851998,0.177314332402783,0.194898184192042,0.269762814064482,0.163711561477343
664,0.100457002760092,0.210445425089652,0.179764136871158,0.131996007747481,0.145794935788065,0.177361275128736,0.194925040094213,0.270229445533138,0.163612181727624
665,0.100469499151673,0.210404410486038,0.179875919516851,0.131972205658321,0.145792312301916,0.177389355517362,0.194926080819497,0.27063440796875,0.163496694036203
666,0.100465909581961,0.210376998564864,0.179983573124798,0.131982892449149,0.145758389757412,0.177483268659452,0.194942414682077,0.271078918263235,0.163403967546043
667,0.100469579622495,0.210387675899346,0.180113628733098,0.132018994657262,0.145727818333231,0.177569372057791,0.19498953882044,0.27154737585364,0.163333517593789
668,0.100488424960053,0.210431635267529,0.180269503504037,0.132064267334167,0.145722056231529,0.177612147319623,0.195070422944295,0.272017402892334,0.163292555800292
669,0.100486960264141,0.210440186408399,0.18040360801847,0.13209972890953,0.145715821145436,0.177675654569365,0.195174711795087,0.272471295683616,0.163322756195953
670,0.100501611522217,0.210462758961116,0.180539942700402,0.132123115686474,0.145745563432054,0.177764611721142,0.195252167076505,0.272908360748943,0.163334704275968
671,0.100540876124978,0.210522479901802,0.180687923727704,0.13215272004618,0.145807283719159,0.177878265663848,0.195312661439581,0.273345309423008,0.163332299444198
672,0.100590021819259,0.210625513355172,0.180846412565828,0.13222889064101,0.145859959437945,0.178008140877998,0.195422107640472,0.27381793734134,0.163403168225702
673,0.10067527246416,0.210724988941654,0.18103950821648,0.132323781110664,0.145954001525946,0.178153144505604,0.19555101362779,0.274294607850244,0.163478166487151
674,0.10077862585182,0.210858511617151,0.181247367132783,0.132420392512815,0.146077574429527,0.178305471152666,0.195701845875746,0.274777952360344,0.163567090956916
675,0.100867834802717,0.211081873201257,0.181439201002049,0.132507600352716,0.146199739060296,0.178457529346269,0.195880913355179,0.275276033876494,0.163701048860171
676,0.100939425250013,0.211302371459487,0.181653198092641,0.132610774149817,0.146330326169377,0.178626427984751,0.196041734983301,0.275731051242515,0.163853319189164
677,0.101027078767539,0.2115369413272,0.181864535373026,0.132722259286153,0.146474521340742,0.17879638081708,0.196211445172352,0.276177856190983,0.164008649717598
678,0.101151606009271,0.211805867753868,0.182054931326991,0.132829037982018,0.146636422444575,0.178960097469235,0.196407606790142,0.276648781589169,0.164164930934207
679,0.101265333805375,0.212076412859443,0.18224824796397,0.132905132254877,0.146807731289736,0.179149920915983,0.196561265727581,0.277113929729345,0.164345473830627
680,0.1014237958421,0.212396180968858,0.182497523602841,0.133038616387338,0.147053681619534,0.179386362305184,0.196797428356455,0.277616455956869,0.164611118198683
681,0.101636765496244,0.212789829414329,0.182812366403384,0.133254420974852,0.147381664576221,0.179662645840543,0.197142046233426,0.278143180142226,0.164975835750683
682,0.101843021793385,0.213249257239338,0.183142987197375,0.133491054681285,0.147715929530499,0.179929875125094,0.197469138202035,0.27858085272887,0.165383854896186
683,0.102060148260732,0.213777884147534,0.183459186677087,0.133694272252153,0.14803167961287,0.18020643773464,0.197819500780091,0.279055467773039,0.16585107826586
684,0.10231113421533,0.21437418666138,0.183786903087264,0.133897481907982,0.148377398096669,0.180515195216557,0.198223037384235,0.279576868670398,0.166416353527357
685,0.102624550280039,0.21503194890728,0.18418631683352,0.134186395669475,0.148847590727687,0.18088427984456,0.198710668676614,0.280093954836655,0.167133156879859
686,0.102943862584775,0.21572980597232,0.1846057325792,0.134463745084832,0.149365605156351,0.181275662325539,0.199244479929341,0.280571438874038,0.167928866400585
687,0.103306563698868,0.216489927501765,0.185056473573618,0.134774236278026,0.149910628302148,0.181703166739189,0.199830454951757,0.281059273077534,0.168825096998617
688,0.103745578748032,0.217333728258309,0.185548599658658,0.135169532578401,0.150477981345463,0.182179441599493,0.200476552122834,0.281606794270279,0.169848531048018
689,0.104145794101125,0.218232044832656,0.186010285151997,0.135555791006307,0.151083304685444,0.182645265574554,0.20115472236306,0.282140217107266,0.170945250909585
690,0.104559462428269,0.219152729326237,0.186493148623091,0.135966991041763,0.151751434036853,0.183144067789148,0.201851446178348,0.282653788404576,0.172086766244313
691,0.105020038392369,0.220085744595625,0.187022601734943,0.136422621643015,0.152479926806927,0.183689982963094,0.202564790644622,0.283162322675349,0.173267926483798
692,0.105492427065281,0.221074306658684,0.187546805623479,0.136887238029416,0.153207322095589,0.18421504954008,0.203319931026666,0.283718542380579,0.174537241864972
693,0.105982987155069,0.222056905486448,0.18807983068481,0.13738709648333,0.153943528131831,0.184742139822333,0.204072564679466,0.284277539620477,0.175817719825924
694,0.10647661191942,0.223010305184135,0.188614288957146,0.137900848289463,0.154678202983681,0.185275369735299,0.204808871449848,0.284819903878943,0.177086661898921
695,0.10693855615933,0.223942180700598,0.189124317573909,0.13836205450204,0.155383984681462,0.185805973757169,0.20554121767061,0.285345079009177,0.178367101117538
696,0.107359374682195,0.224834975238636,0.189620757811637,0.138828334262567,0.15607889148921,0.186299367708301,0.206232747999412,0.285853063329873,0.179630367007464
697,0.107757277573979,0.225703813769485,0.19011640271075,0.139311106922602,0.156772455341551,0.18677194647763,0.206898171715213,0.286354031303558,0.180892773158625
698,0.108160240725435,0.226566977277244,0.190619327216934,0.139802910330269,0.157464584466428,0.187253301138321,0.20756843672223,0.286858805262409,0.182180110279736
699,0.108565605887221,0.227350599769942,0.1910719883271,0.140264895076064,0.15809000213257,0.187703339311776,0.208235108938873,0.287335042999614,0.183450555348905
700,0.108950750432403,0.228110355138485,0.191528198300421,0.14071554338011,0.158687493845478,0.18813958822626,0.208889966472447,0.287846141852475,0.18469928985613
701,0.109305904424801,0.228884673437759,0.192021405389454,0.14117160015035,0.159291273314763,0.188575370862358,0.209526136668114,0.288420243100083,0.18593075196596
702,0.109676916966707,0.229599099906049,0.192475188376023,0.141618924752422,0.159874637193676,0.188983122765269,0.210146327747697,0.288934656000093,0.187168318671588
703,0.110007589082774,0.230273323136347,0.192887441913099,0.14204583335435,0.160431372006846,0.18939012814862,0.21072452316349,0.289445126753002,0.188351990570578
704,0.110291172150381,0.230925882025927,0.193272534386046,0.142452915228375,0.160960396319342,0.189799449457245,0.211251732387485,0.289968828348148,0.189456549088049
705,0.110589467041895,0.231577505444298,0.193664802547042,0.14285753242419,0.161466182600667,0.190178044841339,0.211734781902203,0.290469219235731,0.190498788817614
706,0.110881370321791,0.232193377788856,0.194092429623421,0.143252020616862,0.161953454511684,0.190566536867673,0.212240497171643,0.290960410948773,0.19149478126659
707,0.111149371726722,0.232759116748151,0.194511542830005,0.143621145361644,0.162410529642758,0.190940764868786,0.212729257258397,0.291430687088899,0.192430865944238
708,0.111378099404553,0.233272538417313,0.194845630843403,0.143949166018884,0.162821826404946,0.191249214880656,0.213114773908598,0.291861722337017,0.193282363656019
709,0.111632577136485,0.233780607342155,0.195201927038506,0.144306639684838,0.163265164976494,0.191548775500105,0.213532548110302,0.292328805361029,0.194133389894455
710,0.111886952549916,0.234289347183807,0.195570591777604,0.144682575500452,0.163712914603302,0.191854667879731,0.213966675912312,0.29281942766766,0.194967832153794
711,0.112111582746707,0.234794699249878,0.195926843496062,0.145049339181581,0.164130462489686,0.192172876983385,0.214381226042712,0.293306534269675,0.195753371130386
712,0.112346115280122,0.23529067529975,0.196290340746118,0.145386325148344,0.164556384441351,0.192509745419542,0.214798230104052,0.293789815940416,0.196479131517519
713,0.112590475548764,0.235772933250908,0.196646886431464,0.14571631951796,0.164969007522888,0.19283975696114,0.215202690517749,0.294255537772711,0.197184387504137
714,0.112841977424143,0.236249486648964,0.19699713658792,0.146051781690551,0.165366231694047,0.193149267770327,0.215589249529826,0.294704639004756,0.197891789402037
715,0.113101164722366,0.236756501265513,0.197376662916142,0.146384124647921,0.165795319544485,0.193448514658662,0.215968030340813,0.295162184445566,0.19859394010162
716,0.113330794073222,0.237232294324015,0.197729332102758,0.146697631017571,0.166164205618248,0.193710347996942,0.21636326361791,0.29563515465759,0.199253471133678
717,0.113533897332341,0.237679214932565,0.198061397930534,0.146998113110336,0.166498476846901,0.193968171735905,0.216758910386986,0.296109230797362,0.199870975254632
718,0.113741732679122,0.238141053759028,0.198419496203439,0.147306432833327,0.166902408663062,0.194297072620304,0.217109420135418,0.29655203446221,0.200473073210537
719,0.113963291505011,0.238588316629539,0.198748201940719,0.147602588576005,0.167286646160956,0.194600773721508,0.217459302385349,0.29696089557247,0.201098150078073
720,0.114198141477944,0.239030594530657,0.199076109051858,0.14789304859624,0.167658156948424,0.194875284524935,0.217817852419911,0.297381426339374,0.201725782712442
721,0.114440566312973,0.239484382823007,0.19944023893501,0.148193018744632,0.168043701012486,0.195145617597974,0.21818378191086,0.297859036356399,0.202327908304265
722,0.114682730480086,0.239950546326305,0.199789854973927,0.148530231948691,0.168437699663436,0.195456684003648,0.218556622101622,0.298356870520595,0.202956641797795
723,0.114915748117829,0.240398260143306,0.200115838801286,0.148861084003444,0.168816938731688,0.195758973785631,0.218897714433357,0.298810545986444,0.203550019262994
724,0.115133512194889,0.240821315954746,0.200424706993702,0.149159038202379,0.169174193148073,0.196024083672048,0.219205263856618,0.299212761802152,0.204089570967633
725,0.115329478847009,0.241276516148213,0.200748241009907,0.149444869347849,0.16954264749787,0.196288564573891,0.219574003885741,0.299700736623264,0.204682986033832
726,0.115545326080963,0.241735047797597,0.201077749151683,0.149748227461239,0.169904758621866,0.196558309353922,0.219934237339693,0.300152427744056,0.2052596696574
727,0.115774741121907,0.24218321377321,0.201407619196591,0.150071184353844,0.170259388124084,0.196830927601616,0.220265450373757,0.300546006480835,0.205802213726323
728,0.115966273640067,0.242616496333747,0.201732002859589,0.150390278194471,0.170618610110922,0.197094279408303,0.220586191836881,0.300943389791296,0.206336246844409
729,0.116174320619528,0.243072977354505,0.202100458783914,0.150677921885397,0.170968178008971,0.197368367581749,0.220895894737263,0.301341007090083,0.206826255418226
730,0.11640138889286,0.243532244564058,0.202477689476813,0.15096875187209,0.17132787467694,0.197654720173362,0.221210480391055,0.301742567427428,0.207311088387796
731,0.116631303727391,0.243956837339657,0.202806433051705,0.151305869934534,0.171717391013498,0.19794503983381,0.221544236450616,0.302150350467672,0.207840157837199
732,0.116841164465865,0.244349094256416,0.203112973768408,0.151600861464703,0.172055231904161,0.19820487159226,0.221852767425227,0.302558562159531,0.208332274094797
733,0.117052607176617,0.244773358058039,0.203440994441522,0.151894886564206,0.172405552568093,0.198475151381198,0.222184268378496,0.302976325626589,0.208816430855664
734,0.117279310933346,0.245245698028193,0.203803037096306,0.152214537483121,0.172810479098654,0.19877951026036,0.222553973425982,0.303400478313545,0.209310459007747
735,0.117497271441556,0.245619106655213,0.204115252000119,0.15249445897518,0.173204415777211,0.199065245016848,0.222844571806832,0.303779334972778,0.209757766632455
736,0.117706369198118,0.246011028705683,0.204443972803589,0.152801056128215,0.173585079016266,0.199370527553595,0.223172308067967,0.304200985939695,0.210210647866116
737,0.117917229397797,0.246451128612969,0.204794427719322,0.153133785935895,0.173949113189293,0.199680506778349,0.223538046967209,0.304659996630322,0.210674706937386
738,0.118155576743992,0.246875663912152,0.205104109793627,0.153415451295737,0.174291471403883,0.199915955226716,0.223810506771117,0.305044587694732,0.211103299271712
739,0.118389276726762,0.247300581828662,0.205403827720366,0.15372932675265,0.174646928124935,0.20019812655856,0.224124556250305,0.305424427252586,0.211542394041352
740,0.118610463325266,0.247721228525662,0.205717581679288,0.154052872549599,0.17500410243885,0.200497850075897,0.224452534977954,0.305812399032395,0.211979419090576
741,0.11881880987552,0.248129748811683,0.206065444831437,0.154331305603055,0.175335935672891,0.200735982723317,0.224719088072001,0.306200473938644,0.212386564559562
742,0.118991392674067,0.248543577431604,0.206426685039901,0.154618618190784,0.175659618038912,0.200960971532559,0.225030784561901,0.306560544468652,0.212825575793136
743,0.119189123553073,0.248971554117018,0.206772537205625,0.154932063441168,0.17601545362704,0.20122057028793,0.225358863867453,0.306938223734857,0.213267568669617
744,0.119442679284553,0.249410987014718,0.207089354823414,0.15526853362982,0.176417624310894,0.201532951433549,0.225671516439936,0.307356882283698,0.213685678266072
745,0.11964550619025,0.249827722694349,0.207412188351293,0.155579768176105,0.176789037833652,0.201828717564442,0.225996372968076,0.307738971450995,0.214106366028553
746,0.119857713061083,0.250234432753802,0.207735420756662,0.15587915849487,0.177152504779061,0.202096364741411,0.226310755495922,0.30807997155037,0.214505885571326
747,0.120092680962532,0.250656449395692,0.208055953882779,0.156179841596494,0.177516918877047,0.202349831300186,0.226600851466171,0.308391444048288,0.214885576600876
748,0.120303357151022,0.251144571179005,0.208372098550316,0.156496808043211,0.177872942975538,0.202637933130162,0.226858437450624,0.308700832232045,0.21527958360459
749,0.120513018956881,0.251578581570666,0.208718542687784,0.156804186449098,0.178233467601638,0.202922087589157,0.227162203629928,0.309084188702666,0.215678861485164
750,0.120714654929836,0.251961014770371,0.209071338142382,0.157105501548886,0.178583141344516,0.203199902249847,0.227492184101723,0.309494996335828,0.216074798003519
751,0.120897824904232,0.25234774754418,0.209387310080308,0.157416444436932,0.178903277099103,0.203482980868306,0.22779018594599,0.309841236645951,0.216461584566553
752,0.121144151291302,0.252738865924264,0.209726667505649,0.157732461499386,0.179281094245532,0.203776285398797,0.228109126790464,0.310231610512712,0.216887416084542
753,0.121394665709269,0.253149700350298,0.210081598512071,0.158045745333447,0.179673230053399,0.204042423162436,0.22842205212455,0.310595610775794,0.217295955126444
754,0.121599211654456,0.253585281975086,0.21042927310829,0.158355181586209,0.180035228836483,0.204271124201325,0.228704711168874,0.310880755106172,0.217649122270791
755,0.121820084370358,0.2540174256447,0.210730089704158,0.158681084887783,0.180388552847701,0.204565798543886,0.228980714721933,0.311185993230161,0.218025950215009
756,0.122034608359643,0.254422878916475,0.21103294815752,0.159041528709701,0.180791018509185,0.204884271483229,0.229268224688649,0.311523828971499,0.218426657432496
757,0.12223707586926,0.254808147861908,0.21136225084245,0.15941765239829,0.181228308712222,0.20520331647508,0.229579715815004,0.311884055206281,0.218834942645882
758,0.122444406642077,0.255219404022502,0.211712724024517,0.159735772030482,0.18158311671337,0.205526947604816,0.229926818806499,0.312227330450499,0.219211936810842
759,0.122657835679085,0.255629323349467,0.212041136264021,0.160057081693267,0.181943033497842,0.205823356613134,0.230224597948077,0.312555403066437,0.219564065726819
760,0.122876524675725,0.256047144734753,0.212361763317659,0.160388425845134,0.1823103602182,0.206096964154337,0.230485958227038,0.312866450724933,0.219910249569482
761,0.123099957222838,0.256493044267967,0.2127131949401,0.160718975067401,0.18266028700378,0.206374458415739,0.230770271053102,0.313165062335758,0.220277638181379
762,0.123360597218573,0.2569488501359,0.213085854657169,0.16109504347613,0.18306311214031,0.206733236084859,0.231114493051086,0.313520473844284,0.22068165237748
763,0.123610064148256,0.257351203107982,0.213430069700362,0.161463191937645,0.183463499436641,0.207063970255133,0.231447001360664,0.313872551332973,0.221083241335019
764,0.1238132093794,0.257679972181245,0.21372352951337,0.161783145756159,0.183823563804464,0.207294200165547,0.231715675035871,0.314172003322031,0.221451685893705
765,0.124020745111565,0.258078240634972,0.21405511790253,0.162113357780146,0.184242466877559,0.20758289170821,0.232000648473769,0.314481986825429,0.221819568419277
766,0.124240226880649,0.258505032100785,0.214411241258921,0.162451932440697,0.184643186323916,0.207867445789081,0.232267459498092,0.31479031292921,0.222163470508327
767,0.12446958347946,0.258929678528254,0.214767191298355,0.162799006371572,0.185007600697805,0.208143049837977,0.232526275727118,0.315089621616759,0.222499317391295
768,0.124694220088966,0.25933312466851,0.21508085878845,0.163159621117803,0.185395350053852,0.208487294505525,0.232851021369473,0.31537864553654,0.222898468471376
769,0.124925294977218,0.259742660711125,0.215394984732921,0.16351217959634,0.18576911599104,0.208794014286288,0.233161318196438,0.315670096835387,0.223303416683162
770,0.125162593664158,0.26015772331294,0.215729345844886,0.163858082076237,0.186138497091423,0.209067577757494,0.233445095345663,0.31594880174691,0.22368382253956
771,0.125399919831117,0.260565667056709,0.216089467861604,0.164211010753451,0.186528136737586,0.209356925960842,0.233721697396186,0.316193547984547,0.224025777303254
772,0.125613174956397,0.260948813799078,0.216419872966676,0.164604878329928,0.186921211491392,0.209671004170685,0.234044070074539,0.316451296357093,0.224397526727381
773,0.125847134268948,0.261365918512936,0.216756543446446,0.16498996800309,0.187322082050237,0.209983524506062,0.234369915991648,0.316735810041013,0.224781731840121
774,0.12612805754788,0.261843562415801,0.217127684787964,0.165337471297123,0.187732554578714,0.210282181410032,0.234670581636885,0.31705105509052,0.225160636986786
775,0.126400439545651,0.262282214360752,0.217500221884636,0.165726496185386,0.188142389524399,0.210622052496136,0.235015438359061,0.317399358630217,0.225565186619242
776,0.126641939195679,0.26267314207737,0.217835520437164,0.166097310238889,0.188517791619627,0.210945886279066,0.235317458413797,0.317717166118222,0.22594132718333
777,0.126856127945593,0.263054536651298,0.218149997895116,0.166448231359576,0.18888675392079,0.211246710833569,0.23557936233743,0.317996028194267,0.226282938443718
778,0.127075558528439,0.263524160237875,0.218525223257925,0.16684444431409,0.18935431997523,0.211574749808632,0.235907781150352,0.3182903939558,0.226637486218298
779,0.127315580676844,0.263980394813491,0.21892006925888,0.167250738759027,0.189776536365326,0.21191364780969,0.236232363170702,0.318566664502,0.227001407817806
780,0.12756942356298,0.264407278736707,0.21929410861285,0.167649960704311,0.190159017708375,0.212234884768038,0.236546372810624,0.318828857249412,0.227387913257021
781,0.127817301660938,0.264818110312833,0.219612510930352,0.168031741622053,0.190558644373868,0.212514155882911,0.236860540100427,0.31908621797155,0.227802823473445
782,0.128025023842084,0.26520350869627,0.219909111564716,0.168401630665206,0.190970580213217,0.212814912511894,0.237153591503132,0.319274896579469,0.228160457092685
783,0.128240014384477,0.265608953673557,0.22024639202411,0.168778988393967,0.191385178271094,0.213149381925577,0.237441028568161,0.319485388284089,0.228497141071362
784,0.128499575008219,0.266058690972851,0.220638924210623,0.169181093574429,0.191799929592632,0.213502779779215,0.237736451583882,0.319771240348497,0.228850191734705
785,0.128797024524941,0.266511564107436,0.220964847210405,0.169627804913325,0.192237998642971,0.213803444281967,0.238038611396847,0.320047864936147,0.229216926419819
786,0.129066742305698,0.266933847590386,0.221302733062923,0.170015474713098,0.192664436167838,0.214123720639396,0.238325144275263,0.320297493821065,0.22959212933673
787,0.129304878979978,0.267354245912146,0.221684369617256,0.170381151462049,0.193083745807296,0.214470834825145,0.238612424309257,0.320539025128831,0.229983298234035
788,0.129563909440474,0.267860555871733,0.222103146898413,0.170891810892061,0.193535601231631,0.214794429580723,0.23895254040706,0.320827809060964,0.230409043850134
789,0.129814942513362,0.268288340152602,0.222491175505305,0.171316573136641,0.193978247177709,0.21509596968745,0.239281020678575,0.321096277721572,0.230799183216546
790,0.130077093747203,0.268692772399639,0.222852853022945,0.171704556872019,0.194426063879062,0.215436568738653,0.23960009300121,0.32134847393776,0.231165188818294
791,0.130367937935564,0.269167025773579,0.223217266198311,0.172160337059747,0.194895986128122,0.215862395769767,0.239925333648136,0.321603560983686,0.231542795260284
792,0.130610774374184,0.269596360633906,0.223609960533897,0.172573252347706,0.195308268897765,0.216204221105832,0.240223085850526,0.321836758032101,0.231947959788023
793,0.130857445154655,0.270029707643421,0.223986713857127,0.173022673778078,0.195765050458868,0.216536684193027,0.240539474387468,0.32206018729073,0.232344514719559
794,0.131134264100048,0.270490558324556,0.22433173247677,0.173529923630857,0.196294134347435,0.216898950403363,0.240892990312323,0.322283943201318,0.232719441514743
795,0.131392164955695,0.270915394617776,0.224695507278208,0.173957142215288,0.196734207470835,0.217204437317239,0.241237160945301,0.322506823645221,0.233117517292469
796,0.131642549761265,0.271381766585841,0.22509975968518,0.174406384514748,0.197173036951801,0.217550453139495,0.241547134334297,0.322741813960517,0.233516545685609
797,0.131913586346491,0.27187691673308,0.225515428930194,0.174889537996947,0.197618038867599,0.217923553671355,0.241844914704715,0.322974815246266,0.233912964028947
798,0.132242172090244,0.272330752031649,0.225878473860839,0.175364098211981,0.198034208586878,0.218242935948278,0.242183962968402,0.32317450946359,0.234311864705534
799,0.132511073242301,0.272776865780665,0.226266454862286,0.175811085237278,0.198496555364441,0.218588932609532,0.242493296973726,0.323369064723526,0.234676985790749
800,0.132722521845992,0.273220019249381,0.226649776361617,0.17626625981327,0.198987842548731,0.218970168246787,0.242793643444629,0.323573307662214,0.235041184097365
801,0.132929388183418,0.273661860937145,0.226998938728839,0.176760059789657,0.199474486449418,0.219372031158893,0.243121118282772,0.323799169474178,0.23544009368185
802,0.133273832898397,0.274109297253603,0.227386981591061,0.177237432760528,0.199951993597785,0.219757777504425,0.243489586645377,0.324064379157682,0.235849789920655
803,0.133611828654207,0.274587360899837,0.227802903750152,0.177722223790844,0.200415966098039,0.220111531652368,0.243852474543311,0.324315739657004,0.236268831476777
804,0.133890209039148,0.275080342194274,0.228215142460898,0.178220900578997,0.200880619100013,0.220439983001623,0.244183790688227,0.324535040167106,0.236684794560003
805,0.13420536274599,0.275502104272067,0.228555720147997,0.178710949503004,0.201392416910742,0.220779546567191,0.244483795173789,0.32475943345403,0.237063923255168
806,0.134518458990787,0.275996377766846,0.228967455013835,0.179203561293954,0.201902870723718,0.221161299202512,0.244835586758516,0.324964897559381,0.237461889855013
807,0.134808357010196,0.276518323873978,0.229410338111096,0.179692192933216,0.202395415646112,0.221566518398629,0.245217244926197,0.325166424571769,0.237872236581889
808,0.135065240444188,0.276957053972824,0.229778844074787,0.180167508220268,0.202870286838081,0.221951775039276,0.245560255685636,0.325390354792528,0.238263502016626
809,0.135348006431529,0.277441040688553,0.230200064774858,0.180653785351551,0.203350494942985,0.222300305607417,0.245854329982217,0.325591494037226,0.238637018566803
810,0.135648608447352,0.277980684217153,0.230630171101262,0.181175804756642,0.203865197554426,0.222657465653416,0.246176546195547,0.325805843511548,0.239033569533556
811,0.135948413324856,0.278542493693102,0.231029037600564,0.181727937059039,0.204414868453956,0.223052489376863,0.246563944206159,0.326046990562811,0.239473045365783
812,0.136222334098617,0.279018133984676,0.231434331661635,0.182214364980239,0.204921911754677,0.223442785448786,0.24690084797106,0.326224537132525,0.239906265485441
813,0.136540041794741,0.279460813911795,0.231848793350487,0.182713049556444,0.205383671632393,0.223823718740714,0.24724363604789,0.326431514542074,0.240296859807328
814,0.136883285209813,0.279910649343174,0.232256971884123,0.183245154691947,0.205845307855695,0.224200223054622,0.24760883811378,0.326669564063938,0.240664542179615
815,0.137152899062956,0.280399170078536,0.232625733005632,0.183781837852621,0.206398949544201,0.224587191567763,0.247978975494562,0.326857510937959,0.241082587900762
816,0.137463672924087,0.280870854925204,0.23303249175741,0.184313393585226,0.206910282734447,0.224987218732461,0.248357061539186,0.327005697152554,0.241481688037229
817,0.13780700665706,0.281357832165826,0.233465796379871,0.18485251393734,0.207396056814786,0.225383285354293,0.248723840671804,0.327178312964224,0.241888303644383
818,0.138136261820274,0.281898648806939,0.233890486073741,0.185406410963411,0.207905410497217,0.225764377762081,0.249062816915482,0.327426492435698,0.242330454445159
819,0.138393180261267,0.28242827017549,0.234290813265243,0.185901204997662,0.208399160146361,0.226185590646014,0.249395623526846,0.327628084724896,0.242683388877777
820,0.138671112320561,0.282920193103158,0.234710304285962,0.186401178174792,0.208945339322796,0.22660007444414,0.249754374835876,0.327818561207306,0.243072035420162
821,0.139006886143292,0.28338639171182,0.235158023454906,0.186940818660818,0.209539616699621,0.226981919601027,0.250137399678287,0.328019671543646,0.243533832305486
822,0.139324782143,0.283907212739475,0.235574150127118,0.187488569992578,0.210029817999243,0.227347488179272,0.250480833321462,0.328208531987133,0.243919252070568
823,0.139607586030089,0.284394952973074,0.235975790420991,0.188041530002471,0.210529468178939,0.227727999434316,0.250807576651042,0.328411770881826,0.24431466876394
824,0.139898487835833,0.284874983394044,0.236402095605475,0.188597034846905,0.211047944675912,0.228130344003553,0.251136260379315,0.328602959048482,0.244722836380819
825,0.140262608666383,0.285414809631416,0.236892521882347,0.189151682984828,0.211552067614303,0.228546221309166,0.251486851186407,0.328739101519267,0.245115041548712
826,0.140567255162044,0.28589289377902,0.237294652508689,0.18968171571877,0.212081580319681,0.228972976252971,0.25187687572529,0.328923632046734,0.245544246723241
827,0.140871520615553,0.286352942296807,0.237687674609048,0.190218802274845,0.212610373595728,0.229356734498033,0.252253840191034,0.329128647922674,0.245960837175195
828,0.141222898377449,0.286851057360605,0.238140696605088,0.190785313122689,0.213118896363731,0.229690985186997,0.252585737038288,0.329326401433973,0.246338320020317
829,0.141540284695755,0.287412772996087,0.238585359740574,0.191358050416028,0.213642619986378,0.230142016749345,0.252941577263771,0.329570815795692,0.246779945929752
830,0.141866746977279,0.287918526765779,0.238984612271667,0.191903625400673,0.214160636356328,0.230557155902817,0.253263006754355,0.329746632254691,0.247168810224732
831,0.142200823414984,0.288363758191126,0.239361412809706,0.192421884645643,0.214668379635193,0.230916132940763,0.253555741212253,0.329845219737146,0.247499711519124
832,0.142501741564781,0.288851656395369,0.239796509409741,0.192945523882642,0.21517735658913,0.231319594389065,0.253885057179564,0.329957962476544,0.247870883785449
833,0.142834059288156,0.289377444425058,0.240227084949063,0.193538473524607,0.215765728289054,0.231780887703169,0.254274168886917,0.330199670587832,0.248317837924991
834,0.143171787892219,0.289894228384078,0.240679794276411,0.194138616367845,0.216367026158598,0.232233640570071,0.254705962124177,0.330494634564412,0.248780273404688
835,0.143480696344001,0.290362029288449,0.241173595904937,0.194677184162309,0.216886806669114,0.23261210920807,0.255135574704766,0.330725551628741,0.249185776683324
836,0.143812017996258,0.290845514752854,0.241566055671221,0.195250586583433,0.21729557737023,0.232982499510572,0.255456748617591,0.330882560460355,0.24955913015046
837,0.144179049711225,0.291360646428742,0.241962300634198,0.195827260696347,0.217806869075911,0.233385959633985,0.255783210153866,0.331036620700169,0.249963581348593
838,0.144548292601375,0.291884931749216,0.242408749184389,0.196396072109085,0.218464252436683,0.233815260076044,0.256160190674022,0.331215483229738,0.25040016288661
839,0.144808586703864,0.2923339160494,0.242842776837442,0.196987920169174,0.219033910065876,0.234187175576689,0.256510860475163,0.331371269750317,0.250766591169613
840,0.145076826545915,0.29280504048349,0.243274337658943,0.197584439746435,0.219567680477292,0.234573842800174,0.256843936303871,0.331556002599794,0.25114431635437
841,0.145385483407919,0.293308874267384,0.243716455219996,0.198175361630667,0.220098018547559,0.234977626819496,0.257199929124418,0.33175356693828,0.2515518686477
842,0.145730889963621,0.293817510599186,0.244178935730079,0.19875493296243,0.220654560348883,0.235381355652294,0.257619796802118,0.331925296257297,0.251980538948889
843,0.146096348380904,0.294285321385125,0.244599853412377,0.199327319756965,0.221201417138848,0.235846311676533,0.257990872384366,0.332105843904055,0.252403356272464
844,0.146441010588173,0.294779269585597,0.245040314865741,0.199918484785449,0.221761710620291,0.236309976623767,0.258317450316527,0.332253711483009,0.252799826238845
845,0.146746204739576,0.295325531719861,0.245524141596387,0.200529334954401,0.222326920398279,0.236724358244841,0.258632186975891,0.332374029898496,0.253162165453648
846,0.147041764795014,0.295817297630463,0.245948306330139,0.201092909813792,0.222787805344729,0.237103226639317,0.258992628655219,0.33260892152633,0.253492547648137
847,0.147359009907661,0.296340661398255,0.246389874301517,0.20165396518423,0.223254524622966,0.237478470308149,0.259415195770529,0.332839036253116,0.253905644948499
848,0.147707169501839,0.296865624518319,0.246838409536933,0.202233438384892,0.223755574355481,0.237866373031228,0.259855251719601,0.333040061857542,0.254374833516599
849,0.148075094571488,0.297297548408728,0.247236065965447,0.202836054230114,0.224270070134081,0.238270756449841,0.26022603016717,0.333243041877559,0.254782242089921
850,0.148392012883575,0.29775116601817,0.247681804522634,0.20341317263461,0.224815078222654,0.238670749122682,0.260528862160868,0.333405120380861,0.255171444762153
851,0.148711058916106,0.298251840508633,0.248164382854514,0.204011418100598,0.225375434455283,0.239080265666659,0.260845692150932,0.333584538954612,0.255568264074477
852,0.149071727446586,0.298786650990539,0.248644697757559,0.204658316081086,0.225933379446074,0.23950561562489,0.261234576461745,0.333817250677955,0.255985716987062
853,0.149378911391161,0.299282100799035,0.249063009145876,0.205267941476306,0.226489339006641,0.239906304889573,0.261619486030561,0.333999851144174,0.256399863948496
854,0.149696768175929,0.299747465717824,0.249491625483475,0.205774824901131,0.227007031808833,0.2402941769778,0.261998008648081,0.334177449238878,0.256805014979644
855,0.150043554325004,0.300216501420688,0.249962692751097,0.206256083840827,0.227504679191838,0.240680914649896,0.262377482646998,0.334393337719128,0.257218512364221
856,0.150392354964891,0.300745585196183,0.250467635035089,0.206925022578475,0.228052575392076,0.241078019070266,0.262774348347853,0.334687136457587,0.257678729220238
857,0.150745067451913,0.301280571864492,0.250938410416687,0.207560128318848,0.228618805045647,0.241537430656142,0.263184362625475,0.334897990014582,0.258110415290811
858,0.151075276511824,0.301766078806995,0.251372030580059,0.208141484860246,0.229173222697121,0.241987943494018,0.263553352966791,0.335042803520618,0.258487737802019
859,0.151370932110112,0.302180148580302,0.251794450153247,0.208712284911295,0.229705132843675,0.242368329504495,0.263854669469542,0.335191154136708,0.258826010053905
860,0.151705611276664,0.302638091828815,0.252263380534723,0.209348571888501,0.230292861776051,0.242824466802123,0.264241683801003,0.335399658551275,0.25924865465794
861,0.152103975257056,0.303172590413842,0.252741913676322,0.209987188632886,0.230919103816812,0.243309179824601,0.264663282206991,0.335633344896905,0.259704653402842
862,0.152506788339939,0.30373317597929,0.253201374027926,0.210590718298571,0.231530865031558,0.243768651111596,0.265058662633539,0.335858650018385,0.260147782611737
863,0.152739189411362,0.304158603899591,0.253625821060583,0.211160958969492,0.23202959102041,0.244147700214467,0.265360896801486,0.336048245048844,0.260546246822892
864,0.153065668973418,0.304674188095059,0.254110264107079,0.211729883714024,0.232513865439361,0.244500092061267,0.265693087131254,0.336224687681921,0.260945995411469
865,0.153487719005995,0.305286530311874,0.254630572641299,0.21233049753365,0.23304275556976,0.244907542418513,0.266082386368883,0.336440237013943,0.261346535329373
866,0.15390654119413,0.305912525510845,0.255123542267347,0.212978919258743,0.233640055135778,0.245422664656284,0.266513328693682,0.336727790791159,0.261739868566292
867,0.154212139667809,0.306422141470657,0.255570109265736,0.213595253323608,0.234193371537158,0.245856326576257,0.266938955595806,0.336931914174805,0.262168134248508
868,0.154508536329756,0.306915639536121,0.256036779340914,0.214175507821222,0.234726923103319,0.246262792365975,0.267325098882867,0.33715266002872,0.262615391132692
869,0.154852869201721,0.307455503557129,0.256545318491997,0.214745630800762,0.235263304153605,0.246691948756776,0.267680992693649,0.337428900513726,0.263068447510966
870,0.155196873658526,0.308013409259872,0.257033226030002,0.215370628663065,0.235800865586247,0.247156924026836,0.26808337141829,0.337663579780779,0.263526058262317
871,0.155546586899072,0.308576747355508,0.257516942876685,0.216037248384635,0.236387317975988,0.247631227430875,0.268528392140337,0.337925185275561,0.264000603490756
872,0.155913193701532,0.309153217156071,0.25800224988164,0.216713735709267,0.236983938306262,0.248094357163903,0.268986111354365,0.338170984199872,0.2644660725398
873,0.156302816178535,0.30974595015755,0.258490007419162,0.217360840242725,0.237531804640155,0.248532722705912,0.269414032026804,0.338339923054011,0.264888841471333
874,0.15665425255609,0.310244021718396,0.258952299703334,0.217984881132315,0.238139512226173,0.248969385075904,0.26981119784388,0.338585029465758,0.265311473092242
875,0.157005279494439,0.31077982152652,0.259473998910933,0.21861241689789,0.238740960607102,0.249434376777502,0.270198038683626,0.33889791550134,0.265770966756722
876,0.157379854278088,0.311409164973304,0.260059033153377,0.219262428054228,0.239303964387102,0.249927675055078,0.270588270361442,0.339210764472397,0.26625848678758
877,0.157754304962843,0.311986826251647,0.260519254049514,0.21994301336269,0.239903533974865,0.25039257730608,0.270969996908731,0.339351678952328,0.266672522529526
878,0.158153130354266,0.312584423654961,0.261015876488695,0.22060440622911,0.240497993861545,0.250839372644129,0.271436693067207,0.339570550122852,0.267095816822615
879,0.158533829498774,0.313159445084229,0.261536941762723,0.221247527126878,0.241069343999291,0.251266970117035,0.271920304403844,0.339870995270102,0.267547288730661
880,0.158841487719687,0.313648413097358,0.262008463649236,0.221895322984753,0.241615532524065,0.251681440781849,0.27229550844154,0.34014857536201,0.26802131657593
881,0.159218078206982,0.314279360478108,0.26254182069628,0.222515753243746,0.242191253031916,0.252166731825404,0.272708861042312,0.34043949745315,0.268549527642339
882,0.159637948423007,0.314911357978299,0.263083810864698,0.223157529484194,0.242779972624976,0.252667914637936,0.273149704529162,0.34072160412209,0.269054333409264
883,0.160061236638346,0.315457678571733,0.263596667406762,0.223841746868084,0.243374001392306,0.253146768621116,0.273597709226477,0.340995598237478,0.269508236803809
884,0.160463738012979,0.31605697745045,0.26412295826136,0.224509447603301,0.244012279837276,0.253640301365808,0.274056512620589,0.341330460456617,0.270024920730864
885,0.160876784819119,0.316636042708107,0.264644560158361,0.225173519035331,0.244635653927571,0.254147370661538,0.274516477882903,0.341652970204406,0.270528846149155
886,0.161292146499003,0.317206666082695,0.265151800764064,0.225853394354991,0.245235957803544,0.254670586171435,0.274969655846402,0.341950491220938,0.271011023199371
887,0.161681945370519,0.317817347718131,0.265646677117782,0.226566380569276,0.245831198592557,0.255207598910612,0.275407107527025,0.342237432809922,0.27149431744759
888,0.16203641808272,0.318454100853145,0.266214412381231,0.227237838679065,0.246417951108322,0.255705867737621,0.27578942274473,0.34246797625594,0.271978829105763
889,0.162397496339825,0.319027681951896,0.266758230818157,0.227897661214544,0.246979218374076,0.256176766804565,0.276203115378457,0.342735058669074,0.272478700902892
890,0.162780416341876,0.319521495547599,0.267226693702719,0.22856237323812,0.247521328067366,0.256636889470343,0.276692178194397,0.343082267644198,0.272990026137968
891,0.163117571281253,0.320110938731139,0.26772512487309,0.229177673906572,0.248106585369832,0.257085447740414,0.277171322795012,0.343397536137654,0.273457095389619
892,0.163485278479037,0.320682019252293,0.268247308224027,0.229801072861825,0.248720150215686,0.25757557410001,0.27763175843608,0.343756734821737,0.273973343359115
893,0.163869914215106,0.321240306215438,0.26878148307816,0.230462920364719,0.249325520781051,0.25808955272088,0.278080231839332,0.344130890848062,0.27450815349604
894,0.164218551599571,0.32184321673786,0.269310551895396,0.231169836393072,0.249881086335307,0.258573399630735,0.278534515049555,0.344442413160037,0.274977200158525
895,0.164590829674332,0.322439304749202,0.269851465000454,0.231843754432289,0.250464869560899,0.259051400284405,0.278992903152391,0.344711879240088,0.275482781487661
896,0.164995285280984,0.323034838586392,0.270407535974232,0.232487390113537,0.251047234209379,0.25950669151171,0.279420473722734,0.344960368966135,0.275989281584923
897,0.165413380662294,0.32364725251189,0.270966227992966,0.233112441061615,0.251605362830362,0.259946514800478,0.279813916063842,0.345224102512415,0.276470702581917
898,0.165777103400829,0.324313587482495,0.271477307019013,0.233712078862117,0.252156571496556,0.260441223515895,0.280247952017938,0.345578757039442,0.276964159303521
899,0.166161359865231,0.324900641148489,0.272001770563588,0.234387259372908,0.252779946107673,0.260986013591842,0.280714539853311,0.345940613774014,0.277454099012069
900,0.166565414557518,0.325428362880551,0.272534923568573,0.235088135221521,0.253402174198208,0.261517202498694,0.281207502551573,0.34629037263037,0.277970846107311
901,0.166953822486393,0.325992994863529,0.273045065279026,0.23570494761452,0.253898178976327,0.261955198403452,0.281711944845291,0.346638774359657,0.278547605686559
902,0.167335186331202,0.326587444453611,0.273567332857695,0.236371479959277,0.254470961073948,0.262408979750948,0.282155522900728,0.346966876389143,0.27901078512487
903,0.167702534137298,0.327158538365262,0.274095938147515,0.237051507688892,0.255065703141506,0.262910739696666,0.282589838698345,0.347266110736801,0.279473521115327
904,0.168058002906485,0.327691252528893,0.274615898820063,0.237698214672084,0.255634909492739,0.263446923686407,0.283042846762098,0.347555006299711,0.279997355260619
905,0.168425972127912,0.328263352351781,0.275096716688288,0.238275236507096,0.256217195469158,0.263929927859147,0.283456493324878,0.347909837707659,0.280454957717559
906,0.168785924654522,0.328822958976662,0.275606060894788,0.238888303328437,0.256749210819954,0.264413154348448,0.283875030221969,0.348237180184945,0.280968066696022
907,0.169122199694527,0.329388414460487,0.276146832683184,0.239523881047979,0.257266351818821,0.264883654930435,0.284326001046325,0.348573811569974,0.281507282357393
908,0.16943427680464,0.329996988232533,0.276692368412691,0.240131250512496,0.257840102961147,0.265320554851605,0.284820920938837,0.348992898339935,0.28199559709398
909,0.169821040174811,0.330602023464176,0.27724526187511,0.24083257247559,0.258446767473152,0.265863413374851,0.285302398115786,0.349376696495295,0.282542335905874
910,0.170215353070032,0.331134901944952,0.277756630617799,0.241491485993167,0.258995704037023,0.266367940487334,0.285753158502437,0.349729463090626,0.28305297767095
911,0.170571991301962,0.331606481595074,0.2782217379009,0.242054937421414,0.259472337441721,0.266762791684026,0.286167000510023,0.35005001886532,0.283486359684389
912,0.170910792288394,0.332167830400485,0.27871837486019,0.242660119396663,0.260006095880684,0.267145420772883,0.286540797856079,0.350294527480171,0.283917205583422
913,0.171283425797052,0.332766279693055,0.279246859404364,0.24323981444431,0.260538626112563,0.267592976074278,0.286989087713172,0.35063452420167,0.284492208596273
914,0.171684241891442,0.333354241948859,0.279784729273242,0.243826294288408,0.261085449146941,0.268094551514591,0.287493800440665,0.351061844769624,0.285116550387559
915,0.172072553838926,0.333891084476454,0.280303539924795,0.244465004469006,0.261666177069172,0.268596230442055,0.287983818882529,0.351490951261894,0.285623222129053
916,0.172356327688877,0.334404258142943,0.280828401992759,0.245071690042123,0.262179942627038,0.269064976580671,0.288432728465462,0.351856852813731,0.286079624320388
917,0.172676543035344,0.334941668229082,0.281339917393856,0.245650455757493,0.262689438964678,0.269489712589707,0.288891121761886,0.352210279856731,0.286511108854404
918,0.173080780038683,0.335525281348887,0.281835815484775,0.246221748883958,0.263212885296243,0.269898110766947,0.289373235729949,0.352580100104,0.286956523401691
919,0.173467782915284,0.336142591421911,0.282341082623388,0.246819167850525,0.263690762229244,0.270367486649669,0.289836118747914,0.352952062404286,0.287475683796709
920,0.173842651036324,0.336714924441311,0.282893266283206,0.247458390138258,0.264213860330606,0.270840988514631,0.290285233491104,0.353357147065403,0.288043315700203
921,0.174196491170114,0.337276827586085,0.283460481871965,0.248106052917289,0.264767799994637,0.271313219719185,0.290736853987168,0.353755816346054,0.288590845535065
922,0.174519767148099,0.337873623863749,0.283992669052869,0.248719235523245,0.26531401446113,0.271787690591518,0.291206126902574,0.354110922238445,0.289072296163131
923,0.174796694899812,0.338433321467481,0.28447277344969,0.249291196280364,0.265874544992762,0.272238649973324,0.291684500429323,0.354499465386356,0.289612704212653
924,0.175071771749416,0.338913375848889,0.284926537633586,0.249867593856976,0.266356878886161,0.272710217681758,0.292159299570929,0.354884545979746,0.290136394624537
925,0.175391555871395,0.339370519486747,0.285407872185179,0.250453544619877,0.266786655346006,0.273178530542747,0.292615367941335,0.355265129950492,0.290634284224539
926,0.175796306429529,0.339954424207622,0.285991324785617,0.251013238233417,0.267308595626202,0.273554213301279,0.293037013162881,0.355678212719872,0.29116907992852
927,0.176114955160947,0.340511556409831,0.286534826073722,0.25156918145946,0.267815734812782,0.273919899673113,0.293426731908003,0.356052677430866,0.291657491850527
928,0.176432129754807,0.341062086363846,0.287023766217195,0.252130678688288,0.268332325719014,0.274359514286317,0.293881636365099,0.356453814286054,0.292161230451527
929,0.176822474211279,0.341626539828265,0.287476692822963,0.252697563726093,0.268870647548858,0.274881714655175,0.294434110674132,0.356913899377617,0.292721715892852
930,0.177127456911092,0.342091718210012,0.28789938912456,0.253246091035671,0.269306729806256,0.275250444326746,0.294843571163872,0.357251078124719,0.293205854815387
931,0.177449823207692,0.342588751526235,0.288416585716018,0.253805116921021,0.269766492113974,0.27569407249897,0.29526976159754,0.357642393375434,0.293716438430213
932,0.177817737549691,0.343151677056451,0.288972689095307,0.254372732663912,0.270289877289918,0.276213355263231,0.295738915109112,0.358084473799479,0.294241153759554
933,0.178204566811128,0.343740469247428,0.289410704416245,0.254928568667089,0.270849402765187,0.276664444373073,0.296189201093641,0.358461151197607,0.294699805211533
934,0.178570412543021,0.344298828191906,0.289971569923735,0.255503222901864,0.271377687883534,0.277153989699264,0.296645442481599,0.358874763373223,0.295191020828983
935,0.178920861565038,0.344823565975234,0.290517718639875,0.256079331898308,0.271871012063985,0.277669109383226,0.297123478917457,0.359314760897362,0.295691828742487
936,0.179259053502321,0.345335714887255,0.290971958876981,0.256636061371594,0.272343514188038,0.27816467046713,0.297607871102861,0.359745259883249,0.296188869635136
937,0.17956266495193,0.345894280907759,0.291518937912219,0.257153656395115,0.272824933026621,0.278553959731964,0.298015182874925,0.360108777608229,0.296736557285778
938,0.179885123562863,0.346420130852984,0.291995832756868,0.257737306539889,0.273278680383949,0.27898573163293,0.298427294605576,0.360477395382635,0.297260041601705
939,0.180196208832271,0.346880385448177,0.292399990808524,0.258347582255562,0.273761030742391,0.279465976245692,0.298866186093077,0.360862914294233,0.297745086173201
940,0.180458162585453,0.347291163906341,0.292806930729708,0.258892409121424,0.274340556932595,0.27993410015362,0.299327298575027,0.361251439901497,0.29820643960775
941,0.180819344655205,0.347827158241204,0.293334027514609,0.259374118760311,0.274901326340322,0.280322146553085,0.29979764693992,0.361628583378143,0.298651939241988
942,0.181228929437367,0.348387769812718,0.293818119996587,0.259897203782346,0.275440720527569,0.280714232346872,0.300258305991119,0.362016805282222,0.299139907679813
943,0.181591613437923,0.348924166671577,0.294238638130993,0.26046738392371,0.275941113189462,0.281155118510214,0.300699839916514,0.362432739632794,0.299655946985497
944,0.181779406219687,0.349482993560908,0.294784675380507,0.260953537825594,0.276354370773819,0.281621437727904,0.301124596404731,0.362880539334289,0.300089063467702
945,0.182056808206293,0.350009748859491,0.295351414242913,0.261481896755414,0.276787010358378,0.282001354318377,0.301531578931146,0.363302611321877,0.300619998348921
946,0.182415798685036,0.350507238424253,0.295836763459802,0.262018026314381,0.277182727717364,0.282322318512206,0.301942164018044,0.363700764516966,0.301161708278506
947,0.182767309270148,0.350993819776084,0.296210665478074,0.262515137905688,0.277513395986626,0.282661425089531,0.30238058694666,0.364097434494783,0.301619861278474
948,0.183011840446242,0.351472957698401,0.296693781058093,0.263033517176615,0.278015117904151,0.283114071093027,0.302861223691527,0.364524793061845,0.302140033366525
949,0.183357897653703,0.352014644633012,0.297197175240578,0.263589203538259,0.278521378495021,0.283589251777385,0.303361211669267,0.364929088521664,0.302710859066662
950,0.183754012266841,0.352573259867472,0.297657896918534,0.264138136481201,0.278975738407116,0.284021370972898,0.303824426853425,0.365308514133707,0.303232745540637
951,0.183985088076383,0.353038120723959,0.298050004019687,0.264606168599542,0.279406137437521,0.284382113694117,0.304184528206162,0.365701180577778,0.303578534066529
952,0.184299285922035,0.353590881506199,0.298516128620354,0.265090146114474,0.279777318042739,0.284796939070659,0.304504672214643,0.366118481615959,0.304068060039023
953,0.184633071740102,0.354108224773565,0.299016491716105,0.265629517948635,0.280226837358791,0.285286836749109,0.304943063554009,0.366535086572423,0.304556495223714
954,0.184937838737052,0.354528004548885,0.299509167242689,0.266206665007312,0.280779121841861,0.285801467394886,0.305522639898443,0.366937498483733,0.304968263952751
955,0.185283219595813,0.354991032929623,0.300008543354845,0.266708734631922,0.281180793889847,0.286181622095089,0.305980280412401,0.367349007228694,0.305503487064126
956,0.185702375892672,0.355530705018219,0.30049120078255,0.267212923526403,0.2816683168742,0.2865634527404,0.306429869489647,0.367751075918443,0.306107020355879
957,0.186036480471072,0.356086402746404,0.300921837301423,0.267699652642003,0.282183316374499,0.286944965161036,0.306839920358916,0.368097800183156,0.306637597639841
958,0.186145544678631,0.35657721303795,0.301291899534797,0.26814844413166,0.282605654452721,0.287303654459313,0.307177382494494,0.368373987171535,0.306989094550442
959,0.186359092345888,0.357045287622865,0.30172843554515,0.268712627763795,0.283076783620255,0.287768984358097,0.307644533356093,0.368764750868474,0.307424289391902
960,0.18669097692466,0.357517092276064,0.302223919256489,0.269264912386012,0.283582670152737,0.288272476979917,0.308094010398852,0.369162799247658,0.307891271602581
961,0.187100115202614,0.358020241184514,0.302754713670119,0.269767622870468,0.284077568486613,0.288745020150152,0.308495886147593,0.369553461486695,0.308377399819421
962,0.187503628584318,0.35857538047306,0.303283134801843,0.270287563497019,0.284501008165429,0.289136286243049,0.308947476156803,0.370016422602474,0.308917088975556
963,0.18781484099608,0.359071412270804,0.303681303839145,0.270878933161829,0.284984968513552,0.289552002472645,0.30935900102961,0.370354616095923,0.30940580559928
964,0.188038009849028,0.35947886389463,0.304052830173329,0.271414130626996,0.285425521705377,0.289934404008005,0.309736438087408,0.370638106448837,0.309847177603271
965,0.188240982887966,0.359848449055511,0.304496114838692,0.271843147563002,0.285773920775375,0.290262276350618,0.310127354051537,0.370987848047332,0.310286312773862
966,0.188593453561049,0.360378004308226,0.304981314808031,0.272398889320209,0.286227354817078,0.2906868054017,0.310648597019091,0.371540662690959,0.310816798276158
967,0.188958347198338,0.360981127588945,0.305451889763344,0.272941318898483,0.286736947332327,0.291101115023924,0.311076939915257,0.37192553848999,0.311313672746956
968,0.189283500023638,0.361491975815034,0.305880074489101,0.27345242432114,0.28718338964429,0.291490123236809,0.311451906554717,0.372224354852574,0.311759901158614
969,0.189559880301552,0.361793282502986,0.306281649919288,0.273951343377254,0.287480209818261,0.291877492384346,0.311892117461317,0.372660948346801,0.312178591350124
970,0.189809194966722,0.362295366787159,0.306829247775019,0.27437011247785,0.287959492965845,0.292278639758217,0.312226715862787,0.37299505980392,0.312505006968001
971,0.190157152283286,0.362849858459577,0.307383017923451,0.274853653217811,0.288460044106708,0.292713807734741,0.312681646311806,0.373423771226715,0.313006065711619
972,0.190551212155825,0.363340933728452,0.307838219608093,0.275398345221034,0.288880547024351,0.293148498024435,0.313237535595009,0.373915919615994,0.313636331495127
973,0.190762581490014,0.363742841399523,0.308169841404048,0.275839577868699,0.289230933998547,0.293499319616769,0.313605371766897,0.374189591246967,0.314019707508955
974,0.191099096082993,0.364240625395136,0.308646779100993,0.276360013288255,0.289649633381224,0.293870384502117,0.314064063737781,0.374559018663531,0.314516218274578
975,0.191499069106628,0.364778764878186,0.309180772074777,0.276916006731475,0.290184192130469,0.294318423511937,0.314542608222139,0.375016858346265,0.315072657727351
976,0.191840968249789,0.36528157474942,0.309650170145584,0.277459559358333,0.290786243570181,0.294833407300951,0.31495842307784,0.375467571422286,0.315577583124969
977,0.192028944886783,0.365753526207652,0.310042242978782,0.278057099383546,0.291218228007279,0.29526607735811,0.315370826206018,0.375755620432539,0.315970342768264
978,0.192327637929522,0.366214888663163,0.310425478014664,0.278549268231849,0.291690772796038,0.295694697164947,0.315807956055795,0.376056757527089,0.316417061147131
979,0.192676617488428,0.366675632157395,0.310862378513583,0.279004549206033,0.292200740625752,0.296116320576999,0.316243500014747,0.376441218062784,0.316966582814374
980,0.192916349469683,0.367134992449521,0.311371953662721,0.279555787970869,0.292653669327203,0.296500287214549,0.316631036713342,0.376889867595249,0.317561208263584
981,0.193171219405551,0.36756337017406,0.311770819876963,0.280124360610861,0.292962489879928,0.296837430606217,0.316963446202806,0.37715384517221,0.317883213558739
982,0.193459098986994,0.36799549765584,0.312180590526407,0.280599193059175,0.293322340054718,0.297200797671597,0.317355603913488,0.377524634880476,0.318288343104044
983,0.193798577808518,0.368485341368618,0.312636647122663,0.281033814786875,0.293798304307119,0.297628448028991,0.317843630903371,0.378012286272324,0.318837852309966
984,0.194199361453089,0.369080400603292,0.313077800559876,0.281615863487329,0.294306763435116,0.298111433795874,0.31837236725599,0.378346745828401,0.319286081447972
985,0.194467883542301,0.369503061808603,0.313511377633926,0.282029070940934,0.294730785422,0.298541421459022,0.318822137363684,0.378656316750182,0.319738715540862
986,0.19472061828746,0.369917155276666,0.313919851564642,0.282540121668397,0.29510429745773,0.298889263240799,0.319175932279363,0.379007994293706,0.320090243879754
987,0.195030314865381,0.37042468283784,0.314328188413134,0.283233638258055,0.29550774138687,0.299222186456345,0.31948282674746,0.379398339175899,0.320368687781734
988,0.19526553328552,0.37084192153729,0.314850285009548,0.283624827981924,0.296054832274432,0.299766208683141,0.319868285805498,0.379698548230903,0.320933785056698
989,0.195518174764367,0.371263047895083,0.315380252646469,0.284128581614589,0.296530465753959,0.300225956245532,0.320338632554709,0.380009535088131,0.321386736659086
990,0.195827303952334,0.371638328930226,0.315836078640153,0.284653074288044,0.29691301778663,0.300640114794168,0.320828991155999,0.380391183323615,0.321796510506301
991,0.196188678261516,0.371935546813275,0.316186716014836,0.285050503039425,0.297269386275368,0.301103535853153,0.321272596620036,0.380831519198999,0.322317104878472
992,0.196503645692846,0.372372644428905,0.316551334748793,0.285658477637289,0.297722441560391,0.301448319527794,0.321737446191995,0.381092528337489,0.322781593980943
993,0.196842503836536,0.372850958106702,0.317037728214142,0.286243388863126,0.298179913938156,0.301838725501645,0.322096986365904,0.381393193590193,0.323238233702323
994,0.197140744174111,0.373302990768561,0.317546128955337,0.286718214612673,0.298637912392198,0.302279813704587,0.322409778845747,0.381731372410036,0.32366706389644
995,0.197291319861619,0.373710953215256,0.317876725229382,0.287128162397003,0.29913859471576,0.302673315340446,0.322844259824062,0.381967097269809,0.324031352293945
996,0.197631402353562,0.374247042174311,0.318257888823622,0.287636270536526,0.299558462116727,0.303068528596327,0.323342980614158,0.382173853966582,0.324555808584472
997,0.197982562823431,0.374796993777533,0.318725059971415,0.288152418888183,0.299936102774795,0.303444927683599,0.323794560407942,0.382547547815338,0.325062355418537
998,0.198237924347122,0.375232143964296,0.319181872922896,0.288650244150005,0.300332502596112,0.303800360578034,0.324148703390935,0.38303422630029,0.325448954924309
999,0.19846248610998,0.375466290733202,0.319410254736629,0.289217411100282,0.300802246958411,0.304163656886907,0.324444875247633,0.383255421186314,0.325776623217692
1000,0.198668918943754,0.375900850078192,0.31988908225111,0.289606931611474,0.301100063273496,0.304535834930416,0.324668622297853,0.383346291592917,0.326145974413792
1001,0.198668918943754,0.375900850078192,0.31988908225111,0.289606931611474,0.301100063273496,0.304535834930416,0.324668622297853,0.383346291592917,0.326145974413792
1002,0.198874631834149,0.376318025481903,0.320471077706292,0.290086625243376,0.3014102054562,0.304927937855252,0.325040655574149,0.383590339576587,0.326525499511752
1003,0.199095627191372,0.376738551416627,0.320864170980393,0.290588129759053,0.301711403727953,0.305319514077741,0.325399265207415,0.383807627438398,0.326957515236776
1004,0.199390851656535,0.37717158211301,0.321114080063913,0.291121427516115,0.301958245741663,0.305782504171185,0.325766193030122,0.384082523826462,0.327468110112704
1005,0.199612926979968,0.37756122679459,0.321408651890752,0.291612790516947,0.302267034209023,0.30612319534216,0.326127545373206,0.384337001787628,0.327896797965552
1006,0.199781905702907,0.377970402281347,0.321576449377861,0.29205164484501,0.302614980350166,0.306397393647546,0.326422781810011,0.384466136723143,0.328347377383962
1007,0.199957604370917,0.378352934548427,0.321849032261268,0.292541670312649,0.302924352415235,0.306672941593444,0.326792305047235,0.384744604652818,0.328767764126279
1008,0.20009763954868,0.378696809308821,0.322205795331142,0.293000692619586,0.303179019164688,0.306861558436629,0.327271430973094,0.385178032721638,0.329089085506069
1009,0.200269374851134,0.379051323172031,0.322585090278936,0.293500871882215,0.303521775925179,0.307103836183663,0.327650229725278,0.385521951522662,0.329511361063555
1010,0.200396445788456,0.379374079511528,0.322986710326481,0.294047662054863,0.303862535048202,0.307303732881947,0.328015121859744,0.385900420751752,0.330019124765609
1011,0.20065644852649,0.379800642619119,0.323431146011795,0.294616741643776,0.304263009814396,0.307719256081945,0.328330704653247,0.386221061311048,0.330426267606826
1012,0.200906806830475,0.380161711321251,0.323955039392888,0.295143223055627,0.304852487593632,0.308104855029903,0.328531673262418,0.386416644006219,0.330860959215447
1013,0.201122793832465,0.380498023679185,0.324344813424187,0.295640284846467,0.305312337549879,0.308342377561762,0.32870931099412,0.386604699835472,0.331238822873408
1014,0.201368800881924,0.380972303379714,0.3247298427678,0.296147432392738,0.305656992321293,0.308621341787995,0.329049298708435,0.386886735261071,0.331610238812627
1015,0.201550531852668,0.381322978516673,0.325112881140302,0.296621085342766,0.305975779049796,0.30883498984076,0.329421141165423,0.387122789772818,0.332074842881366
1016,0.201730204775847,0.381694012687283,0.325340523668317,0.297213912440692,0.30617734075971,0.309012134774315,0.329847147354106,0.387422324329648,0.332518416178886
1017,0.201974684250398,0.382153603034096,0.325548247081609,0.297839356809521,0.306424035685488,0.309329713390336,0.330316300285409,0.387695321958507,0.332959245780626
1018,0.202217195799179,0.382523844139448,0.325818906203354,0.298353203349234,0.306740937193285,0.309644070605009,0.33066539574928,0.387859678557484,0.333337814992866
1019,0.202503430924736,0.38284369234076,0.326104634510773,0.298827541170619,0.307178148889353,0.310049442969692,0.330880583201229,0.387837899597557,0.33361676253035
1020,0.202710800212041,0.383178044814608,0.326369315177599,0.299337653433464,0.307514902262527,0.310353938780921,0.331180113508551,0.388018600652755,0.333938608488312
1021,0.202896780681809,0.383471173995605,0.326624201971053,0.299741285125361,0.307835489990437,0.310665989297202,0.331479027452714,0.388241528925452,0.334253859324502
1022,0.20308099698036,0.383790041135295,0.326937390374841,0.300232460095127,0.308159530291041,0.310900791541031,0.331771694066657,0.388448528934753,0.334584872109764
1023,0.203210072478935,0.384108456077954,0.327233708602084,0.30084618207556,0.308413140223487,0.311013074985381,0.332082265979802,0.388788900626463,0.334898288814639
1024,0.203376648090161,0.384446121669369,0.327566489557842,0.301361818560726,0.308727884526318,0.311212219394805,0.332373769394144,0.389016308925675,0.335281501432638
1025,0.203561031360891,0.384757310211703,0.327950784758017,0.301799164653955,0.309063022850077,0.311389922095832,0.33266145738047,0.389171847223789,0.335709271097538
1026,0.20374494553799,0.385164257298639,0.3284253941904,0.302337350999507,0.30946360972495,0.311638160558094,0.332904184839859,0.389276074955467,0.336128028499605
1027,0.203959965533771,0.385609826445994,0.328797331497353,0.302874764232648,0.309843321949586,0.311898987034284,0.333169588537272,0.389426286691291,0.336558882651967
1028,0.204153353735226,0.386032278572163,0.329111702113939,0.303316917439723,0.310284852354924,0.312226418811413,0.333354867026277,0.38957056592741,0.336877582176202
1029,0.204372137765942,0.3864396319108,0.32940104495032,0.30379194008828,0.310653157968822,0.312571930714843,0.333608899435042,0.389740383961744,0.337231106688551
1030,0.20460827731275,0.386757237285166,0.329614919133013,0.304207891042697,0.310909219848786,0.312866993298799,0.333942893540745,0.389913390176209,0.337536592372486
1031,0.204783455431827,0.387105562425124,0.329912715235678,0.304650375719481,0.311196549123303,0.313167243118258,0.334258574749386,0.390103265670828,0.337893131089932
1032,0.204918145942782,0.387387693425545,0.330231168377779,0.305014640796654,0.311364509128736,0.313460706995284,0.33467211886261,0.390313439887362,0.338323921090645
1033,0.205061691321098,0.387707886344119,0.330549328976703,0.305524885710166,0.31167731324641,0.313758708519675,0.335007933080679,0.390519510199528,0.338676769318407
1034,0.20515178465452,0.388079559918511,0.330895925559482,0.306159347153336,0.312121484983054,0.314073255463532,0.335261683331162,0.390735245698773,0.338980949322116
1035,0.205310001669292,0.388420364575249,0.331239899442719,0.306677752737161,0.312454116560441,0.314351366963859,0.335576440610053,0.390963297648258,0.339337535825043
1036,0.205503044527327,0.388731027393823,0.331568745814652,0.307208297923714,0.312773229498436,0.314557748380931,0.335892778141132,0.391209428537782,0.339714521673413
1037,0.205689818854087,0.389054628537328,0.331895881112031,0.30772182155082,0.313120166676482,0.314877654416438,0.336218934249577,0.391424788019454,0.340043341970388
1038,0.205906892887503,0.389421827424318,0.332300005157235,0.308170507568125,0.313406584723824,0.315269815256073,0.336604024324694,0.391676587832789,0.340397127465565
1039,0.206099637429259,0.389720196384442,0.332609902587672,0.308650039170711,0.313724251590918,0.315573840035156,0.336943839609777,0.3918409683883,0.340691759518457
1040,0.206269484346179,0.389959825510978,0.332860607416103,0.309134140402582,0.314074827098278,0.315875367361874,0.337226100359724,0.391889814321728,0.340857672203697
1041,0.206462796266617,0.390218900543444,0.333076069181864,0.309630718313907,0.314463085629797,0.31624858432472,0.337583608178123,0.392035656723047,0.341138173671119
1042,0.206628307772191,0.390510135939932,0.333338695076231,0.310236659085832,0.31482296145212,0.316465212367372,0.337965528177112,0.392237895953417,0.341523454220652
1043,0.206884233376193,0.390762840111628,0.333662931712955,0.310717853356697,0.315182695363268,0.316679029370862,0.338313489960524,0.392432915046944,0.341872030210771
1044,0.207159552031018,0.391063143207764,0.33403628114743,0.31127523843006,0.315586580182022,0.317055196413866,0.338817021149337,0.39278581921574,0.342266935334017
1045,0.207397374441626,0.39137659365145,0.334403426383452,0.311854983740443,0.316063704373187,0.317453637186788,0.339251237385935,0.393124383501994,0.342623648976553
1046,0.207636371053388,0.391672311147345,0.334715823944968,0.312397651283386,0.316484591106544,0.317816076646584,0.339615236719276,0.39335780841104,0.342932054083218
1047,0.207874390005568,0.391941242212413,0.334961036664334,0.312884947563866,0.316912737628626,0.318213817797154,0.339959522090097,0.393548932242951,0.343135243121917
1048,0.20809680423871,0.392240187230589,0.335252958655138,0.313439334389392,0.317305914761452,0.318594960169084,0.340280835227157,0.393726448265007,0.343440126214224
1049,0.208288569232821,0.392555774458187,0.335546204738765,0.314022724635194,0.317665287153582,0.318936513318764,0.340477510682652,0.393806735448371,0.343775821778017
1050,0.20852180770899,0.39287254613189,0.335841098731967,0.314608770520627,0.318025635739436,0.319300437125392,0.340782770286367,0.39394864318561,0.344081172558661
1051,0.208792831966553,0.393212775900994,0.336170376220163,0.315245367899805,0.318358549145469,0.319719774050241,0.341128032678459,0.394147915045422,0.344425795558772
1052,0.209037700300712,0.393514294286267,0.336467313041564,0.315808723114555,0.318717957503663,0.320086578511221,0.34148036659721,0.394254265640878,0.344725773387111
1053,0.209278579825965,0.393790133376068,0.336723495479479,0.31632373186491,0.319071972210697,0.320398255924125,0.341910218441431,0.394306561183323,0.344981339239166
1054,0.209523639365805,0.39410026514281,0.337008121360611,0.316876291724325,0.319474574177896,0.320747740720381,0.342268716272239,0.394401820040343,0.345252718957759
1055,0.209770881354432,0.394449125361117,0.337279967363311,0.317471357791833,0.319926650609231,0.321112648135886,0.342581010701978,0.394432967709308,0.345504298235634
1056,0.209987915092994,0.394726529148702,0.337587608049972,0.317968105164172,0.320350513280936,0.321455850643174,0.342909979136049,0.394522117775219,0.345767106024255
1057,0.210174476083377,0.395003108521894,0.337946840306639,0.31842517700626,0.320835436527037,0.321795326191631,0.343216565276178,0.394653197319636,0.346009552357803
1058,0.210414883630885,0.395213710437078,0.338272566041029,0.318867666906776,0.32121292844352,0.322146113754343,0.343518220381298,0.394824724595472,0.346317408022032
1059,0.210616867938203,0.395435553422062,0.338597302445594,0.319327195172883,0.321565742498658,0.322491684882939,0.343872146265781,0.395010897015191,0.346630662770104
1060,0.21081270311948,0.395705399145144,0.338890981950887,0.319824237319066,0.321945716999323,0.322831228913739,0.344249768181167,0.395176814162195,0.346922488018027
1061,0.211021521871886,0.395974234441736,0.339158860833077,0.320362674877811,0.322284658938692,0.323168633393548,0.344525375574958,0.395263188098279,0.34715714290659
1062,0.211256586687838,0.396317381227075,0.33936566567844,0.321061930437073,0.322575440342393,0.323496562373214,0.344745716395886,0.395281818918197,0.347334055480966
1063,0.21145282677129,0.396600457219044,0.339625694150249,0.321564037993924,0.322918085729625,0.323872938681215,0.344996831523763,0.395371826284403,0.347576883561076
1064,0.211636646443646,0.39685471777593,0.339930594000918,0.321971784036701,0.323278347105648,0.324312909341058,0.345173140886616,0.395403585981639,0.34779525312824
1065,0.211812511904,0.397075301089316,0.340150338736332,0.322421268873882,0.323614135155144,0.324637550391227,0.345422782893571,0.395513521280665,0.34803187156785
1066,0.21196382443286,0.397273016282674,0.340293472686861,0.322789372986036,0.323989306365704,0.324967822022016,0.345735910638529,0.395760564942651,0.348317511861039
1067,0.212134839302096,0.397487753552621,0.340522426321989,0.32325110003161,0.324299079637968,0.32523733621386,0.346013233672813,0.395887660582895,0.348610902404709
1068,0.212300171741125,0.397653722093763,0.340726518628912,0.323776615599205,0.32451642192102,0.325345390417371,0.346331396615708,0.395956806188032,0.348891068533661
1069,0.212474275427909,0.39786745815696,0.340982010242692,0.324266799764918,0.324802837777219,0.325567943241052,0.346570072439026,0.396055856505913,0.349185584522504
1070,0.212680032096205,0.398141157094213,0.341366038521371,0.324781397606685,0.325118576142879,0.325869520693475,0.346738038627533,0.39610974820576,0.349534726637241
1071,0.212850715546446,0.398380100545912,0.341661536079794,0.325288461175611,0.325415312093875,0.326113249991081,0.346941358073191,0.396197633196065,0.349837861447385
1072,0.21299595296888,0.39858884527914,0.341895427479889,0.325794160088355,0.325768414532891,0.326373955010636,0.347099466988438,0.396340365084544,0.350087210207613
1073,0.213152875510836,0.398821505446482,0.342149478853311,0.326268581314806,0.326038618620849,0.326592886478781,0.347293506194939,0.396429098649649,0.350372977239245
1074,0.213282673519156,0.399075112206495,0.342354717793107,0.326765576925052,0.326238775125361,0.326775986821194,0.347536145596554,0.39647525232656,0.3506676516709
1075,0.213451339602887,0.39930087646894,0.342616259659521,0.32718031137736,0.326424762407016,0.326913418744973,0.347774851479435,0.396583666094989,0.350992543242637
1076,0.213598340398486,0.399516084830555,0.342945935008538,0.327514989468484,0.326628678807714,0.32704443500073,0.347978170610398,0.396567609769006,0.35123100225236
1077,0.21374518434494,0.399788328440052,0.343317585518693,0.327962594082688,0.326882790841955,0.327215109615762,0.348162086736879,0.396617690738754,0.351505483319922
1078,0.213903287633111,0.400029357042453,0.343580806159114,0.328391721482134,0.327101206403888,0.327354858308142,0.348353825642667,0.396700654316743,0.351804131285644
1079,0.214063767489267,0.400264856567299,0.343840675238104,0.328819256445023,0.327362278701565,0.327475997774583,0.348514757044389,0.396806848221135,0.352070318126992
1080,0.214201954046979,0.400475117534767,0.344043718041669,0.329260292858025,0.327560109478711,0.327606223319063,0.348725340004574,0.396891648508167,0.352387583718372
1081,0.214348266956198,0.400693123139027,0.344118712536434,0.329738478919942,0.327685076003015,0.32772016779279,0.348978658999353,0.397043239151228,0.352814809967657
1082,0.214480694076875,0.400877912436455,0.344296292865812,0.33017388077666,0.327865006632963,0.327858197341506,0.349183535586781,0.397127504359976,0.353131185935376
1083,0.21460839946559,0.401009967312417,0.344475425910869,0.330555633239238,0.328053201455295,0.328014976181514,0.349419477490956,0.397170036819649,0.353394507511596
1084,0.214694994433166,0.401175072844948,0.34470746146386,0.331010819522014,0.328240533481533,0.328160244157372,0.349580105919683,0.397195494121826,0.353675851619437
1085,0.21474554454778,0.401300469131176,0.344991102889093,0.331508563571934,0.328454692454497,0.328331546245626,0.349617868927994,0.397121227749906,0.353892117174839
1086,0.214826066362548,0.401493317920717,0.345263160853778,0.331981766387942,0.328647640388494,0.328466801731675,0.349775867164825,0.397177736708174,0.354170270834131
1087,0.214874035009236,0.401750170310112,0.345611940097557,0.332514999586699,0.328839479284386,0.328576738259387,0.349986209504508,0.397333761048761,0.354522212428905
1088,0.21494021065825,0.401978922425999,0.345882941504266,0.332977387618085,0.329008175155565,0.32868406445734,0.350150750444228,0.397406102514964,0.354814764164313
1089,0.215059212821274,0.402267164359308,0.346090419890462,0.333347926422309,0.329141074601698,0.328784075059345,0.350368818713548,0.397493847793994,0.35506577824247
1090,0.215146366948335,0.4024906516307,0.346329589450318,0.333769682117767,0.329292556244077,0.328864866908873,0.35055452441644,0.397601174087188,0.355367841503393
1091,0.215213843885601,0.402656664039527,0.346540039307302,0.334166554332594,0.329412682168061,0.328917217904296,0.350679695196082,0.397700488477949,0.355684032162537
1092,0.215272800139098,0.402809365379864,0.346755650691645,0.334607259841237,0.329588619823286,0.32897993459909,0.350793022047781,0.397710150116352,0.355969749136111
1093,0.215336075773632,0.403003587589663,0.347004686471142,0.335076898495651,0.32975510468582,0.329064136935135,0.350943860360786,0.397758342440663,0.356270792457553
1094,0.215388799376245,0.40320021124468,0.347304987098692,0.335619335040534,0.329943182533851,0.329151558944482,0.351137638686079,0.397868819843692,0.356634380555201
1095,0.215454553195531,0.403381775337669,0.347555177211534,0.336057600068705,0.330114112865302,0.329224155313711,0.351275405701051,0.397930407684615,0.356929253886754
1096,0.215526198206055,0.403581342970445,0.347805797875078,0.336489369010323,0.330298697215585,0.329318107194951,0.351382038064858,0.397902469507347,0.357159081667441
1097,0.215603351990434,0.403773179168366,0.348026266041914,0.336892046162021,0.330444287059295,0.329392430432741,0.351530644824185,0.397981098415964,0.357441566776521
1098,0.215701763450185,0.403927731436682,0.348190388282788,0.33720682222926,0.330566038869564,0.329434024209136,0.351662507149113,0.398125917017249,0.357711187524978
1099,0.215761892495989,0.404120423478309,0.348420684622653,0.337599451186794,0.33070065198624,0.32950106725029,0.351823639667972,0.398230911714553,0.358019536284492
1100,0.215791726438803,0.404378800676899,0.348697020808816,0.337991860924074,0.330789692725399,0.329563305969144,0.352055659469488,0.398406806750191,0.358400064113976
1101,0.215850669016928,0.40456632177883,0.348916393166756,0.338433360123646,0.330935240591412,0.329657522131642,0.352219017092707,0.398466703731345,0.358706238147098
1102,0.215905842259194,0.404672364633903,0.349113383439466,0.338935596579607,0.331138547393924,0.329789792490354,0.352325819322804,0.398422063056931,0.358981745495748
1103,0.215965747033754,0.404873495571553,0.349354863912823,0.339408925647431,0.331304491077238,0.329884138008412,0.35248686386302,0.398453462839028,0.359288817954141
1104,0.21605569419293,0.405138903517135,0.349584608514493,0.339946802922403,0.331495952996463,0.330004174270508,0.352647202556104,0.398454798287026,0.359576836684436
1105,0.216128682766383,0.405327451267888,0.349808628450155,0.340411798705742,0.331651981787541,0.330091399573822,0.352814718278269,0.39847322596703,0.359855289712204
1106,0.216185296202497,0.405547745175691,0.350080133360466,0.340821457805309,0.331734341931544,0.3301202166975,0.35304933937666,0.398545663865428,0.36016636167784
1107,0.216240517669187,0.405738199528696,0.350338172888864,0.341231111747019,0.331866954338371,0.330171698024513,0.353236260207001,0.398609819614857,0.360463774633873
1108,0.216296597745869,0.405841911264085,0.350551460749539,0.341624683611655,0.332006900530445,0.330221427067176,0.35339781632493,0.398633085826749,0.360758308314341
1109,0.21633958937755,0.40594112324252,0.350793378098084,0.341976134970086,0.332170445463197,0.330280824767657,0.353531085082904,0.39870338469887,0.360985337962887
1110,0.216405898822842,0.406092085411336,0.351021232939419,0.34234037336152,0.332326080426484,0.330333758863859,0.35368632322394,0.398779267508416,0.36126115874919
1111,0.216476800516837,0.406275090275812,0.351257236522651,0.342679342656547,0.33251370908909,0.33037089201161,0.353835421460393,0.398886211574866,0.361554642592313
1112,0.216545502563704,0.406463004920227,0.351501662629424,0.343082995368272,0.332681106948583,0.33045915706626,0.353972329423034,0.398974351276681,0.361841672020359
1113,0.216638609764552,0.406683158847984,0.351739716424976,0.343489453954385,0.332837189441579,0.330551224734311,0.354116838979073,0.399082199798487,0.362140584212079
1114,0.216701237798213,0.406872869516922,0.351975025746324,0.343933564166331,0.332984430666468,0.330681090941188,0.354249100874232,0.399147539862975,0.362416442766692
1115,0.216735563889473,0.407070664728194,0.352248915195697,0.344464138742616,0.333127722900948,0.330908047996592,0.354341018209135,0.399188507679677,0.362678348411971
1116,0.216791349497852,0.40725248378908,0.352470158814528,0.344920284724029,0.333279054800722,0.331025251679715,0.354479614642258,0.399243319849412,0.362950852790822
1117,0.216848793573093,0.407395480643757,0.352618976782644,0.345356604979192,0.333395805995435,0.33108958668412,0.354634161407417,0.399257580822519,0.363198910531011
1118,0.216903065254049,0.407572350787947,0.35284497496577,0.345794401244353,0.333563829904133,0.33119377851559,0.354797587105993,0.399318671442809,0.363477817154475
1119,0.216962472509377,0.407767345903278,0.353115793442446,0.346191669109892,0.333797007391664,0.331258519171651,0.354995596326671,0.399419431328506,0.363799168292084
1120,0.217026110271831,0.407956956826096,0.353340384612563,0.346627206646416,0.333976269730709,0.331347862328689,0.355172179150008,0.399505128566832,0.364090196088116
1121,0.217091551742985,0.408180697676792,0.353566453345404,0.347100924726074,0.334129445230202,0.331470611818283,0.355353637017282,0.399626353406745,0.364389724889278
1122,0.217150916628854,0.408361282001317,0.353807524575985,0.347546502567652,0.334315355119421,0.331601994599814,0.355523105686358,0.399705926932272,0.36466418835482
1123,0.217199480395182,0.408506977600703,0.35402312051163,0.34799915533789,0.334500652885399,0.331754450272479,0.35565479966482,0.399748912455748,0.364896792351963
1124,0.21726641868113,0.408664435893548,0.354240126191413,0.348434102962866,0.334675013898873,0.331873437349752,0.35582231485525,0.399802288171333,0.365149947856992
1125,0.217339925215792,0.408815666254241,0.354466549811309,0.348855399349475,0.334855492498246,0.331986338325484,0.356003066027698,0.399850283144658,0.365405862578101
1126,0.217409558233651,0.408940753096033,0.354742416671168,0.34924901857995,0.335066231487247,0.332105764155629,0.356201261072409,0.399884695245689,0.365665960996142
1127,0.217495013948349,0.40909567425342,0.354954269640271,0.349665926484007,0.335263798178024,0.332240511168222,0.356374986112159,0.39991741107049,0.365908177895296
1128,0.217602588395954,0.409260075142251,0.355101120231664,0.350096305401551,0.335440251611534,0.33234834091413,0.356566868201681,0.399950996526535,0.366152941848415
1129,0.217702881469534,0.409439377362668,0.355338427779124,0.350491839145381,0.335628939711603,0.332485429010307,0.356734115031804,0.399990839773115,0.366392211940579
1130,0.217813723770939,0.409635780882151,0.35561959918159,0.350868371313966,0.335839569948801,0.332680304899492,0.356864040758975,0.400011573091005,0.366611500323622
1131,0.217900056499402,0.409819984629069,0.355849624661144,0.351266184611276,0.336035940687459,0.332817983513668,0.357021644190767,0.400057935616093,0.36683900795255
1132,0.217989743020716,0.410030286074741,0.356113880009051,0.351620075908711,0.336197855345038,0.332895579650548,0.357182018664609,0.400139806391237,0.367083662868916
1133,0.218058751999733,0.410202273929385,0.356331820513002,0.352049474250373,0.33640870884251,0.333046474108033,0.357358235317463,0.400188316496577,0.367305672971922
1134,0.218089219146697,0.410340609853753,0.356457814113442,0.352565932281094,0.336678291369069,0.33323856231305,0.357548468367503,0.400229243113851,0.367479856211777
1135,0.218146373168881,0.410497944252627,0.356665661867746,0.353008299158511,0.336883202663957,0.333393056405095,0.357733598275309,0.400268122497435,0.367719407566242
1136,0.218183529121244,0.410640023067626,0.35692074911756,0.353455105575699,0.337068295542685,0.333570914927247,0.357931510490904,0.400280080268086,0.368002648872804
1137,0.218266117041291,0.410799494119943,0.357149700410933,0.353885033282485,0.337266663337919,0.333731391196094,0.358123850617982,0.400317963349214,0.3682521361066
1138,0.218406973425684,0.410988739968761,0.35740334706125,0.354281179107708,0.337421359044054,0.333851434031381,0.358293770771162,0.400371593800246,0.368549380154654
1139,0.218503483458521,0.41115251654943,0.357636664690289,0.354664173967608,0.337606276114371,0.333983155850099,0.358493524767914,0.40042046691248,0.368791824893967
1140,0.218606602288251,0.411292939546485,0.357843070992184,0.355020545521395,0.337841345311826,0.33409979232814,0.358741471107205,0.400476974715804,0.368959787651927
1141,0.218701861335651,0.411457225088671,0.35805523222897,0.355405809251993,0.338048443711765,0.334258783110495,0.358943129870711,0.400534588564619,0.369160394634849
1142,0.218783453686048,0.411626671298569,0.358266576250508,0.355793614138203,0.338246884960316,0.334435175852879,0.359131746964439,0.400592752856182,0.369362979965215
1143,0.218817645651412,0.411796675594592,0.358464070306263,0.356161532393452,0.338437591513705,0.334628958315607,0.359319039066913,0.400657238452339,0.369559067515707
1144,0.218913008580675,0.411953620372215,0.358714090254053,0.356549615257549,0.338620052072554,0.334786624266015,0.359503058663932,0.400690835549838,0.36976333211527
1145,0.219025819030502,0.412131881072497,0.358990506704085,0.356964227637727,0.338783740689191,0.334962415955314,0.359659637177313,0.40071735713495,0.369986910127787
1146,0.219157201549408,0.412272525865234,0.359242033140358,0.357379128461992,0.338969486036684,0.335129252736171,0.359821525958787,0.400739534278796,0.370186536526232
1147,0.219331091515824,0.412380701570871,0.359534990080706,0.357802198366791,0.339133875027992,0.335237887924068,0.359993119198275,0.400738868694053,0.370381063725295
1148,0.219459391836541,0.412496564298812,0.35977064772176,0.358194235871204,0.339358101838916,0.335418033786321,0.360159650349027,0.400742431123173,0.37056148679354
1149,0.219578035046893,0.412577353519392,0.359974378142547,0.358589333552298,0.339617475254763,0.335662327390819,0.360288237727828,0.400732479527432,0.370716728165869
1150,0.21971023827076,0.412721116913271,0.360158474106688,0.358982091402975,0.339878507204917,0.335863342881728,0.360468840529489,0.400756958371418,0.370898335917446
1151,0.219830259403665,0.412898338000205,0.360314403820948,0.359326166981356,0.340212944542821,0.336075099907025,0.360709309614005,0.400797718069812,0.371088088538786
1152,0.219950890152109,0.413052608604664,0.360475402959487,0.359718780826065,0.340462170393183,0.336262110925353,0.360891357339956,0.400822593054295,0.371265304389288
1153,0.220096610860363,0.413255775348886,0.36057234068393,0.36018766316376,0.340684721348394,0.336437302890692,0.361052603462775,0.40086244351926,0.371439207202111
1154,0.220218485843661,0.413410917178551,0.360747695009549,0.360573139575261,0.340889072966944,0.336592753126829,0.361234666780908,0.400902851122678,0.371630898127276
1155,0.220293356858097,0.413511131885505,0.360962198613069,0.360917294440487,0.341016118983572,0.336703115951098,0.361385233114772,0.400910620958445,0.371833205696012
1156,0.220410573274201,0.413636947019774,0.361181685186022,0.361277338119217,0.341195538075211,0.336853531113933,0.361562490502275,0.400950643042085,0.372012840894971
1157,0.220563919125378,0.413764391618656,0.361475753938284,0.361578410483107,0.341393633194106,0.337008539867193,0.361811343898329,0.401069065395939,0.372208502045502
1158,0.220689841970104,0.413888982328895,0.361713693212972,0.361925639609248,0.341588363138053,0.337165269025023,0.361998026410622,0.401111431894469,0.372386841814893
1159,0.220837314609515,0.41401059198293,0.3619175722716,0.362345348255944,0.341815072746504,0.337344630466664,0.362131840684011,0.401080086796529,0.372499482423317
1160,0.220955974227017,0.414140113392104,0.362133362017605,0.362713976468685,0.342018126376597,0.337525468876407,0.362295140468042,0.401105925414395,0.372663630174233
1161,0.221053550965833,0.414272750043734,0.362342430069188,0.363067260001064,0.342209811193481,0.337706713743405,0.362456976030303,0.40113827200276,0.372848455837214
1162,0.221105382699024,0.414401795982885,0.362526933110368,0.363406337966326,0.342369737893435,0.337875725326721,0.36258981707187,0.401138717896735,0.373055789268871
1163,0.221200436507623,0.414548525622725,0.362732840843556,0.363755809056161,0.342583520315285,0.338061211562066,0.362763942244431,0.401184698047335,0.373258692441295
1164,0.221293859417833,0.414715542931003,0.362953291286709,0.364074237609447,0.342820649830425,0.338275114349622,0.362976324807402,0.401305614812432,0.373495321755595
1165,0.221400913005404,0.414862083617716,0.36316777366919,0.364427012995248,0.343026702002917,0.338450135245872,0.363165399841259,0.401355475909226,0.373700214297254
1166,0.221535104711173,0.415013729046683,0.363373706883372,0.364818560074126,0.34325751879196,0.33861444230448,0.363361384214319,0.401369330721086,0.373899086750406
1167,0.221648443156388,0.415148652417114,0.363592964131966,0.365177063693177,0.343457584513149,0.338772379502318,0.363536920007312,0.401406802110415,0.374080926885259
1168,0.22176123101375,0.41527355946113,0.363856439898399,0.365524440593101,0.343613462621321,0.338905078225761,0.363697698806044,0.401430650151788,0.374235054513108
1169,0.221861605102046,0.415388944059428,0.364042719295343,0.365873176284909,0.343789909429605,0.339051581062031,0.363870834130011,0.401479247023084,0.374420792828997
1170,0.221940794433245,0.415480988635989,0.364177957697508,0.366191857226486,0.343963714968058,0.339199693780403,0.364032909561142,0.401545828718663,0.374596141501283
1171,0.222042748030694,0.415594744666578,0.364350891582011,0.36655377691052,0.344154616200262,0.339346888772272,0.364204110870433,0.401607811161978,0.374792127482522
1172,0.222158527355165,0.415703284823772,0.36447688770511,0.366950340340598,0.34434197295947,0.339475161236669,0.364378072821491,0.401691899251369,0.375035178243749
1173,0.222256183432203,0.415825368238522,0.364649572471335,0.367325369007032,0.344545643994607,0.339641248818564,0.364567624031215,0.401747972298563,0.375240847594825
1174,0.22235186225284,0.415966148023999,0.364884327556724,0.367729813881108,0.344825285440658,0.339851430930825,0.364783037921228,0.401779599845118,0.375427667364404
1175,0.222453426748406,0.416105787647886,0.36509454605434,0.368101795663407,0.345015790259962,0.340020214542447,0.364972723721287,0.401835476343342,0.375628634807748
1176,0.222529092802976,0.416245238449935,0.365305847119248,0.368436730136312,0.345132687202603,0.340203595557894,0.365171284238748,0.401907762963264,0.375842571501506
1177,0.222629954728879,0.416392004936975,0.365508092386085,0.368779727687948,0.345295807808852,0.340362553006659,0.365350818963877,0.401948473241846,0.37602291853204
1178,0.22276470130415,0.41656055336005,0.365699923580281,0.36910469556077,0.345449277213405,0.340483891272506,0.365503561686432,0.40198996475519,0.376177010452016
1179,0.222900655587921,0.416714228572653,0.365903202165907,0.369452490992096,0.345574799734162,0.340595573294171,0.36564613114993,0.402018440616081,0.376353251484283
1180,0.222986645230792,0.416846939006136,0.366097608746589,0.369787943276513,0.345723760057109,0.340705931499431,0.365799219748752,0.40204804002032,0.376525205462327
1181,0.223054639148573,0.416959836650823,0.366277575447167,0.370123049959014,0.345913700237911,0.340796123425969,0.365949521559389,0.402031982543338,0.376661878079288
1182,0.223126695234488,0.417103962156297,0.366483191251087,0.370457329238184,0.346079479877953,0.340936503027834,0.366111646411577,0.402085378925182,0.37684641636615
1183,0.223156246544148,0.417249847434142,0.366713111209406,0.370787670863303,0.346211777892587,0.341097591175631,0.366286141185201,0.402191043431034,0.377078269037921
1184,0.223222499937892,0.41738272086109,0.366907242920698,0.371118283398837,0.346382437273044,0.341233154228132,0.366439002914517,0.402248677495966,0.377266259490345
1185,0.223320909761686,0.417530250622045,0.367103144424354,0.371437311419214,0.346595614891621,0.341386543358184,0.36658601489165,0.402315184345406,0.377438471552385
1186,0.223392089519975,0.417673588155954,0.367283694566192,0.371789060662919,0.346773512958842,0.341541266065058,0.36674225542887,0.40236513070741,0.377634609544215
1187,0.223442834617751,0.417779626403968,0.367404491026299,0.372157131139302,0.346946418624879,0.341677581567223,0.366891989897024,0.402381090053247,0.377824958524719
1188,0.223517951451415,0.417924150882595,0.367595228871738,0.372522619655673,0.347106073557661,0.341815239445175,0.367041019805593,0.402414239139951,0.378027052010521
1189,0.223602227497463,0.418131697533453,0.367841398938655,0.372914917520571,0.347232872151819,0.341982178752644,0.367199419419171,0.402455593068296,0.378265752187235
1190,0.223681907031655,0.418273572603578,0.368038496139655,0.3732858703663,0.347390661952474,0.342122505000243,0.367349781311221,0.402493082276875,0.378467386377817
1191,0.223772430929277,0.418374188854155,0.368237534349777,0.37365715011949,0.347561071674921,0.342228205295894,0.367477876594106,0.402523715222831,0.378639365439493
1192,0.223860708378036,0.418502560339681,0.368440904657803,0.374003896658821,0.347728148622988,0.342345873989784,0.367630286989272,0.40256618426857,0.378833103889545
1193,0.223954602849713,0.418596967020253,0.368584651919181,0.374310902512802,0.347911807876142,0.342465275904409,0.367814384181792,0.402618689538544,0.379021794859979
1194,0.224025826460972,0.418731106020892,0.368792414814028,0.374658452241429,0.348085921075637,0.342589632049448,0.367969114893768,0.402662836103861,0.379217644319161
1195,0.224074722497349,0.418934603306049,0.369095910531356,0.374991531745931,0.348231129542365,0.342688661141075,0.368120622946624,0.402721023478872,0.3794364897833
1196,0.224149237932368,0.419089353409569,0.369327457208143,0.375355648870692,0.348405805474106,0.342829180614432,0.36826327027005,0.402754279944723,0.379642948920472
1197,0.224230612916245,0.419248166844528,0.369557917252626,0.375766021312746,0.348584670822792,0.343031084908178,0.368367057898042,0.402735440844694,0.379828143231447
1198,0.224287964544252,0.419368878286411,0.369750948309115,0.37618744457721,0.348796988803471,0.343188132094014,0.368492390356299,0.402773125714017,0.380037250590752
1199,0.22437159188842,0.419478223012935,0.369946197591753,0.376578455491325,0.349003277536058,0.34332219114077,0.368645013158914,0.402822558621157,0.380246825875792
1200,0.224496800948384,0.419537823243927,0.370081947371991,0.376968074090786,0.349244208908919,0.343461317147749,0.368816758063015,0.402868308560622,0.380452886969039
1201,0.224563661326668,0.419653690837665,0.370288523291238,0.37734496886822,0.349430056147497,0.343579105568921,0.368975361495294,0.402944677531712,0.380671761340327
1202,0.224602805233249,0.419781662886856,0.370544952777096,0.377698833467337,0.349587420980883,0.343637090196084,0.369163480183001,0.403089300202479,0.38091813616095
1203,0.224662530560933,0.419911546024299,0.370752592165867,0.378067722660662,0.349768790395102,0.343757966230478,0.369324252819256,0.403152590093736,0.38113244343632
1204,0.22470386889037,0.420069019475492,0.370955932208068,0.378428083719407,0.349939201215794,0.343901382523442,0.369462092893103,0.40319851171295,0.381337069751464
1205,0.224761099387865,0.420200348827643,0.371154805652538,0.378816307267864,0.350107584030716,0.344057450139398,0.369611141982669,0.403227930497249,0.381546506762528
1206,0.224824559495204,0.420315521296635,0.3713237833754,0.379221455686047,0.350291596169869,0.344247689186469,0.369762217936595,0.403196546984375,0.381740558146746
1207,0.224906296043405,0.420439919724314,0.371514382258165,0.379620060072967,0.350462669135481,0.344399242578207,0.369899771538207,0.403217439300012,0.381936474881012
1208,0.224999357574842,0.420553071407782,0.371721728386514,0.380049341008694,0.350614362727527,0.344571804862886,0.370020067754856,0.403246550072076,0.382119887308281
1209,0.225090920962417,0.420690439134658,0.371924979750426,0.380438222772064,0.350770395911367,0.344694564183323,0.370169615601716,0.403286439443041,0.382343198513524
1210,0.225219475917795,0.420852385347525,0.372128093601695,0.380786125817956,0.350930943175355,0.344734760150927,0.370339583194352,0.403365385452151,0.38260389175915
1211,0.225308593480982,0.420994174715249,0.372333228313555,0.381172584499822,0.351092861565397,0.344849752537049,0.370483510760298,0.403415148798037,0.38282539586416
1212,0.225359571145518,0.421135053903597,0.372546110044632,0.381529935160404,0.351230183063409,0.344993360154585,0.370618118828215,0.403460074588554,0.383056452050942
1213,0.225435627313068,0.421280784709049,0.372747547122755,0.381947515976011,0.351398768580488,0.345117624258595,0.370770968956966,0.403497490005847,0.383277470827085
1214,0.22551183012974,0.421430443446327,0.372937539007347,0.382463072180137,0.351613439760282,0.345270322851784,0.370910354121547,0.403506636666356,0.383456414993652
1215,0.225583905020428,0.421562712000038,0.373138361822132,0.38290228546317,0.351788172437347,0.345413209264273,0.371063059605058,0.403535956134979,0.383648981474105
1216,0.225651607189629,0.421696569959554,0.373341150511938,0.383325924455726,0.351945926929529,0.345539333862203,0.371256673237387,0.403573476484265,0.383843567445413
1217,0.225749791228585,0.421821541743783,0.373546005633971,0.383756541005838,0.352130222872068,0.345649317546057,0.371432410429,0.40360808809965,0.384063127508682
1218,0.225835064805652,0.421920114248659,0.37374521839078,0.384124709214392,0.352257926679025,0.345767999252328,0.371570482686176,0.403653205915941,0.384265547207223
1219,0.225909780492964,0.422002355421323,0.373940288823844,0.384519125655316,0.352392873139685,0.345927318612833,0.371690637164219,0.403720372435354,0.384495856480887
1220,0.225988355574888,0.422122589518065,0.374129454526194,0.384940901351807,0.352541271326611,0.346043040024224,0.371829004277342,0.403744138035693,0.384717463809123
1221,0.226074862025096,0.422267823152805,0.374294534451726,0.38540155434732,0.352689416291917,0.346118989960658,0.371960947073907,0.403745148035114,0.38495672195281
1222,0.226151333764128,0.4223779089262,0.374489856824345,0.385833559995631,0.352857298093415,0.34625056097498,0.372091413489155,0.403760173385068,0.38517837141116
1223,0.226219191503078,0.422475312798694,0.374695710133726,0.386283247863378,0.353054608724614,0.346403067803966,0.372232437372795,0.403740032428728,0.38538224393574
1224,0.226287960480168,0.422611949278823,0.374909933288774,0.386688269378697,0.35321081108763,0.346525534536142,0.372370211982003,0.403775884849549,0.385603067475566
1225,0.226354186629723,0.422756835230793,0.37514761285073,0.387056289182793,0.353359779806211,0.346675520526082,0.372484166212374,0.403864303950108,0.385836471111129
1226,0.22642959124603,0.42288263539282,0.375366838207686,0.387454614856246,0.353515921132291,0.34679599946079,0.372624642771516,0.403900800514266,0.386055609673739
1227,0.226513258474976,0.423048747511925,0.375591788937112,0.387836456356789,0.353644048222448,0.346856421805257,0.372797842150887,0.403933526242041,0.386286559064121
1228,0.226580614285265,0.423174199001936,0.375793370852982,0.38824404680082,0.353804215932816,0.346977506459928,0.372938081503822,0.403969830245965,0.386494565089863
1229,0.226642268225975,0.423227117163583,0.375973209156191,0.388697175341542,0.353998980282571,0.347139694015252,0.373082241504842,0.403983190233968,0.386679080965952
1230,0.226709250353797,0.423333496161667,0.376165187036705,0.389104976834335,0.354167082640435,0.347268535808997,0.373208763394849,0.404006059233699,0.38686811266656
1231,0.226761726124313,0.423490061293393,0.376351988456348,0.38949404090895,0.354327176045428,0.34739033926333,0.373301720918269,0.40404048494866,0.38703572013849
1232,0.226823107417708,0.423598400769141,0.376535564191704,0.389889466765607,0.354488358341359,0.347526638178795,0.373408177116054,0.404075616376432,0.387223118278023
1233,0.226911982735876,0.423676172330058,0.376702859408903,0.390275431876028,0.354644697508044,0.347672645723621,0.373500500421628,0.404092922687326,0.387423124657587
1234,0.22697679990859,0.423786215959819,0.376901574862748,0.390652081156267,0.354802550184757,0.347793816129485,0.37361432197689,0.404127347314813,0.387623624149288
1235,0.227017752885165,0.42389882097303,0.377112623648063,0.39103302988296,0.354975174325545,0.347909441322825,0.373729101266742,0.404189004636733,0.387841172740856
1236,0.227071483157087,0.423987690357801,0.377332429112199,0.391398005739364,0.355119505994262,0.348045256095987,0.373878225525264,0.404250606064917,0.388039853709055
1237,0.227139484698829,0.424116042965354,0.377539886126284,0.391744960584052,0.355247925206851,0.348138458847067,0.374028455635183,0.40425030538206,0.38825242052473
1238,0.22720353814175,0.424270035895441,0.377766158519505,0.39212488575108,0.355411852119057,0.348194067842488,0.3741597828773,0.404250470613663,0.388449349901969
1239,0.227289818134176,0.424390677362452,0.377957413413319,0.392541816184844,0.355585488956242,0.348317196610619,0.374273785079248,0.404277683504528,0.388648697237963
1240,0.227359593477971,0.424510709670641,0.378126040112436,0.392908209551293,0.35572252377941,0.348428541746969,0.37435972398726,0.404303873995664,0.388873352236489
1241,0.227403317967116,0.424616510409113,0.378307118585024,0.393254164025004,0.355851480483794,0.348536210062068,0.374488808997614,0.404350214515131,0.389060346843084
1242,0.227413767533438,0.424706888003558,0.378489468867217,0.393566052665863,0.355970277383133,0.34865705002019,0.374625898649273,0.404462440705832,0.389229676578973
1243,0.227449621071087,0.424812333047489,0.378679209091482,0.393913353802863,0.356097702861845,0.34877399438697,0.374769940693838,0.40450677455899,0.389411549244226
1244,0.227477251494922,0.424921683708683,0.378879105648752,0.394249175789534,0.356202915596133,0.348870011029386,0.374964976716625,0.404509765694223,0.38957183589129
1245,0.22751819997995,0.425013376664038,0.379052347443822,0.39459947130243,0.356327751884605,0.34899377027567,0.375093880391522,0.404541993340974,0.389756392764136
1246,0.227572935019779,0.425097094891446,0.379219459631303,0.394976472169276,0.356480372878217,0.349151259023348,0.375174652807773,0.404576712813758,0.389963214090238
1247,0.227621081709732,0.425203391721086,0.3793907385449,0.395341213596154,0.356605736787688,0.349265724639604,0.375292897492262,0.404594851304028,0.390156809301492
1248,0.227667907228494,0.425304536541278,0.379522882367209,0.395699717135547,0.356698416779542,0.349357981617394,0.375390568690678,0.404605121606645,0.390356868169229
1249,0.227713624984774,0.425406737037226,0.379709372224219,0.396048390065049,0.356836135476878,0.349469108879438,0.375517071038646,0.404629912397365,0.390536998460641
1250,0.227767453549882,0.425546252332397,0.379966711143305,0.3964119954552,0.357007639440909,0.349573662695847,0.375701278818737,0.404638080448517,0.390707642191827
1251,0.227811163188145,0.425649980140859,0.380147640281208,0.396756621503092,0.357143329331853,0.349678045326163,0.375830855024864,0.404671157958883,0.390883326208514
1252,0.227845032760381,0.425715053620501,0.380302213493215,0.397071343646087,0.357294861802762,0.349788746352095,0.375927942330395,0.404733090735763,0.391031508636077
1253,0.227884666809655,0.42579630767426,0.380464951845465,0.397396071457975,0.357423553953919,0.349911046852606,0.376045930612979,0.404790180760458,0.391210950994596
1254,0.227923433786106,0.425863851889135,0.380568837903153,0.397720638846534,0.357497285923545,0.350044627144478,0.376155949279512,0.404869678356159,0.391419912481546
1255,0.227961217330118,0.425957594884371,0.380726171657356,0.398040740537662,0.357602757638263,0.350150969506745,0.376263782338417,0.404916182114292,0.391610568403779
1256,0.228011114039272,0.426079492873364,0.380928375679384,0.398362721854191,0.357731005802714,0.350256647831226,0.376381125892159,0.404950273219755,0.391807423412642
1257,0.228038332267182,0.426186902793312,0.381128171117323,0.398670835946338,0.357840879381694,0.350361701746102,0.37650042024105,0.404980300228201,0.392004497327671
1258,0.228057033526932,0.426287878985968,0.381323890946363,0.398986903919007,0.357932765242901,0.350441449384882,0.376602001621254,0.404980278312256,0.392157898452381
1259,0.228075257409572,0.426368193222187,0.381501575110569,0.399311627328185,0.358063286782557,0.350516257318121,0.376688885763835,0.405004299803647,0.39232694094905
1260,0.228106796075466,0.42641599164074,0.381642200663034,0.399620519766544,0.358177673186961,0.350600082989033,0.376801287245726,0.40507644314791,0.392527070368939
1261,0.228141802414966,0.42648559332316,0.381791274742012,0.399926609372927,0.358295881155998,0.350714962430259,0.376924108514492,0.405156687087787,0.392727177127918
1262,0.228188073310341,0.426573701039574,0.38194604565119,0.400243005678717,0.358459767337909,0.350846143464923,0.377022430575317,0.40523287688743,0.392925356924515
1263,0.228245114964131,0.426666160686291,0.382103702865743,0.400569429006396,0.358624241384691,0.350970533612487,0.37714735675118,0.405273987760698,0.393094035048693
1264,0.228289032156341,0.426755094932855,0.382275822582742,0.40088672195981,0.358755011841041,0.351081132587235,0.377287580609551,0.405300977983458,0.393263827784876
1265,0.228331048637763,0.426847753868663,0.382473366820719,0.401218418726581,0.358870343213102,0.351203589153817,0.377449644149955,0.405275638783112,0.393394418570847
1266,0.228369619686716,0.426947124939901,0.382654709118203,0.401534709204036,0.358987355395589,0.351297932091875,0.377571786929249,0.405297302528032,0.393553631264064
1267,0.228393210786223,0.427054692974839,0.382852778522345,0.401835204993748,0.359074978262412,0.351351514045037,0.377702923485949,0.405319215951871,0.393727941942304
1268,0.228436702400725,0.427143182785296,0.38300592753571,0.402132671922515,0.35919220281874,0.35143869533208,0.377819379076369,0.405373060361009,0.393905026273527
1269,0.228499304469461,0.42723295960003,0.383118049922612,0.402428843193781,0.359336429620708,0.351534287193493,0.377890763299518,0.405475651215855,0.394089687926122
1270,0.228530471625636,0.427312396861021,0.383264599691813,0.402724896299437,0.359458090549487,0.351630801646106,0.377998795723712,0.405529373090975,0.394263077792495
1271,0.228552283968033,0.427365259445726,0.383388067280329,0.402997355915262,0.359566688479609,0.35172695169968,0.378122540586636,0.405571221072265,0.394441824674251
1272,0.228583968535603,0.427436282961226,0.383546483257385,0.403299841816955,0.359684292638414,0.351837745517256,0.378251665296318,0.405623676232559,0.394613160779109
1273,0.228597387499721,0.427529581188429,0.383772635104597,0.403629684341665,0.359788473700604,0.351953313589262,0.378392704773529,0.405642906059033,0.394760935783537
1274,0.228618769080821,0.427597351001538,0.38394197978763,0.403936860501988,0.359908013307337,0.35207437688295,0.378523247205875,0.405693384751663,0.394919980121645
1275,0.228644968790171,0.427632415331023,0.384070367366097,0.40422592397875,0.360030246403158,0.352207210297062,0.378654683572701,0.405791174948571,0.395099244609285
1276,0.228690711158523,0.427702224662439,0.384227741915775,0.404553026730605,0.360183587572221,0.352355356055065,0.378795309119445,0.405850512304022,0.395261081878699
1277,0.22875134615865,0.427778742039913,0.384367933007866,0.404892089419465,0.360386765919223,0.352517751857593,0.378922867882885,0.405887305699788,0.395423323365333
1278,0.228800844978458,0.427861761130971,0.384533487460858,0.405229212857419,0.360546800698261,0.352674671444962,0.379076196015845,0.405946838560855,0.395575054122086
1279,0.228871091106526,0.427962472269956,0.384724642863118,0.405594901730684,0.360701707970306,0.35284327887589,0.379267340516051,0.406006182767689,0.395725239382688
1280,0.228919673099186,0.428080548834176,0.384938710085655,0.405969961540709,0.360860133357156,0.353005238374687,0.379435472309238,0.406065815605667,0.395846042481728
1281,0.228952183853748,0.428202937771254,0.385152084647383,0.406285995275172,0.360991008941948,0.353174183870541,0.379594904387186,0.406130686137423,0.395946880078691
1282,0.228990292212924,0.428278267017295,0.385321887389251,0.406605428491253,0.361125553180364,0.353357852180466,0.379747844730869,0.406192235984796,0.396028273395187
1283,0.229070784202828,0.428355842820014,0.385474482689471,0.406955140699431,0.361346759644785,0.353557582332792,0.37986147629983,0.406215735521174,0.396124750608835
1284,0.229168186841979,0.428490294509039,0.385659178644468,0.40727761370712,0.361546386348108,0.353763033982352,0.380013300240157,0.406251147085357,0.396258759505665
1285,0.229264713936355,0.428610092607823,0.385818233811079,0.40760633343749,0.361705566307211,0.353967424096567,0.380230476200181,0.40635805381807,0.396459266510074
1286,0.229373298213726,0.428708557246351,0.385953618337035,0.407951156934709,0.361878528904594,0.354155530173966,0.380439864645691,0.406446863203597,0.396680081705736
1287,0.229456383064897,0.428803625068286,0.386095153370382,0.408295271113983,0.362063006029619,0.354367648105316,0.380621346498944,0.406513582864647,0.396838910737469
1288,0.229522500062123,0.428884338019542,0.386219229278709,0.408644884961628,0.362233661811781,0.354604578416326,0.380822065862367,0.406603391791347,0.396983439005546
1289,0.229585685546497,0.42898259683837,0.386371484202213,0.408970345076492,0.362416848553575,0.354811329027191,0.380987746640463,0.406653583420868,0.397117660714104
1290,0.229644961695594,0.429086610963056,0.386536467692129,0.409296605991265,0.362635808952728,0.355023190540555,0.381100298402575,0.406642954616973,0.397200172667507
1291,0.229687720280643,0.429181947099376,0.386703328464987,0.409618958793854,0.362834360464817,0.355225876808089,0.381238628610421,0.406672018605742,0.39731456812713
1292,0.229700152088959,0.429310321140818,0.386910794095085,0.409910866488232,0.362996064201091,0.355400147259152,0.381384004086957,0.40670646942257,0.397446022999776
1293,0.229747590397367,0.429388310353639,0.387066659656426,0.410219314869693,0.363198130926629,0.355589318040879,0.381534527906798,0.406746905932858,0.397583025045245
1294,0.229812216116773,0.429405927603031,0.387181086692451,0.410542600401736,0.363453708164317,0.355787734662607,0.381677289693011,0.406803159388917,0.397726911586743
1295,0.229852393302499,0.429465048292738,0.387321857563698,0.410862100466187,0.363645374529618,0.355973580757615,0.381832627808084,0.406848071581054,0.397854957163319
1296,0.229894709323279,0.42952341462203,0.387448399590575,0.41120225574014,0.363833963761093,0.356167263657762,0.382030183504019,0.406899492627856,0.397990456490587
1297,0.229942444136818,0.429577153496803,0.38758621355805,0.411493296350757,0.363998078899375,0.356333782388934,0.382167874897398,0.406936300522509,0.398112450404028
1298,0.229979905725363,0.42966438720129,0.387759043038369,0.411763379775328,0.364094211494507,0.356466987745421,0.382273867806711,0.406955645869446,0.398192142823574
1299,0.230004214108879,0.429726350660985,0.387902847328666,0.412029139053325,0.364228131048425,0.356627619360824,0.382386118164234,0.406976647478016,0.398318807512667
1300,0.23003852638901,0.429765480287689,0.388031864611958,0.41225172369225,0.364384673550543,0.356822527994475,0.382450851992493,0.406991973095069,0.398481727043509
1301,0.2300678645033,0.429801258807383,0.388158023998053,0.412494059269396,0.364521485796617,0.356956657073339,0.382551686227096,0.407013680391107,0.398622997435885
1302,0.230084106517704,0.429831366813246,0.388260014656818,0.412746248720056,0.364679510785725,0.35707216262796,0.382687543002012,0.407034915076238,0.398786321162792
1303,0.230078115368782,0.42984518390765,0.388379733560489,0.413009496652559,0.364798215506054,0.35718702766585,0.382813446579591,0.40705898862388,0.398930233450722
1304,0.230091981745766,0.429854780684362,0.388527689847734,0.413244362852129,0.364844517890168,0.357238881520191,0.382885851103673,0.407074232363047,0.399007713177682
1305,0.230099524858862,0.429891659039581,0.388671226600663,0.413443120832012,0.364873152010387,0.357258749055584,0.38295999881246,0.40710872919587,0.39911482146677
1306,0.230078051343274,0.429940447906958,0.388815518488685,0.413638965873003,0.364915300905678,0.357316535293485,0.383022666710223,0.407186632896619,0.399268531429117
1307,0.230061997957082,0.429963327431201,0.388951935540259,0.413846294298148,0.36495732976292,0.357393863902683,0.383074204766879,0.407243973551914,0.399429918602641
1308,0.230042707256609,0.430000877185962,0.389052949542218,0.414079568208993,0.365035827464835,0.357488499071008,0.383174730349128,0.407281227980545,0.399603978844186
1309,0.229991624566589,0.430041129758226,0.389154645122778,0.414294658983131,0.365097075162293,0.357553030306062,0.383270308570014,0.407294144369844,0.399767652430823
1310,0.229937408815303,0.430064359163961,0.389286858997491,0.414491256870864,0.365087279007638,0.357607131998705,0.383313881416063,0.407292065019405,0.399897177666038
1311,0.229883259750434,0.430106717765786,0.389396505182722,0.414676948711744,0.365088833923334,0.357638386860392,0.383345363657524,0.407291529320347,0.400005811600805
1312,0.229830043985821,0.430114509405749,0.38949141594605,0.414851493173755,0.36511009868971,0.35763272251802,0.383389317121408,0.407313075727572,0.400141751679205
1313,0.22979218800777,0.430094140212693,0.389567051466458,0.415004903199968,0.365143733176574,0.357561951302126,0.383417614649056,0.407385706241442,0.400291222084194
1314,0.229711064968401,0.43008714021336,0.389663198930774,0.415149715713161,0.365145727958247,0.357543313958751,0.383450596886513,0.407405054373334,0.400447818080063
1315,0.229588155314168,0.430057757801327,0.389755032161546,0.415287596881849,0.365169323750035,0.357527605317662,0.383501913549348,0.407401905503257,0.400633640128657
1316,0.229522434453338,0.430050661443804,0.389851897539469,0.415417470708859,0.365145445353137,0.357507348860659,0.383541846877499,0.407408556318501,0.40077347466491
1317,0.229459477339227,0.430050486926171,0.389968436823235,0.415504108078529,0.365037744853573,0.357500177817961,0.383564949624192,0.407378050695022,0.400876711588461
1318,0.229380731167843,0.43006573949621,0.390064877879528,0.415637134323761,0.36501120000536,0.357480561090169,0.383591890873598,0.407404668859641,0.401027032087583
1319,0.229350820455696,0.430104628869679,0.390129233616241,0.415798412102351,0.365026995124422,0.357454403348851,0.383625649030702,0.407477880041016,0.401184009022388
1320,0.229274922712335,0.430132965665186,0.390227558821129,0.415948557725907,0.365006663678341,0.357414673136829,0.3836547210555,0.407511413738547,0.401323281116261
1321,0.229125098813721,0.430175556942348,0.390344025133638,0.416116698946822,0.365017485621623,0.357373155081176,0.383676089280307,0.407560084808388,0.401492274654555
1322,0.229041998189171,0.430196760559517,0.390452714995609,0.416277330677204,0.364992855599691,0.357328976659208,0.383697117682527,0.407590700112982,0.40164392547387
1323,0.228986039326054,0.43019706795845,0.39059147974675,0.416449882536729,0.364904060927799,0.357265055526203,0.383722370119603,0.407580162971503,0.401763110313511
1324,0.228926988931466,0.430210771266822,0.390690338250196,0.416573598298094,0.364852868565796,0.357199852332143,0.383729900407753,0.407595146820347,0.401876360397078
1325,0.228914615948891,0.430224114997892,0.390739611602638,0.416658751570086,0.364823557472213,0.357118661835296,0.383714010955342,0.407615095516484,0.401988435110963
1326,0.228854225838502,0.430244204118082,0.390837387699132,0.416766490957972,0.364780159610763,0.357067238131914,0.383724760255768,0.407646934021731,0.402111904739399
1327,0.228763697174438,0.430289456004434,0.390940862382083,0.416855606303864,0.36474119401319,0.357036799798889,0.383726264585546,0.40768236145613,0.402201731581929
1328,0.228686290368221,0.430287180169341,0.391057177585637,0.416938876169546,0.364699341776576,0.356994513549855,0.383766953636903,0.407748197030102,0.402349202006681
1329,0.228588895459757,0.430299259033982,0.391199447010315,0.41703371559551,0.36462321291988,0.356917671760984,0.383824543035767,0.40778424400042,0.402498187684312
1330,0.22849047846228,0.430325648699335,0.391311419088105,0.417176982293736,0.364569027532347,0.356865903016118,0.383858697902159,0.407795690311633,0.402611089343207
1331,0.228447299050633,0.430324684121484,0.391389033087754,0.417301617949482,0.36455860113693,0.356838721500395,0.383898880077336,0.407848137018591,0.402728479953998
1332,0.228400216874259,0.430336761465912,0.391429036760051,0.417428917631084,0.364536126757618,0.356807806412262,0.383924034505667,0.40788843418972,0.402826543841488
1333,0.228331069702426,0.430347855417088,0.391453377225786,0.417594985951439,0.36452793119507,0.356836746657709,0.383936548290608,0.407890116356086,0.40293066674788
1334,0.22827728287429,0.430313647499199,0.391498870970461,0.417707364431501,0.364507274075071,0.356867217235488,0.383962177258563,0.407922551173333,0.403026751185765
1335,0.228209038309265,0.430308453828479,0.391556277088576,0.4177910333684,0.364446929463232,0.356850424413365,0.384025015302548,0.407948166462193,0.403109694339116
1336,0.22814064916694,0.430338959568174,0.391618145397786,0.417874177452481,0.364416085892522,0.356850496240243,0.38409924479651,0.407946376040944,0.403213370010757
1337,0.228105281710702,0.430347615677648,0.391692422842319,0.417938173476296,0.364425474748893,0.356854805569754,0.384154313083861,0.407990687171532,0.40332423089008
1338,0.228061762789025,0.430374455759221,0.39178503518786,0.418036782335397,0.36441750168396,0.356886628453302,0.384234224727376,0.408075547021133,0.403425846679866
1339,0.228017912673306,0.430413671728946,0.391863764842745,0.418140399684378,0.364427600919615,0.356911594334521,0.384305570488704,0.408144722130894,0.403511503837712
1340,0.22797343543618,0.430464051422379,0.391955615007153,0.418276999436618,0.364469650729396,0.356945455266465,0.384350212376606,0.408206384450483,0.403581830365138
1341,0.227936682956831,0.430505019644901,0.392014188999231,0.418375820289092,0.364485764081804,0.356967087606988,0.384419618438301,0.408272459366381,0.403656087018448
1342,0.227899783367895,0.4305725357256,0.392037996220892,0.418456392021758,0.364498530379234,0.356977567669407,0.384522474897167,0.408355675605788,0.403718572349989
1343,0.227868207093102,0.430601029972078,0.392087522710132,0.418545140472414,0.364513049883088,0.357006790506061,0.384585691394369,0.408420468865597,0.403791463955256
1344,0.227843937484932,0.430598152876193,0.392134893821652,0.41862767291495,0.36450950900056,0.357046750225177,0.384630981480121,0.408481078041927,0.403873398845998
1345,0.227818685718469,0.430609412267418,0.392175522402244,0.418713740055828,0.364530991515682,0.357093092652119,0.384684395884751,0.408526014824019,0.403943835093676
1346,0.227790334406602,0.430613712018508,0.392234576899884,0.418804349594235,0.36456597245329,0.357152085229269,0.384728537168376,0.408556706234036,0.404022566076171
1347,0.227771468802478,0.430610230335322,0.39227521912289,0.418901081601033,0.364588806855611,0.357204951442511,0.384785038061663,0.408592544990669,0.404071577576267
1348,0.227764325499673,0.430619031369478,0.392282679811761,0.41900918436583,0.364627560224147,0.357256817112983,0.384842537079811,0.40862902740218,0.404109567726755
1349,0.227745168150763,0.430599955716892,0.392321017903553,0.419082574004411,0.364649315065884,0.357303034716772,0.384903403860617,0.408642210193986,0.404129527738962
1350,0.227724362497078,0.430545741788714,0.392379482449988,0.419135924234182,0.364626302145965,0.357335927060646,0.384961278375562,0.408634670137229,0.404104193917966
1351,0.227710240026439,0.430527567606151,0.392427461437657,0.419216865222863,0.364658106076375,0.357400607364177,0.385027779954246,0.408640676909769,0.404100337342254
1352,0.227691788027725,0.430506464200513,0.392480822261455,0.419303242997302,0.364754495263452,0.357475490023949,0.38512549024015,0.408633029155837,0.404107631253559
1353,0.227683381057897,0.430491261608409,0.392523980859726,0.419360673158672,0.364792040868735,0.357555879594419,0.385195407418865,0.408634227407197,0.40410751766411
1354,0.227686092482141,0.43050736604265,0.392563806013859,0.419422182035744,0.364810514315536,0.357666030713078,0.385256489510623,0.408652927600308,0.404102355651989
1355,0.227676000361874,0.430495383918739,0.392586796860986,0.419473270258319,0.364842067978713,0.357759885922315,0.385305830599476,0.40866753542085,0.40410670598735
1356,0.227693107586712,0.430479131837641,0.392606322341608,0.419510881096312,0.364880745687049,0.357837455352632,0.385361867687115,0.408678660382196,0.404114372647969
1357,0.227716770926857,0.43044999466342,0.392641877208367,0.419556815170475,0.36491500479423,0.357948209143038,0.385417520823713,0.408675697717157,0.404126553550261
1358,0.227731162460456,0.430403691578156,0.392673560003562,0.419617040857732,0.364995222448716,0.358036839609038,0.385471903969903,0.408663761199726,0.404113276916246
1359,0.227745226208217,0.430346243512006,0.392686188866694,0.419685533042468,0.365093612185747,0.358096414813979,0.385518932682671,0.408680424634665,0.404088855978236
1360,0.227758232485847,0.430301903797649,0.392687960040907,0.419746344250626,0.365186841303134,0.35819321400284,0.385555868974906,0.408687443629185,0.404086708274007
1361,0.227754197766991,0.43028465865233,0.392709152872437,0.41979491567864,0.365242883725383,0.35828248248825,0.385624242233398,0.408703677098633,0.404056304538803
1362,0.227767252352819,0.430241796673022,0.392714456336244,0.419849548259076,0.365305071293694,0.358375640945663,0.385745132106785,0.408756359457741,0.404042882889108
1363,0.22780523359178,0.430225658269341,0.392713694135455,0.419897503270024,0.365379227714763,0.358482220808767,0.38586495479203,0.408771065289754,0.40406502935495
1364,0.227836105959666,0.430195447027332,0.392733192980038,0.419921244304656,0.365388686007672,0.358523511386393,0.385954125282866,0.408772966528966,0.404067673592368
1365,0.227862400442004,0.430126715571151,0.392753326769717,0.419957624370196,0.365413666318032,0.358582187246666,0.386015557955852,0.408789286133049,0.404047135790032
1366,0.227881954566669,0.430089562718853,0.392778702376072,0.420015625453406,0.365484436334151,0.358679753360436,0.386083063885017,0.408784409469848,0.404029428963067
1367,0.227896135620594,0.430074601463189,0.392829934179846,0.420092009060801,0.365594697356869,0.358801497704389,0.38610904244365,0.408750286206718,0.404012154022607
1368,0.22791098492392,0.430040022078863,0.392828162108309,0.420175804805242,0.365666515483969,0.358907593224484,0.386179059627052,0.40874544334529,0.404001121491654
1369,0.227929063132225,0.430016530312894,0.39280477216668,0.420295524969067,0.365776725908491,0.359054582178305,0.386303303728487,0.408756156517129,0.404002884591557
1370,0.227925563635628,0.429962368795091,0.392779138884917,0.420358282252743,0.365821113450079,0.359146525434021,0.386357316355759,0.408741002994951,0.403953539524776
1371,0.227930468763265,0.429894803360225,0.392726928777423,0.42041619643454,0.365804898420364,0.359208620235661,0.386385103805994,0.408742790837908,0.403889083858514
1372,0.22788873190982,0.429811097399663,0.392670921772465,0.420442978601,0.365818306672904,0.359262199922911,0.386411019401175,0.408701084044219,0.403822591212574
1373,0.227801350627683,0.429707709118349,0.392642383244495,0.420427136744442,0.365828071390872,0.359296300620025,0.386403544485959,0.408632791261845,0.403721157738087
1374,0.227735547433441,0.429595694103925,0.392552384845263,0.420420604559256,0.365825215929384,0.35933409180621,0.38639895014897,0.408533672730922,0.403617353664094
1375,0.227676315795477,0.429463745193939,0.392414741408144,0.420403642047312,0.36584030077969,0.359367759398947,0.386405291359374,0.408387338716325,0.403533631215842
1376,0.227567442407742,0.429333056204363,0.39226839688138,0.420383981655494,0.365809050695356,0.359375060489273,0.386397784347948,0.408273889295099,0.403417853734767
1377,0.227453741281315,0.429209802415426,0.392098518049651,0.420377171566794,0.365760842018772,0.359389437760901,0.386382374393967,0.408161622174424,0.403262609859933
1378,0.227306136064858,0.429045642434792,0.391906016207926,0.420313303050417,0.36566969100709,0.359353851322224,0.386334914690834,0.408023369878515,0.403105823699752
1379,0.227090309940542,0.428886410201191,0.391702955760378,0.420231667215965,0.365519397888368,0.359258371441823,0.386272453185504,0.407905259699237,0.402970755286073
1380,0.226894625148308,0.428676998300118,0.391468373601459,0.420116520259971,0.365382188242419,0.359188642002064,0.386193023430349,0.407739018004361,0.402769527197504
1381,0.226702123156643,0.428412941864019,0.391204565577713,0.41995649257593,0.365251212232187,0.359141519460862,0.386094737703076,0.407522905379942,0.402526046267316
1382,0.226492146977015,0.428136165088367,0.390910403409147,0.419782957267005,0.365071332122342,0.359023248239593,0.385968003887959,0.40730100030146,0.402271606307552
1383,0.226273065009845,0.427840587774209,0.390594461718537,0.419599434326008,0.364885679742655,0.358889102518036,0.385827847721896,0.407065486857306,0.401998786044768
1384,0.226046959273601,0.427501747691142,0.390241156433997,0.419379334718646,0.36465039916926,0.358711925197683,0.385672997693943,0.406825880013923,0.401674313077266
1385,0.225786908406899,0.427153010415914,0.389854628900699,0.419112946552875,0.364374696937959,0.358486167219611,0.385437298384553,0.406518715667226,0.401301838349623
1386,0.225534239492535,0.42680727189054,0.389479727592664,0.418808100551884,0.36405167257939,0.358245343374632,0.385198000536502,0.406198647789664,0.400896707508292
1387,0.225271812776374,0.426398385907798,0.389080199903893,0.418459551927186,0.363707162805302,0.357994316151496,0.384967768298133,0.40587107076105,0.400479961896891
1388,0.224999166265249,0.425957557412832,0.388670993191968,0.41809183039078,0.363370370941905,0.357719316151517,0.384661187647654,0.405496210286382,0.400061218550612
1389,0.224740047311022,0.425507456503613,0.388239511317162,0.417731414797361,0.362998444878149,0.35740504328012,0.384352472237454,0.405103124182511,0.399650807078218
1390,0.224474754643173,0.425055589165055,0.387777475131889,0.41733511118371,0.362598935574375,0.357053908663832,0.384038948399968,0.404691943082532,0.39921899116977
1391,0.224203608911835,0.424639496490412,0.387318941073425,0.416908258169933,0.36219796228361,0.356681241775794,0.383667241797618,0.404263612062016,0.398725459890289
1392,0.223924470672297,0.424203883378852,0.386839534090214,0.416500012766534,0.361792950065265,0.356342635816305,0.383276971369013,0.403783634880553,0.398195177532715
1393,0.223648945154793,0.423702821185792,0.386389093815958,0.416064839516877,0.361368167445397,0.356007605610214,0.382904419244791,0.403281987512719,0.39766686907602
1394,0.223392764349116,0.423180629050706,0.385957035918625,0.415576502716092,0.360904390132995,0.355621730634295,0.382530309501012,0.402812148666933,0.39716441359212
1395,0.22315350023964,0.422624186299208,0.385459564535684,0.41511081908839,0.360403941068949,0.35525738132878,0.382127530818176,0.40229657423908,0.396648384797715
1396,0.222920945642236,0.422051735375501,0.384984417195812,0.414617939002425,0.359887774145669,0.354868601225111,0.381697901138161,0.401731323717465,0.396073739543108
1397,0.222673880401988,0.421535828694263,0.384507231185224,0.414058586055662,0.359377262337352,0.354423606053841,0.381232585352338,0.401196876730437,0.395482000916895
1398,0.222408974725255,0.421003709964917,0.383952089321659,0.413493298767,0.358856498797167,0.354010367282687,0.380760101641792,0.40068055448797,0.394880785488925
1399,0.22213579913904,0.420471726552484,0.383423813052164,0.412892420971711,0.358327613987052,0.353588894438924,0.380306066561538,0.400167607179585,0.394296725018743
1400,0.221841267364601,0.419958815436472,0.382910511717204,0.412258934514729,0.357825928085108,0.353176789216186,0.379858376149373,0.399678460064948,0.393724957396446
1401,0.221539658038268,0.419409886588716,0.382375061650768,0.411577330931422,0.35726144929297,0.35271682180895,0.379421260426509,0.39917794438544,0.393146972964386
1402,0.221238412554017,0.418847287125524,0.381811095091009,0.410851999578295,0.356648044440074,0.352233749697709,0.3790037162416,0.398655463978725,0.392577858689424
1403,0.220922674211531,0.418266791234993,0.381276990734099,0.410133110226202,0.356040544959757,0.351757106382452,0.378553634638874,0.398173993347292,0.391988908786564
1404,0.220574472827602,0.417640487612887,0.380768996224349,0.409381331746146,0.355398334931824,0.351255370862206,0.378105776598464,0.397711648281181,0.391387527223946
1405,0.220248069888313,0.41704175962504,0.380213849031971,0.408615493417583,0.354779842731615,0.350751420512705,0.37764067368897,0.397250904610333,0.390782327961224
1406,0.219917780812772,0.41644697054426,0.379635959426413,0.407867259833738,0.354169571517049,0.350251500889777,0.377140827199658,0.396819503204079,0.39015917925061
1407,0.219601731400747,0.415852385350844,0.379073618948349,0.407048656445425,0.353549019695721,0.3497432688251,0.376665603933516,0.396380726174224,0.389554174340975
1408,0.219295346541131,0.415232226329383,0.378452619252592,0.406149841027312,0.35290118459027,0.349190453772933,0.37617141737017,0.395889672041589,0.38892567429728
1409,0.219000661366064,0.414685017413229,0.377921714545901,0.405295372740296,0.352313238409598,0.348695640591926,0.375722146367531,0.395505986292902,0.388352883525104
1410,0.218694164994705,0.414136069879275,0.377408965403091,0.404388023907556,0.351708050560497,0.348198787535314,0.375259001414147,0.395135926857475,0.387795761760073
1411,0.218443675501715,0.413664406194419,0.376981136260213,0.403569073021149,0.351192704923042,0.34778739026651,0.374897209866137,0.39486927025104,0.387296129858667
1412,0.218207318842606,0.413240361608692,0.376615512972617,0.402789934030096,0.350727990937918,0.347415089064207,0.374573018991498,0.394656125106395,0.386804858894875
1413,0.218017188533787,0.412908148617695,0.376307321616686,0.402052581263265,0.350336892809067,0.347098856253772,0.374333227276389,0.394572548003406,0.386423168798358
1414,0.217877608681569,0.412609575710624,0.376037037858634,0.401367361331036,0.350009211812434,0.346842408026587,0.374164648029699,0.394583336610135,0.386084724583497
1415,0.217767198352917,0.412427587002887,0.37587027954557,0.400709746974601,0.349744653502355,0.34663550538928,0.374070212708878,0.394679937501848,0.385851509777193
1416,0.217687886969449,0.412353362555928,0.375782727006017,0.400089940355188,0.349561087975178,0.346473979079223,0.374040809874878,0.394886331313155,0.385725527845775
1417,0.217643835656496,0.412355374941224,0.375757574389229,0.399494520377042,0.349411358424611,0.346379701454572,0.37410148835435,0.395181184977126,0.385661410161705
1418,0.217627732583952,0.412419618320316,0.375808352887361,0.398920185848258,0.349296212254194,0.346305638861494,0.374237558582051,0.395537520816091,0.385681350559076
1419,0.217635614917287,0.412562066770755,0.375958689224414,0.398421781311728,0.34923409271459,0.346289453354397,0.374414993049216,0.39597980236653,0.385767587176155
1420,0.217672155564172,0.412726621487576,0.376116818830646,0.39798163869353,0.349241575990446,0.346314195845965,0.374578599546818,0.396442509529408,0.385856350994853
1421,0.217715774911237,0.412889570936929,0.376251811103175,0.397547949440104,0.349273953239625,0.346338626539237,0.374764383750336,0.396936513985088,0.385975380302593
1422,0.217771111586006,0.413087185247236,0.376447702616257,0.397142911526766,0.349326286019695,0.346406231188991,0.374970032515752,0.397455266988462,0.386098152702794
1423,0.217844378810557,0.413305437127115,0.376644116231535,0.396699743661937,0.349368929808866,0.346473677576859,0.375174203174485,0.397957105932614,0.386207514525231
1424,0.217889672723316,0.413524309904163,0.376810251226631,0.396230698240287,0.349377826931282,0.346509004064039,0.375387042940162,0.398469157295771,0.386315756240318
1425,0.217935734290774,0.413754045850133,0.376993866752147,0.395812075782496,0.349402948083545,0.346541852071921,0.375576275751894,0.398968787969114,0.386430690202093
1426,0.217993685708192,0.413907567869605,0.377115575630197,0.395352070580648,0.349424015091711,0.346547236100105,0.375737942769685,0.399411900765261,0.386546532515721
1427,0.218027696668081,0.414018100728704,0.377178587771764,0.394889945559364,0.349441145765129,0.346561487364704,0.375894190748134,0.399869256068856,0.386657850826324
1428,0.21805787526621,0.414148078723651,0.377233863396346,0.394458847401964,0.349420683949031,0.346581235698946,0.376051420369248,0.40033248679414,0.386757623422001
1429,0.218091025816512,0.414232371229723,0.377298390708949,0.394016768642996,0.349389663622347,0.346593215840438,0.376193067632259,0.400744489348438,0.386830125891897
1430,0.218108151641095,0.414343449168567,0.377393439827239,0.393654567147498,0.349422745890932,0.346623564634478,0.376297286456607,0.401134862290504,0.386874990587187
1431,0.218111393490707,0.414477277189776,0.377475397037772,0.393344514444781,0.349422353844342,0.346641723206951,0.376379155492222,0.401481474333569,0.386905194776541
1432,0.218115106925408,0.414544344399167,0.377535451059737,0.393010837528226,0.349411259340734,0.346658794424403,0.376442506113269,0.401786944785933,0.38694382303343
1433,0.218117326963514,0.414605759163861,0.377591244947407,0.392669384048042,0.349444715946318,0.346662652592706,0.37651675282883,0.402108669513499,0.387020924576418
1434,0.218135529991445,0.414689694407304,0.377668398000883,0.392344513488194,0.349446360788654,0.346662502509272,0.376606627673865,0.402422161181014,0.387093544208923
1435,0.218168403488894,0.414775047626546,0.37774793501908,0.391988466771402,0.349401646880649,0.34665463537478,0.376709421777881,0.402738598152247,0.387187561053782
1436,0.218188556421607,0.414856765138117,0.377818028230894,0.391716695495647,0.349398313408706,0.346657110719228,0.376789190151928,0.403021392004973,0.387246716652063
1437,0.218214449307423,0.414946349539665,0.377902572920277,0.391488427854116,0.349416102507377,0.346648594595212,0.376877922076024,0.403291192436666,0.38728907936003
1438,0.218235015992603,0.415048325814186,0.37797498215495,0.391281425695311,0.349412354365775,0.346646605147233,0.376958473192986,0.403550533831463,0.387350322981786
1439,0.218239974228682,0.415151818653585,0.378013957185187,0.391128904116607,0.349408973255163,0.34665443697436,0.377007974049671,0.403775496696435,0.387389480541603
1440,0.218257410779713,0.415245423819203,0.378078526323878,0.390974971955826,0.349416382798738,0.346661499645118,0.37708954415485,0.404027490036103,0.38747542960798
1441,0.218287815061243,0.415355618797349,0.378168076808777,0.390831926991791,0.349419868661666,0.346671478960018,0.377192827136463,0.404305842308354,0.387609982120162
1442,0.218316370831684,0.415457036433179,0.378256003214998,0.390713848109987,0.349438814221494,0.346688077296216,0.377285365235093,0.404529828209819,0.387711485297796
1443,0.218338380346729,0.415525562396757,0.378331900603632,0.390614270639625,0.34946873867352,0.346700027893358,0.377389758090435,0.40473666551206,0.387816145329677
1444,0.218370274554533,0.415629824521353,0.378431424273875,0.390533443087013,0.349486438897245,0.346722507958469,0.377479059780623,0.404940402918219,0.387918518818917
1445,0.218412329423921,0.415770636900946,0.378570178468788,0.390468354292936,0.349513339979554,0.346748780064445,0.377557693149025,0.405114066770571,0.387994442545513
1446,0.218444529130984,0.415882269406062,0.378668497694624,0.390433555006974,0.349536065941226,0.346787356312115,0.377634144331878,0.405272155215842,0.388098931833245
1447,0.218480923229918,0.41600143343496,0.37875090834696,0.390443458531461,0.349558366296621,0.346867815421792,0.377702363872252,0.405433267140476,0.388236423988448
1448,0.218515664330055,0.416097880312874,0.3788461152654,0.390431441008596,0.349566180569617,0.346898506743527,0.377786110111312,0.405585071155022,0.388352638597256
1449,0.218541379886844,0.416170575081204,0.378929722408833,0.390426309245084,0.349548569274288,0.34688852206497,0.377879355848789,0.40569483813111,0.388477747887402
1450,0.218572053780572,0.416247040663409,0.379011174110165,0.390426049483585,0.349557122746395,0.346914594098278,0.37795322489956,0.405827053723955,0.388584277622925
1451,0.218613999961653,0.416296183879542,0.379093961150169,0.390398875377469,0.349556870140073,0.346924441175676,0.378016510690796,0.405985081678488,0.38865647905601
1452,0.218638592227884,0.416378755498046,0.379191108236045,0.390420474806595,0.349591137249382,0.346955912150149,0.378081354920015,0.40609989828365,0.388748268591193
1453,0.218641840450866,0.416472022862166,0.379292379824722,0.390491989142602,0.349679865962985,0.347039876406647,0.37813240503663,0.406194253053781,0.388839489687427
1454,0.218670556870884,0.41656593121484,0.379381345308238,0.390542829790355,0.349734016359226,0.347096080139305,0.378207382978761,0.40629718254144,0.388940312454524
1455,0.218707623019572,0.416680274037772,0.379468237814875,0.390610229185579,0.349788935646506,0.347143353835886,0.378300296713372,0.406376951148101,0.389049480479215
1456,0.218734563417764,0.416807129035969,0.379584047392089,0.390673366059152,0.349828664298409,0.347181763962042,0.378390387535387,0.406469031763083,0.389173677973872
1457,0.218775346848103,0.416879824811504,0.379699656247645,0.390710077546336,0.349856725835514,0.347212378926831,0.37850015670512,0.406603450508542,0.38927993145713
1458,0.218829866485979,0.41693977569144,0.379770800482107,0.390759978227274,0.349910602611918,0.347231478405861,0.378588451810662,0.406709539212182,0.389413728799431
1459,0.21886396328525,0.417015909409851,0.37983701569534,0.390809646084596,0.349935246786909,0.34724734528252,0.378658622674012,0.40678234276858,0.389545043141983
1460,0.218896014238312,0.417077291905911,0.37993730622141,0.390869582473673,0.349954349778647,0.34726460059977,0.378741563850054,0.406865115184132,0.389651802657173
1461,0.218942487633159,0.417171819767378,0.380035974462622,0.390973497877046,0.35000536326776,0.347311320112526,0.378819115793941,0.406925132254417,0.389780179123634
1462,0.218990292657514,0.417310712501138,0.380123799209784,0.391086751210505,0.35001958587317,0.347356925359035,0.378908555104292,0.406979589765779,0.389877960797881
1463,0.219045406321676,0.417411165841546,0.380257037955103,0.39122124956737,0.350064366948348,0.347396036768653,0.379024367159641,0.407089136684748,0.389980264526209
1464,0.219124145169908,0.417501005594881,0.380415887188945,0.391378428262534,0.350153955720019,0.34743253930442,0.379131874902435,0.407176286805296,0.390120292318927
1465,0.219200218970686,0.417583604769279,0.380534946837538,0.3914966580701,0.350219178084456,0.347460165254608,0.379223735573089,0.407235512036685,0.39024542164669
1466,0.219255732117994,0.417660984315503,0.380660273095102,0.391622833230016,0.350299775769222,0.347516804699695,0.379313422425676,0.407329498615513,0.390404985932689
1467,0.219319673331359,0.417790788538142,0.380812270887934,0.391780451912466,0.350399094554821,0.347575323985755,0.3794025161745,0.407399348600738,0.390595609342234
1468,0.219384512985809,0.417947119631493,0.380943472595326,0.39192629399151,0.350485713703116,0.347646572602321,0.379526493451705,0.407476047834409,0.39076723335777
1469,0.219458149342041,0.418121818043865,0.381086113524676,0.392094413639815,0.350566154318891,0.34771288653738,0.379679079523015,0.407612141664057,0.390966224440863
1470,0.219559952523033,0.418296251089589,0.381251875067411,0.392281543633888,0.350636722990971,0.347737824160377,0.379787199196915,0.407712619612866,0.391175782476219
1471,0.219625473176933,0.418465296977356,0.381411800162886,0.392472595975099,0.350720912405183,0.347801004824795,0.379885772819445,0.407763618868147,0.391323156766017
1472,0.219674388758368,0.418629631246233,0.381571018614939,0.392663500353635,0.350811699215543,0.347890146711984,0.37999544102156,0.407849303369095,0.391469848897864
1473,0.219757775666662,0.418764893803742,0.381729484207411,0.392837042696507,0.350878420671742,0.347952052371969,0.380070953865593,0.407934050494703,0.391634905390204
1474,0.219839232150806,0.418941441294404,0.381893105755944,0.393012287454355,0.350975725350462,0.348035774226162,0.380179039820236,0.407998362432795,0.391789755222044
1475,0.219932791860291,0.419140804085824,0.382051482042556,0.393199029850414,0.351084790288645,0.348142793295192,0.380305868684368,0.40812108089556,0.391985121881961
1476,0.22004220514221,0.419303741437594,0.382217608045131,0.393404973652758,0.351171885706427,0.348215123522242,0.380413608677126,0.408252890599721,0.392202532252261
1477,0.220125228901182,0.419459490164098,0.382401368483669,0.393614718622434,0.351285268051865,0.348295746164573,0.380539479230364,0.408364893090252,0.392403675306936
1478,0.220168264795167,0.419620560880198,0.38260930109427,0.393852509010812,0.351442581002267,0.348399601169443,0.380665902034158,0.408457076839724,0.392600471840073
1479,0.220259131148168,0.419769960689893,0.382785329547456,0.394072916937842,0.351553995946368,0.348492665799836,0.380810063199531,0.408580584917008,0.39280470097944
1480,0.22036128649808,0.419886739865756,0.382970752256426,0.394289751596767,0.351646728053716,0.348567102122193,0.38098819628834,0.408721725921355,0.393014939614552
1481,0.220474153911655,0.42002955876434,0.383128567672868,0.394496035405298,0.351746807951137,0.348643035012935,0.381128955635504,0.408835047977364,0.393217156087527
1482,0.220625429983564,0.420188665383374,0.383243812647825,0.394708606470767,0.351827336168697,0.348729689343017,0.381262632372367,0.408943471925085,0.393421175087778
1483,0.220742712904928,0.420331962948069,0.383385367911583,0.394903862423358,0.351937160007702,0.348807959434451,0.381400800050392,0.409054748035336,0.393623160978917
1484,0.220852338610073,0.420465676605607,0.383521749205417,0.395060881814915,0.352068909229666,0.348858124486788,0.381518293704765,0.409154798842843,0.393820781006302
1485,0.220955803853034,0.420606061043783,0.383687164746468,0.395265797761131,0.352180624452336,0.348945002614857,0.38163979534415,0.409251154983985,0.394006489388912
1486,0.221035972008538,0.42074592491545,0.383876821014975,0.395491631014221,0.352288454134942,0.34905419851493,0.381765607118611,0.409351601140667,0.394188592087582
1487,0.221144178371137,0.420901650721206,0.384044960526463,0.395702496598285,0.352408143738164,0.349147865295369,0.381904237147752,0.40946073136736,0.394378660529679
1488,0.221261089111263,0.421060887738945,0.384218961249601,0.395920712623372,0.35251264469994,0.349247957286567,0.382052061914493,0.409567691109665,0.394554205344863
1489,0.221370527133063,0.421229149824165,0.384396975122096,0.396154749555239,0.352644209489631,0.349355401459038,0.382181434499181,0.409655304900456,0.394736052988696
1490,0.221502324246127,0.421415437790988,0.384565055405121,0.396384976657482,0.352827449100345,0.349466980128125,0.382311642146931,0.409747646246939,0.394934301310293
1491,0.221605564372908,0.421591732939074,0.384740210684462,0.396627050805167,0.352959385682412,0.349577366766941,0.382448448992643,0.409841393158932,0.395128533164396
1492,0.221677368977308,0.421775893652231,0.384929097775442,0.396897921317096,0.353062199256644,0.34968776762065,0.382566570506266,0.409903575357499,0.395315521958184
1493,0.221782214294169,0.421944863827087,0.385116914032539,0.397161198206155,0.353189803774596,0.349802332613096,0.382695375736475,0.409989662326985,0.395509898167118
1494,0.221887241154294,0.422090964188471,0.385293604855774,0.397397336710667,0.353293767687028,0.349918147326091,0.382855450722681,0.410103089894084,0.39570996833895
1495,0.22199539983313,0.422264447633648,0.385481974252055,0.397680133672972,0.353423090810698,0.3500306006431,0.382980984372106,0.410202776609918,0.395898574737858
1496,0.222123649709592,0.422443863810974,0.385688301975888,0.39800630458291,0.353600393040958,0.350142345525389,0.383081695136743,0.410305313949972,0.396082067380157
1497,0.222245421363117,0.42262661553727,0.385882460731964,0.398307772281671,0.353739731476771,0.350266918314465,0.383192350511433,0.410399024081331,0.396275808050504
1498,0.222379670693955,0.422837132964558,0.386074635867903,0.398625159177937,0.353869985502295,0.350402929890978,0.383281637271209,0.410485543781052,0.396470455846645
1499,0.222490842089122,0.42302706344817,0.386267997160875,0.398938877708684,0.353993721769327,0.350522036944714,0.383402062862475,0.410568990366558,0.396672147024854
1500,0.222579998054553,0.423209624180397,0.386467010018064,0.399228882929772,0.35407816327178,0.350648596733196,0.383545488312568,0.410632020429254,0.39687500025119
1501,0.222687965169168,0.423382877711008,0.386657062064828,0.399537179835092,0.354201617915984,0.35076605561036,0.383684174902367,0.41071840217573,0.397087118663944
1502,0.222786433019592,0.423535226370764,0.386822839919138,0.399862182999935,0.354349706214936,0.35084954143394,0.383837938441686,0.410831120151069,0.397316828131981
1503,0.222885652883666,0.42370978782331,0.387014393302716,0.400186798939338,0.354485573620361,0.350959273078586,0.383984498660913,0.410923464909671,0.397531050975836
1504,0.222999572520842,0.423885004622355,0.387215699627769,0.400512523356036,0.354641683167444,0.351088874589381,0.384116107093269,0.41100600376131,0.397729785480429
1505,0.223117713448054,0.424056047747851,0.38740964526241,0.400847771325438,0.354785547928766,0.351212797378211,0.384261454174295,0.41109975200009,0.397954690133652
1506,0.223245080246383,0.42424535599567,0.387631981647318,0.401192321050325,0.354899453716462,0.351334038423378,0.384438094384538,0.411185763660487,0.398189038517841
1507,0.223347391238112,0.424429289827695,0.387841465818607,0.401536870039635,0.355035527717706,0.351465277481144,0.384582010049337,0.411279657576711,0.39842689812154
1508,0.223442554969286,0.42460367678895,0.388032322430648,0.401881326979718,0.355171949264148,0.351600211149593,0.384716085484122,0.41139303034661,0.398696291090702
1509,0.2235407780249,0.424779423246513,0.388225816537621,0.402237152024767,0.355339955129056,0.351741894511823,0.384837983121751,0.411497936212127,0.398943960116938
1510,0.223621748734825,0.424967553941596,0.388440417899207,0.402594173594838,0.355516381526439,0.351875687851702,0.384966134230897,0.411601173037636,0.399182776521124
1511,0.223707239426856,0.425127955980788,0.388627099476289,0.402945956182536,0.3556700403259,0.352031080860322,0.385082398244157,0.411699046598929,0.399368871313343
1512,0.223829742058933,0.425270300496461,0.388815396155335,0.40328741610649,0.355853948081934,0.352162942495405,0.385214350785843,0.411782811079642,0.399535725766659
1513,0.223961122847096,0.425440860808042,0.389017163241034,0.403646305853125,0.356032287087253,0.352285880742314,0.385377394888751,0.411874022920863,0.399748727723617
1514,0.224081487157289,0.425638729446392,0.389221882925088,0.404034986996029,0.356199278420138,0.352458872065905,0.385509447218178,0.411974090590298,0.399971029709414
1515,0.224189509030885,0.425834704556757,0.389421585803919,0.404414524010137,0.356383177692889,0.352629909098906,0.385615178567346,0.412062661589645,0.400184733040175
1516,0.224294514720194,0.426040023698993,0.389624878931404,0.404786459633632,0.356555980866041,0.352774857034617,0.385732614854233,0.412178939731749,0.400377083441577
1517,0.224405810652144,0.426247844527794,0.389836231480892,0.405140717990296,0.356725439459581,0.35293708287609,0.385852338612179,0.412309970984952,0.400570510669006
1518,0.224512634563106,0.426416775168274,0.390035439622141,0.405448439106114,0.35685012772123,0.353069629345507,0.385981307715293,0.412399512420539,0.400775614562475
1519,0.224615700573553,0.426578135042704,0.390222258349641,0.405787458691881,0.356998294554166,0.353166483047077,0.386137583032683,0.412500328128233,0.4009695500767
1520,0.22472700408478,0.4267339118766,0.390402274804555,0.406144017774895,0.357180229435925,0.353300602217199,0.386314391615921,0.412625723563543,0.401197513095851
1521,0.224824799340197,0.426879461080605,0.390575237030536,0.406487136393259,0.357310564925333,0.353437617698387,0.386473872153129,0.412761949233019,0.401452269236243
1522,0.224896608854744,0.42706975410112,0.390777470772372,0.406844830699674,0.357459081646749,0.353543008458699,0.386613566025436,0.412899273079138,0.401670146209264
1523,0.224995100892634,0.427272057050047,0.390998051899754,0.407151817334413,0.357619694273466,0.353665714760132,0.386760190240539,0.413013562335992,0.401882976348723
1524,0.225104401614339,0.427443680874305,0.391188174943826,0.407438224980207,0.357739786726022,0.353797556954261,0.38691156130007,0.413113448392869,0.402107013176442
1525,0.225196668268975,0.427630165741406,0.391383057611758,0.407753006057285,0.357856934658941,0.353896383981853,0.387074059632173,0.413198637564004,0.402299648822284
1526,0.225312046583329,0.427827355780267,0.391556591467046,0.408056188776029,0.357987248823763,0.354006592903946,0.387209480553908,0.413306147237062,0.40249498684434
1527,0.225420858004293,0.427980135577541,0.391685191252286,0.408363978260999,0.358131781505102,0.354135080702485,0.387301728342667,0.413426285094939,0.402697115101048
1528,0.225502816591876,0.42814350958988,0.39185171686943,0.408687980625299,0.358284809733775,0.354236076645941,0.387412631388186,0.413521701704204,0.402876736016059
1529,0.225586237909413,0.42833607915628,0.392032957649324,0.408992321092426,0.358433079486997,0.354348062452194,0.387520299545072,0.413595831794863,0.403064974418391
1530,0.225691333098831,0.428478586991655,0.392197248981574,0.409282636699236,0.358570819617836,0.35447228221487,0.38765057706099,0.413677771867478,0.403256514242921
1531,0.225784608966962,0.428611458503932,0.392388056164592,0.409584252516119,0.358701746442295,0.354579336804986,0.387828792213235,0.413804069944285,0.403441052032555
1532,0.225846167239567,0.428779260986194,0.392577105127507,0.409861610594208,0.358830582506538,0.354701847722903,0.387969365574366,0.413921328321632,0.403624120520131
1533,0.2259348590986,0.428938646234406,0.392757212578498,0.41011722286972,0.358955163532807,0.354838996974179,0.38807453060125,0.414022040733946,0.403798481311479
1534,0.226028713452596,0.429092807839116,0.392948007779532,0.410398040057521,0.359085799014323,0.354968208868151,0.388194089077694,0.414124782957645,0.403989962467164
1535,0.226101140406069,0.42925490933292,0.39311534491798,0.410671884701035,0.359201127421161,0.355070870165835,0.388314590289036,0.414186398657453,0.404157360670303
1536,0.226198270785126,0.429401330920338,0.393268489323641,0.410940691152628,0.359305667806657,0.355161724868545,0.388420213023052,0.414249067445099,0.404301559681971
1537,0.226292508681378,0.429531452737752,0.393407464435206,0.411228609196157,0.35942668995159,0.355263586997549,0.388536857346279,0.414341814767847,0.404471320388208
1538,0.226375575159116,0.429653376597731,0.393552508698627,0.411507263312696,0.359549542395259,0.355377524541621,0.388661521384508,0.414418509556964,0.404640182396964
1539,0.226444560268073,0.429762365758006,0.393693436654732,0.411773743313186,0.359679116539627,0.355505771602872,0.388793096348797,0.414474037949983,0.404789747208867
1540,0.226513777334966,0.429877305444094,0.393842304514775,0.412055443678143,0.359804908442488,0.355627043713154,0.388909726804246,0.414568220040274,0.404964999040804
1541,0.226575792347539,0.429974036343911,0.393992531314906,0.412347619844907,0.359941958763968,0.35576322148068,0.38903292127115,0.414683395739795,0.405179216416312
1542,0.226648912882474,0.430090423100178,0.394140874851762,0.412633551422288,0.360060466500368,0.355870854781592,0.38914600823269,0.414780863947932,0.405349460714891
1543,0.226712279276087,0.430224719348935,0.394287197031626,0.412927143556463,0.360165802639906,0.355955419353315,0.389230761329647,0.41488999950186,0.405497319593068
1544,0.226787354385377,0.430347124584984,0.394437634276726,0.413202342008975,0.360286874890773,0.356062353519213,0.389341040861991,0.414997723958686,0.405663020754724
1545,0.226882793734699,0.430476853336537,0.394600401901035,0.413471264641587,0.360399210482254,0.356162011491802,0.389469435720619,0.415092044001722,0.405814114139795
1546,0.226970398644423,0.430599736632604,0.394750244784651,0.413731203563272,0.360517330345245,0.356274477073312,0.389594437491206,0.415202134393489,0.405987516377224
1547,0.227063083505546,0.430704823783213,0.394886456331282,0.41397978141757,0.360657917905666,0.3564206616892,0.389732663799003,0.415335850566478,0.406191645765203
1548,0.227135148375462,0.430820432346068,0.395031842722292,0.414223604070485,0.360769711171096,0.356515230148659,0.389843626816159,0.41544578763908,0.406354611983417
1549,0.227194514791821,0.430947746101969,0.395181930986373,0.414446190495475,0.360868051513928,0.356577084306031,0.389944446399321,0.415541962150591,0.406518468473486
1550,0.227264198818184,0.431059000597486,0.39531949088464,0.414700949106999,0.360967126324774,0.356671836626066,0.390040882649768,0.415644051726258,0.406660607143757
1551,0.227318935607039,0.431167261512805,0.395461509727574,0.414976031250659,0.36105576848862,0.356752580117617,0.390116152825959,0.415748697380543,0.406759830201462
1552,0.227388550355874,0.431272610076389,0.395598302743328,0.415221124058491,0.36114976319093,0.35685120735112,0.390203381084674,0.415835364504301,0.406892511696327
1553,0.227483470158581,0.431357254436869,0.395715162414972,0.415481221657343,0.361238499669099,0.35698964979288,0.39029009960315,0.415906766603214,0.40702537364019
1554,0.227555484505369,0.431464842291428,0.395839247944024,0.415714565160835,0.361337615520495,0.357092128494678,0.390390381031836,0.41599981574675,0.407158397517609
1555,0.22761327471261,0.43159388963331,0.395980951979225,0.415914018971953,0.361440546901787,0.357190323843926,0.390505821087503,0.416088866142808,0.407317637970843
1556,0.227679472532271,0.431703061196027,0.3960966104754,0.416110841476169,0.361539420469939,0.357258513458756,0.390598421688666,0.416184533969692,0.407447711664371
1557,0.227736827224159,0.431811340359599,0.396189973935618,0.416301714945198,0.36165890147526,0.35727608271782,0.390691369836623,0.416309361476979,0.407563883980805
1558,0.227811553174952,0.43191524612841,0.396292748692689,0.416486554301299,0.361743001210995,0.357355453351394,0.390776908043294,0.416407741443563,0.407678045589628
1559,0.227905706856654,0.431998334016366,0.396377033426505,0.416636416791116,0.361793428748602,0.35744067195799,0.390829847092388,0.416490687064099,0.407763504562905
1560,0.227979167005199,0.432099456738225,0.39649137394527,0.416822040263666,0.361868624229737,0.357530473559122,0.390920363639934,0.416569046325183,0.407880313125268
1561,0.228053528408497,0.432228216209661,0.3966346687586,0.417037186908486,0.361936723151551,0.357683220315974,0.391039709435908,0.416628908694059,0.408009142763403
1562,0.228117977482054,0.432318204372188,0.396755735752626,0.417226007573549,0.362011350986708,0.357778201025278,0.391135099503937,0.416704176725079,0.40813349836274
1563,0.228159565047964,0.432380688510423,0.396874044932927,0.417416338980953,0.362114120924767,0.357814211060747,0.391230403367699,0.416774984484707,0.408273734033683
1564,0.228219724503588,0.43247103780003,0.396996016664794,0.417608679988287,0.362193043170839,0.357900041824163,0.391329185373273,0.416867010136825,0.408408354671863
1565,0.228291863497288,0.43255049333089,0.397117245390688,0.417790384832271,0.362244291189646,0.357996746625564,0.391426500207568,0.416993318650556,0.408538953439186
1566,0.228359665958497,0.432640937255894,0.397229802806443,0.417961737752949,0.362319502921673,0.358098854560287,0.391514097336837,0.417087468109287,0.40867410051368
1567,0.228432649943978,0.432760001476283,0.397339883473571,0.418134972374661,0.36240809442349,0.358237985730147,0.391599851475497,0.417166607181734,0.408810915870556
1568,0.228491281626562,0.432863552692149,0.397458115768099,0.418305949776085,0.362482425885345,0.35833991584538,0.391684067861497,0.417251652505563,0.408948775286548
1569,0.22853869682112,0.432960618913767,0.397571346434292,0.41844264503365,0.362560196100121,0.358415238369114,0.391744873603723,0.417321609370567,0.409088009596563
1570,0.228589920700331,0.433053140233043,0.397674741889697,0.418622231057278,0.362633222757752,0.35849905403148,0.391831506136504,0.417406558771713,0.409222536546723
1571,0.228629732332004,0.433145205582954,0.397778372031585,0.418830104562929,0.362681156437953,0.358574073234583,0.391930377403402,0.41750751665171,0.409346890918023
1572,0.228687669400846,0.433234960399387,0.3978970790966,0.419036237676196,0.362757788853975,0.358662569882629,0.392046968831049,0.417602974875658,0.409497904718302
1573,0.228758914185532,0.43330352711311,0.397996991358695,0.419258034552727,0.362855619148538,0.358755768729629,0.3922054955625,0.417703456706949,0.409675137349572
1574,0.228826787189561,0.433397271407258,0.398126821146701,0.419480312014488,0.362943065310975,0.358854105679236,0.392305491766521,0.417792594526468,0.409814782863463
1575,0.228902914413513,0.433518883097475,0.3983183566936,0.419709221651036,0.363026960254638,0.3589524729623,0.392381167776799,0.417872395997732,0.409942074262948
1576,0.228972838319244,0.433616399726544,0.398449059840081,0.419944043731635,0.363137488955291,0.359062889361126,0.392478436136862,0.417961666297948,0.410097537549805
1577,0.229028685383727,0.433705214923145,0.398542147778064,0.420190791698988,0.363265851708963,0.3592022680187,0.392541866113879,0.418046383498888,0.410247996084461
1578,0.229105800414667,0.433803516824194,0.398663483546686,0.420423750726372,0.363376870713746,0.359310914159449,0.392632447395949,0.418134497827229,0.410386913662285
1579,0.229196677671277,0.433876332196353,0.398755286636296,0.420643429434919,0.363514553815586,0.359400888825912,0.392761272657379,0.418236685713342,0.410545695488583
1580,0.22928048238675,0.433988230931088,0.398886200081319,0.420874148475542,0.363618381387193,0.359507253824451,0.392874747177741,0.418329219385249,0.410698835083711
1581,0.229384068208043,0.434150479243301,0.399081011866912,0.421089403260818,0.36365744887681,0.359595403571338,0.392977828659532,0.418415020270754,0.410825089730533
1582,0.229466870936064,0.434277229468172,0.399223621226712,0.421351818506559,0.36376351918447,0.35970494954735,0.393085638448092,0.418501555256789,0.410961053073171
1583,0.229528547481428,0.434396374781071,0.399330383434308,0.421659376620534,0.363897834438325,0.359849340750936,0.39320414426931,0.418568854505432,0.411109441263901
1584,0.229602214596267,0.434524028510309,0.39947580235441,0.42194541585826,0.364033564705373,0.359978372797388,0.393322947559093,0.418665619813259,0.411266114002865
1585,0.229670404144068,0.434636587799766,0.399619288139878,0.422239337655117,0.364219999501633,0.360101723423511,0.393426479831884,0.418785052721099,0.411424113844544
1586,0.229741772387159,0.434755574168587,0.399771540428249,0.422537214412618,0.364367375477749,0.360226851454589,0.393553029955267,0.418892378193004,0.411570271629557
1587,0.229821028949928,0.434890353516608,0.399968579064516,0.422826896358791,0.364489236991519,0.360350120478413,0.393708012359582,0.419033676463356,0.411723987640932
1588,0.229897502332579,0.435023037552418,0.400136792791939,0.42312493444847,0.364614442434397,0.360477539947048,0.393836452033022,0.419132182780433,0.411885655461748
1589,0.229968362751306,0.435133111467192,0.400270943585962,0.423456773294448,0.364730466204259,0.360618602376472,0.393955679840027,0.419178214635495,0.412027924160499
1590,0.23004942314407,0.435280948201974,0.400435742276956,0.423750343138021,0.364849127222316,0.36073397012233,0.394093733907416,0.419267146581538,0.412186601555453
1591,0.230140231796294,0.435466138466904,0.400614579813019,0.423994250496386,0.364951158430474,0.360822302468717,0.394218387461464,0.419342813029628,0.41237519647454
1592,0.230222802666039,0.435630493453604,0.40079110103839,0.424294306218661,0.365085576673492,0.360943193821367,0.394366377447757,0.419447702858719,0.412548658407081
1593,0.230309217909659,0.435816473027841,0.40097991840931,0.42461050936971,0.365241077363143,0.361060000107651,0.394562077257126,0.419624497251894,0.412710352904816
1594,0.230391064079744,0.435975442396734,0.401163266483608,0.424929201435377,0.36539139385958,0.3611922461949,0.394710734877205,0.419741004624024,0.41288561738471
1595,0.230449718690303,0.436092671604829,0.401336403554721,0.425270258777975,0.365569144936356,0.361370710132787,0.394833927198752,0.41983140917377,0.413067219082303
1596,0.23054034275167,0.436244398350376,0.401522939066398,0.425632745158701,0.365727884704269,0.361518005746913,0.394974698044671,0.419929676994745,0.413249610747851
1597,0.230663444584472,0.436405496621836,0.401721836074828,0.426026054396492,0.365868340081841,0.361654145346495,0.395100513149991,0.4199923634732,0.413435862852687
1598,0.230756463222626,0.436561377445789,0.401919160848094,0.426370299039701,0.366011974545352,0.361782080536532,0.395238624518558,0.420075431688848,0.413626188967373
1599,0.230861434444057,0.436738067906482,0.402134081322788,0.426704662231864,0.366154315836508,0.361878375423851,0.395398295159216,0.420170502153535,0.41382446654789
1600,0.230943303526695,0.436905452003947,0.402325204620966,0.42705777049693,0.36629534007157,0.3620069506498,0.395548592333746,0.420274136266107,0.414014062965842
1601,0.230985370315179,0.43705141282077,0.402495183192136,0.427378810704098,0.366420074566773,0.362150328005727,0.395696007425097,0.42038921240606,0.414205976394787
1602,0.231041911548058,0.437216831860161,0.402675269908306,0.42771719252366,0.36656968252277,0.362284315960159,0.39583558963653,0.420500360956381,0.414393977768154
1603,0.231090090676631,0.437403137655938,0.402842048897109,0.42810188927668,0.366746375056342,0.362439686294157,0.395951297797143,0.420611628549429,0.414562323261013
1604,0.231156282012164,0.437568888133791,0.403020337489678,0.428469105806369,0.36690379640573,0.362587975647836,0.396105501279726,0.420740163732169,0.414751188815739
1605,0.231236283984331,0.437731588080991,0.403215463574415,0.428810341969685,0.367067559956359,0.362719581754649,0.396280611509583,0.420887710546937,0.41495520313009
1606,0.231309901740918,0.437896623291606,0.403410340296761,0.429154255403645,0.367220817826101,0.362852306071255,0.396446323743352,0.421015288227374,0.415152638011092
1607,0.231395332539699,0.438049450967738,0.403599196514921,0.429514260175735,0.36734655183564,0.362984822275716,0.39665284867421,0.421154703719147,0.415368538807812
1608,0.23147232188319,0.438207589613517,0.403801568265315,0.429859742783733,0.367489775721975,0.363124966362337,0.396825668777392,0.421275191698767,0.415563223116529
1609,0.231531276066035,0.438385688993656,0.404047086837698,0.430188437180758,0.36764734378986,0.36326888374553,0.396961959971603,0.42135146362315,0.415739161912574
1610,0.231603175018751,0.438535949416461,0.404226188404554,0.430527021878569,0.367799737131917,0.363408820321585,0.397106245133998,0.421460645345947,0.415920018571714
1611,0.231687349353233,0.438662155983995,0.404361724058831,0.430855458810563,0.367956624117776,0.363558727574279,0.397243482551008,0.421584723618749,0.416076119191032
1612,0.23176627448195,0.438800166216354,0.404523884517932,0.431198685441524,0.368101827793854,0.363696933312522,0.397385107764117,0.421711747485749,0.416266426462002
1613,0.231844921275564,0.438920520426248,0.404631478888012,0.431561962594477,0.368235440609781,0.363816453100046,0.39752120620292,0.421859636116893,0.416498267561629
1614,0.231926775710824,0.439059864769305,0.404798697420341,0.431907402540468,0.368377822063908,0.363947626709189,0.397664718932076,0.421988018511076,0.416687853767066
1615,0.232008952819965,0.439221539181747,0.40504568997173,0.432264387437119,0.368508838934766,0.364084720780828,0.39781838560351,0.422106513910647,0.416858302399894
1616,0.23208950791855,0.439374370945551,0.405242376509405,0.432601228145751,0.368661232493055,0.364222663428957,0.397968006782619,0.422229844492052,0.417053781989131
1617,0.232175104905476,0.439537255195743,0.405435134312049,0.432913309236712,0.36883825519064,0.364355651740056,0.398112786479907,0.422352301731658,0.417222423154825
1618,0.232258124458982,0.439680526185162,0.405619670317178,0.433225191909697,0.368997429894209,0.364499107811027,0.398270105768982,0.422474414883534,0.417425962987497
1619,0.232346446326329,0.43981287546757,0.405770018154788,0.43351591565357,0.369170558601612,0.364660096978948,0.398451159707477,0.4226069362437,0.417711554301925
1620,0.232413428487785,0.439942108565033,0.405940530367598,0.43382761012339,0.369321608651328,0.364802017337086,0.398595337563459,0.422714831722294,0.417919395758304
1621,0.23246745274147,0.440051407218386,0.406141357605784,0.434158061329507,0.369448148493965,0.364937088916858,0.3987311512467,0.422797721148504,0.418090624491161
1622,0.232522327871564,0.440176802304699,0.40630488214111,0.434466622657919,0.369581592722095,0.365081960125431,0.398859077625117,0.422894514210139,0.418263637840698
1623,0.232558171724596,0.440312151654844,0.406433182356796,0.434775289302475,0.369705370754202,0.365232091536426,0.39895368822012,0.422982803399484,0.418392739694546
1624,0.232603402379658,0.440437502426145,0.406592691226669,0.435082998881132,0.369829874370596,0.365360968725293,0.399058399877362,0.423082030655011,0.418541346775795
1625,0.232661833032333,0.440566676631425,0.406739349617945,0.435376553081899,0.369958633051035,0.365486464302979,0.399166092174753,0.423199236068882,0.418715296654856
1626,0.232706257408632,0.440687806217214,0.406903210368144,0.435663987719808,0.370078732782932,0.365607131797318,0.399271787415962,0.423304067519576,0.41885728841607
1627,0.232739046138477,0.440801992248703,0.407121482538033,0.435943773187035,0.370185445500924,0.365686508621477,0.399363889839198,0.423416101062508,0.418957879019816
1628,0.232777963633996,0.440912688259126,0.407300385089705,0.436241572439257,0.37030840333621,0.365803416871001,0.399472880185831,0.423502706234899,0.41909412925006
1629,0.232811094799503,0.441013320076285,0.407454886151635,0.436555155685779,0.370430751924034,0.365955805639041,0.399601740818614,0.423557019453142,0.419237346447846
1630,0.232850402569471,0.441119407095243,0.40761305960404,0.43683249685757,0.370560760564349,0.366089094083108,0.399714377477168,0.423640003285561,0.419386775182552
1631,0.232889330085553,0.441220835909237,0.407764269843232,0.437100306712828,0.370705634470621,0.366230538101495,0.39982825681714,0.423709757998117,0.419564841866203
1632,0.232939775381203,0.441328026032757,0.407903747501182,0.437374815949469,0.370849380658159,0.366361976770659,0.399938041216068,0.423803756663448,0.419730858737467
1633,0.232995128729278,0.441450661833034,0.408029554645794,0.437623467308355,0.37101212948855,0.366478593775389,0.400036053435844,0.423950927735443,0.41988717104827
1634,0.233060458011815,0.441556484417358,0.408165042449507,0.437877533854902,0.371144381437871,0.36659688593155,0.400138739490259,0.424060520378969,0.420045862342536
1635,0.233147522985986,0.441645209200091,0.408288734223299,0.438165666638404,0.371260258225042,0.366710862509227,0.400232498528152,0.424149123185362,0.420206986826501
1636,0.23322346130927,0.441750613959237,0.408427725766442,0.438413077775389,0.371377147905412,0.366829146950373,0.400345391923831,0.424251401709611,0.420374425068486
1637,0.233310704816964,0.44186493563618,0.408579009745305,0.438626378233529,0.371475745841876,0.366944671368962,0.400470634872343,0.424344124090546,0.420557163724666
1638,0.233373494426516,0.441965502986367,0.408737857803242,0.438840651448473,0.371575539466425,0.367065904663323,0.400589043589111,0.424439360722095,0.420707627321507
1639,0.233410849607522,0.442060631885758,0.408910972480722,0.43902327599415,0.371671836715075,0.367202850494263,0.400724940088423,0.424552194284701,0.420855616004254
1640,0.233461679152575,0.442171122912154,0.409073110937242,0.439239133238127,0.371779863972687,0.367324404637744,0.400848401967152,0.424652561924311,0.420986193911199
1641,0.233497050298166,0.442284390451668,0.409257159347045,0.439459040889301,0.371888824698383,0.367431251250975,0.400956576465271,0.424729992193339,0.421057847791262
1642,0.233550962437351,0.442385373898478,0.409403065891021,0.439686949060914,0.371991135810479,0.367548776438395,0.401068481830581,0.424829649661176,0.421178908491834
1643,0.233622485642093,0.442490435805977,0.409513520527347,0.439951798104331,0.372093544070117,0.367663144901313,0.401187623893751,0.424950037947404,0.421327504111009
1644,0.233695813222766,0.44260136761985,0.409639196161504,0.44019212738519,0.372211264472716,0.367779551918047,0.401294616380141,0.425050447939046,0.421460739475699
1645,0.233795281887716,0.442691529795481,0.409734440589467,0.440431904655922,0.372337904531484,0.367917317191021,0.401390948591117,0.425160976581434,0.421623737955831
1646,0.233859914103108,0.442803258617837,0.409865379013549,0.440652596679972,0.372451849955477,0.368032559569909,0.401492317691896,0.42524970041332,0.42175732642025
1647,0.233911011804732,0.442955451522731,0.410042107664693,0.440853541628363,0.372576672667633,0.368127967120515,0.40159595578769,0.425305016972785,0.421856191139262
1648,0.233954890612299,0.443077324635675,0.410180235266575,0.441055766772886,0.37269358361521,0.368232998682644,0.401682811058336,0.425375805459529,0.421969554407007
1649,0.233957906963844,0.443183003015318,0.410311909150254,0.44126599701665,0.372794225373858,0.36833035480105,0.401765343754364,0.425449611420342,0.422086607067607
1650,0.233993899029379,0.443293971291838,0.410440309587876,0.441427799404765,0.372886552126379,0.368429749951916,0.401839119578679,0.425517687131582,0.422188765549569
1651,0.234045984724679,0.443421672186439,0.410546142381896,0.441567019866664,0.372986465628964,0.368550212187255,0.401882442663174,0.425569893390098,0.422278634837477
1652,0.234100369476872,0.443497930611056,0.410655848060988,0.441695587260647,0.373074587570839,0.36863982677377,0.40195264350536,0.425652168569505,0.422384156838226
1653,0.234184061611934,0.443540543147683,0.410782881883366,0.441778425530676,0.373139071420016,0.368708451792125,0.402047003548957,0.425751022927962,0.422499106502584
1654,0.23423280756324,0.443598018012687,0.410884208128194,0.441870510228175,0.373207526424279,0.368779711293205,0.402117965181313,0.425840382318563,0.422590024424613
1655,0.234271228637658,0.443616359261472,0.410955696012548,0.441978424284411,0.373270122158149,0.36882938806186,0.402186374983681,0.425951318592772,0.422692337419011
1656,0.234297364009212,0.443655917420447,0.411045109746814,0.442047192246324,0.373340912864239,0.368892970094115,0.402251642153294,0.426049087666911,0.422764023660626
1657,0.234291752977354,0.443728950624558,0.411135890215702,0.442084488833696,0.373420924293762,0.36896806493597,0.402281840852171,0.426113429936534,0.422789243003224
1658,0.234300400574367,0.44377821998464,0.411218005656011,0.442122742696901,0.373482843489618,0.369032744526621,0.40235385734719,0.426216682685357,0.422834809984346
1659,0.234321962376987,0.443807799773956,0.411315355201837,0.442149408034296,0.373551955536085,0.36909974894048,0.402473106540434,0.426354511763978,0.422870881134031
1660,0.234313790310503,0.44384910146479,0.411382507864081,0.442155281822307,0.373597864969771,0.369154069578466,0.402545271043785,0.426468373351756,0.42292259553997
1661,0.234290590635729,0.443889207976303,0.411417959729264,0.442161179285643,0.373615640664729,0.369199607352142,0.402619830458075,0.426595883003064,0.422993395273706
1662,0.234269168070479,0.443936469770058,0.411469381251589,0.442129469453918,0.373634666531327,0.369240011150616,0.40267444633351,0.42670234530555,0.423045515016502
1663,0.234217568856208,0.44399440301565,0.411517935471445,0.442051413308918,0.373639137691822,0.369258544992351,0.402667890425799,0.42678268041331,0.423107421214508
1664,0.234192027422933,0.444038959923793,0.411556602627897,0.441985380556075,0.373652782944967,0.369301646224683,0.402716219851075,0.426869245945952,0.423143796489416
1665,0.234195479965743,0.444095175177279,0.411603008067015,0.441912443104132,0.373668362269208,0.369365327949837,0.40280766074882,0.426945217739146,0.423141645293244
1666,0.234167188850355,0.4441213002906,0.411630244462643,0.441814877235298,0.37367465921661,0.369401535275233,0.402855310761201,0.427035983961141,0.423170069203432
1667,0.23412710692997,0.444123123495216,0.411643390407733,0.441721891347865,0.373707186109834,0.369444333202749,0.402901371637995,0.427129941221826,0.423219919147772
1668,0.234093377067946,0.444126720905653,0.411642512606892,0.441585499942263,0.37367971875347,0.369466531939813,0.402941555709365,0.427226503561554,0.423231111929516
1669,0.234036861707323,0.444111622800812,0.411610532476791,0.441421583615247,0.373602475576848,0.369461857087801,0.402937842899475,0.427351335126809,0.423257974314742
1670,0.234005146606066,0.444103257103861,0.411612314630207,0.441216814484517,0.373545318052168,0.369451929335271,0.402973853734374,0.427435319397852,0.423229658767766
1671,0.234004726705232,0.444090869538155,0.411622750282519,0.44095655574491,0.373437753785855,0.369423544343069,0.403034784559453,0.4274751385566,0.42313034777505
1672,0.233974674825824,0.444086033109126,0.41161914767052,0.440714874443003,0.373392804147659,0.369415352965373,0.403095387239731,0.427566885432447,0.423065402176808
1673,0.233939186459702,0.444083700745623,0.411638342898737,0.440443112144316,0.373403489701329,0.369393190553209,0.403168363840497,0.427668132272128,0.422979492182581
1674,0.233897424216974,0.444081772907722,0.41163175992961,0.44018109847913,0.373375463985192,0.369396321468163,0.403236501447327,0.427763224142515,0.422921224638748
1675,0.233822614683388,0.444090398572557,0.411590883036682,0.439956832351461,0.373368918401577,0.369437160675004,0.403323650675681,0.427903069722095,0.422884421227765
1676,0.23378954582107,0.444086805708271,0.411565079684684,0.439661945671437,0.373322660491984,0.369450319645423,0.403376468448368,0.427999123494107,0.422843687664969
1677,0.233781346198398,0.444075163342283,0.411544827047943,0.439325147982093,0.373237273970978,0.369471743831002,0.40340850775275,0.428053360148607,0.422832035903397
1678,0.233758632663389,0.4440656420225,0.411519045637532,0.438983566915675,0.373163254374416,0.369460768954426,0.403446196331365,0.428125676644452,0.422769749645629
1679,0.233742283263374,0.444059354543335,0.411495505338425,0.43859425651208,0.373064642488839,0.369420094620624,0.403451884037553,0.428192639145188,0.42266743017155
1680,0.233738321041991,0.444036686421004,0.411453788608485,0.438227440885745,0.372999598685586,0.369391066428241,0.403498007044156,0.428271029169597,0.422607836821451
1681,0.233736498546729,0.443997061525504,0.411391251859539,0.437874460489552,0.372964635764119,0.36934043812953,0.403571118848506,0.428364048831422,0.422549244588859
1682,0.233727418140468,0.443978665907523,0.411355700017727,0.437490422692853,0.372887771067218,0.369311896659533,0.403632678692864,0.428430952500154,0.422473143703357
1683,0.233735730611603,0.443972679478189,0.411324183865291,0.437102976111743,0.372812406513693,0.36931070409974,0.403713731190136,0.428484951472936,0.422432645304864
1684,0.233729832559651,0.443932627706999,0.411283483720296,0.436681412747708,0.372721650614662,0.369274257355766,0.403771557921048,0.428557527559135,0.422342589059602
1685,0.233706559657874,0.44388736576023,0.41126370539083,0.436208595931368,0.372578366410332,0.36923175739209,0.403831669554212,0.428636000483423,0.422191998274915
1686,0.233682069526901,0.443845560458486,0.411219819964311,0.435780474091355,0.372487973173116,0.369174715538499,0.403848195024843,0.42867991603613,0.422075053618531
1687,0.233659016470903,0.443751676467827,0.411135569610403,0.435352991353868,0.372422432352686,0.369091231957554,0.403819600061409,0.428713760076656,0.421961740815711
1688,0.233634791651785,0.443734123620219,0.411097137551805,0.434924445640121,0.372355467251499,0.369015033103897,0.403834972831026,0.428768706341119,0.421850341505143
1689,0.233585660835545,0.44378054783061,0.411077148385257,0.434513457085902,0.372299930711,0.368915533436779,0.403825928564594,0.428793171093733,0.421722839149219
1690,0.233576290195855,0.443779932196964,0.411056728801943,0.434103585977544,0.372255456214578,0.368869274192515,0.403861580758792,0.42884776932964,0.421646536977281
1691,0.233595680795745,0.44378775149719,0.41105678957732,0.433666643427703,0.372227774149226,0.368844528426484,0.403948241592282,0.428948771179743,0.421601235126249
1692,0.233598074970203,0.443790298245071,0.411045950593101,0.433285334546721,0.372180488066272,0.368818824096231,0.404016555929421,0.429025413920883,0.421544034821517
1693,0.233608889411149,0.443768970946951,0.411034466491212,0.432952646437675,0.372131182077016,0.368837689376885,0.404098507294504,0.429080992039712,0.421525468297185
1694,0.233620131151229,0.44376476327471,0.411015616180986,0.432590332689324,0.372096308215114,0.368814406490372,0.404152037328562,0.429160505615267,0.421466058431133
1695,0.233620204102642,0.443781584228427,0.410992069943336,0.432246070067745,0.37204476097202,0.368750930404173,0.404194320231296,0.429264099870582,0.421365003741655
1696,0.233638020648773,0.443777801512695,0.410976887349891,0.431878545577294,0.372029210343766,0.368741965039144,0.404251516942082,0.429343020899227,0.421314772626295
1697,0.233673188539789,0.443764679629825,0.410957922905921,0.431489719069168,0.372060870711712,0.368758833946192,0.40429574898151,0.429416563773962,0.421290682200041
1698,0.233700667986327,0.443745635353762,0.410942355863462,0.431110683522562,0.372042323020663,0.368748131374383,0.404346423032253,0.429487833456443,0.421228572226565
1699,0.233739154262408,0.443709462204178,0.410930882854219,0.43072490362097,0.372013540558654,0.368753535519963,0.404418833868948,0.429544219617018,0.421171350825397
1700,0.2337464299131,0.443708245913005,0.410930171983743,0.430356877326408,0.371984161871026,0.368743510437786,0.404470488242861,0.42961961269064,0.421110804765375
1701,0.233734918291462,0.443725390087167,0.410939035513819,0.429986377901785,0.371923517070048,0.368697735565519,0.404510365316365,0.42971598659691,0.421025762175744
1702,0.233744865690238,0.443704381788543,0.410926927255969,0.429648056724829,0.371904436646663,0.368689062082301,0.404536137790039,0.429767645953082,0.420939569209934
1703,0.233743302037054,0.443691554770121,0.410924565578208,0.429331197356333,0.371908325211677,0.368707516877656,0.404545182072537,0.429796387436996,0.420862137660094
1704,0.233751383405525,0.443663306549125,0.410893412111281,0.429024332827278,0.371904846199898,0.368704458915589,0.404589206158376,0.42986203357742,0.420787005687959
1705,0.233787816617681,0.443591449192314,0.410817698428241,0.428739144895098,0.371917629957608,0.368690695483505,0.404631953147087,0.429909077161393,0.420680013173945
1706,0.233784308955268,0.443561876867951,0.410804223330304,0.428452242236433,0.371907741444413,0.368709362371858,0.404676748665362,0.429993069792813,0.420629269848966
1707,0.23374897738253,0.443560504338,0.410818972745845,0.428174969973254,0.37189283551705,0.368745052963838,0.404747771218872,0.430121054153083,0.420618714148155
1708,0.233762276701716,0.443548125688058,0.410804295474503,0.427888612284302,0.371866841771795,0.36875359712821,0.404822557010489,0.430265724247742,0.420616458428719
1709,0.233771316283621,0.443505660368813,0.41078067060016,0.427616732836443,0.371814366706121,0.368752982281997,0.404858892040121,0.43034947589649,0.420596714787515
1710,0.233774011971596,0.443485619964158,0.410743212468575,0.427397250846058,0.371794762500033,0.368755559344992,0.404911508354548,0.430428310594645,0.420543505882413
1711,0.233780533487764,0.443466293602783,0.41067852516487,0.427171998555441,0.371771406795174,0.368750088510316,0.404984566737935,0.43054288993786,0.420508294075911
1712,0.233754456007044,0.443440657621801,0.410674221448741,0.426934574246861,0.371721035973606,0.368766250909078,0.405023271937899,0.430619409298417,0.420495300616935
1713,0.233728572452664,0.443427907780138,0.410687865429684,0.426730616266837,0.371706876078839,0.36881590139962,0.405024263222035,0.430697813065003,0.420456490393496
1714,0.233712169156107,0.44342384325399,0.410661203328158,0.426509250109825,0.371663298920009,0.368818782734487,0.405006334484536,0.43077911448358,0.420404503559553
1715,0.233694289864149,0.443413242682041,0.410632690413776,0.426279331941044,0.371577617339344,0.3688063000403,0.405008860291079,0.430852216177703,0.420364318373658
1716,0.233706861996548,0.443340143939181,0.410546153787471,0.426083645921948,0.37155662439828,0.368789841382051,0.405043858575999,0.430896363793332,0.42025194336942
1717,0.233690156902962,0.443295962788643,0.410486673410186,0.425895509047827,0.371496336719455,0.368799848592877,0.405036338825045,0.430929275678333,0.420165760932553
1718,0.233660287605038,0.443223459635236,0.410424206629044,0.425689958901097,0.371381744236986,0.368848415603274,0.405017063687589,0.430925954076813,0.420093229025806
1719,0.233640455453069,0.443169565544142,0.410381720863021,0.425522998967955,0.371329295209755,0.368869302833034,0.404998823004994,0.43095365742421,0.420031188701991
1720,0.233592429923439,0.443175768455276,0.410380814778871,0.425395474913542,0.3712904105538,0.368887811257873,0.40489902540916,0.43098754813133,0.419969150813449
1721,0.233570173314026,0.443145061744227,0.410353665858766,0.425269678270152,0.371255599107756,0.368908958632033,0.404881630086555,0.431024981805324,0.419930029321555
1722,0.233565695646453,0.443077495442505,0.410317321576877,0.425164093321086,0.371280613669678,0.368899985261881,0.404948865908391,0.43108949402388,0.419929110218255
1723,0.233575686918311,0.443036146017863,0.41028948005777,0.425065958794219,0.371279922979037,0.368914326585705,0.404980664012463,0.431146144255819,0.419907161655573
1724,0.233605679091053,0.442982347526562,0.410234907626302,0.424948380909635,0.371233503651356,0.368946007472329,0.405047072946939,0.431197752122584,0.419880507967142
1725,0.233630228536478,0.442953897656262,0.410212896165598,0.424890310013948,0.37122597162998,0.368984751597584,0.405084137859015,0.431244344783174,0.419867191736163
1726,0.233668678417874,0.442958030853725,0.410218131051776,0.424858925734959,0.371248704442725,0.369016544331219,0.405063505557817,0.431288932326384,0.419828816930762
1727,0.233712959521316,0.442955512042491,0.4102281135175,0.424876360209924,0.371271369927435,0.369088875518587,0.405086125231196,0.431341555157998,0.419836708582225
1728,0.233748512654462,0.442944681178904,0.410245652263741,0.424943806471551,0.371310608830243,0.369208004944587,0.405119990391491,0.431385805357727,0.419892615467674
1729,0.233801347300437,0.442967435801839,0.4102877335979,0.425044108292489,0.371349508610035,0.369307992815428,0.405169504508562,0.431441621617433,0.419937462216923
1730,0.233881269868424,0.443014024163835,0.410362880873582,0.425195237409249,0.371378390438318,0.369437556218605,0.405256182432148,0.431504389318782,0.419993026367112
1731,0.233943739132501,0.44307069739048,0.410423173649661,0.425363347936753,0.37143236037587,0.369536425843881,0.405324901386687,0.431578199378641,0.420061393793025
1732,0.234011683248617,0.443156531343602,0.410485111382975,0.425560460870354,0.371496522904997,0.369595964851045,0.405382927914861,0.431657474170815,0.420117585790087
1733,0.234066709228833,0.443245167485835,0.410564034778641,0.425797297837187,0.371584519069021,0.369682567555717,0.405466761828219,0.43174971872342,0.420214057444483
1734,0.234091556417109,0.443364603323456,0.410658578279199,0.426069542423454,0.37170423232641,0.369753005069164,0.405563384310114,0.431872284038445,0.420355807702397
1735,0.234152430756769,0.443424502756119,0.410720124939511,0.426354632482122,0.371818796163597,0.369869239421904,0.405656558783572,0.431975521375789,0.420489745006586
1736,0.234227422267643,0.443432059355209,0.410767528901117,0.426691876005876,0.371972685099352,0.370033115443412,0.405766168365773,0.432091595369143,0.420653950913572
1737,0.2343027534814,0.443502609156312,0.410842646472168,0.427013523074477,0.372074117732922,0.370172608593236,0.405872595283379,0.432170373901022,0.420793628568748
1738,0.234406795365436,0.44358491637793,0.410901157558915,0.427354241722786,0.372140895285175,0.370343241943713,0.405977297142154,0.432218972259374,0.420917460348933
1739,0.234487450707413,0.443648680323331,0.410985314186818,0.427663332599817,0.372218883681302,0.370475135425455,0.406071857998177,0.432275509481564,0.421050919970943
1740,0.234546860464635,0.443758548231249,0.411114700856442,0.427962477485206,0.372253944671763,0.37055605382619,0.406164325834099,0.432300974845921,0.421179188522571
1741,0.234619893598239,0.443835220816907,0.411228369399301,0.428247672376878,0.372340581921595,0.370678476088263,0.406258899705713,0.432357646208623,0.421311295511326
1742,0.234710444024153,0.443842338203218,0.411338152124228,0.428517723515005,0.372464896671665,0.370801986357061,0.406345715415977,0.432441455395162,0.421460865348099
1743,0.234765064865402,0.443901598492213,0.411434511309646,0.428763732512038,0.372587090655633,0.370945266949918,0.406430551955271,0.432496388336197,0.421584975179402
1744,0.234800606682054,0.444007243167319,0.411544214552354,0.428993484379333,0.372740569492591,0.371146768719126,0.406523469888203,0.432529986400231,0.421686454120266
1745,0.23485462668301,0.444075165915429,0.411630830653307,0.429212516285941,0.372859528686117,0.371276364814947,0.406612065386335,0.432608508487503,0.421800690942465
1746,0.23488199442133,0.444126641064678,0.411684776311065,0.429411162238849,0.372958096017918,0.371369182530033,0.406685412928994,0.432694715185545,0.421919811083715
1747,0.234941697624256,0.444200778707714,0.411753865972422,0.429588617901583,0.37307461368316,0.371472254781129,0.406773847291512,0.432790036013706,0.422015866479661
1748,0.235038611024546,0.44427841065716,0.411814009920706,0.429753741407161,0.373191989395725,0.371542481725474,0.406869752396864,0.432945254994455,0.422120724603807
1749,0.23510970303358,0.444336957941867,0.411889445725397,0.429912290641849,0.373296661424271,0.371636609445435,0.406965296554507,0.433024288648391,0.422200452185024
1750,0.235178328242503,0.444406622279236,0.41197755935295,0.430035357920954,0.373410017013868,0.37174550611787,0.407059759871546,0.433044544083529,0.422237158336346
1751,0.235237620201633,0.444456282318745,0.412057930650306,0.430174537347558,0.373503842763517,0.371862866401935,0.40716628258336,0.433121140246348,0.422299602891687
1752,0.235288978838966,0.444467191040201,0.412133894278018,0.430336588137244,0.373570895511196,0.371983096401844,0.407292798998565,0.43319629991683,0.422363233101652
1753,0.235346813447723,0.444525435955135,0.412231955268587,0.430442114822116,0.373655183253133,0.372094489370654,0.407390697807719,0.433279159280449,0.422420606639582
1754,0.235398133480343,0.444606727891094,0.412345467416892,0.430506437663181,0.373742399117895,0.372215640609899,0.407475831035753,0.433397429316715,0.422471155561423
1755,0.235463093899197,0.444715701766892,0.412433712816451,0.430593517252475,0.373829088456409,0.372312840675474,0.407600935322612,0.433508236292989,0.42258823233471
1756,0.235517293192017,0.444778570964284,0.412533123640059,0.430702644805515,0.373920918302103,0.372424301716179,0.407704651654544,0.433589842784649,0.422676457973377
1757,0.235577690148592,0.444878407806156,0.412592261404574,0.430844439874447,0.374047067284416,0.372529786806621,0.4078035470782,0.433656806049537,0.422760632910666
1758,0.235662756544571,0.444979441117917,0.412648824870031,0.43101625587057,0.37418264943547,0.372690162644923,0.407910290477417,0.433733731423986,0.422846243671786
1759,0.23572461294516,0.445051596868159,0.412735512400674,0.431191467616721,0.374315101008973,0.372859759121894,0.408017108494764,0.433810242400565,0.422935911904591
1760,0.235778389398489,0.445175670856946,0.412805322908132,0.431365986430176,0.374451593928521,0.373000113872405,0.408088990713631,0.433900450964718,0.423046251169885
1761,0.2358314950154,0.445331450231715,0.412900648318317,0.431606006403018,0.374577410018828,0.373177975382548,0.408173258801507,0.434026753352032,0.423178873958123
1762,0.235884487741674,0.445463002798176,0.413009938338165,0.431867194797555,0.374720347894796,0.373339515712999,0.408292197099546,0.434154924512328,0.423311270718769
1763,0.23596441908487,0.445590445636497,0.413072956938023,0.432122683013532,0.37487458719561,0.373482775798582,0.408409681071057,0.434275549341193,0.423420448366872
1764,0.236045095515673,0.445738427724458,0.413181997871211,0.432394002975921,0.375010343715033,0.373658082711945,0.408509393908997,0.434348445565156,0.423515887563279
1765,0.236128405126269,0.445843853686802,0.413326116512868,0.432682201112289,0.37515389099411,0.373805360386693,0.408625511731423,0.434411890444825,0.423600326232499
1766,0.236202949085201,0.445931205463519,0.413433601723489,0.433002912942785,0.37529602965321,0.373946147562843,0.408760332820835,0.4344985060906,0.423730195462579
1767,0.23627243499696,0.446067938157985,0.413611876308009,0.433374853775474,0.37542266776858,0.374107938028861,0.408880933504487,0.434562676573097,0.423863416868003
1768,0.236367401763767,0.446188455026377,0.413792952786534,0.433759847464348,0.375558639095158,0.374207965887011,0.409025079047751,0.434648454560819,0.423994115135533
1769,0.236429404037339,0.446323261898752,0.413921251888634,0.434138365704117,0.375678242696578,0.374297975431622,0.409156562534403,0.434736630227556,0.424200159017643
1770,0.236492141932568,0.44649826064597,0.414063478720431,0.434522603661212,0.375774390114197,0.374420317341781,0.409281273959777,0.434834309586883,0.424413344249714
1771,0.236591951745304,0.446617387434804,0.414152487297095,0.43492024202637,0.37592953044917,0.37458846023925,0.409431925554319,0.4349822360036,0.424645069306463
1772,0.236674875227027,0.446725335094306,0.414244138630661,0.435284915657765,0.376070113141439,0.37472859998773,0.409567611871433,0.435103856052106,0.424834458456791
1773,0.236795801521747,0.446775552178929,0.414309182707701,0.43560013436383,0.376227209033302,0.374865246999676,0.409735789781828,0.435237055548829,0.424992475171661
1774,0.236884483222386,0.446874656567126,0.414394658862466,0.435956925542499,0.3763680647912,0.375008663574649,0.409897051374117,0.435362815228058,0.425146972962735
1775,0.236927269351459,0.446999029389518,0.414476735320288,0.436312280002473,0.376474931866596,0.375110172785313,0.410020297743169,0.435454729266686,0.425250237560281
1776,0.236998244104379,0.447141598921681,0.41458763984288,0.43667738943025,0.376603846178394,0.375257134276855,0.410171015075819,0.435572384185161,0.425400594211798
1777,0.237064951236269,0.447326825204543,0.414740427975795,0.43710313143574,0.376738422033747,0.375457807417272,0.410343688794057,0.435727844691384,0.425578252206696
1778,0.237138926939066,0.447479286197903,0.414869860153478,0.437469454632612,0.376872730616025,0.37563130650485,0.410515412590549,0.435850217943862,0.425744991555628
1779,0.23721938963101,0.447632651699955,0.415009404263494,0.437824113541636,0.377021653329501,0.37581415380413,0.410715638837426,0.435951684134371,0.425941458837059
1780,0.237316897446182,0.447769089866225,0.415133903563526,0.438120540456886,0.377164809942631,0.375984824894414,0.41085884224435,0.436069229375332,0.426119228309718
1781,0.237432315474156,0.447873491966506,0.415218557407901,0.438342231001994,0.377302859971087,0.37614218112204,0.410979644272811,0.436179262303993,0.426270837735901
1782,0.237551063577836,0.448006982224793,0.415338231688314,0.438604917223634,0.377450933058247,0.376319505712386,0.411112095734099,0.436291971463795,0.426432906589105
1783,0.237697370036857,0.448160224713645,0.41547636765288,0.438839900189109,0.377613856791598,0.376495173540262,0.411179459869353,0.436403865358216,0.42660250626572
1784,0.237805054950076,0.448281913215097,0.415609963751792,0.439108729418888,0.377752739630823,0.376676072616385,0.411324960583417,0.436540366958768,0.426747961420845
1785,0.237882905574042,0.448383767294476,0.415763420410987,0.43942716056314,0.377871988805635,0.376868401687995,0.411543451123968,0.436695932912273,0.426890523700066
1786,0.237973454729371,0.44852140314762,0.415904595112627,0.439702575618113,0.378008007388102,0.377028727273428,0.411703599628608,0.436838253441622,0.427026982306354
1787,0.238053736323857,0.448656032528961,0.416031191059276,0.439957171418694,0.378139337098782,0.377177814417506,0.411873788184003,0.437001621813822,0.427141534840786
1788,0.238147111671239,0.448789483676616,0.416175086318699,0.440203442584252,0.37827735756891,0.377351340901372,0.412015585515969,0.437149629769428,0.427283833076777
1789,0.238271303534585,0.448959117159783,0.416338395559374,0.440421759766773,0.378430057208864,0.37752856549098,0.412099606027637,0.437269824862174,0.427427420980092
1790,0.238343342233261,0.449122884988925,0.416482096980528,0.44070152530489,0.378615130195877,0.377761904082556,0.412255524302305,0.43739085472735,0.427585699593027
1791,0.238417148368468,0.449259481993264,0.416625535491966,0.4409926718206,0.378775632374901,0.377931046242719,0.412451396546178,0.437525321850838,0.427745006987464
1792,0.2385318817454,0.449392255583882,0.416736004486911,0.441312765140604,0.37896163130667,0.378127944245926,0.412684262175797,0.437627988532948,0.427896921194301
1793,0.238617612199347,0.449542099124604,0.416805700170776,0.441640365670211,0.379131758333368,0.378259735196994,0.412870562868476,0.437738345095328,0.428063989913455
1794,0.238747334267176,0.449676851748172,0.416906961181836,0.441909485026002,0.379286880358252,0.378367985994684,0.413003787328284,0.437850097300906,0.428202213575473
1795,0.238892040430391,0.449772520167908,0.417003091356999,0.44215609327162,0.379430407977442,0.378501675972032,0.413102124199355,0.437960809713811,0.428333243616549
1796,0.238996430879627,0.449909169064116,0.417100659001004,0.442433642736581,0.379571101602768,0.37858032011592,0.413211156858551,0.438064401254688,0.428482989303671
1797,0.23910815038889,0.45008583133632,0.417240319435617,0.442710292517411,0.379767167888582,0.378725302057488,0.413367872045483,0.438157440101829,0.428572074139138
1798,0.239203122593479,0.450245624912581,0.417350745138152,0.442987662824648,0.379931091524935,0.378878047964313,0.413520801230932,0.438246003121616,0.428635113860881
1799,0.239301586652679,0.450413316159485,0.417467827606138,0.443272618058572,0.380091327871279,0.37903617661868,0.413696368999919,0.43832805928044,0.42876500955461
1800,0.239412175072636,0.450579451973353,0.417612440226867,0.443593644584596,0.38031494239212,0.379275799502513,0.413854909396513,0.438457847662693,0.428922965995956
1801,0.239412175072636,0.450579451973353,0.417612440226867,0.443593644584596,0.38031494239212,0.379275799502513,0.413854909396513,0.438457847662693,0.428922965995956
1802,0.23946507474409,0.450787015304426,0.417931977694462,0.443917169052586,0.380455482835854,0.379447054950971,0.413893910285771,0.43853939261852,0.429074695394078
1803,0.239520483902038,0.451036180540266,0.418243196084541,0.444198334700862,0.380646185895854,0.379536849549091,0.413963174998264,0.438651364314042,0.429228424942619
1804,0.239616474965132,0.451259456026456,0.418541679888704,0.444538064201338,0.380896042600921,0.37968966571768,0.414120048083799,0.438738562131919,0.429357481084101
1805,0.239731586045659,0.451523309187259,0.418980787952532,0.444948114854247,0.381164753246033,0.379978187883129,0.414181069737032,0.438759653184334,0.429539333246528
1806,0.239884561127425,0.451784259285086,0.41944312712029,0.445330587778237,0.381448341239819,0.380226921158777,0.414257450052411,0.438891801707004,0.429801071136273
1807,0.24004205738066,0.45202136250185,0.419746280597817,0.445679093656928,0.381623034162229,0.380462022329793,0.414409883482698,0.439087346710815,0.430019181398543
1808,0.240115303021397,0.452244545891865,0.420014774992396,0.445996438159477,0.381734352015796,0.38066775770488,0.414561942987307,0.439208694511863,0.430224537781272
1809,0.240141460568491,0.45244782005343,0.420311987308395,0.446250283277278,0.381861866133213,0.380815525611757,0.414660017635413,0.439260895071025,0.430435336408205
1810,0.240249568090968,0.452668586555453,0.420579625860152,0.446485798826176,0.382048445778214,0.381052588820509,0.414643882156163,0.439285649146473,0.430590175953947
1811,0.240356850755945,0.452815221751997,0.420794185837811,0.446759274914061,0.382229613097943,0.381267677136891,0.414709683197687,0.439373480470553,0.430760939947736
1812,0.240524328377479,0.452961441387991,0.420992848010363,0.447061386148221,0.382417013919974,0.38152756831369,0.414794641080032,0.439476748003554,0.43096759372262
1813,0.240640418934777,0.453048192550927,0.421213841048538,0.447424581032456,0.382569491064975,0.381759584891025,0.414958089293476,0.43963448543141,0.431148484112949
1814,0.240733058425154,0.453168331359954,0.421393808763497,0.447766100021489,0.382761743267157,0.38200718311305,0.415036419862936,0.439737880870415,0.431246972988309
1815,0.240780508578493,0.453355681652776,0.421497392774819,0.448088433169404,0.38289421300858,0.382133956896957,0.415135601059299,0.439780481612144,0.431370454248835
1816,0.240784675073555,0.45353064110286,0.42163230807072,0.448374325337693,0.382911827143696,0.382225120575361,0.415278123844072,0.439826502550033,0.431534019698396
1817,0.240872937559728,0.453712059753414,0.421832676579118,0.448596177585592,0.382971930456028,0.382374041246443,0.415354944422796,0.43986511361202,0.431729552311584
1818,0.241012089957061,0.453847694192588,0.422029071197848,0.448785125442291,0.383075406700692,0.382441433051133,0.415413181580173,0.439863942889172,0.431887814454437
1819,0.241092209190909,0.453838409977439,0.422101383443535,0.44899411674602,0.383184004040486,0.382481134130041,0.415464360340637,0.439875144975466,0.432006495123155
1820,0.241123287752433,0.45385458890779,0.422183946056044,0.449340255066655,0.383364783564706,0.38262120143127,0.415515272995747,0.439974934185585,0.432180099782565
1821,0.24120400621847,0.453958744130147,0.422372195477025,0.44964282569286,0.383503640612728,0.382739259443462,0.415618047841885,0.440087380298634,0.432353611675031
1822,0.241302149976897,0.454146307065744,0.422606752154988,0.449988993858745,0.383685696262668,0.382835069495516,0.415730601849831,0.440206681223498,0.432521066914875
1823,0.241401931434096,0.454316759723511,0.422800358110832,0.450284159365315,0.383795293843608,0.382920696218168,0.415865566115302,0.440348601377496,0.432698998753915
1824,0.241434950823071,0.454424139192767,0.423070766510265,0.450590994156755,0.383858927370616,0.383033413883229,0.415959919580174,0.44053715210723,0.432951675052185
1825,0.241497709402541,0.45457747927239,0.42337259234071,0.450842705601097,0.383890473392019,0.383068702777009,0.416002991975587,0.440594905497486,0.433106855383717
1826,0.241585197978141,0.454774525859781,0.423526704736053,0.45110971992708,0.383975485656191,0.383177988701963,0.416058730932098,0.440512503427165,0.433138348816902
1827,0.241589294402398,0.454881850381232,0.423660444466444,0.451369839042707,0.384084203703782,0.383355034677211,0.416131267858534,0.440563203702577,0.433294019322122
1828,0.241611547387997,0.455019729402442,0.423865823318457,0.45162010432491,0.384194835529228,0.383480690432262,0.416243944731912,0.440727741323036,0.4335632699973
1829,0.241749896843496,0.45517588670326,0.423994577010765,0.451957810863657,0.384338550908418,0.383612846054104,0.416390256610531,0.440801047796748,0.433734378477026
1830,0.241816693877058,0.455322685154331,0.424141689308112,0.452265161792278,0.384453032442807,0.383754923319344,0.416501303190263,0.44084742210934,0.43388309752184
1831,0.241846286788304,0.455424794753792,0.42427520344853,0.452582438207269,0.384558233151988,0.383901506104731,0.416576082126517,0.440899925899967,0.434041290440921
1832,0.241823296979811,0.455560729452317,0.424459703004957,0.452882778775979,0.384629814616857,0.383952303755447,0.41661221720442,0.44094264251383,0.434254717376792
1833,0.241914686036263,0.455663948316329,0.424616325492314,0.453214498354824,0.384699714181994,0.383988926581072,0.416580348464462,0.440892350694945,0.434339069499769
1834,0.241981209566659,0.455748219299084,0.424833924859241,0.453493815102952,0.384804442673077,0.384121570864842,0.416577228925587,0.440881149577857,0.434382828553493
1835,0.242053920038264,0.455837627342519,0.425033762132802,0.453760513123656,0.384908453089311,0.384253615677858,0.41669609896597,0.440987797564938,0.434579958937247
1836,0.242166138010988,0.455887773177559,0.425176886470227,0.454100719725543,0.385051989732611,0.384323231114199,0.416777636862187,0.441086206462734,0.434784480701997
1837,0.242192948843253,0.455942454447159,0.425383065458154,0.454391110377593,0.385184608250697,0.384398883184577,0.416861350671718,0.441193475639172,0.434926209718155
1838,0.242254020530252,0.456047729296427,0.425500166671581,0.45464233600237,0.38522545987847,0.38444731301905,0.41698648512,0.441295327223214,0.435066220928422
1839,0.242328101520409,0.456171611018575,0.42561539825329,0.45492681402643,0.385274138976396,0.38451616367274,0.417102242249272,0.441364599540401,0.43521512796399
1840,0.242427607715524,0.45631937725709,0.425722834097288,0.455254874010217,0.385242423883482,0.384545584428632,0.417165780254733,0.441400451977417,0.435376981122423
1841,0.242477565216487,0.456430633175278,0.425882490347439,0.455490031452156,0.385281040702871,0.384604350220769,0.4172252640209,0.441468444019521,0.435494905773483
1842,0.242528009014054,0.45656659317427,0.426026879284775,0.455684181110955,0.385320673110213,0.384687452569638,0.417326319336262,0.441543985240302,0.435565841519609
1843,0.24256836146129,0.456666936606728,0.426171934451234,0.455876892073352,0.385434145892677,0.38478504114089,0.41738909744473,0.441571938382186,0.435687169586335
1844,0.242585241393442,0.456773892947322,0.426336045349046,0.456132102983221,0.385565684590879,0.384944152880802,0.417424325973504,0.441594304279156,0.435853663866241
1845,0.242601155867148,0.456911671757889,0.426509743163099,0.456387709498766,0.385665969203925,0.38502401833135,0.417406894202781,0.441635660106476,0.435963437653439
1846,0.24268551480227,0.457012480805856,0.426661913517415,0.456647121158397,0.385804042002517,0.385012497252906,0.417425573056503,0.441638157290532,0.436078938832893
1847,0.242784711457447,0.457100889017429,0.426814739555559,0.456895711748008,0.38592276255002,0.385064432927618,0.417540964183823,0.441675218126782,0.436286354854767
1848,0.242815111680208,0.457211272904265,0.426974593943828,0.457098217579037,0.385971432836288,0.385154933025924,0.41755825057582,0.441714071772677,0.436423082247838
1849,0.242798214248828,0.457325391097977,0.427212755951916,0.457157261425715,0.385945563023178,0.385242137872582,0.417419920300088,0.441784945278591,0.436487113501364
1850,0.242807210811477,0.457398793998435,0.427365098442345,0.457297750894546,0.385975165215638,0.385284392574781,0.417463670958695,0.441849615077466,0.436588099003717
1851,0.242817748359786,0.457459912416518,0.427457611106886,0.45749227042901,0.385998013622477,0.38537786075371,0.417584985907109,0.441935150830656,0.436715360353065
1852,0.242749946084553,0.457544237397309,0.427568620356253,0.457676935506754,0.3859652409447,0.385451781778063,0.417709317833369,0.441977774345379,0.436817696312352
1853,0.242711900865727,0.457638306827079,0.427679246336078,0.45771293299667,0.385997251592527,0.385412237123861,0.41774308112092,0.441932460299678,0.436828186858134
1854,0.242690395063309,0.4576415898568,0.427706999220612,0.457782058825734,0.386053046527218,0.385443512463561,0.417767754584278,0.441894881942143,0.436840596787846
1855,0.242713518728077,0.457587230856619,0.427646062273713,0.45789777345145,0.385989621886623,0.385553800198545,0.417775328986735,0.441917423361694,0.43691813727553
1856,0.242750841207005,0.457616187738388,0.427677096485695,0.457913563272058,0.38590243051467,0.385559913158612,0.417784212118469,0.441938099913872,0.437024611383304
1857,0.242741200978835,0.45766102063687,0.427714373950603,0.457875722790771,0.385848465928616,0.38553304160548,0.417781787368709,0.441921464126205,0.437039903617642
1858,0.242769839123258,0.457717764884414,0.42776722208109,0.457804789116728,0.385804820173724,0.385439827176149,0.417903948773126,0.441995789307692,0.437077189323725
1859,0.242731463434393,0.457683130751928,0.427765450881941,0.457758609943219,0.38571747952198,0.385390668282565,0.41791859228705,0.442002941845324,0.437085000851346
1860,0.24260532377114,0.45766303844033,0.427811797961914,0.457663144407584,0.385639910725043,0.385315278006176,0.417802602905794,0.44187381002463,0.436993863688193
1861,0.242495511784662,0.457645393726719,0.427802738076322,0.45752769951845,0.385530761882412,0.385231883886943,0.417714601551923,0.44180833490139,0.436890757876846
1862,0.242370833136618,0.457582933766099,0.427742868077814,0.457453708146819,0.385396633202869,0.385190971188179,0.41758988758042,0.441803278301308,0.436758899671961
1863,0.242248688038245,0.457447383529085,0.427625926862685,0.457300189672713,0.38518574139506,0.385101884433103,0.417574916127127,0.44177759699071,0.43672971897536
1864,0.242127500190882,0.457366675664305,0.427549871508043,0.456983545429372,0.385008517256337,0.384908013948087,0.417572999417548,0.441715833156369,0.43668031564252
1865,0.242000426940181,0.457279238504163,0.427399042975524,0.456626538477575,0.384847951204622,0.384742554471236,0.417491328951808,0.441662884429492,0.436527727680251
1866,0.241813469460327,0.457118429700665,0.427233681382847,0.456284716956228,0.384609255867675,0.384572661658672,0.417344580495169,0.44153117717268,0.436314352464328
1867,0.241585956165603,0.456845326014241,0.427019501680798,0.455976766716171,0.384317691854815,0.3844206374435,0.417143711604644,0.441326601423152,0.436070496022907
1868,0.241364994104424,0.456641077983874,0.426799625799969,0.455539039564326,0.384034175582456,0.384199405399667,0.416989372094778,0.441196093202574,0.435845880693921
1869,0.241129952794035,0.456476791573547,0.426571727956858,0.455028873294631,0.383713843430746,0.383942225989239,0.416806169971004,0.441048143539033,0.43554094932181
1870,0.240842530195768,0.456211118605923,0.426312288245771,0.454497527759735,0.383371494517882,0.383680505725779,0.41658399009808,0.44087593029677,0.435223959139245
1871,0.240526823287819,0.455893006873842,0.426022474149389,0.453914382497294,0.383041194334034,0.383412122849423,0.41640418937272,0.440760411196615,0.434973274043304
1872,0.240222966344851,0.455587648078853,0.425711885117035,0.45327126984823,0.382665918831234,0.383085661941375,0.41615664332793,0.440609667773926,0.43464161897994
1873,0.239888652665273,0.455193425939365,0.425294702084093,0.452554242734617,0.382193427939259,0.382685087798975,0.415846610422984,0.440288143309735,0.434156979775891
1874,0.239500797100062,0.454799732398729,0.424849608133231,0.451717705899095,0.381673553035254,0.382266979283929,0.415538186749842,0.44001956526307,0.433694116027997
1875,0.239070054735036,0.454444788643752,0.424412948592853,0.450860706019167,0.381135773743478,0.381937650069434,0.41517683089314,0.439756469108973,0.433260160981828
1876,0.238621693867007,0.454022188983017,0.423898725694971,0.449924910006349,0.380561797366214,0.381530802024656,0.414823421305932,0.439378185741689,0.432705394186676
1877,0.238164764946417,0.453527887377946,0.423341545825404,0.448869884570921,0.379937192613065,0.380999690710652,0.414498184637464,0.439035755837843,0.43210011436059
1878,0.23768434891684,0.452996908223189,0.42282030799361,0.447787410831102,0.379332033016886,0.380402765958893,0.414236832201293,0.438737144022751,0.431493080745444
1879,0.237093225932563,0.452391317536638,0.422178784904931,0.44656398719725,0.378582692620148,0.379832507338107,0.413765357644694,0.438314470741983,0.430727187452379
1880,0.236455350462015,0.451699844511643,0.421429867098025,0.445228393276774,0.377721738859665,0.379211216219472,0.413211100401717,0.437858172339615,0.429794633168614
1881,0.235833599455565,0.450962801943554,0.420629123435377,0.4437374433778,0.376837565054632,0.378452896371866,0.412691164464109,0.437344341524244,0.428889382726402
1882,0.235160157722956,0.450151510832223,0.419783866613781,0.442148393889854,0.375895056717069,0.377629978557072,0.412087519443807,0.436767852947557,0.427952359056081
1883,0.234416384008198,0.449328707907558,0.418889690319418,0.44036861080933,0.374833541163169,0.376841018625407,0.411388339832666,0.436102823744139,0.426894714699067
1884,0.233628093940178,0.448471629263535,0.417855422252661,0.438518430429963,0.373812673354881,0.375963690710285,0.410714819856237,0.435355161646623,0.425745761676088
1885,0.232758594486595,0.447512267747541,0.416721336845278,0.43660275797886,0.372735662420657,0.374981000300482,0.410038176893923,0.434589752607038,0.42456066223331
1886,0.231831955852882,0.446441758921319,0.41552386889645,0.434457407973553,0.371476122076352,0.373911045425636,0.409226779694271,0.433801291387409,0.423252104987833
1887,0.230750810915613,0.445305169445554,0.414264617163775,0.4321550506634,0.370108268109834,0.372861883283049,0.408246301389818,0.43300751464128,0.421820194722115
1888,0.229659628639042,0.444047739864864,0.412870338140976,0.42977697192097,0.368640253945066,0.371680621934082,0.407253892733639,0.432044250477488,0.420249342927542
1889,0.228568076330048,0.442666837492436,0.411374082095994,0.427226080039638,0.36696883996004,0.370307913451062,0.40630111124505,0.431030702245135,0.418574612310432
1890,0.227389402717392,0.441181945941671,0.409786751287107,0.42452747745787,0.36530785709678,0.368914133397896,0.405142142156846,0.429923257096823,0.416819551088989
1891,0.226082891420805,0.439604806050487,0.408063828271638,0.421758135990173,0.363606954350826,0.367514890359893,0.403763937570188,0.428619215342118,0.414895684531059
1892,0.224762643324866,0.43791269529111,0.406279358674165,0.418825992672197,0.361805662561714,0.366015352994377,0.402411197367824,0.427315144357764,0.412900307652599
1893,0.223413349120239,0.4360741157604,0.404414947863946,0.415694246302081,0.359925141841213,0.36441817363294,0.400991677095364,0.425973713039521,0.410836703684463
1894,0.222039292561972,0.43417238775394,0.402470757752999,0.41239088608306,0.357973518312606,0.362688206959321,0.399520022142292,0.424613302990877,0.408707334558173
1895,0.220546556055917,0.432177745478431,0.400369197336709,0.40905102854343,0.355974030554263,0.360949977808191,0.39786965241233,0.423090217771017,0.406399820549926
1896,0.219018594146284,0.430019723631459,0.398211066455489,0.405638232231702,0.353877193985342,0.359151567032386,0.39615936696138,0.421549372216145,0.404041787235086
1897,0.217576442527682,0.427839219566975,0.396112693760502,0.402181266329646,0.35178462825556,0.357322369439304,0.394459320560309,0.420026078227723,0.401654416313374
1898,0.216148773997103,0.425526138054436,0.393966420121415,0.39866203605988,0.349644880063893,0.355373802870702,0.39264828825586,0.418444364192339,0.39917406336764
1899,0.21472744427707,0.423244044652615,0.391824327192792,0.395075150446042,0.34753668023478,0.35352459354938,0.390803165879552,0.416912540977562,0.396733516826668
1900,0.213344491502815,0.420897914459505,0.389726749853791,0.391331368070102,0.345399600441182,0.351714335327846,0.388923649583677,0.415382379805266,0.394219438063672
1901,0.211993881424027,0.418606811297523,0.387629302431167,0.387753860394963,0.343292151874522,0.349869652246789,0.387126610588193,0.413919218697261,0.391806958379022
1902,0.210622414717203,0.416251332420799,0.385395181136511,0.384134659858496,0.341065637570458,0.347932269226959,0.385231406157362,0.412386328013016,0.389396134337731
1903,0.209320029636306,0.414018921036135,0.383355142934466,0.380641638117972,0.339101588513713,0.346180390424464,0.383421125105184,0.41105237340276,0.387097998463151
1904,0.208062452954557,0.411814910844261,0.38143350147181,0.37721740941847,0.337252744581691,0.34449476394973,0.381654788558567,0.409800027214169,0.384834679145298
1905,0.206876752202505,0.409698013514992,0.379539322303972,0.373975029633237,0.335500819048846,0.342851699630876,0.380050423363348,0.408735176443883,0.382713930304654
1906,0.205771924135557,0.407754933553773,0.37777882826823,0.370800613643771,0.333820112285048,0.34128433659171,0.378519246932051,0.407708569992523,0.380717793521567
1907,0.204700677398656,0.405957772087649,0.376164523672991,0.367663155152759,0.332323942627959,0.339837259997983,0.376978583496295,0.406773455405955,0.378809029796621
1908,0.203755364968297,0.404233836516241,0.374571917866739,0.364728522035837,0.330863661077792,0.338488056890218,0.375643667236121,0.406028293584811,0.377066574345222
1909,0.202944327899991,0.40258126045776,0.372980823853182,0.361977511729095,0.329390006170212,0.33717611908764,0.374537304656444,0.405371425657911,0.375499778706895
1910,0.202144686683541,0.401143705263621,0.371621997382488,0.359290130656675,0.328099540891114,0.335968392257654,0.37341246055014,0.404860262677648,0.37399729093177
1911,0.201385040924991,0.399872186889646,0.370385910839632,0.35664503805387,0.326998679144753,0.334905066182427,0.372319758580129,0.404589839316621,0.372588653603889
1912,0.20072789156694,0.398657010501558,0.369252598026515,0.354267757956563,0.325943830156814,0.333914616673053,0.37136167024103,0.404339951019152,0.37133994338512
1913,0.200197931856559,0.397620931876348,0.368339304243207,0.352120399228434,0.324960242982606,0.332977661810489,0.370508960038821,0.404170712770515,0.370214406873386
1914,0.199641045764811,0.396659102765248,0.367445528743707,0.350001756185632,0.324067068203918,0.332118626939696,0.369727744273199,0.404075362585002,0.369189583479464
1915,0.199133455124356,0.395717622324429,0.36659301120709,0.348039397265163,0.323293922758222,0.331346664670835,0.369051928902951,0.404032092257064,0.368335089964122
1916,0.198666530215246,0.394907756361601,0.365835203525097,0.346195980084343,0.322566374905559,0.33072585415963,0.368445776433952,0.404137375358658,0.367541275514519
1917,0.198235908735683,0.394254159338287,0.36518828167342,0.344469760386359,0.321913745378455,0.330117210140686,0.367929386521307,0.404317361495807,0.366846112868566
1918,0.197758084476898,0.393816831544817,0.364652730660124,0.342774874186244,0.321352995482932,0.329555950155454,0.367512844066932,0.404627463816031,0.366235602355878
1919,0.197442443425217,0.393330602404077,0.364169991617125,0.341261266812204,0.320831228574674,0.329044778443686,0.367100578318336,0.40489082814779,0.365720201735309
1920,0.197277357268965,0.392919474563843,0.363807922560361,0.339935206719589,0.320391229574018,0.328606996617705,0.36673957825619,0.405230969375741,0.365331813393773
1921,0.197062837031141,0.392576703627719,0.363453512455233,0.338706770225819,0.319956885413329,0.328216785510311,0.366474215344064,0.405588972010454,0.364974806914717
1922,0.196887771202685,0.392286074434445,0.363130245526756,0.337560350694137,0.319511831483709,0.327821396973574,0.366281081943449,0.40595296636766,0.364695975273557
1923,0.196748054507406,0.392033470417349,0.362882337175415,0.336550403718947,0.319191878424925,0.327551697093829,0.366096176634784,0.406324590818437,0.364459169834619
1924,0.196625885948275,0.391841040719333,0.362741839341516,0.335747582030861,0.318976106852785,0.327484316553313,0.365980022111409,0.406764276197512,0.364269766797351
1925,0.196526874111282,0.391725683680834,0.362576369938355,0.334972247160792,0.318756988638925,0.32731411799858,0.365913185560319,0.407189089869851,0.364152854522921
1926,0.196478681501976,0.391664776918192,0.362417724564887,0.334262034666419,0.318600402701856,0.327109620674141,0.365871676778452,0.407579867509645,0.364130569362333
1927,0.196438686223145,0.391637819364967,0.362303173882803,0.333628227341321,0.318483854388275,0.32697818231159,0.365849308604057,0.407995200190207,0.364114465518321
1928,0.196440802998875,0.391669406542629,0.362307150477075,0.333152000593128,0.318441925351767,0.326940443948383,0.365882124373451,0.408424335340122,0.364137011458133
1929,0.196438912111361,0.39181439976846,0.362366331314759,0.332793230926867,0.318418358426332,0.32690852065503,0.366026065061053,0.408921217884512,0.364200324191073
1930,0.196508223070967,0.391928329832677,0.3624360202036,0.332490205555832,0.318444402173385,0.326920032655726,0.366119514210704,0.409324898769936,0.364319531651082
1931,0.196675227124935,0.392032681776456,0.362618038186314,0.332298493369688,0.318570016376366,0.327073300272653,0.366148559345604,0.409670060164604,0.364443408173624
1932,0.196794570456221,0.392208891645608,0.36280173441483,0.332212653508372,0.318708445926114,0.327197720962381,0.366318033762872,0.41006345225727,0.364669356831216
1933,0.196908415244843,0.392417101578111,0.362944290560215,0.3322342349796,0.318867065869222,0.327285995452546,0.366600467671167,0.410457449207461,0.36501775431343
1934,0.197061099422816,0.392678757601838,0.363167478460482,0.332275431539442,0.319039593744873,0.327417646244556,0.366826071802802,0.410828156930457,0.365344824552774
1935,0.197205806732145,0.392998836557343,0.363531549997417,0.332409357236984,0.319259307540681,0.327599518811891,0.367074180086682,0.411168757537015,0.365714979460913
1936,0.197390331477444,0.39334906520915,0.363838787740936,0.332620687982276,0.319509788299249,0.327822443103228,0.367374502660229,0.41157619682898,0.366112303394647
1937,0.197608454661694,0.39373898718593,0.36414378188512,0.332889431036188,0.319781055974668,0.328071762937128,0.367692687368425,0.412001829685878,0.366533004242111
1938,0.197886414581198,0.394205736849288,0.364424182889269,0.333173372187464,0.320041512054669,0.328322844282405,0.367983868447977,0.412430495118897,0.366964478550002
1939,0.198148126373418,0.39460636712423,0.364782958740453,0.333537270790129,0.32035736906936,0.328604663205791,0.368318258053533,0.412823579940887,0.367421226376227
1940,0.198432347081233,0.394991981726298,0.365137517064096,0.334013743435954,0.320738384419744,0.328944184790836,0.368725576671026,0.413266659224581,0.367918306372027
1941,0.198702570580836,0.395433777763066,0.365569247865405,0.33450480935588,0.321109422224385,0.329286147249321,0.36912147463265,0.413665361412849,0.368421599253893
1942,0.198964815112771,0.395874008929271,0.366093329929091,0.335002764536617,0.321464191626715,0.329652464768517,0.369488264577172,0.413986206736547,0.368881098503814
1943,0.199256869643626,0.396335652092381,0.366596924006612,0.335589342391147,0.321894247454124,0.329990306217057,0.369903900357174,0.414343176876018,0.369472551993871
1944,0.199550929676166,0.39684586156904,0.367133644810159,0.336303226522329,0.322407992821854,0.33034282079346,0.370395117202559,0.414721341731648,0.370215480173416
1945,0.199867106201587,0.397368010374082,0.367673331016295,0.336979133445457,0.322875891249037,0.330701618696391,0.370854606154725,0.415105333540872,0.370842406419459
1946,0.200216275367947,0.397877544834197,0.368256797733357,0.33768345250992,0.323351872196757,0.331015063246465,0.371312324889575,0.415489977174645,0.371461161064895
1947,0.20056788129969,0.398421817796043,0.368797844496034,0.338402921748779,0.323852947320294,0.331370280581703,0.371768974593448,0.415858291174102,0.372126852193915
1948,0.200928825238121,0.398995120141497,0.369327207397938,0.339135712422019,0.324360587253189,0.331749728641919,0.372226054891001,0.416226217749451,0.372791744054593
1949,0.201300372083794,0.399633914786506,0.369838258184872,0.339856814633573,0.324864821428799,0.332186353299347,0.37268520740935,0.416627188426879,0.373402783551864
1950,0.201670583047549,0.400219315373129,0.370395184231671,0.340647919776476,0.325340850684714,0.332571016546795,0.373147293779871,0.416976736489327,0.374030909549717
1951,0.202056475773066,0.400802548569086,0.370942195660476,0.341473659577483,0.325812055126886,0.332902579779325,0.373594120182359,0.417262939018768,0.374688151904892
1952,0.202430027686722,0.401383753611513,0.371509873813777,0.342335670595776,0.326330713066874,0.333354456825792,0.374079419816259,0.417616346409503,0.375397157127634
1953,0.202805871823579,0.401935981418804,0.37212615971931,0.343306629991986,0.326811449866272,0.3338665316412,0.374596557816235,0.418003947295105,0.376113730881
1954,0.203167748972744,0.402531118465452,0.372724286081397,0.344163720254787,0.327352514012475,0.334344108828061,0.375091461730581,0.418353942358979,0.376795848175586
1955,0.203504169855679,0.403154137333614,0.373328272573252,0.344990708146873,0.328070867350627,0.334929521529506,0.375588937523804,0.418704658007979,0.377592646401795
1956,0.203871843614678,0.403765842495796,0.373905537267367,0.345836968064145,0.328601385218006,0.335413632062101,0.376099948866675,0.419061695193122,0.378272240561066
1957,0.204241102045144,0.404407243953909,0.374461851719563,0.346663337493779,0.328965248824937,0.33578726645049,0.376613464556713,0.419373932125637,0.378730648347544
1958,0.204620251356463,0.405024010975148,0.375047636839281,0.34745404312175,0.329461945942508,0.336217782691059,0.377120421430904,0.419730704945001,0.379368341872244
1959,0.205058705573848,0.405595077041729,0.375625467452742,0.348240630609822,0.329982732790472,0.336665429372427,0.377648170717712,0.420183819274662,0.380069727009407
1960,0.205445733362499,0.40621204143954,0.376195193838989,0.349021298654141,0.330448344189838,0.337081465845991,0.378176539271362,0.420557243221548,0.380840916425673
1961,0.205813855468227,0.40682919024029,0.376803688067922,0.34982453085228,0.330938939099027,0.337530909284211,0.378659003716211,0.420887181968142,0.381492340772214
1962,0.20615197123198,0.407449808943831,0.377469138061706,0.350598754694538,0.331519646355282,0.338001427395137,0.379079818003529,0.421140788576952,0.382145172436294
1963,0.206512944069135,0.408079438010323,0.378094191911862,0.351365292200397,0.3320473559585,0.338469382403023,0.379578560499374,0.421524015603586,0.382842911906257
1964,0.206864598969673,0.408754800816194,0.378727281743247,0.352160754360822,0.332515400321509,0.338966439619293,0.380148669495608,0.421965012582424,0.383514726477698
1965,0.207203074396324,0.409367572794693,0.379330584249114,0.352952775164001,0.332993903415036,0.339416387049151,0.380583580989575,0.422288304552894,0.384139832526138
1966,0.207521883590505,0.409955678198687,0.379940324281897,0.353732653203386,0.333537635556538,0.339861322593178,0.380973170178727,0.422620964459201,0.384817128301302
1967,0.207888312839483,0.410544667595433,0.380501356896478,0.354472619084127,0.334006605778606,0.340287515568091,0.381391712528543,0.422970335142246,0.385468435730516
1968,0.208293009312234,0.41108925926647,0.381009096271663,0.355193693493957,0.334355335115317,0.340681779879081,0.381676733702811,0.423181997493814,0.385994770506366
1969,0.208640176166819,0.411660821121306,0.381532854799131,0.355950087682357,0.334789857055305,0.34106579407613,0.382068600222932,0.423486367831004,0.386580346082368
1970,0.208968766788565,0.412278901794909,0.381991198669909,0.356687478402165,0.33524232086166,0.341386641096843,0.382616182788938,0.423971599647779,0.387279369709599
1971,0.209333052997465,0.412841393924439,0.382511386991807,0.357405351921177,0.335705826991733,0.341779956939062,0.383071415214631,0.42434433740687,0.387908957158288
1972,0.209695869551518,0.413383085736177,0.383058231229689,0.35812981262487,0.336190466747546,0.342197048869578,0.383503264798624,0.424676265157698,0.388506597367655
1973,0.210032275419358,0.413868871588112,0.383639083997581,0.358879107168006,0.336745365407498,0.342643015491335,0.383899357230594,0.424909671712441,0.38900835728096
1974,0.210345793725437,0.414476819399843,0.38421377280452,0.35967896314528,0.337203590969668,0.343048063299877,0.384335898231299,0.425265256363418,0.38962879359323
1975,0.210698431166378,0.41514269102563,0.384843259092231,0.360511296002501,0.337626907126853,0.343481866511624,0.384740444806023,0.425650888763561,0.390285370867831
1976,0.211010871575996,0.415720729427489,0.385411465125784,0.361263488674319,0.338071619259616,0.343911020779069,0.385181144441433,0.426000414213161,0.390927223400108
1977,0.211195198542822,0.416328769168871,0.385961486275563,0.362034201665774,0.338442601168263,0.344290818255755,0.385676866572932,0.426401677530705,0.391663707239186
1978,0.211507812677595,0.416934789298466,0.386498314335393,0.362815360895899,0.338903110686094,0.344696719183222,0.38614791942169,0.426769175340351,0.392292855476686
1979,0.211970514193774,0.417443526482864,0.386954962925693,0.363480740188103,0.339462351371953,0.345195694518174,0.386575663640418,0.427049960794844,0.392785995850932
1980,0.212286418462997,0.418013270134215,0.387506277217183,0.364232728546052,0.339940488228101,0.345594326916662,0.387064694521917,0.427397890209089,0.393403141275252
1981,0.21249213788757,0.418695748095984,0.388146827271067,0.365148918019022,0.340381318520599,0.345838619503467,0.387651930389188,0.427848105198403,0.394104124649194
1982,0.212819384405714,0.419306431639553,0.388702652777235,0.365955298532974,0.34087498784279,0.346228867124857,0.388139503849337,0.428203985974761,0.394714458967974
1983,0.213177168705061,0.419812946627636,0.389207817597628,0.366683704653452,0.341400821896593,0.346694614999755,0.388563914692004,0.428473729599614,0.395337181075877
1984,0.213468574126269,0.420415443055238,0.389810749261727,0.367431963536516,0.341871607529393,0.347125657766109,0.389070271274986,0.428809286889052,0.395945999060217
1985,0.213810498478987,0.421015945334716,0.390380120552132,0.368205964506646,0.342319814616362,0.347527969375099,0.389511612342785,0.429171829958214,0.396559923533179
1986,0.214293992902897,0.421660038141469,0.390912283822564,0.368966691572729,0.342785846213472,0.347987615984805,0.38983604987209,0.429503189828005,0.397080157297323
1987,0.214641760743063,0.422227836615468,0.391421986326435,0.369725317616034,0.34323301108739,0.348420125785264,0.390287781968981,0.429895699817987,0.397685449706676
1988,0.214870473247469,0.422774051828762,0.391948988918036,0.370513053266382,0.343570728824043,0.348735576721167,0.390831600378062,0.430407911135888,0.398384201561404
1989,0.215180424079899,0.423340800754353,0.392487558802801,0.371293127197876,0.344025528854679,0.349163315982978,0.391303330915405,0.430818076298734,0.399012443062665
1990,0.215523549219566,0.423887631902075,0.392985140863929,0.372048941657298,0.344622986447788,0.349745195157601,0.391796575330897,0.43117864383182,0.399613886599296
1991,0.215834065583346,0.424409625545017,0.393475076765631,0.372817322810723,0.345089007714243,0.350194309390043,0.392261197265697,0.431568337807519,0.400213540348697
1992,0.216149055501815,0.424947387996229,0.394006485603389,0.373668847205264,0.345511869925342,0.350610075839249,0.392687221292657,0.43197023567495,0.400799155809532
1993,0.216456056687882,0.425473874397742,0.394520343594409,0.374415846698433,0.345936493208338,0.351000603741202,0.393099959661215,0.432336825958318,0.401391596264757
1994,0.216759189572324,0.425950862010321,0.394968875347199,0.375106678662766,0.346276501257078,0.351308264553113,0.39347988970651,0.432697165284433,0.402016877671168
1995,0.217027970047145,0.426408821773361,0.395445174395311,0.375766309017681,0.34666510398379,0.351648648770599,0.393897803107679,0.433045511674943,0.40257364369145
1996,0.217297819162579,0.426925438727446,0.395926719652019,0.376415766022571,0.347060513379462,0.35197508994584,0.394292087768433,0.433380232691035,0.403095125024992
1997,0.217542288705386,0.427513964036991,0.396464258555056,0.3770315223161,0.347511105880001,0.35229176498332,0.394679321804608,0.433646203624617,0.403601249636856
1998,0.217825927451889,0.428024768649129,0.396931594326504,0.377593244028973,0.347877913313482,0.352596474536175,0.395018385092405,0.434015981459034,0.404077034587069
1999,0.218142138294708,0.428549220123502,0.397376286934249,0.37810212448614,0.348202562113767,0.352887946552595,0.395335000364128,0.434466630475565,0.404456315150269
2000,0.218391510123681,0.428991042758152,0.397792482289355,0.378646228983713,0.34853263307762,0.353191657213192,0.395659225436013,0.43481108962263,0.404917283515712
2001,0.218663988497424,0.429325173307606,0.398156017082066,0.379204587937462,0.348855111372882,0.353514719259034,0.395941379683116,0.435143005059943,0.405434037042145
2002,0.218879345096945,0.42975173924433,0.398550533359961,0.379654449358291,0.349153871565359,0.353788600575314,0.396231063596395,0.435490194132455,0.405882975495663
2003,0.218997034306083,0.430251218769788,0.398981370160985,0.380071587057645,0.349430537195554,0.354049567890082,0.396533415443716,0.435764941289087,0.406351679383206
2004,0.219144347532512,0.430610131919086,0.399322860043448,0.380487298741552,0.349713490062668,0.35429336032741,0.396838581760865,0.436082541530227,0.406753666805966
2005,0.219273275330491,0.430901487488213,0.399631731983949,0.380839281655417,0.350009532188816,0.35450856943364,0.39711855228052,0.436480188289477,0.407077667469187
2006,0.219423121377492,0.431240919754537,0.399939185832426,0.381127153117415,0.350219747182109,0.354697163355743,0.397410413368169,0.43682649256478,0.407409471993491
2007,0.219575417331653,0.431530305467904,0.400198372573826,0.381395375725347,0.350352939946008,0.354878344379715,0.397780880422813,0.437104315339473,0.407732388717352
2008,0.219746222646351,0.431769087242903,0.400381861827108,0.38167855577416,0.350573468266436,0.35502259924946,0.398078030311547,0.437440363568344,0.408015418769257
2009,0.219880627821338,0.432016488679001,0.400636376522552,0.381868404387581,0.350716210540259,0.355174102064755,0.398284973785293,0.437782512423125,0.408281677962281
2010,0.220032298385209,0.432348309745743,0.400976255932832,0.381937914633031,0.350764490623553,0.355285473714837,0.398396516382568,0.438144467506328,0.408527724490341
2011,0.22012563225191,0.432592919399629,0.401173337310995,0.382031500242772,0.350875686822121,0.355417418819895,0.398589608531772,0.438461211955325,0.408749806653847
2012,0.220148331706423,0.432757163432428,0.401322575965875,0.382152468744687,0.351054280825651,0.355598835953158,0.398768220595192,0.43879806677004,0.408965819578212
2013,0.220232928008518,0.432903386038244,0.401446773853802,0.382145637861676,0.351116055945647,0.355685795482549,0.398888941387322,0.439091079234295,0.409125490719882
2014,0.220347797621981,0.433044154251366,0.401466093110386,0.382054437584611,0.35112770412365,0.355731005215898,0.399013116596455,0.439325014042595,0.409239894457988
2015,0.220402720999638,0.433165993248497,0.401534963783806,0.38193712966695,0.351131660051045,0.355757757662564,0.399143503840339,0.439587794806746,0.409336214587556
2016,0.220444914135706,0.43322229642066,0.401653745640697,0.381766361074757,0.351072995269524,0.355730716762235,0.399213266433173,0.439846264752291,0.409369032771224
2017,0.220487344604549,0.433273597960938,0.401688662145046,0.38153299361345,0.350998532936928,0.355694545177649,0.399266511249587,0.440099632545333,0.409419833053467
2018,0.220513634208283,0.433353767002307,0.401637968514988,0.381232130903579,0.35091482428439,0.355637841990533,0.399392417432411,0.440339940776645,0.409506081893653
2019,0.220505013982342,0.433391191651238,0.401648607649936,0.38089987418643,0.350819848889232,0.355567412112467,0.399445502897958,0.440598195520614,0.409522307284795
2020,0.220516714534135,0.433378696943224,0.401700851529126,0.380452869722876,0.350697701577721,0.355484696510772,0.399433825485814,0.440906809890614,0.409521098445865
2021,0.220437813643557,0.433341666130487,0.401652994526463,0.380068591538514,0.350529691605629,0.355354652012313,0.399327868309854,0.441129064057574,0.409443935829176
2022,0.220403213416266,0.433283986701469,0.401591584563405,0.379646772994105,0.350400002668433,0.355236201400306,0.399288816912038,0.441371773972014,0.409373141886031
2023,0.220343044028945,0.433233771135669,0.401577342481443,0.379248679889411,0.350320057783357,0.355117716146556,0.399260705007733,0.441625192596483,0.409236602955099
2024,0.220268693573153,0.433093342631044,0.401461487850849,0.378729025474305,0.350135211057138,0.354970001096125,0.399218213510631,0.441883863103371,0.409142341367831
2025,0.220211505330636,0.432826003602179,0.401214501491111,0.378136764468695,0.349909570813504,0.354808868192292,0.399203434452423,0.442147443519408,0.4091011423207
2026,0.220132596610789,0.432701544473539,0.40103703782177,0.377551168900483,0.349689205116544,0.354641877587268,0.399127075349477,0.442366348102714,0.408954851372955
2027,0.220000120305228,0.432640144535937,0.400870817812393,0.376940074372072,0.349436628791111,0.354466501949907,0.399011349016382,0.442572298075897,0.408753099291713
2028,0.219886252106914,0.432469252087297,0.40066901812662,0.376238959680367,0.349123101412349,0.354242834610857,0.398880860250008,0.442762645660675,0.408551881521777
2029,0.219827426039293,0.432334765311374,0.400463534239205,0.375460490129089,0.348735619412505,0.353959352676373,0.398698974002594,0.442874653212378,0.40827595498333
2030,0.219693786387598,0.432152982717127,0.400230329410723,0.374716030893733,0.348433204060256,0.353724374912791,0.398545422856295,0.44305605180515,0.408034158068382
2031,0.219521334973434,0.431864110309548,0.399980388479991,0.373911346960291,0.348161400405298,0.353459928638135,0.398445196292612,0.443311258586777,0.407848404319489
2032,0.21930249323451,0.431575389055721,0.399682847486369,0.37308838477833,0.347802331141801,0.353265911144563,0.398239592778941,0.443522843395935,0.407595286562057
2033,0.219089692323805,0.431308413612384,0.399410345450492,0.372316750476358,0.347505309225492,0.353056823549664,0.398008617587035,0.443636178077536,0.40723293233516
2034,0.218927026677913,0.430995816306353,0.3991098833129,0.371507594332307,0.347186522452097,0.352723083657673,0.397788578205562,0.443752679043563,0.406868345524794
2035,0.218745798333183,0.430679313289269,0.3987854473666,0.370597061536499,0.346778020261269,0.352391609359709,0.397603490613875,0.443922451413422,0.406537529529575
2036,0.218600619892679,0.430276976369857,0.398448939022412,0.36952346589527,0.346211738355732,0.351956012835467,0.397468061368656,0.444089621389322,0.406182455303305
2037,0.218404360231714,0.42997375377365,0.398101418008334,0.36858889515699,0.345785191759707,0.351604260813142,0.397207778860886,0.444204886911221,0.405790041937664
2038,0.218156306102219,0.429781624236082,0.397713574131646,0.367684402946544,0.345416109053007,0.351290269430094,0.396883449292442,0.444351694106699,0.40541663794859
2039,0.217954067541334,0.429436792863626,0.39733795992428,0.366738920599889,0.344976457701997,0.350954213246896,0.396614491741969,0.444477918604014,0.405028840904428
2040,0.217798527597476,0.429007347561493,0.3969572662924,0.365818642144217,0.344548614557695,0.3506321557146,0.396262800778504,0.444483265388385,0.404535764808727
2041,0.217573116333542,0.428643664044284,0.39658308839167,0.364876184739579,0.344084751247858,0.350273402968526,0.395968939719808,0.44460597421417,0.404148626291143
2042,0.217289330355966,0.428198157728526,0.396184311840854,0.363888398176414,0.343511041617683,0.349876368745349,0.395820617948201,0.44491053012795,0.403891103874358
2043,0.2170661054351,0.427829445283679,0.395823266056247,0.362899230710092,0.343026388022985,0.349485539208443,0.395564697355686,0.445039362661936,0.403521969194359
2044,0.216827812026103,0.427550842366133,0.395487428051928,0.361862863443706,0.342537197225431,0.349011368113014,0.395242674173503,0.445138071402793,0.40314959259359
2045,0.216598149477512,0.427294145165549,0.395160571997484,0.360937990648247,0.342169739289871,0.348670760173025,0.394853820991049,0.445131631672645,0.4026899240333
2046,0.216436018758272,0.426938128830484,0.394822230216374,0.360005567883896,0.341756466119833,0.348417686875849,0.394623281019521,0.445091079686256,0.402196240217517
2047,0.216271478915479,0.42653599197116,0.394473202213796,0.358990765807399,0.34125067219487,0.34816500699487,0.394432851709635,0.445083438652541,0.401836679948826
2048,0.215965074945226,0.42615383410914,0.394148095319053,0.358123475352457,0.340812751055921,0.347946099936187,0.39413351564038,0.445099681843458,0.401510960145783
2049,0.215720326087015,0.425837909515899,0.393811519254063,0.357405184160739,0.34037503129961,0.347728624186414,0.393872839059083,0.445166144321708,0.401140700359315
2050,0.215526134769641,0.425479486537772,0.393504041482194,0.356632331421133,0.339983703693959,0.34743806162477,0.393643721900626,0.445216272346612,0.400803316779308
2051,0.215368815619459,0.425118923111172,0.393246227495044,0.355853992750159,0.33967341287027,0.347007806156991,0.393352312237037,0.445251932472017,0.400474813287617
2052,0.21516485952316,0.424811814254481,0.392969635279842,0.355191532067499,0.339353214977708,0.346731962256925,0.393090350562751,0.445305151870244,0.400161315369475
2053,0.214986415362608,0.424487124566318,0.392679007132035,0.354593865831478,0.339029862317456,0.346494425937009,0.392938981201114,0.445391363921101,0.399856045937017
2054,0.21481408562509,0.424188917160138,0.392403413209856,0.353987601147739,0.338726229043572,0.346268896973501,0.392734675779921,0.445461049629939,0.399589824110366
2055,0.214587150595508,0.423974134718147,0.392108037805445,0.353425212312354,0.338424432132325,0.346109230175765,0.3924184130404,0.44553712323535,0.399338052510938
2056,0.214429228723094,0.423742051643166,0.391876406703594,0.352959609185704,0.338181804022072,0.345945804568949,0.392195079755845,0.44558698527014,0.399110109807118
2057,0.21435651561812,0.42344067127365,0.391681791703053,0.352529900665684,0.337958775744374,0.345766581444568,0.392052251943435,0.445586271968826,0.398908362910877
2058,0.214251351871645,0.423236610427289,0.391498263575355,0.352115411956989,0.337779242667981,0.345626484565601,0.391891324456763,0.44564577271749,0.398731903748151
2059,0.214146167376818,0.423135481996794,0.391380885423815,0.351714753675908,0.337657993995681,0.345533865867932,0.391698170666786,0.445700696230277,0.398575662965792
2060,0.214031706604411,0.422996064253183,0.391227688369259,0.351511610117675,0.337596215100054,0.345456769023652,0.391607992448459,0.445818498144467,0.398463280789453
2061,0.213903957881625,0.422776223687782,0.391044718940415,0.351350583571686,0.337477291299084,0.345325360844997,0.391582914481702,0.445952798097385,0.398353122190801
2062,0.213795884693974,0.422709131882359,0.390974911171108,0.351142991420643,0.337376231473829,0.345258748209301,0.391423645529868,0.446051571412435,0.398308352094243
2063,0.213709134272663,0.42260978661722,0.390884740776161,0.350948475165444,0.337283575484961,0.345189868023503,0.39128120916348,0.446154277605147,0.398212714962493
2064,0.213638690150113,0.422482467815725,0.390811002419713,0.350826808287349,0.337160522471621,0.345113919413876,0.391096037466785,0.446240334311066,0.398056688749176
2065,0.213543234726559,0.422362834154052,0.39074458123848,0.350710706066394,0.337104373073532,0.34506089450235,0.391033698397947,0.446315399102775,0.398034577288752
2066,0.213457095438811,0.422292116509127,0.390686273803951,0.350527083374357,0.33711752817057,0.345054007958853,0.391036907034845,0.446418029120404,0.398099038895492
2067,0.213399340325206,0.422212931585065,0.390662158899074,0.350428376952498,0.337076940999581,0.34500490958143,0.390940341177614,0.446451660303162,0.398077010503012
2068,0.213290002941432,0.422101922759552,0.390714452954452,0.350444988735572,0.337034162562383,0.34491084303366,0.390853012923874,0.446388380071407,0.398106426624349
2069,0.21324772192166,0.422013418022,0.390686749251043,0.350431762694661,0.337014447087277,0.344885765470835,0.390815969549143,0.446426138481688,0.398134381800518
2070,0.213351643564727,0.421968419250362,0.390608474656519,0.350450028094467,0.336976913169097,0.344919151255308,0.390697652691621,0.446469089214274,0.398053454548471
2071,0.213315046962512,0.421904733724898,0.390576905834825,0.350430679457935,0.336965311140731,0.344900570517623,0.390623160947999,0.446516136810323,0.39804440842277
2072,0.213165124502824,0.421778365977965,0.39052604784375,0.350431271673377,0.33702098743854,0.344915135899598,0.390711885860046,0.446626299576192,0.39813304050313
2073,0.21315448266979,0.421736040136561,0.390476743479869,0.350390176731889,0.337020096924446,0.344859051868514,0.390684347031483,0.446724501231854,0.398203855209186
2074,0.213113118732125,0.421784285968023,0.390463796626726,0.350324342683339,0.336987707877705,0.344803822367905,0.390454247593118,0.44672513294631,0.398159433379333
2075,0.212984928502393,0.42180737007218,0.390507150552667,0.350226562519835,0.336968646092677,0.344791062638939,0.390476296802991,0.446864536437885,0.398214690266332
2076,0.212976688932098,0.421802547299491,0.390515067619839,0.350137656351145,0.336889523548479,0.344724186221356,0.390521660235157,0.447009089450883,0.39823554223743
2077,0.213006250094659,0.421789929521683,0.390471843703148,0.35004224099294,0.336787835846122,0.344711561700929,0.390391253404899,0.447020811979357,0.398184172976906
2078,0.212985748903004,0.421753324229454,0.390457023253021,0.349977832447455,0.336768020181233,0.344655609631612,0.390358252420459,0.447091380119837,0.39818029784058
2079,0.212942934793776,0.421626468157932,0.390462342195041,0.349903002343096,0.336809234636678,0.34449139241423,0.390356839248902,0.447163016318025,0.398176432054282
2080,0.212896256307485,0.42159385187492,0.390461906973368,0.349849406964968,0.336769346370691,0.344437681938442,0.390356866865378,0.447234862732011,0.398186959679228
2081,0.212815821018351,0.421655928402331,0.39046442992333,0.349877688971353,0.336768525641185,0.344503344540896,0.390414382461648,0.447322983836176,0.398231058388941
2082,0.212775104764887,0.421602624591708,0.390448096952465,0.349821851342817,0.336727620419117,0.344466211214139,0.390394969371993,0.447387954602756,0.398252605954653
2083,0.212757386265843,0.421431894274866,0.390393744220321,0.349677633409978,0.33654324657753,0.344390451237014,0.390322822896981,0.447418365387111,0.398303340486196
2084,0.212714798388558,0.421414369571341,0.390409694073084,0.349618887657974,0.336476523548009,0.344367920266871,0.39028097964411,0.447469707370761,0.398290705647472
2085,0.212654162912708,0.421472107560127,0.390460278171494,0.349604371324,0.336533178596269,0.344306546179762,0.39016589642912,0.447503807695376,0.398193646916793
2086,0.212638675042288,0.421449251391074,0.390476227269053,0.34951950589893,0.336492596473772,0.344246400280773,0.390128821312134,0.447589902151781,0.398163671176027
2087,0.21263509471179,0.421463915473306,0.390529391048657,0.349392032151304,0.336407842777513,0.344173798449853,0.3901651668723,0.447752869573067,0.398123975257144
2088,0.212637133366777,0.421531177546224,0.390599145940027,0.349388364038119,0.336401495759079,0.344259667593237,0.390244089750305,0.447856667678397,0.398117691125491
2089,0.212628922671239,0.421464807545343,0.39051455688565,0.349273519785598,0.336329686625709,0.34425159240712,0.390179448888536,0.447925940365061,0.398124221093911
2090,0.212610312542865,0.421309528061937,0.390444133871996,0.34918466016017,0.336155927986916,0.344172769018883,0.390143937316559,0.447949084134063,0.398138153089369
2091,0.21253606835767,0.421348285083055,0.390464483071644,0.349263328030302,0.336062284409753,0.344172608933081,0.39016228747949,0.447900017290291,0.398158848507576
2092,0.212426853556609,0.421504198787352,0.390429381360939,0.349223341874671,0.33601012145747,0.34414302470918,0.390112040442289,0.447917114902606,0.398193592316775
2093,0.212399072129066,0.421521532910246,0.390439154365909,0.349175470591958,0.335984281544467,0.34413551731614,0.390143760198758,0.447994668453778,0.398246149115408
2094,0.212420496645103,0.421485245545545,0.390507487597825,0.349098525237882,0.335996488077151,0.344152246959847,0.390289848706062,0.448187206092231,0.398367524291189
2095,0.212452658555402,0.421552177509019,0.390557826633718,0.349062323169634,0.335998551044318,0.344159175525682,0.390345468528451,0.448243766336791,0.398414116590286
2096,0.21255685807901,0.421584878582278,0.390580192103269,0.34902141018952,0.336057789481361,0.344172868041454,0.390357552930204,0.448274303339056,0.398411399512092
2097,0.212586842548115,0.421639518381908,0.390663601074759,0.348954927025246,0.336055189081697,0.344165487073051,0.390426069432787,0.448326387179334,0.398461552180357
2098,0.21258537511669,0.421827667799254,0.390825384235419,0.348838225261053,0.335979031834831,0.344134274331216,0.39050804233113,0.448285292797412,0.398506699203219
2099,0.21261677407142,0.421938661299492,0.390904994841851,0.34883654616392,0.335990975672498,0.344127981729073,0.390578469496739,0.448342152955281,0.39856814688904
2100,0.21262333413648,0.421920296009387,0.390924677773975,0.348868181604103,0.336018198097815,0.344091200417742,0.390709058104567,0.448511503718744,0.398683640601052
2101,0.212645194743088,0.422022895242568,0.39103374612964,0.348900547515505,0.336050447840732,0.344107845650186,0.390772129318927,0.448616629412794,0.398756863040426
2102,0.212724908628271,0.422177747469013,0.391143381605879,0.349057968630207,0.336141982420355,0.344161871612218,0.39075666154786,0.448709724613393,0.398769819509052
2103,0.21274446511909,0.422400771751208,0.391277735226607,0.349145032858578,0.336242934605006,0.344232035839726,0.390755725431677,0.4487776261221,0.398833823402066
2104,0.212729333021562,0.422575166264317,0.391494015777524,0.349123863112833,0.336201692915237,0.344299519828901,0.390913225087306,0.448911511353965,0.399009211338224
2105,0.212798567126347,0.422684227111987,0.391666600455277,0.349210883704125,0.336224988938025,0.344460655056539,0.391021172249186,0.449086462901793,0.399215054422802
2106,0.212857061388577,0.422829698407026,0.39173343482051,0.349296602612586,0.336392652275311,0.344601579991707,0.391124700752026,0.449283737229985,0.399453598145062
2107,0.212898032826214,0.423020068437936,0.391890692104207,0.349384153602669,0.33649922137362,0.344659176615221,0.391362422048821,0.449530379850737,0.399730635962907
2108,0.212981502037464,0.423190606196427,0.392044778850479,0.349521664864846,0.336528245538512,0.344733580140815,0.391550560649423,0.449729238759117,0.399923112827047
2109,0.213102469624317,0.423406426277758,0.39219544568264,0.349682865686985,0.336547521683041,0.344755028828672,0.391665449534497,0.449856250485327,0.400006060613193
2110,0.2131932958866,0.423621857046396,0.392376277059839,0.349826647377721,0.336620718584362,0.344854940274303,0.391881959220602,0.45010491870929,0.400204183557191
2111,0.21329994094598,0.423794725088907,0.392589414348295,0.350040515641062,0.33655560215822,0.344998259297719,0.392260071746368,0.450449191955268,0.40044096522202
2112,0.213399245977429,0.423998811062361,0.39279953092717,0.350220496207301,0.336644591726224,0.345141029685302,0.392425541137735,0.450674379169462,0.400645834104368
2113,0.213460647553862,0.424255464176367,0.393046151506278,0.350369122445032,0.336979906810755,0.345350640897745,0.392408713103875,0.450911419590508,0.40087478733452
2114,0.213546101575373,0.424524966603299,0.393284228272781,0.350531259029462,0.337124382945245,0.345473988419645,0.392598883348889,0.451139029385751,0.401097748483593
2115,0.213649879705808,0.424791780674129,0.393513901075926,0.350670959803464,0.337142773823079,0.345498264849906,0.392820177917692,0.45124188327134,0.401291719092453
2116,0.213787707762559,0.425056522692575,0.393746379846499,0.350829686669906,0.337264796253137,0.345618400090654,0.393035504840046,0.451439867193817,0.401501437647874
2117,0.213975225986725,0.425336141738604,0.393960730854473,0.350960358703915,0.337405399764553,0.345735212813534,0.393374419525111,0.451705945231784,0.401689862144926
2118,0.214090795256088,0.425651965752371,0.394226689191108,0.351190528946265,0.337514910032471,0.345926251732795,0.393726269757868,0.452002794961669,0.401997650662763
2119,0.214297896003167,0.425912930745531,0.39447006815395,0.351445336111789,0.337643393879996,0.346135169470805,0.393918656738962,0.452221844908957,0.402248561385846
2120,0.214438327343274,0.426178468868182,0.39471832273342,0.351668019288739,0.337814585718808,0.346300191131072,0.394046865985107,0.452431433914168,0.402502076912843
2121,0.214433356974551,0.426510797943069,0.39497021156265,0.351801463775412,0.337862656357604,0.346353696276728,0.39430539628055,0.452726480082541,0.402909282269922
2122,0.214559006894438,0.426819655627886,0.395210274611346,0.351941136890109,0.337875893115467,0.346404582357956,0.394616379358487,0.452995534362998,0.403201856418799
2123,0.214751151243531,0.427058482507386,0.395463771463017,0.35223538825128,0.338105643131578,0.346564351920815,0.394871031907252,0.453243640267913,0.403433707834832
2124,0.214829184841535,0.427382072967883,0.395702093638061,0.35249123572068,0.338332509138947,0.346736188335059,0.395098653541036,0.4535386874147,0.403769663917593
2125,0.214953961090311,0.427636951668733,0.395894924224928,0.352694655025957,0.338489633295676,0.346828306410614,0.395346667106881,0.453773034645117,0.404016060831829
2126,0.215185910324047,0.427777924198867,0.395985701933718,0.352995222071043,0.338708667657533,0.346901450173436,0.395597939799619,0.453906171334615,0.404164099662743
2127,0.215298483582791,0.42802408285904,0.396222990105384,0.353172698642539,0.338871561626604,0.346987694659063,0.395785677182208,0.454118523177086,0.404367898540378
2128,0.215279500514437,0.428366185349791,0.396537304620894,0.353156705930202,0.338873895443131,0.346998463665755,0.395948692002782,0.454417089350606,0.404592870611247
2129,0.215363532763462,0.428611414696236,0.396779479473273,0.353247867974865,0.338977588669043,0.347059072796623,0.396125071731504,0.454602785391185,0.404771501304124
2130,0.215483129791589,0.428892014515483,0.397151943522562,0.353436496626267,0.339242762405351,0.347242967923169,0.396223479922274,0.454713428620914,0.404928205055478
2131,0.215572564787066,0.429082220133592,0.397347057754687,0.353510821995839,0.339307920135863,0.347297858874208,0.396370797533397,0.45487942719759,0.40511030501147
2132,0.215714965215117,0.429111162342197,0.39728648395369,0.353483474325462,0.339214311569909,0.34719309108326,0.396637753970276,0.455061830097806,0.40532843050967
2133,0.215810789309687,0.429229670773628,0.397402495399194,0.353525122722994,0.339256108118766,0.347214331474922,0.39679347015944,0.455157521064361,0.405463995044912
2134,0.215912848927854,0.429325784742538,0.39757826217616,0.3536064437496,0.339348848645732,0.347288577086779,0.396911613442075,0.455215580398925,0.405566328969647
2135,0.215868495886774,0.429507429390684,0.397727104153592,0.353574464353245,0.339282558473451,0.347330084685615,0.396955815292674,0.455339114458607,0.405640352280453
2136,0.215854797286104,0.42970493242139,0.397809582991246,0.353489779455679,0.339156999482071,0.347219301331135,0.396976139642968,0.455404779273056,0.405740321257422
2137,0.215866989207038,0.429857100676316,0.397954604689985,0.353502003108688,0.339190190399799,0.347220853892479,0.397006778586283,0.455358023515667,0.405751762080413
2138,0.215780981294976,0.429888209258896,0.398002054569897,0.353421038397357,0.339204625485748,0.347254475823373,0.397042791987316,0.455357644061528,0.40576232750077
2139,0.215721296653287,0.429835607366726,0.397893213354808,0.353226866952404,0.339046486976039,0.347123055946427,0.39707025783031,0.455363816015163,0.405832977051267
2140,0.215755267777181,0.429828464189435,0.397893995582983,0.353224982325931,0.339102669905913,0.347154340548892,0.397128717087035,0.455297293428322,0.405821559121105
2141,0.215747288785626,0.429834395957975,0.397912848940394,0.353237199122137,0.339145073930583,0.347278672361044,0.397148582089917,0.455271803087617,0.405742908314621
2142,0.215704782769258,0.429826058410938,0.397862351952509,0.353140490022621,0.339015718751555,0.347153610006642,0.397104225524082,0.455189812699313,0.40569132195333
2143,0.215676812462522,0.429911498581501,0.397738953853244,0.353018008048634,0.338656700939769,0.346712317261154,0.397022370543796,0.4550969374679,0.405685957078176
2144,0.215673794980531,0.42985623841341,0.397670110189948,0.352891591185192,0.338540235631466,0.346573863490173,0.396942228721621,0.454991187577006,0.405598143210344
2145,0.215614678128085,0.429641127914185,0.397602727514023,0.352618811157357,0.338461065177408,0.346510867195821,0.396784622209618,0.454846045374202,0.405437768938051
2146,0.215547716191613,0.429537859311594,0.397498266923918,0.352473739939156,0.338296657657841,0.346338655791598,0.39663916789908,0.454664651483578,0.405305827212705
2147,0.2155712385922,0.429494413214095,0.397417774658265,0.352495387368281,0.338245455468407,0.346298816651595,0.396530251251233,0.454530099839615,0.405165987318479
2148,0.215480224423231,0.429346581055894,0.397293767957554,0.352326652192742,0.33807651096939,0.3461435980266,0.396372358866151,0.454306480148124,0.404974866193425
2149,0.215187879344181,0.429188753028987,0.397100820168992,0.352040535331189,0.337703199668171,0.345760543442247,0.396149368645262,0.45390140422348,0.404742363177315
2150,0.215121952917227,0.429025189872096,0.396922720729104,0.351852255304857,0.337468709220502,0.345486980430514,0.395977887590286,0.453632018025074,0.404567510684222
2151,0.21520982482532,0.428802980227329,0.39675084492238,0.351620538066362,0.337319232550127,0.345227378389627,0.395866873874389,0.453429617878837,0.404430837805414
2152,0.215183457994992,0.428487664087106,0.396524918009815,0.35136993157084,0.337113271447272,0.345077284805222,0.395618839659933,0.453160874566553,0.404182532649867
2153,0.215083115088463,0.428304051723632,0.396294437825499,0.351266575741397,0.336866288955628,0.344791431254886,0.39543471967109,0.452853566726651,0.403967652255009
2154,0.214968005973486,0.428197075291008,0.396172757184864,0.351222636457756,0.336672602563257,0.344598755187814,0.395224454599802,0.452624450987872,0.40376086638312
2155,0.21482664613768,0.427940926725357,0.395999913620544,0.351080983675041,0.33644066376541,0.3445272301489,0.394947133514908,0.452294739761495,0.403472632251933
2156,0.214652450759643,0.42769486632135,0.395739757053974,0.350858299070642,0.336105569491983,0.344232852197469,0.39470562846877,0.451860720304136,0.403226214093637
2157,0.214552025857868,0.427482093428888,0.395543492281741,0.350595919488418,0.33581722799168,0.343944437422978,0.394482132820761,0.451453002921087,0.403102852009675
2158,0.214476318762688,0.427258677570247,0.395390781696354,0.350380921881222,0.335619893670132,0.343850124169218,0.394265169693611,0.451138526177699,0.402971764698285
2159,0.214346499454191,0.427018523869345,0.395161933734245,0.350201328700375,0.335385825798721,0.343679066778885,0.394020131926815,0.450776917594556,0.40273711786225
2160,0.214060765439974,0.426801912228296,0.394913327213489,0.350050342841247,0.335169511886004,0.343491092241294,0.393746407436536,0.450359395261854,0.402443347924744
2161,0.213937681152751,0.426581516952929,0.394691442828124,0.349887761119776,0.334944882614182,0.343268986110421,0.393561516968655,0.450000947876576,0.402215110270895
2162,0.213967278681621,0.42630374665383,0.394417946620158,0.349732482156454,0.3346659641399,0.343033239143594,0.393384703296707,0.449701899346917,0.401895358648012
2163,0.213845325900351,0.426081204746679,0.39415631714885,0.3496179653698,0.33443669622969,0.342787130035809,0.39319969460688,0.449330560633871,0.401660566154407
2164,0.213643882725328,0.425924913020571,0.393923376623045,0.349529083207953,0.334285788771895,0.342468435544463,0.393116371314268,0.448918744314573,0.401563639118248
2165,0.213530033464606,0.425741282303518,0.393739408781711,0.34943770324228,0.334090089949865,0.342263386152831,0.392955963129644,0.448581824019714,0.401372751517485
2166,0.213376350031828,0.425545351314249,0.39353995343618,0.349368470611425,0.333865639881184,0.342168839831399,0.392712826688889,0.44826934306756,0.401106940535569
2167,0.213284536266113,0.425365866732758,0.393358925111109,0.34933083916677,0.333693304886979,0.341981066495064,0.392532862097793,0.447906058962002,0.400920577739211
2168,0.213346552574876,0.425184798962183,0.393271541641134,0.349295052728444,0.333519979049708,0.341707005656979,0.392350861935163,0.447572960411252,0.400725158887691
2169,0.213288393340294,0.425042732739656,0.393121773296363,0.349264090949658,0.33332197992364,0.341548545447576,0.392177192419963,0.447217040957621,0.400586442883267
2170,0.21320469046051,0.424993636110432,0.392901780364901,0.349264446164155,0.333082419413848,0.341456541676563,0.39202116320942,0.446789015163981,0.400524854769178
2171,0.213021941918067,0.424788836711966,0.392775538227072,0.349304595025946,0.333025673231828,0.341312954998424,0.391917151219545,0.44638963186686,0.400473699370194
2172,0.212845169469477,0.424585503381141,0.39261505465365,0.349311167586532,0.332949239292964,0.341133192475279,0.391690749090511,0.446103209359564,0.400413968316427
2173,0.212781032313193,0.424512585266835,0.392385026214586,0.349317428925577,0.332743279410493,0.341047664061822,0.391528526585774,0.445753474225534,0.400277236010337
2174,0.212678236283487,0.42429741724646,0.392180110470209,0.349383988342088,0.332488925340852,0.340792299716914,0.391370500332767,0.445188875859797,0.400014538083796
2175,0.212593446427675,0.424057402056982,0.391997476721796,0.349451177239408,0.332289272987211,0.34064540421319,0.391067660994479,0.444704338483136,0.399790416181014
2176,0.212546701815688,0.423929669514508,0.391810606679036,0.349529458759103,0.332039570489626,0.340688001548639,0.390813899554875,0.444232832468401,0.399548384319244
2177,0.21238759595462,0.423694743534399,0.391683492200044,0.349647980308523,0.331751883514238,0.340502990305687,0.390648334162466,0.443681974096803,0.399302762467438
2178,0.21226190469533,0.423422632881251,0.391461827667962,0.349738804029486,0.331590228042345,0.340336953009383,0.390426594403388,0.443158562660453,0.399105383339312
2179,0.212163009623296,0.423117487582748,0.391152577068895,0.349846696050462,0.331614741477684,0.340109861099781,0.390154454124759,0.442719227211591,0.398974732741987
2180,0.212038419961935,0.422821681437454,0.390896019398332,0.349917031779338,0.331427519779908,0.339935431751058,0.389943733281833,0.442199835914369,0.398774489342353
2181,0.211859495271757,0.422443337051886,0.39063143976263,0.349922693852606,0.331211582922615,0.339761517374831,0.389800281364361,0.441605828186108,0.398574012984066
2182,0.211729573824881,0.422128838749663,0.390392478169933,0.349996461346844,0.330967591228012,0.33955824744086,0.389531442355521,0.441032237476525,0.398363012389464
2183,0.211663913577051,0.421891060100129,0.390238991994666,0.350081988510491,0.330532151074955,0.339345810561546,0.389261424848903,0.440505506601552,0.398120658404126
2184,0.211484837390491,0.421581477808825,0.389975123481273,0.350184528728511,0.330259558528893,0.339142010779978,0.388960957513246,0.439893892827923,0.39789193516312
2185,0.211232946263927,0.421211192424902,0.389600549223086,0.350359077821593,0.330125097495521,0.338884272933427,0.388462463503549,0.439164976782647,0.397679340964496
2186,0.211047699026686,0.420871525080137,0.389291697906964,0.350483971909434,0.32988115179164,0.338681902725384,0.388135754056548,0.438513235406218,0.397420089270648
2187,0.210823806834604,0.42054420433715,0.389014764183086,0.350551661868297,0.329591610145116,0.338568800351259,0.387988618393047,0.437928170562334,0.397167333019412
2188,0.210612704375081,0.420192155971496,0.388691278741857,0.350679279440768,0.329377258213205,0.338367560990404,0.387662668520937,0.437245275646514,0.396857844922904
2189,0.21043516976384,0.419869059189996,0.38843677977481,0.350864174223309,0.329187683457292,0.338082322938753,0.387235113703255,0.436505640991563,0.396441347069457
2190,0.210323315021519,0.41950472101718,0.388030184360836,0.351014735324515,0.328953053568182,0.337913021884077,0.386989311396252,0.435797686188806,0.396110149687882
2191,0.210083705398215,0.419061921617822,0.387531913684912,0.35101943240886,0.328617962202295,0.337679777705359,0.386649954211204,0.435156202408258,0.39585157299962
2192,0.20975439476975,0.418548094109763,0.387143701754171,0.350982163435963,0.32829056508046,0.337383668634169,0.386125984423006,0.434449846907029,0.395482191170207
2193,0.209602439931703,0.418050010953813,0.386843619566802,0.351022615439679,0.328084218531646,0.337201053175201,0.385752696800046,0.433794865335531,0.395202016055633
2194,0.209483718444002,0.417636319479153,0.386534026072055,0.351141536063092,0.327779053494668,0.337058127262068,0.385473957956489,0.433140920813452,0.394974983261347
2195,0.209326597056908,0.417285530141563,0.386194069097768,0.351413493049909,0.3275434904917,0.336905159076939,0.385026517004302,0.432329131291209,0.394658924541602
2196,0.209254645534052,0.41683909465768,0.385718492570669,0.351596579109763,0.327409225401704,0.336650195931497,0.384531182383919,0.43149593751435,0.39429398257551
2197,0.209092663530194,0.416368481032452,0.38531443859034,0.351669728516869,0.327155479419395,0.3363615549845,0.384139720281655,0.430772241773183,0.393924581224091
2198,0.208815587881685,0.415861943592389,0.384840000395684,0.351543646849903,0.326720807818506,0.335956432468456,0.38377786224729,0.430159158173927,0.393509199561691
2199,0.20860627347638,0.415372943133034,0.384465357727593,0.351613211992774,0.3264258711839,0.335679728405667,0.383359057251731,0.429422738077093,0.393139875902965
2200,0.208415167073933,0.41484780976003,0.384191165380006,0.351723630162901,0.326233411128033,0.335430754638683,0.383016897557047,0.428663442991508,0.392816557962475
2201,0.20824192538477,0.414351535497095,0.383838204224767,0.351819618342804,0.325930342928175,0.335166379980902,0.382606804182386,0.427947058094474,0.392419546969198
2202,0.208085604143722,0.413804463887184,0.383416863677276,0.351960628275541,0.325524659894687,0.334912120201798,0.382056223550905,0.427127350704968,0.391946007646823
2203,0.207910897029522,0.413381020613979,0.383100195991597,0.352085461503961,0.325217442519505,0.33471476338432,0.38163179129654,0.426477852818327,0.391572160180055
2204,0.207729679937987,0.412981386434381,0.382779706644436,0.352151684458366,0.324860754540042,0.334496660734927,0.381191861869063,0.425982927290767,0.391107318646285
2205,0.207585314694717,0.412666790794958,0.382578117526101,0.35231226624401,0.324672982059818,0.334350659091192,0.380900443970381,0.425432601061148,0.390839223502051
2206,0.20742578766647,0.412480213911945,0.38251494608811,0.352545997290635,0.324659680577147,0.334318147462042,0.380726360083442,0.424767626538573,0.39076265178343
2207,0.207324981241767,0.41232757437963,0.382409621716356,0.352804642110677,0.324573948605942,0.334257061409852,0.380562467339256,0.424405913674988,0.390686909924894
2208,0.207238227172788,0.412182112986169,0.382252741390508,0.353055463795646,0.324500558826884,0.334138711698481,0.380426756727743,0.424209495701719,0.390647618484525
2209,0.20722895468173,0.412138283263719,0.382281074494824,0.353375131840204,0.324506626656612,0.334151153394682,0.380438603374991,0.424033889852316,0.390698468859557
2210,0.207281114831753,0.412170388732603,0.382411154392694,0.353781016856862,0.324530505080931,0.334260040347694,0.38048321538163,0.424000575900093,0.390776930986419
2211,0.207357455593447,0.412298312210791,0.382567151065714,0.354198732891012,0.324577382251485,0.334389017998041,0.380708289191072,0.424142132481957,0.391008711050928
2212,0.207552207221698,0.412533119166681,0.382882729061428,0.354577813665606,0.3247310382979,0.334563806946595,0.381107462816303,0.424305038881975,0.391385868931338
2213,0.207776535923987,0.412842398187603,0.383232450860332,0.355059176780896,0.324934364484029,0.334768699587751,0.381513139067957,0.424509526383864,0.391762985655622
2214,0.207892302467426,0.413199714962004,0.38351956273409,0.355603737925915,0.325099234468628,0.335075239754165,0.381861051818697,0.42499596802317,0.392188340911959
2215,0.207994269252919,0.413612805765225,0.383895403869303,0.356094620331468,0.325278224749953,0.335395194601416,0.382159660701115,0.425463317051789,0.392619558071825
2216,0.208155366336791,0.414023918337435,0.384348177853703,0.356565419412758,0.325442473059857,0.335631050490795,0.382508665390911,0.425730043102611,0.393024251243041
2217,0.208363864024238,0.414452532521586,0.38482830841869,0.357072642258105,0.325622927676888,0.335913464271143,0.382970899518237,0.426145592441417,0.393495442902188
2218,0.208512292911328,0.414889263249622,0.385228757972437,0.357552672517918,0.325913231848839,0.336163876193283,0.38335887200229,0.426551055387526,0.393891971003131
2219,0.208724503328338,0.415431626136328,0.38561017924449,0.357971909271911,0.326299533573247,0.336284827067591,0.383825373018732,0.426960082988749,0.394289968629092
2220,0.208885217307557,0.415751789311965,0.385979694754784,0.35840598370449,0.326559876214589,0.336561929790691,0.384168561944293,0.427320057744297,0.394632264580948
2221,0.208936109341172,0.415941874928332,0.386311058291388,0.358933613626306,0.326889239542292,0.337014150804526,0.384405504966016,0.427725922778734,0.3949150859838
2222,0.20905626501491,0.416243579008528,0.386627691684718,0.359253347069751,0.327133527699261,0.337221996666604,0.384660148216556,0.428038361018479,0.395198413187955
2223,0.20923928923115,0.41647558466905,0.386990196517841,0.359421718135137,0.327206650836614,0.337393306219853,0.384889630882482,0.428257199884653,0.395466978646224
2224,0.20937981720664,0.416681526853584,0.387235637686117,0.359660400369295,0.327378353978174,0.33751070542433,0.385158149989005,0.428514423182287,0.395715988150026
2225,0.209540793764948,0.417013832619339,0.387383949411639,0.359860466882013,0.327663660633475,0.337392062614172,0.385434610639479,0.428748449152168,0.395971823053733
2226,0.209618680979652,0.417191114280891,0.387538055030988,0.359998137904819,0.327816387828773,0.337471288016822,0.385638262586435,0.429014156938708,0.396130222760006
2227,0.209634122457495,0.417158829943573,0.38757716767542,0.360140083107938,0.327868485186061,0.337686980603105,0.385828821354639,0.429245481967063,0.396160608571422
2228,0.209676504341046,0.417260144161782,0.38772834506125,0.360205721899473,0.327976900268216,0.33774293517908,0.385992996053409,0.429514069763494,0.396286554595296
2229,0.209658560950092,0.417435010240741,0.388011511249707,0.36021328089076,0.328073427425458,0.337794047350354,0.386125552658173,0.429884781311126,0.39649973242224
2230,0.209655118296155,0.417488960923307,0.388104089938256,0.360137647333397,0.328116686343958,0.337850160638962,0.386238445189817,0.430183738950361,0.396559554347706
2231,0.209729302998384,0.417483933881164,0.388138554722771,0.359965053468783,0.328173448707185,0.337791580996578,0.386368937430139,0.430438499667668,0.396611226434169
2232,0.209727079786842,0.417530564967915,0.388172844944047,0.359819061554025,0.328225528820207,0.337781612549664,0.386404937480584,0.430710325754159,0.396593007127935
2233,0.209687191315273,0.417596203213416,0.388125579206118,0.359677182123157,0.328303522778628,0.337939615490306,0.386327771729343,0.430988603975267,0.396359855921426
2234,0.209585974769186,0.417544534387024,0.388029282165362,0.359360019932859,0.328230095217029,0.337875574642929,0.38625295540093,0.43120514695418,0.396173902830691
2235,0.209396941481294,0.417501095441858,0.387910726479557,0.359013240300753,0.328124157979182,0.337699387253163,0.386101233474087,0.431360710254005,0.395970100438991
2236,0.209238784106753,0.417337291279757,0.387780582416847,0.358577985241871,0.327852274685778,0.337428667808075,0.386027374659397,0.431605325870242,0.395905474791754
2237,0.209022329345552,0.417148948064926,0.387654945729511,0.357833142904181,0.327542397714352,0.337100145747335,0.385949539872126,0.431787726741218,0.395636810976767
2238,0.208789938824306,0.41706033793897,0.387463727645171,0.357121694837408,0.327370266244026,0.336811439063589,0.385760075057091,0.431887245060477,0.39518449574882
2239,0.208703849630461,0.416816970599163,0.387136624465411,0.356508800481503,0.327266496483955,0.336674042283591,0.385630706343928,0.432224832429002,0.394748836604874
2240,0.20848744406371,0.416582646735497,0.386827349361443,0.355758043382089,0.327060245212765,0.336545799449015,0.385559107668227,0.432513509374643,0.39438097648761
2241,0.208159769892473,0.4163603843268,0.386606834693632,0.354990765529967,0.32672343737848,0.336245923739985,0.385299890151683,0.43246952492154,0.393983572359952
2242,0.207946471061537,0.415925221745732,0.386130819669265,0.354156802589099,0.326340817876876,0.335886764587216,0.384994246096496,0.432467015511873,0.393457537028004
2243,0.207679933207178,0.415608567587941,0.3857027433289,0.353224221522855,0.325895348481703,0.335501444228719,0.38471610183704,0.432553092499821,0.392926289421982
2244,0.207335422159454,0.415457795643705,0.385375128475838,0.352134189592319,0.325288442472061,0.334953059035115,0.384345527887664,0.432486699815665,0.392249641386271
2245,0.207020912981281,0.415087654775579,0.38495697189861,0.351077610805963,0.324861495119865,0.334508294457571,0.383994921716255,0.432592724320504,0.391678849656151
2246,0.206744278403252,0.41456820699158,0.384377731024512,0.349998462484306,0.324515671165058,0.334115962423233,0.383719665415019,0.432979160972503,0.39119334530297
2247,0.206433426052408,0.414130493226909,0.383872885105605,0.348838482274986,0.324043744474006,0.333705408917567,0.38335815564188,0.433121600963063,0.39061062178697
2248,0.206090348057609,0.413562244625594,0.383376201335579,0.347572454890342,0.323586231178375,0.333297583898208,0.382833148602513,0.433095731588636,0.38996098714857
2249,0.205724931277067,0.413177986830266,0.382932288255769,0.346374038998386,0.323120523303293,0.332836410103443,0.382481600892797,0.433216874737968,0.389361596991163
2250,0.205381894125566,0.412973124083263,0.382520691015406,0.345181417633392,0.322521124774766,0.332380023366159,0.382234635329627,0.433416898315291,0.38871437426326
2251,0.205003008314777,0.412612252752194,0.382046834957187,0.343922931580638,0.322020725162754,0.331880582673962,0.381908832691839,0.433538764076458,0.388113435490729
2252,0.204456729841509,0.412237332298009,0.381643427520833,0.342652634769475,0.321649813495341,0.331249999716225,0.381628991206114,0.433608031107194,0.387572827252763
2253,0.204111815160108,0.411913051073355,0.381171016724646,0.341363389151636,0.32120317125179,0.330780673377774,0.381342380867634,0.433764955972166,0.38704221682857
2254,0.203902698501038,0.411525913773778,0.380487508634357,0.339885637805789,0.320676173136792,0.33039366621143,0.380956761235786,0.433923397696106,0.386536901502716
2255,0.2036230048282,0.411161852740139,0.379986719018594,0.338644302800752,0.320198568215741,0.329955790351293,0.380662063530219,0.434084650155641,0.385998042221176
2256,0.203499945534241,0.410934120474578,0.379626894660226,0.337631502719847,0.319759288463306,0.329545761730207,0.380455746400647,0.434394865304866,0.385414327399042
2257,0.203219196265863,0.410591020481788,0.37920475875091,0.336459902732549,0.319296538231764,0.329171152446681,0.38022178446122,0.434600223762326,0.384918310055506
2258,0.20266407632345,0.410045314231792,0.378804717665074,0.335266174542506,0.318846671738982,0.328828893431365,0.379992257394272,0.434625789762384,0.384441265126989
2259,0.202357548923757,0.409683085425123,0.378455228470739,0.3341556331116,0.318420124394464,0.328447852820886,0.379795356326642,0.434781216238396,0.383995525312086
2260,0.202132428088927,0.409369109998362,0.378129321780731,0.333024563972868,0.318020310936018,0.328136950525343,0.379699434308334,0.435039210278671,0.383608442759966
2261,0.20194761932965,0.409110076399583,0.377727303156609,0.331828747871775,0.317495964636349,0.327698569941411,0.379430843735103,0.43522840157819,0.383324293000455
2262,0.201789316947951,0.408999709880036,0.377530644064488,0.330863652769525,0.317181498291522,0.327298989710131,0.379195905402301,0.435351247484318,0.382983530197587
2263,0.201593241273475,0.408881022105306,0.377336526573859,0.329928248414269,0.316834003006366,0.326954809013647,0.379053557186656,0.435538469734527,0.382503151976195
2264,0.201242687153418,0.408501948488756,0.376895518790873,0.328745969697006,0.316358255308409,0.326539061087289,0.378753535326426,0.435644132802259,0.382039793896605
2265,0.200911384679596,0.408228123857272,0.376596069439528,0.32764561053899,0.316020765485158,0.326270445478268,0.378480916111257,0.43563683984741,0.381667860740796
2266,0.20077076888823,0.408023707939138,0.376343609638067,0.326723294749516,0.315816583369099,0.32606594903707,0.378374847972359,0.435684013066679,0.381371455365723
2267,0.200715954191982,0.407659549801537,0.375897100789666,0.325823127143082,0.315535350396962,0.325635260256703,0.378262277609704,0.435828083126911,0.381108567395954
2268,0.200517810047385,0.407401820751758,0.375553372696211,0.3249957997534,0.315201245752842,0.325346485246962,0.378162593249309,0.436005568019997,0.380859316660329
2269,0.200289019162135,0.407312378700246,0.375359720097944,0.324372792420554,0.314935961130542,0.325242955833439,0.378214685336156,0.436273134021038,0.380725645896196
2270,0.200099698897672,0.407050403986756,0.37499571654321,0.323651458175531,0.31468435700208,0.324876328207285,0.378098678124111,0.436388470138187,0.380447069702722
2271,0.199821020170517,0.406646107318584,0.374456125984144,0.322871213002286,0.314298141687402,0.324284488288724,0.377865577924151,0.436512104888225,0.380096764673278
2272,0.199636698513518,0.4063845207482,0.374119363920473,0.322191863197852,0.314015906289428,0.324000131569903,0.377682067236547,0.43656193595888,0.379820323993547
2273,0.199617092850812,0.406178302268681,0.373872389329518,0.321645356840951,0.313932725133592,0.323761867509747,0.377469979069,0.436425615883574,0.379528983427217
2274,0.199434980879313,0.405874669799453,0.373519560143441,0.320938095878802,0.313658070208924,0.323470457417943,0.377263686824828,0.436439578380012,0.379213605430629
2275,0.199124610275218,0.405609142957188,0.373166331845376,0.320095567708171,0.31323233386912,0.323358974307866,0.377040859626152,0.436563138920132,0.378945724779433
2276,0.198916680624712,0.405293776614097,0.37290565982006,0.31947702830439,0.31293902409255,0.323145779174253,0.37688035559758,0.436580575021902,0.378601780159286
2277,0.198757252433465,0.40488476569049,0.372649176934819,0.318918178427736,0.312703457941041,0.322760327772725,0.376776032430039,0.436556995777103,0.378130714764581
2278,0.198478862771825,0.40447378864961,0.372313710389334,0.318334588646154,0.312391550498353,0.322499446809109,0.376609353285573,0.436553748796737,0.377810728174287
2279,0.198161947416769,0.403991266813164,0.372049905847283,0.3179669791483,0.312032472263891,0.322406220937461,0.376446627676324,0.436546207653051,0.377563528915858
2280,0.197927568050965,0.403614148607987,0.371756498652979,0.317391071001375,0.311728276948775,0.322137915309335,0.376258838539467,0.436472142136215,0.377250846132944
2281,0.197620525613714,0.403279598806141,0.371343072904324,0.316509559835101,0.311445042513057,0.321692273610995,0.376039656630837,0.436412801837043,0.377050747250914
2282,0.197362922178476,0.402936073468373,0.370972151185637,0.315948445995099,0.311116292917454,0.321445569513095,0.375792938009771,0.436295846185171,0.3767100378768
2283,0.197307036536461,0.402729475622934,0.370665156059246,0.315575807294158,0.310780996405875,0.321295694936026,0.37549707016979,0.436008499530711,0.376133466183616
2284,0.197037641879937,0.402368180621832,0.370329345208546,0.315075607931006,0.31048807023103,0.321030637198248,0.375282642558551,0.435859941372636,0.375777819246843
2285,0.196480613765786,0.401762343238785,0.369887905728961,0.314689875225246,0.310152796308873,0.320804185226628,0.375054183288018,0.435797670917768,0.375592445017476
2286,0.196198673871347,0.401412668424822,0.369566815052701,0.314230935837999,0.309863775080218,0.320594686339868,0.374825603041042,0.435669007576775,0.37519702413321
2287,0.196037193814687,0.40128193873661,0.369436278522234,0.313650361159509,0.309686775745864,0.320297103735229,0.374727074498169,0.435591267860055,0.374748964525511
2288,0.19580117562111,0.400915900706638,0.369107662148601,0.313069818362422,0.309442570099866,0.32001329113972,0.374523911353591,0.435461507327613,0.374386268850475
2289,0.195725828845564,0.400524057257232,0.368672733042075,0.312458289616942,0.309223785970047,0.319908299083181,0.374197341189969,0.435234605535642,0.37386334991305
2290,0.195580143135244,0.400161302842724,0.368307642659695,0.311926528121607,0.308900444059879,0.319601503630492,0.373954376649562,0.43504698716461,0.373440776419361
2291,0.195286691820014,0.399519367812269,0.367830764992066,0.311407564046512,0.308389007893591,0.318930966961143,0.373731451307274,0.434895426000774,0.373317468886157
2292,0.195033648465304,0.399098260261905,0.36744628041903,0.310849637938961,0.308057845492064,0.318564840545946,0.373469047500945,0.434690140816594,0.372981438933255
2293,0.194864605483282,0.398950958087534,0.367280717464682,0.310366299884218,0.307854472443428,0.318237679247817,0.373228642534216,0.434439410388259,0.372514587861831
2294,0.194593339275717,0.398776105302288,0.366888820965781,0.309841081621212,0.307464038504606,0.318121863196117,0.372980129517351,0.434223393090539,0.371969381887223
2295,0.194329369782406,0.398304951045343,0.366451343727136,0.309186858663494,0.307067468237579,0.318016785451984,0.372632492848658,0.434013382448221,0.371512713912297
2296,0.194126350106393,0.397958110232081,0.366197441649587,0.308692899760015,0.306848726436348,0.317748698039392,0.372395202608689,0.433753429832261,0.371186599469969
2297,0.193899624668023,0.397681099726498,0.365896176476649,0.308367425764977,0.306569305751719,0.317469088232652,0.372132099727108,0.433500947173938,0.370952552861582
2298,0.19378631638372,0.397311301861496,0.365434345679906,0.307842562320586,0.306167901027563,0.317037423952832,0.371734676161398,0.433210969513903,0.370704618286117
2299,0.19349555719727,0.396939726847398,0.365039606729778,0.307268374609533,0.305824949104966,0.316726757099168,0.37143600624033,0.432836454235127,0.370317631748146
2300,0.193082987403706,0.396716770654606,0.364621005644041,0.306590458738988,0.305585350378059,0.316528389355769,0.371121529371616,0.43230431968563,0.369776199826054
2301,0.192798317073997,0.396290114903258,0.364255050526163,0.306097337106287,0.30528467068859,0.316261123748862,0.370863672272315,0.431973447753874,0.369355980428538
2302,0.192497587747054,0.395619459381038,0.363949254790039,0.305556961698085,0.30483569037838,0.315943173300187,0.370726558054285,0.431679620739656,0.368934371669359
2303,0.19221211861344,0.395207055807789,0.363542478874611,0.30512253179135,0.304591148633738,0.315632564200182,0.370406842807445,0.431368798825298,0.368501445062589
2304,0.192015861049294,0.394904038137075,0.363081715823622,0.304947231752338,0.304526016319276,0.315315500768253,0.369985075604128,0.431189370734308,0.368071679601549
2305,0.191747943014727,0.394524084289565,0.362707474123874,0.304499825645015,0.304322809891911,0.315035164281582,0.369636761072654,0.430881454817546,0.367737469585338
2306,0.191379873918228,0.394194688017145,0.36227096967483,0.303738594139918,0.304131578901465,0.314715701785642,0.369173331712138,0.430448042687449,0.367368264933667
2307,0.191108655390038,0.393804023645512,0.361940339318855,0.303512501781114,0.303920609925758,0.314514636140295,0.368895899847645,0.430122589620893,0.367103723651641
2308,0.190888273458982,0.393356479780418,0.361809148009968,0.3035345039668,0.303634296187188,0.314423641383599,0.368857283561568,0.429852549677474,0.367065743677875
2309,0.190721728532845,0.39293941170315,0.361474236065975,0.303394778181827,0.303410843476012,0.314273627755237,0.368563083798857,0.429493216009624,0.366819022773311
2310,0.190643936650896,0.392438339991236,0.360966075427993,0.303482902367896,0.303265407184814,0.314172283547078,0.368170700407108,0.429099764976901,0.36644443811925
2311,0.190444385101722,0.392126414574497,0.360694068191297,0.303508396246776,0.303017288289562,0.314031660567728,0.367863689045945,0.428759845842799,0.366222129356672
2312,0.190192019613723,0.391929937045579,0.36050051993879,0.303348981629026,0.302666093600176,0.313835687314031,0.367422909188775,0.428384866712713,0.36595792704284
2313,0.190031680894277,0.391689235548785,0.36025827102239,0.303302650919392,0.302440412721083,0.313695302956474,0.367126017016851,0.428042772821008,0.365805782555195
2314,0.189831531623325,0.391633386078893,0.360157559046008,0.303465747816436,0.302205733220486,0.313558600289729,0.367050806710876,0.427739856841183,0.365837381114679
2315,0.18969029130527,0.391393267835869,0.359960457352237,0.303549444977267,0.302056346988808,0.313472763700515,0.366807686405785,0.427482819707899,0.365785229692536
2316,0.189695576759867,0.390925957514291,0.359671159171444,0.303535675134737,0.302133087379475,0.313452222502841,0.366451615069295,0.427288158606203,0.36573831444554
2317,0.189618358633479,0.390662281837576,0.359373577515596,0.303554676278733,0.301966199518716,0.313392937234732,0.366209538900156,0.427002505229799,0.365679409432457
2318,0.189442951747592,0.390516716225004,0.358978266267978,0.303551742721747,0.301556393743404,0.313343126211877,0.365985155829153,0.426730342270332,0.365611602766306
2319,0.189368744718296,0.390256821409118,0.358779882631434,0.303703166069072,0.301446094706779,0.313300216320843,0.365752083414334,0.426446348475106,0.365559274443042
2320,0.189376368652054,0.389993892070452,0.358735321570347,0.30399388382361,0.301468975937796,0.313252854037375,0.365614175076649,0.42609743330579,0.365588422542912
2321,0.189353231267055,0.389781047400208,0.358493202357165,0.304135209904532,0.301359643736329,0.313207672508727,0.365403574857594,0.42573046886198,0.365457125089021
2322,0.189361851304933,0.3894742954215,0.358265059446947,0.304490068876529,0.301435912027037,0.31326599632964,0.36508353317257,0.425277406177757,0.365171993629118
2323,0.189359875306523,0.389232853596421,0.35809240510575,0.304546441909217,0.301361308933598,0.313153032194518,0.364854684434965,0.425010733975672,0.365013827644552
2324,0.189397042105286,0.38923244985074,0.357720566097489,0.304164379727257,0.300943175434259,0.312797965651611,0.364623784945545,0.424938742750416,0.364808258805743
2325,0.189308029784139,0.38902809987975,0.357478539040401,0.304024706756895,0.300746943170056,0.31267268679689,0.364461375037148,0.424608536890654,0.36463079953652
2326,0.189076791602402,0.388553996992226,0.357495795258651,0.303947130962386,0.300851320612243,0.312709651474546,0.364517933022164,0.424223519030037,0.364628679844564
2327,0.188986917956673,0.388306330138173,0.357381070930901,0.303762992001995,0.300659625680036,0.312531513034169,0.364332350114267,0.423912741964349,0.364487322469481
2328,0.188943221409989,0.388193246934193,0.357120121514845,0.303568969544633,0.300156987747504,0.312322712930437,0.363981127954951,0.423355734130809,0.364149060041913
2329,0.188818109776048,0.387936495354715,0.356977305395834,0.303432124906272,0.299976991167402,0.312189672200647,0.363751048382236,0.422961685681324,0.363972373108659
2330,0.188739343705352,0.387701532612622,0.356955531185459,0.303300653432992,0.299912587071677,0.31186383044044,0.363302325233575,0.42286777313242,0.363901075393052
2331,0.188649951862268,0.387514755096071,0.356812216533002,0.303070689112425,0.299699386195356,0.311624209194235,0.363064748825081,0.422649253232067,0.363747123036589
2332,0.188321877111204,0.387157936894929,0.35663416125287,0.302788575191327,0.299636152922602,0.311665037590772,0.363294349409218,0.422322533317731,0.363671965328426
2333,0.188224532495312,0.386903968928549,0.356490955750796,0.302608277062029,0.299570709086304,0.311545726948275,0.363175744846914,0.422048509155256,0.363513714649848
2334,0.188357042638293,0.38676246084087,0.356249213014326,0.302458921890848,0.299347826846103,0.311274726815361,0.36281307599192,0.421761233592684,0.363154519670493
2335,0.188493365140679,0.386785603735662,0.356077044563418,0.302146687217687,0.299041183552744,0.310943387828554,0.36258884038092,0.421565338248006,0.36291663746394
2336,0.188505238010114,0.386549221657843,0.355953702708124,0.301897693994002,0.298991102394285,0.310943792283024,0.36247348856089,0.421245145290012,0.362748096808431
2337,0.188491007928314,0.386330506740371,0.3557426650139,0.301766105955714,0.299099116913365,0.310966397539571,0.362245025905785,0.421031594649778,0.362589400153396
2338,0.188428363742936,0.386187730675447,0.355650308629151,0.301421063104688,0.298938654563772,0.310714921639365,0.362119159169089,0.420782687976604,0.36250278352534
2339,0.188382810034849,0.385897379722835,0.355600534814287,0.30101194297811,0.29870475101258,0.310508417692148,0.362142706201103,0.420370115268268,0.362393818907478
2340,0.188318599543609,0.385575922290337,0.355452065474663,0.300806290961463,0.298627448724287,0.310489348040322,0.362022886574516,0.420153717357212,0.362151980263305
2341,0.188351129098781,0.385148996925092,0.355312891687696,0.300789862400067,0.298506504838355,0.310373042101094,0.361657891640238,0.420005836582076,0.361746331374267
2342,0.188326866018457,0.385072833043212,0.355283099158344,0.300554075459389,0.298527603795999,0.310266221188105,0.361490024879661,0.41987028653736,0.36160332750419
2343,0.188136642238845,0.385082170077082,0.355179261442423,0.300224513241605,0.298804329466584,0.310466744657637,0.361451580470425,0.419852463750192,0.361470789169895
2344,0.188207913435036,0.385005915903764,0.355179318118421,0.300161200712311,0.298774867299323,0.310434957274203,0.361439076259492,0.419718709120488,0.361411352600525
2345,0.188516341441519,0.38519042278189,0.355432795678542,0.300125098138638,0.298605937879559,0.310042122999136,0.361424372464525,0.419503937492142,0.361581037264952
2346,0.188566764302252,0.38519338927938,0.355444614999497,0.300080143208358,0.298583257378461,0.310007471834653,0.36142397195912,0.419426190111654,0.361582083757456
2347,0.188574585107536,0.384857698019457,0.355200834708945,0.300208923555596,0.298424104419022,0.310167315011301,0.36155865575872,0.419324213791616,0.361394068756719
2348,0.188636447238179,0.38495000586168,0.355353505716842,0.300390378276614,0.298540547070307,0.310367756228543,0.361554102357845,0.419381962972305,0.361551083750174
2349,0.188598978666858,0.385342640223529,0.355661718323138,0.300483957235329,0.298917098770957,0.310689421498011,0.361326172415857,0.419611404300104,0.36195969974794
2350,0.188622731317912,0.385581056699628,0.355901869817042,0.300686435027204,0.299155255332446,0.31089646050185,0.361513463680205,0.419774126016062,0.362095596838159
2351,0.188685946835365,0.385893138579211,0.356362753739359,0.301175919954113,0.299458271880108,0.311206584124091,0.36196341381877,0.420045245008551,0.362219805305933
2352,0.188884241465343,0.386177349050557,0.356692908647215,0.301478172816947,0.299693897970731,0.311421565452983,0.362175875597062,0.420181746887591,0.362476086004072
2353,0.189157084910406,0.386405361030168,0.356890370952501,0.301556912746194,0.299822233437333,0.311413539880641,0.362507056930058,0.420138157294225,0.362602390088063
2354,0.189318462886857,0.38671322749716,0.357141980561079,0.301938963959301,0.300129827716043,0.3116734299128,0.362783452605777,0.42040566560834,0.362868429473741
2355,0.189600035721167,0.387137874531094,0.357430155082313,0.302543108112613,0.300579538233115,0.312193929293417,0.362821737739515,0.420891383096161,0.363422741576647
2356,0.18981519683189,0.387415373730392,0.357754172956488,0.30297564131328,0.300852568696056,0.312396455478748,0.363045866945857,0.421079750215115,0.363826005488501
2357,0.189833189283749,0.387589059409592,0.358026780455944,0.303446731760971,0.301139065740128,0.312435502449811,0.363487921756061,0.421260999463819,0.364116738599593
2358,0.189980933098772,0.387912403422611,0.358405624349681,0.30392400806247,0.301399484773943,0.312734064178045,0.363807715094115,0.421540609578787,0.364445381244826
2359,0.190322456929537,0.388220485456039,0.358970832464616,0.304421410871139,0.301479244122437,0.313087971093843,0.363943080540149,0.421632467034186,0.364839634502225
2360,0.190474973499998,0.388573984534708,0.359352930748603,0.304713994678633,0.301714911114045,0.313234947162672,0.3643809054447,0.421799763114257,0.365205671651918
2361,0.19049695742815,0.389254446324785,0.359725709929258,0.304842480481222,0.302152418027121,0.313405931618546,0.365205633994994,0.422175649021991,0.365500697590853
2362,0.190580401378547,0.389458304863712,0.359987970362334,0.305213868056752,0.302360637928132,0.313717190184173,0.365515909000351,0.422523540138828,0.365840853254881
2363,0.190627788459458,0.389145812898454,0.360040346473294,0.305550348511172,0.302364085201487,0.313912561567943,0.365683377743926,0.422722961354258,0.366308762839786
2364,0.190685058492652,0.38941406458635,0.360276575196048,0.305845583752759,0.302617323055833,0.314051663991949,0.365917529427952,0.42304241574124,0.366599076616068
2365,0.190718289538786,0.389842920980156,0.360578035229331,0.306478106755005,0.303032993827406,0.314489680795969,0.365675584336925,0.423699046508738,0.366732888573717
2366,0.190834928024281,0.390083331772516,0.360782705111456,0.306750107719939,0.303173723931532,0.314665562329407,0.365879005071961,0.423981452113009,0.366978603509645
2367,0.191013002168643,0.390659065654558,0.361004743416973,0.30649957979314,0.303253082426282,0.314262561401887,0.366716004472519,0.42400798789721,0.367332745504831
2368,0.191142159492411,0.391001697629341,0.361254729350937,0.306672580451657,0.303451135959611,0.314391863885224,0.366937311206055,0.424122813618415,0.367392696135813
2369,0.191415975798364,0.390980431009503,0.361547312390833,0.307112369988477,0.303419236494344,0.314966080184655,0.366850642061288,0.424050203671354,0.367209987994142
2370,0.191458362532437,0.391018397696143,0.361618817395341,0.307263311471846,0.303558249190232,0.315202625109278,0.366940154762143,0.424145920683319,0.367303759251984
2371,0.191207420431892,0.391163841145621,0.361469746809366,0.307310590618652,0.304158491904448,0.315499865366314,0.366725018294065,0.424449246722099,0.367273766603245
2372,0.191208435727352,0.391220060612877,0.361626801014886,0.307567647634336,0.304328856346053,0.315687879783525,0.36675482405139,0.424541843915236,0.367360034495995
2373,0.191237167193476,0.390947258004327,0.361756099181025,0.307892787014757,0.3041574139755,0.315626169139724,0.367101583316519,0.424473008975114,0.367869998288687
2374,0.191258181730546,0.390960070559591,0.361906863617181,0.307953201523726,0.304149954616184,0.315610683145361,0.367325897177645,0.424597069869874,0.368085824489507
2375,0.191557567669555,0.391241246232565,0.362534667961446,0.30791102482894,0.304013859168482,0.315508820388654,0.367600188989398,0.42477840150142,0.368070439253771
2376,0.19156205988165,0.391359525548698,0.362726185665346,0.308152916575665,0.303984029624144,0.315599488892012,0.367711821515052,0.424852999298759,0.368116580044763
2377,0.191208510872882,0.391498263968382,0.362348347973175,0.308366567457308,0.304086216400603,0.315865971225777,0.367625334647173,0.424971993471446,0.368121413263704
2378,0.191121049837164,0.391613823091895,0.362411303457261,0.308433283367894,0.304155385247583,0.315889305167379,0.36776626688994,0.425150236801381,0.368152217180308
2379,0.191103158933927,0.391494630327153,0.36270102662376,0.308828283946969,0.304256100302524,0.315894095869651,0.367873165889521,0.42521368513631,0.368116023753436
2380,0.191017908861738,0.391668554525459,0.362771717752248,0.309018509209897,0.304303996302967,0.315955455370948,0.368062444468355,0.425337874648217,0.368187510106009
2381,0.19105966542214,0.39231620619834,0.362951123470821,0.308623581683724,0.304371634932766,0.315747118097957,0.368748784768796,0.425763143578143,0.368432884132433
2382,0.191029575605771,0.392439474701688,0.363063147879425,0.308605833971055,0.304377718209512,0.31573159008585,0.368914740744867,0.425910744688862,0.36850720801727
2383,0.190758484906056,0.392200349170347,0.362854799896613,0.308958692381978,0.304145222326505,0.315966469722625,0.36851287278561,0.425730711429037,0.368543375318643
2384,0.190707875796069,0.392325353675714,0.362832319047072,0.309137377354695,0.304201368130411,0.31617413121465,0.368557576757043,0.425770930934887,0.368571897647456
2385,0.190984788698068,0.392345072975218,0.363120566758261,0.309480164902067,0.304657237753792,0.316631993439221,0.368715823389701,0.425876798775298,0.368418141228186
2386,0.190945371407473,0.392350491909271,0.363138092739048,0.309489556015671,0.304659499101842,0.316654007187465,0.36867951081365,0.425896077077785,0.36838763884523
2387,0.190692411549042,0.39286488046362,0.362848521962687,0.309017262141223,0.304438981644003,0.316184213253286,0.368691505081974,0.425915561815173,0.368478529237941
2388,0.190639308267653,0.393000795966955,0.36284049820195,0.3089467417083,0.304419897878252,0.316212649793223,0.368892683810902,0.426035988893292,0.368522667649607
2389,0.19056080184711,0.392539344764608,0.363022401741369,0.308910571407832,0.304005646516244,0.316286232546998,0.369099181566668,0.426164483449616,0.368657127796115
2390,0.19040485653447,0.392412879088793,0.362951777709824,0.308862570445968,0.303945106417729,0.31626840611803,0.369103359873349,0.42623424953703,0.368636054034013
2391,0.190259388588205,0.392452260421684,0.362925121080209,0.309252967252751,0.304682400136325,0.316831300081204,0.369297297807115,0.426363443871603,0.36835491513564
2392,0.190305084930861,0.392407667884806,0.362862097135278,0.3093328799147,0.304808774300439,0.316950482616469,0.369408489318366,0.426543019111148,0.368340351681118
2393,0.190405080459251,0.392416222182614,0.362258375656617,0.3090370570471,0.304477431309383,0.316368342733864,0.369058459795252,0.426705251931769,0.368538113446225
2394,0.190392811773253,0.392445079572024,0.362150807445591,0.308879152442599,0.304420704096318,0.316137562899212,0.368923030672229,0.426785829080365,0.368487453019903
2395,0.190652649865538,0.392508527112757,0.362874464586723,0.308723833444271,0.304135243822399,0.316035296812413,0.369168604132085,0.427066954759117,0.36845002002373
2396,0.190717508988381,0.392436075844786,0.362847331826531,0.308544553545874,0.304009905547869,0.315883817824606,0.369147555470446,0.427081428799358,0.368422784963437
2397,0.190428168810731,0.392430233570822,0.362267351114037,0.308510175682798,0.304419920221525,0.315783518378578,0.368913079235284,0.426651901493549,0.368284566488378
2398,0.190227406953703,0.392254776597276,0.362186598992159,0.308245055772047,0.304438957584048,0.315744167662201,0.368747109409805,0.426467531139661,0.367974691497473
2399,0.190121600131484,0.39170203727076,0.36215542996161,0.307634485341036,0.304171108696555,0.31582945224363,0.368432265901064,0.426193472340748,0.367414025924914
2400,0.189899666020675,0.391355218633156,0.361773675979517,0.307291461890985,0.303952506866951,0.315706773132825,0.368247678579975,0.426120184733714,0.367213755959029
2401,0.189386678331785,0.391006684031354,0.361504325414712,0.307018636345598,0.303472405316595,0.315430056762549,0.368305543690833,0.426507047943442,0.367104278728882
2402,0.189182641844708,0.390728192182556,0.361387172102938,0.30666948356378,0.30317473482774,0.315325152658539,0.368151195180543,0.426559282363749,0.3668802778588
2403,0.189259018649402,0.390701113159121,0.360881158192092,0.306649992473642,0.303124011862082,0.315328376872791,0.367868317923035,0.426474543835083,0.367232961115129
2404,0.189108477752336,0.390518510960557,0.360410625848794,0.30630032401919,0.30287132547073,0.315038776774974,0.367665331469575,0.426418131575749,0.367053214169581
2405,0.189026860124593,0.390272340284616,0.360306185416822,0.305292102270583,0.302558700288429,0.314615024682246,0.36735193467121,0.426115052326849,0.365931457563931
2406,0.188929813386162,0.390000775574333,0.3602201187362,0.304794737646794,0.302251646869507,0.314355525006792,0.367069370676475,0.425926674215015,0.365413441797539
2407,0.188752308582523,0.389600713559438,0.360009642675422,0.304708650309657,0.301739960300002,0.313838724341214,0.366896445248391,0.425958362362528,0.365300880153001
2408,0.188374246208918,0.389245606170273,0.359676915216792,0.304272151641604,0.30134809505488,0.313422780426002,0.366714330193841,0.425842007144383,0.36482592952652
2409,0.187647486101898,0.389090171095175,0.359439927247489,0.303923223508199,0.301240216845732,0.313470842607376,0.366560338268124,0.425567467274949,0.364173270525296
2410,0.187361568937753,0.38864732104387,0.359224451884404,0.303582577550659,0.300842516958301,0.313239799880421,0.366291116373074,0.425382427328765,0.36395275294009
2411,0.187219848980661,0.387865367113384,0.358933519204607,0.302863232293214,0.300206352036173,0.31252307587054,0.366024537853938,0.425311759900775,0.363947812876325
2412,0.186949994055492,0.387281467627282,0.358439497211282,0.30223138116771,0.299691167403188,0.312198801294945,0.365681591586984,0.425053193031444,0.363538315025117
2413,0.187300307544649,0.386513240464904,0.357849156091496,0.301794601543099,0.298992916114547,0.312313445247482,0.36509055934184,0.424660234773353,0.363446490330967
2414,0.187173554668847,0.385912769311837,0.357378828347693,0.301370971375027,0.298408775918038,0.311980615269247,0.364627571596342,0.424362210398062,0.363173914950149
2415,0.186135519675365,0.385774238882306,0.356626960981242,0.300941852718722,0.298057078752251,0.311431750447043,0.364311180509527,0.423947780530342,0.3620807505915
2416,0.18565734382434,0.385387172159106,0.356013758621221,0.300420351644673,0.297635880565149,0.311142007696735,0.36385590814554,0.423537335927098,0.361280302293883
2417,0.185477391225508,0.384961333688089,0.355722253578629,0.300109480416294,0.297292542700396,0.311070523743378,0.363476639500178,0.423491482694974,0.360691560170821
2418,0.185144054415145,0.384336962292,0.355448133639998,0.299440705999205,0.296736912437331,0.310197315027902,0.362784790720813,0.422995456152674,0.360367689003943
2419,0.184750204973641,0.383699688377154,0.354697937927979,0.298570755263787,0.296041604764855,0.309316852918559,0.362361576708566,0.42189383621616,0.359428178945492
2420,0.184616494107182,0.382921909523594,0.353926120998616,0.297892423686221,0.295570091199741,0.309189775183591,0.36200410174123,0.421480735546442,0.358435189222778
2421,0.184297730145418,0.38236386165872,0.353237347668043,0.297197568036904,0.294999613934156,0.308817453092389,0.36153199186262,0.421251507275727,0.358005493486311
2422,0.183596163765003,0.381781916735672,0.352575730338261,0.296442364029996,0.294250910416591,0.308043568829828,0.361174397425612,0.420785546206722,0.357517371603177
2423,0.182761423163905,0.380624612781406,0.352151922798936,0.295578898470741,0.293809217171563,0.307969198943657,0.360646357364932,0.420587927150872,0.356634867904926
2424,0.182269125945849,0.379925646260401,0.351942252062559,0.294760511524446,0.293427696327123,0.30780396983705,0.359852059666324,0.420523721762012,0.35631621254535
2425,0.181962549916122,0.379842120889643,0.351559215357749,0.294017883276735,0.292706639237144,0.306533404329003,0.359175719603062,0.419807842761367,0.355590399480254
2426,0.18144712297939,0.379158597359382,0.350728866807224,0.293310486998951,0.292044205209861,0.305722543898955,0.358927635999849,0.419157198035413,0.354127954988028
2427,0.181308441551375,0.378303504611127,0.349924607076607,0.292323525464334,0.291718132622443,0.305452732502574,0.358646344969403,0.419375567132711,0.353690171008581
2428,0.181297543597748,0.377905270154069,0.34926167179309,0.291308152306182,0.291122364071143,0.304445208040082,0.358062606361032,0.418978572682315,0.353274623270768
2429,0.180393725167683,0.377228186201987,0.348448805408581,0.290803228526886,0.290268646170184,0.303445473554957,0.357297955774918,0.418366991372905,0.352111330265285
2430,0.179466414462917,0.375970859309594,0.347522011377905,0.290092277703986,0.289587405790658,0.303299431407044,0.356330509845387,0.418442709217458,0.350987948545322
2431,0.179352693604377,0.37495990211896,0.346145973230258,0.289450022790716,0.288656451339353,0.303018669480738,0.355601199187172,0.41776570975571,0.349946333125627
2432,0.178892369436181,0.374367830219624,0.345125999307677,0.288861508057045,0.287543893812479,0.302346239668566,0.355050005934973,0.416618536029152,0.349257279808964
2433,0.177934764652,0.373322118158553,0.344495435016218,0.287333765963722,0.286590382169612,0.302030791874191,0.3546499140628,0.416699039993008,0.349081567229952
2434,0.177577690439202,0.372549216589253,0.343971296507945,0.285874900604501,0.285984996454503,0.301494192473531,0.354510547356164,0.416800313866249,0.349028926638868
2435,0.177034827028846,0.372280592007607,0.344135397714502,0.284944421102121,0.285255122513446,0.300729442123891,0.354007578534253,0.416150241812671,0.347996118054357
2436,0.176075266076629,0.371076782161646,0.343440508524481,0.284116645801096,0.283875014120942,0.30033992837742,0.353212585759342,0.416179036791035,0.346433942411331
2437,0.175715125527879,0.369863601973638,0.342004258351121,0.283247555899652,0.282750247161946,0.299836329316708,0.352642390969852,0.415926887859434,0.345802088668019
2438,0.175556438279487,0.369257675342051,0.341180813924798,0.282071281211771,0.2822160000512,0.299302388663921,0.35184603761453,0.414664980636572,0.345015753815651
2439,0.175082935997699,0.368388040734148,0.34041935318062,0.281071143793674,0.282018586154773,0.298684729343707,0.350512858520862,0.41370669561604,0.343842126881656
2440,0.17424429259336,0.367582695792572,0.339591356523494,0.280001852059507,0.281418843198412,0.297552148879714,0.349613255739319,0.413351334437108,0.343463016408189
2441,0.17354599668787,0.366673216230118,0.338662648875352,0.279029190525579,0.280493550735765,0.296817051494619,0.348954138048024,0.413108688857558,0.342926753256953
2442,0.173252759676783,0.365556617556457,0.337770808239064,0.278548801938536,0.280407251795111,0.296617149848498,0.348212356346844,0.412915917785406,0.341839691852028
2443,0.17291903325601,0.365279411478999,0.33714710023695,0.277267338893997,0.279729851431233,0.296152638148166,0.347613661893229,0.412909960822719,0.341100457017823
2444,0.172593733766079,0.36512696206428,0.336455415503074,0.275936863443189,0.278654866867072,0.295447070269195,0.347029119892408,0.412990912947936,0.340705773419093
2445,0.17229908419593,0.364147678760192,0.335937961359246,0.275394170408335,0.278504440710088,0.294501110990174,0.346651218668245,0.41235155997634,0.339753206959148
2446,0.171971523174109,0.363083788130613,0.335377147912304,0.27430371190403,0.277255287074866,0.293654747928541,0.345950628266478,0.411118429849709,0.338209736831841
2447,0.171394667343704,0.362141022618559,0.334227479452178,0.272907759916436,0.275340842549418,0.293349001733988,0.345067610542388,0.41078551543232,0.337561162662434
2448,0.170799959385418,0.361370108925988,0.333234509453815,0.271993316698556,0.274597221066409,0.293188230374325,0.344386830669104,0.410736261317204,0.337396664917908
2449,0.170482916129503,0.360875129427052,0.332492604229918,0.271199998800817,0.274050903069531,0.292977342652995,0.344013098750171,0.410266771597039,0.336550706746115
2450,0.169895065201559,0.360447155929644,0.331858159317964,0.270326551223,0.273326478615961,0.292390994839657,0.343702975312161,0.410337499190509,0.336032756153707
2451,0.169327763531375,0.35996107527453,0.33150368158159,0.269436911325522,0.272942364366718,0.291637359891916,0.34352945914188,0.410303039128939,0.335954159956892
2452,0.168856047157691,0.358997686669593,0.330511806458424,0.26848729261328,0.272650460382433,0.290991750483323,0.343291597376916,0.409135246348237,0.334921774361753
2453,0.168223415355967,0.357614301623231,0.329254487993411,0.267547999999965,0.271895396820023,0.289953819938737,0.34233188368896,0.408398202657625,0.333882892155066
2454,0.167631605613021,0.357120969279112,0.328473042792192,0.266401069807317,0.270760535708324,0.28910209204146,0.341586573040785,0.408863187886257,0.333466273174389
2455,0.167376743398437,0.356919873297704,0.327859437659652,0.266406927418247,0.270678914103193,0.288697621985488,0.34185756189085,0.407937072110652,0.331752076457875
2456,0.166843751164651,0.356194150444037,0.32708919175227,0.265788706660457,0.270160363183492,0.288076266316635,0.341317019644706,0.40764401377128,0.330854188986115
2457,0.165931647644957,0.355849295852258,0.326697857731965,0.263967221187653,0.26928242913153,0.28837731086482,0.339737319204795,0.407515974164544,0.330805740445706
2458,0.165576415122207,0.355536522451163,0.326308770957643,0.263044942439549,0.268911402429885,0.288054341935358,0.339006586252991,0.407345433725051,0.330258228869965
2459,0.1656463127,0.354512888347472,0.325332867557414,0.262743065386143,0.268980375085551,0.28638289268123,0.338604233711199,0.40820688404575,0.329712072541999
2460,0.165177839800323,0.353618330618992,0.324820932428492,0.262027118872551,0.2683216742794,0.285595344321046,0.337810468408269,0.408300817115271,0.329416565681612
2461,0.164882079191616,0.35318007362743,0.325468131719965,0.261533461791814,0.267360289271943,0.285456255536354,0.337253344356,0.407530152106317,0.329167703156353
2462,0.164669116105565,0.352681122915176,0.325268345346072,0.261184439319735,0.266916850032644,0.284992440196032,0.336999039676913,0.406958970768522,0.328439148379542
2463,0.163755220348216,0.352045413556983,0.324557344787408,0.260898807714941,0.266104356504586,0.284522996698418,0.336534407798636,0.405748856259729,0.32770653528405
2464,0.163155621270484,0.351422052815443,0.323984456613283,0.260069417539784,0.265308342718925,0.284491462278118,0.33592850135737,0.405262083906054,0.327254754899605
2465,0.163037617905305,0.351006730135967,0.322636354718994,0.258813019252452,0.265347778634072,0.285180639929864,0.33559471566052,0.405481777048181,0.326133603258954
2466,0.162896020065752,0.350335448577065,0.321661008099392,0.258236006304766,0.265086227966592,0.284730217309852,0.335589227417147,0.405499412131539,0.325408211972161
2467,0.162915331815146,0.348878123101812,0.321424752132556,0.257344763058865,0.264045145077187,0.283741673027713,0.335686417770147,0.406142349739966,0.325621413648744
2468,0.162594925790299,0.348220678616139,0.320755963818849,0.25655477083834,0.263351498077808,0.283064670381937,0.335223100072309,0.406146542553355,0.325336636492121
2469,0.16239671065169,0.348404712158116,0.319498955536478,0.2571095612837,0.262887195602466,0.281043408573599,0.335030953978823,0.405473205846901,0.324823758054623
2470,0.162073695573991,0.348118954370537,0.318969734773837,0.256842299828152,0.2626140819758,0.280106188175745,0.334657637077549,0.405055025352543,0.324319288369319
2471,0.161032842560804,0.348175282193254,0.318771243276776,0.255690557798056,0.263029714920794,0.281153402570225,0.332941614736597,0.404284371475631,0.323184649054548
2472,0.160359181206411,0.347817828076108,0.318267410476394,0.25480053000952,0.26269996186812,0.280916837437041,0.332342971144335,0.403901002537479,0.322806809107196
2473,0.159591001870913,0.346347041268515,0.318302647804495,0.25365043685252,0.262050704557004,0.279417146428455,0.333237667254926,0.404193014119703,0.323494454174063
2474,0.159312235117371,0.345856515565785,0.318238821045263,0.252563509601896,0.261422401259796,0.279014831734569,0.333045991212178,0.403857112173486,0.323158692432089
2475,0.159768833813586,0.346435345238872,0.317707201570657,0.25125446720585,0.259752591754234,0.279273656841608,0.332314157903787,0.402697631874664,0.322542657902302
2476,0.159993224185021,0.346023565673922,0.317200341068966,0.250564042167139,0.25885334076944,0.278677745533711,0.331974743691089,0.402689928492436,0.322266644336483
2477,0.161049859370029,0.345140594430715,0.316955744975947,0.250441928652446,0.258548905512941,0.277923891991313,0.331030977766964,0.403589738022244,0.320934792049367
2478,0.1609349175865,0.344815040977427,0.316581248193983,0.250203133306911,0.258506330210597,0.278074084834928,0.330639692312395,0.403404634874122,0.320217679793343
2479,0.159058386658523,0.344145181475098,0.315780835748421,0.250412868207,0.259417946081785,0.278419026535681,0.331539007985301,0.403336273535653,0.320650185719667
2480,0.158576704744883,0.343507985153609,0.315360290706399,0.250097122195453,0.259304377577917,0.277730610320142,0.331553099354423,0.403589541725245,0.321034337402354
2481,0.158780093249381,0.343747641486645,0.315346017549012,0.249098191204859,0.259016004899221,0.277127073740608,0.330797104569227,0.403238913959983,0.321996363224444
2482,0.158401478481144,0.343668325106257,0.315146294531069,0.249105914726902,0.258444259090812,0.277128544345819,0.330503100491957,0.402392440496605,0.32159664622747
2483,0.158597506619572,0.342832118062723,0.315041926356697,0.250075390499602,0.256191524728921,0.275850417862025,0.330218795307998,0.401434237203274,0.319658772045679
2484,0.158470775214105,0.342343090797916,0.314569714294715,0.24986434379023,0.25564915026524,0.275385791334307,0.329699523496365,0.40133151781558,0.319373983670864
2485,0.156961455450311,0.342230866299019,0.313475064299196,0.249589222149809,0.256287197422784,0.277440930480099,0.329297613315243,0.400663930936432,0.319468509002238
2486,0.156655584332992,0.341766723993381,0.313107746729421,0.24923432662933,0.25651445144919,0.27797373849221,0.329134827620061,0.400593082655391,0.319220735103377
2487,0.157994036940855,0.341271112552461,0.312953034169474,0.247300208981674,0.258191254846187,0.276833928223545,0.328686712961154,0.403089628304669,0.320711678577941
2488,0.157890386659828,0.340783969656456,0.31313171654664,0.246643924111296,0.258124684830501,0.276367603528632,0.328433135172561,0.403530540365795,0.321355572292286
2489,0.156857452383992,0.339848683825528,0.314777970046655,0.247713800341626,0.256347426568174,0.276192441001696,0.329115303615772,0.401704783690899,0.320152461995054
2490,0.156502032782166,0.339613117568162,0.314506936167393,0.247615317872209,0.255737407039026,0.27588657451555,0.328597016256859,0.401107533582022,0.319087499862201
2491,0.155408998083539,0.339699252647083,0.312502527063935,0.246094727079748,0.254144205629807,0.275007186937388,0.326671323142015,0.40082878740159,0.318551396857153
2492,0.155635454430505,0.339763276964411,0.312065038513268,0.246271593170964,0.254082160332944,0.275209521074183,0.326038020088493,0.400343863109515,0.318023300977746
2493,0.158260340363856,0.340584565713599,0.311075435350238,0.248012704923479,0.256345668942015,0.276730649888026,0.326007286494293,0.399690358690942,0.316403810476973
2494,0.15830699302815,0.341037888158503,0.311371627153152,0.248037698381693,0.257026267169551,0.276448922895751,0.325246523444785,0.399587967086405,0.315635488067221
2495,0.156850155064227,0.34156859043492,0.31423545719877,0.248108265540173,0.257524253545025,0.275582154302281,0.324195769124953,0.400273869652535,0.315820884336662
2496,0.157003951963,0.341222083065836,0.31500951639901,0.248607446313872,0.258176957160587,0.275669385942406,0.325019954697125,0.399907333000543,0.316020212626881
2497,0.156395643322554,0.339890103754486,0.315135996241557,0.247245987427507,0.25796751229178,0.274948992655749,0.326895448859472,0.399433554234355,0.31700571647401
2498,0.156288559380376,0.339688682387525,0.315140832643905,0.247248585669074,0.258113761043904,0.274534955330865,0.326582504869246,0.398697565928781,0.316588590927033
2499,0.158721155272894,0.339136344539679,0.313579992610927,0.249956554504287,0.259899131523672,0.275598410127973,0.326629066116223,0.396249735357976,0.314844025772187
2500,0.158442159091864,0.338762697779297,0.313531420951772,0.250423199232391,0.259147114348472,0.276066311812167,0.327075495606637,0.395643700987915,0.315433555005679
