"wavelength","304","308","312","316","320","328","332"
350,0.0662441570170997,0.0694595868382286,0.0609199279997014,0.0761179670507467,0.0673650165233173,0.0812926784249362,0.0663776445569675
351,0.069882483050881,0.0735136947959657,0.0615336770447094,0.0771332618983998,0.068933910626808,0.0814841920384053,0.0649921215164173
352,0.0670212514249176,0.0724375778612475,0.0576882629320169,0.0737930578681582,0.0631350375506695,0.0774132778708556,0.0585712669768045
353,0.0634865588154109,0.071206298048377,0.0608875153553236,0.0743798141177461,0.0616479769640762,0.0794402556978358,0.0631549628081323
354,0.0601123170355281,0.0707527199574207,0.0595710440828792,0.0739133855653502,0.0612752630012692,0.0782110843985601,0.0608110834790874
355,0.0587961043563169,0.0706461756788077,0.0575548644166078,0.072960041892783,0.0611840005902702,0.075908949463975,0.0573689932020851
356,0.0603369346265472,0.0701061811019942,0.0598103618087624,0.0728052979128446,0.0610056759602576,0.0762421991380589,0.0610135038883517
357,0.05924586889471,0.0686975846753097,0.0570894912031622,0.0716012250458268,0.060942297404663,0.0761933591745582,0.0618608244393137
358,0.0583294040075003,0.0687372240601704,0.0568518128566005,0.0710477093991441,0.0606146640660797,0.0770896010971684,0.0626393629436367
359,0.0585488473831322,0.0700003441639406,0.0606609813733685,0.0714067674641016,0.0598819655391161,0.0780965737084511,0.0636358030619143
360,0.0562250227553154,0.0667824187734225,0.0575875132833641,0.0695934861412275,0.0586252303276624,0.0727892766874066,0.0577512796414687
361,0.0558094602350643,0.0667574001693841,0.0551441904773551,0.0707518306343985,0.0602136559641058,0.0726602059372255,0.0590297046334322
362,0.0582747379871645,0.0692604434469637,0.0566115778342487,0.0738384533947962,0.063229694586327,0.0766894074506674,0.0649018783530293
363,0.0624754542990034,0.0691826364883456,0.0626560463802053,0.0745277985436035,0.0637019007551046,0.077031246948331,0.0638812101523157
364,0.061816476674047,0.069408508720971,0.0602941079412039,0.0752521734940068,0.0647552563028387,0.0761299837911965,0.0641309483027355
365,0.0587425750014423,0.0686597432276902,0.0551564610449803,0.0745719286738579,0.0640930498542364,0.0745416196407205,0.0633718321514411
366,0.0570033913173822,0.0663021589955951,0.0544579111724836,0.0717948892473331,0.0605305514435614,0.0730270459570927,0.0595190812557734
367,0.0575069778251029,0.067732068638412,0.0548228322244142,0.0722566869021279,0.0618526291714319,0.0745903743766932,0.0596866441583045
368,0.0578250641922574,0.0690509805203112,0.0563918485937025,0.0728148556105607,0.0633663112675717,0.0750772084175242,0.0596137569331312
369,0.0571798061505324,0.0686339060758658,0.0586204687588189,0.0722304901951783,0.0627111139103609,0.0736052467547803,0.0581553802074082
370,0.0574027999193931,0.06870843863158,0.0597778523420245,0.072680247928247,0.0611575261344304,0.0748327972528003,0.0598735237262878
371,0.058219904474224,0.0682547255993916,0.058985984607604,0.0720383350222744,0.0619743121195221,0.0743311455142171,0.0594106094931539
372,0.0583372928066265,0.0675069807395344,0.0569760099503274,0.0708243696122976,0.0631910340749069,0.0731362857560144,0.0578743253354102
373,0.0562351182162072,0.0672603788304603,0.0555067107890725,0.0707440375935483,0.0607796280489829,0.0744534265745249,0.0591240331874676
374,0.0567944365683358,0.0686501081450785,0.0569131151239457,0.0723167930068041,0.0618988228026445,0.0753053037754329,0.0617006917683743
375,0.0575577155416444,0.0688911792439775,0.0575471018568285,0.0726287305158614,0.0633036300973386,0.0746692520900989,0.0616460455870476
376,0.0563472955768956,0.0666265801034576,0.055155827374833,0.0702007540673639,0.0621472950061009,0.0728204420661356,0.0576608430916725
377,0.0567162763921957,0.0679339727282539,0.0559961513858037,0.0704503103092733,0.0634596844220307,0.073299102643775,0.0591082072992385
378,0.0552932284258296,0.0678576407642136,0.0561760571599565,0.0701743687874013,0.0630036455080786,0.0733824722097107,0.0591745340332812
379,0.0526290959596861,0.0655762031137363,0.0548501364202541,0.0690500814794098,0.0606321867625652,0.0724296788539689,0.0566352906415303
380,0.0546968734760947,0.0656635293987274,0.0553267097822666,0.0707783485643327,0.0617470932746674,0.0725500097963615,0.057720078852859
381,0.0552257088521862,0.0662222646729639,0.0547807711183074,0.071961360599069,0.0625528589583138,0.0727515221610166,0.0590267111681252
382,0.0547715050486664,0.0666700133363029,0.0540974561729799,0.0716172216460945,0.0622844591043702,0.0728471589855484,0.059583706403206
383,0.0559962256472491,0.0667539492859149,0.0551705166239621,0.0699185353148919,0.061382020047233,0.0729065960801891,0.059318743072742
384,0.0546413982266277,0.0658563708938195,0.0548081482216505,0.0694398756190086,0.0614673736256374,0.0729308999494385,0.0595388991276702
385,0.053938324033159,0.0653970551390782,0.0542502838860502,0.0695193042412174,0.0619281330208075,0.073498733281633,0.0594070444733216
386,0.0557267881087359,0.0660288696725215,0.0545772176859587,0.0694252114342498,0.061953285629913,0.074388744697065,0.0583238041249939
387,0.0545790357850985,0.0652498748364515,0.0544903472317277,0.0698982091627083,0.060981265925605,0.0723906577369297,0.0569635893183741
388,0.0538582493295431,0.0648725828734841,0.054319717063481,0.0695548276206393,0.0608864170389053,0.0718379798610289,0.0574461089500781
389,0.0545048691768455,0.0654831533091658,0.0544698125532988,0.0688560557280196,0.0619155329770902,0.0733475468984874,0.0594061984907308
390,0.0547887259768215,0.0663768965668765,0.0555337811603458,0.0704445363425619,0.0625646449562732,0.0734757103687323,0.059747486957908
391,0.0561818886067946,0.0674964197213945,0.055806362440551,0.0713273890769314,0.0630888274121298,0.0741956800349366,0.0598608513497331
392,0.0574558150095125,0.0679463946940214,0.0558688358356659,0.0716278960775491,0.0635372787800427,0.0748318179662556,0.0595898787925908
393,0.0567116314456141,0.0668093752828527,0.0567501507287007,0.0722892504938617,0.0638432998542933,0.0741002989553377,0.0584898244927553
394,0.0548094808729581,0.065347687002928,0.0552233004769142,0.0711045658897752,0.0627958789074521,0.0732748386325949,0.0574764692021978
395,0.0537941901669646,0.0649917340993682,0.0539203997746984,0.0702248095776073,0.062166653650162,0.0730460716582574,0.0575000127162611
396,0.0545455140738936,0.0660863035848763,0.0545698482330248,0.0709441608056011,0.0629112844759262,0.0734791858706682,0.0585872768539109
397,0.0546030662625501,0.0662225694916595,0.0544531965571093,0.0708885726375047,0.0627659033213502,0.0732743707756099,0.0583588873311568
398,0.0545450161679479,0.0660585600493876,0.0541557417526109,0.0698998132448888,0.0626675688917586,0.0724706675010566,0.0576523834622306
399,0.0546180173163209,0.0659595064099906,0.0542002182577745,0.0687739538729248,0.0628843677260494,0.071800028461738,0.0574005787163521
400,0.0547504537893078,0.0660476329479987,0.0551899737628838,0.0694244346428658,0.0630291751088177,0.0729009764799527,0.0588535167116785
401,0.0546235222520053,0.0654194790443051,0.0549062976235349,0.0700700460910559,0.0627645167804059,0.0731020747597155,0.0592028691407305
402,0.0548435391336334,0.0652066265212004,0.0544410575831897,0.0706471442182421,0.0627414005603233,0.0729817305041502,0.0590240868279256
403,0.0560267874573661,0.0667781301407172,0.0556157094951748,0.0714696321632046,0.0637066459888001,0.0739232342987525,0.0597778583060387
404,0.0557419009229063,0.0667722628678266,0.055591818329326,0.0709838013981868,0.0638093606629565,0.0738930462991176,0.0595880277103831
405,0.0549245428308581,0.0659199446220663,0.0549808397322527,0.07024318170349,0.063510369292046,0.0733756600536394,0.0589219228601044
406,0.0546730876297045,0.0653816805747557,0.054689300180991,0.0701865974608872,0.0634129937337474,0.0731455206485252,0.0584676696843045
407,0.0555800992273176,0.0661355694907066,0.0553804250407706,0.0707063128655639,0.0637639069605594,0.0741322777221017,0.0587555274578957
408,0.0552471112618678,0.0664230094075844,0.0552071928245946,0.0704543856112785,0.0634804731826978,0.0740449728861608,0.0590468660185465
409,0.0539186628874294,0.0658257373574845,0.0541523851278494,0.0696153848275638,0.0628375964783386,0.0728423208602443,0.0590253454820317
410,0.0548496137729266,0.0652746887123067,0.0541668721585151,0.070088604020767,0.0636977537010386,0.0729104833133249,0.0587588051914832
411,0.0548396752559835,0.0652932160552146,0.054497282384814,0.0704426232042226,0.0639997631997787,0.0732325736397158,0.0588397629918592
412,0.054113890999677,0.0655047845324856,0.0546260482247526,0.0703289724500609,0.0636486236513378,0.0732946059576225,0.0591108951670491
413,0.0539930149854167,0.0652512010970838,0.0541782851235697,0.0698504949380497,0.0632797296905796,0.0728074919365573,0.059156486640974
414,0.0541144961555481,0.0651404171901052,0.0540930178504416,0.0700165497590397,0.0636054747966005,0.072750277473471,0.0590361125480851
415,0.0545394659457016,0.0654660961030956,0.0544408480648461,0.070577367220713,0.0640363335648746,0.0731632933170503,0.0591368857221206
416,0.0551966170018009,0.0661773537714944,0.0550093426051729,0.0710845500531187,0.0641025868429644,0.0737956403847165,0.0596270826203481
417,0.05559695519118,0.0663790448863571,0.0551898763279551,0.071051391402405,0.0643137876905849,0.0740252272084852,0.0599664952031836
418,0.0552412590479095,0.066404126377276,0.055213510354245,0.0710858176312389,0.0644101959662416,0.0740046050685482,0.0599379857237953
419,0.0544648554985141,0.0664067876136594,0.0551794902581843,0.0712885367835893,0.0643546411818499,0.0738824711489072,0.0596448653647271
420,0.054733479734035,0.0663115036584559,0.0549753565711242,0.071095037170372,0.0643601146500358,0.0737957203093584,0.0595648619478321
421,0.0548702596688442,0.0660409162105766,0.0550473013846081,0.0709418245375744,0.0647718020414119,0.0736952225011521,0.0597552223572611
422,0.0549076054327612,0.065986908909331,0.0552508750921877,0.0710563047853313,0.065240358792027,0.0737935477245185,0.0600922261258507
423,0.0552791628013009,0.0666450874803684,0.0552107628508992,0.071531801214527,0.0651498360333163,0.0743463341955725,0.0603540538631769
424,0.0552244884094108,0.0667321776477027,0.0551717641996269,0.0714318932694736,0.0649728402625956,0.0745458174443409,0.0605626038815006
425,0.0550690000523298,0.0666317650177015,0.0553202083218393,0.0713118906610408,0.0650136295231973,0.0747208993935749,0.0607297725957073
426,0.0551453691903338,0.0667840005334425,0.0556376345636812,0.0716339194304647,0.0653297850825172,0.0750916236776731,0.0608375583693324
427,0.0550551042760634,0.0666245034728276,0.0553065052275899,0.0714322422305335,0.0651505363872809,0.0745535063044418,0.0606655718914549
428,0.0551226801536056,0.0667137335070707,0.0552174250512208,0.0714686420108766,0.0651135948825433,0.0743758127576799,0.0607918267479641
429,0.0553341807558861,0.0671049645379772,0.0556187997760061,0.0718977487670504,0.0653692155350326,0.0748848413388484,0.0612464853233362
430,0.0550303099195465,0.0669363858122189,0.0556767520554282,0.0718179272534168,0.0651908914957899,0.0748104612756978,0.0611083463691858
431,0.0550123287193608,0.0670824428707131,0.0558956565101256,0.0717853646284172,0.0652464797712383,0.0749708111896582,0.0611896290252397
432,0.055338793407102,0.067537602136525,0.0562625421348689,0.0720331510221202,0.0656725494610561,0.0754672998339056,0.061603676796716
433,0.0556813559610241,0.0678436202356007,0.0565134449810229,0.072641103063015,0.066327200248317,0.07604932701218,0.0621106983083933
434,0.0559807397533388,0.0680141529772043,0.0566148509906564,0.0728270770492625,0.0666356520043656,0.0762537890531677,0.0624045772259517
435,0.055994951316977,0.068008016757561,0.0566120209698248,0.0727528756081376,0.0665924755510711,0.0761673249576175,0.0624623109520634
436,0.055632838953467,0.0678601072409444,0.0565900851283407,0.072764508076365,0.0664113474539178,0.0760664767735743,0.0623880101545271
437,0.0556465658658992,0.0679454108411806,0.0566679101462455,0.0728723545285487,0.0665727109210337,0.0764057078122215,0.0624286518839262
438,0.0560164362489124,0.0682428457834508,0.0569017534745238,0.0732063395348151,0.0669896935607523,0.076921675732428,0.0628426203762292
439,0.056478782161619,0.0685611615593306,0.0572037030710688,0.0736239317347213,0.0674182664880581,0.0773118321779484,0.0634851456093409
440,0.0563109356369084,0.0683215757908988,0.0571513848007326,0.0732965445811536,0.0672937705584975,0.0771828434262208,0.063305647354259
441,0.056281511420416,0.0683942157418217,0.0572521848487761,0.0733098990548067,0.0673721405612081,0.077392249336317,0.0632848832483417
442,0.0565484473029416,0.0688501163075227,0.0575591912211154,0.0737993843266834,0.0677691068605161,0.0779487702294093,0.0636792590658251
443,0.0568270656333403,0.0691479189263836,0.0577821033526111,0.0741845837325058,0.0681219254449525,0.0781937077380382,0.0642338003229371
444,0.0568986450421293,0.0693980391208282,0.0580605699584438,0.0744271386887109,0.0684270127302119,0.0784953772055579,0.0646401901806859
445,0.0569008226026827,0.0696230182535215,0.0583247789085514,0.0745457465367568,0.068652059152924,0.0788247058219745,0.0648458968171061
446,0.0570738085078098,0.0698303447860021,0.0584737356028809,0.0746277335794471,0.0687988241056888,0.0790615836684245,0.0649289740303047
447,0.0574218874863512,0.0699712563158092,0.0586410325391252,0.074937759139986,0.0691063062752559,0.0792369476564354,0.0651673716590573
448,0.0575649107997277,0.0700879922030862,0.0588169316729976,0.0751991254302983,0.0692962519027588,0.0795216781946019,0.0654182277746778
449,0.057355483787847,0.0702246313132345,0.0589623163385358,0.0752367047756244,0.0692267654790888,0.0799506895548967,0.0655726819551132
450,0.0573821567455999,0.0703906600738502,0.0589596972439285,0.0753077306246791,0.0692748285237117,0.0801046599456255,0.0657430428451342
451,0.0576597512606387,0.0706544817017118,0.0591882080603195,0.0755942780513779,0.0695464933992362,0.080381020319853,0.0661158559136801
452,0.0580240695492333,0.0709950175271009,0.0596260516889081,0.0760203293684154,0.0699425108683408,0.0808219078032534,0.0666255660104715
453,0.0580593611519759,0.0712843877002616,0.0597497571258429,0.0761766111580284,0.0700838282419422,0.0810370043853046,0.0668874855875463
454,0.0580698441636273,0.0715173402098299,0.0599321091959563,0.0763555391551701,0.070360605157977,0.0812734731905382,0.0671014681982526
455,0.058119504587056,0.0716887136097086,0.0601741115368312,0.0765681192612714,0.0707154907669867,0.0815281759944253,0.0672922657905587
456,0.0581851913980445,0.0718033065238023,0.0603366666510809,0.0767168578642558,0.0709125301578763,0.0817114487433724,0.0674299229339976
457,0.0582647395066738,0.0718609845526765,0.0604275204691309,0.0767292680820284,0.0709927577523021,0.0819119775639518,0.0675360058874726
458,0.0583606091434217,0.0719707060424415,0.0605544297560586,0.0768556164383163,0.071068932595578,0.0822089069035482,0.0677797584137688
459,0.0584773001155773,0.0722009599248947,0.0608007258950862,0.0772355834438131,0.071243957877395,0.082597916192789,0.068214522854224
460,0.0586008339562555,0.0723733610684756,0.0610707426893657,0.0772489124555752,0.0715045148143365,0.0827051547480885,0.0682561522955416
461,0.0589161371821858,0.0726141174727844,0.0613664288206554,0.0775503093110902,0.0718680514798511,0.083026378141495,0.0686319511440851
462,0.0593629503393935,0.0729410213420117,0.0616510467550959,0.0782444753039367,0.0722394521831467,0.0836224867951161,0.069409310294406
463,0.0594078116172076,0.0731737580720614,0.0617982094080323,0.0783439471213492,0.0722740374971193,0.0836683965652325,0.0693193268430158
464,0.0593416999230719,0.0732278765695294,0.0619073704858672,0.0784066963523233,0.0723627089216982,0.0838687872438066,0.06929506070851
465,0.0592784439123342,0.0732313032043611,0.0620130297895081,0.0785341993259038,0.0725352598377618,0.0841988042460606,0.0695295932699743
466,0.0592521735416816,0.0734746870482789,0.0621169730785549,0.0785813798892408,0.0726008816788785,0.0841866474076059,0.0697939166947591
467,0.0593447392982577,0.073584928612364,0.0622963174817235,0.0786160010777713,0.0729283239611984,0.0845074601083836,0.0699609786485156
468,0.0594621152825177,0.0736770868976337,0.0624949005401114,0.0787495440658782,0.0732318037648403,0.0849079684858302,0.0701112487745722
469,0.059486402689219,0.0739299564150441,0.0626209750557993,0.0790331113422512,0.0731578177639592,0.0849803082783315,0.0703452646861462
470,0.0595066437968261,0.0739939909044478,0.0626118622492155,0.0790009708207369,0.0732006294606938,0.0851180473679998,0.0703808170712073
471,0.0596465985440682,0.0740558326845263,0.0626726024407221,0.0790277435658647,0.0733078733865672,0.0853389864626779,0.0705450618482131
472,0.0599048011743925,0.0742464302781255,0.0629057825168968,0.0793460648647084,0.0734263536839695,0.085600134909547,0.070969842314084
473,0.0599145196906262,0.0743993137632827,0.0630853184326562,0.0796087258042498,0.0736543790407763,0.085776693587104,0.0711023251650174
474,0.0601083638145199,0.0747062829229818,0.0633221370078535,0.0799418825697718,0.0740006230365492,0.0861433609829018,0.0713664167092013
475,0.0604493738285557,0.0750435129917935,0.0635591238283101,0.0802365872089302,0.0743332385836669,0.0866208544953394,0.0717542251097974
476,0.0603454593366234,0.0748757826533716,0.063517897877066,0.0800689052122286,0.0743226800625859,0.0867025508426939,0.0717570218618796
477,0.0604673711614547,0.0750776363969768,0.0637688917003705,0.0802542097914745,0.0743771345076195,0.0868918215034082,0.071923904230158
478,0.0607204522402888,0.0754511965570795,0.0641103440442772,0.0806138996176732,0.0746224044632058,0.0872065653544621,0.0722108896358863
479,0.0607275140303922,0.0754100930987198,0.0640625493700083,0.0805989612601161,0.0750377102929475,0.0874741428849837,0.0723573611540881
480,0.0607730595390496,0.0756465871062909,0.0641903721284315,0.0807718649376249,0.0751549495737002,0.0876457281448374,0.0726171024369727
481,0.0608399831906315,0.0759269342808101,0.064398269808131,0.0809764484791302,0.0751420531864376,0.0878332319703672,0.0728367665345851
482,0.0608824407901207,0.075977834679628,0.0645185874992408,0.0810191245479746,0.0752233971202312,0.0881107320039485,0.0728910891665375
483,0.0609273289150994,0.076025831747211,0.0645654638103179,0.0810420043924023,0.0752948065139912,0.0882243443099045,0.0730537970059195
484,0.0611539739353478,0.0762192175235625,0.0647509798502042,0.081313759955078,0.0755443920235608,0.0885191278438185,0.073263202996728
485,0.0615118394024949,0.0765678452310239,0.0650870775397032,0.0817854258907123,0.0759514855664001,0.0890423865208545,0.0734895659089391
486,0.0614965738506999,0.0768855773481489,0.0652030601124061,0.081794360729301,0.0760985529095283,0.089264325683502,0.0738152132574323
487,0.0614690143321721,0.0769149001814873,0.0653041095533378,0.0817949458370656,0.0761116634079127,0.0893679209636012,0.0739916399961145
488,0.06153657729417,0.0768346895889091,0.065486873793325,0.0819609854204035,0.0761701271688088,0.0895103024599923,0.074075975258277
489,0.0616631330334973,0.0771607655017323,0.0657986705049029,0.0823172206309705,0.076529229910202,0.0898717908749098,0.0743437213018693
490,0.0617045931602171,0.0773986950643213,0.0659102981930338,0.0825445771584452,0.0767734870050345,0.0900857357925745,0.0745144112376017
491,0.0617509730189342,0.0775229002864554,0.0659638049224744,0.0826749289266144,0.0769110495230957,0.0902474003213633,0.0746409594526436
492,0.0619258210298638,0.0776398817726551,0.0661967866015562,0.0828355646595776,0.0770621043749979,0.0905517542107892,0.0748596900454552
493,0.0620234737149038,0.0778285420299521,0.0664166277805155,0.0829955604566809,0.0771857566977183,0.0908626284240062,0.075199163371191
494,0.0621167441508612,0.0779589051350973,0.0665675444508075,0.0831071091835202,0.0773333885105505,0.0911097073804856,0.0754935986379451
495,0.0622573274669952,0.0780143944068254,0.0666690439392959,0.0831872147637355,0.0775371904227194,0.0912938399784916,0.0756523755305133
496,0.0623339142905861,0.0784151536701442,0.0669121330205133,0.0834585983352358,0.0777620252824242,0.091594903717033,0.0758371006809007
497,0.0624682898700561,0.0787153551690552,0.0671842420750324,0.0837565354902649,0.0779762899078033,0.0919208857168411,0.0761286497379723
498,0.0626356354918213,0.0787891520137499,0.0673887858955938,0.0839692287737193,0.0781459098848152,0.0922142021334651,0.0764523796128329
499,0.0625875388589802,0.0788934288921864,0.0674071102420525,0.0840111669321535,0.0782088033141128,0.0924396890465128,0.0764881971032965
500,0.0627365754764555,0.0790607769240808,0.0675919910694703,0.0841844220932822,0.0783793902193254,0.0927523622242248,0.0767068824930218
501,0.0629897414190949,0.0793047958237201,0.0678706490818634,0.0844641207955865,0.0786655320743715,0.0931342284200689,0.0770495881289672
502,0.0630211209286066,0.0796019036644304,0.0679712761790088,0.0846647413935081,0.0789636005641041,0.0934777426875412,0.0772167887127813
503,0.0629908088190074,0.0796489653165045,0.0680555485439196,0.0847376340932004,0.0790314447315851,0.0936924045444072,0.077374700960439
504,0.0630689194281905,0.0797184004642545,0.0682519292044031,0.0848727976353782,0.0790855296773521,0.0939055177517221,0.077612231465542
505,0.0633283426072879,0.0800574983897866,0.068595739236121,0.0852041267695508,0.0793455391579422,0.094228100524593,0.0779499638846111
506,0.0633153415773693,0.0801020721291248,0.0686752185258698,0.085281701205512,0.0794824506051178,0.0944124388038481,0.0781409515475804
507,0.0633251436439946,0.0801261959733826,0.0687627310147666,0.0853798753877716,0.0796682009463364,0.0946196052444506,0.0782865577175805
508,0.0635160354545716,0.0803260669337006,0.0690050845656562,0.0856484456207826,0.0799738319176329,0.0949404966130229,0.0784913673399866
509,0.0636569206097367,0.080647081388089,0.069182943401563,0.0858774203053525,0.0801781263183894,0.0952764337476879,0.0788458791749676
510,0.0637756825480746,0.0809014125533145,0.0693923889402774,0.086102409432317,0.0804184334519378,0.0955659442294193,0.0791328657466348
511,0.0638812564083843,0.0810732472797361,0.0696163785011412,0.0862980763929582,0.0806542260924391,0.0958111737449218,0.0793200532124358
512,0.0639699566860555,0.0813079063288695,0.0697300469255337,0.0863757843602453,0.0806669129743601,0.0960757934606448,0.079536785999726
513,0.0641185353508369,0.0815018684734315,0.0699447904993877,0.0865948266810861,0.080869431629215,0.0963673537380696,0.0798034440154325
514,0.0643293581375403,0.08168691822826,0.070242840190456,0.0869000868003568,0.0812163050612416,0.0966910920946481,0.0800878851774744
515,0.064556165977281,0.0819253957271842,0.0705142827999813,0.0871222125235133,0.0814903729348385,0.0970355421007814,0.0803346938761762
516,0.0645435233118272,0.0820370803203087,0.0706224733249388,0.08724501442844,0.0815998617510042,0.0972314467043573,0.0805411875182522
517,0.0645600100732952,0.0821893340058097,0.0707500765386262,0.0874309051779102,0.0817260185995015,0.097470996617489,0.0807910324076575
518,0.0648088197354673,0.0825053999363993,0.0710354243856747,0.0877702652062516,0.08199841093,0.0978869103035175,0.0811195763338598
519,0.0649014105138795,0.0827215173330273,0.0712378681558875,0.0879572558788428,0.0821501384340324,0.0981495076290788,0.0813132500445918
520,0.0649991067406045,0.0829502058576578,0.0714325213028618,0.0881569903390007,0.0823495227691121,0.0984150486649704,0.0815376042859148
521,0.0651728109226734,0.0832304778036364,0.0716724321712643,0.088435310733395,0.0826548401313979,0.0987683842926317,0.0818619282417841
522,0.0653050036602106,0.0834551779096639,0.0719702799092797,0.0886656126725175,0.0829193582256471,0.0991632240169232,0.0821835899685381
523,0.0654446949319599,0.0836138533946156,0.0722202450364313,0.0888429979054547,0.0831238826226843,0.099488909161818,0.0824398167815704
524,0.0655929297112745,0.083771449986123,0.0724202257687034,0.0890192579297761,0.0833224057695292,0.0997702712288784,0.0826771602953678
525,0.0657216317671651,0.0840590566210494,0.0726403951343537,0.0892980639918626,0.0836343711587375,0.100132736764974,0.0830296319329832
526,0.0659177002807019,0.0843489945684416,0.0729760336457226,0.0896264108966894,0.0839731433284045,0.100576920106736,0.0834578218783741
527,0.0661277099605698,0.0846122160664902,0.0733016844614853,0.0899365697911142,0.0842600001748498,0.101015599565117,0.0838560378535301
528,0.0662731999722856,0.0848523298401322,0.0734678848745962,0.0901741852978665,0.0844498055950705,0.101362501141671,0.084129767564868
529,0.0664581633782982,0.085089436391355,0.0737634853554164,0.0904620254508722,0.0847801580628199,0.101826362774211,0.0844942693428711
530,0.0666444220181618,0.0853961796356859,0.0741051821665735,0.0907778372312746,0.0851268731961541,0.102318722662936,0.0849077533423604
531,0.0668074523193138,0.0857799167122281,0.0744014220663195,0.0910881811418974,0.0853892750203353,0.102757965443356,0.0853056335051314
532,0.0670250329082127,0.086016578030358,0.0746769269502299,0.0913709081707173,0.0856697151667668,0.103193164702467,0.0856405510425935
533,0.0672399720076223,0.0862917978654135,0.0749981389622218,0.0917353782252402,0.0860589952765354,0.103673467947339,0.0860713323773785
534,0.0674375120608873,0.086669442278528,0.0753775808990962,0.0921863603521821,0.0865174730229287,0.10420323967811,0.0866089364145926
535,0.0676651596183944,0.0870396819095019,0.0757528429823568,0.0925729505595472,0.0867893822509247,0.104717372392832,0.0870382394427578
536,0.0679140429998058,0.0874157587811871,0.0761197002997756,0.092942102096115,0.087093065213432,0.105278523241731,0.0874732893978056
537,0.0681709436469473,0.0877855116320306,0.0764963917073438,0.0933175259677102,0.087465730611997,0.105863310846057,0.0879496146434737
538,0.0684160771011886,0.0881292903809121,0.0769180759228983,0.0937202572215978,0.0878584173734289,0.106403397018149,0.0884716482199844
539,0.0686392976573241,0.0885089185371145,0.0773251306580965,0.0941178573625918,0.0882688797098174,0.107010144863718,0.0889555634794067
540,0.0688678762409294,0.088927926490598,0.0777451319498402,0.0945370728453045,0.0887072030930415,0.107678585766237,0.0894799138810488
541,0.0691344697535521,0.089370932012646,0.0782223459120073,0.0950073297201391,0.0891837900722588,0.108373784974911,0.0901291126079059
542,0.0694371238108751,0.0898053521425055,0.0787644854189153,0.0954664577358015,0.0896834872080459,0.109070884292341,0.0907312952615374
543,0.0697396766686771,0.0902866023946644,0.0792893742836546,0.0959855167204,0.0901929286086709,0.109814991411827,0.0913531659304169
544,0.0700250325896473,0.0908358209550104,0.0797694761697305,0.0965802296816382,0.0907031690121826,0.110624403590548,0.0920426777881975
545,0.0703333383891005,0.0913654057559372,0.0803465239360458,0.097077026603894,0.0912071996115167,0.111431136960409,0.0927404186444363
546,0.0706469479400853,0.0918783899554604,0.0809383082967649,0.0976076175868954,0.0917574905009217,0.112238924827223,0.0934225885638343
547,0.0709761698326815,0.0923977774982816,0.0815064802083872,0.0982000824975116,0.0923477639938602,0.113077548512821,0.094114583121119
548,0.071374936090492,0.092981328185806,0.082054090969839,0.0987550261907517,0.0928953905210521,0.114023456368399,0.0949170477461971
549,0.0717450831468651,0.0935398284908039,0.0826406491222352,0.0993545458472527,0.0934441376120329,0.11496436644655,0.09569544859961
550,0.0720906424644468,0.0941064389658317,0.0832802401951114,0.100001769191289,0.0940498562142286,0.115906494596204,0.09647699899536
551,0.072462211443671,0.0947653906128333,0.0839606124889655,0.100663806675319,0.0947714174275013,0.116909518069126,0.0973596131713209
552,0.072804720095463,0.0953411919683327,0.0846036465262338,0.10130908762061,0.095414136948116,0.117924103683425,0.0982158447391816
553,0.0731680522992735,0.0959113447484332,0.0852608637267429,0.101978629478977,0.0960311639113548,0.118962182076057,0.0990712013131152
554,0.0736001293688925,0.0965793669549232,0.0859941072130418,0.102710022572769,0.0967124815525428,0.120042393561096,0.0999729770510554
555,0.0740169883200069,0.0972676011387212,0.0867542453203029,0.10342199642111,0.097415436272632,0.121146884994041,0.100892679740531
556,0.0744189352783417,0.0979651522012544,0.0874910831703199,0.104147224515828,0.0981358277659547,0.12230656155366,0.101851979828023
557,0.0748246707452875,0.0986715230188386,0.0882036705050393,0.104910995494965,0.0988780382093361,0.123526543983551,0.102859443578065
558,0.0752827039323422,0.0993956434555309,0.0890066783880427,0.105702015661237,0.0996630019744574,0.124741344283232,0.103890128920875
559,0.0757564447652172,0.100139974211006,0.0898364027579458,0.106509839060693,0.100460797062982,0.125987066739342,0.10491396669548
560,0.0762119780639377,0.100902241198387,0.0906548816513428,0.107333892885008,0.10126343768935,0.12726702562994,0.105938773875458
561,0.0766041861840305,0.101674470658483,0.0914373802655841,0.108186188834721,0.102085153614986,0.12854876776325,0.107014099385148
562,0.0770687369824159,0.102464967129967,0.092281437596527,0.109041439213945,0.102920979933398,0.129898251501789,0.108137884212151
563,0.0775860240162111,0.103272441156488,0.0931759634148292,0.109904767999237,0.103767941201329,0.131282176009345,0.109274096715977
564,0.078069831722915,0.104089914562515,0.0940636923482012,0.110792677548125,0.104623611358284,0.132630877461548,0.110374197476535
565,0.0785318404941493,0.104882986550124,0.0949508517291729,0.111666302955658,0.105477772049306,0.134022948017776,0.111503602630639
566,0.0789493740645016,0.105654737225474,0.0958017201386281,0.112498349514521,0.106303846818927,0.13542799745326,0.112627809384839
567,0.0793325870878449,0.106427010696757,0.0966104774599449,0.113294615631119,0.107101290335496,0.136813021312816,0.113720300040555
568,0.0798658782493296,0.107264327904294,0.0975357714397385,0.114192869444979,0.108001216688841,0.138226901617434,0.114877476691793
569,0.0803917470347722,0.108101810745271,0.0984610408191184,0.115100644448847,0.108892707343308,0.139650990574248,0.116060140175907
570,0.0808307016637193,0.10890192902749,0.0993274369275887,0.115966891009075,0.109715572141926,0.1410724105824,0.117232907194626
571,0.0813011976457766,0.109693770387304,0.100225480893516,0.116848554086951,0.110528452416265,0.142495505235034,0.118377443566653
572,0.0817676358550337,0.110471235319023,0.101126364251968,0.117748864490303,0.111393300482764,0.143913160228532,0.119522653578121
573,0.0822162134332966,0.111256080967711,0.102016915965078,0.118655322326969,0.112288256838772,0.145324600957096,0.12067265560246
574,0.0826461244322148,0.112101558918487,0.102891448197972,0.119535707186687,0.113105932591899,0.146734384645055,0.121811077039976
575,0.0830629151857997,0.112885025825337,0.103760768319146,0.120404325425176,0.11392204719019,0.148173735004562,0.122940517060219
576,0.0835000939105035,0.113647775729957,0.10464110437384,0.121274603044944,0.114753604323079,0.149611350182187,0.124055568758292
577,0.0839927237365756,0.114483949951559,0.105548476673052,0.122159342537982,0.115598331015084,0.151001688298163,0.12515379451532
578,0.0844469455834081,0.115295013785951,0.106458110157849,0.12303745099414,0.116449324908087,0.1524573140643,0.12629637123835
579,0.084885283737859,0.116111309936264,0.107387400980274,0.123937336304326,0.117310188597145,0.153971217529743,0.127479970413667
580,0.0853514529901529,0.116964726857549,0.108345406007854,0.124880295381953,0.118188193674091,0.155513491492534,0.128675454480935
581,0.0859029716149995,0.117809806869444,0.109284508422157,0.125837603622898,0.119112310696428,0.157069853015446,0.129804362641619
582,0.0864074959764631,0.118653590266422,0.110219133645465,0.126774229953104,0.119995765851564,0.15860383463895,0.130944011108951
583,0.0868327332872128,0.119500799887765,0.111158596694696,0.127687324493794,0.120815523057698,0.160112338568746,0.132125177989173
584,0.0873419402163594,0.120355930017583,0.1121038601411,0.128644487635015,0.12167019585815,0.161667031023166,0.133294235517072
585,0.0878598087089742,0.12118890076509,0.113056641205459,0.129561449813343,0.122547540846058,0.163172393711293,0.134440275250981
586,0.0883338983056534,0.121970515694772,0.113978690019794,0.130404154344484,0.123404040751032,0.164587612947382,0.135541389239835
587,0.0887133757872256,0.122667540436744,0.114796792770945,0.13116842231225,0.124161741937892,0.16590549918158,0.13656777368178
588,0.0890865510902578,0.123325367271927,0.1155439495311,0.131852122646479,0.124877460795379,0.167060190857771,0.137513731647559
589,0.0894292398230601,0.123942728674183,0.116198606690445,0.132489750391846,0.125544321603899,0.168085808552441,0.138383075121225
590,0.0896914113365181,0.124503820131617,0.116737246620954,0.133118493855603,0.126144745995604,0.169036253177491,0.139178186670532
591,0.0899481748971577,0.12502156966846,0.117292952979163,0.133685858141726,0.126771353233613,0.169837603223462,0.139879743645241
592,0.0902204958749607,0.125488344950127,0.117824951340502,0.134237252217317,0.127356878400345,0.170544441799481,0.140499359319275
593,0.0905028974703528,0.125902855228796,0.118297275556226,0.134809855236971,0.127851498156787,0.171225467665352,0.141068296171467
594,0.0907219164808405,0.126289199081541,0.118785268748905,0.135352434259276,0.128347598310464,0.171921705481917,0.141661051670946
595,0.0909254504747633,0.1266316699368,0.119256602908964,0.135887365202995,0.128819982560146,0.172617029416586,0.142248512742893
596,0.0911582555605361,0.126982921101486,0.119728720534923,0.136453868947872,0.129262661330049,0.173353007391764,0.142853217252253
597,0.0914719528143474,0.127540806309652,0.120324506017125,0.137141346846499,0.129701459537737,0.174292023316079,0.143607161843614
598,0.0917551024063806,0.128124960531931,0.120910926654759,0.137764918473009,0.130149851905003,0.175309471396391,0.144384063380622
599,0.0920147108097802,0.128703696033404,0.121469637150198,0.138306692405873,0.13063063013368,0.176307960524917,0.145134200835621
600,0.0923417499019906,0.129336580201746,0.122056909210358,0.138865166746791,0.131174696558563,0.177190281997706,0.145850660115156
601,0.0926149956364676,0.12982425939699,0.122574778387589,0.139377353403678,0.131667460134079,0.177931022734669,0.146414368769669
602,0.092823966676728,0.130146680107177,0.123000876455001,0.13981978397378,0.132106863317486,0.178478037496359,0.146843795622886
603,0.0930041084743966,0.13035715093948,0.123343820440425,0.140196757828981,0.132524767455293,0.178809572943712,0.147215738965893
604,0.0932563319269165,0.130553238734672,0.123639897791881,0.14064515203586,0.132908420813854,0.179123612532926,0.147630027875137
605,0.0935410327036025,0.130783298807434,0.123980979943501,0.141145999226088,0.133280889285588,0.179562293383581,0.14810454032192
606,0.0938124431196533,0.131063662015102,0.124409407441596,0.141653494527042,0.133658780441678,0.180173769949976,0.148620133344303
607,0.0940796579259549,0.131348738585927,0.124797963951264,0.142121179953312,0.134031237509188,0.180770617742223,0.149099929733207
608,0.0943080767327001,0.131630534227566,0.12517890294671,0.142534582895278,0.134366629355468,0.181321284135503,0.149532703350844
609,0.0945105309025724,0.131909175792459,0.125567802491445,0.142906420628665,0.134682591657654,0.181826252030766,0.149928182020648
610,0.0947808401708335,0.132197692912342,0.125956503663177,0.143293460534652,0.135088393626572,0.182329084239329,0.150325058824936
611,0.0950321516790363,0.132469319538397,0.126308638840204,0.143652201821647,0.135412204394086,0.182812083450252,0.150720262022752
612,0.095237910562352,0.132719087865813,0.126645269931462,0.143958726496802,0.135677448603574,0.183289317912119,0.151101064528247
613,0.095402346418893,0.132957157800252,0.127025216176445,0.144201701116429,0.136022174918485,0.183791807757255,0.151447931586842
614,0.0955335919550806,0.133209655127461,0.127383969146247,0.144500287041913,0.136390882893127,0.184210697013996,0.151779480759344
615,0.0956519143917941,0.133461872894861,0.127690348571838,0.144791953826759,0.136704049700214,0.184596270295369,0.152102372051952
616,0.0957809257937884,0.133702278280949,0.127949019809351,0.144997090600027,0.136910213426314,0.185039738936866,0.152428260174521
617,0.0959373688640538,0.134007755053375,0.128316758704346,0.145260749437497,0.137185653296985,0.185568658699033,0.152796771407157
618,0.0960995358920391,0.134347478578038,0.128712349747991,0.145529898696915,0.137488025168206,0.186123914052645,0.153193385088679
619,0.0962318465055836,0.134667447071757,0.129057905227453,0.145757397820212,0.137773843082668,0.18663115713671,0.15359234123055
620,0.0962614672167931,0.134864940286336,0.12935169992341,0.145964444054597,0.138061821195384,0.186995328403595,0.153954598085742
621,0.0962714914295912,0.135066737611919,0.129573288630437,0.146144163565575,0.138325979357002,0.187241828644563,0.154265590684756
622,0.0963062241929615,0.135317569160677,0.129765925770675,0.14629655062101,0.138552649326855,0.187445278566484,0.15455387265837
623,0.0963679503594707,0.135574211106184,0.13006053334404,0.146424525315703,0.138735823101812,0.187754048934766,0.154909376922908
624,0.0965024524163814,0.135873864210338,0.130472616237449,0.146654629971973,0.139031981431874,0.188215969486118,0.155382437453277
625,0.0966693631691532,0.136183678721973,0.130915487927265,0.146948526866985,0.13939426103111,0.188728008051733,0.155884808867691
626,0.0967822282706341,0.136432718513971,0.131237739964629,0.147180179666248,0.139666265271712,0.189097955587257,0.15624736044485
627,0.096909238844708,0.136652437628323,0.131560794021782,0.147439024170512,0.139908707166974,0.189503097376525,0.156570367464689
628,0.0970678539665127,0.136897334459021,0.131877948898625,0.147719767556281,0.140161766680919,0.189922484305058,0.156899936218907
629,0.0972520024495956,0.137190785241069,0.132167510414364,0.148005728471505,0.140452279267438,0.190305586867527,0.157256118196115
630,0.0973920277170353,0.137384956366868,0.132461734273947,0.148318840762778,0.140757407487162,0.1906589828153,0.157586130605227
631,0.0975335175855146,0.137520694438693,0.132739887319714,0.148639151520508,0.141028281699118,0.190998086784905,0.157870739629208
632,0.0976956078868248,0.137643428884108,0.1329885972092,0.148939823387693,0.141254406353185,0.19132490938185,0.158108750360179
633,0.0978245119174489,0.137780847678486,0.133213696801421,0.149168679534232,0.14150083419377,0.191603366471084,0.15832174336063
634,0.097955538072457,0.137941796639776,0.13342205169,0.149435494858353,0.141789413157304,0.191899516869151,0.158558230229018
635,0.0980723975261136,0.138085110510989,0.133613588904272,0.149734069011547,0.142073772810473,0.192201633197026,0.158789100212952
636,0.0981111282933832,0.138114568052765,0.13378116097632,0.149953292402245,0.142233406889093,0.192425610776801,0.15890956164598
637,0.0981353827774545,0.138161693138752,0.133939042017623,0.150178415377209,0.1424191614196,0.192668988974231,0.158986816269461
638,0.0981497492199919,0.13821966167118,0.134077641597437,0.150404581556604,0.142632355955259,0.192914692971814,0.159048156347705
639,0.0981409117992138,0.138241930636236,0.134182062590165,0.150599015345137,0.142823021754817,0.193114450175242,0.159109846618643
640,0.0981318108389467,0.138314169304132,0.134286614030457,0.150777897048078,0.142995347303688,0.193350761756811,0.159182099843467
641,0.0980950385944307,0.138391343638073,0.134377708796575,0.150922905882567,0.143134458336347,0.193601436119293,0.15925297115525
642,0.098010153112238,0.138430401426024,0.134442347435429,0.151023958825635,0.143238058891952,0.193833196584064,0.159304411209368
643,0.0978993881173671,0.138469152231001,0.134493845069316,0.151108064636504,0.14334779565607,0.194027840555661,0.159298623487737
644,0.0978252287572619,0.138528495421294,0.134553700436773,0.151220441983649,0.143484690580648,0.194250349224333,0.159331091080015
645,0.0978039222183138,0.13860544746248,0.134635370048867,0.151368770583449,0.143649277482985,0.194511119976929,0.159436685878426
646,0.0977777793423663,0.138652556117401,0.13474255155664,0.151497476444939,0.143811969534351,0.194722406012907,0.159552706959436
647,0.0977372425337932,0.138717789741706,0.134861246822616,0.151627016710587,0.14395894329277,0.194921677725661,0.159640544120419
648,0.0977038742973182,0.138817711128433,0.134991093044759,0.151769766529235,0.144113668828395,0.195148252521988,0.159730098164466
649,0.0977259504274688,0.138951098551292,0.13514054095543,0.151936640060505,0.144328709513829,0.195450501671274,0.159904305025157
650,0.0977458208307903,0.139060295432082,0.135307941832064,0.152099162938531,0.144518837394377,0.195674162362688,0.16004050686187
651,0.09778432009638,0.139195381468803,0.135490405562319,0.152269010577125,0.144709174210811,0.195894448595286,0.160184778775084
652,0.0978747196835242,0.139414374441664,0.13568222933916,0.15246568659171,0.144944456755545,0.196226257508617,0.160413185840225
653,0.0979764556039193,0.139580986048071,0.135865704522837,0.152676969683415,0.145164893363574,0.196535796696519,0.16063859907974
654,0.0980375040872324,0.139699125117866,0.136044139373362,0.152870737492892,0.14535153024196,0.19679699743847,0.160851138760692
655,0.0980436259692103,0.139801802188934,0.136225098429134,0.153035887652223,0.145511852362489,0.197020819481765,0.16104604062348
656,0.098085008053729,0.139954295063955,0.136424503995277,0.153227323246594,0.145715645659443,0.197284676350046,0.161196153131082
657,0.098158813456217,0.140126231122574,0.13661059996059,0.153428709201318,0.145921860091891,0.197556865420887,0.161367147429673
658,0.0982309001992004,0.140277467849156,0.136765259362494,0.153612280154053,0.146111214181509,0.197814243823448,0.16155875548236
659,0.0982155131703666,0.140341645168562,0.136883030635395,0.153728057266327,0.14629108256,0.198041936134503,0.161684311436549
660,0.0981954353144089,0.140424576107556,0.136999967612425,0.153826598104194,0.146460829517208,0.198240933203962,0.161745903458151
661,0.0981782831740932,0.14051343247405,0.137109931486328,0.153917838840798,0.146617259806244,0.198428200768725,0.161791260498237
662,0.0981389060483017,0.140541523651314,0.137187581538565,0.153993468913949,0.146754990784764,0.198629632742893,0.161895256400162
663,0.0980893519286539,0.140587244991542,0.137287072130956,0.154039525571984,0.146858670872422,0.19882943106539,0.162002450200206
664,0.0980334643240357,0.140636181035677,0.137371449898101,0.154075081279763,0.146956578102849,0.198995710736806,0.162071829251018
665,0.09797355805523,0.140662499743686,0.137403813269944,0.154116398700675,0.147078318329826,0.199108739045707,0.162081948739168
666,0.0979086542121825,0.14068354496082,0.137448727947821,0.154116391452868,0.147208168933197,0.199218228132105,0.16208479113059
667,0.0978551664128046,0.140736978857263,0.137514759158534,0.154148804746082,0.147338005307501,0.199365145814515,0.162131529656814
668,0.0978202956438172,0.140826448164559,0.137599896983487,0.154238046361734,0.14746405453762,0.199561783448362,0.162233057966653
669,0.0977913354649548,0.140877880358213,0.137692480503365,0.154283428018003,0.147589428579928,0.199768936470552,0.162318889963751
670,0.0977610788595174,0.140938636344164,0.137772543958841,0.154354093379358,0.147718569341093,0.199970767757857,0.16241062992901
671,0.0977432184622518,0.141026471972603,0.137858340218745,0.154459926850723,0.147865913032874,0.200171482475538,0.16251555299536
672,0.0977726605477435,0.141137416244784,0.138005730061931,0.154562102226994,0.148057465638912,0.200395760826758,0.162631307698057
673,0.0978295212588154,0.141289633120435,0.138177202931142,0.154697776332074,0.148234712969413,0.20062752401627,0.162788092286735
674,0.0978945812346796,0.141458844990646,0.138348346379067,0.154865768871977,0.148421051287228,0.200870405735775,0.162957687543134
675,0.0979513467910705,0.141608872861125,0.138504810615037,0.15505140683863,0.148660716110175,0.201134229851981,0.163101615605167
676,0.0980235911638061,0.141753103783819,0.138705760575783,0.155243342581219,0.148894810952022,0.201423767621399,0.163308991769002
677,0.0981162275737634,0.141915260069391,0.138925815846909,0.155453539506627,0.149121618600683,0.201714476807976,0.163537915730186
678,0.0982299238269743,0.142106251949391,0.13914100990993,0.155693198744868,0.149349903838785,0.201991288698648,0.163751636558186
679,0.0983544136443789,0.142279090244361,0.139365760398015,0.155950069395763,0.149583308540706,0.202273613274514,0.163990094055933
680,0.0985363236088813,0.142509458041559,0.139663868745082,0.156274912674587,0.149878872038287,0.202625341812568,0.164289304792086
681,0.098791313337736,0.142818959548837,0.140055157181367,0.156685086981103,0.150250147795611,0.203053884231417,0.164656796987204
682,0.0990909790637929,0.143148534853465,0.140500726370076,0.157149059094918,0.150646856822684,0.203476993372789,0.16506048732986
683,0.0994216000281754,0.143498566723094,0.140957249689328,0.157671822619306,0.151076927304269,0.203958027336914,0.165485711157581
684,0.0998239882724416,0.143912533891362,0.141480606325145,0.15827892873744,0.151563082657288,0.204511945515913,0.165983277275509
685,0.100372059702474,0.144460147212991,0.142184350579846,0.159010141934401,0.15213959795506,0.205131305993112,0.16664274156279
686,0.101037117213987,0.14504473388515,0.142966278882123,0.159863454983942,0.152785307232942,0.205820086863827,0.167399950500003
687,0.101828719573982,0.145734304393734,0.143851771790224,0.160840718697828,0.153513839885617,0.20662058456055,0.168279397740854
688,0.102759427928758,0.146600511710609,0.144880187633048,0.161938979474898,0.154333782215287,0.20755971017252,0.169311546882681
689,0.103827765490663,0.147516489424174,0.14601381684262,0.163146867631809,0.155191768987944,0.208539101067891,0.170462590040509
690,0.105030986680526,0.148568080733808,0.147252527604869,0.16445539695131,0.15612218884927,0.209607268255186,0.171717713254803
691,0.106376119918179,0.14980144002754,0.148604293548854,0.165865037689821,0.157147683558431,0.210801557935757,0.173079225839094
692,0.10789976328383,0.151143788063872,0.150099330684833,0.167408969125798,0.158260681001599,0.212123224521211,0.174590077236921
693,0.109540235798985,0.152607542554201,0.151650789737475,0.168984260956456,0.159393455411154,0.213495608749312,0.176200064117827
694,0.111278061554652,0.154201065075414,0.153235879414505,0.170548764779336,0.160532382138029,0.214898166077634,0.177874039034467
695,0.11312993292166,0.155935089425156,0.154888270601254,0.172109236191994,0.161714231441159,0.216360216009759,0.179585923783433
696,0.115032871551572,0.157705933880282,0.15653668038023,0.173704630580287,0.162835850571811,0.217836434456741,0.181322970287012
697,0.11698545540445,0.159519941709964,0.158175842965647,0.175300251847055,0.163931919225802,0.219310721808796,0.183086311753988
698,0.118997049065149,0.161411238231045,0.159818621846581,0.176838377906697,0.165072259777483,0.220777717040771,0.184875377387976
699,0.120966084423,0.163277405343026,0.16142393008816,0.178327776166782,0.166158914340203,0.222235900278613,0.186616494083619
700,0.122914665745677,0.16513798433697,0.162994097727394,0.179784731323127,0.167240255341057,0.223670069164556,0.188312080336908
701,0.1248610196299,0.167016198907941,0.164533140088164,0.181208874780998,0.168341787897652,0.225067240149239,0.189973503715377
702,0.126748715159599,0.168897063012416,0.166029536310014,0.18253520092677,0.169351110303529,0.226424250301599,0.191605341265648
703,0.128577310908341,0.170696700983432,0.167480948724323,0.18383196564703,0.170326218045733,0.227754513263122,0.193168521820406
704,0.130347724448155,0.172403408194339,0.1688826271347,0.185108579724027,0.171285925823619,0.229043566060182,0.194650149359604
705,0.132060072478948,0.174102728763495,0.170223261401656,0.186288954423716,0.172193211130109,0.230229773866993,0.196065431646111
706,0.133731385662287,0.175768171349503,0.171520299655092,0.187433887952352,0.173072817751054,0.231391277317416,0.19746647703741
707,0.135344492551243,0.177377426261833,0.172758671153894,0.1885347009392,0.173923694022939,0.232529020503671,0.198817359929875
708,0.136866745275685,0.178907480290208,0.173911985581294,0.189555823795448,0.174735060788938,0.233610618150184,0.200043300064486
709,0.138321521805439,0.180388288022311,0.175047335480568,0.190558152072735,0.175525887131607,0.234678673994832,0.201265276859085
710,0.139734820166517,0.181829650632837,0.176169769138728,0.191545793964046,0.176304606227272,0.235721387161665,0.202468770898643
711,0.141123211586097,0.183237720876984,0.177267824861457,0.19251068592256,0.177073067322944,0.236724046553716,0.203619792492135
712,0.142451017741869,0.184613758604363,0.178315428486304,0.193440440904241,0.177807487120374,0.237702468666173,0.204722823633235
713,0.143720645428332,0.185948762171002,0.179317436593996,0.19434885633688,0.178541184264191,0.238672923183492,0.205789464975578
714,0.144948719177248,0.187234143656492,0.180290930250305,0.195245185544051,0.179279647779625,0.239636698645002,0.20683330300429
715,0.146177191896121,0.18845219097729,0.181274411652181,0.196130543984568,0.179967224761058,0.240565332361543,0.207871790671049
716,0.147348674188947,0.189643818375707,0.182226125194548,0.196964424591436,0.180640061850327,0.241458911430394,0.208873843352412
717,0.148466285671264,0.190823384011485,0.183145960513911,0.197766350101327,0.181315178257161,0.242327869419341,0.209832724339903
718,0.149571080158978,0.191987319294713,0.184058777034671,0.198596773237156,0.181999586599619,0.243190080661305,0.210755612639008
719,0.150647405969439,0.193141849145958,0.18493875506971,0.199401806996921,0.182682893854308,0.244023269011554,0.211670655991635
720,0.151696862407376,0.194259854314949,0.185795187543273,0.200179907672026,0.183343811804995,0.24483732850979,0.212582809364717
721,0.152725413175653,0.195319085118449,0.186647103274417,0.200944141483483,0.183970623431328,0.245650742835814,0.213488071374218
722,0.153748061964053,0.196390663491686,0.187517419758566,0.201712431353883,0.184633418499918,0.246487138674511,0.21438519032452
723,0.154739837250744,0.197426596294101,0.188368224515375,0.20247406242117,0.185275321277859,0.247295758985849,0.215244497659751
724,0.155693147988965,0.198404226847268,0.189177246698836,0.203222099222817,0.185871523056271,0.248055811755991,0.216067909826403
725,0.156649255649975,0.199381617223843,0.189963027550784,0.203964318586128,0.186497824384307,0.248826390313637,0.216941213166533
726,0.157568786518243,0.200334355963863,0.190766257664171,0.204701484413423,0.187120301843501,0.249609302422341,0.217784664238476
727,0.158455308284164,0.201258472712735,0.19158467146353,0.205425065524959,0.187727451465498,0.250379181864291,0.218581742514293
728,0.159349037097402,0.202164260301063,0.192375252688752,0.206115387741617,0.188323120758195,0.251079230937019,0.219368186896296
729,0.160245841444438,0.2030840691411,0.193117868166738,0.206797272107434,0.188919283663456,0.251820252995937,0.220137074310967
730,0.161127140578949,0.204007334016597,0.193853162399587,0.207503340259119,0.189542849259656,0.252565584152625,0.220903435453543
731,0.161970389883523,0.204904725290732,0.194632399219695,0.208253698513517,0.190208149764852,0.253243803654019,0.22168311882901
732,0.162787044525055,0.205741194540873,0.195392079233345,0.208946405510581,0.190794725530149,0.253937612210919,0.222448682834787
733,0.163612262386641,0.206585707136377,0.196136177019514,0.209615961468361,0.191351773823458,0.254656700857561,0.223224782443447
734,0.16445663808533,0.207471736679976,0.196874317993947,0.21030159235242,0.191927610708492,0.255383536896693,0.22401471454442
735,0.165250058335611,0.208296189873843,0.197604622352584,0.211006224857496,0.19250274014415,0.256042698206616,0.224736785668425
736,0.166059778502417,0.209109212313716,0.198345659504972,0.21172013080906,0.193100489147052,0.256726122845909,0.225477013430651
737,0.166889641500548,0.209928821370875,0.199096275523112,0.212426711540366,0.193709486639139,0.257447239758046,0.226246592156465
738,0.167673165670958,0.210740469302409,0.199834210290186,0.213099104391579,0.194278165390715,0.258133123134744,0.226974272511608
739,0.168441516715632,0.211547252691849,0.200571489017688,0.213790132546162,0.194845836977348,0.258833092604798,0.227706449022676
740,0.169220274394734,0.212343265899961,0.201299873654692,0.214483986694432,0.195427446630108,0.259527560703508,0.22844414498636
741,0.17002787196291,0.213123744927031,0.202007351401003,0.215142700810649,0.196025700706588,0.260179296309763,0.229173234350819
742,0.170796278401998,0.213930918427609,0.202726726392497,0.215796525549037,0.196599639640087,0.260848602059853,0.229899873516317
743,0.17156888555809,0.21473124309037,0.203446266092551,0.216489107435096,0.197193630807766,0.261536134773141,0.230629975907771
744,0.172375472141008,0.215501399927944,0.204156030729476,0.217224814046971,0.197825970346465,0.262228709811758,0.231361556524638
745,0.173145587405633,0.216288556749923,0.204870999740006,0.217871755062067,0.198384919105443,0.262900021280507,0.232064547572145
746,0.173917333276006,0.217071585881615,0.205599317334955,0.218527249268907,0.198945275089363,0.263565128852364,0.232770864414825
747,0.174701219734439,0.217842127696687,0.206336988936911,0.219223239560885,0.199539359001812,0.264222474311003,0.23348543006868
748,0.175472858692495,0.218608451019693,0.207066305635556,0.219910860839744,0.20015064722366,0.264845464870274,0.234176578946169
749,0.176240493808597,0.219360340701607,0.207761327943708,0.220585572902767,0.200728256353908,0.265496679709735,0.234896144890133
750,0.176998039720879,0.220113181086667,0.208450724942823,0.221253035423433,0.201287549749956,0.266174674371327,0.235623730997231
751,0.177738718796832,0.220889557197486,0.209185937445277,0.221928225867096,0.201874427125985,0.266852106797059,0.2363165386647
752,0.1784940163982,0.221638955538641,0.209942688506065,0.222630482172592,0.202491702097416,0.267544755215106,0.237055423686954
753,0.179265731440958,0.222382129613216,0.210675676966988,0.223327423468059,0.203096418853048,0.268208432167693,0.237783586140799
754,0.180046300628666,0.223139332327459,0.211364072386607,0.22399549400104,0.203663262523205,0.268820690659478,0.238456178492404
755,0.180813071825551,0.22388395443569,0.212079624486244,0.224668550546425,0.204252180082975,0.269459035216962,0.239142026793479
756,0.181580603684089,0.224630986601438,0.212802849906066,0.225352033457896,0.20485208029814,0.270115713163381,0.23984842815487
757,0.182351729774164,0.225384911295121,0.213522507177321,0.226046199735574,0.2054577732564,0.270779261849245,0.240573776432635
758,0.183111000837503,0.22613496997232,0.214236299780346,0.226744402179058,0.206072512251242,0.271431887370733,0.241306691298954
759,0.183863058779536,0.226865790202245,0.21495810023154,0.227433028344517,0.206677639826821,0.272096328805515,0.242022329329601
760,0.184611262117417,0.227593394995529,0.215677887118467,0.228108286558859,0.207276597246844,0.272749259954801,0.242715533820184
761,0.185361984138093,0.228347875209497,0.21638072654087,0.228775308833691,0.207882551225893,0.273354852177443,0.243394420210824
762,0.186157759280424,0.229137990992173,0.217140664117399,0.2294858366864,0.208502235522489,0.273987628721472,0.244099288879993
763,0.18694215728483,0.229900804977157,0.217889171633861,0.230196817132272,0.209100138401489,0.274637249299577,0.2448030562113
764,0.187676803671499,0.230601394929122,0.218579268903645,0.230874913482012,0.209665472807554,0.27528692230237,0.245484966402314
765,0.1884417297629,0.231342266273099,0.219322451685407,0.231578387351046,0.210299865291583,0.27595847275431,0.246189735729331
766,0.18921427447344,0.232069670247972,0.220059441632137,0.232287935727065,0.210929709287246,0.276598360887795,0.246895857834383
767,0.189981133408596,0.23277125628522,0.220768781962853,0.232979887806011,0.211525346135665,0.277203534909788,0.247594846824501
768,0.190738599066956,0.233486251355646,0.221477402494482,0.233619345698854,0.212111038322776,0.277836169183657,0.248294498422345
769,0.191522190373371,0.23424380317912,0.222192708150061,0.234293808838899,0.212726205043194,0.278490592954428,0.249006297115346
770,0.192312014976292,0.23499790816777,0.22291440660016,0.234998598353924,0.21334639872351,0.27912883378257,0.249720612837107
771,0.193068971817101,0.235681547858418,0.223638494599052,0.235692329956447,0.213926190722917,0.279707457785482,0.250418672228466
772,0.193832348184613,0.236413828000771,0.224383487710545,0.236395040239825,0.214535986531282,0.280322693418191,0.251098357241521
773,0.194620747204974,0.237167575336873,0.225118174443404,0.237096155839658,0.215156802731241,0.280971136423186,0.251783336923829
774,0.195432371816268,0.237910192698807,0.225827940310472,0.237794890314501,0.215770467544689,0.281635096233519,0.252493581387042
775,0.196217057505689,0.238669747207159,0.226573724422798,0.238539397693398,0.216410563357599,0.2823104506682,0.253231598125518
776,0.196978121014082,0.239398758215445,0.227317195804667,0.239265061015088,0.217017937840552,0.282964799614828,0.253957863230148
777,0.197745210538943,0.240109803489031,0.228054781729922,0.239958955621968,0.217606551512841,0.283593028805079,0.254667046596651
778,0.198583580763421,0.240887712868179,0.228823906357625,0.240666399686083,0.218277410870224,0.284219856492081,0.255392862776077
779,0.199392358150723,0.241637054642445,0.229579991443401,0.241375649238301,0.218945426559156,0.284859165629173,0.256112399463501
780,0.200180663439982,0.242367493211525,0.230315226595583,0.242090691685452,0.219579138018244,0.28550461476395,0.256809070548993
781,0.20098802609693,0.243117572015396,0.231039141190858,0.242815951578009,0.220171420489865,0.286140384039835,0.257477560415131
782,0.201739390965254,0.243826896408815,0.231782264736684,0.243523774488787,0.220757229693905,0.286759040994105,0.258192923928744
783,0.202517450561608,0.244542343534287,0.232531409597801,0.2442092913231,0.221378344406877,0.287347206807887,0.258907096996562
784,0.203361844026895,0.245295560248855,0.233273838313243,0.244887700360417,0.222045522257553,0.287919809486323,0.25958889082333
785,0.204147731546446,0.246047936839937,0.234016214544863,0.245625966502644,0.222696419467549,0.288570942496569,0.260290593045464
786,0.204928977822406,0.246772998484066,0.23472965766009,0.246329411621962,0.223302145025078,0.289215854349839,0.260993441147121
787,0.205739467190787,0.247499422171177,0.23543762981741,0.24700557827632,0.223900586144426,0.289844190547927,0.261706825160919
788,0.206598379431862,0.248307457034521,0.236211718219865,0.247753144437993,0.224593970645175,0.290508994484505,0.262463449275085
789,0.207428581948796,0.249057345867983,0.23695079041953,0.248469115480778,0.225219173980901,0.291136297181842,0.263189355625989
790,0.20823630823793,0.249782455302618,0.237677992941681,0.24918613436082,0.225820382008561,0.291754686867838,0.263887876307936
791,0.20904933850841,0.250551008725525,0.238438823712167,0.249954005152916,0.226482293832444,0.292406356897441,0.264582813851594
792,0.209854094668911,0.251302096949238,0.239172478829454,0.25067645306618,0.227128539810001,0.293015952620916,0.265266155951127
793,0.210664359700565,0.252041217807074,0.239918605741227,0.251371840907407,0.227780122199762,0.293622179976086,0.265945975899842
794,0.211484740133515,0.252776164995315,0.24069847563343,0.252069332251916,0.228445834268134,0.294254492516187,0.266635218677001
795,0.212292225236228,0.253502341388171,0.241482490328945,0.252801342161919,0.229087678272685,0.294906542415069,0.267362248246932
796,0.213131161178681,0.254268458528108,0.242242442331886,0.25354271710289,0.22975376176895,0.295572923786349,0.268061322015117
797,0.213986373886078,0.255050718259724,0.242986397108188,0.254281578572886,0.23042500405831,0.296220454814485,0.268747397426526
798,0.214803453251535,0.255777712074671,0.243745502720099,0.255010588007057,0.231041538501791,0.296800351062587,0.26948502917912
799,0.21561587980649,0.256517487464547,0.24445803192086,0.255694043751809,0.231685338153876,0.29738892549703,0.270199053845179
800,0.216426700512211,0.257265302330549,0.245194113588314,0.256383495579338,0.232333951631234,0.298007984431956,0.270889583448295
801,0.217240000640184,0.258005141096084,0.246009207713678,0.257132144292436,0.232964417147493,0.298658655922645,0.271580994107333
802,0.218096058742303,0.258741557011814,0.246764922240372,0.257916493892574,0.233659052289401,0.299315532875603,0.2723287761228
803,0.218931805513672,0.259494352533995,0.247518019412847,0.258666539120053,0.234338930801991,0.299971323741857,0.273062164157644
804,0.219734727599778,0.260257165626985,0.24829401803539,0.259368915765871,0.234981265819393,0.300611890391552,0.273754841765081
805,0.220571904627412,0.260978018786077,0.249065387056181,0.260096581580596,0.235656463664091,0.301207621987592,0.274451918180078
806,0.221443522431756,0.261763967252171,0.24982309328152,0.260833797977899,0.236326004647388,0.30180787769811,0.27514995359844
807,0.222310872849953,0.262558329947767,0.250581125553935,0.26157373201901,0.236999638975235,0.302445467885726,0.275847905108437
808,0.223123438803749,0.263249653447375,0.25136081191768,0.2623130606064,0.237699967972907,0.30313527207732,0.276545180752268
809,0.223949414327903,0.263976634638313,0.252106781229101,0.263071869729335,0.238359196470094,0.303767656955293,0.277246206643878
810,0.224818501677725,0.264747283258639,0.252873610125789,0.263828145020675,0.239035926539319,0.304396033575564,0.277954402090373
811,0.22572526500632,0.265542271158627,0.253686716724575,0.264560112873159,0.239757698918565,0.305059662049702,0.278672738822535
812,0.226580852480993,0.266326977090102,0.254437754687358,0.26525083225684,0.240406345584858,0.305683042831844,0.279403771155222
813,0.227435331258095,0.267068072765331,0.255195499365677,0.265981488339548,0.241045591155505,0.306301690399452,0.280128306471248
814,0.22828539850601,0.267772477779956,0.255984854512679,0.26676196008217,0.241717729472101,0.306923713838834,0.280840486083152
815,0.229080703938006,0.268486035370109,0.256792797637303,0.267536405050629,0.242448448978179,0.30753369174196,0.281546637282376
816,0.229917468765815,0.269264059858005,0.257565465083775,0.268289553517002,0.243128664501726,0.308143140104508,0.282235103715878
817,0.230809047175461,0.270055086757655,0.258316159885938,0.269033387229013,0.24378315035749,0.308781472760269,0.282940175148259
818,0.231724567173304,0.270794261291402,0.259074401370277,0.2697806088431,0.244465282564278,0.309460894832235,0.283689707943461
819,0.232531628500789,0.271536461434212,0.259820867287335,0.270471386715051,0.245139223361923,0.310064754499778,0.284395607998947
820,0.233350684608824,0.272277263350288,0.260586189035744,0.271192432164579,0.245830468158827,0.310670186791634,0.285093131000435
821,0.234240714125372,0.273019291733387,0.261380222650397,0.271972958379249,0.246544596859106,0.311320442406799,0.285798934965622
822,0.235128471084811,0.273786098948925,0.262172030283373,0.272723606768953,0.247247700516769,0.31198350689002,0.286472875543119
823,0.235988853196342,0.274542121683992,0.262958774478791,0.273486542725305,0.247918244448637,0.312598086000646,0.287200924980975
824,0.236849303220162,0.275307735963021,0.263735794561555,0.274250934269586,0.248583083265479,0.31318411017865,0.287951445970201
825,0.237758074718271,0.27611908915914,0.264500462414238,0.274988296309456,0.249290960075722,0.313802296877455,0.28864213362974
826,0.238608415154392,0.276849590709213,0.265271923190599,0.275764534538208,0.25000382766517,0.314440891757422,0.289369869654878
827,0.239467483857462,0.277569303821247,0.266059919653595,0.27652670270087,0.250718313106267,0.315082966319058,0.290110717668753
828,0.240378382508697,0.27834065173864,0.266867777832106,0.277246319016014,0.251430321810871,0.315723416301579,0.290833855675437
829,0.241233082868159,0.279117388427214,0.267702675904985,0.278041396341395,0.252126894491258,0.316414197324217,0.291559285101352
830,0.242055376826205,0.279827903506419,0.268477122084384,0.278765243463193,0.252773729595309,0.317048658998314,0.29222262214951
831,0.242887089895415,0.2805152079786,0.269198155606143,0.279431778628487,0.25340700338555,0.317607364896319,0.292841127730556
832,0.243790411280699,0.281330516567166,0.269962307751153,0.280203282430191,0.25412975459708,0.318153417836058,0.29350973718756
833,0.244679646781559,0.282098572088508,0.270776062639629,0.281009048427768,0.254878230193942,0.318784074336966,0.294244828750582
834,0.245569115493062,0.282834590278364,0.271588703003249,0.281783943108719,0.255598061110366,0.319485212824261,0.295012383221806
835,0.246478773112444,0.2835904162308,0.272348553812121,0.282488994235156,0.256255923861867,0.320194889441629,0.295764218138264
836,0.247301086800699,0.284318682120812,0.273098824190721,0.283222414043867,0.256909974770841,0.320807991142807,0.296480553075629
837,0.248151484287319,0.285063192580454,0.273869118548876,0.283973911126188,0.257612708104207,0.321412195341299,0.297182949137798
838,0.249063199412151,0.285828337590413,0.274664783813312,0.284738274126487,0.25836281288224,0.322053632771913,0.297880206275954
839,0.249923130187949,0.286547112462529,0.275457196028283,0.285531889825961,0.259078498596316,0.322703778587328,0.298555254747168
840,0.250794069988181,0.287278708371508,0.276222798245138,0.286280754509454,0.259762574496306,0.323291556012016,0.299227251715521
841,0.251678891115119,0.288029957425649,0.2769867253694,0.287029980494729,0.260453355197628,0.323879692204547,0.299920852079335
842,0.252558433807778,0.288781965174729,0.277791040104263,0.287857364734025,0.261199270689151,0.324567906867703,0.300654765294685
843,0.25341613225483,0.289466589086695,0.278596445727911,0.288632791891113,0.261945135667029,0.325210033034967,0.301365225554865
844,0.254259609640488,0.290208331154231,0.279422435735342,0.289385521199028,0.26266790552668,0.325811262750472,0.302064113379791
845,0.255107316896704,0.291045472460985,0.280255620138317,0.290130158703941,0.263360432658102,0.326397494583886,0.302760076192358
846,0.255996904395197,0.291750358495119,0.280974902932359,0.29078147421546,0.264034707480843,0.326992429407913,0.303421329712167
847,0.256891490841456,0.292496578312641,0.281726691463168,0.291501000636334,0.264727372384448,0.327615433522327,0.304124744583186
848,0.257770877737959,0.2932807309686,0.282521853247004,0.292291360014169,0.265434225448013,0.328262782456008,0.304863866038383
849,0.258625251345266,0.293996045546296,0.283288804038781,0.293055207926118,0.266127136058461,0.328911916062089,0.305577484619117
850,0.259455634575632,0.294711941084714,0.284082518610614,0.293851562666137,0.266883947885102,0.329519657845256,0.306243148249966
851,0.260303403698496,0.295448434816595,0.284874792396247,0.294636177995198,0.267634528814413,0.330129989444909,0.30693378774906
852,0.261197408699465,0.296205265361905,0.285643653511521,0.295374485108009,0.268325123424092,0.33078142012013,0.307691305731423
853,0.262108581897548,0.296949585258834,0.286444458861934,0.296125440177095,0.269055803927741,0.331437028784896,0.308385150111384
854,0.262964166769067,0.297650993833509,0.287217172014435,0.296867246107432,0.269780405108601,0.332052837766409,0.309083510585976
855,0.263784904799297,0.298347661328993,0.287972351612981,0.297603439362134,0.270486474037976,0.332668271320217,0.309811114798269
856,0.264680858449168,0.299142378860406,0.288787587565697,0.298360824004126,0.271193643104866,0.333401276526083,0.310549027206171
857,0.265585085511238,0.299925922481797,0.289617609193921,0.299130090817421,0.271954926817791,0.334061954646772,0.311254679531238
858,0.266446445756149,0.30067267394409,0.29040569823468,0.299891542850695,0.272725259385645,0.334668897799074,0.3119396387713
859,0.267253576366226,0.301389678559266,0.291132066821581,0.300638064452548,0.273456006058618,0.335292703589857,0.312632152043622
860,0.268159495179874,0.302120638505721,0.291957448849128,0.301432144990274,0.274215851289042,0.335963498705776,0.313355328813968
861,0.269067367389637,0.302859356179419,0.292810600388984,0.302254100808929,0.274990628638821,0.336624469168454,0.31407054261911
862,0.269920107654093,0.303595591635074,0.293650204017872,0.303066138658173,0.275762681051023,0.337244633982173,0.314758860236976
863,0.270720648830087,0.304316279465902,0.294488801866325,0.30380819692299,0.276514140956867,0.337828374800108,0.315429054066011
864,0.271613306017756,0.305041976576591,0.295234006043939,0.30455053527545,0.277226978944941,0.338468834296373,0.316116191602161
865,0.272537434697197,0.305794706260199,0.295973337099887,0.305325526309822,0.2779497920355,0.339137948498458,0.31685240406216
866,0.273386020821554,0.306580526800308,0.296820283250818,0.306139250209292,0.278734306779664,0.339778230931623,0.317646485867869
867,0.274259835158676,0.307312289985897,0.297616983076837,0.30691602257561,0.279489741500004,0.340441464781205,0.318389465904863
868,0.275143388816104,0.308021179794321,0.298415441985563,0.307671936561325,0.280223139936219,0.341131729959529,0.319113191158827
869,0.276016768688909,0.30874476586159,0.299252925770682,0.308438350383976,0.280958052546496,0.341827377875927,0.319834872483597
870,0.27686206757888,0.309521215518308,0.300121834664514,0.309264056300229,0.281732922011543,0.342462680861121,0.320522103396249
871,0.277754317699636,0.310284141110778,0.300960271412726,0.310081994458354,0.282537003189991,0.343156881851595,0.321271965892248
872,0.278675130224125,0.311025863521627,0.301774362755511,0.310901039369479,0.283361289613562,0.343863744008194,0.322052496760868
873,0.279565815788008,0.311760389568093,0.302598708243541,0.31174551595858,0.284189305220059,0.344491879183771,0.322781059504716
874,0.280395482792831,0.31246699951444,0.303437016279345,0.312510702305972,0.284971818186979,0.345183104295648,0.323452377717379
875,0.281274870096158,0.31322124514038,0.304281072272416,0.313278374029919,0.285739193515593,0.345889678128856,0.324166569175292
876,0.282233420339922,0.314037397411081,0.305123872118383,0.314099862590986,0.286521279202522,0.346566638750334,0.324941871203022
877,0.283108185944757,0.314787898219477,0.305965027688704,0.31493047817722,0.287336022089187,0.347211102935381,0.325605352382939
878,0.284002454839858,0.315561743581814,0.30683444040804,0.31581019501417,0.288154536946698,0.347861917038868,0.326302106296171
879,0.284883921103576,0.316323558545445,0.307698836468452,0.316669474180603,0.288953877869279,0.348533458932925,0.327044210459632
880,0.285684917520524,0.317006666110813,0.308506358112711,0.317412028398938,0.289721030224076,0.349224959387155,0.327787236738725
881,0.28658845272509,0.31779608001958,0.309338175619838,0.318211926441247,0.290507134192,0.349910463229877,0.328535342222231
882,0.287511550394407,0.318605663494736,0.310189422843938,0.319020675556214,0.291306680913238,0.350594487474709,0.329288932831876
883,0.288395440852168,0.319366276366401,0.311051052613724,0.319808865469464,0.292112908349036,0.35129489752883,0.330042140762019
884,0.289312371097311,0.320120142081683,0.311933230126712,0.320654463004405,0.292933508089276,0.352063157957272,0.330768973208156
885,0.290232512425721,0.320886066349218,0.312804387407917,0.32151151025319,0.293765443574641,0.352756399928051,0.331522667570906
886,0.291136731308337,0.321656510000073,0.313676851630614,0.322374851647173,0.29462020603571,0.353406994506294,0.332295670731264
887,0.292014618339471,0.32241069238815,0.31458027922662,0.323249410597858,0.295506263731649,0.354127720570352,0.333047774607787
888,0.292899894716501,0.323163330966394,0.315457823417042,0.324037337700796,0.296317803150571,0.354814175134032,0.333748571218018
889,0.293810719667516,0.323898717405925,0.316334696058093,0.324833381726163,0.297131280189894,0.355507847257704,0.334469069122809
890,0.294729827354043,0.324619340739513,0.317212581069226,0.325688736838934,0.297992621549932,0.356241830667191,0.335245210361055
891,0.295557215925373,0.325377896559168,0.31799999090946,0.326489000686831,0.298821276505659,0.356986721640366,0.336003271428031
892,0.296418879466681,0.326166665746268,0.318834669586559,0.32732280138414,0.299624765565923,0.357763828108657,0.336755431813809
893,0.297336374785578,0.326966241942616,0.31971855568553,0.328172185050561,0.300415881626205,0.358518330524124,0.337496357923872
894,0.298271398119419,0.327747347255287,0.320588788898294,0.328976788759473,0.301220014949454,0.359175562850624,0.338220363095253
895,0.299166644166868,0.328479518324057,0.32151882581635,0.329846510723746,0.302116834654334,0.359914100577301,0.338991618491908
896,0.30009140770283,0.32925915371731,0.32244435739256,0.330717813550464,0.303036985219365,0.360627912366711,0.339751246924414
897,0.301063938457632,0.330110109375833,0.323320433205568,0.331547140811859,0.303914958980621,0.36127011599651,0.340473622540645
898,0.301936926149399,0.330847271220211,0.324175365684018,0.332380839017372,0.304728720265533,0.362021975027405,0.341251518278759
899,0.302844640711461,0.331603199777497,0.325086459793115,0.333276499804644,0.305601155957355,0.362737125142608,0.341994259853725
900,0.303779023765602,0.332398192092501,0.326026030837645,0.334173101332222,0.306505418846569,0.363452743781471,0.342752741026609
901,0.304667423708843,0.333197324825036,0.326916896919121,0.334969419480513,0.307351246560914,0.364274293421414,0.343625147534049
902,0.305513030660608,0.333959661630347,0.32779490499669,0.335833038230565,0.308236957597705,0.365037275809889,0.344432240055306
903,0.306386301079758,0.334719295526446,0.328657964599626,0.336711630182031,0.30913981309696,0.36577622204646,0.345181276784371
904,0.307312964582015,0.335486712372448,0.329522944865286,0.337559595938361,0.31003081245483,0.366515478610813,0.345905225241261
905,0.30820652168547,0.336192535100611,0.330458239319908,0.338399383431735,0.310894197461649,0.367199515243733,0.346632432598089
906,0.309125380952272,0.336949619140117,0.331402760058481,0.339236875877928,0.311768727170503,0.367882431170658,0.347392533516776
907,0.310054252942579,0.337751320784757,0.332294739763287,0.340080827966966,0.31264977322033,0.368613559468628,0.348177186756011
908,0.31095574528377,0.338541149945755,0.333105387459278,0.340945033430783,0.313522042580539,0.369425086745017,0.348963606959278
909,0.311887684379382,0.339331001838961,0.334076959974347,0.341879827287885,0.314452724210019,0.37022849846629,0.349790312752663
910,0.312775552019469,0.340141087557649,0.335019896925967,0.342781924970555,0.315348415878989,0.370998304406768,0.350574175231456
911,0.313608632901152,0.340958217025437,0.335845234997369,0.34359928754637,0.316171025764854,0.37171870779105,0.351287383253991
912,0.314510801553719,0.341705534694414,0.336715753540149,0.344388494023952,0.317002233779999,0.372365840027878,0.352010554055714
913,0.315435638554592,0.342504512938386,0.337589806445608,0.34524971905362,0.317898119977302,0.373135903190384,0.352832551312368
914,0.316355026363617,0.343323387919954,0.338498450113766,0.346188604569844,0.318826642654444,0.373976030192606,0.353704594242667
915,0.317250273775624,0.344088989266217,0.339470599104087,0.347149320441642,0.319728670795101,0.374754215759079,0.35452633566422
916,0.318147158268093,0.344870744634566,0.340399921928839,0.347999958436673,0.320656963983681,0.37553329472532,0.355294648740488
917,0.319071188866868,0.345621243390338,0.341292850311877,0.348826054450336,0.321528605806393,0.376297043778035,0.356028574009189
918,0.320018929735278,0.346356152749571,0.34216693804153,0.349682707921756,0.322347701155577,0.377041550322468,0.356761724393233
919,0.320949751551886,0.347189070569525,0.343042313729588,0.350560764780902,0.323249192291419,0.377785544341106,0.357543870537499
920,0.321887878896744,0.3480667434589,0.343985397322653,0.351481737926762,0.324197939722232,0.378583938232055,0.358375781145226
921,0.322825734766877,0.348913993787048,0.34494862879942,0.352403564412803,0.325165376389412,0.379406836086486,0.35921790421945
922,0.323741870648722,0.349676710705659,0.345873269644653,0.353279625062411,0.32612414601825,0.38019917766083,0.360019770806786
923,0.324593818751694,0.350435036194931,0.34683773055339,0.354137181972997,0.327074454985772,0.380926467286488,0.360748051217922
924,0.325442108180708,0.351184169822579,0.347743909238403,0.35497700357105,0.327952859479466,0.381688751511414,0.361507390486847
925,0.326355915389481,0.351953895812616,0.348616787627193,0.355840855983472,0.328804274678395,0.382499695609082,0.362326756360614
926,0.327399936212559,0.352808198506344,0.349604670165211,0.356806075406486,0.329778241894522,0.383282442121513,0.363151799491406
927,0.328293275231908,0.353646830604139,0.350476196999265,0.357659777569494,0.330666384973234,0.384063317251324,0.363908419037641
928,0.329129385772795,0.354456883052189,0.351325358098011,0.358495423445591,0.331531368875824,0.384865763105218,0.364706629432923
929,0.330025300515365,0.355244850962133,0.352250449530399,0.359407561302142,0.332448575864521,0.385680836809958,0.365599129000584
930,0.330864413459756,0.355999363360789,0.353115359989225,0.36025304309507,0.33332457009474,0.386383682013794,0.366304033698085
931,0.331793407821399,0.356816244990075,0.353981180795139,0.361117547350551,0.334227668991681,0.387142805710524,0.367057745339574
932,0.332771201598531,0.357659613736976,0.354893255500647,0.36202418789871,0.335168943787009,0.38796953282141,0.367882293002664
933,0.333643599770167,0.35841689392401,0.355873730843096,0.362953221361154,0.336119387052958,0.388768338927353,0.368661958126276
934,0.334558304394581,0.3592337240922,0.356803500474042,0.36392119011222,0.337077160623137,0.389551014626743,0.369497421552712
935,0.335473947273606,0.360049568065834,0.357720238907843,0.36483732707954,0.338015955628298,0.390360926666223,0.370308058837161
936,0.336367313329865,0.360815069798414,0.358649552566281,0.365683148829573,0.33892801220284,0.391202144319078,0.371056118134448
937,0.337322015269774,0.361573287510078,0.35953439397959,0.366636860836269,0.339850661826748,0.391986954351712,0.371853632648581
938,0.338270362442327,0.362316448036008,0.360458159113771,0.367542927672965,0.340798161753339,0.392732580201882,0.372653043317102
939,0.339163979739899,0.363071248793588,0.361414604085563,0.368412252145175,0.341781382498053,0.393466593109803,0.373452125756852
940,0.339984375583242,0.36387053188808,0.362357933973654,0.369310794798176,0.342791999001088,0.394221477563057,0.374257853358607
941,0.340827658316225,0.364686326406909,0.363242753628526,0.370192140863092,0.343726575403674,0.394993451639248,0.375022653952383
942,0.34175648877504,0.365513061671201,0.364160137071553,0.371023620855922,0.344641323814579,0.395747129209033,0.375786623229536
943,0.342743756521718,0.366329408328517,0.365128924836286,0.371832068843665,0.345559644247875,0.396478892122619,0.376566689749999
944,0.343653468799414,0.367092124454248,0.366060470822889,0.37271593624826,0.346444304594865,0.397227324503065,0.377339540854863
945,0.344570475322861,0.367945704969449,0.366904837284322,0.373579228853391,0.347333856739297,0.398004869922197,0.378128882890418
946,0.345434018444107,0.368765107678978,0.367728606668925,0.37443984436069,0.34820357782447,0.398812880973687,0.378905398179709
947,0.346212273747826,0.36943906619594,0.368607423296753,0.375327701970268,0.349045866451314,0.399628897360902,0.379653216538637
948,0.347101155208679,0.370163226542146,0.369505400841472,0.376196740714086,0.349961084104279,0.400356223831986,0.380457827085999
949,0.348015635627036,0.370968937100561,0.370498116844097,0.37711633628255,0.350987676738344,0.401162269810461,0.381249766160443
950,0.34889271334103,0.371778851008317,0.371504209663274,0.378064580349658,0.352007091665464,0.40199362334803,0.38201204791112
951,0.349702527130587,0.372460353540732,0.3723493365189,0.378954563453339,0.352820371253476,0.402658609335676,0.382766955838054
952,0.350568303426217,0.373221732920558,0.373163489779666,0.379748904376783,0.353664145200555,0.403334624349482,0.383488590175589
953,0.351447811229715,0.373967360339182,0.374026929627912,0.380594820395797,0.354635052320141,0.404102864014714,0.384206329719999
954,0.352298396553415,0.374662185366635,0.374939379045409,0.381521683302625,0.355681843391225,0.4049443462686,0.384944974400241
955,0.353125058600413,0.375487404369501,0.37574931230335,0.382261812575425,0.356495780734705,0.405674187135833,0.385702295394132
956,0.353991135923293,0.376269733561029,0.376615259223961,0.383046562711742,0.357392495019455,0.406387582405122,0.386524510818169
957,0.354856938140815,0.376969276988872,0.377491809549073,0.383916198237408,0.358326813097947,0.407132815182399,0.3873097343207
958,0.355664666315922,0.377617625621337,0.378302445448579,0.384819860419464,0.359175531963085,0.407915568952076,0.387964331428281
959,0.356469878801398,0.378321343842564,0.379216363979912,0.38562080636053,0.360132195176319,0.408598348957397,0.388739931954362
960,0.35733883737083,0.379111496533929,0.380134265920202,0.386442289045697,0.361079843872107,0.409283507958564,0.389491259755964
961,0.358223945722692,0.379934012110433,0.381023354995486,0.38732865907023,0.36199045467945,0.410042111550229,0.390192537518095
962,0.358979969079601,0.380662579998757,0.381927193823383,0.388230478486257,0.362932486676093,0.41088749031825,0.39094729133383
963,0.359812195941989,0.381349638005564,0.382795164476328,0.38909915688162,0.363793500030822,0.411570154187867,0.39163015752971
964,0.360641994226532,0.382019200345025,0.383614181357206,0.389879193032448,0.364610261367932,0.41215118297241,0.392284811332593
965,0.361404985033549,0.382689574032389,0.384400789137038,0.390602690477254,0.365437057033778,0.412765562362165,0.392980223219342
966,0.362208612049846,0.383370130776427,0.385217280115865,0.391522801184294,0.366283397206907,0.413582691703643,0.393781461786565
967,0.363001175362281,0.384076052377245,0.38608021150906,0.392375381779306,0.367250388421021,0.414272808591462,0.3944403500412
968,0.363783524320565,0.384752888695618,0.386940184280285,0.393138423920374,0.36823613031799,0.41490619795657,0.395051243682974
969,0.364578422812701,0.385354138521616,0.387738134460048,0.393898520309541,0.369092685249009,0.415673562572309,0.39580379006196
970,0.365430298832655,0.386070959945543,0.38856191423919,0.394717904589843,0.369987578783735,0.416343736571007,0.396462496114081
971,0.366195252402577,0.38685528124051,0.389426672904038,0.39560156130473,0.370946885395955,0.417102798874811,0.397184889563353
972,0.366890655704413,0.387613385770114,0.390301196092171,0.396490729882021,0.371908350706542,0.417934967845094,0.397964881161532
973,0.36771359470804,0.388238266764034,0.3911167850612,0.397273113480039,0.372740201774144,0.418596319436968,0.398610200834386
974,0.368575340025291,0.388928870250238,0.391916054141897,0.397959641613737,0.373617534512738,0.419277524338863,0.399356414301497
975,0.369421095855147,0.389655248561296,0.392740654232509,0.398773450812309,0.374542869296025,0.420003077463161,0.400049474703709
976,0.370199712130809,0.390359815678974,0.393610964542754,0.399782820185085,0.375482529983987,0.420725472281432,0.400598616944208
977,0.370836762072643,0.391033960730439,0.394498789449409,0.400563397860356,0.37640932857811,0.421285762515912,0.401251622543733
978,0.371542162350207,0.391730047645117,0.395313212036796,0.401280031575616,0.377225263731773,0.42190086237966,0.402018675044304
979,0.372342770255045,0.392422171206265,0.396071430211174,0.402034966231206,0.378007832733517,0.422608632619304,0.402790276227637
980,0.373154704197599,0.393046629500421,0.396826304172615,0.402872744499299,0.378870105732327,0.423344887177973,0.403423711359041
981,0.373776633196075,0.393525526615889,0.397524998579652,0.403617390330246,0.37966156571023,0.423954272330077,0.403946096856606
982,0.37446678630366,0.394092763773534,0.398294235721238,0.404329642898295,0.380480206939791,0.424554425910552,0.404630239600843
983,0.375300129348232,0.394831101679371,0.399165702530535,0.405099211400285,0.381391120316022,0.425231195463068,0.405448248136641
984,0.376147935241555,0.395645526919071,0.400064623739637,0.40600981079935,0.382395605668299,0.426004218469443,0.406088888101571
985,0.376939177706582,0.396304815101177,0.400852293031157,0.40681837941876,0.383193733504079,0.426619889604425,0.406642041540094
986,0.377693316929728,0.396958993821011,0.401604295510652,0.407562577268579,0.384003312843557,0.427252509741459,0.407229100260738
987,0.378446981748313,0.397686246026051,0.402382157814871,0.408323134637978,0.384944935485209,0.427986156727738,0.407897789383576
988,0.379230082014661,0.398271395546981,0.403126626633538,0.40916165779127,0.385751231126497,0.428562628964953,0.408528795274808
989,0.379920776955071,0.398877379109788,0.403942228757454,0.409895515726245,0.386572409298405,0.429240394613846,0.40916944645311
990,0.380611062526697,0.399533622907534,0.40475011832256,0.410598032464139,0.387468197239647,0.429916400363807,0.409857695406696
991,0.381390901146543,0.400199923742141,0.40546860601428,0.411401439849866,0.388438628008454,0.430458836921713,0.410597166353418
992,0.382023532236929,0.400734127754655,0.40627796904263,0.412309490985249,0.389381778807643,0.431140563173421,0.411276574813988
993,0.382725412012782,0.401401218379871,0.407065969387945,0.41313149304625,0.390246070754327,0.431771864559561,0.411893719590454
994,0.383524383797581,0.402123191975151,0.407778443243623,0.413814844076141,0.391031250841827,0.432291677570893,0.412457959285238
995,0.384315959611689,0.402639414672281,0.408430500944206,0.414436308247969,0.391780468770145,0.432772478637951,0.413001534016705
996,0.385115311824551,0.403295437948503,0.40920840073327,0.415215957863899,0.392533945472389,0.433538201341971,0.413655053669256
997,0.385904948164916,0.403981388273896,0.409955596334024,0.415995207567713,0.39337904512046,0.434280406962828,0.414295091752578
998,0.386606917959508,0.404596536441639,0.410640173419977,0.416706869073057,0.394274346807129,0.434833741609781,0.414865765726314
999,0.387087622710096,0.405125826929913,0.411434325146111,0.417457437897442,0.395020149416581,0.435319904054443,0.415435857179041
1000,0.387896508894941,0.405783051261764,0.412155352970125,0.418127452231597,0.395880809621954,0.435849814860501,0.415985816461888
1001,0.387896508894941,0.405783051261764,0.412155352970125,0.418127452231597,0.395880809621954,0.435849814860501,0.415985816461888
1002,0.388687499167152,0.406474516240861,0.412957984513147,0.41897527186417,0.396736042643367,0.436425367740011,0.416605409377046
1003,0.389407553870584,0.407076684710214,0.413733280558172,0.419747921008153,0.397560863379507,0.437078342525818,0.417187830915882
1004,0.390044741904465,0.407642383880708,0.414532689468759,0.420484681971239,0.398421481149253,0.437933871742736,0.417726869901325
1005,0.390770142506534,0.408180498521171,0.415209564778598,0.421213250760925,0.399181403169809,0.438551311869231,0.418249406573469
1006,0.391481036650563,0.408574834179351,0.415803449105435,0.421933130178858,0.399834084343572,0.439091633656055,0.418724715700111
1007,0.392206152648999,0.409129116046508,0.416438552119103,0.422652732185741,0.400587637364401,0.43961679965619,0.419254941342219
1008,0.393032720397337,0.409817224852082,0.416930508657037,0.423327774617528,0.401345220451972,0.440015871520665,0.419811917562861
1009,0.393755023349881,0.410420638150419,0.41759926932079,0.424061672463362,0.402101917224849,0.440491174834365,0.420382161326923
1010,0.394390831031952,0.41106018789043,0.418357805171728,0.424841048484501,0.402911189574384,0.44098449838257,0.420977842867156
1011,0.395077161058488,0.411687091366369,0.419205761373111,0.425614739740664,0.403689382023436,0.441443428171508,0.421560942963489
1012,0.395768897211892,0.412198371756277,0.420123279769835,0.426385619566662,0.404439921533955,0.441931122152588,0.422165408252423
1013,0.396505108398524,0.412641526345224,0.420842309093986,0.427111502907096,0.405096292105938,0.442395155030777,0.422593086152084
1014,0.397239648596095,0.413136954389936,0.421509660419267,0.427800066970501,0.405806794581403,0.442999562112071,0.423175533384411
1015,0.39787813624876,0.41356008296441,0.422152410904858,0.428383226251725,0.406573807063704,0.44363640282416,0.423800009914851
1016,0.398556482543209,0.414036257326945,0.422712583894562,0.428919882515018,0.407398286476501,0.444246536695893,0.424236673321246
1017,0.399188660177295,0.4146110970562,0.423379064012422,0.429554457493098,0.40826916040722,0.444845521014244,0.424794759294788
1018,0.399832964210198,0.415174615108537,0.424069408332599,0.430227756142112,0.409096473771291,0.445345584963638,0.42531541526551
1019,0.4005000496148,0.415862899683089,0.424847689206974,0.430972028940333,0.409994398850603,0.445665181891374,0.425694005414157
1020,0.401198010349797,0.416404581339892,0.425541005893894,0.431669473813907,0.410780253553281,0.446118215795429,0.426204986801907
1021,0.401881945314271,0.416841276660978,0.426218447386801,0.432413919767673,0.411480299123228,0.44659191971117,0.42685706190233
1022,0.402546149766659,0.417328465486827,0.426905256602542,0.433082780568341,0.412172174615738,0.447069781151545,0.427414549754324
1023,0.403248320125678,0.417737674800781,0.42758597742867,0.433678549199427,0.412750596143046,0.447637844708581,0.427961029150804
1024,0.403912175735775,0.418222831598482,0.428228705271056,0.434308448515491,0.413421765229675,0.4481117601859,0.428507177834216
1025,0.404472267365489,0.418728270000519,0.428825123828561,0.434920692075384,0.414091553374929,0.448527065668862,0.429059512506712
1026,0.4051860094291,0.419361490232865,0.429505923933987,0.435582862067276,0.414855546633136,0.448920199579959,0.429568304375718
1027,0.40591767890683,0.420002443194718,0.430148204678036,0.436222003388351,0.415615977416053,0.449372246169039,0.430010201915251
1028,0.406564720826908,0.420556563988096,0.430777965776367,0.436753079016993,0.416382469801546,0.449788965786883,0.430362244466248
1029,0.407263871211909,0.421037844245726,0.431579708010493,0.437402781619773,0.417018643567508,0.450270243804415,0.430711968310422
1030,0.407908919959329,0.421449217371785,0.432264671729365,0.438046571139143,0.417679882107125,0.450759292306654,0.431065101825694
1031,0.40857576389626,0.421929355190973,0.432928390121924,0.438671397262886,0.418376794739851,0.451197198535876,0.431494687213033
1032,0.40925570558763,0.422357533353525,0.433604981203148,0.439318568910345,0.419034203288509,0.451621389387388,0.432018256487627
1033,0.409904187267331,0.42282027394687,0.434213773893929,0.439982613316469,0.419739150259708,0.452004475681711,0.432481940777746
1034,0.410542690109667,0.423386276838624,0.434717151099575,0.440683807068902,0.42056722895729,0.452283558494757,0.432927335453858
1035,0.41117586432436,0.423857035206509,0.435305754912691,0.441265788195961,0.421259895518867,0.452706688894936,0.433434699582536
1036,0.411766864043757,0.424266480926438,0.435865081685189,0.441765714331474,0.421883483918126,0.453174002294485,0.434010644191025
1037,0.4123699069528,0.424667576347333,0.436462766843481,0.442369530992167,0.422570956216956,0.453607683471452,0.434480361814402
1038,0.413004381648149,0.425013596400885,0.437157683935991,0.442914661493275,0.423241666233371,0.454178825736862,0.434982211881708
1039,0.413607496302402,0.42542561694719,0.437773147018808,0.443499134832621,0.423875073344732,0.454593396370318,0.435393388672204
1040,0.414178467142449,0.425857284006611,0.438344440296907,0.444161983722821,0.424534020919024,0.454821647938804,0.435624636750083
1041,0.414759116194013,0.426224470332247,0.438951470844081,0.444883801521107,0.425134651803097,0.455197987111084,0.435950559353722
1042,0.415358903147036,0.426754472460662,0.439529509824539,0.44549872261408,0.425757311211436,0.455624830776482,0.43650345877442
1043,0.415963774786935,0.427298951879421,0.440078192631401,0.446127451096389,0.426424509670408,0.456098657495757,0.437023529632309
1044,0.416562565317934,0.427760246491104,0.440686097287593,0.446784974677731,0.427053573549001,0.456668357920179,0.437567416341364
1045,0.417151286770414,0.428318000684098,0.441273890639187,0.44743116347912,0.42778025855132,0.457120938747254,0.438107093610628
1046,0.417746431739658,0.428781468597124,0.441829001261219,0.448017872892065,0.428440349759504,0.457541562693104,0.438538628228534
1047,0.418319432595083,0.42917233891125,0.442363470256697,0.448549156667103,0.429033763994657,0.457877789386006,0.438807403976936
1048,0.418898013216609,0.429589787845514,0.442892017636454,0.449079705048491,0.429661206757983,0.458233222516651,0.439172312547083
1049,0.419505291751597,0.429976934091728,0.443379040456888,0.44956781408021,0.430332215475269,0.458553304933038,0.439528298146861
1050,0.420091509575954,0.430413086048042,0.443909765728994,0.450085859299956,0.430954594333117,0.458916139562793,0.439916645314181
1051,0.420697537971822,0.430916020555697,0.444462289461007,0.450608605828508,0.431560038080292,0.459278773300675,0.440335325112163
1052,0.421223273036605,0.431337876680212,0.445002490665418,0.451138000621167,0.432161500125201,0.459634531954738,0.440731896901895
1053,0.421675387002857,0.431722239850251,0.445549944395484,0.451685802959935,0.432675033558839,0.460007846856416,0.441170489603839
1054,0.42219237467643,0.432132059083833,0.446102083211833,0.452229243409232,0.433315215317402,0.460398491792975,0.441562049736688
1055,0.422645501143956,0.432492933144051,0.446656855202637,0.452776450944308,0.434079805194047,0.460827674135151,0.441876452152469
1056,0.42317410198602,0.4328803781406,0.447194451931309,0.453305563116325,0.43473077909899,0.461179894593408,0.442234463334908
1057,0.423822009076289,0.433300502108217,0.447740858864624,0.453853618141107,0.435403151748538,0.461519336227173,0.442612333548982
1058,0.424412807067332,0.433747526599314,0.44827340874521,0.454312743118465,0.436057811519371,0.461834590586839,0.44297522580415
1059,0.424931530371485,0.434165062195022,0.448732211056401,0.454839231104523,0.436588555336834,0.462121945042137,0.44333415284524
1060,0.425485653553068,0.434608445367741,0.44929207053528,0.455439608567987,0.437104295712677,0.462379381062047,0.443727243550892
1061,0.426016809884457,0.43499881643896,0.449841369136726,0.455984968040192,0.437679656206648,0.462642665311991,0.444061382828397
1062,0.426491931489559,0.435388285168705,0.450411483674467,0.456568726277287,0.43827852923969,0.462909848798179,0.444336843165784
1063,0.427028334347646,0.435747053547647,0.45093630962775,0.457096739160134,0.438892930469091,0.46320527796044,0.444674807846353
1064,0.427656545259589,0.436072102320281,0.451510278387611,0.457604897268772,0.439585726835507,0.463478124563388,0.445017703690317
1065,0.428136262900023,0.43636571564963,0.451973287398011,0.458045470709779,0.440151931623236,0.463784584927711,0.445364726703848
1066,0.428522964289895,0.436599887758888,0.452277479345042,0.458411165049731,0.440647649022714,0.464166530763884,0.445742820661753
1067,0.428983902231231,0.436912759692885,0.452756853586279,0.458848048305925,0.441209622884414,0.464477507087388,0.446101392556953
1068,0.429399060520877,0.437202898676134,0.453279124528521,0.459218731688398,0.441701497838023,0.464769615486028,0.446465918846576
1069,0.429840042006256,0.43754036820795,0.453785263735802,0.459668006722595,0.442265260242037,0.46504728621686,0.446790267658463
1070,0.430358263295176,0.437977518699931,0.454424447304098,0.460237036452902,0.442953958631255,0.465262516767694,0.447065600494126
1071,0.430841811102039,0.438355849971798,0.45496762785507,0.460747739914429,0.443564765124976,0.465537714453051,0.447390892985378
1072,0.431248851592947,0.438722087246896,0.455406217753735,0.46123906631279,0.444186272573945,0.465815661167376,0.447720592763623
1073,0.431706007967563,0.439074522204186,0.455873413221674,0.461730984482541,0.444723907227916,0.466107656525908,0.448042954740871
1074,0.432183064256478,0.439390156172642,0.456366600810066,0.462228933293294,0.445172789755546,0.46643899659587,0.448390175238899
1075,0.432697603142834,0.439743278286007,0.456799723752528,0.462720305007381,0.445648170141306,0.466813759312288,0.448770432705629
1076,0.433234039729679,0.440082695963546,0.457165221079148,0.463088653966351,0.446115739410029,0.46701130722796,0.44900373204367
1077,0.433790479636102,0.440422770705367,0.45761339301184,0.463519102530433,0.446548138712884,0.46724214402449,0.449279144624705
1078,0.434275883657047,0.440734741454231,0.458084271878949,0.463957128050032,0.447069535342433,0.467545956638789,0.449586229226873
1079,0.434726884169905,0.441037405035593,0.458574678201455,0.464386513352403,0.447698582366582,0.467838469521343,0.449868405817291
1080,0.435199142770579,0.441321986889284,0.459034673380243,0.464775722302203,0.448220169094588,0.46813653500086,0.450208779369414
1081,0.435651602558501,0.441572604203184,0.459538290143213,0.46519244001688,0.448732169818048,0.468567004677034,0.450642321927736
1082,0.436082725718972,0.441845623644913,0.460003125573502,0.465570679163386,0.449221234218356,0.468856017473228,0.451003766174675
1083,0.436511171687823,0.442104397385041,0.460398234402184,0.465814009583684,0.449611953460258,0.469018900201706,0.451366952249712
1084,0.436957579971154,0.442398664742819,0.460830503912279,0.466195592326321,0.450100830508287,0.469257355521511,0.451695899588799
1085,0.437359933771295,0.442692348627057,0.461293831787314,0.466684116056385,0.450648823707481,0.46948243186863,0.451965727458766
1086,0.437784704430285,0.4430072047274,0.46174979669294,0.467117617391992,0.451170482879322,0.469739635262603,0.452275471232111
1087,0.438260024463658,0.44337490511329,0.462233761084046,0.467629994663287,0.451767260092075,0.47007348194013,0.452613349649907
1088,0.438710968462998,0.443707725617205,0.462651927926572,0.468043725838099,0.452264751955484,0.47032146872066,0.452908575280968
1089,0.439164163414799,0.444074112899562,0.462994414874828,0.468344245920316,0.452661733136379,0.470491435824297,0.453176607830978
1090,0.439584598325264,0.444386306319267,0.463406310667494,0.468689684657229,0.453105891468787,0.470730785412334,0.453467909828091
1091,0.439981712987842,0.444639819598595,0.46378711492376,0.46898984142892,0.453500012350499,0.4709794802456,0.453753039846024
1092,0.440372970990271,0.444897381470479,0.464205808279668,0.469311135667634,0.453943516702896,0.471207680977545,0.454010630188408
1093,0.440781540318453,0.445164957584843,0.464669836208976,0.46971067762813,0.4544139608709,0.471437991918558,0.454295259841829
1094,0.441168108475329,0.44540664464503,0.465259563245397,0.470203869384738,0.454963216439953,0.471734037613515,0.454632569587618
1095,0.441573922050343,0.445657879363295,0.465689927921382,0.470586550835621,0.455404072442605,0.471961023233259,0.454926219543294
1096,0.442010495210888,0.445916804910853,0.466074310994741,0.47100024963598,0.455829256930768,0.472107050182916,0.455180106527908
1097,0.442425422379927,0.446193247755441,0.46645697843157,0.471335118717646,0.456225665956157,0.472325410791746,0.455469764582664
1098,0.442813822210881,0.446471436070996,0.466766673455601,0.471551286960341,0.456520575384715,0.472568465429839,0.455772303560696
1099,0.443227242814571,0.446745905338231,0.467116421164113,0.471858985178259,0.456930980513581,0.472807725316798,0.456058611550038
1100,0.443675413426035,0.447064655967568,0.467461594620794,0.472183010376332,0.45738605434513,0.473103963817858,0.456384929962251
1101,0.444091710113172,0.447335931614117,0.467845339951329,0.472499333253011,0.457827566055982,0.473313985076854,0.456645298398018
1102,0.444497008776873,0.447553974135951,0.468246320469676,0.472807440146276,0.458332113311174,0.473452150346572,0.4568425791888
1103,0.444902466423347,0.44780409999666,0.468648676132252,0.473168540709808,0.458784085137354,0.473651229934135,0.457079473091193
1104,0.44532331984211,0.448069501343443,0.469141091987951,0.473617003884589,0.459218122919428,0.473813733233373,0.457281903505441
1105,0.44568678181595,0.448313104414626,0.469535217006434,0.473961842898,0.459635233875662,0.474017731959283,0.457517108696149
1106,0.445985595468366,0.44853561421409,0.469831385840883,0.474286693208283,0.460015793585936,0.474322904759535,0.457816426291244
1107,0.446341018170991,0.448788277813661,0.47018417294756,0.474610225965002,0.460416134474535,0.474566509183499,0.458079347081757
1108,0.446684682449002,0.449067120385694,0.470550004350609,0.474875236156146,0.460845430249796,0.474800113300974,0.45834142792673
1109,0.447040056167961,0.449301758453986,0.470859921400811,0.475095832126778,0.461207067351868,0.474982619540853,0.458567780972527
1110,0.447404550915139,0.449552325837934,0.471203058345804,0.47537310695004,0.461572631813962,0.475197430742758,0.458824395312107
1111,0.447829435801683,0.449827685578856,0.471582422750536,0.475686870545691,0.461928799700118,0.475413562202318,0.459068506805478
1112,0.448196717824697,0.450079476997039,0.47196039099106,0.476008967725845,0.462306328279152,0.47558810227969,0.459331130284833
1113,0.448541793343129,0.450307399681979,0.472331554807588,0.476336551722464,0.462655996206122,0.47573020480829,0.459622296525856
1114,0.448868670539812,0.450547276502558,0.472689102766598,0.476667612363279,0.4630405591375,0.475932585695922,0.45989721656488
1115,0.449178110925183,0.450805237182515,0.473088618964378,0.477043478624096,0.463489654382197,0.476125884040029,0.460195642249312
1116,0.449490125679652,0.451033266414845,0.473427149231904,0.477374347750344,0.463870612093877,0.476325268012759,0.460433526847527
1117,0.449763295967073,0.451238908176915,0.473669235264441,0.477673237485714,0.464197065348003,0.47659536805392,0.460622386659984
1118,0.450072956183766,0.451451128679885,0.474006116560587,0.477988524296173,0.464578617343417,0.476810561570691,0.460846528736727
1119,0.450421628624027,0.451650705213872,0.474406295803367,0.478325177469507,0.46499971900581,0.476985551035909,0.461029859909363
1120,0.450736771813609,0.451857865631356,0.474743364470687,0.47861816384162,0.465359153877891,0.477159081134686,0.461254642324963
1121,0.45106048667849,0.45207301374272,0.475102846772488,0.478883807523646,0.465687675302473,0.477329975737667,0.461568674987542
1122,0.451356042189719,0.452282573711768,0.475431833202113,0.479155594725979,0.466056826845887,0.477491720658406,0.461807065049034
1123,0.451604627777705,0.452485750281069,0.475668929768742,0.479392551779934,0.466394765886205,0.477608475218629,0.462014883130595
1124,0.451878937520175,0.452693220121772,0.475959544689277,0.479643886483093,0.4667470708377,0.477759435326408,0.462215617075476
1125,0.452155959709475,0.452901817598608,0.476268974250107,0.479903099523922,0.467121044376023,0.477923547961273,0.462396104617634
1126,0.452433691223325,0.453125395633159,0.4766260442883,0.480187658315452,0.467571669476243,0.478117549804811,0.462541754884445
1127,0.452698979905422,0.453301116302732,0.476903143361562,0.480444178468905,0.467940505717035,0.478254507860707,0.462683439035282
1128,0.452967290863612,0.453452890987889,0.477159579621104,0.480693702806972,0.468277913794361,0.478374641891448,0.462797717707228
1129,0.453235017259547,0.453623519084238,0.477431827856497,0.480934961173263,0.468602666234999,0.478523923281752,0.462966195330926
1130,0.453506925860704,0.453778787743229,0.477671582963252,0.481173157602736,0.468916092458375,0.478654322427105,0.463153100873004
1131,0.453741669088282,0.453927833172861,0.477918812290428,0.481392007873095,0.46920540010675,0.478789382789338,0.463302837547462
1132,0.453975216227932,0.454114422529059,0.478193710691263,0.481565571785724,0.469428716191502,0.478968035172145,0.463478486583846
1133,0.454186416996491,0.454236223344865,0.47844725757639,0.481805982564091,0.469732500235819,0.479104537025294,0.463629059698957
1134,0.454356929158166,0.454277678899548,0.478660249004627,0.482099144228465,0.470069955444423,0.479210950361506,0.463726926261837
1135,0.454529771182805,0.454383566879273,0.478901628336379,0.482323491165739,0.470384547141705,0.4793082396722,0.463847406937628
1136,0.454710857840129,0.454501196423017,0.479175420548187,0.48255181120673,0.470773420387341,0.479383767011893,0.463980763385355
1137,0.454864079406712,0.454608436048017,0.479420212133446,0.482772516469545,0.471070073509446,0.47947876826002,0.464118606911645
1138,0.454981566423922,0.454763845970637,0.479669488002586,0.482964987507238,0.471282903221214,0.479579721033154,0.464270851717924
1139,0.455109343811672,0.454870612856577,0.479889567342057,0.483121410561311,0.471525011680771,0.479654914649099,0.464388723878645
1140,0.455240024028526,0.454919009977075,0.480103291845496,0.483261072033197,0.47172481973578,0.479733975016807,0.464512049692916
1141,0.455350969298185,0.454994115229204,0.480280934237819,0.483412374390322,0.471955298735387,0.479805603052875,0.464614495960902
1142,0.455452113719047,0.455070406856707,0.480431597538915,0.483549189578468,0.472200302207555,0.479863577528788,0.46469514012606
1143,0.455544445537092,0.455136448470977,0.480554132086184,0.483641211229874,0.472490596285238,0.47987986142182,0.46474116799205
1144,0.455645575776472,0.455220756957992,0.480663709357752,0.483735028553729,0.472694775589029,0.479939322447492,0.464775755635435
1145,0.455754942048694,0.455348165524678,0.48072108507856,0.483843652088585,0.472869946405817,0.480038157296203,0.464792279461437
1146,0.455807063424607,0.455390143924316,0.48084139029892,0.483945053599882,0.473064329712838,0.480068102712124,0.46482064516114
1147,0.455846789955638,0.455399987916105,0.480977424037641,0.48400481585444,0.4732084584931,0.480076416421099,0.46483034376603
1148,0.455873660230783,0.455410703457574,0.481102593408446,0.484090825202122,0.473400415927876,0.480085278880962,0.464840067271686
1149,0.455851405800824,0.455378498054377,0.481246257965378,0.484212751183186,0.473641894119529,0.480048199754212,0.46485991332402
1150,0.455838050714702,0.455352575951328,0.481390531448672,0.484309289457168,0.473847723341066,0.480044087976943,0.464873587345798
1151,0.45584240414834,0.455329769465604,0.481529350480061,0.484383618760726,0.474059233187964,0.480082045835688,0.464879324118439
1152,0.45581311810566,0.45530442111042,0.481662812669527,0.484469256451571,0.474236952975985,0.480067009418102,0.464871375232544
1153,0.455722638621059,0.455240227190926,0.481865140972684,0.484596899056597,0.474409591660547,0.48001461818061,0.464851204346533
1154,0.455685262175514,0.455216228984173,0.481953200940468,0.484651863168727,0.47454789732428,0.479986890456417,0.464848513774418
1155,0.455663879957514,0.455229222339357,0.481936723166258,0.484625591712664,0.474613366626092,0.479942601425669,0.4648443921779
1156,0.455642969123313,0.455225252854199,0.481975586362917,0.484669076023918,0.474732402502915,0.479907502720452,0.464828268162187
1157,0.455668344245384,0.455235799787329,0.481945568197348,0.48470810208526,0.474850106759961,0.479899951533334,0.464842632057091
1158,0.455651584291768,0.455229609437584,0.48198165582138,0.484756125519651,0.474985962128184,0.479877362133313,0.464823633969691
1159,0.455583393090519,0.455188134477674,0.482084577349152,0.484865741770197,0.47516704114448,0.479811466022414,0.464714017483548
1160,0.455555074925741,0.45517852390923,0.482187880910892,0.484952640440222,0.475332295076076,0.479793935417883,0.464686616824494
1161,0.455535635815036,0.45518004710709,0.482305785801485,0.485028251655253,0.475495036868422,0.47979732243282,0.464689640324008
1162,0.45549785110303,0.455178585178295,0.482446810001338,0.485064053703406,0.475646956226341,0.479835158880986,0.46472036953152
1163,0.455516855726118,0.455211586581853,0.482569755128844,0.485150534699449,0.475815765843702,0.47982284071053,0.464738204134046
1164,0.455600427155222,0.455300372208207,0.482711687922632,0.485272171515864,0.47599150250084,0.479807307164877,0.464803262584074
1165,0.455625080826155,0.455318402766662,0.482820271302721,0.485354949258548,0.476168885955093,0.47981483631463,0.464838993426292
1166,0.455636502071669,0.455318021113613,0.482891574087278,0.485426192611971,0.476354898362071,0.479789614383397,0.464841008982229
1167,0.455672302269365,0.455327730956695,0.483007430700893,0.485520628780799,0.476541852880281,0.479807312815729,0.464871219781879
1168,0.455696804304071,0.455295219122496,0.483131094093681,0.485609062019221,0.476728872077471,0.479896867942889,0.464922798753017
1169,0.455730954755085,0.455301454845111,0.483253542404135,0.485696274802891,0.476916669695583,0.479929603651492,0.464973662024098
1170,0.455813033933985,0.455352749972922,0.483401510397265,0.485806356483458,0.477109313786844,0.479915486029813,0.46501792938259
1171,0.45584693804485,0.455368764099119,0.483535583593753,0.485905484325923,0.477303118819622,0.479947879819195,0.465075733670777
1172,0.45584353949173,0.455380715074792,0.483631649591728,0.485955669868105,0.47749941875885,0.479986955322979,0.465184034038469
1173,0.4558547451644,0.455382033030115,0.483777343072525,0.486068385502707,0.477690332581172,0.480035431569461,0.465228457225473
1174,0.455853177288992,0.45535859752447,0.483993765792064,0.4862586944391,0.477908391977472,0.480156800089166,0.465234400585017
1175,0.455858921146474,0.455347513906244,0.484140741238099,0.486385190846084,0.478078893849077,0.48020499929944,0.46525832240396
1176,0.455896277628585,0.455348057096753,0.484294197437169,0.486541702947381,0.478209652421646,0.480213849289033,0.465250863765187
1177,0.455892336728123,0.455328302628981,0.484411203493584,0.486635386818098,0.478353644940748,0.48021606070477,0.465249767111307
1178,0.455879580861996,0.45529377884447,0.484459766861561,0.486644952045503,0.478468872739025,0.48017452898616,0.465251355122893
1179,0.455836592137395,0.45526986286315,0.484506211438939,0.486664149714167,0.478603403997735,0.480122398935108,0.465284426501113
1180,0.455782801507052,0.455243099274742,0.484566203241596,0.486687168611282,0.478720583922843,0.48011351694062,0.465295113609169
1181,0.455680689669778,0.455197959657127,0.484623257267306,0.486679686278701,0.478843631123043,0.480128977006448,0.465291641848622
1182,0.455634981810341,0.455176353506704,0.484683526211369,0.486716440108619,0.478960476787384,0.48012258848706,0.465292360950899
1183,0.455591953969369,0.455179349505438,0.484752880828885,0.486786213284965,0.47905495311228,0.480132272713818,0.465311919282937
1184,0.455575660243358,0.455157363519652,0.484800558302541,0.486817334195775,0.479164448369187,0.480125069867392,0.465289340025853
1185,0.455610623930258,0.455124365913517,0.484816799234872,0.486834183488881,0.479275790616043,0.480086271923092,0.465226358719601
1186,0.455596790662406,0.455102082836528,0.484893884337942,0.486885453311143,0.479412895330969,0.480076880777645,0.465208334082029
1187,0.455551399282092,0.455051527779094,0.484986705003896,0.486925146812892,0.479562443955817,0.480083270913025,0.465173044793615
1188,0.45555467716351,0.45505470587172,0.485081049944428,0.48699332961035,0.479708621994026,0.480085558723932,0.465174731728263
1189,0.455571694658514,0.455105822562321,0.485226796025233,0.487125607754879,0.479876304109129,0.480100490642651,0.465223453883466
1190,0.455575439558159,0.455131593347681,0.485340144782145,0.487200184165162,0.480038028801832,0.480103837282418,0.465254851016247
1191,0.455590368496683,0.455157555248654,0.485428858950526,0.487233756449818,0.480189299320893,0.480078641057335,0.465290633166113
1192,0.455626475390901,0.455207810713745,0.48552924135201,0.48730449825114,0.480351180347952,0.48009662875702,0.465334907070573
1193,0.455624757418942,0.455248669758718,0.48560243291588,0.487360239704696,0.480521394070101,0.480130621733656,0.465386112028413
1194,0.455687771946165,0.455311979579501,0.485724708851821,0.487443097453708,0.480692451984557,0.480170060923382,0.465435939663991
1195,0.455834741422292,0.455433763249553,0.485863826627253,0.487549159479062,0.480852210662579,0.480250804756929,0.465486671282289
1196,0.45595378672854,0.455527171269298,0.486026396180406,0.48768167098939,0.481035509019596,0.480314575472449,0.46554045942341
1197,0.456101115600355,0.455625009366455,0.486239073179842,0.487835236264188,0.481222455564596,0.480361904246099,0.465552628624186
1198,0.456213506387767,0.455677191375575,0.486464132474977,0.488004534906173,0.481446382037109,0.480413047233002,0.465640950946984
1199,0.456343762816744,0.455776868350634,0.486654481790251,0.48816779262711,0.481664280437037,0.480490885841887,0.465754432261314
1200,0.456450501560337,0.455866402360178,0.486833283560923,0.488357684158645,0.481894009151253,0.480583043826799,0.465903967163097
1201,0.456613645892706,0.456001737838335,0.487018735200405,0.488519607817506,0.482122465842197,0.480672823559356,0.466034110080556
1202,0.456814704648158,0.456181109255179,0.487177597187713,0.488657942949667,0.482342151220123,0.480780413335248,0.466199746297434
1203,0.45699909085792,0.456346695716543,0.487386385968211,0.488818801983093,0.482606440970592,0.480886039606967,0.466348071899497
1204,0.457198575801179,0.456533610699615,0.487618101540099,0.488974701159419,0.482910708372866,0.480986668508248,0.466474378942577
1205,0.457397469601533,0.456704490414817,0.487860555818606,0.489167585226752,0.483185242193657,0.481096116398712,0.466623494455765
1206,0.45757487564471,0.456867728525024,0.488136329873215,0.48937575673124,0.483470999966358,0.48121191385207,0.466803543501033
1207,0.457793494532512,0.457038229812428,0.488392122221638,0.489600575822264,0.483753189467173,0.481333116795371,0.466954351851312
1208,0.458040710019385,0.457193298094918,0.488648609481299,0.489880196618507,0.484013798462451,0.48145034841848,0.467043403313215
1209,0.458298288332386,0.457381525805796,0.488912285353415,0.490103627602086,0.484285197801912,0.481591136760018,0.467235039742856
1210,0.458586055629825,0.457588367126818,0.489152971122588,0.490283248313133,0.484552601765445,0.481767337358691,0.467499187884479
1211,0.45886274720232,0.457803532109343,0.48943901034913,0.490521446819359,0.484861319226617,0.481916604737432,0.467713806801252
1212,0.459119074060155,0.458053087097434,0.489750807530013,0.490745111795102,0.485181466763831,0.482055947566599,0.467977254695673
1213,0.459421095852014,0.458283884824043,0.490070222920708,0.491012253560069,0.485511123226773,0.48220481697427,0.468208292229139
1214,0.459743341945909,0.458490229684066,0.490428971221056,0.49136493459336,0.48590120985738,0.482327385419178,0.468347612708813
1215,0.460077561071509,0.458728540766991,0.490775689236463,0.491673469943032,0.486257597533757,0.48248498209943,0.468554789353494
1216,0.460444681315123,0.458984603132365,0.491135024841022,0.491968531741723,0.486593254168788,0.482664403869388,0.468799438380795
1217,0.460831485069218,0.459245587879024,0.491481579868211,0.492284066630492,0.486938453575518,0.482871602716797,0.469060896015807
1218,0.461199867412843,0.459476920135801,0.491795211516869,0.492541272580068,0.48724162641578,0.483058140308407,0.469326240181874
1219,0.461574190387493,0.459737449550465,0.492109640638174,0.492809878181998,0.487566572016913,0.483255354959892,0.469634916737965
1220,0.461952016411507,0.459991832622675,0.492432897825531,0.493128265480366,0.487923609427851,0.483469209959737,0.469909936135241
1221,0.462327084043826,0.4602104666614,0.492720262647974,0.493473173739672,0.488281441794451,0.48368990728897,0.470184779632337
1222,0.462723007877982,0.46048145382925,0.493080519763909,0.493794580684066,0.488666041537063,0.483904429926431,0.470444580543185
1223,0.463136847305203,0.460799095090764,0.493511490591284,0.494159869903838,0.489131708292335,0.484145024960662,0.470680749735055
1224,0.463537262593358,0.461094429614979,0.493861288849402,0.494478491509513,0.489487389935228,0.484358259092868,0.470945394576236
1225,0.46395566481095,0.461413924401252,0.49420412027069,0.494740510383068,0.489794187587139,0.484539667686422,0.471216987322273
1226,0.464350080407753,0.461689680607112,0.494551830897415,0.495043107696944,0.490132380779266,0.484750314281772,0.471489279582576
1227,0.464733706360267,0.461935761008245,0.494846102492537,0.495356622359242,0.490402275749526,0.484977318613698,0.471782109240249
1228,0.465104893824407,0.46219620469546,0.495192657428554,0.495681107402326,0.490757789132538,0.485188706945382,0.472051934722892
1229,0.465459354855503,0.462431394862163,0.495582777264205,0.496024149163208,0.491208324788616,0.485427762080452,0.472338018871144
1230,0.465819450555944,0.462692016872719,0.495953725655739,0.496353174615129,0.491580763122082,0.485616057114614,0.47256809071393
1231,0.46616668202885,0.462997460221954,0.496346856361218,0.496687956204124,0.491950444491517,0.485744822332104,0.472733396468024
1232,0.466510243271139,0.463256615458961,0.496703944240563,0.497018535269406,0.49230821885726,0.485911544170064,0.472948468317238
1233,0.466853750660559,0.463485248974018,0.497043313843893,0.497342545210043,0.492604955799618,0.486064645775531,0.473136116599383
1234,0.467203212189094,0.463730497019733,0.497383823911971,0.497655526584092,0.492933248818017,0.486237047251325,0.473357840023672
1235,0.467550348725669,0.463962647460896,0.49773676997689,0.497982838661358,0.493288846415069,0.486447491389527,0.473622518676028
1236,0.467902853319713,0.464189339912523,0.498013886314574,0.498283903986176,0.493643096897176,0.486651389109479,0.473910076464566
1237,0.468240009332204,0.464464061868775,0.498291337117792,0.498498390366288,0.493927819898266,0.486811675231605,0.474175189697876
1238,0.468559712208293,0.464732447449806,0.498610671817392,0.498782539277678,0.494248986762697,0.486951797958797,0.474388761826658
1239,0.4688710695719,0.464968459845242,0.498903872461723,0.499061062744851,0.494569233753196,0.487109719624356,0.474578956086339
1240,0.469184426633094,0.465251636953157,0.499178550127109,0.499287838467917,0.494818440877841,0.487275211995296,0.474776860572201
1241,0.469493843062958,0.465483571971777,0.499452854211083,0.499531480645577,0.495100914771885,0.487434980346439,0.474987279063501
1242,0.469811988527386,0.465682911841773,0.499723985376418,0.499787988452057,0.495400299957784,0.487624964289612,0.475191612226806
1243,0.47011646487813,0.465898370283622,0.500006490873137,0.500035773266685,0.49569572907358,0.487782981423964,0.47541679387161
1244,0.470416087049996,0.466100604209331,0.500292976406409,0.500262485608267,0.495985451650644,0.487899568924432,0.475678080703411
1245,0.47069919134914,0.466309386913055,0.500557131586523,0.500502967861241,0.496265789589842,0.488053419309371,0.475887106976283
1246,0.470976304761119,0.46652522194215,0.500821416459332,0.500762371182694,0.496552685750848,0.488225304036844,0.476072583487561
1247,0.471239890821588,0.466742526638336,0.50108087653894,0.501005057434783,0.496820287981044,0.488379797635756,0.476271317601483
1248,0.471466599132068,0.466960838124476,0.501304136059184,0.501237025270694,0.497059181077024,0.488550939324054,0.476454057392346
1249,0.471728811751105,0.467175737074743,0.501560899753783,0.501475105793492,0.497321709770574,0.488698585244017,0.476646201717431
1250,0.472015054609126,0.467408351601035,0.501858787171568,0.501727017988545,0.49760706194895,0.488823913210858,0.476861180753908
1251,0.472277124911006,0.467612820546457,0.502122686538998,0.501951178341116,0.497858943462046,0.488958679499669,0.477054074276575
1252,0.472551047703479,0.467798718911005,0.502390702025791,0.502168544981334,0.498088806554531,0.489069090427156,0.477207171596856
1253,0.472797005853096,0.467975472700232,0.502626009927736,0.502361317484956,0.498332950492099,0.489201857182007,0.477394228194537
1254,0.472991559986983,0.468103306931261,0.502812858409067,0.502500880406053,0.498555608675749,0.48937236789209,0.477627470108669
1255,0.473227879584465,0.46828433448231,0.503026172152711,0.502684907190519,0.498798841896326,0.489506303158598,0.47781045142502
1256,0.47349589260987,0.468492107966175,0.503236657469859,0.502880868508,0.499085528153025,0.489623864248079,0.477978023178951
1257,0.473728093522015,0.468701994368946,0.503444235957085,0.503073028761855,0.499334072705114,0.489755560456699,0.478147022497367
1258,0.473953799214943,0.468931386374773,0.503665780983171,0.503287555525786,0.499538791185792,0.489854627847164,0.478288725863392
1259,0.474195487703808,0.469129250572361,0.503892885345846,0.503506723071405,0.499772809835617,0.489945942329923,0.478410264999871
1260,0.474383642313543,0.469229900701261,0.504091876966803,0.503694447588152,0.499984577489974,0.490102342827405,0.478571438408671
1261,0.474554119255711,0.469336299183059,0.504336374529096,0.503892448088075,0.500204983790373,0.490258889191083,0.478758897400909
1262,0.474773700160523,0.469489100302618,0.50458130836678,0.504100318480372,0.500478480573481,0.490373523156674,0.47892656270104
1263,0.474987609635024,0.469649477617103,0.504809543885496,0.504321262313185,0.500746561754366,0.490486145561503,0.479054303525924
1264,0.475178067644694,0.469798773348539,0.50504875457948,0.504531660781799,0.500989372823895,0.490594027537238,0.479196778482581
1265,0.475351814250192,0.469986326964848,0.505309111247605,0.504757724510659,0.501229549125195,0.490648341242905,0.479318883120857
1266,0.475565724085146,0.470155191119721,0.505512793791464,0.504944387915379,0.501445831338469,0.490755477684241,0.479461642508279
1267,0.475787652679663,0.470279103684963,0.505687498007724,0.505099752153392,0.501621462812161,0.490913903711298,0.479620043079401
1268,0.475988178793205,0.470442646053485,0.505880143458603,0.505266970832473,0.501831629110696,0.491027853610881,0.479773717075353
1269,0.476216169029577,0.470663526670003,0.506041340246684,0.505414682120844,0.502052155201712,0.491124771456373,0.479941934288232
1270,0.476409040898603,0.47081705875875,0.506230435124515,0.505583689208336,0.50226404320021,0.491231083544326,0.480079624954791
1271,0.476534274157945,0.47092884207479,0.506446673747981,0.505753234728459,0.502467503293066,0.491323206772535,0.48018829378039
1272,0.476717327944004,0.471078529995915,0.506644425406476,0.505952808730328,0.502693841293896,0.491428479590018,0.480331378417705
1273,0.476943313974641,0.471206306250646,0.506837659814784,0.506171669320544,0.50293367771159,0.491541296825369,0.480463384184091
1274,0.477150566079235,0.471365729194849,0.507022802681787,0.506381256010415,0.503156124965456,0.49165737496777,0.480611599427472
1275,0.477352273426076,0.471567656580568,0.507179820804469,0.506610858731058,0.503379659770263,0.491792076743805,0.480816812161508
1276,0.477566519644226,0.471744334698173,0.507392569316995,0.506845464590266,0.503626122754026,0.491902530392265,0.480967597675005
1277,0.477782054190861,0.471926072058049,0.507643933508393,0.507090619290512,0.503875443442905,0.491999089160058,0.48107226349987
1278,0.47799971793691,0.472103107146918,0.50786532422121,0.507315035525739,0.504109028548955,0.492110970437385,0.481216352205453
1279,0.478224460564747,0.472264117305219,0.508117010516766,0.507552178215279,0.504358607951827,0.492229928499002,0.481375728022582
1280,0.478468139270657,0.472441530834496,0.508348418051265,0.507762522940838,0.504620386776851,0.492317695312543,0.48151074620964
1281,0.478734841590391,0.472644211938571,0.508502273158452,0.507927819983294,0.504808326701654,0.492426580986151,0.481638028015343
1282,0.478951749544646,0.472810699539999,0.508658772809941,0.508106997350478,0.504987527533343,0.492536876800599,0.481780420906054
1283,0.47914002512345,0.472980494040857,0.508835342698491,0.508317845630568,0.505231194245886,0.492612279099014,0.481863697808105
1284,0.47937594725581,0.473193428486021,0.508997562671312,0.508514278506723,0.505464583567221,0.492709330104006,0.481962770713963
1285,0.479559249149473,0.473367386694308,0.509180423551557,0.50873483163325,0.505703084296173,0.492847880052493,0.482127219598571
1286,0.479689916457198,0.473517229903015,0.509366338023103,0.508949753666391,0.505951427364138,0.492987578783078,0.482291870994425
1287,0.479874984581436,0.473683799549519,0.509561494745793,0.50914450686742,0.50619106758894,0.493094357668919,0.482460030419681
1288,0.480077222722602,0.473839111025061,0.509773645094508,0.509313042758451,0.50642277310278,0.493204686757926,0.482677051949671
1289,0.480275916853708,0.474011067696273,0.509941436789639,0.509513648150274,0.506637282481168,0.493301051662991,0.48281032634057
1290,0.480510579773098,0.474207784908051,0.51009683442405,0.509719998356306,0.506850002048539,0.493364040165154,0.482908570292225
1291,0.480704550230059,0.474380754588449,0.51027880616714,0.509924081028962,0.507063785450124,0.493422263375622,0.483005134494599
1292,0.480887964869033,0.474568706754336,0.510430800234879,0.510151961695095,0.507242816994731,0.493470388072753,0.483028086565886
1293,0.481057668772573,0.474717878081581,0.510610005331436,0.510347362569053,0.507445255903226,0.493539528151297,0.483134701240362
1294,0.481185265004599,0.474818524461309,0.510841688352992,0.510520019251952,0.507672497949498,0.493590402506296,0.483303062724568
1295,0.481344753601335,0.474961296435059,0.511023380351612,0.510695220724741,0.507887494322686,0.493670327933677,0.483414944483458
1296,0.481524371859574,0.475105932432655,0.511176854587415,0.510862568630281,0.508111287443353,0.49379971264622,0.483529287267454
1297,0.481672207700399,0.475237189890765,0.51133785211244,0.511025954795582,0.508310457805231,0.493899400601225,0.483640408963555
1298,0.481830949880565,0.475408953889674,0.511487691158345,0.511177044456368,0.508485010539163,0.493984098912083,0.483703643132059
1299,0.481970106952104,0.475533180098813,0.511656479140219,0.511345995141667,0.508683624849955,0.494071926125973,0.483803215328519
1300,0.482058665763754,0.475594623519545,0.511847468309396,0.51155260726773,0.508905210926706,0.494164975222862,0.483951512101691
1301,0.482175874169897,0.475699295095597,0.512009614630207,0.511701663158957,0.50908606866832,0.494245464788467,0.484068466195291
1302,0.482293652888727,0.475820172743224,0.51218459172487,0.51184220813626,0.509261397685794,0.494318914459754,0.484176777772547
1303,0.482425098487716,0.475909975072366,0.512316602623979,0.511943732392436,0.509427299197533,0.494395612657909,0.484285686050127
1304,0.482585195667276,0.476036562711434,0.512384411466675,0.512004308819527,0.509550659687895,0.494443202684308,0.484346466808043
1305,0.482729229425021,0.476163675195156,0.512496895785303,0.512076614374902,0.509658125657447,0.494509277465347,0.484435303602662
1306,0.48285875051567,0.476252371083173,0.512628372116833,0.512184390381906,0.509807374003353,0.49458622662529,0.484559853670484
1307,0.482963397809937,0.47632831946078,0.512734802687347,0.512323172977724,0.509957599818965,0.494623727554346,0.484620555717148
1308,0.483047781050615,0.476373069259983,0.512891652093028,0.512460266828147,0.510103568375396,0.494687540463982,0.484702345948945
1309,0.483117426847406,0.47642112746798,0.513010186576682,0.51253210385802,0.510211607575229,0.494720205622224,0.484793324447638
1310,0.483176196300836,0.476505354876055,0.513089317869399,0.512600975834538,0.510312371421797,0.494711551877965,0.48485455365726
1311,0.483232409547068,0.476577475612796,0.513176783975765,0.512684860375392,0.510423828273738,0.494725430934027,0.484918179821489
1312,0.483262228163528,0.476633977836246,0.513255525254535,0.512746307427102,0.510516445268788,0.49474448222668,0.484970356239148
1313,0.483242943714843,0.476706155510794,0.513315546144256,0.512805860650301,0.510607445695769,0.494754131599335,0.48501348983017
1314,0.483284179617307,0.47674068493936,0.513384999505204,0.512842588371671,0.51067989638656,0.494776617317505,0.48506625185066
1315,0.48334462794199,0.476726866954462,0.513466655409641,0.512861808036398,0.510746641175007,0.494834584542389,0.485117542442752
1316,0.483375179287693,0.476740063136352,0.513528505359446,0.512858093670224,0.510783106206477,0.49484770962859,0.485167106092617
1317,0.483436680002116,0.476737381754082,0.513567652129514,0.512798370750838,0.510766670861807,0.494842491645098,0.485231120191227
1318,0.483456779484933,0.476760664409225,0.513619099472123,0.512812506961059,0.510799741681673,0.494835750745384,0.4852659183098
1319,0.483416496559317,0.476825032278776,0.51368675228086,0.512885541028041,0.510854784715771,0.494793810937148,0.485281897325595
1320,0.48342133847141,0.476843213751263,0.513720905525129,0.512874305341477,0.510872363832177,0.494778915031927,0.485285665901832
1321,0.483454673119787,0.476851600539276,0.513736449578682,0.512842537168019,0.510884463614,0.494785090558939,0.485266870925376
1322,0.483443085971175,0.476857750889708,0.51377323250383,0.512833507672264,0.510912900136188,0.494769011599864,0.48526264628046
1323,0.483421577277783,0.476822545800841,0.513801483313546,0.512770750798338,0.510941568424562,0.494761793469466,0.485256847736657
1324,0.483402585622344,0.476807582748144,0.513806439142922,0.512729368268793,0.510934871626832,0.494736456344759,0.48523997231383
1325,0.483363895428653,0.476837240901771,0.51382774582361,0.512748352880594,0.510921468188505,0.494662831045473,0.485226368962339
1326,0.483322430203405,0.476823763919913,0.513824175644295,0.512735608840399,0.510924428489329,0.494630840168925,0.485211295439433
1327,0.483305585647047,0.476792422411072,0.513785619866457,0.51270767777118,0.510927041795329,0.494610771720146,0.485179783801872
1328,0.483231877127475,0.47673659342164,0.513734482356622,0.512627686183433,0.510856551005165,0.494608695049678,0.485161280046366
1329,0.483157285169619,0.47669295721352,0.513710254737106,0.512588332112932,0.510833605130486,0.494592061909771,0.485135231480275
1330,0.483068822367174,0.476610781973688,0.513703366457036,0.512576138491203,0.510855327812441,0.494566283375404,0.48508463754016
1331,0.482936827697429,0.476520303104551,0.513696717530652,0.512521892113891,0.510836795421884,0.494536406631886,0.485073030298343
1332,0.482818694146445,0.476467085979242,0.513694190790886,0.512484420037165,0.510797890361904,0.494471850758258,0.485031018162994
1333,0.482690204299439,0.476400517240503,0.513662941472717,0.512423271952363,0.51075752408589,0.494387857116876,0.484960851820249
1334,0.482535823625863,0.476312378700096,0.513587154188143,0.51233797528876,0.510707591938617,0.494293148613096,0.484876722679852
1335,0.482374699213215,0.476205459377473,0.513503090379634,0.51229247465994,0.510623333836452,0.494176155380681,0.484759132309622
1336,0.482197656019854,0.476059205437521,0.513426883931757,0.512227518748893,0.510531244124819,0.494086417991451,0.48465973035005
1337,0.4820322673117,0.475915791432778,0.513340537540909,0.512117741356134,0.510445210761122,0.494023343211079,0.484574304202752
1338,0.481868969017088,0.475784434025621,0.513264200977857,0.512024371831814,0.51037091673607,0.493956235986082,0.484493490781809
1339,0.481690335350028,0.475676546637796,0.513163109673863,0.511912655885532,0.510282051274095,0.493881738996194,0.484376657899892
1340,0.481545939193388,0.475636207436331,0.513034258504285,0.511756748142244,0.510193886627241,0.493806329002443,0.484218909580102
1341,0.481341129054609,0.475515697322255,0.512921709602921,0.51162259150022,0.510091303404806,0.493706223161523,0.484077980097267
1342,0.481075120808365,0.475381872708993,0.512803053239606,0.511505782576112,0.509971195909201,0.493606961261938,0.483935962315439
1343,0.480823837903019,0.475214292149889,0.512682062827759,0.511366033544731,0.509857357261006,0.493477350763097,0.48377434820448
1344,0.480567672659495,0.474969435496931,0.512582281082141,0.511207833922971,0.509761910971553,0.493296430394493,0.483607674573241
1345,0.48029170530602,0.474771702977704,0.512450354739805,0.511066390894945,0.509639028478743,0.493146449097404,0.483439969528648
1346,0.48001635302347,0.474593597966651,0.512311078471709,0.510943754624995,0.509481024264436,0.493026769857347,0.483270965035922
1347,0.479711874649464,0.474388050186721,0.512151323602218,0.510789422291169,0.50935237932695,0.492850624280152,0.483069710104923
1348,0.479370845642123,0.474195881960463,0.511949818627634,0.510631957193896,0.509236343767201,0.49265459456073,0.482861916125304
1349,0.479028932976318,0.473973206603176,0.511768698419462,0.510448252555622,0.509084012187791,0.492450916858286,0.482628568234162
1350,0.478678016061985,0.473706096959943,0.51158536337137,0.510207247676185,0.508937555519526,0.492182130779328,0.482333550515247
1351,0.478322638609783,0.473463541546171,0.511391861722825,0.510016225976818,0.508784860925767,0.491953970406193,0.482075389615777
1352,0.477948642217904,0.473225065789126,0.511209894418626,0.509866155842896,0.508598677793925,0.491771865032934,0.481845051937061
1353,0.477578604689081,0.472972714455809,0.511014516353632,0.509662273498898,0.508414982627271,0.491555252049736,0.481591669103387
1354,0.477211316202767,0.472740379448889,0.510804847696287,0.50945422398125,0.508238299526615,0.49132697536348,0.481329869080612
1355,0.476823053239997,0.472457769449773,0.51059106735796,0.509232518080698,0.50805567981037,0.49108319859719,0.481065588800131
1356,0.476428647333731,0.472159319146865,0.510348237803108,0.50897443882078,0.507854962616812,0.490866363556811,0.480832978620009
1357,0.476060334928003,0.471865587669407,0.510126662668827,0.508742651020627,0.507661962334126,0.490676515315618,0.480563836621991
1358,0.475670759300738,0.471596402375131,0.509886277351028,0.508527385480894,0.507487665290305,0.490487319510708,0.480303883290273
1359,0.475254101335295,0.471344363184619,0.509599986984653,0.508327216901723,0.507314150473265,0.490281437468931,0.480060549289975
1360,0.47491391618107,0.471087913208829,0.509387838806594,0.508140228663746,0.507144647171418,0.490048244748918,0.479785871093915
1361,0.474577139275314,0.47084055492697,0.50921720303467,0.507930657240975,0.506976361394461,0.489809255624573,0.479521817650984
1362,0.474176949190369,0.470560451539119,0.50902300962318,0.507748388020383,0.506795725750459,0.489615459641534,0.479303259029595
1363,0.47383511461925,0.470290837875377,0.508837750315756,0.507559178506827,0.506602943571949,0.489431125835822,0.47909507274332
1364,0.473455773953304,0.470019707514373,0.508631026271851,0.507317526210424,0.506398783617267,0.489210596890539,0.478853976183049
1365,0.473038224640783,0.469747426118435,0.508355157245384,0.507119455692211,0.506220635133374,0.488995674270694,0.478605943939725
1366,0.472693457814317,0.46952063213543,0.508147306513753,0.506936732140155,0.506053391738066,0.48879046338427,0.478366580739001
1367,0.472427261336994,0.469343045216273,0.5079985958982,0.506780545156617,0.505915556187198,0.488583297485759,0.478111457162159
1368,0.47208250589059,0.469108265841588,0.507793083148821,0.506591154445142,0.505739746422662,0.488367353802954,0.477868693421333
1369,0.471741368262435,0.468884850260509,0.507578744645524,0.50641038983359,0.505558174588137,0.488171660815732,0.47767138428916
1370,0.471377880644355,0.468642723838333,0.507361022570765,0.506203731351029,0.505368731943248,0.487930674091042,0.477396224714571
1371,0.470966182433787,0.468357498455037,0.507125466228039,0.505976691176103,0.505178434351936,0.487653596632127,0.477070549206537
1372,0.470576009135537,0.468088528927929,0.506852527353889,0.505730326711758,0.504956642094913,0.48738337128262,0.476767978696337
1373,0.470190255095917,0.467858202293928,0.506572448941823,0.50549488222787,0.50473216049882,0.48712174120268,0.476451286312851
1374,0.469806345348156,0.467565258028227,0.50628716458299,0.50521389857374,0.504475454123701,0.486815567956586,0.476116947568862
1375,0.46943875690321,0.467224588417777,0.505976577778015,0.504883449589294,0.504173446710611,0.486468762108017,0.475795454213776
1376,0.469028139708731,0.466894355945936,0.505650048384936,0.504558585532129,0.503876584553736,0.486146709609782,0.475446063134776
1377,0.468639497477366,0.466568626357618,0.505350022590037,0.504232250585177,0.503590587821634,0.485825499112188,0.475065629359236
1378,0.468161207495904,0.466181024924275,0.504966947625566,0.503848378800352,0.503244189390816,0.485466191701855,0.474653138277839
1379,0.467611341551648,0.465783389313672,0.504506900193804,0.503443272594986,0.50288526910343,0.485141268179801,0.47425478245477
1380,0.467057696713253,0.46533927223307,0.504049637412373,0.503000963591326,0.502465131719517,0.484725654463499,0.473788276707989
1381,0.466477394874174,0.46483693744815,0.503608117444548,0.502540489761579,0.502011082184273,0.484245493177606,0.473258263245179
1382,0.4658424079916,0.464305857785124,0.503071907493359,0.502011815753002,0.50148546822334,0.483724888990062,0.472710388420317
1383,0.465211727647959,0.463770978479059,0.502508266620589,0.501467276343964,0.500903246868133,0.483150383694767,0.472142114336922
1384,0.464475573562576,0.463151432579488,0.501861549369334,0.500812366632828,0.500268911750585,0.482552720000753,0.471519487266831
1385,0.463630492959327,0.462485593273122,0.501149253195594,0.50010772924426,0.499593774741755,0.481919828981474,0.470829452233323
1386,0.462771804308993,0.461805571261929,0.50037530005908,0.499355149446083,0.498851971213683,0.481243508002794,0.47009796441305
1387,0.461855283765373,0.461025789739177,0.499576758012215,0.498531482371218,0.498055703065769,0.48053635487812,0.469325811833793
1388,0.460867295763231,0.46018784337535,0.498752536826785,0.497704836093562,0.497210394746632,0.479775363083625,0.468479877536206
1389,0.459843558549389,0.459306454526966,0.497842449154942,0.496803654997939,0.496286327842916,0.478953783084283,0.467593326659069
1390,0.458744070623175,0.458332423631869,0.496880100517855,0.495782119259929,0.495290210749196,0.478066593140896,0.466659085255464
1391,0.457565448929088,0.457316233024302,0.495879845197925,0.49473772115958,0.494290624250497,0.477120463141289,0.465638961209537
1392,0.456356465216154,0.456293778393146,0.49481496164009,0.49366039357281,0.493267007428286,0.476116137270355,0.464558132347179
1393,0.455116114490259,0.455233482132837,0.493703012347379,0.492515886345314,0.492137059209131,0.475046727501812,0.46343176246398
1394,0.45379915909958,0.454103944750859,0.492539954252623,0.491348817958558,0.490964111782207,0.473949604780896,0.462283480737704
1395,0.452373232973204,0.452907545681598,0.491346439718195,0.490164906320191,0.4897615056631,0.472816939715415,0.461102610194579
1396,0.450876467521408,0.451675997214175,0.490116145583468,0.48890049591975,0.488455925738815,0.471616901248092,0.459844307556376
1397,0.449341262892392,0.450381432166939,0.488847994747657,0.487576255646518,0.487143968763014,0.470362928299454,0.458548003726414
1398,0.44771720987827,0.448995788188879,0.487543986431994,0.486227605975409,0.485832205877367,0.469051659536336,0.457189842609954
1399,0.446048735951853,0.447599970347533,0.486207275343435,0.484841195446158,0.484457179055011,0.467728320801029,0.455803093227778
1400,0.444363463173704,0.446181500761085,0.484871688528708,0.483420637082866,0.483050753397008,0.466363054548554,0.454372940718033
1401,0.442573933856581,0.444690714735977,0.483421720198614,0.481931871176361,0.481572955399608,0.46498309378137,0.45291445473283
1402,0.440691640259623,0.443161098902962,0.481874205013142,0.480396516718328,0.480018699937496,0.463590446358248,0.451421776315057
1403,0.438764041271078,0.441579252302623,0.480352733218143,0.478823155097972,0.478471084156749,0.462169524671133,0.449899216502809
1404,0.43677019803351,0.439917160849621,0.478776109551786,0.477183007404084,0.476881257282063,0.460708140909807,0.448341424487546
1405,0.434722116171247,0.438249664919768,0.477161091907965,0.475505538010551,0.475257391598153,0.459233480371047,0.446739710696458
1406,0.432608440437658,0.436555622926095,0.475557472122,0.473799536865288,0.473619954609601,0.457736566294942,0.445103223541989
1407,0.430460213282027,0.434814173259741,0.473905856199434,0.472062775288151,0.471947699242033,0.456230962771517,0.44344191790797
1408,0.428251235561254,0.433013633989308,0.472130664216206,0.470226305536454,0.470194358563022,0.45467761799965,0.441697140591312
1409,0.426029199464936,0.431243205584161,0.470458266696438,0.468469616944695,0.468504543224693,0.453188739262957,0.4400248021881
1410,0.42373325040332,0.429417821967908,0.468794812855304,0.466692769521365,0.466789178894874,0.451685434068201,0.438339653530306
1411,0.421488097632559,0.427654914751627,0.467184977690631,0.46500365692984,0.46516323608558,0.450264921233837,0.43671475364862
1412,0.41923691106268,0.425911092558463,0.465601161391919,0.463375545051542,0.463558339693587,0.448869751621882,0.435132634073474
1413,0.417006160566126,0.424223245838508,0.464101617062171,0.461778723117762,0.462043070012025,0.447576376087446,0.433593932283988
1414,0.414783222992834,0.422551980269898,0.462634978467857,0.460213929518949,0.460596430008601,0.446344664648829,0.432075736196695
1415,0.412623210075173,0.420962384371604,0.461268251604612,0.45872250586266,0.459214492090796,0.445195671376435,0.430624296220494
1416,0.410501540158624,0.419436278722361,0.46000382063339,0.457290237840711,0.457904028201927,0.444142872501071,0.429215381579516
1417,0.408373588375799,0.417959562988543,0.458771816530238,0.455877923681874,0.456663021087575,0.443144891151044,0.427876371666694
1418,0.406321335445514,0.416553962034475,0.457593989675999,0.454531075090587,0.455449157200296,0.442198073484256,0.42662321766088
1419,0.40433240620217,0.415194424572936,0.456486051369988,0.453279172872588,0.454317527664562,0.441356692380654,0.425434310751719
1420,0.402350813456772,0.413874100243807,0.455411221944467,0.452064074927445,0.453268289012538,0.4405216817496,0.424268573919784
1421,0.400423747183259,0.412581314181323,0.454363652935728,0.450864551569547,0.452223634767389,0.439721882612546,0.423135166102358
1422,0.398558295944336,0.41130983855102,0.453334232525902,0.44972656008499,0.451193618347117,0.438983620573732,0.42200921404195
1423,0.396683518391863,0.410061895207462,0.452308241164178,0.448595406882057,0.450205198502993,0.438228284579089,0.420884859030415
1424,0.394842842562294,0.408832517246256,0.451316319063873,0.447479376246758,0.449242061382754,0.437499353206467,0.419819324587425
1425,0.393064771712444,0.407616766305303,0.450372138375186,0.446424022970021,0.448303100638045,0.436806010842385,0.418772558861912
1426,0.391273672546034,0.406409283124073,0.449426926518685,0.445326272936468,0.447377033318602,0.436112989793241,0.417718111763346
1427,0.389535284336,0.405248437462325,0.448491840600575,0.444229159850859,0.446478048591288,0.435450735623001,0.416725148193227
1428,0.387896136307316,0.404103665265735,0.447549921492053,0.443155244262756,0.445571138215852,0.434803690282939,0.415747266228307
1429,0.386301973657052,0.402979721790481,0.446611912104289,0.442102016176631,0.444668315312689,0.434161570539442,0.414766792901513
1430,0.384806973197301,0.401926908953114,0.445758265219236,0.441153287072738,0.443845743008965,0.433522412394432,0.413840188960487
1431,0.383378400940677,0.400900914827394,0.44496832377676,0.440259185554342,0.443081920183863,0.432898470856078,0.412945930855066
1432,0.381940695687511,0.399925228978397,0.444237711336297,0.439411854454008,0.442372613463863,0.432311610814447,0.412085090393881
1433,0.380580075458265,0.399021271399409,0.443534425474389,0.438608482009105,0.44170346328988,0.431762348478621,0.411290405375874
1434,0.379336920976081,0.39815726452661,0.442854027196386,0.437830241918294,0.441059400288779,0.431250001355671,0.410539479098563
1435,0.378181368681666,0.397326312574125,0.442185028914922,0.437076767498024,0.440447557597205,0.430772662554034,0.409836474692388
1436,0.377086557878548,0.396576518248108,0.441605063436464,0.436399968950064,0.439889159003057,0.430327537687912,0.409174140350212
1437,0.376100211702941,0.395902602998837,0.441065832773427,0.43575273368694,0.439363202451917,0.429925675437948,0.408562133848377
1438,0.375150488597892,0.395241399050885,0.440582000828268,0.435186358948735,0.438873438776891,0.429540632248004,0.407994514956953
1439,0.37422810211863,0.394627053236855,0.440182168502068,0.434710333153596,0.43841551214736,0.429169124124991,0.407456172584162
1440,0.373407182982118,0.394056214473099,0.439780335794143,0.434250629415375,0.438029636344665,0.42885973311328,0.406988055995073
1441,0.372677286737372,0.393491858689058,0.439400333789702,0.433832337138218,0.437697716335064,0.428600829363643,0.406580553267236
1442,0.37200758900592,0.393027608839278,0.439070309823585,0.433456137029402,0.437399909145072,0.428343351626617,0.406203854517898
1443,0.371408978301405,0.392644595713808,0.438764323745995,0.433116855023902,0.437172422086258,0.42813365855988,0.405898562625549
1444,0.370863181648258,0.392296492151797,0.438518515990336,0.432826193202002,0.436958740506543,0.427924719977802,0.405597640814199
1445,0.370391155130211,0.392030417688067,0.438342153857289,0.432586639797894,0.43676794248131,0.427686892621212,0.405304925327439
1446,0.369956806236889,0.39176010367511,0.438164044558719,0.432385142732026,0.436596506239386,0.427521744269274,0.405066492523992
1447,0.369585900010836,0.391519758552973,0.438035437809397,0.432253516009815,0.436478430488387,0.427428148032963,0.404871342325237
1448,0.369236249652278,0.391305797915003,0.437899072991775,0.43210016605736,0.436349665453547,0.427318155013575,0.404698111871374
1449,0.368923066190121,0.391111796585302,0.437742421151968,0.431948815313541,0.436204345061622,0.427230277227854,0.404578864898245
1450,0.368657854568811,0.390943514158642,0.437641194622616,0.431839208269563,0.436109241396023,0.427156544331668,0.404456687542003
1451,0.368424724186322,0.390799705485641,0.437571492868476,0.431736002619573,0.436036178640203,0.427071828990437,0.404330724393929
1452,0.368233150185182,0.390688381669029,0.437520746643616,0.431672387079625,0.435984504726005,0.427021411513111,0.404247641120552
1453,0.368115736069891,0.390618741356974,0.437520185889806,0.431675269162579,0.435978702289398,0.427014476209813,0.404199486840024
1454,0.36797814567329,0.390541834913167,0.437514238662092,0.43166681563738,0.435971661756554,0.427009237927301,0.404159677269292
1455,0.36784694533839,0.390479192070152,0.437520412583954,0.431669637084084,0.435973391082227,0.427018605899233,0.4041511210285
1456,0.367753672139915,0.390444406800907,0.437528585914553,0.43167696198808,0.435997321279332,0.427036045187536,0.40414468417856
1457,0.367656166220441,0.390401438695463,0.43753256968062,0.431695604376756,0.436015363358646,0.42705925122594,0.404149286991421
1458,0.367574197998721,0.390370109903279,0.437556297384554,0.431724450541921,0.436044608770627,0.427106249506802,0.404182173224538
1459,0.36753292348869,0.390382539213785,0.437586682371494,0.431767033999806,0.436079980443155,0.427165873252705,0.404217855931142
1460,0.367509165278946,0.390396585476383,0.437655873327206,0.43182611209475,0.436118974458778,0.42722314523017,0.404279234537563
1461,0.36752149586062,0.390425752644779,0.437792279458735,0.431941360313696,0.436191309126621,0.427282693770485,0.404365048736802
1462,0.367546965172689,0.390481015722662,0.437921929823275,0.432079503030443,0.436291743699343,0.427343608082846,0.404430808414894
1463,0.367583192087803,0.390553358440601,0.43804213852269,0.4321957654492,0.436386955300462,0.427437692621039,0.404524175374804
1464,0.367656283293071,0.390653331013701,0.438173563189218,0.432332817524394,0.436509405997313,0.427543282478185,0.40464855858839
1465,0.367718282231179,0.39073995588737,0.438295346051457,0.432483911171979,0.436668756099492,0.427659635640455,0.404761274651065
1466,0.367826715004846,0.390851165324523,0.438454153992568,0.432652986736241,0.436825695902009,0.427810789312861,0.404914879695315
1467,0.367991290147121,0.391008415228454,0.438650774577673,0.432859927343198,0.436996413431643,0.427963772845381,0.405112031428941
1468,0.368150972598344,0.391166120732807,0.438857054805303,0.433098295624958,0.437197935067638,0.428121356592096,0.405308470789594
1469,0.368337948153846,0.391350605103393,0.439080571923823,0.433335999255158,0.437402540694861,0.428330424893606,0.405524402917054
1470,0.368532066410949,0.391542294796829,0.439309849529028,0.433556787931875,0.43761143120082,0.428556128542603,0.405755631953002
1471,0.36873956083985,0.391740220895257,0.439577858633197,0.433828292977838,0.437886765345775,0.428733714734985,0.405980952514032
1472,0.368986883114908,0.391969653373312,0.439852648437766,0.434138544673594,0.438172812779462,0.428937658182308,0.406230138337969
1473,0.36925577380651,0.392211595642294,0.440097507896091,0.434431777925348,0.438442274629255,0.429169975405052,0.406495820913581
1474,0.369554542037266,0.392503828232372,0.44036515262452,0.434742242665346,0.438751708443463,0.429404838765906,0.406776135776569
1475,0.369887362210444,0.39281705884453,0.440674596390579,0.435080631284813,0.439070365859829,0.429695860648148,0.407083638442848
1476,0.370218830447136,0.393103928274643,0.441015844838328,0.435411228949312,0.439398107160827,0.430005616401616,0.407396521530116
1477,0.370560795427332,0.393411471815097,0.44136785547175,0.435775693520431,0.439735287636518,0.430304726510046,0.407735548275118
1478,0.370928378010804,0.393743532269368,0.441783018654793,0.436181678247876,0.440099222970979,0.430588277143871,0.408105978444149
1479,0.371308587373407,0.394066025979456,0.442161982214437,0.436579749394963,0.440464980212062,0.430899361837674,0.408467555858353
1480,0.371692254073089,0.394384356665413,0.442528725260846,0.436991213350239,0.440827908292945,0.431234328965232,0.408850838955457
1481,0.372084375424433,0.394722898784629,0.442888949524133,0.437402997602497,0.441199995089435,0.431563057226475,0.409225758898823
1482,0.372502562312115,0.395071011342831,0.443234371633589,0.437810947124991,0.441590607169817,0.43189932325416,0.409582910905285
1483,0.372902351296696,0.395423449417308,0.443607453215895,0.438230928281747,0.441976847552289,0.432239170790758,0.409966639276261
1484,0.373286286956309,0.395790729871422,0.443980537652619,0.438651887198665,0.442352881702288,0.432576193212927,0.410359829539928
1485,0.373699974164612,0.396145018672721,0.444375700811417,0.439101418597107,0.442760761354413,0.432919696639613,0.410763877860279
1486,0.374119460958756,0.396486727737561,0.444807746859724,0.439579593506776,0.443210505935119,0.433271082117891,0.411200407738681
1487,0.374561779534098,0.396856355165292,0.445222112599931,0.440047574886465,0.443613276883586,0.433627929944915,0.411618154312809
1488,0.37503083372131,0.397230140687784,0.445634098853124,0.440536915497914,0.443996321233617,0.434006864528188,0.41203598166682
1489,0.375494160224209,0.397621008178515,0.446042552300412,0.441004690631694,0.444401697436423,0.434353503447383,0.412447475407655
1490,0.375968058142501,0.398060688607418,0.44644224512295,0.441453905718404,0.444779535479316,0.434678454220195,0.412841462192522
1491,0.376450156016629,0.398456385258705,0.446863372783338,0.441917060411955,0.445199113775685,0.435030002915335,0.413254669412902
1492,0.376940112756253,0.398826123149201,0.447292391858592,0.442370220762386,0.445670813290059,0.435366184044253,0.413679392399776
1493,0.377424568830622,0.399216616394934,0.447728617889362,0.442852020630116,0.446119606864303,0.43571893412381,0.414094679115043
1494,0.377916482830546,0.399576491699036,0.448192852918041,0.44336639460701,0.446560767552892,0.436105086962526,0.414512164057472
1495,0.37841210388605,0.399985165802602,0.448628644125711,0.44385015316969,0.447012163744364,0.436477057301476,0.414927180571242
1496,0.378908444302413,0.400456946586947,0.449044150517424,0.444331487886203,0.447475733205291,0.436850367145268,0.415339012290115
1497,0.379399999433295,0.400878396295302,0.449472652517263,0.444817383579952,0.447924119806283,0.437214345040212,0.41575203144301
1498,0.379895338456507,0.401283900184738,0.449899296297641,0.445290971059483,0.448377996930369,0.437563765677309,0.416159802247038
1499,0.380384742425848,0.401715918075628,0.450330402107974,0.445767719567934,0.448830333333526,0.437935193994207,0.416584319495004
1500,0.380865716176666,0.40215233377447,0.450770007590142,0.446261531789207,0.449256200082834,0.438305870154344,0.417017287081928
1501,0.381355914543104,0.402567504346095,0.451207546423301,0.446733289602115,0.449698980559265,0.438685222368625,0.417444827768484
1502,0.381832430606538,0.402983052078636,0.451643273179765,0.447173089138679,0.450167556725234,0.439099077407277,0.417883517318242
1503,0.382339949094841,0.403416713811567,0.452076206987713,0.447636268081585,0.450615317672587,0.439483058169935,0.418316437530721
1504,0.382876322762708,0.403819436629475,0.452513226706006,0.448128962916901,0.451054985968293,0.439840288054088,0.418736243499835
1505,0.383387567538227,0.404246435784582,0.452955287264035,0.448592773482637,0.451505464454088,0.44021573898393,0.419166740587775
1506,0.383930598745437,0.404752650174853,0.45339346174955,0.449038734002968,0.451937970668292,0.4406041320611,0.419615153404334
1507,0.384443715748367,0.405192014248879,0.453827744041254,0.449496309895171,0.452384419812726,0.440982478962577,0.420052883715011
1508,0.384928377551887,0.405580961496976,0.454272455061734,0.449948175852827,0.452850927362999,0.441371377190541,0.420494115324738
1509,0.385392304350006,0.405993337242792,0.454699421705761,0.450372371842819,0.453308742354314,0.441736367888189,0.420912937446756
1510,0.385876533980318,0.406402339708487,0.455118024977809,0.450839460032347,0.453767215565372,0.442105944152532,0.421347275995689
1511,0.386351974897246,0.406783974226516,0.455555352220578,0.451336428429437,0.454228609751079,0.442452231263215,0.421757659349914
1512,0.386828897427206,0.407221092365164,0.455976888327269,0.451784627736263,0.454634602392237,0.442789731668235,0.422149681439066
1513,0.387312806158803,0.407660973671804,0.456385648521447,0.452229484330167,0.455066649815793,0.443154615420941,0.422571148947815
1514,0.387814378793628,0.408099695342753,0.456818350149847,0.452703847970378,0.45553138385852,0.443528002539975,0.422980545682589
1515,0.38830935073463,0.408534169274465,0.457249682305651,0.453145288048196,0.455972046925126,0.443867767233457,0.423357564156743
1516,0.388790051197137,0.408926935047679,0.457673484009593,0.453580664192974,0.456416268957336,0.444190516445362,0.423735889704831
1517,0.389280365960535,0.40932619542615,0.458119189872226,0.454018770264255,0.456840256637775,0.444535112575956,0.42411743270385
1518,0.389732559671063,0.409720923079127,0.458538058353791,0.45441160973061,0.457210269415807,0.444868372067723,0.424503671941988
1519,0.390163384554785,0.410119250312163,0.458915275955298,0.454808106878404,0.45757732004708,0.445176763499387,0.42489578803005
1520,0.390608489105548,0.41052979794204,0.459285051260375,0.455209951917394,0.457956289610843,0.445516728467666,0.425280340073134
1521,0.391044066898648,0.410920547577253,0.459649693554026,0.455600719428144,0.45835785349554,0.445869540034392,0.425658408934992
1522,0.391493142687988,0.411293091168041,0.459995458629295,0.455979731771265,0.458751115127513,0.446186794289454,0.425991871198672
1523,0.391916570052766,0.411649317280477,0.460309681941786,0.456310619034248,0.459082524424777,0.446511509310531,0.426296151122999
1524,0.392284946301035,0.411984413401897,0.460643600037734,0.45663638931983,0.459431940768815,0.446845321628142,0.426620541086875
1525,0.392663259918413,0.412323985449983,0.460973798990485,0.456973320907034,0.459762579787146,0.447145757192093,0.426937378696794
1526,0.393031066671911,0.412662951141577,0.461265066974753,0.45728685576913,0.460057258138354,0.447431373004232,0.427248481871608
1527,0.39336225807701,0.412964395532596,0.461578378613592,0.457603551123419,0.460396924883723,0.44770218577564,0.42755306240145
1528,0.393693276390061,0.413279599502442,0.461871061170448,0.457913728349513,0.460718936955085,0.447970985324519,0.427839400810607
1529,0.394014932644134,0.413602046693289,0.462145261082222,0.458197873958205,0.461024355127748,0.44824941002459,0.428117971865531
1530,0.394322251895877,0.413892406924434,0.462436852720453,0.458464854576493,0.461341422936322,0.44849398485751,0.42839879629023
1531,0.394630590212557,0.414186128230565,0.462722947127425,0.458738766579745,0.461636956586747,0.448731006971732,0.428670481196449
1532,0.394941238387587,0.414447345536073,0.462996180714397,0.459019403088246,0.461905815757121,0.448960827398538,0.428916713949014
1533,0.395244594109713,0.414694460144731,0.463231460480735,0.459274013881206,0.462170389892158,0.449143623273498,0.42914858789831
1534,0.395522449638057,0.414959694395399,0.463463764958102,0.459542515465148,0.462441398998962,0.449356512204336,0.429379934667461
1535,0.395768084058251,0.415197276923221,0.463691747171435,0.459797303957952,0.462698719398667,0.44960137029418,0.429611629797537
1536,0.395985361684627,0.415439172810073,0.463911664883376,0.460018632399165,0.462949493823147,0.449808223998864,0.429828212153601
1537,0.396202428064782,0.415686128538835,0.46414427020256,0.460247035558684,0.463171105086949,0.450000256358947,0.430022287431952
1538,0.396424950896992,0.415920512621381,0.464361019798875,0.460467691147476,0.463397064447501,0.450205157748988,0.430209519161151
1539,0.396642284098634,0.416144740099481,0.464566525864067,0.460678697857185,0.463601773635067,0.450404737466593,0.430363696987041
1540,0.39685307645707,0.416366889368036,0.464786186107588,0.460897792456159,0.463829814656795,0.450601504795048,0.430539933801123
1541,0.397067493694955,0.416580894628078,0.465002228459023,0.461118258251318,0.464075411189966,0.450819463094566,0.430722034611026
1542,0.397276466736548,0.41679505035197,0.465227431135777,0.461334974960962,0.464296093003237,0.450997162656664,0.430898211851879
1543,0.397475462651665,0.417006616877012,0.465478859484817,0.461558341906741,0.464519407824724,0.451130631757885,0.431070006963625
1544,0.39766918405992,0.417214357789023,0.465697787408082,0.461765130671732,0.464712523684607,0.451309775171477,0.431243503099116
1545,0.397866939276969,0.417427318754339,0.465905019790083,0.461962463181175,0.464868463832085,0.451495102816377,0.431417977755314
1546,0.398052685155622,0.417621696189331,0.466092349146831,0.462147198233071,0.465058581145339,0.451676334586579,0.431598019870036
1547,0.39821345658242,0.417790327724856,0.466259589636731,0.462315473101743,0.465247684476454,0.451899691278324,0.431787814668148
1548,0.398397208903884,0.417986416466134,0.466429074489093,0.46249494938666,0.465436938238747,0.452058897996816,0.431952536328561
1549,0.398599596705989,0.418192977616428,0.466574268994269,0.462665440217351,0.465639233107827,0.452160987437344,0.432114261579692
1550,0.398775833150436,0.418382626277399,0.466744050791796,0.462842828311742,0.465842559900411,0.452308902338776,0.432266414470162
1551,0.398950380671914,0.418595602246889,0.466926919465367,0.463046472308905,0.466048816103148,0.452464358912896,0.432400069181891
1552,0.399113809468914,0.418760348092278,0.467101328053518,0.463212594266527,0.466239807469479,0.452594911195855,0.432534873747162
1553,0.399253416656717,0.418863722669721,0.467292427485131,0.463353598752311,0.466447680304714,0.452715185990385,0.432652346851859
1554,0.399411533409821,0.419027776426104,0.467460122525451,0.463509594333091,0.466613710267994,0.45287369238031,0.432790407530333
1555,0.39957594640432,0.419221948867036,0.467607460319806,0.463656426081774,0.466733877373334,0.45303700941282,0.432934716636219
1556,0.399727447591553,0.419369124013138,0.467759163414333,0.463791785556818,0.466878502537354,0.453177251171948,0.433076893369618
1557,0.399881429562591,0.419509038275823,0.467910740930332,0.463931043071542,0.467012598324613,0.453360502852841,0.43324121710211
1558,0.400018293928686,0.4196701127735,0.468040251908487,0.464071024111543,0.467164186578079,0.453494856816542,0.433388147711734
1559,0.400133642432941,0.419796017918939,0.468142058614618,0.464184376642357,0.467321876989615,0.453556039446855,0.433520123911091
1560,0.400271124079694,0.419945234908896,0.468284348291969,0.464318254048586,0.467489581167292,0.453668335681527,0.433651386642156
1561,0.400421004025805,0.42016592067206,0.468428792630154,0.4644695928988,0.467673768624938,0.453792281989216,0.433772673605583
1562,0.400547844416156,0.420316456783614,0.468574751556599,0.464616685433229,0.467841282259799,0.453922100089847,0.433902424321053
1563,0.400655751781139,0.420405150264589,0.468764285728354,0.464765096657738,0.468017004560839,0.454074470970827,0.434024584039064
1564,0.40079471365701,0.420540016990629,0.468917691273689,0.464925064194791,0.468182617741269,0.454211130530376,0.434169285498809
1565,0.40093609574496,0.420662730396602,0.469030660007283,0.465094309464308,0.46831758418121,0.454354393485156,0.434347899809126
1566,0.401073330698771,0.42080789655584,0.469178664771845,0.465266099293349,0.468498834863726,0.454486240471998,0.434492265560961
1567,0.401235938574638,0.420993303977001,0.469338048317181,0.465451968202912,0.468713622383648,0.454583388655341,0.434615083815206
1568,0.401397940546971,0.421153227912109,0.469492881099773,0.465616423463389,0.468895960353165,0.454716093342159,0.43476070870117
1569,0.401534758946782,0.421301747013147,0.469645596201106,0.465756688399196,0.469088606176107,0.454856163722673,0.434895596231818
1570,0.401692471274522,0.421470896645867,0.469820442130728,0.465932265393543,0.469265694604476,0.455020965363419,0.43505246513774
1571,0.401868971517291,0.421632152752634,0.470005333117946,0.466108523291776,0.46938504960308,0.455223519100176,0.435230694655538
1572,0.402059288000852,0.421819052320355,0.470198209945085,0.46630306845675,0.469574934179275,0.455409211548289,0.435421769423235
1573,0.402252548621954,0.422041911816425,0.470413049844044,0.466539012656607,0.46980864073083,0.455617686096179,0.435625562040767
1574,0.402469601975787,0.422248708693721,0.470628072421763,0.466756054642694,0.470030475421152,0.455789570772534,0.43582398326218
1575,0.402728404876513,0.42245935069616,0.470843641882961,0.466938805884261,0.470288515424094,0.455917251630691,0.436043316814511
1576,0.402963076626481,0.422670956787329,0.471065678275063,0.467188506786843,0.470528618912926,0.456097205406427,0.436258020260298
1577,0.403181248240222,0.422865089217758,0.471287138899419,0.467492477479963,0.470741813716872,0.456292753340359,0.436463264359863
1578,0.403426126085542,0.423081370429958,0.471529982169184,0.467757378033887,0.470983704996953,0.456473050665182,0.436669922843411
1579,0.403665955145258,0.423297192882891,0.471785910975289,0.468051442413338,0.471238872994794,0.456668390740989,0.436866589541797
1580,0.403943288453645,0.42355173567516,0.472047252515288,0.46832401478708,0.471492845771097,0.456871470338883,0.437100805826216
1581,0.404266358944723,0.423854232578412,0.472333202090669,0.468535875156081,0.471751220401629,0.457045482941664,0.437348527494055
1582,0.404570788026546,0.424134598972163,0.472618207209269,0.468810163835504,0.472037827432604,0.457261506833113,0.437605170329892
1583,0.404875760220993,0.424413803879261,0.472904804009383,0.469124962586374,0.472341001886652,0.457531672492311,0.437896681075411
1584,0.405202997424952,0.42472133620147,0.473187941280844,0.469422515421943,0.472644007872064,0.457780406308835,0.438176651976562
1585,0.405533330507815,0.425039370668912,0.47346679539468,0.469739787813104,0.47298022347787,0.458023878409592,0.438448410723646
1586,0.405879537266372,0.425347398569837,0.473764757141114,0.470047380649042,0.473292997325571,0.458277358606662,0.438730241400188
1587,0.406251520530063,0.425670610450406,0.474072868293586,0.470336366145511,0.473575653313628,0.458539891288225,0.439028750362944
1588,0.406632884189302,0.426007865480978,0.474375989598297,0.470644403541267,0.473884151009054,0.458796998623696,0.439323641186384
1589,0.407018490690213,0.42632495326013,0.474688669300742,0.470951690913974,0.47420570272961,0.459046766877756,0.439601497824855
1590,0.407414937680533,0.426674474394035,0.475000059582639,0.471280764197121,0.474520934615892,0.459326240604163,0.439911129293055
1591,0.407837180612213,0.427074608467073,0.47529094744149,0.471627885646937,0.474841151988758,0.459615880117334,0.440235298955437
1592,0.408255433642486,0.427453729252912,0.475621631623861,0.471992586689559,0.475178189111064,0.459906692194525,0.440569869336363
1593,0.408665205227,0.427825049677637,0.475985589401334,0.472393553727662,0.475513943610774,0.46022631296157,0.440956112658051
1594,0.409096462791545,0.428210106564327,0.476347213157966,0.472776476099682,0.475862375335426,0.460532424365493,0.441298445693929
1595,0.409538567142141,0.428594810119961,0.476723651456049,0.473154593728535,0.47622253145707,0.46081925558912,0.441604693010944
1596,0.409998406440657,0.428998281221499,0.477095887482658,0.473537642005697,0.476601930924393,0.461131239541172,0.441938884988478
1597,0.410500809686454,0.429418777177097,0.477475192085153,0.473915902249329,0.477011782033517,0.461445522755713,0.442241724546052
1598,0.410965007779001,0.429841540331315,0.477847653714101,0.474299865269935,0.47739243405095,0.461786142228752,0.442598913463902
1599,0.411404324095369,0.430282103472028,0.478210547229352,0.474690533401817,0.477765436696409,0.462169650252062,0.4430181183018
1600,0.41187757633439,0.43071512472011,0.478594549752782,0.475089118397454,0.478159860944815,0.462518579355196,0.443419067411982
1601,0.412345388252249,0.431140600096067,0.478986731323024,0.475485107091482,0.478550349298695,0.462875028083564,0.443860364249781
1602,0.412822483590448,0.431582517989212,0.479369443157773,0.475897526319361,0.47893952653695,0.463219762882765,0.444254234153762
1603,0.413352244880459,0.432041182867381,0.47977526229555,0.476341638330996,0.479351185915403,0.463509827842054,0.444589715225716
1604,0.41383539104144,0.432483022443926,0.480163789931962,0.476763212502448,0.479758434273235,0.463852468988837,0.444979901555766
1605,0.414253037689528,0.432909902262032,0.480528496512202,0.477187837171353,0.480157807359537,0.464244636108866,0.445386766735636
1606,0.414742693264627,0.433372138353281,0.480899884718077,0.477594617470346,0.480543628348282,0.464601784486205,0.445774580177704
1607,0.415277225972669,0.433858938118368,0.481261953106492,0.477957949071462,0.480922309296939,0.464961232423087,0.446205333929956
1608,0.415781021125203,0.434312813145737,0.48163781421051,0.478365061220831,0.481316402047033,0.465324906930667,0.446598503185128
1609,0.416321900240972,0.434801265471758,0.482023378624123,0.478796890627482,0.481695540936906,0.465678994807066,0.446926842475244
1610,0.416821376845235,0.435237126003732,0.482412261807914,0.479219238715078,0.48209304433258,0.466015410594687,0.447299602663658
1611,0.417262689918629,0.435584724327899,0.482827590871401,0.479671551188605,0.482547735536724,0.466351894597387,0.447692956520236
1612,0.417730934640278,0.435992324716667,0.483204322888741,0.480091764614378,0.482942426614428,0.466691175664158,0.448077358083897
1613,0.418209559625432,0.43641329822353,0.483551906818849,0.48048546303242,0.483294196425536,0.466990317171024,0.448480165946841
1614,0.418683027954988,0.436835493729103,0.483914344389604,0.480880531507209,0.48366166375553,0.467325149880107,0.448865501437113
1615,0.419154753512438,0.437294197915948,0.484262923654534,0.481262301595401,0.48399365069242,0.467698338373773,0.449224710665612
1616,0.419622097488846,0.437732325307534,0.484620972978454,0.481651296487408,0.484359317371907,0.468056160834941,0.449606651051144
1617,0.420075411318908,0.438158560277162,0.484991027884797,0.482048289600168,0.484774021380502,0.468423542774904,0.450001160723866
1618,0.420544263576703,0.438573684025507,0.485361464743248,0.482426937685598,0.485147517054918,0.468783092367006,0.450387428496982
1619,0.421033847897917,0.438975544140891,0.48573700162245,0.482785733718865,0.485501744296147,0.469150203804769,0.450800584185511
1620,0.421499448074312,0.439383585501116,0.48609779583819,0.483166191798268,0.485864861055172,0.469487506832938,0.451171250359574
1621,0.421963677414254,0.4397897940966,0.486472096022035,0.483557893439995,0.486206582006973,0.469810588012609,0.451513914401827
1622,0.422422668997639,0.44019179240814,0.486821296258946,0.48392551382727,0.486564590465382,0.470117520926635,0.451851214759647
1623,0.422859252426269,0.440606779390938,0.487120538496489,0.484294794103108,0.486963913893125,0.470377674552913,0.452136765269184
1624,0.423302159368281,0.440995653796997,0.487458180783446,0.484666126594287,0.487316427461147,0.470673467802185,0.452473378414948
1625,0.423759858910632,0.441346650830344,0.487816915115274,0.485008315022047,0.487632390714684,0.470998932004401,0.452856914240659
1626,0.424195135824875,0.44172256861103,0.488151862732207,0.485365236779207,0.487964760659886,0.471285155230653,0.453186897079395
1627,0.424617945947147,0.44210643667311,0.488494678691834,0.485746800095404,0.488277176173237,0.471570224415833,0.453521444064756
1628,0.425030345573303,0.442481058890876,0.488837081567666,0.486110978746252,0.488605048120886,0.471835752869292,0.453838627569785
1629,0.425417553422925,0.442871293695038,0.489163276142139,0.486476489892116,0.488954928376801,0.472028618203847,0.454087690412908
1630,0.425817492395424,0.443244016427927,0.489482289977788,0.486824563965812,0.489292732666163,0.472290163912825,0.454381053081048
1631,0.426223292013596,0.443599519614439,0.489806615277035,0.487157203957054,0.489630538076598,0.472591519567793,0.454704997480112
1632,0.426619094009583,0.443948832174607,0.490126481972337,0.487489438791441,0.489958889674814,0.472881761026199,0.455015002022001
1633,0.42701514092054,0.444285032315037,0.49043019575843,0.487813249553198,0.490288430032684,0.473218660967831,0.455337165055185
1634,0.427400804051074,0.444622153405979,0.490736109861377,0.488120890222996,0.490605449965594,0.47351643873825,0.455645957152907
1635,0.427776756123335,0.444934132535804,0.491064920963407,0.488437849281712,0.490912878458677,0.473790483902482,0.45595426139202
1636,0.428145965272528,0.445285042352406,0.491350579073653,0.488717261694704,0.49120168970831,0.474054861336987,0.456239840567861
1637,0.428506675946126,0.445691952967974,0.491611469568139,0.48894686541961,0.491468495794556,0.474297572741037,0.456490306578318
1638,0.428870254004089,0.446035375744613,0.491862558934597,0.489203437781817,0.491744932186549,0.474542872741549,0.456766697449527
1639,0.429237665124962,0.446370737367203,0.492075014207226,0.489445365893844,0.49201913952118,0.474774742613969,0.457048036307913
1640,0.429578568247481,0.446684649557415,0.492309195872965,0.489699312074387,0.492279349812584,0.475013224507983,0.457322216307148
1641,0.429922687623148,0.446932102648574,0.492546576870263,0.489973650081697,0.492537031610068,0.475257392969697,0.457623214397725
1642,0.430233053170539,0.447206949358724,0.492772658577326,0.490237774863864,0.492787763123003,0.475490948388685,0.457888434115454
1643,0.430507983623598,0.447507076139489,0.493007625013067,0.490500767318766,0.493028805924713,0.475728214738445,0.458114972601625
1644,0.430776273937978,0.447779858696856,0.493226164632281,0.490757859570349,0.493255465871749,0.475950787157758,0.45835692845058
1645,0.431011282420188,0.44804704598128,0.493430023620255,0.491039752875486,0.493481569144517,0.476174395192834,0.458614526691761
1646,0.431259125332008,0.448291195934598,0.493628659208123,0.491268299074684,0.493687705028716,0.476364989744134,0.458829828416019
1647,0.431519742490903,0.448507074495545,0.493844383757999,0.491464435392212,0.493869409429783,0.47650892689054,0.459036678577891
1648,0.43174530165638,0.448723774373135,0.494002051352671,0.491650225098546,0.494042667924467,0.476685235328185,0.459211692043997
1649,0.431962242796648,0.448913937271352,0.494104887569057,0.491786980382448,0.494201106916495,0.476877318225071,0.459329894689574
1650,0.432162190164098,0.449123204113643,0.49423294576514,0.491940109323084,0.494357261662951,0.477029492500125,0.459463563292303
1651,0.43233755246255,0.449375685677311,0.494346031484476,0.492110772798096,0.494507862941285,0.477179637243687,0.459589082236192
1652,0.432487570719576,0.44955668095274,0.494439504604997,0.492246492295493,0.494642837494415,0.4773219986397,0.459714245840503
1653,0.432630569077011,0.449712569115132,0.494536983051801,0.492355629912163,0.49477161489777,0.477419343993667,0.459850716758398
1654,0.432741266987901,0.449846374971057,0.494629550853588,0.492473337028955,0.494885231587147,0.477530381237252,0.4599553793749
1655,0.432804011787957,0.449910578022718,0.494695963180479,0.492580458549184,0.494984938162806,0.477675449146018,0.460047236465181
1656,0.432869037958514,0.450000532304275,0.494757640808808,0.492673282838841,0.495064924708115,0.477775591832216,0.460120837061502
1657,0.432914600650449,0.450096116701983,0.494829111903298,0.492773383481243,0.495126764370076,0.477829471767971,0.460145238334715
1658,0.432958958956368,0.450184093936041,0.494886639978433,0.492850070445845,0.49518401101136,0.477908336258354,0.460206292590136
1659,0.433003752110533,0.450275906115748,0.494920317678523,0.49289537406324,0.495218000733466,0.477981883857368,0.460285651963483
1660,0.433023257966462,0.450342500943146,0.494947331978384,0.492942929173639,0.495254755911135,0.478053169352517,0.460342106471296
1661,0.433015340322005,0.450387563991525,0.494958844562417,0.492973834440755,0.495286934894978,0.478135845755366,0.46041233865623
1662,0.433027935826354,0.45044297327272,0.494996871237879,0.493018496968998,0.495322502845365,0.478210471270015,0.460457599953864
1663,0.433053571327163,0.450495160098513,0.495041265020649,0.493067624253845,0.495356622614785,0.478266129232305,0.460464963109447
1664,0.433032221859364,0.450526664743555,0.495072481298574,0.493107559294939,0.495384443162707,0.478339333517111,0.460489220644377
1665,0.433012122158812,0.450561457462449,0.49516426162771,0.493168485447089,0.495423490783167,0.478438868494441,0.460526463760733
1666,0.432955016366136,0.45057621686746,0.495147692495714,0.493187951234159,0.49543525705365,0.478499886263912,0.460534364341039
1667,0.432852481760091,0.450594405204575,0.49506094714473,0.493194800805752,0.495465104004869,0.478565886623536,0.460545743842818
1668,0.432726748958982,0.450535234977977,0.494963434559321,0.493158948172385,0.495407574539415,0.478585693630657,0.460515105818226
1669,0.432601193883036,0.450445247263654,0.494816028436072,0.493110572407906,0.495303769386714,0.478579952516092,0.460461885055983
1670,0.432409166293756,0.450313300347179,0.494642569279488,0.492990259319276,0.495161835203989,0.478528501970197,0.46036692457799
1671,0.43217103416177,0.45008838879227,0.49445833394879,0.492804581819839,0.494943037312066,0.478418888145043,0.460233099986881
1672,0.431878210995562,0.449888774176387,0.494221970929043,0.49260550452499,0.494721475190583,0.478322999875849,0.4600755195251
1673,0.431551169987263,0.449706326116031,0.493938004005014,0.492353599222496,0.494487666980462,0.47820182068414,0.459883783686384
1674,0.43114138722058,0.449453823391149,0.493615034701818,0.492085849286614,0.494209203220874,0.478065780869852,0.459663209972583
1675,0.430656973837698,0.449166689597216,0.493265236620071,0.491831082394438,0.493903679580605,0.477956569716699,0.459439729905495
1676,0.430126920325116,0.44884609156934,0.492850584572093,0.491476573378108,0.4935440637352,0.477763456032192,0.459131154565234
1677,0.429520321826007,0.448476326199581,0.492383040874881,0.491058274395065,0.493153167823197,0.477514718895403,0.458755053619715
1678,0.428889324780152,0.448078886911107,0.491864967489102,0.490598912985967,0.492694406420131,0.477238784946631,0.45836213271169
1679,0.428224752978171,0.447683082845495,0.491281726389567,0.49005233121128,0.492165874080007,0.47690796079296,0.457911155768012
1680,0.42749597373279,0.447181618601755,0.490673332580184,0.489512874973564,0.491613981151275,0.476563936585931,0.457437845803573
1681,0.426717771043108,0.446585704453157,0.490034729246307,0.488981092281558,0.491016715723311,0.476202673769707,0.456958204769898
1682,0.425885559471307,0.446003535589487,0.489321842559955,0.488340794100056,0.490371979383892,0.475792527852149,0.456408591656236
1683,0.424991987057759,0.445365893874072,0.488563935607294,0.487650229731087,0.489693938090672,0.475339104563577,0.455796595985286
1684,0.424051967265179,0.444711001011579,0.487741792366102,0.486895400026649,0.48895958854921,0.474869629648148,0.455160797935465
1685,0.423061947960331,0.444058746828155,0.486821734656947,0.486029399186304,0.488147795879452,0.474375765709709,0.454485423597191
1686,0.422021760068004,0.443356496476237,0.485917373725985,0.485178638201916,0.487343079030927,0.473826834176197,0.453766956753628
1687,0.420901362624005,0.442583502874794,0.484981985542851,0.484297776609194,0.486506177525597,0.473220479601453,0.452998360838085
1688,0.419801798982578,0.441834552323611,0.484019913713906,0.483394751801039,0.485652523891747,0.47264570055302,0.452223103649265
1689,0.418675782863825,0.441081461351215,0.483026396586835,0.482459812419561,0.484772300856705,0.472024980031247,0.451388913367545
1690,0.417527922863681,0.440308960929699,0.482039397476962,0.481516646832926,0.48390003723879,0.471444233623515,0.450598641750725
1691,0.416366410792609,0.43951795387158,0.481021021512538,0.480544592301127,0.482995805104977,0.470919605701624,0.449830462056574
1692,0.415198057045951,0.438732735619251,0.480017232861077,0.479580356348632,0.482129004807796,0.470330186668004,0.449018549557881
1693,0.413996020203698,0.437926508315672,0.479025455891941,0.478606499299566,0.481301811390719,0.469713179311168,0.448196426997472
1694,0.412803339441045,0.437150790909335,0.478021034306977,0.477632336220299,0.480415186141298,0.469093139704717,0.447373518111491
1695,0.41160435667224,0.436395698092612,0.477005825254798,0.476654376544687,0.47950509420537,0.468432361234962,0.446514761536059
1696,0.410433755849795,0.435621906424802,0.475991497525857,0.475677831784012,0.478617763002229,0.467826489429562,0.445683226532459
1697,0.409254270435814,0.434849111845767,0.474971417735689,0.474688657783202,0.47769240077189,0.467240324692257,0.444868093520078
1698,0.408115821674395,0.434083805945652,0.473967662134751,0.473731191619668,0.476829259225763,0.466645117091102,0.444056903157253
1699,0.406990737917791,0.433281787884426,0.472930018810361,0.472766040232354,0.476003283446868,0.466065516370509,0.443230712689285
1700,0.405952113950902,0.432583399765459,0.472008781263599,0.471873869123807,0.475202491013928,0.465499267863771,0.442460149930643
1701,0.404944113466687,0.431932312607316,0.471123691179597,0.471007403675931,0.474402781798788,0.464917784363507,0.44171505132041
1702,0.404014813756259,0.431306047367224,0.470329450869368,0.470216329461563,0.473698876928586,0.464388218502578,0.441002509158302
1703,0.403165182461422,0.430732918362448,0.469640376864068,0.46948373777263,0.473053764143407,0.46387345985572,0.44029739048322
1704,0.402381033464967,0.430195668803312,0.468941986838098,0.468814696025175,0.472454866672134,0.46345446489051,0.439719066906418
1705,0.401642734159619,0.429671929623135,0.468269093649684,0.468194102183463,0.471909155377368,0.463085331295935,0.439203932788955
1706,0.401010515122923,0.429237919799065,0.467698576182073,0.467677647661958,0.471452008812903,0.462764153389536,0.43874852649412
1707,0.400476064703942,0.428879600166661,0.467171669979743,0.467254926048527,0.471062772586767,0.462530099830984,0.438396729525602
1708,0.400029989590929,0.4285749879814,0.466758938806017,0.466832525632103,0.470706256300309,0.462328378961704,0.438065866414321
1709,0.399599549484898,0.428257521879674,0.466398030682857,0.466489506397806,0.470415397136405,0.462092950641025,0.437750807588635
1710,0.399219085145982,0.427988109731372,0.466097219134301,0.466205829727665,0.470123889574294,0.461885627898403,0.437469633771448
1711,0.398913616358067,0.427777446506982,0.465854875921852,0.465965463273427,0.469868115474346,0.461740853560061,0.437281030446228
1712,0.398645229643551,0.427583779165818,0.465678042313088,0.465788299294495,0.469689331810602,0.461612797366202,0.437137594370101
1713,0.398445503958887,0.427429813417899,0.465557103385288,0.465685780031807,0.469547209271302,0.461513250614726,0.437009728487721
1714,0.398322576583579,0.427302193995446,0.465428700571721,0.465607117859905,0.469412088654454,0.461439226403494,0.436927762215774
1715,0.398235360875287,0.427154897458354,0.46532312104984,0.465519385995101,0.469311868712266,0.461408414768269,0.436864229025337
1716,0.398155890884484,0.427028662973732,0.465290782964826,0.465514725958503,0.469231296960589,0.461394851288867,0.436776396475597
1717,0.398096650521431,0.426943453015346,0.465289591675341,0.465518225306925,0.469206979449308,0.461386489050392,0.436737329363716
1718,0.398045123585104,0.426912118907378,0.465369430653759,0.465526453564556,0.469259663040602,0.461436868832234,0.43676441358934
1719,0.398019959322226,0.426868984649446,0.465453487961822,0.465570517287173,0.469315431835301,0.461452054618541,0.436771929207307
1720,0.398040091790285,0.426855659751544,0.465539393222691,0.465664652550318,0.469450025510149,0.461432386209213,0.436785528468642
1721,0.398054293653054,0.426826264389776,0.465664393620951,0.465745947634414,0.469523840261028,0.461436186889632,0.436818691669667
1722,0.398093163817664,0.426789985626391,0.465862620452574,0.465833405635282,0.469549557490147,0.461435308366233,0.43685341578904
1723,0.398115761051743,0.426737670065062,0.466011844421268,0.465940604232,0.469607310183075,0.461448822569709,0.43689730980166
1724,0.398119358819701,0.426660618186506,0.466150769229521,0.466042405031138,0.469640576513802,0.461487143776523,0.436984035029303
1725,0.398144211905763,0.426607604690617,0.466307335198378,0.46617500598299,0.46970372290556,0.461517372094006,0.437042097091955
1726,0.398143429964168,0.42652306474425,0.466430647473586,0.466349319802936,0.469817155952918,0.46153366203805,0.437067780339946
1727,0.39819817758185,0.426494100984662,0.466586784580145,0.466523258870425,0.469916907444034,0.461579778208154,0.437125821709295
1728,0.398283246037367,0.426506489046533,0.466780984380897,0.46672271049221,0.469993231567544,0.46163406346907,0.437178691280157
1729,0.398406494471095,0.426545953519865,0.46697871932477,0.466905142406989,0.470109806634935,0.461712391943511,0.437260501019633
1730,0.398598930074092,0.426627764229355,0.467165293942682,0.467065851714713,0.470249329128226,0.461822665712908,0.437368023374123
1731,0.398778169644152,0.426724413025812,0.467396349776649,0.467262970730182,0.470403464965265,0.461936545794653,0.437494737620479
1732,0.39898331679878,0.426846536161507,0.46767081907633,0.467469069718787,0.470586927201875,0.462069415121269,0.437649036627354
1733,0.399176830205614,0.426982895082466,0.467938066647289,0.467684992634781,0.470780032874461,0.462196457117673,0.437805834604615
1734,0.399379704544181,0.42716223801277,0.468236643371566,0.467946835476938,0.470993051969924,0.462331502074981,0.437982872354603
1735,0.399552544123944,0.427308221692083,0.468525726744291,0.468184513776424,0.47119919564434,0.462473129404481,0.438164158739439
1736,0.399704437138429,0.42745465816718,0.468847184059001,0.468424328193926,0.471444080755979,0.462626388615661,0.438364361683436
1737,0.399869327632767,0.427592308481312,0.469092597975972,0.468632637916431,0.471630064238503,0.462760436828566,0.43854336449775
1738,0.400053914797264,0.427729793729259,0.469304002584408,0.468849660179367,0.471788313201305,0.462906359793477,0.438746314393688
1739,0.400169935002572,0.427834905987855,0.469495692513701,0.468994902141128,0.471925870935781,0.463013672049381,0.438887834326071
1740,0.400264910960535,0.427917869953701,0.469637473785807,0.469086784581627,0.472011821752107,0.463096964014092,0.43899787339492
1741,0.400333962948148,0.427996827240354,0.469751650408128,0.469163674373241,0.472122260288817,0.463155070387734,0.439066960690618
1742,0.400344476628796,0.42804436764441,0.469866851205286,0.469184961009934,0.472256863598427,0.463193904097789,0.439088176737401
1743,0.400334958143044,0.428089365216008,0.469917159157728,0.469209677338386,0.472320994927337,0.463199733722568,0.43909533225625
1744,0.400322119310856,0.428161600875995,0.46990153589728,0.469240608459661,0.472368564684821,0.463157784405416,0.439074895138594
1745,0.400275316468876,0.428176046141441,0.469877989695655,0.469208658840079,0.472378668441496,0.463132101160861,0.439023745547702
1746,0.400167288648779,0.42814782104721,0.469818446105114,0.469144267046818,0.47232360341099,0.463098789514093,0.438936986626246
1747,0.400074757674491,0.42810785554307,0.469748028644253,0.469047360628833,0.472273495179892,0.463042005871072,0.438843993024196
1748,0.399992636702114,0.428004840947874,0.469650165471461,0.468891357385462,0.472199610226988,0.462975471806719,0.43871045425988
1749,0.399851310512612,0.427966047967329,0.469532677998155,0.468740311970059,0.472129094317455,0.4629055270205,0.438599246601881
1750,0.399663269884874,0.427943950537355,0.469382269060983,0.468571924402205,0.472030376319984,0.462795690279817,0.438485146742405
1751,0.399508147052198,0.42792786334661,0.469254789128654,0.46838646636865,0.471955818127813,0.462732279070423,0.438385464170115
1752,0.399303643881277,0.427945028501896,0.469118733937355,0.46815867708829,0.471904984766628,0.462703010910076,0.438298543494618
1753,0.399191851930316,0.427959694228909,0.468994002465749,0.467991771452676,0.471833794351574,0.462639738297643,0.438202071803811
1754,0.399138350484943,0.427964402422822,0.468870565768799,0.467819302344332,0.471740949838867,0.462562632043694,0.438099055917663
1755,0.399082704627663,0.427998265036271,0.46873504678424,0.467697906438505,0.471694188782522,0.462534293518991,0.438049722977308
1756,0.399051982508996,0.428036884085617,0.468665077233081,0.467633839653625,0.471660053701556,0.462501756307604,0.437973298467779
1757,0.399005356858788,0.428039795702293,0.468635971798097,0.467604969946751,0.471712089544395,0.462506473001772,0.437874206400254
1758,0.398994852970375,0.428092694983296,0.468671166013742,0.467623138297091,0.471821382832905,0.462557997571506,0.437825244734031
1759,0.399032501899079,0.428205082311747,0.468782493566542,0.467687399648228,0.471941349872529,0.462614724802343,0.437861671776842
1760,0.399127632427754,0.428305966104847,0.468872361020027,0.467787588398561,0.472077436279312,0.462686762444492,0.437955797929701
1761,0.399304506776945,0.428445973562047,0.469011101431689,0.467915958757159,0.472206193167865,0.462817077342054,0.438107022391532
1762,0.399503138097352,0.428657121544099,0.469211365286523,0.468074598345028,0.472336926912237,0.462942670746944,0.438299527065114
1763,0.399740211468041,0.428867546745143,0.469409622745454,0.468284689139359,0.472535679957894,0.463101242833149,0.438486353751093
1764,0.399991487859291,0.42910498757849,0.469663637242503,0.468555402691426,0.472774651256001,0.463284303532097,0.438646557422572
1765,0.400264940331358,0.429429129987144,0.469968644075858,0.468869041951836,0.473041977677704,0.463479193041302,0.438894725091891
1766,0.400610196896701,0.429768060795186,0.470273184293397,0.469208182640906,0.473345513274915,0.463744427356219,0.439208533226833
1767,0.401026047929344,0.430134880631911,0.470652944016028,0.469608483279046,0.473671541749391,0.464033016331037,0.439488209456121
1768,0.401474211552914,0.43052773728438,0.471067692839633,0.470005340846743,0.474020113743885,0.464339227202146,0.439803523156456
1769,0.401976184331745,0.430918993083773,0.47148484277948,0.470409770859381,0.474401455186662,0.464655226661854,0.440118836807492
1770,0.402482617031072,0.431305313333859,0.471959728954501,0.470855472006882,0.474817676437683,0.46498780229633,0.440440317736107
1771,0.402910415660554,0.431633011358054,0.472484885360071,0.471299225963951,0.475251799532655,0.465335301300576,0.44087360232392
1772,0.403347211344474,0.431990864452107,0.472947709679964,0.471739498634579,0.475639633329892,0.465644436625097,0.441220005544966
1773,0.403738342590187,0.432333830915807,0.473384284324473,0.472203850903024,0.475998663710198,0.465938084002878,0.4415500225675
1774,0.404149159686679,0.432683518436641,0.473828053888508,0.472649569543374,0.476374238038133,0.466245274303476,0.441885620441494
1775,0.404567656790836,0.433073253104541,0.474227242256833,0.473069950874228,0.476714002039116,0.466520011729841,0.442133726164004
1776,0.405008906306957,0.43345016619825,0.474647806280812,0.47350079144537,0.477089110407302,0.466833752247772,0.442443576306044
1777,0.405479930241556,0.433829901066586,0.475107820773722,0.473951394241746,0.477509918555103,0.467213899996275,0.442820360748569
1778,0.405924546235361,0.434183830422432,0.475529576330591,0.47434779619763,0.477900589564615,0.46753027035646,0.443173212501536
1779,0.406402845646939,0.434515096706045,0.475951670159906,0.474726987264543,0.478298115388304,0.467822042810613,0.443546598915977
1780,0.406827436024749,0.434842353140791,0.476325849691548,0.475083550960473,0.478667371496821,0.468092967237498,0.443881616205084
1781,0.407195904054224,0.435131424475464,0.476650626253652,0.475375432951573,0.479024009193097,0.468313013849604,0.444208768726728
1782,0.407568155615767,0.435456098742657,0.476996625935823,0.475726024967915,0.479353434983924,0.468568549745819,0.444500849381981
1783,0.407916258684289,0.435834987356407,0.477315166712345,0.476099053633419,0.479654040712072,0.468828083978674,0.444728562012175
1784,0.408268485693625,0.436155826271127,0.477643111220363,0.476467706694106,0.479958624468003,0.469100550090971,0.444995056612979
1785,0.408612555324682,0.436445205924108,0.477983906640575,0.476858832205605,0.480224121802138,0.469391245006708,0.445257710127958
1786,0.408950817050066,0.436742305824611,0.478326447151059,0.477228260348092,0.480544156542378,0.469681827034883,0.445545908042409
1787,0.409278997206264,0.437003966727499,0.478661762607856,0.477594043913062,0.480891107824899,0.469985070341308,0.445875718764665
1788,0.409619458975488,0.437288363900015,0.478993345327381,0.477945915063121,0.481216329527301,0.470257750608594,0.44616133430654
1789,0.409963817674659,0.437595132528188,0.479331112825205,0.478269134102139,0.481564762019845,0.470508746012986,0.446436191490869
1790,0.410353591201033,0.437915582897517,0.479722060935755,0.478700479248036,0.481910552746164,0.470767217710023,0.446685575500508
1791,0.410725131266825,0.438233439213759,0.480084833580654,0.479051928018681,0.482208256066942,0.471075572502463,0.446957425024232
1792,0.411091311078555,0.438534594198418,0.48049838951769,0.479410380583157,0.482535910087844,0.471392563089125,0.447240018093834
1793,0.4114239472127,0.438823603593756,0.480841732312913,0.479763256939502,0.482821623939789,0.471657186832529,0.447481203081186
1794,0.411783779534242,0.439129231970008,0.481120402953389,0.4800435469818,0.483069851770339,0.471882624326738,0.447730924790776
1795,0.412155538695696,0.439386117096868,0.481421151290549,0.480333666361585,0.483366349242696,0.472104118536952,0.447975948907131
1796,0.412528352950267,0.4396772213575,0.481739477788987,0.480642970231256,0.483625789116914,0.472322452229589,0.448231136631587
1797,0.412931118689296,0.44004646914547,0.482107758962621,0.480994602300342,0.483939026988794,0.472578666558691,0.448517164200627
1798,0.413314630520314,0.44036958816441,0.482465530869687,0.481344535823682,0.484286706420716,0.472874521109937,0.448795283412571
1799,0.413669694488862,0.440695568840308,0.482801251736224,0.481690229570838,0.484581489528545,0.473148331648556,0.449065537954853
1800,0.414029694017003,0.441050339403168,0.483137092370886,0.482063632474496,0.484944384920241,0.473420506087872,0.449320859388484
1801,0.414029694017003,0.441050339403168,0.483137092370886,0.482063632474496,0.484944384920241,0.473420506087872,0.449320859388484
1802,0.41437597609476,0.441440231321372,0.483461538275689,0.482472391094388,0.485346004594435,0.473676714168508,0.449624536678352
1803,0.414699271742188,0.441866907932207,0.483887912359991,0.482952028595924,0.48565587561095,0.473914746640808,0.449980494252938
1804,0.415031372434941,0.442320334318435,0.484326847801975,0.483362685011704,0.486063406521054,0.47410727380261,0.450301027292779
1805,0.41533823234725,0.442730961867457,0.48465971884738,0.483786488022494,0.486666396792261,0.47444592073869,0.450568862747774
1806,0.415661912673764,0.443184389597254,0.48505172084897,0.484287935724439,0.487287607360448,0.474827142399878,0.450938764776309
1807,0.416086474098038,0.443709975303281,0.485494102924649,0.484648049551457,0.487808983697048,0.475110626709208,0.451327976311904
1808,0.416452407552985,0.444198799143903,0.485713315396857,0.484951346368663,0.48821048328917,0.475421431797541,0.451639206711721
1809,0.416752559864618,0.444581971600713,0.485878095101736,0.485334621058477,0.488581628350319,0.47568081934681,0.451895148943505
1810,0.417093997975277,0.444934072567385,0.486227850320743,0.485738305733115,0.488984628829131,0.475838065282218,0.452145468096838
1811,0.417423328476991,0.445312769685478,0.486555737211253,0.486121425864552,0.489336942200353,0.476071318842905,0.452455512414762
1812,0.417724863347017,0.445639885759852,0.486926365288777,0.486460744719712,0.489663693441826,0.476350549753305,0.452769320547305
1813,0.418043964643035,0.44597143313103,0.487266983118307,0.486892264963371,0.490083239448063,0.476623087172458,0.453140652178901
1814,0.418410718304644,0.446320715380501,0.487584991580411,0.487293043389345,0.490500260022605,0.476858818940462,0.45350359443923
1815,0.418774962941115,0.446683419157233,0.487854034631901,0.487548323841465,0.490807203678685,0.477141373436419,0.45373212591025
1816,0.419137332865662,0.447004473070304,0.488068131056641,0.487818749949115,0.491110818858826,0.477357795644018,0.453944871262668
1817,0.419406066056779,0.447238444031451,0.488354844380564,0.488044179285645,0.491505988123926,0.477576167399852,0.454224772640449
1818,0.419702125941431,0.447526972399508,0.488756131606228,0.488296614925438,0.491883852963655,0.477838917879901,0.454504564816417
1819,0.420052982895264,0.447821825625123,0.489096485569691,0.488676052730932,0.492171461480468,0.4780543243951,0.454785588260652
1820,0.420379067224282,0.448063166815792,0.489436657132839,0.489011733566773,0.492587205818583,0.478260218859334,0.455063169338931
1821,0.42071836251571,0.448381932067008,0.489782471750494,0.489322692289077,0.492945936318294,0.478486268819725,0.455401259845783
1822,0.42109556974857,0.448748153977201,0.490172885180364,0.489631693354365,0.493288685992281,0.478707986295689,0.455733564119095
1823,0.421395176758649,0.44910912188511,0.490463402597008,0.490010157130407,0.493540735079419,0.478896020879579,0.456057225888448
1824,0.421718690026696,0.449413166617892,0.490709557779642,0.490306194531966,0.493901066721815,0.479103353067908,0.456367164468555
1825,0.422197344411497,0.449776935584237,0.491015968322777,0.490544915470953,0.494200173266905,0.479374109630692,0.456687621748599
1826,0.422606840568202,0.450074556662474,0.49134897298433,0.490917869225018,0.494513469375409,0.479631921977267,0.456892066857963
1827,0.422953450189307,0.450283283945517,0.491666710282118,0.49128775400902,0.494879346749393,0.479856036331407,0.457075013902055
1828,0.423419681765877,0.450609908170507,0.49202107677274,0.491599107799303,0.495213232929612,0.480097574778815,0.457409861275705
1829,0.423866156163528,0.451034744613959,0.492404506752441,0.491963853313554,0.495611337277569,0.480314616755492,0.457753591808584
1830,0.424251215095417,0.451417811874579,0.492739092031052,0.492276579341504,0.495964834346745,0.480565035301582,0.458055075610711
1831,0.42460797021029,0.451811417352948,0.493036688291122,0.492550980817582,0.496344534971055,0.480802551377664,0.458329130345503
1832,0.425057870365805,0.452219368537895,0.493300255166249,0.492755325061619,0.496619934029575,0.481119382719088,0.458634829217887
1833,0.425464693120873,0.452616726924285,0.493573080737581,0.4930960141558,0.496885388642893,0.481378670435325,0.458884239500998
1834,0.425788179991483,0.452915801616478,0.493875612218707,0.493500373311388,0.497191932235317,0.481598551960491,0.459118685857774
1835,0.426109910197976,0.45315823151445,0.494188677010423,0.493821634803434,0.497526226118443,0.48192586018899,0.459431472254259
1836,0.426464591843864,0.453489166036436,0.494518267993889,0.494190475235256,0.497882273573522,0.482168059708645,0.459762951958608
1837,0.426853907394991,0.453868171458596,0.494861429170879,0.494575850498156,0.498233893278541,0.482347932905882,0.46017649416487
1838,0.427153214412854,0.45416955173379,0.495161342131278,0.494821346848219,0.498561494647847,0.482598998533945,0.460527853183399
1839,0.427497564106474,0.454498211140145,0.495475938563307,0.495077498029312,0.498883392953762,0.482858494172031,0.46082329575186
1840,0.427993779355832,0.454911685318707,0.495801382519172,0.495340126788209,0.499194272357116,0.483093620140888,0.461068132296836
1841,0.428357858715153,0.455242851546818,0.496089449396008,0.495632092668323,0.499479169250097,0.483315574065613,0.461364988440317
1842,0.428633693655775,0.455516633856291,0.496372528579242,0.495886385467833,0.499754365432309,0.483585617320801,0.461637991298369
1843,0.428883855808846,0.455747698937936,0.496639755159549,0.496138662626875,0.500001099961552,0.483828266199597,0.461858208852954
1844,0.429183726645561,0.456091192724123,0.496879634793255,0.496470554620562,0.500274441098215,0.484030594207611,0.462189719877959
1845,0.429441809027729,0.456421564774251,0.497089545756705,0.496812723586131,0.500552908558613,0.484135158708139,0.462409980048958
1846,0.429738553570306,0.456715484462234,0.497319264411502,0.497069650651011,0.500889148720678,0.484259228759046,0.462480843148575
1847,0.430002375103066,0.457013394467749,0.497530754087317,0.497267435399922,0.501184059576841,0.484512573766431,0.462688039599429
1848,0.430254676688711,0.457276983306701,0.49770128186219,0.497463568784314,0.501358517814939,0.484664369619282,0.462875690716037
1849,0.430520452644614,0.457501896753213,0.497800724004534,0.497617341965767,0.501334886794944,0.484728436168469,0.463053924328229
1850,0.430714577203682,0.457698326480835,0.497948368132091,0.497760800534236,0.501483414860685,0.484861895946986,0.463208957968101
1851,0.43084764704942,0.457859988070564,0.498131852814876,0.497876221793701,0.5016873008266,0.485048611536513,0.463392847465062
1852,0.431013435659373,0.458026382401246,0.498233771491046,0.498028115138831,0.501792672938825,0.485130155008517,0.463575657955332
1853,0.431161855183318,0.458200095614951,0.498289898720784,0.498154334752856,0.501835755930716,0.485190141344465,0.463597842755601
1854,0.431207764126953,0.458289660951877,0.498368361768325,0.49821590671017,0.50195172922463,0.485263211939561,0.463599578761036
1855,0.431151486080248,0.458346983992298,0.498394251497274,0.498207844406619,0.501982305293549,0.485310735232646,0.463618037863327
1856,0.431127074961212,0.458410369616374,0.498299645879213,0.498210073473896,0.501904880267877,0.485325464626437,0.463630652883036
1857,0.431081395009853,0.458411417114092,0.498209829210437,0.498142912775959,0.501811198812391,0.485284052661648,0.46359098261554
1858,0.43098584631603,0.458360687248649,0.498151361352003,0.497986794388958,0.501793491192567,0.485236804783115,0.46358521139814
1859,0.43083055883953,0.458242554877053,0.498014850238019,0.497847567238661,0.501639473197562,0.485167170600534,0.463492908433539
1860,0.430700028506822,0.45805753769088,0.497769112160323,0.497726129712727,0.501318295101902,0.485021090972552,0.463285682999241
1861,0.430482827514697,0.457900356292563,0.497544990186644,0.49750450034112,0.501031697381523,0.484870487484802,0.463095332614751
1862,0.430177969266644,0.457777036465578,0.497356987489299,0.497214225453071,0.500760829252853,0.484746196623481,0.46288117969976
1863,0.429839202371583,0.457484323298884,0.49703674382646,0.496936319972618,0.50042345571855,0.484579602284947,0.462707120340911
1864,0.429435415366048,0.457134810145596,0.496671195465432,0.496608355131645,0.500008376456171,0.484329305309673,0.462465866749865
1865,0.428964788293129,0.456796279735367,0.496314145161016,0.496187831208793,0.4995629208031,0.484008587403287,0.462101794035741
1866,0.428435542490944,0.456381875686801,0.495874575006724,0.495720082278312,0.499070936721967,0.483634760937479,0.461648752212863
1867,0.427833449375338,0.455868814971855,0.495424771001974,0.495237028877984,0.498593666682289,0.483174703831863,0.461065097194971
1868,0.427140903013033,0.455311396021317,0.494825202204015,0.494651389891241,0.497945292230476,0.48273381342782,0.460504100429466
1869,0.426420185559858,0.454744102943783,0.494087819747035,0.493997551284545,0.497199314509646,0.482320431655241,0.459894464058787
1870,0.425583379838093,0.454078953406694,0.493351093166968,0.49323438262375,0.496392019957872,0.481750716737414,0.459203080197953
1871,0.424670325439131,0.453322898052863,0.492569887820764,0.492350417671869,0.49549921273779,0.481130164972203,0.458499972958251
1872,0.423590435434515,0.452522466917007,0.491703485842246,0.491477814228269,0.494483865195206,0.480423629937555,0.457710151537504
1873,0.422413560634895,0.451555424834523,0.490700921244667,0.490557557211459,0.493435701375575,0.479624857471951,0.456729298763769
1874,0.421188076923781,0.450462144087028,0.489621261417768,0.48950003853505,0.492290409659979,0.478739139985868,0.455732430666491
1875,0.419874926657861,0.449340623504426,0.488484081224137,0.488335343935258,0.491048532271744,0.477780993113226,0.454662256910843
1876,0.418419202584095,0.448113077352665,0.487145263317312,0.487025552079371,0.489635474520086,0.476750793343236,0.453414264272536
1877,0.416785345534484,0.446776313556615,0.485676447989285,0.485613136120619,0.488083640265908,0.475615662111987,0.452108221842067
1878,0.415025960694996,0.445461952771822,0.484137881784261,0.484053640684019,0.486415680255647,0.474384900130865,0.450781562075268
1879,0.413127823677199,0.443935526777982,0.482446950711597,0.482344993963169,0.484606834425724,0.473013257960053,0.449225768473087
1880,0.411073339608001,0.442234887261147,0.48061904125495,0.480596180834687,0.482649408778417,0.471520171832827,0.447519408579223
1881,0.40884278780774,0.440383878300197,0.478564062564895,0.478613188338492,0.480533860499279,0.469956724885294,0.445691984083737
1882,0.406487815152044,0.438408057086145,0.476338326193367,0.476427543216278,0.478331102656272,0.468304558911811,0.443707961268427
1883,0.403985629311143,0.436307163412405,0.473944806067209,0.474022318402911,0.475876880487923,0.466507310450897,0.441584274571223
1884,0.401233454838417,0.433967496210152,0.471461593077765,0.471518132105714,0.473170459925139,0.464493156333586,0.439269623781786
1885,0.398223458368582,0.431431604450841,0.468845008482461,0.468871563590061,0.470344536101006,0.462389776506148,0.436820894905232
1886,0.395063369195284,0.428755453510271,0.46595254883775,0.46599276057924,0.467326951313853,0.460161023234112,0.434207456672338
1887,0.391720765468476,0.42593274270818,0.462933174978103,0.462923963195147,0.464128594281529,0.457769758231208,0.43141884466582
1888,0.38817398570258,0.422873488282164,0.459687670947624,0.459656421167788,0.460682340541683,0.455155164502802,0.428406672532289
1889,0.384435139822461,0.419618788025485,0.456084441695159,0.456120148967041,0.456964543713519,0.452435710617768,0.425209532297034
1890,0.380473076753066,0.416184666404863,0.452422657623196,0.45249072937148,0.453191246983752,0.449523646757148,0.421868821924752
1891,0.376224140049945,0.412441667097226,0.448676139529111,0.44875912098513,0.449258245027328,0.446306191306348,0.418270393129868
1892,0.371889329921187,0.408668654360321,0.444712925288662,0.444741434073144,0.445091561013894,0.442998638162656,0.414560649791277
1893,0.367330620474269,0.404807303804474,0.440538585049971,0.440461427628399,0.440769952335267,0.439580047897178,0.410716362049499
1894,0.362684116217676,0.400755213972945,0.436192158386847,0.436075574157169,0.436304984003851,0.43603330256426,0.406748223852316
1895,0.357887948802535,0.396483823151615,0.431707397806458,0.431569125142638,0.431577568648182,0.432210478451352,0.402546027087737
1896,0.352967019217643,0.392138231897214,0.427095440799134,0.426888578797162,0.426696131678313,0.428288192045282,0.398263601882596
1897,0.348061631912188,0.38773877616389,0.422460106308846,0.422191058696072,0.421894501043271,0.424358440382991,0.394007356848873
1898,0.343055460053786,0.383138124925329,0.41770445511659,0.417461155514733,0.417068229974583,0.42028892100928,0.389697088045347
1899,0.338031643824288,0.378599956311278,0.412977105256087,0.412696314184803,0.412246139958623,0.416259276650183,0.385335562584916
1900,0.332917313753758,0.373992075810144,0.408131334048562,0.407745570372838,0.407348060626212,0.412168012320078,0.380886092397903
1901,0.327961834519718,0.369505436220713,0.403445194904281,0.402950984315216,0.40257964796503,0.408183445726491,0.37656807832981
1902,0.32293862838501,0.364973990307044,0.398674868565868,0.398066445724202,0.397727305049361,0.404121217351537,0.372121317663926
1903,0.318097099878546,0.360597758282244,0.394192817764471,0.393500238769094,0.393163592499534,0.400281487795273,0.367935843200364
1904,0.313345772252628,0.356299971229019,0.389871967343662,0.389094011938338,0.388715724692516,0.396582118688528,0.363922436521927
1905,0.308832943157307,0.352162341916462,0.385732830982103,0.384801736425752,0.384511489902488,0.392980746671075,0.360022265443812
1906,0.304496896280418,0.348258711536692,0.381760152988917,0.380740077315948,0.380505251594498,0.389538554246395,0.356318068154526
1907,0.300301698747053,0.344502286919581,0.37796842692381,0.376962034460274,0.376723579079168,0.386188017027306,0.352764013983106
1908,0.296294947687448,0.340927631327903,0.374404142571248,0.373288086454858,0.373138173227049,0.383140582507571,0.349428982964942
1909,0.292447009474145,0.337540943439119,0.370989567988091,0.369672084099845,0.369763470602522,0.38028415971742,0.346274384122368
1910,0.288897778960032,0.334407440615659,0.367841689640636,0.366400450913638,0.366566968137873,0.377610378946357,0.343321506838068
1911,0.28556297627734,0.331485146053359,0.36496039919416,0.363387229960848,0.363506964913321,0.375190311021645,0.340557853489176
1912,0.282420823211691,0.328699588915989,0.362268417483236,0.360567037499946,0.360773133709762,0.37292631220296,0.338011066805701
1913,0.279600212762678,0.326141412025116,0.359775946619761,0.358014252985349,0.358324996908905,0.370801751558898,0.335717767336303
1914,0.276882925003013,0.323765555082447,0.357487827983104,0.355619852394142,0.356008000010721,0.3688831652621,0.333525256737067
1915,0.274247237371494,0.321555454003584,0.355464015876786,0.353440288336842,0.353968043482826,0.367197137599841,0.331482059385204
1916,0.271838079248725,0.319432256347945,0.353565278087978,0.351394710123502,0.352092397021561,0.365664054859298,0.329642051090468
1917,0.269691823411181,0.317575808353713,0.351841715872292,0.349539433807727,0.35033003995246,0.364279223428152,0.327959420011713
1918,0.267833788578554,0.316006241989579,0.350325670633196,0.347873796141698,0.348671829567942,0.363094852165918,0.326405609056158
1919,0.266018217464728,0.314491924478767,0.348914137980485,0.346358101439305,0.347203330569629,0.361959033350489,0.325046097044627
1920,0.2643900841328,0.313126990182427,0.347625963845635,0.344990372107585,0.345885073681504,0.360909262102281,0.323935420296676
1921,0.262901396041637,0.31188506623756,0.346526791371941,0.343813855780822,0.344759908500635,0.360059900539685,0.322866201556976
1922,0.261485587123001,0.31078320380817,0.345587701800882,0.342864086098026,0.343831764703677,0.359391357793986,0.321892162649136
1923,0.26027784594982,0.309796688228922,0.34477846717281,0.341984100634589,0.34300104353663,0.358756935439532,0.321085873305613
1924,0.259337208069844,0.308935211708956,0.34422768554551,0.341303584806974,0.342382585917495,0.358241174126827,0.320437268996726
1925,0.258451804529832,0.308205227207152,0.343672799914673,0.340667434246358,0.341825783567512,0.357860701191072,0.319872769852769
1926,0.257648544800417,0.307640288260625,0.343175129049558,0.340057846935815,0.341365346507466,0.357589932235888,0.319457387736089
1927,0.257018228567942,0.307128493344892,0.342765596959275,0.339569466275724,0.340981701236257,0.357371184988681,0.319125966767458
1928,0.256497124578243,0.306726551175815,0.342529546956605,0.339323221585164,0.340730409537262,0.357218734838202,0.318898819250339
1929,0.256096935222152,0.306431760685911,0.342381158456955,0.339294788883878,0.340592273639118,0.35722995203801,0.318795652798346
1930,0.255807100801338,0.306262507917813,0.34235832153828,0.339239212060094,0.340557878013045,0.357242550008974,0.318704190195134
1931,0.255672682482143,0.30620086951725,0.342543123839402,0.339331713961802,0.340649396589451,0.357170926157968,0.318646806453012
1932,0.255592235739412,0.306212523078651,0.342739165906908,0.339513524649162,0.340808673074581,0.357345233988504,0.318752871031657
1933,0.255590795678881,0.306355173480206,0.342991163163898,0.339731981712909,0.341091559542142,0.357749940830128,0.318945457872558
1934,0.255703440476952,0.306564944761914,0.343331095893017,0.340021589916645,0.34141036733673,0.358105313302942,0.319202106362607
1935,0.255906588265535,0.306849220767109,0.343813532639826,0.340465009834615,0.341790767378303,0.358560129299436,0.319609651370063
1936,0.256216732062502,0.307204088988614,0.344287277965471,0.340961198932946,0.342250026860128,0.359048809724742,0.320076284392005
1937,0.256630646202066,0.307637281379164,0.34479949952359,0.341511430694859,0.34277824248761,0.359569326728818,0.320604755232571
1938,0.257175048811104,0.308170546834571,0.345339593039905,0.342050494087168,0.343380813246159,0.360096770718796,0.321150855749122
1939,0.257743507750383,0.308754157270697,0.345988111677137,0.342722305017305,0.344010784105176,0.360659189814469,0.321803049216056
1940,0.258409982172891,0.309423359001573,0.346666076241686,0.343519512459839,0.344695247199432,0.361262610316719,0.322619897409873
1941,0.2591037559329,0.310093911982806,0.347446404243223,0.344362322811349,0.345457620119303,0.361929837851302,0.32335276098572
1942,0.259851778816905,0.31081054879627,0.348405544238991,0.345314846844421,0.346278634040271,0.362593524596447,0.324058287134268
1943,0.260642214281172,0.311591354357573,0.349280989705343,0.346216957319472,0.347133194311988,0.363352115271357,0.324871712336182
1944,0.261493497621847,0.312405285239511,0.35013104669349,0.347122739961371,0.348089777409914,0.36426584632522,0.325711297429787
1945,0.262376645080105,0.313259908181122,0.351076925103528,0.348132508562309,0.349039773166551,0.365116121248155,0.326609049413551
1946,0.263296799032309,0.314224929415298,0.352069372837009,0.349190791873633,0.349993975122098,0.365964877539116,0.327639866444467
1947,0.264261480699084,0.315166652295659,0.353070527829325,0.350239545968531,0.350990393329408,0.366850882638061,0.328634224206094
1948,0.265268329334295,0.31611820984056,0.354109585315807,0.35132755541301,0.352020023537711,0.367754652722553,0.329638293592387
1949,0.266331431186769,0.317056082109011,0.355249331650481,0.352546814736344,0.353109536384805,0.368662352104097,0.330653306473937
1950,0.267393990581093,0.318068109156478,0.356316740284163,0.353672029128513,0.354157873479518,0.369590199738875,0.331679833041583
1951,0.268506794747514,0.319147743757842,0.357332149244024,0.354696958069738,0.355207253785399,0.370549434647107,0.332704050914734
1952,0.269596469600684,0.320168531383221,0.358434602024294,0.355862133333638,0.356287418542754,0.371525831474737,0.333769160106406
1953,0.270682771140757,0.321184597563747,0.359586288971838,0.35712472245016,0.357337517479688,0.372516873244393,0.334873070524191
1954,0.271794800175609,0.322246108835844,0.36071934283854,0.358334033529663,0.358470748124627,0.373509366694561,0.335960260673163
1955,0.272924053813921,0.323316573929789,0.361917795047231,0.35961888975445,0.359734171250662,0.374550421473793,0.337073708402972
1956,0.274053066053722,0.324369104940829,0.363054214019524,0.360814666818924,0.360884888955137,0.375557268875393,0.33817385571183
1957,0.27521311030035,0.325450244811283,0.364134470699185,0.361898333120268,0.36200836442775,0.376545562848752,0.339247620000945
1958,0.276353510747849,0.326543945205493,0.365246327793478,0.363068879262774,0.363151677538599,0.377533461861206,0.340349867600618
1959,0.277497092279033,0.327640655274467,0.366383127711301,0.364277965349015,0.364285231677836,0.378552773267333,0.341500596530867
1960,0.278610974481595,0.328698338103375,0.367466781861084,0.36543644086394,0.365340668110513,0.379495758189527,0.342600960383386
1961,0.279746267004718,0.329762248019164,0.368567933053894,0.366632275081304,0.366475334535064,0.380473469487043,0.343711944700108
1962,0.280904823217836,0.33085160700104,0.369685365318365,0.3678998955044,0.367698521303241,0.381423063359153,0.344823427769471
1963,0.282009766136569,0.331947119610315,0.370781129591137,0.36909588045389,0.368810058102764,0.382433198281252,0.345944405055679
1964,0.283047200412866,0.333009326615568,0.371837105557237,0.370256943227352,0.369853904483535,0.383515642268606,0.347083140368293
1965,0.284191132154643,0.334095580063953,0.372942214273743,0.371417562437649,0.370963687517033,0.384495559974229,0.34817088547342
1966,0.285407737957794,0.335271086548571,0.374103198067923,0.372564131316007,0.372097191883514,0.385432828651827,0.349226652547644
1967,0.286525853547715,0.336352078833358,0.375193278835948,0.373710813385603,0.373166835165517,0.38642119902117,0.350319040990602
1968,0.287678251003109,0.337381224411851,0.376263186224212,0.374832831659036,0.374227966662367,0.387393152220688,0.351403929861271
1969,0.288795770877822,0.338405738921669,0.377338593160523,0.375972846563867,0.375303975962277,0.388339597496267,0.352470680473175
1970,0.289779012053188,0.339333132833185,0.37835959256026,0.377123018124504,0.376309936285386,0.389323816889512,0.353576087599041
1971,0.290816456853658,0.34034352402534,0.379406584261084,0.378271358174347,0.377349018222486,0.390296458329318,0.354654937828093
1972,0.291874755513857,0.341382300681544,0.380465916990337,0.379422015282953,0.378410465466526,0.391248137699749,0.355711162975021
1973,0.29298394484089,0.342465197544191,0.38156701038441,0.380587655704164,0.379537972585374,0.392113197918882,0.356713224473003
1974,0.294081776607392,0.343493820730632,0.382619556134812,0.381724533506206,0.380619114773615,0.393065011525482,0.357738146306584
1975,0.295199473652404,0.344554490942649,0.383639197129923,0.382838918634254,0.381691754745928,0.394057185312737,0.358739206379802
1976,0.296276191496743,0.345588386740698,0.384704383118299,0.383982338108927,0.382754098499125,0.395061946947112,0.359800237679877
1977,0.297344931206723,0.346549703497052,0.385795002572265,0.385144862581391,0.383838010535649,0.39612082376586,0.360910790398472
1978,0.298420318690824,0.347565240936547,0.386848818741501,0.386268851318049,0.384867468112811,0.397110598576757,0.361961648228501
1979,0.299444524779373,0.348629422081526,0.387932098334737,0.387390139029239,0.385807204827591,0.398092106957274,0.363011830759424
1980,0.300519342222342,0.349670582203596,0.38896350056507,0.388507007052278,0.386828126992929,0.399074006484525,0.364080377435383
1981,0.301683434279006,0.350729847871512,0.389893992386301,0.389591238654631,0.387854887042951,0.400013256387021,0.365150474746207
1982,0.302768003195086,0.351746927947276,0.390904189510837,0.390680911769344,0.388901445025818,0.400954644977574,0.366163269572334
1983,0.30378037405348,0.352695981797407,0.391998474083228,0.391807388481853,0.390028930863953,0.401936664634102,0.367155272446552
1984,0.304864002575065,0.353723012009617,0.392997245568877,0.392894521172181,0.391154488544369,0.402878729090587,0.368188169673819
1985,0.305924850268583,0.354726833643021,0.393987670319525,0.393944032530222,0.392159597982929,0.403789932309669,0.369177525989909
1986,0.306972897091909,0.355739715330607,0.394982654349875,0.394936519662274,0.393062394385779,0.404619250063529,0.370068031922438
1987,0.307982386440678,0.356689119931051,0.395981826053502,0.395970675003549,0.394059078415402,0.405553627806146,0.371049842429191
1988,0.308997805243129,0.35760696491152,0.396918247441518,0.397002283353097,0.394996326217432,0.406554816380281,0.372132822222063
1989,0.309993837496276,0.358561038588166,0.397892347587439,0.398008315836193,0.396000091206072,0.407462275581845,0.373092434573557
1990,0.310961798501041,0.359532050423542,0.398950383061382,0.399062256428684,0.397184578611595,0.408422182656532,0.374019062259197
1991,0.311891776479679,0.360409195381571,0.399923341208281,0.400034679084902,0.398179064629589,0.409278755999828,0.374924084119774
1992,0.312821730757448,0.361295741875566,0.400874867401847,0.400924590006783,0.399119058193276,0.409945337436176,0.37577211195762
1993,0.313713897899891,0.362133539341265,0.401776418087181,0.401827533502385,0.399977900242917,0.410733819268676,0.376601670713487
1994,0.314537471930036,0.362819855723201,0.402675423660723,0.40272151747824,0.400628377111406,0.411562365756732,0.377426355249525
1995,0.315335024705792,0.363543968479556,0.403455577604105,0.403579702998694,0.401400779857242,0.412412302687683,0.378211912651537
1996,0.316170645768809,0.364335439510344,0.404242570026733,0.404398834790991,0.402208567695122,0.413141328333786,0.378968998733638
1997,0.317059966455171,0.365228245157953,0.404968448441246,0.405215919867504,0.403056592363128,0.413871238696509,0.379684493509967
1998,0.317831128427149,0.365966282008569,0.405709906315217,0.405952124971925,0.403794170146151,0.414556635420043,0.380382209308744
1999,0.318610043302581,0.366711050072058,0.406455535761704,0.406599978875369,0.404544146903527,0.415127687014746,0.381079017817289
2000,0.319253079919106,0.367344351300876,0.407136346399585,0.407270350512299,0.405267641784486,0.415712923938335,0.381700595575116
2001,0.319722660337336,0.36785066605898,0.407810338573326,0.407946014563987,0.405934564676905,0.416356733530379,0.382273549312168
2002,0.320284194864568,0.368367405790953,0.408407411443979,0.408535764483308,0.406535518195369,0.416887113162739,0.382801506642408
2003,0.320909511809874,0.368877194272772,0.40892101273697,0.409116703041263,0.407163469192637,0.417260673721861,0.383248276726063
2004,0.32134961109466,0.369297360381038,0.409432041317766,0.409609256591745,0.407708543362013,0.417729445820131,0.383712295828435
2005,0.321708078932124,0.36959817178636,0.409929911728079,0.409974891357995,0.408111281044539,0.418289169417308,0.384203592977349
2006,0.322060587039108,0.369943444136976,0.410347072536359,0.41034748484157,0.408504379393214,0.418696621391637,0.384589687418185
2007,0.322299567600232,0.370271712644846,0.410725195207529,0.410733628288723,0.408891153119065,0.419087970506714,0.384954925554148
2008,0.322474386818202,0.370595877901405,0.411058856798523,0.411024822178327,0.409262322918549,0.419391414409896,0.385234715757062
2009,0.322634966653928,0.370785934339789,0.411313743189584,0.411212634835878,0.409520726124137,0.419652327131698,0.385443218433743
2010,0.322864014786716,0.370961006052446,0.411472872115004,0.411299160757698,0.409667245897426,0.419787553543151,0.385538919429221
2011,0.322909627364876,0.37104721893982,0.411631952746402,0.411435769736033,0.409831543028218,0.419921306812957,0.385636189602198
2012,0.322818739624997,0.370996614563473,0.411754873225838,0.411531578652046,0.409976383611423,0.420047451769396,0.385693054240272
2013,0.322710045113867,0.37091742327257,0.41182420250251,0.411528192374593,0.410023086544252,0.420126025435258,0.385688893987277
2014,0.322535612431889,0.370791702229255,0.411870043981405,0.411549437974273,0.41001614856558,0.420132564495679,0.385627820271411
2015,0.32230832007537,0.370660161426235,0.411834155357051,0.411465822007564,0.409984564921941,0.420098551854205,0.385533068757441
2016,0.32200173106256,0.370489401905114,0.411744647433113,0.411213058210991,0.40990496274743,0.420047509501034,0.385406848366886
2017,0.321660401358457,0.370220626634899,0.411583687192212,0.410958911145763,0.409726329503446,0.419946554401746,0.385214856708716
2018,0.321304656478166,0.369932283224368,0.411328924647224,0.410680007933789,0.40948655720347,0.419768021761152,0.384951355181113
2019,0.320861004231943,0.369587164971022,0.411055186662137,0.41036270530128,0.40920921356574,0.419568415967629,0.384663706664867
2020,0.320347567795665,0.36914154611826,0.410717863138994,0.409957666016656,0.40878081367692,0.41934527879782,0.384315222090365
2021,0.319771660400432,0.368623759708555,0.41032062412556,0.409577350414375,0.40839445276399,0.41908552880168,0.38394957670149
2022,0.319167457027188,0.368078674904507,0.40996768172711,0.409124026540454,0.408025419455897,0.418790208185509,0.383532582186945
2023,0.31849803330804,0.367521229049434,0.409672218027611,0.408658559769763,0.407734537653317,0.418464902445323,0.383116910430673
2024,0.31775935494188,0.366887155963553,0.409195072224303,0.408123321714284,0.407249290703277,0.418082191270447,0.382597027298481
2025,0.316978667726809,0.366155129369396,0.408648049359,0.4075143667871,0.406672605137367,0.417649146855804,0.381968859320491
2026,0.316167631581472,0.365434798112032,0.408090688555514,0.406885783242958,0.406124599521608,0.41719740438788,0.381361570704135
2027,0.31526445244224,0.364716094284948,0.407442326141551,0.406265142609178,0.405545419223932,0.416713091197817,0.380737063646515
2028,0.314349395159475,0.363910459293765,0.406726654427966,0.405520903925366,0.404846412626667,0.416169611961424,0.380029699593816
2029,0.313465842439037,0.363023318924523,0.405967767128258,0.404642465361307,0.404065898561367,0.41559059895044,0.379254863349823
2030,0.312470160955767,0.362139292531799,0.405218635019616,0.403804305993941,0.403330017115318,0.414974854167499,0.378502461366648
2031,0.311379410112932,0.361202706859458,0.404392769306261,0.402899015145756,0.402519666925485,0.414292364142318,0.377727427727381
2032,0.310244243644526,0.360265622769643,0.403519232648502,0.401994569325354,0.401647459636221,0.413570329908669,0.376871959957667
2033,0.309163630251259,0.359301623137688,0.402761174476111,0.401179623247919,0.400893783096917,0.412884960076885,0.376038859331523
2034,0.307978058915132,0.358290784048061,0.401917121425288,0.400289826130519,0.4001528048582,0.41218677626618,0.375167935108104
2035,0.30680531868185,0.357235672163145,0.401034044789077,0.399347414099697,0.399238038296956,0.411466768958492,0.374277895146023
2036,0.305681889263664,0.356098504389258,0.400090134575372,0.398358005949606,0.398122630638587,0.410782902214284,0.373327039351006
2037,0.304461255873819,0.355000113806152,0.399129511822424,0.397364726930729,0.397181073776475,0.409967959211953,0.372377231153583
2038,0.303109909546346,0.353881538715498,0.398131790383762,0.396306673662863,0.39628377743263,0.409013317652198,0.371412844947052
2039,0.301854933128328,0.352776081759267,0.397141015862951,0.39528155622678,0.39528075745816,0.408195610258737,0.37044870689927
2040,0.300589878341551,0.351700084880649,0.396072244665706,0.394275267688,0.394281746272245,0.407374129089303,0.36943448504907
2041,0.299335250578202,0.350553154586292,0.395074969228828,0.393226438111857,0.393287913225095,0.406541178868939,0.368456123971513
2042,0.298140331043804,0.349332619486457,0.394135237941643,0.392155222798026,0.392145211302418,0.405795426682508,0.367529192532166
2043,0.296917402259677,0.348189737797482,0.393141443347468,0.391085710229836,0.391101816840757,0.405002676114895,0.366571001284002
2044,0.29567738514301,0.347062122396301,0.392093062966887,0.38999806989155,0.390132411670873,0.404147485795518,0.365623890170979
2045,0.294431131915682,0.345894701272035,0.39117956726329,0.388875062021501,0.389239497101828,0.403285726300992,0.364612824287354
2046,0.293199349499791,0.344797825756727,0.390191698228584,0.387820990084225,0.388185237757396,0.402498256890784,0.363589013818947
2047,0.291937005394777,0.343711477783998,0.389090130112327,0.386802595749754,0.387138284581218,0.401667196270881,0.362548023160515
2048,0.290698164691825,0.342631806184918,0.388066214175386,0.385757496985132,0.386168104876681,0.400789336857998,0.361554593325923
2049,0.28951534928531,0.341637935662044,0.387126699099436,0.384738984708656,0.385213367238617,0.399982270135579,0.3606595444268
2050,0.288397615184743,0.340635447028307,0.386247350031697,0.383778717875992,0.384300565930546,0.39918575594342,0.359784977085641
2051,0.287353577430247,0.33969044302991,0.38547867260019,0.382821307807237,0.383490210617326,0.398382999501538,0.359039341983222
2052,0.286305080814703,0.338736734295825,0.384653994052886,0.381923792120752,0.382648923733797,0.397627399608918,0.358171682085913
2053,0.285305826437079,0.33773825463159,0.38382691113258,0.38113610319838,0.381760481019726,0.396931593205434,0.35720473652514
2054,0.284319951215502,0.336844185933698,0.383070180790276,0.380315076520242,0.380959876589012,0.396229072162697,0.356383735636623
2055,0.283304071497603,0.336000202540889,0.382339380820069,0.379493841532142,0.380198466436852,0.395494641221276,0.355586348094979
2056,0.282397171823986,0.335218620049495,0.38161022138908,0.378687264643969,0.3794979264764,0.394880829280501,0.354828561297976
2057,0.281563708828864,0.334523088392046,0.380902437180769,0.377822964298431,0.378877648778235,0.394379263344955,0.35419423100753
2058,0.280758191874331,0.333831086785365,0.3802762940081,0.377099235419442,0.378265196297732,0.393804776956112,0.353541343642967
2059,0.280042517989227,0.333202752977434,0.379670857321354,0.376496796278119,0.377705377938509,0.393211394825857,0.352872258666161
2060,0.279320577889198,0.332565342624035,0.379074491315521,0.375883675062215,0.377147080441435,0.392739669129936,0.352210737693714
2061,0.278542767664447,0.331892640703052,0.378600701562079,0.375211857608489,0.376603370111646,0.39224663416852,0.351629268921872
2062,0.277891952816467,0.331356204236887,0.378246584665624,0.37457294510997,0.376116860701905,0.391725584309504,0.35108456966676
2063,0.27729138736546,0.330820754225905,0.377802570221841,0.373984288810092,0.375644293512498,0.391273513462902,0.350551134087577
2064,0.276767930159161,0.330307534629627,0.377317411104275,0.373322544363068,0.375194639073371,0.390939103476471,0.350014789142819
2065,0.276177072429705,0.329822931973698,0.376914038919385,0.372782259328949,0.374791346074983,0.390515502312567,0.349565706827615
2066,0.275596306819407,0.329379578976666,0.376544359466163,0.372441391499299,0.374476871646922,0.390040134916109,0.349221344456526
2067,0.275099309410319,0.328971707115116,0.37612899634898,0.371932522352624,0.37405911049253,0.389640419233952,0.348789785245835
2068,0.274639912662531,0.328671218729602,0.375729491134391,0.371277196362179,0.373564529699251,0.389270607374794,0.348370496739935
2069,0.274129548244451,0.328252443863669,0.375375096977565,0.370809271810727,0.373209599363941,0.388891803048891,0.347961300631031
2070,0.27368399437631,0.327759352752537,0.375007732087915,0.370441848593411,0.372906263585344,0.388518186691396,0.347464691021816
2071,0.2732234015047,0.327357515448696,0.374647962558817,0.370001797984553,0.372537801972552,0.388180438054427,0.347055762418707
2072,0.272669117634848,0.326904740968297,0.374360081919717,0.369603776859581,0.372201517175229,0.387851506319053,0.346711010938583
2073,0.27213740781561,0.32651531373259,0.374021484968977,0.369243259910991,0.371949033736948,0.387551916669826,0.346411457233804
2074,0.271793542864347,0.326261727223491,0.373631482914053,0.368802288992735,0.371542315931728,0.387242049954309,0.346087541544957
2075,0.271443731471789,0.325941102472969,0.373381145168766,0.368367024453711,0.371156771630049,0.387004185635742,0.345812317211842
2076,0.271002034711906,0.325583145781395,0.373173136802148,0.368024630542225,0.370914352891074,0.386708312446171,0.345449681792821
2077,0.270605865004895,0.325283144666492,0.372870981738101,0.367649365331295,0.370644721313194,0.386356768429387,0.345013912150257
2078,0.27023512335013,0.324969743232197,0.372596923922901,0.367276982737837,0.370363044867215,0.386098038104064,0.34468707044814
2079,0.269858616865799,0.32468475120225,0.372311644584302,0.366846864956855,0.370084840507329,0.385906071871328,0.344347995822576
2080,0.269482973853593,0.324394781927121,0.372026227640705,0.366522330146478,0.369789480927132,0.385658643171148,0.344051378961542
2081,0.269153257572867,0.324086772338864,0.371737125456637,0.366317247834382,0.369474159879467,0.385430036617223,0.343905532754844
2082,0.268811016909864,0.323790508064306,0.371493240240832,0.365981200240674,0.369182941356543,0.3852061097602,0.34365208364423
2083,0.268384392585214,0.323475059224955,0.37121883755734,0.365565239569002,0.368832767644532,0.384939621405627,0.343289916558109
2084,0.268080963582297,0.323225132966073,0.370999447408729,0.365259331156607,0.368589303666394,0.384709267177689,0.343020952548469
2085,0.267925768545468,0.323025007365312,0.370884634816037,0.364917612409489,0.368455612208225,0.384492413404176,0.342785760212607
2086,0.267664304117891,0.32281942884227,0.370685771098615,0.364612637078381,0.368233528904919,0.384319638455049,0.342529817359044
2087,0.267411070392676,0.322650646498457,0.370405224952737,0.364396198883137,0.367958261387276,0.384210572650492,0.342264366380074
2088,0.267139723760405,0.322513801494713,0.370296475305063,0.364268872846871,0.367861673221406,0.384055042275566,0.342120513457833
2089,0.266743328776054,0.32228309183876,0.370103717319103,0.363937948448034,0.367642347921607,0.383858091828,0.341900442929136
2090,0.266388255113788,0.32202521180714,0.369833313931623,0.363650836356506,0.367342087221615,0.383692079572679,0.341606341260343
2091,0.266188513315826,0.321846769540566,0.369708246944265,0.363477190813792,0.367196031564759,0.383460400649321,0.34137880810061
2092,0.266008979515513,0.321624173900047,0.369578352983112,0.363231453927372,0.367032049920199,0.383287239266219,0.341241965821551
2093,0.265792036177666,0.32146429871605,0.369407829402018,0.363052708432667,0.36685741809805,0.383191103363157,0.341129233176655
2094,0.26563256673695,0.3214043393957,0.369214666090621,0.362968836898184,0.366702333021924,0.383234584731319,0.341125992292801
2095,0.265435425564822,0.321280001430117,0.369076513807871,0.362830688164582,0.366554028538834,0.383145944344864,0.341003404824204
2096,0.265137367679102,0.321105588150981,0.36890691835213,0.362657980354889,0.366363871208887,0.383027728305125,0.340826363211435
2097,0.264959528270741,0.320998686943066,0.36880164173815,0.362525249546759,0.366217096500396,0.382966701417426,0.340720115137104
2098,0.264881463813145,0.32091531078195,0.368793788056835,0.3624033018118,0.366087534706943,0.382855978846857,0.340570321303072
2099,0.264753768900499,0.320839030054748,0.368755467256016,0.362313832749008,0.366001355188085,0.382813021921603,0.340486131414832
2100,0.264579654123517,0.320811079148941,0.368719526350954,0.362259498086564,0.365973489833268,0.382890595383861,0.340515406306205
2101,0.26450130335005,0.320760756164301,0.368667813050755,0.362193361618349,0.365920811714951,0.382885496978555,0.340504709100035
2102,0.264444961517005,0.320674839261316,0.36858502287483,0.362136661777788,0.365880677166958,0.382798661996777,0.340468761153719
2103,0.264478435883223,0.320621177947543,0.368565401607185,0.362074399767018,0.365839988582562,0.382806680214104,0.340443034381496
2104,0.264474178713039,0.320683131845792,0.368562939995542,0.362068376173608,0.365803268128568,0.382874202319513,0.340521108301251
2105,0.264505628734589,0.32083596576535,0.368567573969536,0.362151545368695,0.365883434182925,0.382961144311872,0.340590125869492
2106,0.264471379012993,0.320904948926084,0.36862258348591,0.362182246472859,0.366011570009014,0.383101444916586,0.340593610953204
2107,0.26440603921866,0.320979800004757,0.368739915829875,0.362196690863825,0.366097341650937,0.383291427887084,0.340702786398744
2108,0.264451969698762,0.321112575106639,0.368853127988923,0.362279920707392,0.366164005218385,0.383450844343036,0.340829944243
2109,0.264599436004428,0.321175202869789,0.369003164169275,0.362324975912052,0.366140380239588,0.383573496117582,0.340940796357242
2110,0.264678506728719,0.321311507036798,0.36911410321229,0.362436525095976,0.366269214650887,0.383747967578006,0.341102950204823
2111,0.264786538962816,0.321598494180541,0.369189835592813,0.36267904936309,0.366485573803299,0.383957399414326,0.341409087990409
2112,0.264878791458944,0.321804131830004,0.369340522628046,0.362888405970112,0.366666952712779,0.384157337956856,0.341562772567559
2113,0.264877604569558,0.321910511079907,0.369519950661198,0.363071179554658,0.36696038798269,0.384347194092968,0.341582004357685
2114,0.265026345769409,0.322130485599226,0.369698738967557,0.363270065842835,0.367153062797573,0.384593015113115,0.341763894738064
2115,0.26530328484763,0.32248691248421,0.369935939996335,0.363461669222312,0.367171532448974,0.384856964579883,0.341919429561276
2116,0.265520538927946,0.322714973858225,0.370157969062412,0.363709633443586,0.367349370977829,0.385154340887531,0.342176496304403
2117,0.265788684779808,0.322851626802162,0.370375410991089,0.363918505663384,0.367588361405043,0.385485859899444,0.342584824809253
2118,0.266025103240271,0.323096380611741,0.370530557477069,0.364315561489677,0.367868553837486,0.385881041393676,0.343022094222299
2119,0.266231056522667,0.323415383171847,0.370771652260032,0.364727300595721,0.368159053770111,0.386265051150377,0.343312679190556
2120,0.266399659172687,0.323748342159427,0.371118124648813,0.365090588750264,0.368471478562188,0.386594164581884,0.34362537013861
2121,0.266673961181884,0.324099346863609,0.371356596742279,0.365346382068924,0.368629015825055,0.386959746675483,0.34398288441532
2122,0.267061758003048,0.324478063661594,0.371613788148939,0.365550759121328,0.368813820578466,0.387379048357148,0.344310978704313
2123,0.267441234323495,0.324809790189869,0.372014772086153,0.365894219681684,0.369158594940984,0.387774602864004,0.344701411408505
2124,0.267750614490796,0.325065948161403,0.372378634361928,0.366333275662346,0.369559253281956,0.388163839562887,0.345128600155586
2125,0.268037475518086,0.325395519105041,0.372699639949538,0.366718699587796,0.36988444328435,0.388573552678328,0.345495471208705
2126,0.26821126042745,0.32583396139856,0.37306839048987,0.367205551841006,0.37025755097614,0.388991228071487,0.3457638042381
2127,0.268529358923927,0.326201092877529,0.373400166088778,0.367624750375041,0.370577541523285,0.389374938128276,0.346145366610541
2128,0.268932618827208,0.326525616715639,0.373598702161893,0.367918510758752,0.370780034709249,0.389788652499948,0.346640873939784
2129,0.269258123884027,0.326872910360655,0.373904066064874,0.368305392164057,0.371078817978731,0.390169451769108,0.346987284071268
2130,0.269633122745937,0.327271927556852,0.374356409069822,0.368846074523444,0.37153276771376,0.390452547289643,0.34726909548989
2131,0.269956300892989,0.327590422463597,0.374682063350355,0.369242902724103,0.371828462791922,0.390822733535096,0.347612521457968
2132,0.270186968194212,0.327836385522038,0.374942696672392,0.369522461156542,0.37195979174359,0.391310859126454,0.347873659843441
2133,0.270434055258764,0.328119946837298,0.375231916618104,0.369892648153489,0.372219391610557,0.391651873306482,0.348168716964575
2134,0.270650897341939,0.328372758569259,0.375525438614769,0.370314747733114,0.372502465891208,0.39191086092992,0.348522591269779
2135,0.270963161918026,0.328641290450099,0.375719288344921,0.370581927426783,0.372767112102737,0.392255324394283,0.348951301349467
2136,0.271199312278487,0.328958148840762,0.375885798271082,0.370833500168987,0.372929524605261,0.392543386553579,0.349256621220356
2137,0.271508599788244,0.329288896962831,0.376105979204633,0.371270453395794,0.373201555960784,0.392721450327652,0.349528438709743
2138,0.27192785485556,0.329607221005928,0.37636299052374,0.37158706542431,0.373446470087051,0.393030622731215,0.349838881561381
2139,0.272172951880616,0.32987450937166,0.376559136403383,0.371758677366094,0.37352100118987,0.393401421102313,0.350102372919123
2140,0.272423172816682,0.330085918498991,0.376850881246176,0.372145076953414,0.373763860866105,0.39371672410696,0.35031639669106
2141,0.272767224969038,0.330318323119251,0.377143684628572,0.372581215406199,0.374161474630796,0.393960568324966,0.350654619334258
2142,0.273073727693597,0.33057022825327,0.377371495534855,0.372960284033501,0.374409454899176,0.394220604126316,0.350968078904941
2143,0.273376910068467,0.330804341944043,0.377478415784981,0.373381600250003,0.374535363469071,0.394471694636663,0.351287543892669
2144,0.273674522404489,0.331063043595086,0.377745365525464,0.373773437199176,0.374772211015809,0.394727945022599,0.351610709505485
2145,0.273960621081462,0.331389290286007,0.378102181016215,0.374102212459442,0.375040166029764,0.39496061405121,0.351946762557217
2146,0.274256842680335,0.331665336702617,0.378347993103055,0.374432390176597,0.375251626056905,0.395214314357594,0.352287073085218
2147,0.274539522644892,0.331914825330796,0.378621080189433,0.37476216422357,0.375471799658157,0.395492251720435,0.352694253013505
2148,0.274854529002812,0.332167104196126,0.378862787456164,0.375086926919224,0.375706838606429,0.395745366392742,0.353012253494018
2149,0.275210334863004,0.332428132428463,0.378961872299965,0.375370232237261,0.375916078779133,0.396006576193952,0.353272289741465
2150,0.275544529150377,0.332645509829379,0.379173454981226,0.375722666076509,0.376124218747834,0.396249716682787,0.353561136566307
2151,0.275903817272219,0.332831329970151,0.37947367546054,0.376138502278075,0.376341231219765,0.396524855453857,0.353820487623503
2152,0.27620343940056,0.333004863766321,0.379749672536336,0.376508042221678,0.376591791143815,0.396669291343116,0.354034690347461
2153,0.276459086522139,0.333217445894136,0.379994034276773,0.376875081844348,0.376811413650458,0.396836799047349,0.35433894752736
2154,0.276776019803502,0.333402514377639,0.380304230324467,0.377192536603376,0.376985495690776,0.39703625290763,0.354681481937401
2155,0.277022497278835,0.333582971061357,0.380541832993087,0.377403785386895,0.377202106905164,0.397182033869215,0.354904580385712
2156,0.277295582103003,0.333841087491126,0.380626617830034,0.377627035395163,0.377421218804311,0.397397403676918,0.355098078117237
2157,0.277681191294224,0.334061603946812,0.380726487152252,0.377895859434722,0.377528527162497,0.397657592262322,0.355317313672168
2158,0.277901963107112,0.334195913976863,0.380876458411823,0.378140877253106,0.37758225863739,0.397809530551229,0.355553601749864
2159,0.278122802235396,0.334336307543673,0.381014929649218,0.378364371875193,0.377701128332021,0.397892812103011,0.355750845197705
2160,0.278299455215472,0.334446703638823,0.381189204716597,0.378581382680576,0.377835393396192,0.39789410177519,0.355964405585755
2161,0.278540513092484,0.334599061987145,0.381318699536333,0.378812578601406,0.377917091655072,0.397973767379729,0.356140777528599
2162,0.278772163949283,0.334775029589983,0.381413903419921,0.379013689914023,0.377964176735121,0.39799743000719,0.356248791306742
2163,0.278978196803318,0.334872077590764,0.381519428007853,0.37921189355133,0.378102528324991,0.39803289088579,0.356374739007465
2164,0.279214170438284,0.334881303296196,0.381613509138903,0.379459901945428,0.378263961879554,0.398132869989384,0.356502582150914
2165,0.279442571552954,0.335015315881454,0.381722167305753,0.379663905228001,0.378359158596906,0.398221435148926,0.356666355260854
2166,0.279566129305939,0.335192848382152,0.381849893978209,0.379792692329155,0.378523261711947,0.398197818464239,0.35680688650843
2167,0.279802208892204,0.335338828598969,0.381933266723557,0.379984180937404,0.378649209213652,0.398299579792492,0.356995376831298
2168,0.280180194592889,0.335514865870796,0.381936003622117,0.380190241458362,0.378584431031105,0.39860921268388,0.357265135532029
2169,0.280449125932524,0.335746992888913,0.382047667657058,0.380384681318827,0.378686844355967,0.398721975985936,0.357475130246904
2170,0.280631310424318,0.336006658193398,0.382193841636232,0.380589280045807,0.378906966228347,0.398722896871806,0.357639348045896
2171,0.280946488634311,0.336193157242295,0.382378587877413,0.380818396497681,0.379163706165969,0.398810341315692,0.357887500872715
2172,0.281295137806166,0.336333426288066,0.382607465828635,0.38102815855795,0.379320917789801,0.398903917607305,0.358172728733344
2173,0.281571823422276,0.336621273989016,0.382787042333465,0.381280279676341,0.379465022504325,0.398942496550415,0.358339742389488
2174,0.281946242172585,0.336827302666419,0.382833025328421,0.381442777821597,0.37951292862975,0.399001518475253,0.358506835722874
2175,0.28236712145613,0.336925975909659,0.38301433846626,0.381672344916371,0.37959648115964,0.399155227454355,0.358751243239082
2176,0.282665202934154,0.337211163288648,0.383291005339328,0.382034534685333,0.379890605679331,0.399202193009758,0.358979696077604
2177,0.283030304421866,0.337531154100892,0.383409740388231,0.382247133074039,0.380158979934346,0.399198543877005,0.359282597588692
2178,0.283442173642217,0.337754766032745,0.383606576499028,0.382477499221003,0.380378195026546,0.399257717559716,0.359509474553052
2179,0.283925317365558,0.337886571760189,0.383865806865265,0.382780487557383,0.380654138831659,0.399377493294008,0.359758906144794
2180,0.284319342710993,0.338107905766307,0.38408055416356,0.383006409305557,0.380841600649202,0.399459649117348,0.359966698541896
2181,0.284711679750647,0.338318947021004,0.384285929899675,0.383068726363373,0.380893096683163,0.399561150948018,0.360058028778476
2182,0.285134174494862,0.338564502944847,0.384477496558883,0.383291881063636,0.381044444115923,0.399598385721853,0.360263607589098
2183,0.28549766100652,0.338900472334845,0.384615374600146,0.383633645504083,0.38120705846504,0.399607950626394,0.360571636111641
2184,0.285928835667774,0.339154226471642,0.384827149124498,0.383858288957485,0.381389940967223,0.399625071591046,0.360815830905326
2185,0.286479064244773,0.339359224121336,0.38508686836886,0.384033120678025,0.381595152921228,0.399568579053229,0.361036544190529
2186,0.286932514789655,0.339596446798887,0.385297613305058,0.38431578983296,0.38182268812435,0.399574098197105,0.361285313075331
2187,0.287286217006641,0.339818804190101,0.385537818148997,0.38461047137691,0.382083707977683,0.399666713382662,0.361559366542077
2188,0.287753782520948,0.340046899680175,0.38575150257357,0.384850727091362,0.382326195007853,0.399667913336171,0.361796622706971
2189,0.28828903215759,0.340339366335366,0.385895825882971,0.385099405476439,0.382550939300875,0.399609481463002,0.362043112477783
2190,0.288769176792393,0.34053285926372,0.386091715781468,0.385504566346058,0.382895356252425,0.399594983413209,0.362269333051592
2191,0.289244609940117,0.340635734109327,0.386196046141747,0.385625559185038,0.383028462231701,0.399584987562962,0.362467196030959
2192,0.289762524698499,0.340926397190543,0.386303678011469,0.38574724706498,0.383144440500943,0.399554113415673,0.362621320658341
2193,0.290139371540543,0.341214279839108,0.386536400436711,0.386075114509183,0.383372416085636,0.399535306767486,0.362817228919087
2194,0.290476151515917,0.341408421717915,0.386673787741976,0.386321794940099,0.383502922855227,0.399473086573539,0.362972350275618
2195,0.290958995840943,0.341685084233602,0.38687859521862,0.386541745616364,0.383709554257837,0.399346103913227,0.363134208569643
2196,0.291382885525899,0.341821292614493,0.387171616852257,0.386763362059285,0.383886278011903,0.399239666496194,0.363323109467773
2197,0.291759470953877,0.342017440129058,0.387318349389575,0.386892144203998,0.383994652361307,0.399214287945347,0.363500285795997
2198,0.292127813546206,0.342181234039464,0.387308735151661,0.386808191256859,0.383948612357897,0.39928930321252,0.363727511663374
2199,0.292502617757254,0.342422216531871,0.387411839609241,0.386945036758372,0.384065307779228,0.399263663958324,0.363873355086438
2200,0.292821480664073,0.342743409418725,0.387512110375257,0.3872160325156,0.384286740543136,0.399263919284144,0.363939226199393
2201,0.293131946669429,0.342956960395187,0.387628161239205,0.387352056442401,0.38437707658731,0.399202095202477,0.364075714787615
2202,0.293396981666056,0.343112711123244,0.387756885798926,0.387452348726056,0.384384594694256,0.399019154715748,0.364162984725539
2203,0.293779082738595,0.34333069709156,0.387914117009059,0.387636444512404,0.384517023709896,0.398965488281599,0.364340196538796
2204,0.294190875471172,0.343515047326634,0.388069199313295,0.387714658074356,0.38458004431101,0.398908101050933,0.3646742299148
2205,0.294595668246421,0.343749657675219,0.388275793922885,0.387960060962481,0.384797188529738,0.39893652508173,0.36486625737306
2206,0.295134502850174,0.344042983044258,0.388525724008875,0.388460560291066,0.385280372673807,0.399068401146331,0.364914017023451
2207,0.295583936172647,0.344327394594529,0.388814930790835,0.388807430639396,0.385571771752466,0.399181532252171,0.365160151315857
2208,0.295886775691249,0.344556310251498,0.389143065679081,0.389064068563929,0.385761817352975,0.399282445141673,0.365472878598506
2209,0.296322825483029,0.344923843979718,0.389501946185404,0.389409283821755,0.386061769666925,0.399521663395565,0.365757210139206
2210,0.296850431651732,0.345414343214371,0.389968870710576,0.389716129127838,0.386343461304726,0.399850657452222,0.366113705819518
2211,0.297337508618127,0.345878522079514,0.390324799032387,0.390159496862413,0.386673292378736,0.400181540410806,0.366554518659026
2212,0.297825506841622,0.346327003214928,0.390624252176087,0.390648326290611,0.387147174479834,0.400632286849557,0.366985173252393
2213,0.298317714649855,0.34678360935876,0.391006268929261,0.391101948040928,0.387502404868459,0.401024510750576,0.367396121310481
2214,0.298757409154526,0.347259169597692,0.391530019725792,0.391563897544088,0.387784592531737,0.401375482976798,0.36788282610651
2215,0.299156602797174,0.347718073719211,0.392024918646268,0.391979200138374,0.388250346852053,0.401752207706661,0.368389473132546
2216,0.29965399039695,0.34825756140286,0.392459420189882,0.39229834089833,0.388776646286271,0.402176823182033,0.368773092582211
2217,0.300154267070204,0.348769198126547,0.392959450632417,0.392716875425011,0.389167245051722,0.402696265534883,0.369064782959057
2218,0.300586987777883,0.349230566978,0.393410310155488,0.39317476817126,0.389563725277843,0.403145173100206,0.369479358868655
2219,0.301010210946546,0.349632425406043,0.393741668884156,0.393671836805213,0.390001797436768,0.403632562308849,0.370003627109139
2220,0.301395024876315,0.35004226234734,0.394113481025064,0.394068252815511,0.390328098695311,0.404012139781637,0.370377616374724
2221,0.30174537252368,0.350442432746363,0.3945997094167,0.394566330389244,0.390543219477418,0.404298744794475,0.370745091051829
2222,0.302022729951653,0.350814806653868,0.394882408578881,0.394880868832844,0.390799411479292,0.404639386300379,0.371054137582699
2223,0.302255913291275,0.351222648361873,0.394984623551646,0.394992472683986,0.39104568325569,0.404983375678067,0.371228617081562
2224,0.302485144637982,0.351443837796728,0.395200573360123,0.395179342099827,0.391224781081445,0.405305794721718,0.371466293138683
2225,0.302705443780708,0.351520362343047,0.395454897459003,0.395366622810315,0.39140485529655,0.4056500299077,0.371799501264837
2226,0.302762834878495,0.351670157270095,0.395587190058019,0.395467297643165,0.39152050853164,0.405897310817798,0.371937971208342
2227,0.302710140259419,0.351760423155195,0.395701689282823,0.395553569751093,0.391564045598098,0.406069654519914,0.371951980665972
2228,0.302692532516127,0.351795475134666,0.395727844183192,0.395558547035137,0.391544110227497,0.406225761788601,0.37198051103333
2229,0.302576900357693,0.351928674101646,0.395633639469058,0.395462125282926,0.391489311569291,0.406390404395449,0.371946706544831
2230,0.302450730962288,0.351889974816491,0.395509697075627,0.39535149362977,0.391358006982521,0.406481650610015,0.371872631459111
2231,0.302511955848923,0.351605375841085,0.395359101913312,0.395230555328402,0.391124112350717,0.406509535150274,0.371814081018841
2232,0.302246404839804,0.351409095744871,0.395170860608401,0.395017364370559,0.39089748247953,0.406462336986215,0.37163091294558
2233,0.30165654396069,0.35131436396664,0.394958915998737,0.394781331916118,0.390676526157699,0.406335359125278,0.37130856491431
2234,0.301171811725972,0.35100026833612,0.394600727506766,0.394398968410604,0.390316060612115,0.406166468780634,0.370991525914536
2235,0.300625058541409,0.350604210347926,0.394211482272701,0.393866781555827,0.389940151678075,0.40586118660069,0.370625817342945
2236,0.29996174186748,0.350105505359617,0.393660274682963,0.393284883170035,0.389375966705029,0.405707792156422,0.370252900717829
2237,0.299374790950483,0.349491325010572,0.392876827554129,0.392695531657972,0.388643999625952,0.405568896406995,0.369880679302095
2238,0.298658264931736,0.348814551744718,0.392148016117588,0.392031389990687,0.388046923747205,0.405075319261229,0.369179611724588
2239,0.297697905029115,0.348059020941924,0.391444218213535,0.39131964582483,0.387412816658801,0.404538789936948,0.368402079038908
2240,0.296830989694688,0.347365803036232,0.390614055070836,0.390471274129537,0.386651104054918,0.404100216899624,0.36785217845669
2241,0.295993204160803,0.346565814606849,0.389766683028394,0.389415129018035,0.385794355161854,0.40344883545774,0.367108429820576
2242,0.294939142875807,0.345450615393283,0.388826280059266,0.388374839880577,0.384782468978814,0.402704230987192,0.366089578706668
2243,0.293783705490135,0.344470477303278,0.387792903172761,0.38728002704593,0.383717925127106,0.40199484571988,0.365146149875661
2244,0.292491759258201,0.343529545959423,0.386600441721867,0.386092945560603,0.382468773321626,0.401269231634469,0.364110204866805
2245,0.291206955201062,0.342446924787483,0.385460068811954,0.384933816779048,0.38129125905249,0.400440917782002,0.363015102743423
2246,0.289801023011695,0.341311118950133,0.384349022710529,0.383838011891782,0.380135635434543,0.399552602013384,0.361906277870983
2247,0.288390744780042,0.340118959357673,0.383017058263959,0.382526763568433,0.378829493692899,0.398715793572733,0.360759118264269
2248,0.286970543227999,0.338737702857822,0.381507302451044,0.381067424332964,0.377418981443365,0.397829057443218,0.359437640303193
2249,0.285490687374313,0.337475429094448,0.380084397047607,0.379684685417499,0.376031647051938,0.396905378432724,0.358210120474047
2250,0.283937611879408,0.336297324847755,0.378540035522423,0.378182179348666,0.374532557668197,0.396068749275488,0.357120273507827
2251,0.282353431127626,0.335000486776319,0.377071203402089,0.376714320026461,0.373091135060331,0.395068897202863,0.35584102100547
2252,0.280700879592779,0.333664835389292,0.375757629432685,0.375424895915757,0.371731614822527,0.393831088144747,0.354418245599663
2253,0.279105848204703,0.332327344103506,0.374260306139803,0.373900083182648,0.370255665675069,0.392780090787224,0.353087234164113
2254,0.277482901273713,0.33088952717324,0.372585742825029,0.372082441039249,0.368661377985508,0.391781333118884,0.351690240989934
2255,0.275823366244229,0.329471337355412,0.371010329323918,0.370471847965593,0.367161568270346,0.390728124986186,0.350309983729393
2256,0.27420718038876,0.328153795867912,0.369408628734053,0.368924772936979,0.365673214578466,0.389744832670497,0.349028810184392
2257,0.272582818433112,0.326723565663676,0.367852102443657,0.367291454447544,0.364157424908873,0.388720293950704,0.347668824811718
2258,0.270869967886132,0.325087787612799,0.366382865690048,0.365693296765019,0.362649551364736,0.387573418000975,0.3461800231002
2259,0.269215381493295,0.323647545480371,0.364853498445054,0.364121621010999,0.361189638240287,0.386499583017591,0.344799315774186
2260,0.267669808228616,0.322329678306361,0.363291074332724,0.362493639274942,0.359764413038017,0.385437427903102,0.343488900715365
2261,0.265981050144496,0.320834497164231,0.361718495268128,0.360794358244227,0.358240509180824,0.384479179128722,0.342141792078899
2262,0.264291573802811,0.319600901130391,0.360163328684589,0.359240825515992,0.356753888698719,0.383443464486568,0.340783130437775
2263,0.262718929606587,0.318438214443548,0.358688984336657,0.357796876646602,0.355400857411612,0.38245032478515,0.339384210329021
2264,0.261110428161325,0.317020120103102,0.357216223689845,0.356367063458209,0.353953770510986,0.381485921199918,0.337987894271867
2265,0.259617309110316,0.315869478918867,0.355844944346453,0.354936499957949,0.352488002100406,0.38042199240609,0.336741014005808
2266,0.258170221299003,0.314837765421878,0.354717851076531,0.353728675813464,0.351273613052892,0.379485688396004,0.335640099149536
2267,0.25674753711556,0.313600125904483,0.353466710104624,0.352588284712776,0.350092804346715,0.378652625369836,0.334508364731421
2268,0.255480222556082,0.31249394400122,0.352297055740339,0.351332153341516,0.348936409042061,0.377853786634833,0.333491458464493
2269,0.254304847100623,0.311482847970177,0.351243425984104,0.350024474081937,0.347861562293107,0.377164859753493,0.332520506538343
2270,0.253205391179298,0.310527650513324,0.350233901126313,0.348930384724902,0.346901261193065,0.376419472538553,0.331653343941428
2271,0.252241683086156,0.309555277576386,0.349178373043221,0.3478018934225,0.345962994021118,0.375639467759421,0.330939720780029
2272,0.251341635151194,0.308722208961578,0.34832141445005,0.346861034366689,0.34511295203214,0.37501070167354,0.330157152059564
2273,0.250519563528433,0.308088867010298,0.347736784758519,0.346220611226644,0.344459916193981,0.3744036400236,0.329353368488804
2274,0.249726504023971,0.307338240752345,0.346856320978762,0.345436094318831,0.343728958416183,0.373904101633735,0.328671890198436
2275,0.249042003253555,0.306479282547207,0.345815411647582,0.344548123326384,0.342959760972778,0.373661340682387,0.328087792763232
2276,0.24835753217013,0.305893787754729,0.34507043243189,0.343911492925603,0.342311023835425,0.373196877608411,0.327464666277832
2277,0.247706522786056,0.305530498198931,0.344369417637897,0.343510344996483,0.341790255153378,0.372612060793208,0.326891974659876
2278,0.247087825480532,0.304949704803123,0.343656045136293,0.342918689530358,0.341154153203797,0.372179079963385,0.326346215036427
2279,0.246539512462341,0.304422305580425,0.343196802665211,0.342396057504457,0.340486776857402,0.371698696071752,0.325732031165608
2280,0.245933660781823,0.303909854022362,0.342565080711548,0.341809112351054,0.3398952500455,0.371307741500882,0.325237594355276
2281,0.245286735721103,0.303181837819122,0.341668056613017,0.341035526265789,0.339284443277729,0.371171750908001,0.324939024137358
2282,0.244727087370268,0.302647415680455,0.341036276109056,0.340381429169783,0.338709527414713,0.37084218854333,0.324516426911857
2283,0.244173340742978,0.302395857334644,0.340655300472721,0.339832711833745,0.338259966790691,0.37037141333099,0.324065912483677
2284,0.243688590804469,0.30196269291194,0.340064172423566,0.339231027076736,0.337724185968237,0.370008505645472,0.32362587330184
2285,0.243338697181307,0.301394640715433,0.339437661412938,0.338620449266031,0.337121595836369,0.369651562473018,0.32315353632383
2286,0.242880072609517,0.300970460911518,0.338842440086345,0.337998332020142,0.336552807170826,0.36924529147245,0.322672106062122
2287,0.242439336508622,0.300693589502619,0.338161218012639,0.337339370540053,0.335990449871041,0.368864042498619,0.322208562539591
2288,0.241951694301818,0.300202216067492,0.337469404651673,0.336734976933997,0.335413806876909,0.368510338344465,0.321738605912014
2289,0.241367677999907,0.299617554793459,0.336781782472487,0.33619223613873,0.334884947210619,0.368151864490833,0.321239231095192
2290,0.240823536609792,0.299116282258466,0.336158729187233,0.335560105239954,0.334265078902073,0.367751196462912,0.320724014058196
2291,0.240275025768547,0.298430383151018,0.335560949360717,0.33494909628621,0.333514307947954,0.367428801037175,0.320281766371735
2292,0.239711530665708,0.297883546287126,0.334908921293765,0.334284088080739,0.332879941904134,0.366979712296287,0.319718887108681
2293,0.239176608994833,0.297621579776326,0.334426681442665,0.333547199527807,0.332273749950425,0.366393645144623,0.3189976871385
2294,0.238603065833274,0.297184720007242,0.333690567059421,0.332735085661808,0.331628244704182,0.365769192389443,0.318346237639963
2295,0.237905443410568,0.296560824939369,0.332778605589176,0.332003642241409,0.331101656247996,0.365201654817176,0.317866790941027
2296,0.237291680705095,0.29605632005868,0.332017260007134,0.331167390672071,0.330574725310346,0.364716272160183,0.317237142649816
2297,0.236825703654208,0.29546903480862,0.331344867783211,0.330337666996504,0.329972721491816,0.364126016046825,0.316513040345881
2298,0.236283579302492,0.294741538578197,0.330585839253577,0.329468531645626,0.329308926636446,0.363512288539679,0.315879706421424
2299,0.235673153573023,0.294113740560013,0.329785989148786,0.3286924103756,0.328601498252455,0.362870565802313,0.315203910805873
2300,0.235094382966398,0.293545586616671,0.328941520877167,0.327946860260957,0.32779170139943,0.362070619552521,0.314328590056467
2301,0.234515753555955,0.292924721697164,0.328208141130162,0.327212913312017,0.327128746097605,0.361456364116504,0.313647701600353
2302,0.233810045941235,0.292233397828486,0.327384614292607,0.326533529674728,0.326455532002531,0.360975789513263,0.313165779382352
2303,0.23322161592269,0.291704097953944,0.326814062749733,0.325830614499587,0.325847266256398,0.360371715414968,0.31252246218624
2304,0.232717890048565,0.291230693190513,0.326565346390034,0.325086447487571,0.325356878914721,0.359739130393767,0.311751247203551
2305,0.232221757175702,0.29075105358704,0.325966550925238,0.324414547241905,0.324825298301665,0.359168016233808,0.311174211824684
2306,0.231668812850284,0.290361003557732,0.325178474897772,0.323718999206271,0.32422223797914,0.358484175157173,0.310601006361276
2307,0.23129191917978,0.289990819599969,0.324746133289209,0.323257471454376,0.323804493270631,0.358052894481005,0.31019959658943
2308,0.231100107048998,0.289633447211386,0.324219607813422,0.322935671285245,0.323486260813454,0.357869108165823,0.310059636163494
2309,0.230848001819906,0.289242317371763,0.324033078722704,0.32260523791128,0.323221700499299,0.357528327996856,0.309732119764523
2310,0.230581686154377,0.288798272159805,0.324428228206961,0.322433927983765,0.323118901371044,0.357225187959887,0.309299556030287
2311,0.230434208269029,0.288586342666313,0.32437956958998,0.322268383630707,0.322954083417621,0.356918044799576,0.309115160310292
2312,0.230354460091957,0.288496289802078,0.324153714568959,0.322085446323549,0.32276607922196,0.356454090318032,0.308998366102019
2313,0.230314411769142,0.288344114230434,0.324148073137888,0.321971405713219,0.322650664891508,0.356237010400677,0.308900213039812
2314,0.230384562150287,0.288320836418891,0.324128999460159,0.321930359165262,0.322558950301694,0.356262924058299,0.309121383981786
2315,0.230461517358187,0.288297559401628,0.324154030426611,0.321974046441309,0.322548078024469,0.356146632114779,0.309082621994562
2316,0.230625887364306,0.288216220201573,0.324370827157304,0.322144590014792,0.322662739088423,0.356055364677605,0.308710396665322
2317,0.230677126469077,0.288156112064636,0.324502925203232,0.322227926459465,0.322730914208389,0.355982232347685,0.308672939945347
2318,0.230743889585629,0.288249540417735,0.324548988968489,0.32243054751529,0.322857926715679,0.355903931498789,0.308858630561143
2319,0.230780398915538,0.288237450334154,0.324641523519496,0.32247057822352,0.32288971142421,0.355764753001086,0.308858861973082
2320,0.230629170538208,0.288108967224632,0.32478761483588,0.322271871221278,0.322839133906383,0.355732693756913,0.309032153960202
2321,0.230615464604082,0.287976150380675,0.324927129162882,0.322246333785397,0.322852688951641,0.355503293761976,0.308979493058617
2322,0.230860420292215,0.287885021039195,0.32518793057134,0.322347447992911,0.322936247161384,0.354932582258239,0.308461713633314
2323,0.230797016842016,0.28773638228567,0.325197622754139,0.322301278771046,0.322886277793237,0.35464921504689,0.308324130449415
2324,0.230496220832379,0.287445367924606,0.325029496698518,0.32227481387375,0.322779557806948,0.354491951648589,0.308485197526845
2325,0.230387927251071,0.287240675103398,0.324956121136442,0.322158572868437,0.322661675583388,0.354245186964221,0.308376408138163
2326,0.230185638352641,0.287059227463563,0.324745776131016,0.321790941269747,0.322448244080443,0.354182235390842,0.308333587949414
2327,0.22999316301441,0.286873776056108,0.32454809490523,0.321575446297983,0.322214156873508,0.353944551952122,0.308185672811059
2328,0.23004863678889,0.286828718504886,0.324445246989652,0.321418540009795,0.321885772335833,0.353378804615339,0.307682484127202
2329,0.229951027365971,0.286614793038045,0.324317533204478,0.32127020170686,0.321720857247417,0.353058152623581,0.307362174524393
2330,0.229600271425828,0.286219562991776,0.324115840537082,0.321313140776811,0.321689052851926,0.352921170152915,0.307161687918099
2331,0.229384172497215,0.285933921464256,0.323896978594419,0.321140355088226,0.321491551102556,0.352633703768967,0.306934222544977
2332,0.229313277760736,0.285603932220638,0.323792490451403,0.320865511411748,0.321389792806128,0.352408095095066,0.30680122189289
2333,0.229095820928822,0.28527199626441,0.323550600326891,0.320555849974603,0.32117714192775,0.352109048040157,0.306551228635776
2334,0.228824588169952,0.285036411524504,0.323206350372243,0.3201634370355,0.320723018046617,0.351503391586552,0.306187400831401
2335,0.228553611791349,0.28476253867197,0.322702113872376,0.319515146944301,0.320239859174474,0.351169424013423,0.305894597328573
2336,0.228186759253322,0.284372466278829,0.322458262215497,0.319218067388848,0.319985733315069,0.350997348849623,0.305586651027371
2337,0.227861181642811,0.284195505424957,0.322152819648872,0.318881973537729,0.319769672312724,0.350548247003392,0.305216666931447
2338,0.227802895142578,0.284055032623742,0.321861836131833,0.318288633682768,0.319499273994919,0.350196516238123,0.304942557310464
2339,0.227714490020632,0.283750207794834,0.321658222997178,0.318003576959918,0.319351657239017,0.349962343026053,0.304609318447803
2340,0.227469446613863,0.283415212301539,0.321367638734995,0.317810836493058,0.319111319951671,0.349620468126356,0.304368803084831
2341,0.227123738000745,0.282902543525081,0.320908759413157,0.317648083735916,0.318743294243743,0.349147053179116,0.30412087146701
2342,0.227011086651681,0.282751370490484,0.320657419845447,0.317446615998564,0.318578802445702,0.348968431793627,0.303930599190566
2343,0.226868381688795,0.282717837321973,0.32045471225228,0.317446852218156,0.318496945103033,0.348923976355516,0.303808336728316
2344,0.226779064322009,0.282628705439343,0.320448231162019,0.317397771130948,0.318441683307101,0.348782227635241,0.303747604092699
2345,0.226909172458185,0.282777030767768,0.320608699546462,0.317153333870367,0.318512679258956,0.348793497298066,0.303789448737465
2346,0.226941733071438,0.28269353288216,0.32068572909699,0.317178990126269,0.318503638995644,0.348715615522652,0.303630659396359
2347,0.22680176268409,0.282271792547012,0.320864446570482,0.317513434366818,0.318400679370401,0.348477283684895,0.303321752074375
2348,0.226917132917624,0.282407198637101,0.32109557989279,0.317652360469092,0.318582856897926,0.348387992214415,0.303441508898802
2349,0.227282071060622,0.282845436825094,0.32130874863309,0.317675529168138,0.318904411468848,0.348312116564825,0.303584084984095
2350,0.227456647764683,0.283089699740447,0.321557098360402,0.317891983888188,0.31917390168275,0.348479486691502,0.3038393788243
2351,0.227587182475952,0.283569689503707,0.32200450194019,0.318220556160173,0.319675041260068,0.348843140355378,0.304646817511977
2352,0.227801084452562,0.283850345183514,0.322248915840418,0.318481836890104,0.319960764505328,0.349082857891663,0.304947201250165
2353,0.228007419592197,0.283839818106851,0.322237211687957,0.318772517825862,0.320003833580644,0.349482001005972,0.30479484335815
2354,0.228236918518048,0.284114276501822,0.322571214762592,0.319176718126142,0.320329281697672,0.349797504258306,0.305149510722636
2355,0.228535752464936,0.284552471535957,0.323185660026846,0.319690636599871,0.320866810044097,0.349989604862788,0.305778321488325
2356,0.228834638801142,0.284939897095453,0.323413482202675,0.319971826785156,0.321115053024855,0.35020568404355,0.306057791089161
2357,0.229111188597565,0.285385571498409,0.323517469646353,0.320216829105925,0.321204050063747,0.350470150120533,0.306375749164589
2358,0.229421995268398,0.285815773932693,0.323848431889452,0.320559476616269,0.32161774961932,0.350766289880986,0.306721699224313
2359,0.229921517387212,0.286275657437645,0.32401239639089,0.320750069747867,0.322119476612876,0.351002722228052,0.306750615219743
2360,0.230122245155246,0.286675693879376,0.324285434332852,0.321000240232764,0.322402181130032,0.351260389246204,0.307005077561759
2361,0.230077825662162,0.287202471062582,0.324985020245271,0.321542979250616,0.322905880122276,0.351656064763823,0.307740649564769
2362,0.23022390221751,0.287392735668532,0.32533052277215,0.321775493022653,0.323215208495767,0.351939441741266,0.307939138557896
2363,0.230215338634509,0.287230650308796,0.325257841004194,0.321595370058403,0.322992915260972,0.352092339477104,0.307567626515284
2364,0.230427346905008,0.287373422272935,0.325537490737933,0.32180001981559,0.323214286855534,0.352316345900384,0.307803735108493
2365,0.231044189860378,0.287433994100449,0.326136652132881,0.322276211587017,0.323983616613325,0.352564124256287,0.308258418167768
2366,0.231268140386151,0.287560198171844,0.32632356835595,0.322417695561911,0.32413878648371,0.352800228551933,0.308475712105045
2367,0.231245243647736,0.287903338475059,0.326349593551235,0.322530733252167,0.323837112338576,0.353082085538527,0.309086670640507
2368,0.231441348587904,0.288217532423086,0.326479460105147,0.322652488889554,0.324015384073208,0.353274428267736,0.30927212762123
2369,0.231722893502474,0.288564597513614,0.326365753101623,0.32243700859907,0.324265059413341,0.353479055515691,0.30879414640722
2370,0.231717285469296,0.288736264970594,0.326364090943061,0.322478871426392,0.324291224907295,0.353551074500553,0.308746908109401
2371,0.231510617106737,0.288830258179026,0.326533731578476,0.322871871917028,0.324510867976732,0.35336181833404,0.308911510855497
2372,0.231661235106593,0.289059600971798,0.326698141375958,0.32299818706512,0.32470857876518,0.353418356969132,0.308912577496341
2373,0.231752077722689,0.289178580233162,0.326862176321793,0.322977872890955,0.324515285581943,0.353549860710724,0.308841422657401
2374,0.231855280363537,0.289324552171453,0.326920853775974,0.32303044451762,0.324537896117671,0.353643187931445,0.308952944091993
2375,0.232513353370994,0.28975892985051,0.327004737280664,0.322979773695052,0.324983508664334,0.353925342359326,0.309152953066444
2376,0.23272187921845,0.289948998349515,0.327091735403033,0.323029322610229,0.325166292550079,0.35405256616632,0.309218117354144
2377,0.232330282616816,0.289850393209744,0.327043206033471,0.3232298739539,0.325164745977227,0.353979265727954,0.30936044170721
2378,0.232328171270136,0.289877743226874,0.327013508762661,0.323317881265211,0.325134104877713,0.354021784337041,0.309510868244469
2379,0.23253257097724,0.289942484165051,0.327057337458099,0.323392537163385,0.324930121050226,0.354056491263236,0.309497745099186
2380,0.232568212538016,0.289948807998594,0.327094052629044,0.323427808337995,0.324953828892986,0.3541616925179,0.309542652056021
2381,0.232690048053798,0.289811721430624,0.327088454821376,0.323350135534365,0.325183184419682,0.354402510637305,0.309817345628835
2382,0.232710782971983,0.289897357965747,0.327038553887312,0.323344485197049,0.325113449942225,0.354534064985007,0.309894108299039
2383,0.232449159224404,0.290231293255823,0.326935280069465,0.323272529188034,0.324906477307495,0.354610081730766,0.309778982588461
2384,0.232377780184567,0.290291124490577,0.32696265685833,0.323360399415931,0.324914254396098,0.354755325223865,0.309699192637846
2385,0.232584448492315,0.2903894980328,0.327279771634728,0.323979888609009,0.324931665335815,0.355042899953889,0.309587442088205
2386,0.232471299621274,0.290392012342211,0.3270835207149,0.323868463363596,0.324727126369092,0.355037728095947,0.309440372188952
2387,0.232049374514828,0.289910131680793,0.326325619453755,0.322974704673922,0.32447862799523,0.354755775705599,0.309201430289636
2388,0.231928559423702,0.289806793277621,0.326204417921356,0.322838237749301,0.324463662069931,0.354743270827207,0.309047391191501
2389,0.231823015885381,0.290137589745069,0.326213469315966,0.322743064908575,0.324490164746114,0.354694417090317,0.309011771142785
2390,0.231667492098396,0.29013070808036,0.326008376164698,0.322545366968003,0.324210696841342,0.354594586374248,0.308793129366458
2391,0.23184021304511,0.290103438854348,0.32634432115603,0.323136597053286,0.323992689954216,0.354751003013374,0.308336136246615
2392,0.231792870684196,0.290017768846585,0.326390603696313,0.323239303933017,0.323832939291543,0.354794932619823,0.308186577358752
2393,0.231412280315455,0.289585559702036,0.325683091458595,0.32245204135411,0.323167179308661,0.354612590353781,0.308190146771702
2394,0.231136334049042,0.289320788302276,0.325382215326296,0.322169959105484,0.322802411061147,0.354452737697096,0.308034307411499
2395,0.230884396078446,0.289196049065592,0.325579446205441,0.322389727199332,0.323077373834164,0.354508300871753,0.308221459417131
2396,0.230643617191042,0.289031987976999,0.325448070493582,0.322190112283517,0.322943779933072,0.354278732167708,0.308057953334944
2397,0.230513859598174,0.288977086226216,0.325194389236265,0.321777794477379,0.32244109999967,0.35361508723377,0.307293333134363
2398,0.230191381589775,0.288741629358456,0.324935170225964,0.321547478118127,0.322156420268036,0.35323198817978,0.306844521246103
2399,0.229631535004602,0.288441042227844,0.324447305743098,0.321182475181516,0.321749054186347,0.352784041631327,0.306423716547947
2400,0.229276493557617,0.288043063726009,0.324067150069626,0.320796593495116,0.321511041720956,0.352475107506192,0.306067699759071
2401,0.229015512746601,0.287163913621637,0.323782364508973,0.320662223711166,0.321855154204367,0.352768287658199,0.306031604404511
2402,0.228584347031565,0.286753440340366,0.323456077931896,0.320388848118038,0.321643943067281,0.352515108097484,0.305758287033788
2403,0.228162686411678,0.286761456508733,0.323149504831769,0.319872231061769,0.321079152976911,0.351645821239341,0.305394163967287
2404,0.227795199143698,0.286499836142753,0.322806174039016,0.319381463808364,0.320600840785732,0.35124405031557,0.304952193933329
2405,0.227284207931045,0.286429471615148,0.322546945168375,0.31892384994981,0.31970713204034,0.35082848121023,0.304040417860031
2406,0.226770790412912,0.286238378061302,0.322083098464064,0.318421781199263,0.318965090602375,0.350415003475021,0.303611004186554
2407,0.226408958623784,0.285771391471325,0.321354077597894,0.317884798038187,0.318431143110888,0.350667737286924,0.303739540944669
2408,0.225996958127097,0.285251909509179,0.320771775153908,0.317275964371787,0.317874570125684,0.350442979226236,0.303404328905504
2409,0.225430014796617,0.284659008296902,0.320136081359727,0.316455822874517,0.317299537891156,0.349423645484508,0.303105043940135
2410,0.224889505115753,0.284170128578523,0.319494239351613,0.315874476831171,0.316714110984748,0.34892749090905,0.302753553721367
2411,0.224394056856748,0.283630853270097,0.318955446346038,0.315523817799099,0.31622826741084,0.348872933643799,0.301783778679497
2412,0.223922219975788,0.283026362815317,0.318409809701636,0.314936620067834,0.315636287515404,0.348350142760261,0.301115676946835
2413,0.223584272397731,0.28253162957067,0.317918564057642,0.314366781507573,0.315074168469814,0.34765414092592,0.300947084608141
2414,0.223004823073476,0.281984676032644,0.317252001340357,0.313822662661079,0.314309940519842,0.347241932905534,0.300476165337221
2415,0.222153680343528,0.281267451828064,0.316394413404681,0.313044166782718,0.312944561969866,0.346867138960828,0.300015676502524
2416,0.221511205400699,0.280600248273091,0.315716137634174,0.312295940050861,0.312191790578816,0.346087685016638,0.299319860532397
2417,0.220888990029961,0.280048887041012,0.315156663556613,0.311597446589863,0.311951411337526,0.345367980225803,0.298476487865425
2418,0.220173960236826,0.279354153169486,0.314324011460939,0.311037527327912,0.311408029549054,0.344578713627175,0.297145196273336
2419,0.219217836652972,0.278791366175554,0.313169155599939,0.310343294289792,0.310304998756316,0.343637711285967,0.295941884013518
2420,0.218539450619614,0.278126528712853,0.312452159879703,0.309775045862408,0.309553113815908,0.342599140056692,0.295159032755933
2421,0.217939691907947,0.277560606081387,0.311809216084262,0.308870410044082,0.309048295392015,0.341997046253612,0.294366256588633
2422,0.216882382906965,0.276618326207541,0.310527567271945,0.307657820477315,0.307973032244329,0.341504886883957,0.293459168294152
2423,0.215830498383611,0.275013287517133,0.309511466925203,0.306677762640849,0.306766295638462,0.340614045712665,0.292583166469887
2424,0.215236660352185,0.274059285052775,0.309174409957875,0.30587510642887,0.306238866574165,0.339374747029137,0.291822072677234
2425,0.214745488766355,0.27373987575563,0.308520480412489,0.304984458239398,0.305124462890247,0.338301985933151,0.291306653146639
2426,0.213978535420174,0.273204966949622,0.307492777475529,0.30412553427399,0.303284727560951,0.337825024386612,0.290619079235864
2427,0.212911262173196,0.272391673046704,0.306783195705071,0.303243797536772,0.302456906555825,0.337190668251429,0.289616238376384
2428,0.212119121822668,0.271332961792805,0.305916443328012,0.30203823163705,0.302096709673153,0.336247987081653,0.288608125442543
2429,0.211484663690087,0.270013609342453,0.304414695406126,0.300905890190859,0.300924798475848,0.335364995151047,0.287702058036477
2430,0.210381698703787,0.268538519854344,0.303319588989269,0.300352258320668,0.299851793531197,0.334280696326948,0.286829004994249
2431,0.209294300090773,0.267620514987652,0.30302478038836,0.299629324467457,0.299329497444766,0.333479900699525,0.286067622231721
2432,0.208661890151277,0.267314101776185,0.302128640871559,0.297979359113038,0.298226170243982,0.332902336061889,0.285367383431239
2433,0.207519405307448,0.266288810517602,0.300833177932023,0.296598701159746,0.296738068239991,0.332375702659024,0.284380794110711
2434,0.205967236781255,0.26502180491894,0.30017583285222,0.295800429416464,0.295780890101773,0.331850256016302,0.283288202090754
2435,0.205100004622793,0.264511437064548,0.299259886215887,0.294692404966668,0.29488528141793,0.330590465717464,0.282450979201061
2436,0.20434500506483,0.263591755486046,0.297906093126432,0.293648547350595,0.293708307389641,0.329478363630963,0.28136835607031
2437,0.203305936998113,0.262565645503866,0.296951702790293,0.292790214710131,0.292500643165761,0.328916579717873,0.280014078693136
2438,0.202541669070688,0.262060318544554,0.296209364871007,0.291713966591084,0.291686961173502,0.327512004489839,0.279098866400946
2439,0.201917940503853,0.261204978997717,0.295130929507469,0.290687497040451,0.291441991282059,0.326212204313935,0.278299657743866
2440,0.200727895375578,0.259926266779821,0.294242400203939,0.289855864214767,0.290525944726851,0.325952803003154,0.27754651996169
2441,0.199253909539376,0.258728395260478,0.293842706630237,0.28890915966004,0.289087726091226,0.325233902114798,0.276923227866839
2442,0.198199509032784,0.257862059773085,0.292915911115724,0.287775821578082,0.288129563301,0.324480566705853,0.276090279890707
2443,0.197304426950887,0.256879080839556,0.291448181140126,0.286806923720414,0.286695835432818,0.324073366510139,0.27512020299364
2444,0.196378690588199,0.255775865808647,0.290236780567218,0.285887377310347,0.285418561319382,0.32311394443082,0.274144103330707
2445,0.195239618490923,0.254701474845905,0.289421031310945,0.284480183430108,0.285024806407035,0.322139602597227,0.273359829084136
2446,0.193927989122008,0.253635869275448,0.288334485308426,0.283171570860295,0.284089617080221,0.320984601393818,0.272464525472339
2447,0.193224860703717,0.252626723699654,0.286917953087738,0.281896296935316,0.282499781509366,0.319734474724874,0.27108885072586
2448,0.192843417738541,0.251779798806606,0.285681159172178,0.280495810041081,0.281110716542717,0.318933699073112,0.269782742712868
2449,0.191654170226815,0.251007777900253,0.284508064697257,0.279805517894319,0.280314167032037,0.318157138051798,0.268844618161561
2450,0.190441605336583,0.249974938157236,0.283741653455214,0.2790650397796,0.279634556164503,0.317656767428819,0.267926785773836
2451,0.190029484895572,0.249258030020516,0.282499929672879,0.278113860323894,0.278453431021763,0.317231681573235,0.267299791922538
2452,0.189055677222399,0.248530123228058,0.280996646542118,0.277569076662348,0.277154308162261,0.316202859562275,0.266685569684522
2453,0.188453392480495,0.247723006358734,0.280394054942678,0.276750886337127,0.275970346331376,0.315212887057898,0.265399439006669
2454,0.188600590524795,0.247109607866945,0.279212691976403,0.275730548104856,0.275060528360405,0.314770531950859,0.264316111478057
2455,0.186532790134971,0.246007225982109,0.279092252782854,0.275152959296754,0.274860826861814,0.31416965101829,0.263751841009776
2456,0.185469896611299,0.24512047513099,0.278562372418517,0.274310360935532,0.274068000870609,0.313332783303991,0.262948531426301
2457,0.185974223078733,0.244582554644713,0.276576044206827,0.273643009160931,0.272289577898051,0.311422627049954,0.262554230471625
2458,0.185049024706658,0.243848959390089,0.275537581874263,0.272958591524464,0.271390687978661,0.310604534048785,0.261802481585305
2459,0.182677564011409,0.242876171940329,0.275623263564869,0.271918011554641,0.271184885025133,0.311176333243816,0.260139423778096
2460,0.181763446516027,0.242111839622191,0.275033215625848,0.270786014409578,0.27039617256618,0.310616240592287,0.259142714286547
2461,0.181130781196619,0.241597236975239,0.274197232086487,0.269746012430705,0.269756747998745,0.30967554603357,0.25853933128442
2462,0.180023844407643,0.240812772662925,0.273611813602536,0.268686370775663,0.269168699195416,0.309279413740278,0.257834256184905
2463,0.18021829842333,0.240248755767203,0.273027789591092,0.266923900889045,0.268072152903819,0.308498991420343,0.25788097723273
2464,0.179967794978034,0.239321895000895,0.272154062797806,0.266077734301644,0.266975313007091,0.307550343629277,0.257298902282545
2465,0.17810651295091,0.237413470467245,0.271172321034118,0.266560167375707,0.265936126586409,0.307078641235917,0.255600637631185
2466,0.176970262816713,0.236283876861911,0.270563999836121,0.265817256676152,0.265361681081024,0.306754922786782,0.25486643082698
2467,0.17697376766635,0.235471986542272,0.269899201334863,0.264540187748193,0.265422607089405,0.306027637899484,0.254933334987824
2468,0.176357918190958,0.234689269085858,0.268927735182627,0.263928876441533,0.264430015934968,0.305229918089129,0.254081892140376
2469,0.175068390995187,0.234387352347568,0.267882069405755,0.262578716509167,0.262312164087888,0.305025914716954,0.253112392383948
2470,0.174445474677379,0.234101969861802,0.267618346051362,0.261730621642705,0.261796751620902,0.304591810639683,0.25245746759751
2471,0.174286859540692,0.234051894818267,0.268249355950088,0.262439962145792,0.262121065572103,0.303433910102224,0.250806466719924
2472,0.173604891211767,0.233623955148642,0.267325997493122,0.262199063839828,0.261185301276723,0.302508562959305,0.249931004769346
2473,0.173019631825866,0.233162038476429,0.265689808692187,0.261105070245509,0.260780302512478,0.301821660964342,0.250614328673298
2474,0.172512922460604,0.232796802937272,0.264848995886107,0.260573939743593,0.260826549079666,0.301394370367819,0.250386283612716
2475,0.171011073563766,0.231822633256405,0.262432616540836,0.260057175598196,0.259546566998714,0.301171488783491,0.24952415208055
2476,0.170550364075093,0.231173497516878,0.261474723344446,0.259352988587517,0.258336781135844,0.300679443484915,0.249010462682038
2477,0.171374576101593,0.231245420225442,0.26308457935501,0.258836291198423,0.258538684882852,0.300533152858773,0.248237181392936
2478,0.171418987741519,0.230799202468859,0.263584545769346,0.258464963654756,0.258350342039981,0.29994052492837,0.247801954831332
2479,0.172251137899032,0.229996499934402,0.264098551730501,0.25816736768148,0.256917727746815,0.298050417051931,0.248141448387009
2480,0.172032709863523,0.229524722711454,0.263885248652886,0.25748275512951,0.255862209061499,0.297623381865962,0.247695215868761
2481,0.169777910763931,0.229057431057666,0.262898602981103,0.256356178424281,0.255328453474144,0.298651835228503,0.24674183742666
2482,0.16925222451742,0.228346884601875,0.262307248697188,0.256055128409695,0.255049406102531,0.298564330259335,0.246183440801415
2483,0.16962949155896,0.227321105754724,0.260946963202328,0.255772541255936,0.254574940588784,0.298233505313317,0.245077269483473
2484,0.16899358761932,0.22720157970044,0.260034745487946,0.255447402169259,0.254302392892951,0.298537596455975,0.244634519632714
2485,0.168528192101564,0.227657751716232,0.260054496661976,0.256988534513708,0.255325750916891,0.298700035536594,0.245455624587075
2486,0.168479275385247,0.227389362176323,0.259617248165107,0.256590357498376,0.255431323552733,0.298421733011979,0.245269516574424
2487,0.168081755664388,0.227535293387251,0.258457697102777,0.25359257028509,0.254727975409317,0.299264151214716,0.244480176186242
2488,0.167516849741861,0.227579033531098,0.258069291851127,0.252722571268091,0.253906598552469,0.299138363867488,0.244318779111404
2489,0.167451565650601,0.226627986708257,0.258346910622006,0.252523917792613,0.252019037104709,0.296733634069651,0.24340152422934
2490,0.167704890421302,0.226406706948522,0.258145968900386,0.25159217448205,0.251560749040488,0.2959456283021,0.24324763750211
2491,0.167461191226017,0.227178299245304,0.258008802150616,0.251127667763551,0.251686347944843,0.29625804997774,0.245348471585699
2492,0.166643004564949,0.227476188833129,0.258412097902022,0.25149829528652,0.251874218204915,0.29572616981995,0.245125957035821
2493,0.166139031166532,0.227342557877195,0.259118361548751,0.251587574699269,0.254477385645808,0.294820276724649,0.243019507620284
2494,0.16634680534564,0.227388033155604,0.259095370581036,0.251587024264066,0.254816065917018,0.29527330718839,0.242906528492911
2495,0.166486448350798,0.22759841462161,0.258756718208566,0.253354526025391,0.252035542738206,0.29649954794456,0.24258539296493
2496,0.165694871688888,0.22817897876058,0.259418298451574,0.253925160628078,0.251848325674018,0.296990668930631,0.241874344839158
2497,0.165240266221688,0.229366037165001,0.260644426811268,0.253364554815479,0.25291292944975,0.299413160325224,0.243279125798175
2498,0.165584860081433,0.229539004462514,0.260169209989468,0.252539764169113,0.253174366068565,0.298742362423979,0.242646982704449
2499,0.163741869069955,0.229113557236661,0.259647520076805,0.250737035121029,0.255153373994439,0.293773410452708,0.238362470583152
2500,0.164173927415594,0.228991658110805,0.259417630983472,0.250202688340451,0.255491231221962,0.293607987967137,0.238290203073151
