"wavelength","304","308","312","316","320","328","332"
350,0.0356533026192642,0.050204302020243,0.0291865846789504,0.0486706181400142,0.034833695944674,0.0429077654833529,0.0368268069332799
351,0.0367607088033373,0.0528786225232728,0.0328860174120399,0.0513905179343789,0.0355392462669957,0.0421080428958714,0.0388943556999562
352,0.0330039497506675,0.0497804411880841,0.0275989239657145,0.0489314552171431,0.0331852768205166,0.0337587369520954,0.0365225859693259
353,0.0347555726553063,0.0498200008271872,0.0274864235086114,0.0494210225897019,0.0332709058240666,0.0359681926709403,0.039387551890792
354,0.0347973731826233,0.046816010837364,0.0275395213467795,0.0509746583257614,0.0319278313277527,0.0381807884165875,0.0399613043666237
355,0.0327048966420482,0.0442271065521588,0.027618939667643,0.0504232418116176,0.0307387752740621,0.0384145657035049,0.0379513869837737
356,0.029917215530873,0.0458495419385836,0.0279617765108082,0.04597531359146,0.0316597129512853,0.0370053037288468,0.0351928605566073
357,0.0287362525890822,0.0449533132770947,0.0251347689607084,0.0447637253992468,0.0317751653572351,0.0354912117124887,0.0352524580116745
358,0.0290946095610626,0.0446400413363343,0.0246898794369344,0.0481992615613253,0.0325438598712829,0.0364164921018994,0.0371346193237134
359,0.03022383797355,0.0457589801152531,0.0272542781447218,0.0528696363007921,0.0337138470673114,0.0389657075654457,0.0382817706076297
360,0.030403673001972,0.0433982415729129,0.0232977667726214,0.0456985874459496,0.0308499202345567,0.0357176982475517,0.0325444623914168
361,0.0304243202235736,0.0445558439681027,0.021929024369619,0.0463507672292267,0.0299621779516023,0.034942125844905,0.0321191887095334
362,0.031084400151604,0.0482502012863263,0.0243804124501921,0.0530806251889408,0.031456490571761,0.0373200036677687,0.0358246334533611
363,0.0331299670090981,0.0492290789586053,0.027544869073399,0.0526828471297825,0.0326427727602716,0.0394018128831047,0.0352261803880343
364,0.0330900273133011,0.0492651587639822,0.0283720338654818,0.0504898701241705,0.0333482053024339,0.0396417762900254,0.0347781851246786
365,0.0315802854438576,0.0470857493013211,0.0260967102051141,0.0481799363367944,0.0323109947293529,0.0380367619357445,0.0340748320867255
366,0.029922664045996,0.042682965912912,0.022041863996952,0.0468612800822368,0.0295112760343055,0.0356315462969125,0.0327428952055923
367,0.0282848934385843,0.0434404850428571,0.0233355619004748,0.0477767643419634,0.0305638906591797,0.0357438778653882,0.0344160701151175
368,0.0284017003941141,0.045149093035469,0.0251613529070013,0.04858175194149,0.0317073520882712,0.0369147025921729,0.0358884033289439
369,0.0299068241095689,0.0452664405233287,0.025125029513125,0.0484849043309283,0.0313166380179082,0.038017795673334,0.0358580408766695
370,0.0289207003356077,0.0439925534994184,0.0248078140375119,0.0493036338766774,0.0314064603056306,0.0387400557532067,0.0362049766664811
371,0.0293759180056583,0.0434422464201077,0.0251160793488502,0.0489817908206992,0.0309637018357153,0.0385471700799001,0.0360449878709156
372,0.0304341254527479,0.0439957860177757,0.0250199608497072,0.0471252726792493,0.0303887573137943,0.0375765277879818,0.0350869146068706
373,0.0294255564770518,0.0450807796314092,0.0228675631823458,0.0445017257889903,0.0306730322565395,0.0365720775531625,0.0335159245255906
374,0.0299434739149318,0.0451398044733046,0.0237707839721671,0.0475125667920884,0.0322088693367344,0.0395006004795974,0.0354647479840754
375,0.0307153316458898,0.0438943311140308,0.0250785456852661,0.0502599500797982,0.0324901795550095,0.0409112490064708,0.036283999308757
376,0.0303720532366173,0.0420841379629381,0.0242484555791951,0.0480239264165744,0.0303925853374251,0.0372942320405059,0.0329728758190897
377,0.0303286754264776,0.0433233120618321,0.0237888799581144,0.0472934148042618,0.0313050386422898,0.0372401058414496,0.0334530485946163
378,0.0285952228435844,0.0427798847781396,0.0230216596114776,0.0469288860022745,0.0309293350280749,0.0372269337464211,0.0335550781608008
379,0.0257584085912752,0.0402713402040954,0.0220854720777736,0.0462777925248183,0.0289779026616521,0.0361834776285776,0.0323452755146348
380,0.0257941603806434,0.0418390493557834,0.0223736122290782,0.0453637800427086,0.0307117769926793,0.0363851954200605,0.0333292627093869
381,0.026651455609083,0.0422794990297041,0.021848596490592,0.0457211093285943,0.0310729806025374,0.0368815521992979,0.0335904609643188
382,0.0274514937995078,0.0420268324808779,0.0209683689632919,0.046131571834486,0.0300001190224473,0.0371004428517699,0.0334500323636723
383,0.0277016058194277,0.0432049226252543,0.0210548197709552,0.0447143212454379,0.0293349357976387,0.0366437617289517,0.0341401814293385
384,0.0277894044719119,0.0423274839214155,0.0216271816586632,0.0454803922543508,0.0301819005587772,0.0362112411292671,0.0330028206370348
385,0.0278697315749767,0.0418212463679682,0.0215310574176981,0.0463725785533083,0.0305544243479948,0.0360376657313384,0.0321226580674728
386,0.0278484478384608,0.0429026406122748,0.0203985889103066,0.0457108433861833,0.0295258417738765,0.0360639687862268,0.0327795458712089
387,0.026874547620735,0.0402595809016543,0.0202703608721903,0.0454918525659077,0.030810680846295,0.0355238839625595,0.0318301858997432
388,0.0259351845511492,0.0399974948696002,0.0208983167212987,0.0451553792075725,0.0315212183500369,0.0354312768278812,0.0315771411403882
389,0.0259308382828464,0.0426571403101579,0.0217525083223691,0.0447270529893702,0.0308927801794278,0.036012323572243,0.0323775093575966
390,0.0279284790983608,0.0426393270318735,0.0219625205564868,0.0448610098172972,0.0303881007151431,0.0366696507443531,0.0324291204920452
391,0.0281713648466945,0.0427119759001598,0.0221295945987697,0.0458780465770371,0.0309091717531929,0.0373638872997665,0.0331845111762739
392,0.0274849037838155,0.0429240870239797,0.0222368303614429,0.0467084045595374,0.0316272452528876,0.0377141266657583,0.0339643184190684
393,0.027901052880215,0.0425144025363989,0.0220242909104605,0.0460239336263094,0.0311482262247423,0.0372984491888685,0.0335050490274223
394,0.0257069708881702,0.0406906029839038,0.0206751413754805,0.045287549829967,0.0295777579046624,0.036144475996339,0.0320031335360832
395,0.0246171177176808,0.0398114014319602,0.019739804852959,0.0448585330682383,0.0288875095197745,0.0351990230657496,0.0315911069831028
396,0.026659383311788,0.041029480178452,0.0201918092821719,0.0448458289791573,0.0299737065981632,0.035071658522492,0.0329420028173406
397,0.0270792683574266,0.0414507549119217,0.0208995457166716,0.0453218972205532,0.0303925780576876,0.035273306467588,0.0320494051939592
398,0.026137273185714,0.0407701831022573,0.0206416217625525,0.0449634191260902,0.0302024523641602,0.0352919050827579,0.0312975762911506
399,0.0248206922267383,0.0399020805392312,0.0197161748238353,0.0441016289519203,0.0298686217089966,0.0352321789455765,0.0314761816858916
400,0.0249944689378055,0.0412572944047813,0.0200667233885815,0.0448814004662819,0.030360071055953,0.0359246820364913,0.0318633330822098
401,0.0247438857404866,0.0408745799598731,0.0200639901025858,0.0453294696302475,0.0303958666310899,0.0354985359016359,0.0314334919463883
402,0.0249118580786233,0.0398707992609302,0.020117271067713,0.0454546351741869,0.0304387219318077,0.034963051172507,0.0312360592185386
403,0.026763129737782,0.0406862041964947,0.0210397455054876,0.0457939976028961,0.0313184805790302,0.035972912617824,0.0326341594872225
404,0.0267443153943637,0.0408878954802158,0.0210944368634789,0.0455084448055487,0.0316535614376319,0.0363778743522843,0.0324481508302788
405,0.0256479316226137,0.0404353862058026,0.020258321556301,0.0449892753865353,0.0311717263967492,0.0361479949309701,0.0316370313045329
406,0.0247652162090021,0.0398757186787311,0.0191970580180792,0.0446413215970809,0.0302382324748026,0.0357427297333839,0.0314130694724081
407,0.0253100830890767,0.0407399777407843,0.0200344882639408,0.0445464015353897,0.0306385136646083,0.0363525271007578,0.0324487628910954
408,0.0251680868755107,0.0404734965087408,0.0201934489188046,0.0440620815154047,0.0306957005748297,0.0359642476303368,0.0323886572301187
409,0.024108822270098,0.0390606735009481,0.0191715051614786,0.0434653831686679,0.0300074394430572,0.0347084550655107,0.0311502548076891
410,0.023890484525546,0.0392450597304427,0.0185732099422788,0.0441176586240385,0.029452887713036,0.0351017956635352,0.0310567557938131
411,0.0242690680756459,0.0398580175052979,0.0190115583077672,0.0447623531709074,0.0295713347565333,0.0353435161071646,0.0317718227749253
412,0.0246039244045893,0.0400445863776597,0.0195169204275555,0.0446529946121759,0.0297765847333492,0.0350982736855669,0.0321704086549845
413,0.0241869302822302,0.0391831795432933,0.0187371127891176,0.0434474461076986,0.0292088789304976,0.0345764888049421,0.0310318721734917
414,0.0240316620632905,0.0389217270384382,0.0187001599835832,0.0433016304280457,0.0293048698339955,0.034563769606433,0.0304429615604956
415,0.0242720836228674,0.0391180118321805,0.0193742416170574,0.0438034288665709,0.0298770588212874,0.0349290167928638,0.0306935985585759
416,0.02474863932021,0.0394332869485169,0.0202029517390508,0.0442621078655962,0.0304486975754133,0.0354111393870742,0.0315167612459263
417,0.0249175650440873,0.0399053067318778,0.0200030520118835,0.0444263236865528,0.0303825377305093,0.0359382576626538,0.0320498929193371
418,0.0246490745401697,0.0400523931340459,0.0194073509075342,0.0442871743484054,0.0302753112746056,0.0358825732637468,0.0317733920423335
419,0.0241418520150713,0.0397395691733643,0.0189787718784722,0.0440161296830206,0.0302533216692825,0.0353150829665418,0.0309164416240864
420,0.0240215137321893,0.0391756142523519,0.0193216424667624,0.0440459750170377,0.0298093830696671,0.0351979717647864,0.030599856080406
421,0.0239242003295553,0.0389344609631644,0.0192421012873452,0.0439127617041737,0.0294447872731479,0.0350044172945122,0.0308927876799108
422,0.0239193038271883,0.039078733479115,0.0189478484984324,0.043851430893295,0.0295145988322145,0.0349016786762924,0.0314445895262149
423,0.0241972592638052,0.0393970224963097,0.0191552789392099,0.0442940617634789,0.0302269012434278,0.0352541553465688,0.0316836690411589
424,0.02431007599925,0.0393558886785746,0.0188668378019976,0.0440750518179593,0.0302066963111582,0.0353159462027635,0.0317188726330674
425,0.0243202461275903,0.039123538780894,0.018711120855105,0.0436947188779203,0.0299139504347827,0.0353354656034176,0.0315789213226258
426,0.0243013006953816,0.0389422426640585,0.0191465045805747,0.0436770606432145,0.0299336379570032,0.0355316428598712,0.0313092213676002
427,0.0239145010046955,0.0387412809488718,0.0188949978277287,0.0434553943543989,0.0300496038820075,0.0352858186322648,0.0309396565727455
428,0.0238397189249185,0.0389061101336351,0.0188467996163922,0.0435200021754455,0.0301061151939228,0.0351073748301565,0.0309421018068262
429,0.0241632054712779,0.0393163569480787,0.0191917702475942,0.0438373214174812,0.0300131802495065,0.0351622925261277,0.0312927673955789
430,0.0239581947830233,0.0389282100160489,0.0188708509524415,0.0434080323310591,0.0296941805049742,0.0350087980962846,0.0311342318414423
431,0.0239649400218933,0.0389004635434516,0.0186613002273681,0.0432199209300137,0.0296872688200498,0.035045737485516,0.0310989569432212
432,0.0241761546532618,0.0391970414501987,0.0187844614108921,0.0434866146939403,0.0299994592058426,0.0353420485757768,0.0313659411938637
433,0.0242148265837526,0.0391789260015114,0.0191911313881771,0.0440209057726878,0.0303328682325978,0.0357859620496214,0.0318899618980359
434,0.0242183197817588,0.039413824798622,0.019362531993613,0.044104335799043,0.0304526946437777,0.0358398521286118,0.0320843813450627
435,0.0240963709556031,0.0395383359723183,0.0191639635027923,0.0438252197467511,0.0302924480950521,0.0355093537076854,0.0318623040610271
436,0.0238019488652631,0.0391856578734902,0.0186881503114023,0.0435073111753328,0.029918818119553,0.0350605722936134,0.0313793412617073
437,0.0236768027344613,0.0389846764441383,0.0185677838026973,0.0435009032767917,0.0296956465573048,0.0353361228755758,0.0312372605650139
438,0.0238768456979095,0.0390881836382945,0.018720544854673,0.0438564804724239,0.0298469950325505,0.0356772344251812,0.0315052134818805
439,0.024256666642219,0.0393859284832918,0.0189242162417461,0.0442948638619369,0.0302418705746204,0.0356317643697634,0.0319089912846798
440,0.024026611704067,0.0392864347474257,0.0187363311772294,0.043787347171132,0.0299849293586161,0.0352484773639905,0.031434519358228
441,0.0238829115526199,0.0391586756176976,0.0185786195340521,0.0434808746463029,0.0299182015930689,0.0352774007000121,0.031296725229474
442,0.0239894011132684,0.0391888020517479,0.0186238977122553,0.0436553593717477,0.0301476861166283,0.0356855460048303,0.031613904214288
443,0.0241309355572756,0.0394616307745541,0.0188842143072346,0.0439665503173847,0.0302317667828006,0.0358053802656088,0.0316751814720648
444,0.0242219095475813,0.0396595890218572,0.0189940687867007,0.0440326047496074,0.0304494631159527,0.0358767807846188,0.0315601113267042
445,0.0242374166125275,0.0397189599288068,0.0189705426899889,0.0439615835289214,0.0306619064121671,0.0359259656244158,0.0314979682145814
446,0.0242044703925955,0.0396709184909354,0.0189535535947025,0.0440132262086964,0.0306568206320463,0.0359511533405872,0.0317370150419751
447,0.0243302150146239,0.039578092013995,0.0189663034768083,0.044179573009867,0.0306768839200383,0.0361373419540687,0.0320998933446806
448,0.0243709346582002,0.0395740545697008,0.0189908296583953,0.0441910493758172,0.0305631069600454,0.0360658318395247,0.032205474551676
449,0.024190142843797,0.0396524408519599,0.0189975048613051,0.0439473344856939,0.0302961408638964,0.0356245575896999,0.0319119629100484
450,0.0240589289061519,0.0393379698723312,0.018929597691929,0.0438774432372177,0.0303836975205326,0.0357610353646001,0.0317341507291135
451,0.024175124636497,0.0392624368678533,0.0189220957787532,0.0440359706762909,0.0306360133605867,0.036093395716573,0.0318799365489609
452,0.0244712026505524,0.0395417918402513,0.0189881191163111,0.0442720144920615,0.0308294860423432,0.0362999813573447,0.0322237364791614
453,0.0245507939016993,0.0396919582022549,0.0189899614248727,0.044143843991158,0.0306332039566749,0.0360366368369084,0.0322083923984174
454,0.0245255432051104,0.0397795999400346,0.0190591864807442,0.0440848822816913,0.0306591285515228,0.03612846913042,0.0321579168226559
455,0.02448667951455,0.0398471106544338,0.019124471021078,0.0441409008726681,0.0308141351940184,0.0364215001156035,0.0321698094177675
456,0.0245285454998245,0.0399400612479488,0.0190460162024368,0.0442006707140054,0.0307248510396987,0.0363596567496442,0.0322488431614799
457,0.0245290692180205,0.0398855445854151,0.0190493038381373,0.0442286547674397,0.0307032144898209,0.0362938732632411,0.0320985233087499
458,0.024485143963622,0.0398343483185782,0.0190687082990188,0.044231891884573,0.0307549342802364,0.0362199814488212,0.0320242917298476
459,0.0244302841523508,0.0399122618869387,0.0190088626365326,0.0442288074002669,0.0308249620612553,0.0361242769303364,0.0322512275242645
460,0.0244270001146152,0.0398514027027268,0.018824494275076,0.0442127053844671,0.0308259316821916,0.0361892296957119,0.0321492499007013
461,0.0246084620941287,0.0399941755730733,0.0189760338338514,0.0443309988751439,0.0309359964430754,0.0364369725299481,0.032284575822342
462,0.0249195730979615,0.0403235100013247,0.0194598622070476,0.0445514016413404,0.0311634981120974,0.0367348085133773,0.0327387262298562
463,0.0249646573644867,0.0400698817832995,0.0193898833335543,0.0444867266862201,0.031178784025949,0.0366452934744045,0.0326116693534432
464,0.024834853108176,0.0399838691619361,0.019223058099419,0.0444357983803935,0.0312437675329031,0.0364983133621079,0.0324554690894982
465,0.0246590779140927,0.0401118598703197,0.0191316146915887,0.0444224335216917,0.0313030269309182,0.0364619922422893,0.0324326179469455
466,0.0246255022929598,0.0400669334048696,0.0191570452124437,0.0443089970420747,0.0311045973651849,0.0366282905751936,0.0325017575367264
467,0.0246580282442613,0.0400885235140229,0.0192767052624152,0.0443035731842642,0.0311057650739972,0.036661145680886,0.0326817731438531
468,0.0247018474980047,0.0401767061384958,0.0193661541946115,0.0443816958041227,0.0312087716948753,0.0365814599074785,0.0327384725092715
469,0.0247041100297151,0.0402586755449966,0.0192970549532308,0.0444355595122944,0.0311932376468866,0.0365020776614861,0.032468987380778
470,0.0246139767672581,0.0401895616743411,0.0191090487685372,0.0442475921510222,0.0311310078291759,0.0363717938228565,0.032338022616801
471,0.0246254181115213,0.0401228081893926,0.0190220586779661,0.0441760290352771,0.0311477470451079,0.0363895456767911,0.0323819762332933
472,0.0247991326764626,0.0401565341549911,0.019127518023164,0.0443718578438113,0.0312664530256394,0.0366019712468399,0.0325577331364432
473,0.0247661261529602,0.040146214647326,0.0191455493175709,0.0442692978235853,0.0312007772828672,0.0365813986923919,0.0327728729368423
474,0.0248792275456688,0.0403175255304288,0.0192231895142843,0.0443399892419142,0.0313016944598448,0.0367178157901518,0.0329469694896092
475,0.0251057440429896,0.0405764740560748,0.0193310537771131,0.0445882503398619,0.0315126827572801,0.0369813480267674,0.0329793349340166
476,0.0249615563340631,0.0404351720068815,0.0192237797641873,0.0444839958860772,0.0312829959494991,0.0368490576238605,0.0326985017962322
477,0.024931277791972,0.0404429373706023,0.0192853970973444,0.0445245197587201,0.0313597527826123,0.0369024672815514,0.0327266102717496
478,0.0249828923307935,0.040580173622898,0.0194271875266084,0.044653065251615,0.0315715108085252,0.0370541863563578,0.0329719516614328
479,0.0249070397262927,0.0406134733599054,0.019390820189147,0.0446154622011328,0.0314146461816984,0.036974357696101,0.0330445875230459
480,0.0250605905948385,0.04069656708583,0.0195309779694408,0.0446616194282858,0.0314141135490689,0.0369598828766997,0.0330262232623019
481,0.0251685995975601,0.0407671096973374,0.0195617072608867,0.044694845648191,0.0314965758739049,0.0370062180086059,0.0329796045988324
482,0.0250069015316069,0.0407398829032332,0.0192954509544049,0.0446154402092943,0.0315093583665028,0.0370461714041431,0.0329561995205499
483,0.0250067662184793,0.0405189748786125,0.0194198520683353,0.0445371311246097,0.0313949568418915,0.0369620919339652,0.032916442327647
484,0.025152782960894,0.0405994287716415,0.0195965520131705,0.0446113836184179,0.0314189743470127,0.0369701490682351,0.0330287032584083
485,0.0253582889282747,0.0410258529034854,0.0196271029798309,0.0448023009607611,0.031647376805299,0.0371112566952936,0.0332704940357518
486,0.0254477698569275,0.0409755072828065,0.0196262715073873,0.0447040539831975,0.0317983904920024,0.0370643535490153,0.03324696160143
487,0.0254124736633032,0.040919343469434,0.0195215666239544,0.044681354773883,0.0317628476649814,0.037152550409911,0.0331722671830949
488,0.0253474619417109,0.0409798936305301,0.0194424314223766,0.0447876863542246,0.0316731762595823,0.0373573192745818,0.0331795420606673
489,0.0254406812652424,0.0410867776999341,0.0196680057261867,0.0448816129905433,0.0318605032326775,0.0374320412398559,0.03337706152558
490,0.0253469443775851,0.0410658413137629,0.0196817083386116,0.0448889677668579,0.0319169340255344,0.0373507104924913,0.0333587359958535
491,0.0252614580098741,0.0410134144041323,0.0195942289482233,0.0448667977638506,0.0318612053638348,0.0372665262763294,0.0333022520063429
492,0.0254544513237284,0.0410762134083545,0.0196519712838094,0.0448949670824582,0.0318256199739394,0.0373567926715531,0.0334799807052956
493,0.0254995897140027,0.0410780233714041,0.0196214977968775,0.0448347129959618,0.0318097207421382,0.0374882148532996,0.0334666123781164
494,0.025473122498799,0.0411306933456008,0.0196042827806868,0.0448576935062252,0.0318099205855306,0.0375116979278048,0.0333735517082137
495,0.0254819757693033,0.0412952011099459,0.019681098958782,0.0450337212724349,0.0318327749279059,0.0374041690703438,0.033352534418252
496,0.0255432592570638,0.041405805894273,0.0197770982006497,0.0450418535219395,0.0319269612793086,0.0374867469621584,0.0335107963193471
497,0.0256877994491564,0.0414939105847529,0.0198972557964383,0.0450836460638169,0.0320635601081472,0.0377015285957832,0.0336745480330096
498,0.0258237259788996,0.0415596185643751,0.019985876200114,0.0451887879088731,0.0321761969489604,0.0379071896977291,0.0337426548908828
499,0.0256471824675885,0.0415468846545794,0.019875721776267,0.0451575374215749,0.0321166781107772,0.0378040418198253,0.0336669461615814
500,0.0256716492496188,0.0416139374276667,0.0198635275553632,0.0451556922180223,0.0321910780566976,0.0378027906359721,0.0337168636472572
501,0.025878502876554,0.0417887707458582,0.0199729273023584,0.0452244194014561,0.0323299158580206,0.0379528976580166,0.0338954424609463
502,0.0259960637383976,0.0420228742040613,0.0200914018970104,0.0453436110828483,0.0322916367005097,0.0381289213663941,0.0340676004945533
503,0.025961694201457,0.0420132101786331,0.0200276778509745,0.0452835260202762,0.0322394594421278,0.0380632500792993,0.034075805452607
504,0.0259594081134842,0.041991345746753,0.019965572252479,0.045252059304341,0.0322890425756685,0.0380172134871482,0.0341182662984934
505,0.0261402729252078,0.0421988685908785,0.0200905128277649,0.0454457704559718,0.0324779366493696,0.0382411411638659,0.0343632535489216
506,0.0261755790245905,0.0422948470951185,0.0201501981493605,0.0455046482049617,0.0325084703464897,0.0382980939938984,0.0343903599177664
507,0.0261610299100838,0.0423416279931139,0.0201534223165029,0.0454743489594072,0.0324810981363839,0.0383232184734135,0.0344201463282145
508,0.0262084509216924,0.042435421912678,0.0201584344064214,0.0454597452679467,0.0324988053611588,0.0384265291244826,0.0345804351289591
509,0.0264362589907555,0.042716120422136,0.0203112836625945,0.045662885965159,0.0326292180881947,0.0386012320096934,0.0347180237075024
510,0.0265846627003279,0.0429426375598466,0.0204170895289289,0.0458106374394396,0.0327269914003355,0.038708061949027,0.0348447196554144
511,0.0266283871589249,0.0430765646167545,0.0204385790245329,0.0458424587381243,0.0327670654231816,0.0387507721622234,0.0349361610322876
512,0.0267523016920257,0.0432563643200094,0.0204707255471581,0.0458746063925441,0.0328292599626558,0.0388659988521872,0.0349239986218381
513,0.0268774945272447,0.0434654927644382,0.0205682641793675,0.0459801390159875,0.0328961701348078,0.0390149747188212,0.0351071969364556
514,0.0270502098643454,0.043683618897278,0.0207074332071969,0.0461458970834951,0.0329902404991818,0.0391767539967944,0.0353944375678112
515,0.0273289542969481,0.0438830229469056,0.0208255367945666,0.0463085583389146,0.0331276249186754,0.0393224241461327,0.0355561118852353
516,0.0274094252456374,0.0440321138485829,0.0208375793564734,0.0462996711629217,0.033085204687275,0.0393006033220948,0.0356278997888045
517,0.0274833172372743,0.0442440167053834,0.0209009010076686,0.0463428505123711,0.0330989762258134,0.0393891828477473,0.0357644823814298
518,0.0277130850155157,0.0445785525831638,0.0211242104033328,0.0465943910937394,0.0333358198315692,0.0397522578125953,0.0360483997652597
519,0.0278147057712505,0.0448070829382036,0.021299719859063,0.0467056410005989,0.033406359572317,0.0398552952196857,0.0362048956141324
520,0.0279470263914753,0.0450146910484473,0.0213555181447015,0.0467890208767181,0.033477664159988,0.0399221693526073,0.036363366092165
521,0.0281753675262213,0.0452533978687197,0.0213469675180714,0.0469158268461668,0.033628660822403,0.0400824108567713,0.0365779467944866
522,0.0283942313178151,0.045508867297906,0.0215753190494708,0.047072808113632,0.033769902155946,0.0402826824613627,0.0367541038599509
523,0.0285338782989647,0.0457177916531387,0.0217029236209369,0.0471746735262378,0.0338109332481046,0.0403879139972572,0.0368805728155806
524,0.0286368831356692,0.0459088641130055,0.0217340524089891,0.0472366862798005,0.0338155831192658,0.0404423675009765,0.0370000604105883
525,0.0288361798811988,0.0461797931364105,0.021902048663236,0.0473474191731008,0.0339691685920547,0.0406249614174527,0.0372028798478037
526,0.0290191979127874,0.0464657302118389,0.0220567492953749,0.0475358479952796,0.034142286705565,0.040861574847332,0.0373957533145589
527,0.0291555724237181,0.0467263551282234,0.0221814350495351,0.0477086015580597,0.0342745200378422,0.0410220067470605,0.0375764914725285
528,0.0292541554137014,0.0469419037695537,0.02229861114627,0.0477656245527462,0.0343370812164883,0.0410123511030454,0.0377690251058978
529,0.0294461495073668,0.0472222377395213,0.0224474439383279,0.0479220801292406,0.0344122405599451,0.041234819036361,0.0379829622654366
530,0.0296813179048306,0.0474983613689803,0.0226063130295867,0.0480939338885809,0.034532159412688,0.0415204522961518,0.0382178571445798
531,0.0298944720647377,0.0477176331326153,0.022747864067293,0.0482057243781249,0.0346907552099218,0.0416937660437547,0.0384532305411501
532,0.0300430182226763,0.0479446406576605,0.0228444217348042,0.0483280644482515,0.0347787004587928,0.0417759337907959,0.0385963349223564
533,0.0302079801537344,0.0481819829555809,0.0229653023078837,0.0484468866008801,0.034927838587287,0.0418986734274235,0.0387871130306409
534,0.0304104840422636,0.0484395859728043,0.0231163796670324,0.0485663529696094,0.0351385685241351,0.0420982591464086,0.0390419685324813
535,0.0305832608459462,0.048750989061696,0.0232000204972618,0.0487233986064437,0.0351942015747506,0.0422786030800494,0.0391778378110781
536,0.0307588331863467,0.0490380595395721,0.023319696513948,0.0488913832606784,0.0353120397741362,0.0424435062028682,0.0393785126992211
537,0.0309380065723724,0.0492876215852196,0.0234738270538152,0.0490296781091844,0.0354702310376939,0.0426123417156469,0.0396353817926307
538,0.0311080555149295,0.0495227501104708,0.0236063756982788,0.0490884663436644,0.0355244989564796,0.0428194180033025,0.0398395823414637
539,0.0313024573591764,0.0497987845834529,0.0237524250852853,0.0492474858361925,0.0356646835169809,0.0429989904533506,0.0400258291952113
540,0.0315123448056778,0.0501016750692925,0.0239051941779299,0.0494457815644458,0.0358655733968999,0.0431945108305066,0.0402311183392489
541,0.0317184116965854,0.0504041503251099,0.0240539888644381,0.0495822318387035,0.0360466903738749,0.0434564483133767,0.04048383142731
542,0.0319073784028201,0.0507361457236863,0.0242288080851782,0.0497352531889808,0.0361374996176355,0.0436917443371577,0.0407356088192079
543,0.0321244546498849,0.0510685843749529,0.0244123629697696,0.0499147409217571,0.0362874089388659,0.0439154480723128,0.0409825304910546
544,0.0323810828404657,0.0513764746781839,0.0245888240012174,0.0501137185421272,0.0365582488809709,0.0441516584550316,0.0412310275641323
545,0.0325827441447048,0.0516488760959823,0.0247550207756898,0.050305022267747,0.0367227291457547,0.0444291628833494,0.0415063559770467
546,0.0327787166338561,0.0519472902703355,0.0249343577130914,0.0504548589463996,0.0368847680590249,0.0446567353999285,0.0417644946151541
547,0.0329929593122983,0.0522915520752194,0.0251275205465338,0.0505849178653668,0.0370830614003341,0.0448475216494351,0.0420072737923451
548,0.0332251373654312,0.0526603877977705,0.0253077799676685,0.0507966560663233,0.0372858850374677,0.0451556806315026,0.0422953807132731
549,0.0334471009092813,0.0529793239360683,0.0254768690428619,0.0509758216285859,0.0374694186482811,0.0454269704219517,0.0425949156685673
550,0.0336590061473123,0.0532771473682837,0.0256415235546944,0.0511384628319958,0.0376511474940989,0.0456726435240679,0.0428931939992244
551,0.0338748482874511,0.0536332494825141,0.0258127764186201,0.0513552925182184,0.0378684752090698,0.0459753488847834,0.0431840024932724
552,0.0340865956185416,0.0539660970461113,0.025990245547444,0.0515001188382735,0.0380573188871708,0.0462573108545658,0.0434556916210269
553,0.03430630436024,0.0543026276335055,0.0261708730656024,0.0516374650446624,0.0382398178697684,0.0465239085343572,0.043732461634129
554,0.0345457856439663,0.0546767946560996,0.0263530602827684,0.0518470935155004,0.0384525056860696,0.046799112324206,0.0440325135560562
555,0.0347987064595755,0.0550337892586191,0.026551705437423,0.0520521283720675,0.0387065562460865,0.0471069255309375,0.0442870598893562
556,0.0350340230172678,0.055372168177051,0.0267398680716329,0.0522356087921504,0.0389352944421285,0.0474199188777751,0.044581490296522
557,0.0352420206244437,0.0557009267951671,0.026910867053248,0.0524089462535742,0.0391172289354594,0.0477235192395125,0.0449472505408036
558,0.0354623456453037,0.0560402527424724,0.0271124865005954,0.052644839457651,0.0393451428977526,0.048039573297484,0.0452615331592099
559,0.0357002205768899,0.0564023038074331,0.027328664567906,0.0528738794332769,0.0396076583817902,0.0483816240652216,0.0455974046577907
560,0.0359431513068912,0.0567617776429212,0.027530596869041,0.0530655975362644,0.0398739363050776,0.0487311084627663,0.0459456544894236
561,0.036155744763247,0.0570431230913469,0.0276634006859137,0.0532182067859797,0.0400797079380655,0.049028385780866,0.0462048358026229
562,0.0363620415467249,0.0573647609935005,0.0278552695394765,0.0534337568144948,0.0403389222977208,0.0493454279358734,0.046514546645175
563,0.0365811760402877,0.057720149751825,0.0280862406216362,0.0536830511609655,0.0406155613091533,0.0496850693256671,0.046858778250681
564,0.03682729256948,0.0580503424165287,0.0282776984666332,0.0538803432762884,0.0408176916169346,0.0500225449302901,0.0471606537204641
565,0.0370378037496524,0.0583521135788005,0.0285128212680864,0.0540577294437298,0.0410515602678449,0.0503680132312179,0.0474788327450956
566,0.0371892156579743,0.0586141623528438,0.0287010209282467,0.0541971737571429,0.0412952987616544,0.0506617519800715,0.047764490118074
567,0.0372989674232865,0.0588446627347407,0.0287834138658465,0.054303695744053,0.0415224658920227,0.0508842127591451,0.0479914916808109
568,0.0375317184474777,0.0591379078941413,0.0290052488007969,0.0545266250578236,0.0418133229461269,0.0512634890767621,0.0483348985142613
569,0.0377582553543838,0.0594302456482406,0.0292305136024945,0.0547615292780223,0.0420725869832785,0.0516492560238768,0.0486813135818747
570,0.0379060068522471,0.059674401912753,0.0293763190625583,0.054943419121304,0.0422643909300249,0.0519503062617414,0.0489607036682529
571,0.0380422490302955,0.0598606630564078,0.0294998967730476,0.0551084899886577,0.0424901093342876,0.0522306074332606,0.0492150490197783
572,0.0382161054374341,0.0600784371826827,0.02967764386691,0.0553081091927809,0.0427488448625869,0.052526385776811,0.0494926740358932
573,0.0384120082762598,0.0603363286665728,0.0298969541073345,0.0555250876748248,0.0430140143854038,0.0528437012542715,0.0497919362675648
574,0.0385487334479954,0.0605698892537746,0.030057907628488,0.0556738467681359,0.0432240867483649,0.0531605325442637,0.0500623463864341
575,0.038674880743521,0.060805808489976,0.0302114157858282,0.0558044063968809,0.0434778165777062,0.0534467663719897,0.0503495957631996
576,0.0388211525985567,0.0610460580833331,0.03038249726193,0.0559618509901173,0.0437342056448161,0.0537320303969066,0.0506440954225057
577,0.0390081435480241,0.061286291670367,0.0305844407355732,0.0561837398723676,0.0439143179871988,0.0540661271082567,0.0509200328723579
578,0.03917176979343,0.0615302500232049,0.0307567414464501,0.0563851822916639,0.044166072377716,0.0544131894972793,0.0512142068622978
579,0.0393247866694632,0.0617848119871321,0.0309136821086062,0.0565649296374548,0.0444408686500471,0.0547647218009029,0.0515098821383576
580,0.0394899369018091,0.0620523646873342,0.031087290277312,0.0567464566985201,0.0446820121273192,0.0551176191482734,0.05179335343476
581,0.0396745102501841,0.0623240536272362,0.0313373075509479,0.0569977646715893,0.0449412424220635,0.055476902885613,0.0521033277023302
582,0.0398571340935795,0.0625542123198451,0.0315393832645325,0.0572194564853886,0.0452113058752507,0.0558222368027357,0.0524106219770757
583,0.0400346570969173,0.0627547081185167,0.0316742164626713,0.0573815919376435,0.0454913985926777,0.0561573592094714,0.05270210284809
584,0.0402388652649312,0.0630543415654492,0.0319297827884609,0.0575859104812979,0.0458028528664506,0.0565367480702432,0.0529927142627149
585,0.0404725793854111,0.063350640359432,0.0322099436933183,0.057825356992872,0.0461105325885997,0.0569159544195746,0.0533224427896069
586,0.0406927944695332,0.0635979688740262,0.0324506061353637,0.0580749174088618,0.0463921447428383,0.0572661141026118,0.0536620755791904
587,0.0408143259045625,0.0637797981923919,0.0325934568864428,0.0582879152047576,0.0466306685034438,0.0575634931087519,0.0539260107218255
588,0.0409588262611755,0.0640143923355929,0.0327632163918739,0.0584819704955357,0.0468923394926496,0.0578639899429914,0.0541840777779752
589,0.0411110882386945,0.0642539550881952,0.0329396611819566,0.0586657202174304,0.047145982873378,0.0581183186148671,0.0544319266540161
590,0.041220200525289,0.064407677119103,0.0330642572365522,0.058845201356993,0.0473378086354819,0.0582597121651937,0.0546460925608237
591,0.0413372023558032,0.0645561821453159,0.0331966933885408,0.0590112037975981,0.0475400679622274,0.0584203044739578,0.0548482010947883
592,0.0414669800316583,0.064699083530406,0.033338602136432,0.0591917520587782,0.0477489830695913,0.0585769993169977,0.0550535016945948
593,0.0416046330401812,0.0648350127675773,0.0334848157278223,0.0593972407556507,0.0479472781659778,0.0587000402482769,0.0552706542114216
594,0.041734552532574,0.0650043370979643,0.0336404273337957,0.0595536172748675,0.0481110653793323,0.0588191090261657,0.0554910588087733
595,0.0418616712253992,0.0651550155891307,0.033771061714539,0.0596965345719385,0.0482366024918273,0.058933805319192,0.0556904318009826
596,0.0419907462618447,0.0652853567815075,0.0338812340526588,0.0598536135890791,0.048342545991494,0.0590709034580876,0.0558740059811446
597,0.0421270998245579,0.0654875815739729,0.0340499056541598,0.0600415960397225,0.0484919037122383,0.0593228156191779,0.0561038326853391
598,0.0422449824666452,0.0657138059022129,0.0342117910565256,0.0602096505830593,0.0486215234615447,0.0595673864421123,0.0563180892641964
599,0.0423720490433368,0.0659518711114999,0.0343750949550435,0.0603856838840488,0.0487740510057631,0.0597990513677214,0.0565264430395801
600,0.0425774159825521,0.0662079406707706,0.0345966620265035,0.0606564355557901,0.0490682529894067,0.0600899318360231,0.056787591628257
601,0.0427459809357954,0.0664089576401451,0.0347692287379803,0.0608919957311357,0.0493095160830683,0.0603102695944269,0.0570166370331993
602,0.0428647862193015,0.0665322087148132,0.0348859273415899,0.0610487341044085,0.0494781457293239,0.0604336704840232,0.0571923559884168
603,0.0429600699068553,0.0665869217202967,0.0349774945986199,0.0611300293135966,0.0496177856400755,0.0604809245361591,0.0573229189923571
604,0.0430905697110789,0.0666772156090956,0.0350901802980473,0.0612909482174275,0.0498067594377129,0.0605513011680977,0.0574797773748813
605,0.0432483702341476,0.0667745715661299,0.0352316652900114,0.0614509090973328,0.0499965619073805,0.0606534834430322,0.0576568992390189
606,0.0434059485950399,0.0668490025762912,0.0353875949499311,0.0615384775599273,0.0501469483152619,0.0607798119003472,0.057831772647103
607,0.0435064969537553,0.0669373695398097,0.0354987349434299,0.0616191984610772,0.0503071859785523,0.0609226066951558,0.057972409506148
608,0.0435827363157611,0.0669726817412686,0.0355721396006869,0.0616774931879886,0.0504488462648561,0.0610621097959719,0.0580640711676369
609,0.0436698093503312,0.0669706575455341,0.0356410674862632,0.0617309020838839,0.0505778578285066,0.061207847567529,0.0581412133562342
610,0.0438203507491284,0.0670920481292145,0.0357878102962963,0.0618566835469576,0.0507598658174106,0.061424805673423,0.0583283156735032
611,0.0439266556634287,0.0671561543133015,0.0359490519335276,0.0619894310106794,0.0509237506847279,0.0616095730425213,0.0585018364537277
612,0.0439908700801072,0.067161671033919,0.0360857082535076,0.0621034875526856,0.0510676449825456,0.0617486434174184,0.0586304889583702
613,0.0440787245703282,0.0672052051151986,0.0361687000020301,0.0621924155259879,0.0512282999539201,0.0618792695866383,0.0587302207891195
614,0.0441596988996785,0.067235581270948,0.03629292750619,0.0622992403939317,0.0513962571069706,0.0619756795337443,0.0588202528122439
615,0.0442053353291225,0.0672521006113729,0.0364157576785834,0.0623919649779793,0.0515370641915885,0.0620772087035668,0.0589023173403258
616,0.0442071416037078,0.0672658105895936,0.0364840756026707,0.0624409434623089,0.0516305455680208,0.062231007433052,0.0589827947553261
617,0.0442837947791789,0.0672828008042473,0.0366329040968978,0.0625663733073085,0.0517911810916042,0.0624158275807943,0.0591314158799452
618,0.0443842258584039,0.0673176473663601,0.0367684685467717,0.0626986619397118,0.0519630595477776,0.0626159463904158,0.0592782442664114
619,0.0444586056322128,0.0673671582171523,0.0368308696785161,0.0627874885063796,0.0520990745862511,0.0627986783361436,0.0593784609350419
620,0.0445055667722313,0.0673721842630879,0.0369092641118105,0.0628794850174891,0.0522198358743532,0.0628776041438736,0.0594908650399416
621,0.044539723237673,0.0674021556581475,0.0369803108543619,0.0630055245229959,0.052335540192179,0.0629056508247163,0.0595928069971246
622,0.0445769210698045,0.0674772467391289,0.0370452492741106,0.0631452143649788,0.052450356665167,0.0629422253099883,0.0596934408541393
623,0.0446357288566018,0.0675615688463697,0.037132780748046,0.0632055109418026,0.0525570833022405,0.0630661059349496,0.0598423629873616
624,0.0447468615272095,0.0676888271056686,0.0372844159445609,0.0633379546562983,0.052769559328169,0.0632729688552501,0.0600615681498374
625,0.0448807214513212,0.067818682206883,0.0374676698976401,0.0635090614682315,0.0530080382399919,0.0634870440903394,0.0602995360229333
626,0.0449754490507453,0.0678801233502635,0.0376059192957368,0.0636009240090093,0.0530984927569513,0.0635924563854441,0.0604631453581509
627,0.0451007804081552,0.0680244628827043,0.0376991959115133,0.0637787786382884,0.0532411989681784,0.0637178673439611,0.0606242361289857
628,0.0452505449828252,0.0682071085440299,0.0378235405885598,0.0639938866497823,0.0534173012260352,0.063861077557401,0.0608157776382765
629,0.0453986970563713,0.0683524881166514,0.0380350959861368,0.064170496932769,0.0535802208838746,0.0639980408002577,0.0610406305632116
630,0.0455001846415072,0.0684520890205581,0.0382159345868004,0.0643305728782064,0.0537867095499308,0.0641402055122692,0.0611965057283485
631,0.0456122389916034,0.0685378853522359,0.0383570867764959,0.0644934774822659,0.0539845029694132,0.0642681005722754,0.0613382958708793
632,0.0457454545060388,0.0686108772619064,0.0384670920447486,0.0646550376546111,0.0541375608508054,0.0643641840923572,0.0614799925988206
633,0.0457930084104109,0.0685908036630977,0.0385703782270376,0.06475814759493,0.054245419478904,0.0644126983644403,0.0615159996445071
634,0.0458356669100286,0.0685778580654355,0.0386867325482387,0.0648388769333359,0.0543726903543871,0.0644480750697928,0.061563143151505
635,0.0458658721591603,0.0685400263026552,0.0387740340960984,0.064898124632692,0.0544987742162791,0.0644497093555195,0.0616117222326648
636,0.0458005000549929,0.068322635156682,0.038725551683736,0.0649080360651008,0.0545214513167859,0.0643433101171818,0.0615412071393215
637,0.0456598967717637,0.0680662491564161,0.0386464072422268,0.0648676796600295,0.0545495260106153,0.0642275298126607,0.0614020912413091
638,0.0454558500153347,0.0677796598989889,0.0385532394554337,0.0647793072905203,0.0545546576180373,0.0640853430261482,0.0611814372538242
639,0.045200523932267,0.0674302937459974,0.0384301487169247,0.0646492533481134,0.0544727674314526,0.0638651321147741,0.0608610227080345
640,0.0448930953747743,0.067034616939102,0.0382408956415955,0.0644997507110079,0.0544097473553004,0.0636143175360047,0.0605700990453927
641,0.0445364075933994,0.066579003776486,0.0380064446740045,0.0642942227042385,0.0543207091734853,0.0633209005793456,0.0602388625001087
642,0.0441432992476369,0.0660646286905489,0.03774518367275,0.0640121450355932,0.0541630030947973,0.0629756838023681,0.0598062770023418
643,0.0437615854694329,0.0655551544099334,0.0374168432025994,0.0637150099859044,0.0539849080728167,0.0626034765171102,0.0593589484389215
644,0.0433815910908614,0.0650739921463287,0.0371144516310164,0.0634559273616661,0.0538201621269182,0.0622623333908333,0.0589266745093391
645,0.0429992906990693,0.0646232518976523,0.0368654354892282,0.0632344614174591,0.0536793756443246,0.0619651044115903,0.0585203795334649
646,0.0426197962304548,0.0641664335854741,0.0365815812011784,0.0629539908841063,0.0535367466246574,0.0616448633270938,0.0581221414189759
647,0.0422674210519162,0.0637624025303262,0.0362986934135737,0.0626998239421259,0.0534056459171889,0.0613519854679036,0.0577614720531507
648,0.0419698805930906,0.0634353113314526,0.0360586184023567,0.0624950435629227,0.0532980443559642,0.0611076886369855,0.057447771295172
649,0.0417593001430376,0.0631897103076304,0.0359161175965348,0.0623280189331931,0.0532276052643112,0.0609189021764416,0.0571783926867458
650,0.0415778034689544,0.0629875682437861,0.0357785732096394,0.0621977970455592,0.0531861348943798,0.0607648536047651,0.0569397021381056
651,0.041435954915086,0.0628408239159413,0.0356709655303454,0.0621193602391091,0.0531868722229177,0.0606652621626304,0.0567764726373077
652,0.0413556056482759,0.0627642005052039,0.0356392272523433,0.0621037647255257,0.0532385941385763,0.0606376223678901,0.0567305864151068
653,0.0412935570734079,0.0626799198242934,0.0356235585459796,0.0621079961385983,0.0532816296434307,0.0605987385874679,0.0566993726954314
654,0.0412132023250073,0.0625976136721598,0.0355815232547231,0.062083785318099,0.0533002458412882,0.0605470849019046,0.0566436461955203
655,0.0411071102164528,0.06252374399425,0.0354993731847238,0.0620138342306463,0.0533005290334974,0.0604932709434715,0.0565511134563467
656,0.0410519105888109,0.0624195066771354,0.0354310066027322,0.0619640159144414,0.053332931259452,0.0604510062380733,0.0564541624682295
657,0.0409802042680181,0.0623166381879376,0.035390479424951,0.0619286338839008,0.0533757744937745,0.0604143919556041,0.0563696006562424
658,0.0408506590510591,0.0621969977675325,0.0353490309107789,0.0618700930288046,0.0533946226242673,0.0603501938587772,0.0562644665079698
659,0.0406467265356794,0.0619697386561625,0.035214784093839,0.0616964945776672,0.0533288160576244,0.0601780898362705,0.0560278104175676
660,0.0404141997733634,0.0616977236890908,0.035033755839931,0.0615076223080348,0.0532428884978412,0.0599858226899637,0.0557712022187432
661,0.0401625660549954,0.0613940600160571,0.0348322140914316,0.0612989240402526,0.0531465177385516,0.0597752081049595,0.0554908187720376
662,0.0398843260500212,0.0610538971894102,0.0346310476042063,0.0610215443990156,0.0530253492711176,0.0595111910638667,0.0551338498527089
663,0.039580852651868,0.0607044457554622,0.0343922384840458,0.0607544208580093,0.0528845021578074,0.0592440547468744,0.054779282958819
664,0.039252431796778,0.0603515588525515,0.0341258930290837,0.0604786827388494,0.052717784789168,0.0589693802965195,0.0544201803260496
665,0.0389094062017739,0.0599959578894835,0.0338532625691844,0.0601663220624819,0.052528231312097,0.0586786616859401,0.0540388634080461
666,0.0386061726765924,0.0596328273118828,0.0335854801987004,0.0598512373704925,0.0523722039159608,0.0584025475766499,0.0536562904390595
667,0.0383404170723246,0.059314278830899,0.0333647529484682,0.0595713959862699,0.0522381236395684,0.0581504903779762,0.0533169409682201
668,0.0381012546437961,0.0590584549188884,0.0331954026070765,0.059339188956018,0.052111942303053,0.0579302545238513,0.0530389082951577
669,0.0378633431084927,0.0588010518176116,0.0329894449537549,0.0591096834386156,0.0519795487394672,0.0577535257427026,0.0527829498611913
670,0.0376757462293902,0.0585918013802548,0.0328413866957334,0.0589314251796512,0.0518822794307081,0.0575942566496329,0.0525611391131705
671,0.0375465036232513,0.0584450848911007,0.032763489842683,0.0588081562953343,0.0518329333107854,0.0574670635552667,0.0523965070249451
672,0.037448191477881,0.0583480110061853,0.0326985254308293,0.0587055053219871,0.0518207969085521,0.0574251161028122,0.0523276840880961
673,0.0374166447255269,0.0582992485159971,0.0326940195691633,0.0586384086623197,0.0518490036308931,0.057419820132853,0.0522823531725275
674,0.0374239866832185,0.0582886212200538,0.032730690820872,0.0586106885109053,0.0519048872262197,0.0574350248428565,0.0522655828798146
675,0.0374259728215431,0.0583042887633415,0.0327711239327855,0.0586228432554631,0.0519715934190461,0.0574686811777897,0.0523056401765642
676,0.0374578151637128,0.0583511746164605,0.0328379972918349,0.0586725078146304,0.0520514004793352,0.0575550800253497,0.052369197510779
677,0.0375254179594545,0.058420370762345,0.0329395210318725,0.0587452183403475,0.0521453070260723,0.0576699635750337,0.0524820587979304
678,0.0376348428683376,0.0585153217349303,0.0330811411426965,0.0588377249818993,0.0522666990811122,0.0578000814192344,0.0526609663946139
679,0.0377987910525828,0.0586788142792689,0.0332538380524332,0.0589717953626485,0.0524641964588448,0.0579887857958053,0.0528457159353416
680,0.038058918245667,0.0589316944183488,0.0335325181259152,0.0592445571550228,0.0527454060805114,0.0582802165503271,0.053172817402844
681,0.0384313836986142,0.0592926532138205,0.0339408173614532,0.0596809630007938,0.0531173680524642,0.0586935711414399,0.0536771807985771
682,0.0388897896740446,0.059777917039441,0.0344223359797305,0.0601936390944325,0.0535893538912568,0.0592100349081315,0.0542265732201945
683,0.039484845813716,0.0604050501276144,0.0350227183678216,0.0608531662308892,0.0541519033873529,0.0598599604329416,0.0549653363448911
684,0.0402641205465981,0.0612085920583044,0.0357907680723285,0.0617013287769952,0.0548490239855329,0.0606892731795268,0.0559465753859875
685,0.0412750872694194,0.062233358105866,0.0367810316784133,0.0627702732323778,0.0557535470739731,0.0617529197516615,0.0571792413358188
686,0.0425047450131565,0.0635220781026132,0.0379682543316253,0.0640754567670543,0.0567972729176957,0.0630138031983013,0.0586524301334206
687,0.0440032253931012,0.0651208992242156,0.0393861936692026,0.065613858577229,0.058028341029413,0.0645034940857058,0.0603993290531885
688,0.0458117704443162,0.0670543733883154,0.0410655334854608,0.0673733609456882,0.0594923164641644,0.0662544972974318,0.0624543390740178
689,0.0478644699306052,0.069257590089901,0.0429650354462125,0.0693491874570093,0.0610925932910683,0.0682313802244537,0.0648174424454907
690,0.050204385392283,0.0717969368698775,0.0451044698648446,0.0715309668554107,0.0628245197149355,0.0704566492485549,0.0674812045587804
691,0.0528531024216242,0.074718811259226,0.0474858234549687,0.0739062104339162,0.064696002288058,0.0729320653789639,0.0704250926029641
692,0.0557727421298786,0.078014443976517,0.0500703186130697,0.076465598569308,0.0667348995312714,0.0756125222459118,0.0736104978055526
693,0.0589470675057075,0.0816425141584093,0.0528075532242966,0.0791488230550357,0.0688605695502331,0.0784797717178855,0.0770055111672369
694,0.0623316578945756,0.0855542144992605,0.0556575926338314,0.0819029297462563,0.0710178073043665,0.0814816559337376,0.0805526554263983
695,0.0658552277782943,0.0896906983964934,0.0585900528537269,0.0846779684806893,0.0731684622326835,0.084533465091085,0.0841689893334365
696,0.0694684113978339,0.0939994634331234,0.0615408883852593,0.0874684585067813,0.0753110713551417,0.0876206087126307,0.0878437297910528
697,0.0731295602971335,0.0984396874630718,0.0644984327468092,0.090233160968651,0.0774285368303417,0.0907292782397128,0.0915342543200594
698,0.0768058657114503,0.102968726075131,0.0674615810841603,0.0929216978426135,0.0794995408711511,0.0938398035140162,0.0951886362911714
699,0.0804892494907873,0.107475993254856,0.0703444843423873,0.0955168092722523,0.081510324778078,0.0968432264420128,0.0987543496919176
700,0.0841309592944368,0.111945941208179,0.073114415685914,0.0980272557734288,0.0834464687202994,0.0997585131298311,0.102218007462767
701,0.0876832128293893,0.116361419093808,0.0757661606600071,0.100456078639102,0.0853008336441234,0.102599749301732,0.105560270818534
702,0.0911103527581915,0.120644341598625,0.0783501473970737,0.102775697930269,0.0870889986877412,0.10530267038785,0.108714882300577
703,0.094389467029037,0.124759132013967,0.080824228935878,0.104969804862696,0.0887803347868508,0.107865198701654,0.111710322386316
704,0.0975150135085899,0.128688321689287,0.0831601336255716,0.107033670905861,0.0903657582721925,0.110285730734127,0.114549418259301
705,0.100500837241101,0.132430670104099,0.0853387391817411,0.108971616025958,0.0918591738935643,0.112556450253353,0.117188389206777
706,0.10336955526685,0.136029520292786,0.0874183623133525,0.110819412132132,0.0933026459261561,0.11470912212255,0.119722211781549
707,0.106089004040895,0.13946108297586,0.0893907126678181,0.112569037617059,0.0946731543333553,0.116736078763758,0.122120410172253
708,0.108605306631506,0.142672287327712,0.0912199129891406,0.114194619853537,0.095919886010089,0.118614049358181,0.124299809141119
709,0.111019012616817,0.145726855183483,0.0929769092481867,0.115766367747762,0.0971408786966728,0.120418169143318,0.12641662364293
710,0.113346807239796,0.14863035383168,0.0946726690274955,0.117289915998996,0.0983260876227188,0.12214265847673,0.128455074599736
711,0.11558518849761,0.151385159680761,0.0963043738124372,0.118755423557532,0.0994563244633033,0.123774026318853,0.130374190422014
712,0.117711591797249,0.154007693689294,0.0978599327688078,0.120142293349478,0.100573444310526,0.125337086690205,0.13217469869146
713,0.119733915800963,0.156530960495672,0.099335226873784,0.121457795914104,0.101637079610518,0.126831154317939,0.133907400972517
714,0.121670129056671,0.158960904770632,0.10074571387826,0.122721423271659,0.102642884427106,0.128264415596623,0.135597946306955
715,0.123551655065807,0.161239091829111,0.102143654996878,0.123973497646841,0.103661113553778,0.12966228041026,0.137219994586422
716,0.125342757548108,0.163430627146177,0.10347329551211,0.125174169421029,0.1046333358913,0.130995328453522,0.138765178419094
717,0.127055127341293,0.165549847688124,0.104741886044736,0.126325641397446,0.105563566265345,0.132266116219447,0.140238405166248
718,0.128729394337407,0.16757740515027,0.105995980706273,0.127455609517771,0.106494079305737,0.133495409575957,0.1416532031046
719,0.130332809978135,0.169509143231592,0.107227877533768,0.128573295683741,0.107416562164165,0.134684754172766,0.143059947527858
720,0.131896435584261,0.171386968148581,0.108429821032216,0.129661741451048,0.108318671852863,0.135844121463253,0.144438540832263
721,0.133452779824358,0.173248652517131,0.10959725183651,0.130706399893727,0.109194643663274,0.136982944283678,0.145758928528168
722,0.134944147404907,0.175033534065835,0.110764029335161,0.131767647723638,0.110101654820156,0.138106597994683,0.147078356958213
723,0.136381109357598,0.176729133268541,0.11188281039597,0.132793163606368,0.110980117299139,0.139191879026142,0.148344468205087
724,0.137779898326018,0.178348508331087,0.112943127491383,0.133767065636069,0.111802751904016,0.140235596494176,0.149540729802861
725,0.139154303987505,0.179950253871574,0.114037135672212,0.134786823080591,0.112637095242366,0.141289577079792,0.150754744609794
726,0.140479695107909,0.18150118863014,0.115120099850387,0.135770271190513,0.113477741506364,0.142302084731067,0.151947849765993
727,0.141769925712386,0.182996188361613,0.116174823737586,0.136706852944362,0.114308641141448,0.143273386300332,0.153101886346962
728,0.143073338988597,0.184450059007859,0.117201942350153,0.137644888080815,0.115097911420472,0.144248961551989,0.154210539527506
729,0.14434608355538,0.185899081419491,0.118230064965292,0.138589784144129,0.115902152623325,0.145192304523332,0.155338242205917
730,0.145586883852848,0.187327772210522,0.119260707337525,0.139532928841284,0.116722880231666,0.146127355118436,0.156470312523963
731,0.146806104867896,0.18870128422685,0.120283104733689,0.140458229816238,0.117540709317376,0.147085502268499,0.157566581007924
732,0.148004521812978,0.190008321967518,0.121276200037295,0.141353576451086,0.118329886165008,0.147998075470879,0.158630032096215
733,0.14920630609283,0.191305126368609,0.122259172349933,0.142249440314606,0.119121527992419,0.148899983857441,0.159708910630713
734,0.15041001661818,0.192616847495268,0.123243782097069,0.143160558954764,0.119932701310537,0.149816297408393,0.160815168928139
735,0.151527130438003,0.193852951932769,0.124200544761239,0.14403734814753,0.12071606241409,0.150704801324878,0.161837029195052
736,0.152656385428372,0.195090681156401,0.125177381159823,0.144937689666332,0.121522812415462,0.151606004461846,0.162869242123605
737,0.153815783321934,0.196342538868926,0.126175007687281,0.145861899962104,0.12234549014504,0.152515310630361,0.163927119066254
738,0.154935966023443,0.197550698931654,0.127142819284938,0.146746445159325,0.123109718836958,0.153376772690944,0.164939622916389
739,0.156038308446945,0.198742988403792,0.128102814713801,0.147639161753178,0.123883909628915,0.154237793633395,0.165948604931411
740,0.157141111536787,0.199928132512416,0.12907112149927,0.148543527952631,0.124672314401707,0.155102834308323,0.166950355759711
741,0.158261073276216,0.201108722665699,0.130057081632361,0.149444881538102,0.125454539214243,0.155960769471234,0.167929465895956
742,0.159373289124766,0.202280668635048,0.131005077789656,0.150317769937606,0.126209832287495,0.156813187758653,0.168923958157506
743,0.160489842886849,0.203441488808528,0.131954335549251,0.151184580322045,0.126987972372199,0.157665123979936,0.169944253922028
744,0.16161236441325,0.204587659927566,0.132932207733884,0.152066695379218,0.12781468794168,0.158517627805196,0.170981152103231
745,0.162689471588946,0.205709707954368,0.133877763772104,0.152957475792067,0.128604223805364,0.159357734500168,0.171982683201204
746,0.163752405587779,0.206817740640495,0.13482243305679,0.153842587170972,0.129385219861158,0.160184011628601,0.172945782921726
747,0.164823500779516,0.207926241224851,0.135779945708028,0.154721884067289,0.130177779378512,0.160999495751157,0.173887772896162
748,0.165918358988459,0.209059833977388,0.136743637920852,0.155613228203484,0.130994882898771,0.161812843215388,0.174853294050009
749,0.166989214638893,0.210168660075334,0.137698795059765,0.156524939294055,0.131794261811431,0.162633915470588,0.175841101424916
750,0.1680390449357,0.211247676946876,0.138637270432396,0.157426983175531,0.132580255551628,0.163459828235951,0.176822121571276
751,0.169095120620165,0.212314285191625,0.139561528153533,0.158281991360315,0.133379258296079,0.164283700657139,0.177761825610762
752,0.170167693463177,0.213387254456927,0.140532435757163,0.159178427081978,0.134202493758626,0.165123503783469,0.178746270014014
753,0.171251825176271,0.21446073212054,0.141514271331629,0.160086687999598,0.135021525587953,0.165948909311711,0.179725298255424
754,0.172338394450835,0.215529372148987,0.142473827366056,0.160973983610184,0.135818065670586,0.16674118326391,0.18065921551083
755,0.173411305492523,0.216603983798989,0.143443262224684,0.161863407375979,0.136631771548518,0.167545746867517,0.181621944535633
756,0.174489060381731,0.21767186732276,0.144422585881516,0.162765740345349,0.137448033106282,0.168355730853041,0.182589893649569
757,0.175570454588268,0.218733121668853,0.145406453569348,0.163685469747895,0.138261909144055,0.16916927440042,0.183557059513837
758,0.176622208834211,0.21980388675423,0.146379203347395,0.16462056510134,0.139078803288795,0.169991124660763,0.184542981764675
759,0.177681844886002,0.220857414726679,0.147356284642754,0.165519425913158,0.139913785658202,0.170817346000966,0.18550631002551
760,0.178752033156977,0.221901885396161,0.148325418275237,0.166397274056316,0.140745070578261,0.171627005984215,0.186449271906749
761,0.179822243095192,0.22295944491264,0.149269099238531,0.167300196716255,0.141540265555274,0.172398811446195,0.187395586330855
762,0.180916604883751,0.224029484512209,0.150267597561257,0.168248166240007,0.142373127668127,0.173213703879688,0.188378244349268
763,0.181989237717226,0.225076912454905,0.151267199676787,0.169179133850077,0.143204007238878,0.174037371232065,0.189369209770931
764,0.183017149736176,0.22608640999997,0.152226704740797,0.170057006555338,0.144005787386072,0.174836638146599,0.19034028468395
765,0.184095031868833,0.227129018345384,0.153231942117834,0.17098593586224,0.1448667461028,0.175655609753214,0.191305609911731
766,0.185182228086295,0.228191333964617,0.15422643648533,0.171913777254245,0.145713289364097,0.17646768921971,0.19225705726065
767,0.186256948846488,0.229250367452588,0.155196188557128,0.172822710874276,0.146528576788985,0.177263237702884,0.193203469635268
768,0.187318532303625,0.230266199273812,0.156181184683662,0.173738646826955,0.147368957186176,0.178052637784512,0.194177387521021
769,0.188398628897702,0.231294856163698,0.157198548262982,0.174675903545464,0.148232001104696,0.17886848241608,0.195159811503297
770,0.189497738054815,0.232329693071972,0.158232878146441,0.175631622662596,0.149106751816863,0.179686987970029,0.196139349217973
771,0.190602050859456,0.23334417414342,0.159253963618408,0.17659201408197,0.149974866671419,0.180466759186676,0.197108006463331
772,0.191716794203668,0.234397889391333,0.160276694594069,0.177541790294806,0.150828029026702,0.181270938135563,0.198081660056038
773,0.192825974373246,0.235464132928506,0.161294998867039,0.178484575298677,0.151677058798868,0.182095552462192,0.199062194382256
774,0.193921590685274,0.236515918597797,0.162309119394124,0.179429365053217,0.152538182047977,0.182924979111536,0.200046418207391
775,0.195032126413348,0.237571605663971,0.163350127393946,0.180394130279475,0.153440005528786,0.1837433573334,0.201021762224266
776,0.196125442024427,0.238601093730676,0.164383380702235,0.181344774843806,0.154325197338328,0.184549880555512,0.20201255703293
777,0.197217064263389,0.239624519031246,0.165410379247562,0.182292829396164,0.15519238795203,0.185354731710103,0.203017268345258
778,0.198381166060418,0.240724507546224,0.166476190309717,0.183306247838713,0.156105853393614,0.18618162991975,0.204004276473699
779,0.199521407922403,0.241787163801157,0.167519335067782,0.1842858420245,0.157008464905567,0.187011227104484,0.204983817374953
780,0.20063661443437,0.242812222273656,0.168552995075599,0.1852270746484,0.157900627143364,0.187841643650387,0.205973900416558
781,0.201756299552103,0.243838875750672,0.169612750089409,0.186164108085892,0.158797887907107,0.188671688667182,0.206987587733164
782,0.20285396902039,0.244858204174181,0.170670181022367,0.187134366299995,0.159658746138546,0.189456836635748,0.207955554599148
783,0.203953140633803,0.245891774727882,0.171724113184926,0.188119502014996,0.160524269573991,0.190232341211817,0.208928130306102
784,0.205075658413623,0.246949608009394,0.172781406149573,0.18910365682221,0.161426835704598,0.191028421782712,0.209933979341028
785,0.20622722184522,0.248005915354127,0.173868145241478,0.190101479804831,0.162357769489896,0.191835645585296,0.210901301587339
786,0.207362159126214,0.249038250102581,0.174913105531132,0.191083289098619,0.16325906028705,0.192643613272392,0.211873661093969
787,0.208488062237599,0.250070740352736,0.175941548998978,0.192052097998792,0.164141176352296,0.193461946053107,0.212876253351357
788,0.209659031424207,0.251169998589618,0.177066352100281,0.193039355989426,0.165076877686036,0.194317478299109,0.213918587371106
789,0.210807936983296,0.252224317342104,0.178138766589236,0.194027814823978,0.165983330199593,0.195139166782838,0.214924312113856
790,0.211943784983225,0.253257939022241,0.179191507288908,0.195022761327874,0.1668801578796,0.1959446586433,0.215903441111222
791,0.213094368520431,0.254321857646375,0.1802918436548,0.196027874638973,0.167807587572758,0.19677016731527,0.216887912633432
792,0.214256684355346,0.255361134962315,0.181367061717348,0.196998589200836,0.168738764770381,0.197588403157223,0.217862796307163
793,0.21542263005113,0.256405860562566,0.182450550705263,0.197997625255005,0.169669115631702,0.198398024493637,0.218843644780573
794,0.216582565395902,0.257464806158117,0.183557386993429,0.199040069537532,0.170597174117581,0.199201813363718,0.219842180449175
795,0.217716680627553,0.258480062309188,0.184644420803796,0.200015438837892,0.171520698135853,0.20000689463835,0.220864146996166
796,0.218891009009198,0.259535203790941,0.185728712234793,0.201017182703565,0.172451859163427,0.200804947673554,0.221861289694456
797,0.220075239788258,0.260610704846876,0.186822024862534,0.202043538886562,0.173383923976143,0.201605498831105,0.222834671456857
798,0.221177282703699,0.261622357391281,0.187931606688398,0.203034714316637,0.174298239610754,0.20242763210615,0.223818023587726
799,0.222299612151874,0.262664996394947,0.189002250926757,0.204018705452244,0.175237406105095,0.203221634946219,0.22480434211458
800,0.223445558684559,0.263705579534251,0.19007505433697,0.205017263580972,0.176179982128822,0.204010623521659,0.225799900945439
801,0.224599149528779,0.264705976735587,0.191196394231317,0.206041751831933,0.177106178062253,0.204825653662686,0.226807095305932
802,0.225761846918878,0.265726789140069,0.192340484680646,0.207060630178417,0.178070035037273,0.20566118677508,0.227804292308653
803,0.226940169481177,0.266789126415941,0.193446532454542,0.20807551575301,0.179015905766649,0.206473723553393,0.228794563580993
804,0.228123868919471,0.267862236263098,0.194507718881232,0.209089290323175,0.179934705527916,0.207252074645303,0.229785720707118
805,0.229275028313844,0.268829724726176,0.195597808392661,0.210106991240654,0.180895808989999,0.208032368990275,0.230795700325754
806,0.23044373329461,0.269860912224713,0.196741206557796,0.21112945824397,0.181855454857312,0.208843663455735,0.231785318283253
807,0.231614990124367,0.270925768780967,0.197883765617551,0.212146859362801,0.182799544895784,0.209666190333359,0.232757691492576
808,0.232751931029251,0.271919943441878,0.198946513009688,0.21315014649054,0.183730790643354,0.210459984042147,0.233733446163417
809,0.233901129583135,0.27293176747468,0.200026212513047,0.214177958444148,0.184691807947968,0.211242185359579,0.234684759754356
810,0.235084609522508,0.273975965930221,0.201141837154632,0.215208040522894,0.185673073007172,0.212033748489214,0.235657477358063
811,0.236297857774883,0.275042346910726,0.202285998869987,0.216218149915331,0.186655875671607,0.212838286935761,0.236672756070387
812,0.237469402045145,0.276080888230096,0.203407366952343,0.217201759189581,0.187616481248305,0.213601219382319,0.237651019836235
813,0.238645137996407,0.277096453892349,0.204532627895995,0.218207938971743,0.188561510712784,0.214377643310034,0.238616668253607
814,0.239811163743263,0.278089124105514,0.205656137780854,0.219245988256104,0.189506577685997,0.215171970375943,0.239587197374444
815,0.240900060396142,0.279056184623495,0.206743561726252,0.220288542304567,0.190476577368939,0.215942955487307,0.24057577150572
816,0.242055353958997,0.280058190081219,0.207848950902421,0.221311627482387,0.191431878064529,0.216704183942837,0.241526558988749
817,0.243241143213244,0.281101911253897,0.208975917480074,0.222316885629272,0.192395270417046,0.21749487918111,0.242483787989889
818,0.244384690893382,0.282159746360244,0.21010938785137,0.223316987981616,0.193389889627487,0.218333896073525,0.243493681499382
819,0.245505574315727,0.283108853781042,0.211207551511237,0.224317141328806,0.194327797468776,0.219071773057721,0.244432504021111
820,0.246660835487334,0.284082584112385,0.212299097329962,0.22531860293001,0.195265060007152,0.219822979008424,0.24536837304653
821,0.247868862895947,0.285133014840171,0.213402314241571,0.226330003001244,0.196230298125253,0.220631282808893,0.246334466792992
822,0.24908348018897,0.286141123647321,0.214507915499674,0.227380706750347,0.197186959375207,0.221382140762582,0.247276738256267
823,0.250236777776889,0.287124414982778,0.215615227801862,0.228388679967894,0.198142804178523,0.22212990744075,0.248229870093471
824,0.251352589463564,0.288117352836109,0.216721006923087,0.229361409308199,0.199098864561941,0.222869414985703,0.249170417403599
825,0.25250029064056,0.289156957407867,0.217822614420811,0.230352353352684,0.200054591522012,0.223577916711103,0.250058410693302
826,0.253635924313718,0.290107880404414,0.218957594332664,0.231399884113047,0.201027134092857,0.224352235398089,0.251031104736449
827,0.254780680915093,0.291067543312123,0.220085791274329,0.23243371581848,0.20199484291336,0.225124271364263,0.252011101253058
828,0.255946550531893,0.292098722732493,0.22117265926268,0.233406418660588,0.202942489629377,0.225844993789763,0.252930912301586
829,0.257100701442415,0.293052716874125,0.222241229200853,0.234398611880139,0.203900016212508,0.226617744038667,0.253866218105766
830,0.258199794621186,0.293965666072633,0.223316714397142,0.23539625105876,0.204846799255318,0.227339455507765,0.254798589391046
831,0.259286114932242,0.294890125052176,0.224400157742607,0.236379381174266,0.205782043633462,0.22800031583754,0.255710968484415
832,0.260483860112388,0.295898237131476,0.225471926358598,0.237323680231539,0.206724621404749,0.228677606628604,0.256588512448922
833,0.261615728128972,0.296870439768253,0.226595992754628,0.238369228262965,0.207702268306474,0.229421598568731,0.257479522251405
834,0.262725813005179,0.297831960389971,0.227726094279817,0.239422643523172,0.208674412692781,0.230205275550418,0.25840631170338
835,0.263887599806868,0.298822157113624,0.228801228558602,0.240367607343524,0.209600150053978,0.230976857918759,0.259367016718657
836,0.264990040117579,0.299729115558797,0.229845559811337,0.241319987831878,0.210542105811096,0.231701474990637,0.260283304080872
837,0.266091271665698,0.300643592830498,0.230930272967534,0.242306467322241,0.211485417064794,0.232400774028319,0.261197948155407
838,0.267216217804933,0.301602641082869,0.232062547519202,0.243317102014656,0.212434974864651,0.233099249630483,0.26212258478265
839,0.268325813664054,0.302545320602864,0.233146263384168,0.244288659582729,0.21343897825129,0.233824452359813,0.263009182089587
840,0.269410944377265,0.303478842243907,0.234223824881144,0.245294232360516,0.214392791377909,0.23450357668415,0.263871615071561
841,0.270495522977185,0.304418513840826,0.235302771106412,0.246309720410951,0.215316571207352,0.235188591948951,0.264738673748526
842,0.271615923151676,0.305378127516134,0.236382668418991,0.247280983092401,0.216280007215371,0.235962119478186,0.265642587839768
843,0.272753762348828,0.30629082919296,0.237479777964142,0.248257468884844,0.217270458107878,0.236667394039073,0.266558520575979
844,0.27387858130275,0.307204159245793,0.238586864611828,0.249240820412118,0.218264260225326,0.237348725578718,0.267428436135295
845,0.27497304728097,0.308149411905149,0.239674695175997,0.250215559215187,0.219226763060348,0.238047301696872,0.268246740237376
846,0.276044035562887,0.309089221752071,0.240650681283622,0.251127948232844,0.220082716880528,0.238735191788956,0.269134963036922
847,0.277149559953615,0.310008118047774,0.2416742958206,0.252070676237056,0.220993064738236,0.239431055435722,0.270055203493983
848,0.278263588587087,0.310913907243924,0.24276544973773,0.253055085613065,0.221957502091861,0.240144402442321,0.270975096832402
849,0.279311044004215,0.311828330834345,0.243852985689276,0.254039871538155,0.222875244383687,0.240875303518431,0.271859345335581
850,0.280399686497775,0.312687983352543,0.244921424422304,0.255030789430416,0.223820555135566,0.241548024410697,0.272655975935126
851,0.281512399245981,0.313567338660213,0.245973033228203,0.256003629085008,0.224756160793086,0.242204914509488,0.273501177414227
852,0.282613408689051,0.314515513540943,0.247020235748573,0.25694314512021,0.225657626421028,0.242891752567889,0.274473498467122
853,0.283690317089244,0.315413582767587,0.248094103270085,0.257877161798028,0.226618573070293,0.243581604339175,0.275337548679898
854,0.284735861833624,0.316250038633162,0.249140600057905,0.258807160922572,0.227541011748583,0.244265897825256,0.276175972227706
855,0.285774400502835,0.317082692455531,0.250158171527691,0.25974354684185,0.228435287081088,0.244956106925622,0.277025677390888
856,0.286858909646713,0.31803422745811,0.251195086975893,0.260703822886353,0.229414814565885,0.245681571206058,0.277878509633328
857,0.28794378015109,0.318948437489261,0.252274040340991,0.261692898939852,0.230381517002732,0.246377195825812,0.278759443046007
858,0.288999451398252,0.31981432024345,0.253332879397464,0.262663694373568,0.231323746930275,0.247035090807066,0.279621836614766
859,0.29001717856786,0.320664834161946,0.254324558818899,0.263584457901168,0.232256316154402,0.24767553654187,0.2804296689718
860,0.291058765379362,0.32154015522411,0.255382365048116,0.264556395435944,0.233202070689162,0.248361545488083,0.281285977219982
861,0.292092963126966,0.322414816975434,0.256473830886524,0.265556620888965,0.23417625827178,0.249061246423896,0.282123104209865
862,0.293121720432879,0.323274869510842,0.257554751293853,0.266545003654821,0.235173657453818,0.249735147670043,0.282923411530154
863,0.294196857171903,0.324124317463965,0.258572389978335,0.267463266980152,0.236165460817985,0.250335281847528,0.283743787336885
864,0.295293026151041,0.324996462054871,0.259562410149845,0.268354409027798,0.237070162965377,0.250974927189627,0.284572700697982
865,0.296374277980211,0.325886342602966,0.2605929088279,0.269287114766013,0.237983156610456,0.251653611216221,0.285423751134371
866,0.297415898169126,0.326769169878834,0.261707529717183,0.270303993478949,0.239018282659556,0.252333939676049,0.286302599328884
867,0.298496219568496,0.327593250822048,0.262712904143619,0.271217630596413,0.239977728630026,0.253021555401942,0.287133281132544
868,0.299578648254303,0.328436144909986,0.263716608048293,0.272124235247348,0.240903845654349,0.253683780105004,0.287916077538838
869,0.300634071683424,0.329314864004206,0.264776028412793,0.273080470362577,0.241839596428433,0.25432302520541,0.288686548615382
870,0.30165741452162,0.3301241219053,0.265827770969956,0.274045207607022,0.242797045983135,0.255004419900599,0.28953003222444
871,0.302693253766488,0.330982651106733,0.266888863288191,0.274978166612578,0.24379513355259,0.255706904348444,0.290415989112187
872,0.303745076207461,0.33186587940866,0.267955653551422,0.275928687061036,0.244804075742743,0.256399307541745,0.291295821717419
873,0.304793999913304,0.332701047202473,0.269016989845814,0.276954432227086,0.245778189206547,0.257052755796988,0.292114555087232
874,0.305804045639938,0.333533678593594,0.270067500435942,0.27785012529286,0.246748577817141,0.2577251099354,0.292873377209274
875,0.30683452454493,0.33438363538196,0.271107145876034,0.2787387739954,0.24769724927228,0.25839792445762,0.293678964745457
876,0.307897966765176,0.335249800765625,0.272140658382457,0.279699977035021,0.248626790011209,0.259058012846382,0.294560804566271
877,0.308885210467451,0.336097388640782,0.273182012023484,0.280667995965542,0.24959028541263,0.259721188852963,0.295380772691305
878,0.309941037651512,0.336932717265795,0.274254984477707,0.28162513811817,0.250610569123489,0.260382472597469,0.296164361675788
879,0.311021355991467,0.337738899759699,0.275345712053841,0.282573192677039,0.251632912472727,0.261036884024837,0.296938310833632
880,0.312015118888586,0.338505848674087,0.276418084958031,0.283521748099905,0.252577574740851,0.261679959075309,0.297736942182171
881,0.313079114584132,0.339370045577118,0.27742624071913,0.284417381128829,0.253550373693339,0.262309663856569,0.298572917689733
882,0.314135952984481,0.340246463257845,0.278428589786911,0.285314149411073,0.254512812311521,0.262968672959083,0.299408425495573
883,0.315151623313684,0.341076285027068,0.279469737941248,0.286256405528887,0.255441899650899,0.263670136411177,0.300223524557133
884,0.316265602975051,0.341921122787769,0.280533855477563,0.28724640291412,0.256381450687715,0.264353180855175,0.301052780215753
885,0.317317430545353,0.342778953364002,0.281642957304074,0.288223683013592,0.257370069690325,0.265026250626084,0.301872649246646
886,0.318316690018936,0.343621408043984,0.282747661313369,0.289161469970978,0.258403548856299,0.265696605064911,0.302670207395923
887,0.319357822096685,0.344415966104764,0.283772585717782,0.290060212616878,0.259443685000454,0.266370934932684,0.303440034441819
888,0.320442355761416,0.345268861855418,0.284792638599229,0.290986443587836,0.260393879100149,0.267011555573443,0.304190552864709
889,0.321487416846768,0.346084277632067,0.285829574040175,0.291920220239945,0.261326860845641,0.267678669652821,0.304965104771596
890,0.322453270231519,0.346819569132132,0.286876954166749,0.292842806852126,0.262290473436548,0.268393171526237,0.305780083958519
891,0.3234188591533,0.347615824688237,0.287876451212173,0.293762733902721,0.26321056065918,0.269056747109514,0.306580993690053
892,0.324421418605861,0.348427290345466,0.288881901235456,0.29471753414185,0.264180435160598,0.269711077006061,0.307403442368982
893,0.325463653736083,0.349245908774531,0.289910608121885,0.295665133856183,0.265183611479738,0.270357553004729,0.30821019392558
894,0.326514341605088,0.350075206479405,0.290961177822856,0.296534704350369,0.266152460603731,0.270984687647918,0.308944652207701
895,0.327453492259033,0.35087863616122,0.292049282025289,0.297455580728995,0.267151148360101,0.271648762306254,0.309776319526147
896,0.328435915740947,0.351720526780382,0.293114061986712,0.298389423270003,0.268137403634493,0.272290859625879,0.310573843599008
897,0.32952753216094,0.352608752292859,0.294117089667273,0.299299691511618,0.269080696604123,0.272891733492442,0.311269553382322
898,0.330502348284908,0.353387966963276,0.295077956079804,0.300199751736135,0.269996526992431,0.273561226599119,0.312027485106691
899,0.331503878988479,0.354157059208903,0.296107679794614,0.301153053013684,0.270974595788013,0.274211115026196,0.312802632355012
900,0.332536406424701,0.354940083909641,0.297175376883428,0.302109676591282,0.271988320328537,0.274866149217388,0.313605660605884
901,0.333540808444554,0.355729240552156,0.298185381283712,0.302976950766773,0.272957534324861,0.275589060030071,0.314457056492414
902,0.334498511858311,0.356533940156078,0.299201409237557,0.3038636881694,0.273929397705124,0.276237104394971,0.315244864939566
903,0.335448856646583,0.357339597730818,0.300242297744563,0.304771105148286,0.274913485052305,0.276852032078742,0.315968880095609
904,0.336417904871266,0.358129578786966,0.301288669945746,0.305681388806347,0.275901427980377,0.277475875404303,0.316666501872561
905,0.337385923756429,0.358881190976098,0.30224433894908,0.306563186045214,0.276855575493717,0.278098793881566,0.317420181211287
906,0.338376458562369,0.359664072439938,0.303219028116458,0.307446528275123,0.277792418964698,0.278744974881581,0.318179043818469
907,0.339358279477581,0.360460461624437,0.304218809936108,0.308334302368094,0.278704608870755,0.279400636803346,0.318931066280789
908,0.340289067670505,0.361224596969953,0.305215423957831,0.30922166786567,0.279595816419689,0.280043898246132,0.319685007671176
909,0.341251895158768,0.362036895292693,0.306295505646412,0.310138100129322,0.280622697641948,0.280745689312004,0.32049427734392
910,0.342200303104194,0.36282373202036,0.307295848781093,0.31102612799138,0.281624823379088,0.281391416439854,0.321267572491857
911,0.343121999597804,0.363559786880542,0.308165905541654,0.311862348152314,0.282524265705391,0.281940900373599,0.321964358073298
912,0.344092969862741,0.364330629080168,0.309088898878807,0.312696732419936,0.283441079834633,0.282505035052018,0.322649551498441
913,0.345026098804441,0.365117426974747,0.31006558058332,0.313547992026516,0.284383429474951,0.283184764043206,0.323421337953168
914,0.345938170898129,0.365897246369214,0.311088036750574,0.314424033311156,0.285351412933931,0.283899733273744,0.324232346041293
915,0.346874540893719,0.366647178820445,0.312117688668859,0.31532383282652,0.286326391309137,0.284514554715972,0.324985992802507
916,0.347808914343206,0.36738223301145,0.3130234755382,0.316257274049749,0.287242467965995,0.285078350772796,0.325705367788515
917,0.348718458344997,0.368120796581714,0.313953560352581,0.317137667905327,0.288182672872987,0.285654193700497,0.326424038780966
918,0.349615685060126,0.368859308937754,0.314938254276441,0.317947465355037,0.289140323655807,0.286268178792129,0.327141105055098
919,0.350562957188391,0.369563140956969,0.315818168522612,0.318771614780804,0.289970381308015,0.286894016125464,0.327805011879904
920,0.351524487894259,0.370368841033976,0.316772251046033,0.319635977297058,0.290875687408992,0.287568696604031,0.328580939257244
921,0.352441616763183,0.371189037789607,0.317794437709317,0.320526335157333,0.291846518414147,0.288221512907083,0.329367220225728
922,0.353278288603904,0.371908781123239,0.318814818341015,0.321406668119575,0.292813614193124,0.2887850776953,0.330032168813548
923,0.354133709588438,0.372638272431125,0.319756746471754,0.322229578780601,0.293765652356481,0.289356305805185,0.330704305901391
924,0.354969155755167,0.373266147279932,0.320648704358176,0.323001680972326,0.294662269720112,0.289943393720167,0.331402632023682
925,0.355820396371802,0.373855265994595,0.321546110168516,0.323779470388453,0.2955458248037,0.290543255943631,0.332111914196176
926,0.356795869674519,0.374640905677175,0.322521757026022,0.324660857208231,0.29653627029145,0.291143832805936,0.332786607859043
927,0.357683277019713,0.375370412071912,0.323388614394182,0.3254437734815,0.297418847460054,0.291716525231368,0.333413499686343
928,0.358490916887967,0.376052613762056,0.324233578402878,0.326202586916738,0.298275121852829,0.292289067988498,0.334076226988655
929,0.35927128056164,0.376732609255131,0.325136564665104,0.327014119294674,0.299198476556633,0.292873916282665,0.334813882700026
930,0.360025989420826,0.377369926800795,0.325933368159097,0.327742359728021,0.30009303386034,0.29338844701352,0.33545025817628
931,0.360875345302386,0.378027718469385,0.326790428661598,0.328513992656336,0.300992235091085,0.293889565938862,0.336086819583521
932,0.361756208682379,0.378709638055392,0.327714157279572,0.329338283887536,0.301890463954546,0.29439605934267,0.336730729394672
933,0.362501241611589,0.379376775627119,0.328604775734848,0.330145389726111,0.302762246015734,0.294898606132223,0.337332533010443
934,0.363340861731606,0.380019916679992,0.329496163550015,0.330954140265426,0.30367403396806,0.295375039695887,0.337966631526001
935,0.364135969797279,0.380637521968873,0.330411692575588,0.331742946920955,0.304576620648972,0.295873563058925,0.33859301340138
936,0.364819818861331,0.381233340828152,0.331321476634734,0.332497168301632,0.305428349622921,0.296407582622107,0.339179760298153
937,0.365603359946417,0.381819237968197,0.332070091186675,0.333226738555589,0.306236409469283,0.296896083961877,0.339743955379809
938,0.366385699044862,0.382404853950432,0.332882249354854,0.333959027973718,0.307081080509463,0.29737232350038,0.340363766999291
939,0.367115312283801,0.382958279854643,0.333772589484909,0.334673564773786,0.307956979810825,0.297839131684372,0.340984096581772
940,0.367781651208064,0.383457053818039,0.334659572393453,0.335340383073189,0.308815402817682,0.298284397478256,0.341512493196608
941,0.368521930072573,0.384046785942406,0.335461054455345,0.336005626274239,0.309593757279088,0.298657379985389,0.342017531721427
942,0.369260057269511,0.384672220861993,0.336234540463297,0.336677447799988,0.31038504413694,0.299066019280843,0.342543076486272
943,0.369960271621183,0.385266357779881,0.336999493444536,0.337339624491381,0.311226887231219,0.299525278011153,0.343092644144255
944,0.370660201940543,0.385769959365267,0.337709602199624,0.337948392032654,0.312068076096193,0.299915720338705,0.343619477492963
945,0.371309182775489,0.386275786070992,0.338412454802633,0.33855210137905,0.312797867623448,0.300302092727609,0.344158257585951
946,0.371910810507679,0.386753309069597,0.33912741734911,0.339137975108218,0.313499862702253,0.300662777910001,0.344667984529021
947,0.372480591210813,0.387169026809462,0.339850934956898,0.339704256398957,0.314275405359733,0.300975674019127,0.345116842235851
948,0.373010186045136,0.387601386978052,0.340521407934056,0.340349347174039,0.315076031879679,0.301287517157849,0.345575289991042
949,0.373568640891761,0.388002875663808,0.341223313928549,0.340985173193797,0.315903673612717,0.301640585799208,0.346028195546471
950,0.374111309398435,0.388359791921864,0.341948593530678,0.341538232624319,0.316674473253925,0.301941596639859,0.34642764725443
951,0.374532574368611,0.38868912013394,0.342619676927141,0.341964546332561,0.317267539640904,0.302031843191384,0.346721289678736
952,0.37503721964489,0.389039976243076,0.343180720713984,0.34236300545584,0.317834970818674,0.302177399554099,0.347078188527271
953,0.375528461244124,0.389385064778984,0.343759115381571,0.342869038451901,0.318517410588016,0.302422704230094,0.347416454195398
954,0.375938905241481,0.389701228079802,0.344393552211181,0.343460943357867,0.319312502768455,0.302719111279259,0.347696664470757
955,0.376340080011653,0.389994842703489,0.344880421241029,0.343788424395051,0.319943180390677,0.30290393376471,0.348036900844689
956,0.376846463397304,0.390319514898402,0.345464281432904,0.344245181918273,0.320572755858825,0.303124118300151,0.348426866384419
957,0.377371853885533,0.390644269203622,0.346091969474552,0.344781713236107,0.321219941126417,0.303326108938493,0.348778829426009
958,0.377800222304849,0.390930798614214,0.346648481492547,0.345234163524636,0.321873252190586,0.303444222618499,0.34903066043904
959,0.378289962919326,0.391265406926496,0.347303702983119,0.345739147305845,0.322621852709876,0.303724397109662,0.349410085576991
960,0.378869557136757,0.391713468633671,0.34798037751197,0.346310540107623,0.323383074159975,0.304065607362562,0.349887977653143
961,0.379514661998869,0.392244684336918,0.348662500735858,0.346894322333503,0.324121830251749,0.304420901309617,0.350395080458687
962,0.380152114973348,0.392738643201623,0.349400366607238,0.347388936905504,0.324860112589695,0.304811922128134,0.350840748149488
963,0.380691209901391,0.3931934121916,0.350099091967676,0.347987386729904,0.325600135645511,0.305190001352449,0.35123460653217
964,0.381219292319791,0.39361269288224,0.350749048432174,0.348592718099837,0.326316188010092,0.305551005820308,0.351644698268177
965,0.381807607527458,0.394028847504228,0.351390554732301,0.349146285793981,0.327023133269895,0.305923688782358,0.352113981321647
966,0.382392499781735,0.394533115665093,0.352143413600371,0.349831811692278,0.327855272386463,0.306403215310738,0.352591942665838
967,0.382982001848048,0.395055516313083,0.352905471312004,0.350511060230143,0.328679330352636,0.306815329057685,0.353076749756815
968,0.383567401344118,0.395568874126934,0.353629453253769,0.351137173189102,0.329429247267017,0.307177236759083,0.353553943812892
969,0.384151161311607,0.396064567129235,0.354307855512711,0.351723490371217,0.330100696113886,0.307579785585313,0.354022231584142
970,0.384834979980439,0.396535269841177,0.355022708453485,0.352400779621728,0.33085731580718,0.307988448287895,0.354566747726883
971,0.385550966163874,0.397087662545699,0.35579440431903,0.353092551660114,0.331720593791436,0.308520205356344,0.355171133087751
972,0.38621538690241,0.397697785088312,0.356590471156289,0.35374452006454,0.332584805807601,0.309093827880059,0.355761191588219
973,0.386759597732694,0.398203946886323,0.357329964612627,0.354348161285185,0.333240569689371,0.309433426412749,0.356223192560139
974,0.387450367580835,0.398668263727969,0.357946340445357,0.354938777824598,0.333887202887156,0.309915286438442,0.356739572998198
975,0.388167026097434,0.39920614684799,0.358655307258153,0.355626237390913,0.334696650818282,0.310453343050409,0.35729191003896
976,0.388807963257225,0.399848785944045,0.359542965238115,0.356421279295583,0.335674507122908,0.310929467732584,0.357830598879613
977,0.389528038234603,0.400379448689661,0.360212402786197,0.35705403920795,0.336423887747857,0.311376554056407,0.35833065289123
978,0.390239002505823,0.401002163785994,0.360954928647948,0.357641677003596,0.33721403002355,0.311894916201169,0.358842925997767
979,0.39094213065302,0.40163386765055,0.361747187281114,0.358258557885017,0.338035701300481,0.312440415718376,0.359398641138566
980,0.391651557445367,0.402116363557136,0.362465616588551,0.358945112774764,0.338785541200762,0.312913059025713,0.359987849160576
981,0.392258084116389,0.402557218191863,0.363176451788052,0.359627521505403,0.339486419801037,0.313286996026895,0.360427922752072
982,0.392868611937008,0.403118900981829,0.363911255424624,0.360272500503308,0.34018895170675,0.313749506850816,0.360998617662181
983,0.39357097944083,0.403783099376003,0.364690071922456,0.36093868274758,0.340973928487374,0.314327298083362,0.361676685851296
984,0.394402005630299,0.404370075268635,0.365518336064803,0.361749127862592,0.341924707699383,0.314877713525124,0.362154923110242
985,0.395113293782594,0.405001835825985,0.366324728471592,0.362447521761306,0.342769225561102,0.315282907930656,0.362704689394359
986,0.395762768250078,0.405655720349483,0.367065055993305,0.363112063228443,0.343557715258951,0.31575215207786,0.363295993428575
987,0.39644082577236,0.406299211806111,0.367766147790847,0.363826999200513,0.344345633483744,0.316369353279363,0.363870925814605
988,0.397179344872391,0.40692466881377,0.368576099403611,0.36456559893252,0.345066353145741,0.316846600714774,0.364416336229115
989,0.397987846846241,0.407541706511503,0.369383243004812,0.365257124544824,0.345870783417674,0.31736235729092,0.364953524549102
990,0.398751875176411,0.408166549743252,0.370156488808082,0.365969602211991,0.346717514619233,0.317946088564661,0.365551993413665
991,0.399368226736368,0.40879137456047,0.37089523711839,0.366755069862167,0.347525679431799,0.31856157169378,0.366250921279112
992,0.399927477399764,0.409291880501802,0.371618075268165,0.367394795567579,0.34835589022918,0.319117734179338,0.366925812943989
993,0.400764636703234,0.409917703911249,0.372307474503717,0.36807711911006,0.349161079971842,0.319658509697619,0.367518192004231
994,0.401690706617696,0.410640597626332,0.372996861248367,0.368820568154291,0.349947602866782,0.320196419116036,0.368011663049475
995,0.40225358183687,0.41126129863853,0.373750451847244,0.369533432520317,0.350762188212282,0.320725140640519,0.368449215961019
996,0.403034504991969,0.411911606020366,0.374583889662192,0.370273493498851,0.351645923863343,0.321273420693144,0.36905194480185
997,0.403892671125803,0.412577238731478,0.375380994347712,0.371066829344729,0.352528109595568,0.321822399978003,0.36970651217968
998,0.404657575245604,0.413207366460139,0.376096511940785,0.371880370030635,0.353347060997813,0.322339504237088,0.3702875074743
999,0.405240485002289,0.413731740486268,0.376798269770367,0.372612410025096,0.354075145788808,0.322785732827816,0.370718971908145
1000,0.405988435602669,0.414394504384755,0.377548850094361,0.373279357809142,0.354778740631502,0.323279139511532,0.371228792628302
1001,0.405988435602669,0.414394504384755,0.377548850094361,0.373279357809142,0.354778740631502,0.323279139511532,0.371228792628302
1002,0.406720471217466,0.415102080718454,0.378207891075031,0.373887074444814,0.355562560620633,0.323788939595643,0.371810013563385
1003,0.407448852915262,0.41580100537098,0.37892320845232,0.374521602799469,0.356344667161869,0.324303249090746,0.372340881035415
1004,0.408127998845488,0.416550591524757,0.379580168946411,0.375089464772167,0.357086313252484,0.32487999637736,0.372880864867514
1005,0.408858178212143,0.41719597064271,0.380320373773635,0.3757431750775,0.35787606241611,0.325394292824574,0.373444342826016
1006,0.409611544029223,0.417812533714147,0.381146097154937,0.376414734305618,0.358773859876335,0.325804051001126,0.373936569377995
1007,0.410375492716508,0.41840280499363,0.381889258137264,0.377108235318206,0.359530419755464,0.326334668828163,0.374464405054707
1008,0.41121414774032,0.418938553062176,0.38257163673643,0.377829585268067,0.360136095559561,0.32699044211552,0.375030832712407
1009,0.411982119285765,0.419470986718108,0.383292797254383,0.378534770425417,0.360875909869639,0.327565676376047,0.375650680217857
1010,0.412691767041623,0.419947427012212,0.383977011427514,0.379252270970973,0.361667870753495,0.328155770700709,0.376309645818049
1011,0.413463377944066,0.420486211623631,0.384765081545494,0.379988289721245,0.362407053592212,0.32871660081794,0.376965179802403
1012,0.414278037981142,0.421048573975536,0.385587128401046,0.380707914552838,0.363142437387865,0.329174470826047,0.377585085301245
1013,0.414951416701314,0.421506342858008,0.386271145185097,0.38139880071251,0.363909526295396,0.329416716876024,0.378055061672448
1014,0.415703079777265,0.422126630089097,0.386958812528222,0.38213605454261,0.364625656123084,0.329886662210131,0.378609861884839
1015,0.416393958949434,0.422725772372681,0.387628966011739,0.382797231207511,0.36529000282885,0.330464953020729,0.379221687338943
1016,0.417053686099191,0.423276228285164,0.388276003829821,0.383434589711446,0.366025409842259,0.33106235588874,0.379801976309253
1017,0.41781292604352,0.42395134553404,0.389005649375326,0.384134863651775,0.366825789644595,0.331784201778932,0.380500010214701
1018,0.418543656409725,0.424540035498759,0.389705729121329,0.384761828361554,0.367558935354455,0.332328183829886,0.381047433837509
1019,0.419380350842107,0.425122210651255,0.390417639714268,0.385306234345724,0.368255635520302,0.332714459216339,0.381364037303216
1020,0.420076564218425,0.425615645450643,0.391121728435954,0.385946817486923,0.368961682831831,0.333162805638296,0.381887471509655
1021,0.420625449055777,0.425979321650477,0.391812429865714,0.386621731828954,0.369646167726452,0.333571411777339,0.382500836108475
1022,0.421283309620405,0.426478609429024,0.392505037376683,0.387263829276863,0.370312583265604,0.334001716952258,0.3830531903954
1023,0.42186336991373,0.42695702048262,0.393199598443431,0.387973996181758,0.370972011556154,0.334441553197894,0.383701303543548
1024,0.422553045290205,0.427487801026715,0.39386088244687,0.38860058652429,0.371626528483838,0.334922247929702,0.384251471455987
1025,0.423326856055575,0.428100677169635,0.394450286409295,0.389170156303331,0.372230272643414,0.335457900444749,0.384720075904731
1026,0.424232223345724,0.428777978901643,0.395190585001611,0.389678743418056,0.372924892718396,0.335892928175062,0.385173598232299
1027,0.424999531043716,0.429360285787659,0.395891956955765,0.390221613115244,0.373612807263546,0.336383664864759,0.385613727202369
1028,0.42576474107379,0.429985081277565,0.396581655991403,0.390863530174134,0.37425985009552,0.336811915424269,0.386084579977512
1029,0.42644613497654,0.430589940139691,0.397337329390024,0.391523536461088,0.374928226044124,0.337165755549738,0.386626523711927
1030,0.427004183179694,0.431091062696223,0.397965119036534,0.392163518037767,0.375567029803829,0.337585901749835,0.387116813569638
1031,0.427639567600608,0.43162941806671,0.398565085782757,0.392816414279887,0.376233089848836,0.338046475082068,0.387615741579779
1032,0.428287890141226,0.43215659550124,0.399061102994196,0.393492563554508,0.376902301430911,0.338572700443176,0.388182289180935
1033,0.42888283668632,0.432623204374349,0.39967166374075,0.394098252930276,0.377557495938135,0.339017417961324,0.388625651879572
1034,0.429455462206462,0.433020268684353,0.400290445485618,0.394690690195645,0.378250125202869,0.33947047292081,0.388954793312093
1035,0.430051857805932,0.433521594413736,0.400909498017668,0.395274436717832,0.378870674820587,0.339897250559868,0.389390426262359
1036,0.430595161355828,0.434068283546899,0.401591749544749,0.395796533425577,0.379399686263354,0.340262443455472,0.389823629715975
1037,0.431197144301726,0.434536997715821,0.402228921072048,0.396363993057424,0.380013697048663,0.340652134847337,0.390255629941289
1038,0.431920919338198,0.435052152929623,0.402821284976976,0.396960800394034,0.380653417810818,0.341060129302844,0.390748770014844
1039,0.43251222997213,0.435534201651094,0.40343336359407,0.397528386177636,0.381278723163882,0.341452930498384,0.391195672517541
1040,0.433053885096793,0.43595339367033,0.404058751880556,0.39810912461107,0.381927652882389,0.341807172176423,0.391603050581547
1041,0.433556377724487,0.436282827693171,0.404671831112603,0.398642173490443,0.382585496018712,0.342200808119713,0.392002372590465
1042,0.434060338086983,0.436755078512562,0.405270806701112,0.399138833968712,0.383223845105041,0.342622599197406,0.392412970974708
1043,0.434576886929406,0.437258224966056,0.405853850693824,0.39967237578363,0.383818241035062,0.343107798703492,0.39289772682423
1044,0.435156433374048,0.437792593768029,0.406448688317824,0.400218693411845,0.384424200970078,0.343534340804661,0.393347043492545
1045,0.435767217444726,0.43828912192356,0.406978183198662,0.400707146876485,0.385034501373298,0.343830762698074,0.393724538281529
1046,0.43637402125501,0.438741449183838,0.407485512146275,0.401234611224949,0.385627854837999,0.34417205017982,0.394108103458699
1047,0.43698495352136,0.439173773278768,0.407964323607989,0.401799576012909,0.386192948569894,0.344440713747339,0.39446416809923
1048,0.437591053723364,0.439611138543241,0.408454149387064,0.402325904922237,0.386752229417472,0.344751182293279,0.394811632810233
1049,0.438241360651819,0.440022162767727,0.408865816834383,0.402845034334917,0.387327818591344,0.345103084862232,0.395138860048572
1050,0.438817306730118,0.440411828609414,0.409396287631631,0.403349707438372,0.387860100541943,0.34543532789249,0.395487663441052
1051,0.439382764910405,0.44078722751817,0.410040981392722,0.403832127442527,0.388349117060083,0.345743770009604,0.395845048778692
1052,0.439889194045398,0.441172376891995,0.410551121416123,0.404324011651809,0.388869766009119,0.346057090737686,0.396171699259563
1053,0.440293522490282,0.441501238966707,0.411033688778212,0.404807515985065,0.38937805068071,0.346408892066276,0.396484984794949
1054,0.440783146986731,0.441905413745112,0.411548022076991,0.405305559704771,0.389901594410938,0.346710110797102,0.396816883757538
1055,0.441264283717138,0.442386783407506,0.412027673625194,0.405839223497411,0.390436794583833,0.346954417325771,0.397132008929167
1056,0.441758114925241,0.442820684366071,0.412489825542793,0.406322379528868,0.390967086821548,0.34723972923465,0.39745334944548
1057,0.442289479876925,0.443306321654791,0.412984335232894,0.406832148885726,0.391494863156173,0.347535039909201,0.397809808178838
1058,0.442837365876822,0.443691441663168,0.413445866545551,0.407213623098909,0.392042739135964,0.347813080328218,0.398129807520767
1059,0.443437072758787,0.444035235251724,0.413913273570196,0.407639984628131,0.392570481243195,0.34811947202708,0.398477644034739
1060,0.443975509283697,0.444390761519294,0.414362349147196,0.408080625840169,0.393108570674578,0.348349409341341,0.398823487983551
1061,0.444449490763248,0.444689404629007,0.41484763634443,0.408477191976955,0.393643752292954,0.348517647495477,0.39910559761473
1062,0.444907575886807,0.44490834315078,0.415441807552568,0.408863668833375,0.394213355635778,0.348587604530437,0.399377972740812
1063,0.445365801424996,0.445214033085821,0.415883670714596,0.409258945399246,0.394676966363114,0.348728084244602,0.399622803864783
1064,0.445759817444451,0.445563980637014,0.416261709719178,0.409626295740387,0.395104200937506,0.348811884788564,0.399771547024163
1065,0.446155628979066,0.445830983102262,0.416628103723422,0.409994030043497,0.395514742477248,0.348985891084184,0.400006549583896
1066,0.446579806237125,0.446099335856533,0.416882220943908,0.410375258243444,0.395798435651343,0.34924982359562,0.400274763411644
1067,0.446966210993808,0.446345454847273,0.417240340180956,0.410735801417988,0.396201989976579,0.34944625922692,0.400553526428396
1068,0.447251957944223,0.446479975091254,0.417598548295993,0.411080587111356,0.396644475859148,0.349655790468501,0.400869869307597
1069,0.4476225137023,0.446705749444793,0.418017831367014,0.411415572015576,0.397113045208741,0.349844293599082,0.401154054766522
1070,0.448063256402647,0.447019423057343,0.418534618512704,0.41172236368818,0.397692852720592,0.350004487401303,0.401463606612224
1071,0.448450818839955,0.447265945239487,0.419013037896993,0.412068158992755,0.398176907026144,0.350147410641409,0.401721226263615
1072,0.44882888340666,0.447484968361388,0.419587095882055,0.412462327912721,0.398631436256918,0.350242681748098,0.401928715632434
1073,0.449206573889952,0.447716475885221,0.420015603145972,0.41276698593176,0.399071897079038,0.350391250868919,0.402150853235337
1074,0.449535846640905,0.44792434595084,0.420366104382061,0.413036114726878,0.399513593409232,0.350549553419156,0.402372683229703
1075,0.449935904999437,0.448156491701086,0.420658134436006,0.413326386497441,0.399845695120525,0.350734486767386,0.402544575573591
1076,0.450310821405208,0.448350974509168,0.420919885800201,0.413512029831636,0.400149097993521,0.35086223469898,0.402746842711731
1077,0.450677218305732,0.448562872051918,0.421199435152206,0.413767736898439,0.400485742501819,0.350998695659499,0.402964471102254
1078,0.45098443985413,0.448760615638859,0.421521025836374,0.414007883246668,0.400814531483569,0.351147202626882,0.403168319093357
1079,0.451224942622332,0.448924897372127,0.421943589384011,0.41429608993975,0.401089375534394,0.351239283800986,0.403382769909904
1080,0.451497703453362,0.449095492515757,0.422236234429707,0.414510984597741,0.401424364078294,0.351390546570775,0.403555367713816
1081,0.451757237393342,0.449308030059076,0.422452955759237,0.414654317370709,0.401814178687561,0.351662251369254,0.403706898112786
1082,0.452012764508519,0.449447853251384,0.422730547423073,0.414856221950587,0.402167182185494,0.351783743943007,0.40386653331127
1083,0.452277017786312,0.449515691188921,0.422919494847238,0.415068445545354,0.40250132667611,0.351823250288514,0.404000298302094
1084,0.452531842356436,0.449632443848897,0.423238789493186,0.415266863628053,0.402848198048325,0.351890627511518,0.404135422597417
1085,0.452750858079835,0.44974737348781,0.4237409656997,0.415516297510893,0.40324243670221,0.351846930908092,0.404263084905337
1086,0.452991653238333,0.44985222357938,0.424087045733397,0.415716304387949,0.403557867207098,0.351927139880288,0.404406766851036
1087,0.453242409202993,0.44996039891246,0.424402406776399,0.415852038416445,0.403841810438456,0.352150004541466,0.404581900151637
1088,0.453498324239732,0.450081860641893,0.424718827989451,0.416013344990018,0.404116092953658,0.352251279430644,0.404706101651896
1089,0.453787066366545,0.450232986620079,0.424958942062426,0.416187516644723,0.404303256746698,0.352330710821611,0.404773191738358
1090,0.454035567457568,0.450318211314139,0.425204802371933,0.416335495023074,0.404539939581305,0.352417367824683,0.404906654428554
1091,0.454284886266922,0.450344196140901,0.425447759596557,0.416431219850549,0.404775947702853,0.35246035086839,0.405070143871357
1092,0.454514022739442,0.450442354507219,0.425715264780258,0.416607910147148,0.405062940382561,0.352485176601522,0.405200516795013
1093,0.454679511402238,0.450517004938512,0.426001979534114,0.416765127906644,0.405345181737984,0.352477408025395,0.405291981586702
1094,0.454780390324837,0.450548077578628,0.426284592095426,0.416909519342469,0.405666164191449,0.352473732721846,0.405409260751635
1095,0.454925096600624,0.450606199847473,0.426542688205455,0.417062981463209,0.405930803775855,0.35248178664962,0.405512125768964
1096,0.455022848001173,0.45073124455005,0.426873992562132,0.417292584935669,0.406189332825621,0.352424716028098,0.40553547242226
1097,0.455177942554105,0.45076125062127,0.427081820093551,0.417374927835915,0.406425197190471,0.352427983028992,0.405610566123724
1098,0.455380952146167,0.450700182299816,0.427171278968469,0.417361206311923,0.406634885691309,0.352494574456922,0.405766315396182
1099,0.455556503440422,0.450727924052541,0.427335435305649,0.417410157917927,0.406830793243689,0.352531880001402,0.405838413729649
1100,0.455756653789886,0.450779045734281,0.427442449464878,0.417376884754399,0.406970970459445,0.352579755951737,0.405858983145087
1101,0.455916479817535,0.450805332337114,0.427638577455683,0.417433780315708,0.407191390967445,0.352587443812003,0.40588641906986
1102,0.456043631607473,0.450852033842277,0.427925877233511,0.417619887053449,0.407443900346995,0.352585393192307,0.405851891283735
1103,0.456190057637024,0.450900156700751,0.42816538064776,0.417698195089411,0.407673570830969,0.352581198782875,0.405900968989598
1104,0.456350457349555,0.450930816633461,0.42845015742947,0.417752407485178,0.407977298188798,0.352532653583663,0.406006218002742
1105,0.45646592054867,0.450953815040413,0.428688515712395,0.417794763670701,0.408215396048254,0.352502424055414,0.406071151877978
1106,0.456547392835757,0.450973734095774,0.428886811725772,0.417728535937376,0.408381912339098,0.352475866609403,0.406196575664361
1107,0.456656641722172,0.451023398326868,0.429072199888309,0.41774822311073,0.408566048266793,0.352468567124704,0.406262800285417
1108,0.456754608674018,0.451087328135435,0.429267240315957,0.417828822890006,0.408761922212534,0.352494392420617,0.406255096062591
1109,0.456839543191429,0.451148575748092,0.429397762305671,0.417902267292062,0.408915943775964,0.35247829921582,0.406252834384626
1110,0.456928543516482,0.451145502124373,0.429526250929203,0.417955648196483,0.409072676594725,0.352466911326694,0.406270623096701
1111,0.457058183805128,0.45114774989752,0.429616183301514,0.418034199973442,0.409211855847885,0.352492192264744,0.406293242881648
1112,0.457131599838055,0.451118691461634,0.429745750627011,0.418099001569003,0.409379573698297,0.352435213478844,0.406300759951307
1113,0.457162074422117,0.451004139824865,0.429876104306085,0.418142907635292,0.409544139680093,0.352322452334283,0.406309300992098
1114,0.457207917544321,0.450938502133512,0.429998122608671,0.418171030172975,0.409714725270807,0.352229339408034,0.40632358294172
1115,0.457255704726115,0.450904821743826,0.430133466683041,0.418222130393433,0.409926281494461,0.352102945596563,0.406330579072168
1116,0.457284865211786,0.450849773319855,0.430261208084937,0.418229646668908,0.410089167576675,0.351992108028416,0.406333260725957
1117,0.457293866938852,0.450788441455276,0.43037766372679,0.418179517899031,0.410216720563954,0.351884932974356,0.406364907524883
1118,0.457312837766777,0.450707071473111,0.430488656281607,0.418149281914756,0.410363075536632,0.351777805470647,0.406352836948037
1119,0.457351589366964,0.450628146637214,0.430651397296306,0.418147080129207,0.410550895484659,0.351693542729634,0.406337107388044
1120,0.457341414684935,0.450526830931694,0.430722959563699,0.418087473069276,0.410647636527354,0.351563901625501,0.406267413763068
1121,0.457356530910081,0.450423551638063,0.430724802627321,0.418014950721088,0.410684017022634,0.351455136238836,0.40615840113708
1122,0.457289217976029,0.450266006324217,0.430737586805801,0.41790166749108,0.410746359672675,0.351275236605738,0.406034472950154
1123,0.457166424527013,0.450111540538712,0.430712275928968,0.417746052820148,0.410775702018808,0.351053927685284,0.405884913563994
1124,0.456998531583664,0.449886266600934,0.43067746940156,0.417561883091983,0.410782464842471,0.350777716836033,0.405693414381215
1125,0.456782648328612,0.449606976366648,0.430634874874755,0.417348481725744,0.410784053817866,0.350453698999191,0.405473492595131
1126,0.456504142229764,0.449262716601357,0.430616205014088,0.417117175094398,0.410841426881381,0.350079310804792,0.405256792365134
1127,0.45622490322774,0.448900777563778,0.430520570467901,0.416827674076396,0.410774885137995,0.349678526627572,0.404944442730825
1128,0.455915626981082,0.448483823583809,0.430408417361913,0.416509933286677,0.41063525243707,0.349243291613111,0.404558907529369
1129,0.455572503682522,0.448068121456136,0.430207462001621,0.416128048329164,0.410483860432734,0.348751371754113,0.404174182421737
1130,0.45526183259435,0.447684840106003,0.429962480620992,0.415712367632803,0.410285849970744,0.348246667615413,0.403759066866378
1131,0.454785648652052,0.447147499762159,0.429646793272152,0.415211161504124,0.410073003373456,0.347636332897452,0.403287078216332
1132,0.454241525728091,0.446575487114686,0.429232449905157,0.414641406026843,0.409852775238032,0.34694659279981,0.402807203122145
1133,0.453606893072973,0.445885344132334,0.428829141405799,0.414031654310276,0.40956737606624,0.346217176880823,0.402245190793423
1134,0.452820392199255,0.445021281349815,0.428406457490726,0.413377685182536,0.40927016999029,0.345419164892838,0.401633227220872
1135,0.452053931338528,0.444199539515216,0.427922122731393,0.412640515504656,0.408883780991899,0.344579608274593,0.400934790216469
1136,0.45127589166729,0.443370921704472,0.427439186546748,0.411827635117197,0.408415178312779,0.343714914735858,0.400154435308584
1137,0.450404487697291,0.442451568891614,0.426855580414047,0.410995225702674,0.407924898679761,0.342769820461494,0.399347841745873
1138,0.449486887954172,0.441493106415903,0.426153532961041,0.410098323735359,0.407366250148138,0.341726908995612,0.398444676250007
1139,0.448508042685936,0.440481026534002,0.425468542548303,0.40916418664102,0.406796094961649,0.340688725563396,0.397549733444802
1140,0.447402146117338,0.439329259689605,0.424743887910095,0.408222395522509,0.406187703756954,0.339593416244943,0.396666499890575
1141,0.446321913220173,0.438231426190222,0.423989882940223,0.407219317688403,0.40557697544505,0.338492723189716,0.395720669811847
1142,0.445225539726402,0.437134697324412,0.423213920855962,0.406164028418024,0.404951358523649,0.337379249622189,0.394735526593013
1143,0.444095775951465,0.436021810292793,0.422439966816126,0.405021647227582,0.40430451608987,0.336254368162978,0.393698594596264
1144,0.442986482868158,0.434940645317868,0.421606392492303,0.403930506360164,0.40364614417429,0.335134383126816,0.392690683044105
1145,0.441879163593736,0.433897160946149,0.420689580067853,0.402798201996343,0.402970051259834,0.333997763257361,0.391641721940605
1146,0.440764633501642,0.43280283939248,0.419856752868201,0.401726460598042,0.402308970153824,0.332863715689717,0.390625668156722
1147,0.439608579345862,0.431669536890434,0.419006963556149,0.400667217055637,0.401617607337822,0.331697133310365,0.389628259522635
1148,0.438547412007008,0.430606915086266,0.418215741528773,0.399648791431396,0.400975496817065,0.330626137287014,0.388636696500119
1149,0.437506704663107,0.429522038753899,0.417454969651614,0.398616555307867,0.400324290904323,0.329540720569133,0.387589184163456
1150,0.436509453865206,0.428513989982555,0.416748123095772,0.397705945427384,0.399763365800522,0.328569017886662,0.386676175398781
1151,0.435579163306095,0.427565891960319,0.416068083431701,0.396878274173776,0.39925456307836,0.327713661249491,0.385827549225934
1152,0.434661909599205,0.426655618812269,0.415440096886623,0.396062343455974,0.398767755361399,0.326852219366779,0.385007861537342
1153,0.433713085918986,0.425759369935374,0.414914241931905,0.395326138100911,0.398379661696962,0.325990846986169,0.384248454092976
1154,0.432887614267181,0.424941290919616,0.41433504987976,0.394598134299856,0.397937175678665,0.32523969228124,0.383542333999251
1155,0.432125600086009,0.424171635297912,0.413708845829481,0.393845167043394,0.397425330820608,0.32454812254901,0.382845776852605
1156,0.43142887363582,0.42347519120377,0.413185477209519,0.393182744420632,0.397023340568464,0.323909289807782,0.382234925463317
1157,0.430838282810978,0.422869974650785,0.412670116424234,0.3925931808486,0.396637146109259,0.323380348039007,0.381762022984823
1158,0.430265609312655,0.422275345701535,0.412220259859041,0.39203247580749,0.39631721762142,0.322861955420232,0.381246383255774
1159,0.429722255405582,0.421703472064767,0.41185505347218,0.391499214520681,0.396108144736217,0.322328870519995,0.380704337671726
1160,0.429239833653165,0.421210922181505,0.411536350692392,0.391039188772795,0.395900922706477,0.321892262820738,0.380254105681344
1161,0.42880600316894,0.420770021788393,0.411262835343601,0.390632198899471,0.395718881025995,0.321519516507076,0.379846775190116
1162,0.428412023950796,0.42036149933425,0.411018908227695,0.390269758782998,0.395557796934827,0.32122370268281,0.379453030498782
1163,0.428074562510382,0.420009858605647,0.410830400483143,0.389946342601194,0.395428597777735,0.320915189298349,0.379110322744465
1164,0.427812758241723,0.419758037107047,0.41073807284441,0.389707647858319,0.395347223978075,0.320677452330717,0.378848519704555
1165,0.427542334796879,0.419467056108676,0.4105896133107,0.389440950876893,0.395237038445935,0.320415230447499,0.378594113748127
1166,0.427298769967029,0.419178853688429,0.410435821282836,0.389179309181841,0.39511178679643,0.320125963219466,0.378338353378892
1167,0.427085715755885,0.41892591939195,0.41032308416197,0.388952815455558,0.395059571154377,0.319896747634044,0.378144591080003
1168,0.426899881833124,0.418705994119609,0.410204252108685,0.388746362694592,0.39502427842583,0.319710453549531,0.378043455790056
1169,0.426723740386341,0.4184729967787,0.410131962037797,0.388557566477022,0.3950082296213,0.319525714517089,0.377893481677975
1170,0.42658816717127,0.418245214451799,0.410138193977401,0.388389187194118,0.395089181497457,0.319354928888858,0.377738527137916
1171,0.426445284134469,0.418045271109485,0.410092521604172,0.388247410863257,0.395097965208514,0.319211307228291,0.377610102084876
1172,0.426293087899866,0.417855725411198,0.410021963711558,0.388123693404791,0.395054779866491,0.31911176557127,0.377508916922376
1173,0.426168826705836,0.417669052768587,0.409990313756753,0.388022944746658,0.395049698193053,0.318980116388758,0.377371471968849
1174,0.426092040635839,0.417515663658691,0.409973180565542,0.388012518336608,0.395072372961228,0.318860791993449,0.377236321196676
1175,0.425976873799084,0.417353500109986,0.409947035533225,0.387913897927647,0.395052606305436,0.318734273253481,0.377101287587898
1176,0.425860299769595,0.417189125355608,0.409978703914169,0.387772714491162,0.395019494978902,0.318582300699974,0.376919878982405
1177,0.425735366244073,0.417015360725451,0.409948631194751,0.387641946406497,0.394995063084969,0.318435326892359,0.376769108546393
1178,0.425594859731121,0.416859582876748,0.409873314590403,0.387462605020602,0.394942152313362,0.318286232733434,0.376665895543465
1179,0.425441989904139,0.416674695217496,0.409789228418236,0.387301634766052,0.394886090169415,0.318158672670543,0.376545181724888
1180,0.425262633908004,0.416476530005186,0.409685051806121,0.38712799714376,0.394856588284144,0.318015010354853,0.376380603113746
1181,0.425053664421437,0.416242784494943,0.409541805941204,0.386974420022842,0.394869556201566,0.317853118100003,0.376178095887348
1182,0.42489584165729,0.4160545591407,0.409432856522904,0.386793837288438,0.394831272210498,0.317719342913296,0.376032762719863
1183,0.424732961922176,0.415859267102387,0.409307673654176,0.386569902070484,0.394764849369275,0.317611241249627,0.375883305986587
1184,0.424574110931437,0.41569579864508,0.409221745152909,0.386388804118384,0.394727397889552,0.317463785169465,0.375730123897652
1185,0.424459906540502,0.415584362867675,0.40917152369227,0.386220265056636,0.394677736707013,0.317298126050104,0.375621866018452
1186,0.424320083356398,0.415427724376017,0.409094814117735,0.386062542791189,0.394648903740643,0.3171634522399,0.37547314293056
1187,0.42412698172558,0.415248652569725,0.409011041918955,0.385924027614222,0.394635415662183,0.317005285970563,0.375254791980241
1188,0.423994412437626,0.41510272889069,0.408958853218161,0.385781942234618,0.39464381153931,0.316884301002979,0.375110896120348
1189,0.423891920122251,0.414954100554741,0.408914949651029,0.385620218368147,0.394666662520159,0.316817334028332,0.37499439215876
1190,0.423803758560696,0.414815426884563,0.408868851719113,0.385513665211327,0.394692141195111,0.316722522744284,0.374894082211223
1191,0.423747382705862,0.414686291225455,0.408837333350727,0.385449734954816,0.394750985637797,0.316616763717711,0.374830507456266
1192,0.423688677179319,0.41458730513751,0.408823916056663,0.385365266325892,0.394792214900797,0.316527421428063,0.37476577317626
1193,0.423611294359798,0.414473667576059,0.408781724360944,0.385293450629421,0.39479944201754,0.31641425928892,0.374717644937933
1194,0.423595939943032,0.414414705174148,0.408793318582368,0.38524256803581,0.394844239559752,0.316354007088557,0.374670594395931
1195,0.423623375340861,0.414420684323444,0.408864075823844,0.385157167458687,0.394899159545243,0.316338389004455,0.37461635545177
1196,0.423647404522425,0.414425711280642,0.408929699544994,0.385129312341488,0.394981923723396,0.316316986681695,0.374583304868834
1197,0.423707452179311,0.414454323218144,0.409010203689756,0.385147932148479,0.395092427406977,0.316311894772919,0.374546890879126
1198,0.423783350862154,0.414500129379697,0.409114328276698,0.385203368251849,0.395225293227991,0.316326795086847,0.374543348867529
1199,0.423855600073918,0.414544564102615,0.409208552985765,0.385260316360702,0.395358353405362,0.316363912326125,0.374570756225092
1200,0.423897798882964,0.414585271368688,0.409294668881614,0.385351394139551,0.39550360199184,0.316411980293059,0.374623520731377
1201,0.424021332127674,0.414657241940614,0.409421533941585,0.385422451263627,0.395649345482583,0.316457826715112,0.374712977126029
1202,0.424190649514249,0.414749562285373,0.409554895789309,0.385486636531005,0.395793268622659,0.316533242017843,0.374856785746172
1203,0.424359370876591,0.414843423262068,0.409727894890706,0.385583376995526,0.395972563040931,0.316604762266568,0.374963430132777
1204,0.424565685124274,0.414945541829677,0.409941250569505,0.385682351299776,0.396170213242883,0.316648454086436,0.375076411734924
1205,0.424769686969182,0.415074566999956,0.410158981388648,0.385808975119188,0.396379357796107,0.316736012355188,0.375205784821482
1206,0.424983001668179,0.415213634672811,0.410401221336102,0.385966576417892,0.396616605379554,0.316865083135658,0.375326432271855
1207,0.425197394015878,0.415367782878778,0.410644521831387,0.3861280615469,0.396846455828468,0.316976317784973,0.37545962098742
1208,0.425409281445725,0.415551445012505,0.410906655656381,0.386306061671609,0.397092284023728,0.317082008815719,0.375609667459128
1209,0.425657270928979,0.415743211173082,0.411161086510515,0.386490874742556,0.397320960225399,0.317220254075845,0.375780331846677
1210,0.42590998305432,0.41593517244397,0.41141265154988,0.386676059831887,0.397523243678834,0.317384162497696,0.375957456783168
1211,0.426193142439426,0.416148667908126,0.411682559824492,0.386893476016901,0.39776990206849,0.31753075731297,0.376146373617772
1212,0.42651102150052,0.416394438588356,0.411953926754467,0.387129133936239,0.3980181536181,0.317674867686593,0.37636767632678
1213,0.426844571926979,0.416630861299338,0.412239082036577,0.387374019079465,0.398292035661513,0.31784695145521,0.376582181426888
1214,0.42723062638874,0.416891737262312,0.412534477567619,0.387661804463981,0.398615199626283,0.318017668446726,0.37677419543799
1215,0.427575470811221,0.417133096067509,0.412844783296523,0.387929220767239,0.398925405505432,0.318200657287119,0.376999927493705
1216,0.427911680006619,0.417360585919831,0.413160127933274,0.388190225327395,0.399249657543623,0.31843198527593,0.377234153703788
1217,0.428256907799002,0.417583054908886,0.413510981323904,0.388449617611221,0.399575107664496,0.318645648270589,0.377519875250309
1218,0.428583597037768,0.417822681857767,0.413834402081221,0.388707809254828,0.399807552775533,0.318801451869782,0.377785521417009
1219,0.428909340187211,0.418057982149838,0.414183387244166,0.389022547472064,0.400103965433294,0.318993965987085,0.378067899071552
1220,0.429269347589121,0.418323268798727,0.414523474045072,0.389322402917857,0.400413626969724,0.319189379369116,0.378344053161379
1221,0.429665635418305,0.418620663304162,0.414840649246436,0.389650419176471,0.400706656471835,0.319377407601767,0.378621030974586
1222,0.430046005999462,0.418895050216472,0.415199447454072,0.389946318904441,0.401019279165776,0.319579097205694,0.378877290627636
1223,0.430434065208482,0.419182852975118,0.415597862411911,0.390234133083932,0.401409323739623,0.319808813345415,0.379118911430565
1224,0.430816994728501,0.419453406373605,0.415951028540966,0.390514230121764,0.401710653004928,0.320016378678531,0.379395669547752
1225,0.431205588193306,0.419699638712045,0.416313455319764,0.390766654579888,0.401949915074529,0.320209102253545,0.37966926303991
1226,0.431589315254058,0.419983145406783,0.416651409364314,0.391050991688087,0.402237798028327,0.320418212333935,0.379953188569957
1227,0.431975920754042,0.420290818816611,0.416935915347835,0.391349214847027,0.402510689965323,0.320645418288358,0.38029477853854
1228,0.432346506419392,0.420561650189408,0.41727559343367,0.391644869009298,0.402810349517601,0.320845074515889,0.380570381218374
1229,0.432715849568819,0.420841345893383,0.417638585133085,0.391950587694392,0.403148518035521,0.321044516190778,0.380825725106261
1230,0.43306598409748,0.421101426765276,0.417983782421633,0.392261972987003,0.403463060534801,0.321228808735352,0.381049862455144
1231,0.433391074254944,0.421312623809749,0.418370447235924,0.392596953492366,0.403789665695228,0.321365179478208,0.381198704480484
1232,0.433727006745849,0.421560272915384,0.418704951611787,0.392886389839223,0.404090854488714,0.321544967809339,0.381411508748908
1233,0.434058606120464,0.421827665211119,0.418976749302018,0.393155553249998,0.404358021654931,0.321755637891934,0.381624001589996
1234,0.434383715547142,0.422084669342763,0.419293759648882,0.393434593860667,0.40465022044074,0.321943997283025,0.381855453215824
1235,0.434709097409659,0.42235043613019,0.41964205036701,0.393726963544777,0.404962874167366,0.322130951110802,0.382133963647829
1236,0.435034241620377,0.422609706235735,0.419930860397772,0.393937921791008,0.405237029946392,0.32233481006966,0.382417709389827
1237,0.435340973969122,0.422861461539911,0.420223675144855,0.394153521697697,0.405492114536211,0.322538541515256,0.382669173798409
1238,0.435644261760459,0.423100853506174,0.420537568892186,0.394419235655664,0.405781287021319,0.322702878746255,0.38287108333436
1239,0.43595219315968,0.423332362365863,0.420822165616346,0.394656100726136,0.406045440710121,0.322865441868256,0.383058258784056
1240,0.436272087443078,0.423552724946193,0.42107466035886,0.394889439432375,0.406266514090309,0.323039396558082,0.383242204284215
1241,0.436569726363028,0.423767033469104,0.421340047378812,0.395106438375429,0.406503297161139,0.323216804950923,0.383442925717137
1242,0.43686143275411,0.423960863066846,0.421630197478586,0.39532737396997,0.40674969981972,0.323379177704094,0.383642031670357
1243,0.437154147758215,0.424179702619451,0.421876997943967,0.395544892681354,0.406989094188043,0.323552348105289,0.383859310708432
1244,0.437434496996302,0.424414911480641,0.422086796735487,0.395730063743712,0.407226775356746,0.323760084418305,0.384106064288485
1245,0.437711838366693,0.424620469241605,0.422324258146853,0.395943372902374,0.407433980956523,0.323921229862709,0.384310757887645
1246,0.438008606457023,0.424818374856825,0.422558920905996,0.396204520995446,0.407620102409899,0.324052369483611,0.384515554634394
1247,0.438264365407045,0.425017894750692,0.422783883144283,0.396406818857534,0.407829723641761,0.324196759065067,0.384691110846417
1248,0.438481582139708,0.425190095394757,0.423011881559922,0.396568523943918,0.40801590668648,0.324324668967803,0.384826894197507
1249,0.438721593874439,0.425390183272138,0.42324002171445,0.396755117174624,0.40822520763893,0.324461902930543,0.38498443370104
1250,0.438954628354393,0.425646844290458,0.423470056434913,0.396934962580626,0.408488942784498,0.32461933763403,0.385127809161482
1251,0.439184369725674,0.425827304097708,0.423678813713614,0.39710783948447,0.408702428727034,0.324751301132224,0.38528642974755
1252,0.439437778321111,0.425969620910027,0.423886561141391,0.397302635508331,0.408885623433231,0.324855585465882,0.385457017226294
1253,0.439653560482984,0.426116146905305,0.424080736079409,0.397472085055775,0.409070978511143,0.324983630119093,0.385624863396887
1254,0.439828523258663,0.426197751403839,0.424240562841944,0.397608511426536,0.409230863015568,0.32513537938781,0.385819924310528
1255,0.440028044610999,0.426330247570259,0.424414113730345,0.397750743759538,0.409411576847241,0.325243045055353,0.385976830774637
1256,0.440233364707949,0.426501785522265,0.424593667895049,0.397891952233629,0.409599568202538,0.325324811073637,0.386125226330203
1257,0.440414176235642,0.426665478917984,0.42477241892102,0.398025142030738,0.409791031148803,0.325440102927317,0.386243219882781
1258,0.440629596383725,0.426834663667448,0.424932716133547,0.39814384763512,0.40998239258899,0.325524021992618,0.386343221276857
1259,0.440814400865986,0.426970303778968,0.42508318373771,0.398258574005998,0.410164641896145,0.325567168404244,0.386448943574172
1260,0.440943208856663,0.427056081042483,0.425250791860175,0.398391796121059,0.410302460874516,0.32563784388284,0.3865490883368
1261,0.441084639900027,0.42713692848831,0.425409869900521,0.398501625219058,0.410432144976675,0.32573628759318,0.386673485325314
1262,0.441205134492166,0.427221117320786,0.42554351031999,0.398594746423235,0.410598670264282,0.325802597719026,0.386764281942959
1263,0.441302466770242,0.427300973352185,0.425683492482994,0.398697528623873,0.410744825864745,0.325848178309904,0.386822213392715
1264,0.44141058700302,0.427374340673823,0.425811409300554,0.398770821873708,0.41088255185083,0.325902469247512,0.386889791896632
1265,0.441521649021954,0.427463922278373,0.425910096568046,0.398803476650343,0.411048930412349,0.325964600889125,0.386928155633169
1266,0.441629430899049,0.427524317312075,0.426017483716781,0.398859847992707,0.41115938400419,0.325986522641842,0.386992658324266
1267,0.44175303010923,0.427562163170216,0.426142386757366,0.398931245824231,0.411213863932679,0.325993959711144,0.387091882084986
1268,0.441825285388071,0.427601479027141,0.426240675915225,0.398967229396364,0.411292569284744,0.325998548517319,0.387136283253768
1269,0.441875022735628,0.427624187463128,0.426334049189314,0.398987101689339,0.411359013524438,0.325973921026088,0.387170738391115
1270,0.441912069612344,0.427648679336522,0.426393920363513,0.399007959728807,0.411431912051496,0.325950881695132,0.387183736170344
1271,0.44189978508023,0.427684203955285,0.426408953249175,0.399003129512329,0.411506987471992,0.325933245553255,0.387146331051024
1272,0.441921786220537,0.427682608088935,0.42645195570986,0.399007547395348,0.411586577944615,0.325902400335086,0.387140371929982
1273,0.441969137985123,0.42767627728291,0.426489703343846,0.399018597336752,0.411677577551762,0.325857892472759,0.38714244107842
1274,0.441984914665689,0.427650990368331,0.426516165235899,0.399018467318195,0.411740563949951,0.325801616191575,0.387127401435297
1275,0.441993588837891,0.427556427714252,0.426565014119047,0.399021199165301,0.411795904945287,0.325750803640277,0.387119824000008
1276,0.441984050785413,0.42751472113002,0.426592663625902,0.399009333889731,0.411848559121783,0.325666399022981,0.387093234915626
1277,0.441959861191505,0.427518003798253,0.426597594255142,0.398996905393304,0.411894970828714,0.325551511308599,0.387056455103267
1278,0.441918931487995,0.427478426625992,0.426590192040515,0.398965692196335,0.411920783328807,0.325441133925457,0.386998919647709
1279,0.441861161456552,0.427430056364502,0.426585143137337,0.398935655778252,0.411948271059226,0.325330167687371,0.386936564939471
1280,0.441797480569113,0.427402387973078,0.426552807061808,0.398850792149873,0.411955169868325,0.325182131404295,0.386841158108312
1281,0.441740500923964,0.427361740549873,0.426469021664391,0.398731541295923,0.411884112853347,0.325026822929295,0.386723723862765
1282,0.441630168353355,0.427220353394057,0.426394937779025,0.398662968314732,0.411808734167723,0.324848428702098,0.386601758271475
1283,0.441509838136644,0.427104458127722,0.426357063656566,0.398591987747179,0.411795457341796,0.324628912483503,0.386437084301401
1284,0.441420828767454,0.427038480007978,0.426287761352541,0.398468252704901,0.411764166837319,0.324417335955606,0.386265389016867
1285,0.441238878511939,0.426890409575587,0.426216000266103,0.398350252524701,0.411740413225852,0.324244891115245,0.386107558077091
1286,0.441056246321713,0.426722878108511,0.426117703390628,0.398195788374565,0.411697520985228,0.324062618330835,0.385942713755854
1287,0.440879349764549,0.426544383153537,0.425993093349042,0.39802421697936,0.411622988366681,0.323830876618796,0.385767989338623
1288,0.440680670856247,0.426325367064908,0.425811444504235,0.397829207088584,0.411486993910198,0.323595701098593,0.385615718942734
1289,0.440475751463679,0.426121793856895,0.425652063146794,0.397599566190634,0.411372845081885,0.32331294870978,0.385420267534507
1290,0.440303356425726,0.425937769760966,0.425503136708502,0.397334680700366,0.411272258010591,0.322965164101909,0.385198602274491
1291,0.440056715937979,0.425699359167235,0.425330716809138,0.397082816672127,0.411148727605954,0.322618320921611,0.384944450683398
1292,0.439772095909782,0.425453401059504,0.425148529825585,0.396794739833173,0.410991877730666,0.322245856100709,0.384668774410929
1293,0.439470364926613,0.425169487498355,0.424926521831739,0.396511398890075,0.410829214001238,0.321882146818585,0.384371223481335
1294,0.439121543864705,0.424822043680923,0.424672592597385,0.396256412895055,0.410667826781025,0.321502658941817,0.384025230014277
1295,0.438769676163486,0.424487728725318,0.42440942566325,0.395947177216692,0.4104739094244,0.321114849521577,0.383695459551499
1296,0.438422602162352,0.424148092749335,0.424114423197933,0.395615755278,0.410269010915986,0.32074179128509,0.383370631736507
1297,0.43801117370001,0.423770183515201,0.423821427771459,0.395247274469009,0.410035684136801,0.320325494824196,0.383011517401165
1298,0.437542867172108,0.423395486171665,0.423526591006014,0.394829790772988,0.409768859626619,0.319890464398087,0.382634016538674
1299,0.437076806349584,0.422959713969028,0.423207600676981,0.39441260255905,0.409493243033639,0.319419893669917,0.382236390787575
1300,0.436588728381599,0.422464864792294,0.422891360286023,0.39399696309541,0.409191247009697,0.318912351510658,0.381818415941316
1301,0.436060079540815,0.421967742220672,0.422528208317356,0.393520939457118,0.408881777453308,0.318388015953515,0.381379952606028
1302,0.435500380446543,0.421437795815297,0.422131004690116,0.39301310874102,0.408580733913673,0.317832674875041,0.380932796599782
1303,0.434949658718523,0.420870451086343,0.421722195271663,0.392476602515146,0.408227801760861,0.317250889044497,0.380450440567795
1304,0.434354455909889,0.420318120830589,0.4212603999365,0.391896635783587,0.407836907010983,0.316663895300304,0.379916240855269
1305,0.433706490208489,0.419756925164027,0.420750384472569,0.391273969186272,0.407435988238118,0.316073619166423,0.379359865626964
1306,0.433033725093367,0.419162357365787,0.42023826794035,0.390676983666654,0.40700423800788,0.315458231481934,0.378808587938419
1307,0.432333422746695,0.418492467905578,0.4197229941904,0.390067254218919,0.406560095929852,0.314815491014344,0.378217459189108
1308,0.431619203956105,0.417786623597051,0.419207480169531,0.389404020084806,0.406125955622088,0.314109330452603,0.377594917299331
1309,0.430880563008823,0.41704812491908,0.418642745489326,0.388678276688949,0.405624408821773,0.313346452530543,0.376953787902904
1310,0.430119064294229,0.416256258366573,0.418035607422863,0.38788342152961,0.405068467451934,0.312579011461941,0.376285618507736
1311,0.429307653817127,0.415463018047765,0.417412627960801,0.387069880054333,0.404500792745582,0.311778485946037,0.37559370650122
1312,0.428434164083103,0.414626538103472,0.416752892879145,0.386242293165808,0.403901242410894,0.310972785494108,0.374862458763942
1313,0.427468269520895,0.413748137123671,0.416050088801365,0.3853978056425,0.403256652701326,0.310192073938839,0.374125522545908
1314,0.426519422627901,0.412854937960794,0.415330162228701,0.384510381354763,0.402607807681411,0.309328724021119,0.373339219828443
1315,0.425550272621503,0.411950981757827,0.414600739571856,0.383608585502391,0.401952899343158,0.308410039855231,0.372482725996212
1316,0.424539577183544,0.410989135175877,0.413803389331438,0.382656165117065,0.401251801587874,0.307480830788785,0.371645608282718
1317,0.423501544635639,0.409985709949982,0.41293164462449,0.381636377216706,0.400519117358335,0.306498345428569,0.370820807527792
1318,0.422428430938326,0.408966628044434,0.41210411969788,0.380612772827409,0.399761916600426,0.305523646616446,0.369924867801795
1319,0.421309976207368,0.40789748010703,0.411281240172377,0.379580820365073,0.398973210093732,0.304558923307997,0.368978975125164
1320,0.420188036084051,0.406823831091434,0.410406539323532,0.378513815111918,0.398166636693602,0.303545398463738,0.368038137500528
1321,0.419065404401627,0.405766854502108,0.409549439890757,0.377417344493409,0.39732917378768,0.302519242461469,0.367077860934561
1322,0.417885005390615,0.404643844349916,0.408622456384116,0.376310259128163,0.396479809330512,0.301437994797709,0.366084876167241
1323,0.416660199338797,0.40345596907965,0.407606560677236,0.375191051533393,0.39562394869959,0.300281160596636,0.365104308369395
1324,0.415420536125206,0.402283402864975,0.406596254520571,0.374011799954142,0.394731410639307,0.299156285210978,0.364051872728145
1325,0.414160563842338,0.40109827875632,0.40556230181054,0.37279240894048,0.393802659581259,0.298017581856944,0.362896889097344
1326,0.412861136811024,0.399880462841742,0.404526492042943,0.371570875783839,0.392884583256346,0.296869821623834,0.361782855903845
1327,0.41153043259074,0.398645920659099,0.403483123658211,0.370318669006487,0.391966707947567,0.295732016676159,0.360657103825084
1328,0.410187502890574,0.397414911823671,0.402413327512138,0.369031402621244,0.391001139652316,0.294594066337517,0.359547144832308
1329,0.408830703920426,0.396150298842151,0.401330396986989,0.367770300486801,0.390037409630309,0.293390456673424,0.358388857181255
1330,0.407417277815516,0.394857656241393,0.400257687771863,0.366502976579596,0.38903822248405,0.292183836738418,0.357232085567709
1331,0.405998809231861,0.393560230275181,0.399150337518771,0.36517398947327,0.388021804399793,0.290981019952419,0.356083487029311
1332,0.404593379997827,0.392223412150149,0.398015483903624,0.363853888298007,0.387015877032891,0.289744299685007,0.354885678021859
1333,0.403174246153205,0.390875607564194,0.396894094230872,0.362560344546478,0.386000310330713,0.288534469339939,0.353660303780465
1334,0.401742583887794,0.389533245711411,0.395718816498968,0.361233038851808,0.384975259004136,0.287282836645629,0.35244712364031
1335,0.400317547326442,0.38820285125499,0.394519291708823,0.359913638645682,0.383923967775856,0.286017376907474,0.351226400367564
1336,0.398892467730481,0.386893553002973,0.393355625294031,0.358624082377112,0.382848846554858,0.284802133758286,0.34998374400754
1337,0.39742869065891,0.385558977968545,0.392169445222356,0.357296319332418,0.381753645752694,0.283553626606827,0.348783628842211
1338,0.395977820433687,0.384220763655689,0.391010748525652,0.355954152017694,0.380704882173142,0.282303618417011,0.34761386398481
1339,0.394559739500244,0.382899342249086,0.389862204849325,0.354646896758893,0.37967631734762,0.281094380420843,0.346432299996815
1340,0.393160309960667,0.38157295878415,0.388740386686364,0.353351129197392,0.378679023961309,0.279903853290435,0.345237641663692
1341,0.391769140137814,0.380270835309601,0.387591109459396,0.352075047652178,0.377641662135049,0.278718386481742,0.344051600030175
1342,0.390410292259458,0.379002167747191,0.386433209444897,0.350836999971679,0.376604776362688,0.277569421135045,0.342871073725349
1343,0.389047070280515,0.37771624339801,0.385301527457899,0.349581784007421,0.37559707545197,0.27641620333476,0.341710780592927
1344,0.387681434380549,0.376422691947783,0.384164364120243,0.348313768674318,0.374572032608337,0.275242347349415,0.340538822072729
1345,0.38633720385444,0.375153713879227,0.383049708195344,0.347093711792511,0.373583892360297,0.274116663235396,0.33940143953585
1346,0.385004489088464,0.373884980172631,0.381979777477258,0.345885521271694,0.372653851188938,0.273040556842499,0.338322853719234
1347,0.383687945959607,0.372637781878757,0.380881473932326,0.344695545348224,0.371692064812677,0.271928988618859,0.337212311146324
1348,0.382393200725201,0.371418445599638,0.37976207664297,0.343572452780061,0.370721367100188,0.270822222355776,0.336095078012534
1349,0.381099322388729,0.370203719721801,0.37867480551903,0.342401742704865,0.369753582377196,0.269723949789508,0.33498740043099
1350,0.379828469172938,0.369012227219959,0.377598910469173,0.341208114752548,0.368777060790493,0.26860626466995,0.333881275215282
1351,0.378554511550005,0.367815630129818,0.376519134478557,0.340030577446934,0.36782798001097,0.267519089524272,0.332764760542154
1352,0.377268931980096,0.366626702883238,0.375468153738225,0.338857232361757,0.366898162174706,0.266480785449256,0.331652268981467
1353,0.376005813515657,0.365433732360204,0.374406093366029,0.337671302330258,0.365949972818055,0.265409206660687,0.330542269707043
1354,0.374782318781053,0.364263562391833,0.373352298658106,0.336487181140854,0.365002653270698,0.264337658712313,0.329412871981652
1355,0.373507888753671,0.363036456941932,0.372256184606439,0.335292291687519,0.3640855214329,0.263239015953621,0.328309345952837
1356,0.372224053393321,0.361803064235594,0.371168810798084,0.334109690358753,0.363132372318728,0.262133564223443,0.327240343379041
1357,0.370968430246761,0.360565951250156,0.370060949590497,0.332930561610151,0.362154387057198,0.26103224713087,0.326140097506262
1358,0.369686418962564,0.35932639555277,0.368908088066522,0.331760274069379,0.361185784138459,0.259911626989804,0.325040014061728
1359,0.368352812909728,0.358073896201447,0.367780449820937,0.330570981977398,0.360193506540657,0.25877222726791,0.323897736216034
1360,0.366990045385706,0.356781758858085,0.36663395476766,0.329325910041204,0.359173058393268,0.257601401512183,0.322683741846737
1361,0.365610808355584,0.355480817371793,0.365431131585979,0.32801394854509,0.35814699042921,0.256402709069704,0.321467036465263
1362,0.364170063771897,0.354108965612859,0.36419895024083,0.326662660333739,0.357082752341116,0.255189699941749,0.320208380631108
1363,0.362686914942203,0.352692161765791,0.36291241536834,0.325291710138188,0.355945216374368,0.253929097104082,0.318906761018393
1364,0.361170338270017,0.351252951788399,0.361533343292268,0.323843924581993,0.354711657441841,0.252624615528794,0.317582834732271
1365,0.359542563540784,0.34973429790118,0.360092839877238,0.32234109300542,0.353406984296167,0.251248162326171,0.3161679321042
1366,0.357822323640166,0.348134234950108,0.358592972043788,0.320749630763089,0.352070645090042,0.24977020714376,0.314676341349315
1367,0.356047134621579,0.346509922795633,0.35705670292449,0.319105297676986,0.350704564373571,0.248219772432646,0.31315034541941
1368,0.354105561299253,0.344707015611097,0.355376170502495,0.31732516567694,0.349214228994587,0.246563036432236,0.311476783110822
1369,0.3520669472168,0.3427936605501,0.353657664569565,0.315481397618778,0.34771559283455,0.244842867393971,0.309732050436099
1370,0.349872954520467,0.340771326039181,0.351735263351589,0.31346501740708,0.346000959146997,0.242965100302424,0.307814127654734
1371,0.347558081755063,0.338662847849851,0.349687679699014,0.31135304537934,0.344151645886967,0.240995603169202,0.305761779014551
1372,0.34504450241287,0.336339408838023,0.347454890054058,0.309034991754516,0.34214945437064,0.238852916327352,0.303573298541432
1373,0.342408970746955,0.333932234773702,0.345074554580793,0.306569900662206,0.340009476720593,0.23656176635613,0.301279127723756
1374,0.339565470013013,0.33126916990956,0.342516693560385,0.303920077930878,0.337709622268207,0.234133942075059,0.298789114061925
1375,0.336564966841812,0.328389991302232,0.339842527364074,0.301122343096198,0.335302399015874,0.231617852385274,0.296186732214844
1376,0.333311223772696,0.325324390446968,0.336890700392605,0.298094755639068,0.332658234121292,0.228862502751651,0.29335672121852
1377,0.329890129253649,0.322076175987387,0.333743619692258,0.294899383344348,0.329845514628905,0.225904316694384,0.290321388624176
1378,0.326181096964637,0.318607984349496,0.330357904878899,0.291466343782891,0.326817610712605,0.222824432094787,0.287103814087851
1379,0.322199745186375,0.314965124693764,0.326728783396328,0.287795506240452,0.323581152042032,0.219572178172451,0.283738079809776
1380,0.31802898304242,0.311068554803448,0.322887057080602,0.283941939568556,0.320148110800659,0.216149615272658,0.280115808926022
1381,0.313626089268202,0.306930715543871,0.31885124965402,0.279890691480082,0.31653257616321,0.212604895628283,0.276251187947823
1382,0.309020673007442,0.302623094887241,0.314590785591185,0.275650732677116,0.312708536526081,0.208889188353859,0.272247587749217
1383,0.304245453226993,0.298128197935334,0.310130246960182,0.271242892678115,0.3086966546047,0.204998266442233,0.268054779028595
1384,0.29920152055517,0.293387629948567,0.305394500469207,0.266609446152079,0.304471295995766,0.200921615361142,0.263669961564671
1385,0.293909205405545,0.288452585591941,0.300465273824726,0.261756473477359,0.300026871472945,0.196722056510595,0.259135803194503
1386,0.288519828132785,0.283409214564193,0.295378617906205,0.256777481079521,0.295437925268021,0.192482477406186,0.254486104866698
1387,0.282973285097926,0.27823683794936,0.290137310469661,0.251670257097161,0.290704808222959,0.1881704120973,0.249697043115147
1388,0.277274961576352,0.272930005586388,0.284777479002317,0.246453515153616,0.285833697844138,0.183793358126128,0.244792976447019
1389,0.271495068681073,0.267559858914759,0.27928668504724,0.241176527356797,0.280845442677899,0.179395085318062,0.23982282494868
1390,0.265594203137755,0.262113487158765,0.273661985679347,0.235774941232028,0.275732285038027,0.174945496646433,0.234751869564525
1391,0.259664448080245,0.256584624182571,0.267966268723669,0.230352872781709,0.270576604991503,0.17048766366002,0.229644684713939
1392,0.253755050825765,0.25102927372552,0.262213312974679,0.224979674957258,0.265412883486123,0.166056653790408,0.224523196613013
1393,0.247835744669219,0.245495572371212,0.256440171678563,0.219573849309301,0.260230608591957,0.161663730606258,0.219379990418701
1394,0.241990074598548,0.240006322647516,0.250737168881301,0.214251169030304,0.255089506505413,0.157391526427678,0.214340592644625
1395,0.236186537051124,0.234577380112064,0.245105176685396,0.209013376496142,0.249996231272111,0.153206268894045,0.209374289390693
1396,0.230402089149355,0.22923288725217,0.239484816134566,0.203773701253997,0.244891216148524,0.149084138401654,0.204428218716994
1397,0.224773473018642,0.224002887993246,0.233945480992901,0.198687654031885,0.239853700809126,0.14509225637919,0.199600894350532
1398,0.219286743285823,0.218861008143912,0.228536228371072,0.193769513776467,0.234954264001189,0.141237056655809,0.194882416243026
1399,0.213984197957783,0.21391098514991,0.223305224269048,0.189015199597059,0.230202146839304,0.137560236779721,0.190319460475559
1400,0.208822245052987,0.209089980312181,0.218182679379885,0.184389085085172,0.225546676384278,0.13403051627574,0.185840215083499
1401,0.203853055169371,0.204440054669349,0.213238037942086,0.179946355633444,0.221036066771285,0.130638894671125,0.181570835696068
1402,0.199045685314219,0.199935270442335,0.208450914146494,0.175664376887187,0.216658446168807,0.127408473258421,0.177468410856947
1403,0.194450909169263,0.195639119327042,0.20386044424578,0.171574948921138,0.212459795824465,0.124327920761535,0.173533229084501
1404,0.190026193639379,0.191491640706261,0.199407922259704,0.167631628147908,0.208362092012783,0.121352139473915,0.169742048881324
1405,0.185808362310964,0.187550312269309,0.19515553533914,0.163897748441344,0.204476741823308,0.118574626272822,0.166145444420639
1406,0.181796529115723,0.183820105504729,0.191100976302105,0.160379919902066,0.20079365559555,0.115989159681874,0.162733801284519
1407,0.177971209577209,0.180260409167793,0.187259152004729,0.157010828861798,0.197274628387543,0.113532217008515,0.159477020237957
1408,0.174333188806577,0.176883912777502,0.183585362142224,0.153822474430807,0.19392226715275,0.111242105926365,0.156399963201199
1409,0.170875941090921,0.173651789542093,0.180107306933002,0.15077765856074,0.190729283201589,0.109061685246784,0.153458194254985
1410,0.167607987636081,0.170588886126396,0.176864071752081,0.14787778068785,0.187700414648572,0.107015619591271,0.150669149696967
1411,0.164529352597738,0.167702043438895,0.173769424777314,0.14516276721609,0.184852323317811,0.105101429503127,0.148037301874244
1412,0.161655199392444,0.164984244015399,0.170838239829651,0.142624144020061,0.182171344612183,0.103321888217312,0.145548319792561
1413,0.158908242432814,0.162399019770246,0.16807572513476,0.140213286039264,0.179638590107516,0.101640716745478,0.143213685621468
1414,0.156320210961821,0.159979016176897,0.165487351898735,0.137974288097732,0.177300594021162,0.100096836623238,0.141052230497813
1415,0.153899715449729,0.157698211313374,0.163056782677315,0.135858521648246,0.175069597427551,0.0986299244524469,0.138991035089287
1416,0.151635965539979,0.15555722130792,0.160793154642901,0.133880685503683,0.172964197432931,0.0972402393182897,0.137052607781379
1417,0.149509549059198,0.153544391325893,0.158678679017047,0.132010639455006,0.17099692885052,0.0959744548688554,0.13526948768886
1418,0.147523723967183,0.151654323142872,0.156658790334809,0.130244531864972,0.169138438934751,0.0948113985086005,0.133576861361349
1419,0.14566808164034,0.149875393032635,0.154789890648976,0.128591066771049,0.16740713060252,0.093730829275068,0.131976955722878
1420,0.143880929216442,0.148185316492253,0.153046863345859,0.127064714114227,0.165808980731102,0.0927200679735485,0.13047412717411
1421,0.142174238028464,0.146564975901718,0.151373745954509,0.125611851243378,0.164266756770065,0.0917637756705895,0.12904604321162
1422,0.14059782175326,0.145056629982429,0.14983919842342,0.124230599112163,0.162816092675714,0.0908522527613672,0.127702359762387
1423,0.139117121636144,0.143670501737246,0.148401503489285,0.122943695316094,0.161480853285992,0.0899904630226919,0.126442103462308
1424,0.13771693013149,0.142361487713256,0.147008650241051,0.121720065144544,0.16020460242239,0.0892061649876171,0.125270805296077
1425,0.136414306035914,0.141126667741431,0.145694647545561,0.120567982439781,0.159009249023503,0.0884659364230751,0.124169875662837
1426,0.135178873545962,0.139963910859646,0.144460976746322,0.119515879255133,0.157889517008262,0.0877549198347735,0.123113952759008
1427,0.134015917140613,0.13885455910966,0.14331778118615,0.118530121520326,0.156820062324982,0.0871080678761759,0.122133879050189
1428,0.132945138017261,0.137806892039339,0.142239491341413,0.117567013375886,0.155825511804927,0.0865079441543646,0.12122438126075
1429,0.131933797308806,0.136825104468803,0.141221965995884,0.116643752517812,0.154901738389465,0.0859351138010128,0.120351639138556
1430,0.130996195006248,0.135904502159457,0.140295097853106,0.115800627235209,0.154035265777189,0.0854206057625657,0.119542366527072
1431,0.130116433366106,0.13504802681172,0.139418454119615,0.115025401909522,0.153229409173055,0.0849395894635879,0.118806472219794
1432,0.129283093738836,0.134252691148799,0.138602962699915,0.114315588321337,0.152476269037615,0.084457920464499,0.118120679853619
1433,0.128522204139127,0.133516759061345,0.137852415277632,0.113669022954265,0.151769826581597,0.0840130867455966,0.11747621679889
1434,0.127809215069429,0.132819184139641,0.137148262250446,0.113049258480688,0.151118680580286,0.0836042617096593,0.116866717303466
1435,0.127155744238732,0.132168681461094,0.136492571275186,0.112472460156949,0.150536507009421,0.0832213973744456,0.116304827439954
1436,0.126552350510861,0.131578153536364,0.135899979170888,0.111943863942947,0.149991483295057,0.0828711542273728,0.115783821565319
1437,0.125997841441126,0.131036226944858,0.135369303361841,0.111456618970519,0.149486869968617,0.0825635751892506,0.115285249177968
1438,0.125489293356375,0.130537953138409,0.13486878353121,0.111003961950438,0.149019384324046,0.0822748826781834,0.114849055109453
1439,0.125037696208937,0.130113979211615,0.13440941969686,0.110602297738318,0.148603373875911,0.0820048172390295,0.114483333601408
1440,0.124614392020321,0.129701647493994,0.134003918012368,0.110230209587496,0.148225550899623,0.0817701509916659,0.114129458963469
1441,0.124238673433286,0.129304741299673,0.133656182822333,0.109881055613943,0.147881176399834,0.0815798911319181,0.113809145308171
1442,0.123891285294614,0.12896122950457,0.133334538866703,0.109576554466438,0.147580139988789,0.0813816356992336,0.113521342873828
1443,0.123570006314432,0.128661039182329,0.133060811231057,0.109328115222173,0.147325897568216,0.0812008504451097,0.11326680321177
1444,0.12330125197264,0.128391763504714,0.132814199281139,0.10909041008255,0.147097081075024,0.0810429121177979,0.113039431259504
1445,0.1230761326801,0.128175524592001,0.132588998508384,0.108868685210975,0.146910035754448,0.0808841668237793,0.112844115795454
1446,0.122878332728319,0.127968991536486,0.132394158448168,0.108692612197883,0.146743774350927,0.0807619101097306,0.112667409817363
1447,0.122735365368974,0.127774306569133,0.132257942314237,0.108559719855434,0.14661280206779,0.0806737829144862,0.112512333466807
1448,0.122594101129957,0.127625312571093,0.132117099109271,0.108428505282422,0.146493626456148,0.0805945925219572,0.112390749462538
1449,0.122474321651246,0.127514253025547,0.13197663788828,0.10833253374658,0.146389135821535,0.0805418709068257,0.112307369139779
1450,0.122373963275567,0.127416834151241,0.131880607447118,0.108250313360269,0.146312649786306,0.0804954392193292,0.112231436757945
1451,0.12227487381769,0.127356775980482,0.131788231367425,0.108162403436715,0.146248738187412,0.0804598240421267,0.112171621875814
1452,0.12222449979397,0.127318373952928,0.13175682834339,0.108116700135306,0.146230934244456,0.0804413438717754,0.112144420162012
1453,0.122204355222519,0.127284720326823,0.131785464876882,0.108101228263436,0.14626177907571,0.080433652372632,0.112129487842083
1454,0.122209334410426,0.127285955001377,0.131823217917458,0.108113041532761,0.146294308579182,0.0804414983243673,0.112140046836323
1455,0.12224478738192,0.127323920481472,0.131893182750514,0.108161937219616,0.14634391833944,0.0804665190088058,0.112192390579864
1456,0.122324674514404,0.127380151982001,0.131999757868441,0.108218052733675,0.146426742436335,0.0805047069826664,0.112257772557691
1457,0.122424041742261,0.127447290937716,0.132094553257681,0.10828389030367,0.146543358389994,0.0805575803561518,0.112313574963082
1458,0.122565781216316,0.127569984527834,0.132246192422489,0.1083837790994,0.146669358584152,0.0806334554334223,0.112420445098953
1459,0.122733602579456,0.127748492542403,0.132455085900612,0.108509530386485,0.146840874565429,0.0807357291694104,0.112571870636275
1460,0.122921369385088,0.127933564183049,0.132667019922174,0.108666871288711,0.147073493622607,0.0808641448414354,0.112752642964585
1461,0.123142844056495,0.128149563320587,0.132924237925355,0.108889581194783,0.1473338782181,0.0810209191201234,0.112961293072472
1462,0.12340675195933,0.128409604315514,0.133236761013559,0.109155370291809,0.147626644063383,0.081205606592766,0.113209083963298
1463,0.123731052760298,0.128672911528064,0.133580356842623,0.109445403996765,0.147987914949655,0.081428727909561,0.113491504740552
1464,0.124097321617282,0.128991675404344,0.133990959883786,0.109774573951071,0.148374155214233,0.0816913448466844,0.113818456547429
1465,0.124499490564906,0.12937951565589,0.134468032711343,0.110137531107267,0.148774166342321,0.0819672532855914,0.114197406304037
1466,0.124949940695249,0.129798963389406,0.134967283350619,0.110531263968293,0.149237845920002,0.0822601967213041,0.114600874716222
1467,0.125433010429463,0.130261990390068,0.135505263838819,0.110970813541261,0.149729074728825,0.0825801729711819,0.115037716127609
1468,0.12595002839793,0.130762421273528,0.136084396156762,0.111466791063438,0.150265903707283,0.0829222104034613,0.115491101940439
1469,0.126504061087381,0.131287407934942,0.136684081932602,0.111973509904316,0.150860348376554,0.0832999705946901,0.115967612742085
1470,0.127083384466651,0.131856407149265,0.137347836888624,0.112496317923928,0.151468224961896,0.0837161787748167,0.11650412851348
1471,0.127708297463242,0.132479675011178,0.138065466630352,0.113066146810076,0.152124575667778,0.0841467768549588,0.117068149157756
1472,0.128381998071571,0.133124292672663,0.138803849977007,0.113642427105461,0.152818078367424,0.0845840079648236,0.11764215583263
1473,0.129087038674765,0.133796026734638,0.139601515378052,0.114251936540355,0.153529589596508,0.0850396432174061,0.118250545928008
1474,0.129831042278029,0.134521436184589,0.140434238910611,0.114929422707341,0.154304497555026,0.0855314487786671,0.11890213155173
1475,0.130624231587902,0.135256647661362,0.141272185808754,0.115628694401306,0.155109285343356,0.086053138638259,0.119576906242753
1476,0.131452203456048,0.136012268829334,0.142161345877822,0.116350719220444,0.155927853840084,0.0865936810969835,0.120295561564464
1477,0.132291829245794,0.13679852598944,0.143078485224395,0.117097602925902,0.156783260924615,0.0871509619547093,0.121039840822733
1478,0.133171571920597,0.137608407967914,0.144025639767251,0.117883582554205,0.157679013636693,0.0877448881776265,0.121820720089774
1479,0.134065430603889,0.13845338004708,0.145000440904327,0.118678265344492,0.158584962016381,0.0883220128188403,0.122607759708863
1480,0.134965136108294,0.139340034612977,0.146022458222312,0.119486354190105,0.159515967836585,0.0888866125168423,0.123418471422717
1481,0.135893934774231,0.140229157351181,0.147034781844784,0.120323616210501,0.160471306876201,0.0895040308156714,0.124252611157447
1482,0.136859143755129,0.141148061834751,0.148056369168385,0.121193834050117,0.161450982540898,0.0901378888658771,0.12511520148008
1483,0.137831418813485,0.14207181011632,0.149111890587538,0.122066036051027,0.162438112684542,0.0907951972858252,0.125984894909424
1484,0.138812052702076,0.14299541963156,0.150185156589204,0.12294981237778,0.163449139735616,0.0915095124829521,0.126878602899065
1485,0.139826317566842,0.143944526502663,0.15128133106402,0.123855665017071,0.16446548146772,0.0921962105952681,0.127771874085653
1486,0.14086953717908,0.144918092669771,0.152404864463314,0.124766820342759,0.165484926159384,0.0928694449673619,0.128657081207068
1487,0.141924280331274,0.145906925134395,0.153545440369003,0.125717927694147,0.166531261183982,0.0935749671154797,0.1295759565408
1488,0.143009892693488,0.14691435896809,0.154708697284435,0.126715773242494,0.167597900837079,0.0942991971945491,0.130521742652653
1489,0.144090857004848,0.147935390286312,0.155875171989057,0.127698374064018,0.16868246951672,0.0950131532624831,0.131469595523082
1490,0.145167981455951,0.148969622625505,0.157075575492247,0.128702627021601,0.169793642445701,0.0957378919923482,0.132437457788761
1491,0.146284700749248,0.150023581548663,0.158261681971939,0.129707045187734,0.170908175114231,0.0964807942587187,0.133415115504752
1492,0.147432931387338,0.151103447079485,0.159432963190913,0.13069938313805,0.172039424158812,0.0972166693231761,0.134399475684305
1493,0.148571250336284,0.152178632187449,0.160630879431784,0.131716566259835,0.173169637963381,0.0979757041905443,0.135391852613271
1494,0.149727605001848,0.153257565102885,0.161829647879002,0.13274962888096,0.174299735548963,0.0987721094165171,0.136396003900732
1495,0.150897760301743,0.154364788775542,0.163061007940057,0.133789266140327,0.175441271500943,0.0995509477038339,0.137410470948906
1496,0.152062648315463,0.155499789219297,0.16433028839097,0.134846796985258,0.176590142809763,0.100316090232361,0.138435995098506
1497,0.153237189090747,0.156608757925757,0.165586125695965,0.135904963933594,0.177756545119796,0.101110132598963,0.13946891319476
1498,0.154435265317721,0.157731778310533,0.166847893936242,0.136968631046156,0.178946024503614,0.10192616829345,0.140517611050844
1499,0.1556343727273,0.158848514855188,0.168124467390899,0.138044878191672,0.18013226114326,0.102733612385876,0.141565998692895
1500,0.156844864092929,0.159922616426039,0.169411630595227,0.139129785446359,0.181341076414776,0.103552984563694,0.142611524368225
1501,0.158046726216894,0.161035729793087,0.170697496358541,0.140218585869408,0.182518742081657,0.104376994172127,0.143668959273524
1502,0.159240438752936,0.162168871002438,0.171995588913218,0.141324630014654,0.183657237907003,0.10518338233337,0.144735940209118
1503,0.160462002092799,0.163325878877177,0.173297239743883,0.142424071142637,0.184834656588115,0.106018368650733,0.145810014515312
1504,0.161685851177279,0.164522526228748,0.174591868417346,0.143519104656545,0.186019809615557,0.1068867018062,0.146905973137575
1505,0.162915424911532,0.165701172001413,0.175898440414466,0.144617614475699,0.187213741496289,0.107740800346289,0.147983512532776
1506,0.164188048995766,0.166887976521476,0.177231981877099,0.145709794711751,0.188447072111086,0.108604356286224,0.149050802664709
1507,0.165435441148801,0.168073627911926,0.17854795047794,0.146819595651202,0.189661791876977,0.109464726039167,0.150136479015346
1508,0.166675794188278,0.169255073582625,0.179869604866761,0.147935965257494,0.190870550079829,0.110323576791186,0.151228020543753
1509,0.167888878539358,0.170427116810631,0.181161228595195,0.149068804193788,0.192067740410618,0.111172156204053,0.152305335076445
1510,0.169106361707417,0.171598153071102,0.182430063520917,0.150215368495013,0.19326592046381,0.112022611270157,0.153407032856698
1511,0.170340477703901,0.172790679956143,0.183736933492829,0.151346376448979,0.194458474540448,0.112878816960616,0.154498113234666
1512,0.171576574236766,0.173950348154718,0.185057696896385,0.152484915755047,0.195651532572977,0.113752097259327,0.155594841163906
1513,0.172829949744251,0.175089430739602,0.186376959333071,0.153626261709685,0.196853071005536,0.114646428197314,0.156702586777642
1514,0.174097812638596,0.176264723704192,0.187704364799592,0.15475142792863,0.198064584765272,0.115536046162527,0.157808238078877
1515,0.175352951230197,0.177436237818079,0.189016203407841,0.155902987357347,0.199276716957743,0.116418527065961,0.158905125327236
1516,0.176596813081932,0.178611098384348,0.190303449482099,0.157064096456873,0.200487994970706,0.117294378888164,0.159967325690401
1517,0.17782806496128,0.179815796659327,0.19156363074863,0.158189911814376,0.201687132748174,0.118173563007166,0.161021509963105
1518,0.179045394313765,0.180985543439231,0.19281585252418,0.159309225043667,0.202870510880888,0.11904849823746,0.162088402499181
1519,0.180283542301366,0.182140618742562,0.194097413841679,0.160442229961611,0.204064458224652,0.119921499189839,0.163167291406486
1520,0.181517149504412,0.183305260097797,0.195386403656379,0.161556675444361,0.205238967433582,0.120827854105476,0.16425739848295
1521,0.182744390868331,0.184438706524803,0.196679761627311,0.162665832927643,0.206396235590686,0.121713551509894,0.165342247058223
1522,0.183984185209089,0.18558140999548,0.197983465086057,0.1637880184549,0.207570747734897,0.122596860592971,0.1663985732249
1523,0.185196230303737,0.186738419050303,0.199237354528391,0.164870527676104,0.208712739838225,0.123519180843015,0.167439402609838
1524,0.186410064972159,0.187882701716071,0.200469773104962,0.165936868205249,0.209859499429574,0.124405006306233,0.168501610874011
1525,0.187635141763735,0.189038134865131,0.201719601488858,0.167028780476224,0.211021544992984,0.125256753746447,0.169575868643239
1526,0.188829628851806,0.190181623203578,0.202944378523674,0.168114808464728,0.212126969226035,0.126125388301136,0.170636340204256
1527,0.189986387319375,0.191298075354133,0.204177119738052,0.169206311007969,0.213237639211728,0.126990276202932,0.171689070666921
1528,0.19113965698112,0.192402115853949,0.205407269254078,0.170299453231961,0.214368446708044,0.127843491178211,0.172735419597261
1529,0.192304474697621,0.193506368245227,0.206599523812849,0.171379214129473,0.215470308313171,0.128722147503289,0.17376177518443
1530,0.193464767264574,0.194629470404792,0.20780587746161,0.172457015376728,0.216571148177911,0.129596676185671,0.174793422764137
1531,0.194641736375994,0.195749126049026,0.209019071894176,0.173533466623321,0.217677872047465,0.130438512012191,0.175833064201474
1532,0.19581534294982,0.196867570099061,0.210223225705383,0.174607273453066,0.218763015658046,0.131297037369705,0.176849649233945
1533,0.196954256972732,0.197966357383971,0.211425939254292,0.17566848481982,0.219821928179591,0.132176315613229,0.177853193094289
1534,0.198095688309551,0.199016743113562,0.212611747828093,0.176728664498696,0.22088110784682,0.133041519276594,0.178865339888698
1535,0.199240265140439,0.200081616294549,0.213782102739381,0.177779238036754,0.22194592779262,0.13391056015749,0.179879778442019
1536,0.200365630103174,0.201164396358688,0.214943072068542,0.17881924076508,0.222990005564595,0.134768331822788,0.1808688926692
1537,0.201500739733466,0.202232033149604,0.216089780123061,0.179863626638789,0.224034519415539,0.135596214276821,0.181849570885293
1538,0.20261404127508,0.203293986962516,0.217230578801625,0.180885791264913,0.225083131028027,0.136445647475283,0.182821115129048
1539,0.203712757993775,0.20437712336569,0.218361131728977,0.18188573365906,0.226130936456678,0.137299682780157,0.183763370911507
1540,0.204811258556542,0.205418405609907,0.219500483419947,0.18290227942042,0.227182904756033,0.138148196900707,0.184729867825522
1541,0.205898616972738,0.206420650321357,0.220643206657547,0.183915828668087,0.228254508034391,0.139013058457525,0.185707300953351
1542,0.206978941812565,0.207435897026442,0.221764527331094,0.184919720731258,0.229287650300854,0.139848053233375,0.186671782692151
1543,0.208061574236921,0.208439103377666,0.222880078236495,0.185931375900969,0.230311594396469,0.140655210489399,0.187647049530194
1544,0.209138068619665,0.209452756316967,0.223991794254762,0.186928744005328,0.231319065886581,0.1414843891376,0.188599643572951
1545,0.210201736927657,0.210477419663155,0.225094573744774,0.187903982297822,0.232291143378733,0.142316486923309,0.189531651323807
1546,0.211262200779685,0.211481218132487,0.226174061080354,0.188888835088216,0.233272223675822,0.143130751209077,0.190465260690601
1547,0.21231709177833,0.212470008772009,0.227246582757003,0.189880154381502,0.234264703184219,0.143944833564284,0.191392584373203
1548,0.213373590314166,0.213473874028888,0.228316946125174,0.19086126984053,0.235222056968889,0.14475675481336,0.192313804825313
1549,0.214432589306792,0.214476982510777,0.229356025843329,0.19184355940911,0.23614149125195,0.145555326804056,0.193236986566813
1550,0.21547283761435,0.215473510857538,0.230404126062357,0.192807625536334,0.237099295042197,0.146356861067502,0.19414508362693
1551,0.216507510938482,0.216492633656344,0.231477023803859,0.193755056717259,0.238065810042001,0.147171575874203,0.195037499685248
1552,0.21753897155194,0.217476472849444,0.232509075059313,0.194708418260023,0.239009326788271,0.147967279261869,0.195925896732463
1553,0.218555201626132,0.218431988914281,0.233506088023474,0.19566625051533,0.239973499286416,0.148738163192387,0.196798156385575
1554,0.219562253401601,0.219380719003053,0.234520017491691,0.19659350901415,0.240900894645865,0.149516492557639,0.197681310542229
1555,0.220571232396516,0.220317646386045,0.235535289390437,0.197505009215041,0.2417779944302,0.150303971722186,0.198576980480012
1556,0.2215700310217,0.221246176297355,0.236530979518247,0.198413091242696,0.24268084995571,0.151071940180134,0.199444367209959
1557,0.222560557856867,0.22215748353222,0.237519095320424,0.199299811194107,0.243592218706203,0.151821634407412,0.200302445142259
1558,0.223524260027305,0.223067224906555,0.238510379074738,0.200182519521603,0.244497569393878,0.152594642629857,0.201155091402965
1559,0.224467898065976,0.223959779295436,0.239475787762659,0.201058864155716,0.245398121005591,0.153372048180041,0.201980295781009
1560,0.225421113226088,0.224872846739548,0.240454258441916,0.201949291885808,0.246294505438251,0.154129576612436,0.20282339847921
1561,0.226354841712262,0.225806459690541,0.241466282102573,0.202836533785239,0.247203553739347,0.154896602927617,0.203678743141127
1562,0.227290922254743,0.226705207333871,0.242432516070942,0.203707517684095,0.248072898230549,0.155646061013093,0.204518398394966
1563,0.228238455318356,0.22760289230186,0.243378062404468,0.204597709415785,0.248918077299107,0.156367340576385,0.205352890829458
1564,0.229174987663972,0.228483163399885,0.244314286873998,0.205460259305432,0.249769840215394,0.157100367126687,0.206184011514723
1565,0.23009654899139,0.229321925308414,0.245227594081614,0.206281732314683,0.25059352848516,0.157842101201744,0.207017602620551
1566,0.231015634656619,0.230186255268655,0.246137695438773,0.207124839711825,0.251428460300839,0.158574333258722,0.207837734163837
1567,0.231937014741638,0.23107210737741,0.247035490772463,0.207978717998666,0.2522778630613,0.159299100035765,0.208648421216041
1568,0.23285723162152,0.231923786633148,0.247936304254905,0.208807752583406,0.253115211626704,0.160013327790057,0.209450835121833
1569,0.233779931491361,0.232754505010375,0.248822867353892,0.209624084303114,0.253941312438284,0.16071480334624,0.210237229112753
1570,0.234673817671943,0.233594600893008,0.2497124136565,0.210449243966463,0.254768024708176,0.161423375724681,0.211022143512945
1571,0.235544506239323,0.234422748404992,0.250604412707713,0.21125814622842,0.255604781437566,0.162129146657587,0.211796767416143
1572,0.236434193732412,0.235253448372646,0.251496924956271,0.212081578716041,0.256416440322851,0.162838489368495,0.212581780579751
1573,0.237314622432472,0.236098648940254,0.252399004002856,0.212922809985167,0.25720400279023,0.163570603790949,0.21337945256308
1574,0.238189939882928,0.236929687488307,0.253284870751358,0.2137471622425,0.25800744267478,0.164260938722304,0.214149554118783
1575,0.239086238837774,0.237740112196112,0.254161811685214,0.214570174971456,0.258805087369686,0.16491843599018,0.214908013458811
1576,0.239965881171859,0.238560216672223,0.255038558483371,0.215388765710256,0.259601845662795,0.165592146064023,0.215673580362482
1577,0.24081809309964,0.23939579072879,0.255906680424727,0.216219729931992,0.260424901800831,0.166252731925297,0.216426923150467
1578,0.241674886932575,0.240200690000028,0.256768022252298,0.217010293190281,0.261209199610861,0.166917156410773,0.217174203736938
1579,0.242532158727936,0.240984163079191,0.257633473859854,0.217758857197846,0.261953716685111,0.167598020564038,0.217928883812808
1580,0.243391904851401,0.241782033424632,0.258486111939094,0.218537254163908,0.26271910589422,0.168263708202613,0.218671829100638
1581,0.244253846092847,0.242575942448485,0.259326188920109,0.219304559625989,0.263467996890717,0.1689068575587,0.219395478919361
1582,0.245102881486052,0.243356593038463,0.260153720968017,0.220068405037086,0.264237525840848,0.169561267770638,0.220122851034082
1583,0.245957168173995,0.244125422195341,0.260962877429562,0.220856176868677,0.265052655702262,0.170230050192914,0.220847205347135
1584,0.246796966450708,0.244920788393363,0.261784456171003,0.221630395259618,0.265818662637537,0.170876787387945,0.221576528302162
1585,0.247609109438942,0.24573118604175,0.26259809537293,0.222381427016173,0.266561243192891,0.171520419050251,0.222315207583424
1586,0.248430285953521,0.246507850617738,0.263420586806035,0.22314014894407,0.267306881682947,0.172151323731722,0.223032262641305
1587,0.249254868158194,0.247291598246246,0.264276280073545,0.223910912701573,0.268012727755667,0.172757205469205,0.223741030931058
1588,0.250076308368705,0.248068407048778,0.265082693727377,0.224664856268346,0.268743622706507,0.173371197749378,0.224450739731088
1589,0.250891556009207,0.248802704066901,0.265859005564021,0.225409713664315,0.269519619822142,0.173984908743297,0.22513662883317
1590,0.251717650950237,0.249558543355424,0.266643897588035,0.226147555373018,0.270242432707232,0.174593381322767,0.225835776834295
1591,0.252557337561992,0.250333323465373,0.267393681414055,0.226875175974423,0.270937332200591,0.175204555145534,0.226554453762326
1592,0.253369456571257,0.251109658084187,0.268168337973193,0.227608695866684,0.271645219724407,0.175804140753138,0.227258912967138
1593,0.254181201007588,0.251889584651508,0.268977604701828,0.228333620956463,0.27231867856617,0.176388556822473,0.227968894893276
1594,0.254977154729629,0.252654179401273,0.269755682605757,0.229057421733865,0.273015951080214,0.17697745140722,0.228656193242293
1595,0.255739510213633,0.253435190129539,0.270519995801102,0.229787415705679,0.273734809152017,0.17756309015263,0.229311597511984
1596,0.256519947558691,0.254187980026082,0.271287323632061,0.230510373409327,0.274447843171988,0.178147965140567,0.229989885553701
1597,0.257312498589298,0.254895106942792,0.27205130497626,0.231234476526036,0.275181806621078,0.178739198325398,0.230691584140796
1598,0.258083420783143,0.255631692302889,0.272794494408825,0.231945484982373,0.275877580571751,0.179319759504571,0.231344083684117
1599,0.25884144982666,0.256388748270279,0.273534073199167,0.2326502958765,0.276557349942898,0.179887300599233,0.231961596199889
1600,0.2596042651304,0.257115442115021,0.274259859896785,0.233342131124097,0.277235014951143,0.1804584544764,0.232614497224739
1601,0.260357136302055,0.257839085451311,0.274943822709665,0.234007589772695,0.277877057589441,0.18104157451243,0.233256807257107
1602,0.261109719722289,0.258557889907944,0.275658205554169,0.23468803402625,0.2785307248205,0.181601391608674,0.233889046339819
1603,0.261877733590584,0.259250233547187,0.276401206301271,0.235385019735447,0.279201762092997,0.182135229183347,0.234553101880384
1604,0.26262140678562,0.25994104073548,0.27711245516954,0.236056960474447,0.279857238447498,0.18269001606898,0.235200460931905
1605,0.263343877916571,0.26062355404839,0.277826873175849,0.236720137613434,0.280511828841998,0.183243389537374,0.235807491545079
1606,0.26406905326023,0.261325027057526,0.278515434509359,0.237377706575841,0.281141587331288,0.183787523675892,0.236428935198667
1607,0.264784050277474,0.262037801022439,0.279157130704977,0.238012979917167,0.281747792698468,0.184353288330033,0.237079826477173
1608,0.265501185958,0.262733156654459,0.27982381427938,0.238648404939738,0.282356321656569,0.184898835926648,0.237703768828648
1609,0.266233109052377,0.263454799466176,0.280506553067227,0.23929733024681,0.282946562950449,0.185423863656695,0.238307615610005
1610,0.266931697737154,0.264129035630255,0.281163213100246,0.239920309359021,0.283543040025707,0.185940701132699,0.238905536750393
1611,0.267602604402641,0.264749447842325,0.281812899838982,0.240508038304517,0.284147072049953,0.186446080445776,0.239487493464866
1612,0.268279958267958,0.265390717107971,0.282451680813895,0.241115658961132,0.28474018027732,0.18695056452145,0.240073950344177
1613,0.268937103545644,0.26601962858006,0.283051994926241,0.241726052018216,0.285328385936529,0.187443393227121,0.240663308731243
1614,0.269604898340338,0.266657257446701,0.283684545147319,0.242327995171084,0.285907672220367,0.187933292016889,0.241236023260022
1615,0.270284353630081,0.267304135261383,0.284348408304794,0.242939692270055,0.286473778942412,0.188418984408461,0.241800785791005
1616,0.270960432832336,0.267941165724788,0.284983628697954,0.243538840935283,0.287047093114233,0.188910020889028,0.242362872585712
1617,0.271646310646769,0.268580619704395,0.285624435024265,0.244120344226444,0.28762701667042,0.189394726121595,0.24290109341961
1618,0.272301576292124,0.269206784006603,0.286237298209727,0.244701336592087,0.288185704209524,0.189883805089657,0.243456363033253
1619,0.272938515318921,0.269839064444695,0.286811382420717,0.245286724235437,0.288731871574897,0.190400146526195,0.244039172637671
1620,0.273582496557962,0.27044120552359,0.287397053008643,0.245856971113852,0.28928486434607,0.190876370344443,0.244586053740164
1621,0.274215684967317,0.271005976794543,0.287974924848817,0.246417251092242,0.289827825782551,0.191330820577062,0.245118880214717
1622,0.274836999597153,0.271588283160722,0.288557166141804,0.246972122626539,0.290363030648869,0.191781343920394,0.245648485933408
1623,0.275460544228522,0.272161877541886,0.289135831171039,0.247515223405347,0.290908673402025,0.192202775539031,0.246147677382906
1624,0.276071368748256,0.272730384137409,0.289721359217043,0.248051498625505,0.291444151278068,0.192632736593271,0.246660180353147
1625,0.276664668550244,0.273304986278623,0.290340749995171,0.248571612173527,0.291954430864914,0.193069945733125,0.247197626174382
1626,0.277247752041768,0.273876999939363,0.290903435670174,0.249100780896799,0.292471651713106,0.193492065873261,0.247698074012728
1627,0.277824983751455,0.274445649216965,0.291439888810464,0.249630106180949,0.293011708993424,0.193900126813195,0.248174062970009
1628,0.278397207660048,0.274997345093739,0.291974842326713,0.250159620771679,0.29351300447143,0.194312156594455,0.248654797796551
1629,0.278951109446791,0.275554095817554,0.292459276754157,0.250716217765941,0.293981961372226,0.19472212679011,0.249113554156308
1630,0.279501966811509,0.27609146062199,0.292965422060696,0.251228579766493,0.294467780624796,0.195124467810148,0.249576450077966
1631,0.280051075907632,0.276605446649109,0.293490310657541,0.251710593147998,0.294949544112187,0.195531550466712,0.250046457564323
1632,0.280599098623425,0.277109277399357,0.293999931161821,0.252191794942199,0.29541161461311,0.195922084181864,0.250514118647644
1633,0.281149968046742,0.277580972110843,0.294509144975379,0.25264930115824,0.295870884989381,0.196280509002486,0.250989088575516
1634,0.281672997887381,0.278079188333178,0.295002462322992,0.253104727062812,0.296329479836835,0.196668523639478,0.251439495729805
1635,0.282178734464707,0.278579558176534,0.295500578683129,0.253570081726454,0.296771955807123,0.197086025858852,0.251872269052353
1636,0.282689383317121,0.279082905319655,0.295964491232999,0.254008563405026,0.297200530111339,0.197459972307443,0.252309135045048
1637,0.283187169905047,0.279627390850779,0.296396620970197,0.2544229734101,0.297649480346065,0.197829650501097,0.252736147339602
1638,0.28367464703208,0.280126317733785,0.29682650856838,0.254832083343768,0.298057310957725,0.198186905949561,0.253148868016996
1639,0.284165975950345,0.280607964047185,0.297227816414853,0.255218586450941,0.298408907370379,0.198493867001577,0.253566988920555
1640,0.284645419774372,0.281061694771923,0.297634028769887,0.255609729961576,0.29878560903346,0.198827597943407,0.253969230249502
1641,0.28511217906916,0.281484548996784,0.298040823566806,0.255998805028056,0.299148389655715,0.199189329464677,0.254339988547524
1642,0.285557364370628,0.281895384395794,0.298436085082978,0.256377545302004,0.299522266729371,0.199520195124047,0.254718373116195
1643,0.286001829723489,0.282273207661256,0.298824961451927,0.256747491347444,0.29993115025719,0.199842902259832,0.255106580651473
1644,0.286417041900834,0.282655562361261,0.299206716263105,0.25712321355558,0.30029669376198,0.200152489841562,0.255471954941885
1645,0.286795325916833,0.283026028133987,0.29959098499753,0.257504692446356,0.300647012037342,0.200436854986088,0.255836776997623
1646,0.287168807773158,0.283396800465479,0.299950919392093,0.257866271567007,0.300982881762546,0.200728506179292,0.256168904938685
1647,0.287524708946359,0.283769206139755,0.300301311868847,0.258235971268643,0.301289534050056,0.20102106163624,0.256458681198177
1648,0.28787573290521,0.284128898595582,0.300624484985041,0.258570611387594,0.30158838191179,0.201298403226761,0.256765909956781
1649,0.288213256593613,0.284486424479253,0.300904213835988,0.258866060314512,0.3018773796439,0.201567253500061,0.257063723294282
1650,0.288542735204382,0.284826388625419,0.301202001107763,0.259165073121612,0.302156120737247,0.201831015773807,0.257356389317335
1651,0.288881710070629,0.285153438749971,0.301505918828237,0.259458155447834,0.302413187294485,0.202099179096941,0.257675679660972
1652,0.289181299060246,0.285470131407234,0.301780881236248,0.259728555069324,0.302674555782923,0.202330479734842,0.25794434964344
1653,0.289457774201291,0.285782742855651,0.30205779467575,0.259993095791594,0.302939735811059,0.202533131129837,0.258176129700342
1654,0.289715164122339,0.286064606914769,0.302306897042759,0.260231590675335,0.303187049708371,0.202746095678591,0.258401621465811
1655,0.289922501928312,0.286318330504804,0.302509259604916,0.260419555351218,0.303432765237284,0.202931441950254,0.258592043613464
1656,0.290155142403546,0.28657319434158,0.302722843074448,0.260639750775793,0.303650987822723,0.203126300492086,0.258792327927487
1657,0.290394349504196,0.286809051189857,0.302936704099239,0.260857714508633,0.303834407739208,0.203345070487955,0.258989667824621
1658,0.290616900184537,0.287036409403242,0.303133924692512,0.26108130034603,0.304033883201001,0.203537148675725,0.259180792491652
1659,0.290856240381081,0.287258706920346,0.303324985685924,0.261350632180617,0.304225419081306,0.203705081020341,0.259366965556771
1660,0.291051871688044,0.287475674716875,0.303501017096378,0.261555365465518,0.304413477828166,0.20388216035116,0.259550473556111
1661,0.291195548170382,0.287682234846565,0.303650999734625,0.261725729044656,0.30462986388618,0.204059002918658,0.259727899740104
1662,0.291369685023765,0.287875583081864,0.303814147436692,0.261892772046697,0.304793016902958,0.204225746069456,0.259904902688561
1663,0.29154796205654,0.288074432281574,0.303972342817423,0.26200631286964,0.304909712707044,0.204395265736171,0.26009319987121
1664,0.291702893049885,0.288241421039905,0.304129836057511,0.262158072516904,0.30504380236422,0.204546223028181,0.260248904471905
1665,0.291873173401898,0.288377102380017,0.304314373286889,0.26234883514519,0.305158366619754,0.204687852694392,0.260394799529018
1666,0.292004263729992,0.288509998697724,0.304446976819836,0.262485397589355,0.30527323094121,0.204809666905594,0.260518803305983
1667,0.292101943440706,0.288640247020565,0.304580648478027,0.262625585952139,0.305428722835474,0.204915632555525,0.260619622823223
1668,0.292177710199874,0.288731263496536,0.304639882471639,0.262715408553928,0.305504367305373,0.205008921395722,0.26069965601342
1669,0.292246794687993,0.28879351957562,0.304629508884369,0.262751343170017,0.305528084973075,0.205078558946096,0.260762875452605
1670,0.292265844346772,0.288851114313864,0.304617647171956,0.262778287550083,0.305547553535545,0.20514791454638,0.260804265076951
1671,0.29222812408697,0.288890898435576,0.304557226713984,0.262783803860442,0.30552185930032,0.205208949831038,0.260813027639489
1672,0.292197641462953,0.288897753298695,0.304494102013928,0.262760679654941,0.305495049527589,0.205261382200595,0.260817788866283
1673,0.29216560208507,0.2889053229369,0.304441989657586,0.262703232798575,0.305482146753633,0.205322375192661,0.260828530994179
1674,0.292065558833746,0.288856337981118,0.304327756560939,0.262641466646823,0.305410548628922,0.205337793976458,0.260781718897448
1675,0.291943156053746,0.288753205520381,0.30417992250137,0.262577705963136,0.305304971731966,0.205332274092113,0.260701444693917
1676,0.291771897261258,0.288630046775628,0.303987388303091,0.262454458843098,0.305165250657689,0.205300217829195,0.260600134156981
1677,0.291527590499346,0.288470876551143,0.303749112011638,0.262312526370275,0.304988615033161,0.20522120010932,0.260460773922643
1678,0.291272937913478,0.288294889331651,0.303475284350987,0.262116312187353,0.304775382356353,0.205150718520496,0.260292293914695
1679,0.29101382236442,0.288098109658868,0.303150686862172,0.261852059719493,0.304514109611222,0.205076383378415,0.26010815693115
1680,0.290678272955627,0.287860530719664,0.302814443052962,0.261576377214887,0.30424983208239,0.204973451208557,0.259883317467887
1681,0.290274348446696,0.287593579722166,0.302466641658397,0.261277731995189,0.303965083779557,0.204864840484665,0.259609882441844
1682,0.289865845183561,0.287299028816154,0.30204252600041,0.260934152100362,0.303640712543022,0.204714407862917,0.259319589658917
1683,0.28941670285291,0.286960056101744,0.301568603354184,0.260552896761473,0.303307552050361,0.204520343378954,0.259003340275339
1684,0.28893655040268,0.286610401129327,0.301074039839949,0.260138904324209,0.302915319779536,0.204329169941864,0.258663776367544
1685,0.288441145484666,0.286250066259885,0.300511526737373,0.259682888743434,0.30245668485117,0.204119416522947,0.258304258792395
1686,0.287900590027072,0.285845190991189,0.299948575653877,0.259201328570321,0.301999712923547,0.203890640756785,0.257897550260773
1687,0.28729654243184,0.285384728133009,0.299382346828816,0.258677109552937,0.30150611865004,0.203644978348213,0.257441763261515
1688,0.286703739474618,0.284958444700825,0.298776894273144,0.258153238374874,0.301016212336694,0.203397699119261,0.257001169977101
1689,0.286103816400117,0.284519634215582,0.298122241733932,0.257603094163169,0.300508551530494,0.203132808820068,0.256519452266015
1690,0.285461852047431,0.284074763557112,0.297477935487369,0.257047477410084,0.300008348163151,0.202857788442725,0.256066825776622
1691,0.284782812282714,0.283647773516506,0.296831864451005,0.256487286206919,0.299501746615896,0.202580991426239,0.255653670277502
1692,0.284119500853899,0.283194443374003,0.296144417567465,0.255906980632945,0.298999415260113,0.202291725359098,0.255173932480018
1693,0.283436278291069,0.282718024678213,0.295434997057876,0.255301315345507,0.298515518622256,0.201984697406396,0.254666453723377
1694,0.282742624577456,0.282226601741987,0.294709002557803,0.254702113518578,0.297984714554019,0.201665581920989,0.254150846510911
1695,0.282052134597065,0.281726440672359,0.29393931344009,0.254109646465118,0.297433417927307,0.201341319077404,0.253589386531362
1696,0.281355259655161,0.281218100894642,0.293189946035756,0.253466961636407,0.296876989109225,0.2010036343393,0.253062816804779
1697,0.280631633178808,0.280686101541205,0.292450467362972,0.25278678247301,0.296285956917522,0.200637874905214,0.252556776235033
1698,0.279919233475227,0.280151837870732,0.291676458052156,0.252146450364358,0.295714444438887,0.200289500008648,0.252012622378511
1699,0.279218430260455,0.279605148493099,0.290871860981257,0.251484739442475,0.295159459982246,0.199941705785409,0.251456091592916
1700,0.278513201787279,0.279087440025645,0.290107814527672,0.250844197425211,0.294570863295995,0.199598272057579,0.250901882097173
1701,0.277783097669918,0.278571080155155,0.289312790660842,0.250231624059518,0.293945927893474,0.199260713880575,0.2503115525817
1702,0.277104889094585,0.278049076917036,0.288613619867234,0.249635937535412,0.293386875342025,0.198912207774219,0.249778895637136
1703,0.276440765429569,0.277542714058973,0.287975439521655,0.249029413542908,0.292824224435516,0.198562901058866,0.249264908271077
1704,0.275827627519251,0.277047011150798,0.287349975987034,0.248465275454403,0.292317459246124,0.198214039761862,0.248788664040564
1705,0.275250605701295,0.276515048569719,0.28676571986185,0.247938601442948,0.291866993880472,0.197849486105418,0.248355077533841
1706,0.274703584585349,0.27608992058476,0.286214579815876,0.247451424169013,0.291430287672874,0.197521202394432,0.24790466309036
1707,0.27419409934967,0.275737712156453,0.285696452330741,0.246984239557116,0.291015170910878,0.19720560337954,0.247462032161767
1708,0.273735805081219,0.275369397996641,0.285178453140935,0.246574625592631,0.290655434167062,0.196901087227693,0.247071728381132
1709,0.273281516534602,0.275010390121647,0.284688411880191,0.246171980144149,0.290284607503872,0.196619674563554,0.246671182877094
1710,0.272846869650641,0.274621384580092,0.284236526739027,0.245779547777577,0.289913948875035,0.196330666567733,0.246314671371304
1711,0.272438146351931,0.274224836050245,0.283841192769911,0.245394321120178,0.289577681208961,0.19606805028979,0.246025844457196
1712,0.272012177430747,0.273860474499178,0.283498492405533,0.245027568902837,0.289227253858532,0.195832637483127,0.24571748548305
1713,0.271603609200306,0.273525284451598,0.28316727426452,0.244704844587351,0.288894948596302,0.195568401984668,0.24541158533778
1714,0.271257946049505,0.273190735709109,0.282851771911763,0.244401003659366,0.288612463470027,0.195280998341384,0.245112246192597
1715,0.270925285979758,0.27285543212732,0.28251465401809,0.244100423698239,0.288289523228452,0.195010579547439,0.244795417002837
1716,0.270583993577395,0.272492806384744,0.282205447203125,0.243778550579164,0.287999665017732,0.19469996382196,0.244482046960359
1717,0.270253866633436,0.272130691626698,0.281926126901762,0.243480745326364,0.287718136320657,0.194396751469821,0.244166695889928
1718,0.269905929729754,0.271758215020117,0.281681894311104,0.243177511769132,0.28744505432341,0.194098023719375,0.243847155020893
1719,0.269574044446017,0.271386696600122,0.281419528013725,0.24288947442168,0.287166947699027,0.19379532114628,0.243542021790573
1720,0.26929005670618,0.271039970825265,0.281184201232999,0.242669415577137,0.286903405542318,0.193500543553471,0.243249648950438
1721,0.26897447089252,0.270649193949403,0.280927558143071,0.242392819993827,0.286622031623971,0.193186800340139,0.242941629989372
1722,0.268649398638394,0.270222619799337,0.28063795661686,0.242055140789055,0.286327233372456,0.19286046597549,0.242648901241735
1723,0.268307088245515,0.269803167063293,0.280357156283396,0.241762306055613,0.286028467024933,0.192533863350057,0.242335016263785
1724,0.267942013187554,0.269343723445991,0.280072951503084,0.24148331229318,0.28571343835549,0.192195532320783,0.241994995341861
1725,0.267572138374302,0.268911431046484,0.279795059298677,0.241178233723951,0.285407756907711,0.191849611168386,0.241651143927584
1726,0.267168821864042,0.268503127637436,0.279517996802387,0.240916573335608,0.285107182022487,0.191496896092075,0.24128891668797
1727,0.266797691012163,0.268085767696261,0.27924529392684,0.240603489180237,0.284797679586391,0.191147024371436,0.240938870346315
1728,0.266441103050847,0.267689481228696,0.278986621429077,0.240189289464659,0.284499448509752,0.190800724861711,0.240595049601758
1729,0.266084437436088,0.267263466233697,0.278715086596699,0.239849278968386,0.284177538899161,0.190434057944285,0.240241220075075
1730,0.26575170115925,0.266808803429899,0.278445332795035,0.239547804505876,0.283825811593236,0.190074881662074,0.239883127339721
1731,0.265408305521106,0.266373887721285,0.278160842681138,0.239218107412068,0.283488158002069,0.189682994450614,0.239531656248201
1732,0.265072608674841,0.26591535969943,0.277850240994772,0.238937803420525,0.283150613411182,0.189233328594176,0.239170330370002
1733,0.264701664086995,0.265486330681899,0.277560452405316,0.238595252549143,0.282805385053943,0.188818608725534,0.238813359361414
1734,0.26432755049157,0.265110555380242,0.277304175610931,0.23819576377563,0.282476278897544,0.188407975273832,0.238502463235381
1735,0.263916574903846,0.264687123394631,0.276984899955159,0.23779529500487,0.282116191027989,0.18800224133836,0.238123297760913
1736,0.263438421900723,0.264277765245354,0.276667983413115,0.237370738305499,0.281732633936566,0.187646047894768,0.237704055676363
1737,0.263004405920667,0.263807985980652,0.2762971317717,0.236938192892907,0.281343139938534,0.187220521711778,0.237281798876055
1738,0.26261230412429,0.263272366926166,0.275855503704194,0.236498294727734,0.280944263951343,0.186765094027252,0.236823388836792
1739,0.262135160960635,0.262757213505181,0.275396978120334,0.236033457685173,0.28051920168906,0.186277739669961,0.23635284054064
1740,0.26165749696956,0.262215871226581,0.274905177437256,0.235563835033435,0.280100005327772,0.185725763877068,0.235881426235829
1741,0.261109758189186,0.261672837286012,0.274402944562769,0.235053072743299,0.279610636347035,0.185201690345872,0.23538819471109
1742,0.260451501059422,0.261155491040814,0.27389092364318,0.234512953934421,0.279051835451512,0.184683326408659,0.234874204463345
1743,0.25982876862439,0.260581314568623,0.273320582579377,0.233934587877471,0.278516510862907,0.184137216075279,0.2343264534641
1744,0.259214111927612,0.259961585744698,0.272721370498442,0.23332568363892,0.277952962254,0.18357570430953,0.233752957346154
1745,0.258541630019278,0.259355393573191,0.272093225753045,0.232678982491326,0.277386577410789,0.183013636291908,0.233173878752765
1746,0.257823247069375,0.258734356451938,0.271404897441177,0.231973821406493,0.276847344128396,0.182437510124734,0.232569083444586
1747,0.257121908310464,0.258085214084187,0.270707165696517,0.231283105638581,0.276245744154612,0.181845767377037,0.231933504653973
1748,0.256387320763987,0.257429632227751,0.269988430778623,0.230563129596,0.275600551789626,0.181260497023736,0.231287377814251
1749,0.255655992718766,0.256745476553782,0.269254561727202,0.229851205558248,0.27493265002516,0.180646003906713,0.230626187594122
1750,0.254949218986457,0.256010424813465,0.268477030812102,0.229150794688876,0.27421662253973,0.179976656961997,0.22991005066831
1751,0.254205822828741,0.2553181686648,0.267725616634926,0.22843297328856,0.273526470798312,0.17935698339881,0.229236963985313
1752,0.253416876179964,0.254618640754958,0.266990652768261,0.227696681275799,0.2728060987595,0.178763335525107,0.228585287051536
1753,0.252667589110536,0.253966852625309,0.266228153537043,0.22696862008,0.272142879740624,0.178133768059651,0.227915213435995
1754,0.251921038483927,0.253351249018333,0.265432474581585,0.226219584016144,0.271501714319389,0.177499742731445,0.227235930022113
1755,0.25118595182566,0.252713220466312,0.264671418288453,0.225488519961109,0.27089080207499,0.176907342988467,0.22656879793514
1756,0.250454055388264,0.25208629977168,0.263941889225064,0.224806778213106,0.27030109800567,0.176243841862753,0.225891183355799
1757,0.249709017687062,0.251389082214259,0.263279518182986,0.22412082831669,0.269706609055607,0.175634174781877,0.225222752457131
1758,0.249006787685311,0.250727547301025,0.262684418652378,0.223492358207349,0.269124316181667,0.175068290701338,0.224632720548697
1759,0.248343157310666,0.250104742032072,0.262053330845588,0.222866722289247,0.268545867012186,0.174484890640459,0.224063745087505
1760,0.247710055760822,0.249450231736606,0.261421060392225,0.222227575721261,0.267978488661669,0.173957549882489,0.223501941370361
1761,0.247146060568506,0.248854068206687,0.260858720380256,0.221654071485733,0.267424302888533,0.173443826641442,0.2229564915542
1762,0.246587152952395,0.248319496980486,0.260286552787127,0.221073374118817,0.266901242461189,0.172929826087085,0.222413288130711
1763,0.246041488299368,0.247785442807752,0.259787714745375,0.220570528318243,0.266416833596983,0.172389839373176,0.221893531933333
1764,0.245530238406404,0.247299374281072,0.259348690521887,0.220116458649609,0.265957568213469,0.171849589979264,0.221388733846197
1765,0.245031386434431,0.246871088056873,0.258880278523081,0.219616249219257,0.265518349957567,0.171380529108433,0.220928001758868
1766,0.244588639531779,0.246405413902222,0.258458510216027,0.219205478899243,0.265108915905322,0.170913288386425,0.220469410544274
1767,0.244192553817794,0.245962927169589,0.258057363119724,0.218823871132441,0.26472683072022,0.17050817041974,0.220045745519705
1768,0.243817648945161,0.245579755415357,0.257664410788399,0.218422412166624,0.264338503773014,0.170135200092779,0.219675709873502
1769,0.243460685145781,0.245191972004413,0.257329558679354,0.218094074282443,0.263965147891257,0.169717740020054,0.219316903047282
1770,0.243114278939545,0.244821579416457,0.257001980897879,0.21777665221546,0.263626358814554,0.169353004951785,0.219006272097268
1771,0.242766304096731,0.244438263795136,0.256756389901872,0.217416107276521,0.26331329029424,0.168993528251778,0.218686118251278
1772,0.242447507585238,0.244085104803519,0.25649365870279,0.21712232855952,0.263010264557163,0.168641796683689,0.218371702185295
1773,0.242155587597619,0.243725378463372,0.256231867793062,0.216882571259738,0.262748041209515,0.168298645491948,0.218058833894126
1774,0.241877451432703,0.24341236881544,0.255990903874365,0.216633035644536,0.262490131857436,0.167995215303772,0.217774586944005
1775,0.241624706755005,0.243163528438387,0.25573063669172,0.216422342696196,0.262215232259682,0.167718935898673,0.217508968317328
1776,0.241382211980989,0.242904258753717,0.255522461260591,0.216203109835177,0.261987517528552,0.167458262017338,0.217262849485481
1777,0.241148549958081,0.242662286950892,0.255369078108671,0.215965318206093,0.261808981888093,0.167246300533373,0.217037085670207
1778,0.240938302194189,0.242437060396802,0.255206883138582,0.215758362937798,0.261613239629578,0.167015380238682,0.216838817207027
1779,0.240746253258499,0.242212061258848,0.255081772355328,0.215564833908644,0.261423067869378,0.16676249197362,0.21666286188584
1780,0.240568129294718,0.242007820418657,0.254936458376756,0.21540175522057,0.261265520221008,0.166559817908318,0.216496013054749
1781,0.240401468424266,0.241804295689403,0.254768023654244,0.215257029547169,0.261107344161134,0.166378341944004,0.216363758661891
1782,0.240276400206588,0.241663447374994,0.254634148374743,0.215137341696837,0.260983215942953,0.166226122840177,0.216230626001791
1783,0.240188919234845,0.241560009048273,0.254476164563283,0.215062379818993,0.26090992122508,0.166107836985539,0.216082295464294
1784,0.240102925776876,0.241495510422199,0.254414450515776,0.214974154209849,0.26083895972759,0.166006938411951,0.215998684141208
1785,0.240037586258746,0.241516990611507,0.254435837754993,0.214880926441363,0.260777967026283,0.165944204964842,0.215950950152674
1786,0.23999175668133,0.241483513457031,0.254443125533929,0.214836183890761,0.260733683100565,0.165859658376527,0.215924425884143
1787,0.239943110676286,0.2414332964386,0.254508052684398,0.214792050305063,0.260703864269799,0.165779581930409,0.215967400133948
1788,0.23992824018842,0.241416174515553,0.254538245040492,0.214802161966223,0.260690906700288,0.165726996495194,0.215949936197791
1789,0.239957765237807,0.241398236004405,0.254528733920768,0.214887321290674,0.260693975733261,0.165661043328712,0.215909709155675
1790,0.240007658911059,0.241423588643022,0.25455407586797,0.214951477829669,0.260767386076805,0.165655407013492,0.215856077382223
1791,0.240082251043545,0.241452362833232,0.254642852559453,0.215061173992772,0.260802122068784,0.165696466726602,0.215831701222961
1792,0.240157952244797,0.241513789955729,0.254764333761567,0.215179106138743,0.260839927412212,0.165708653103561,0.21583823793545
1793,0.240233397846771,0.241582662286666,0.254884770549921,0.215222376383584,0.260919794611079,0.165712831918508,0.215900322454134
1794,0.240334467060977,0.241697044526697,0.254988015256302,0.215290348562454,0.260983236911018,0.165737427519526,0.216007502243842
1795,0.240432666475991,0.241836412307548,0.255090292656051,0.215362595536044,0.261068692323061,0.165735322480985,0.216107847164503
1796,0.24057558460195,0.241935821624312,0.255213646018027,0.21545649157643,0.261184805439215,0.165759969940897,0.216198402453305
1797,0.240743027775781,0.242049665431492,0.255381082656508,0.215625505926336,0.261281217291607,0.165815808518789,0.216290206321211
1798,0.240907378041922,0.242175212046958,0.255528655941565,0.215787250036784,0.261396357480252,0.165864709489662,0.216373474585727
1799,0.241087585768558,0.242326311691737,0.25567900494569,0.215968244136915,0.261569390204421,0.165929778358323,0.216478287424008
1800,0.241259031638417,0.24253025247289,0.255867411904955,0.216143215431518,0.261750991582848,0.166036594244289,0.216614047764565
1801,0.241259031638417,0.24253025247289,0.255867411904955,0.216143215431518,0.261750991582848,0.166036594244289,0.216614047764565
1802,0.241428276925184,0.242774596847321,0.256058259170974,0.216309755632943,0.262010417847245,0.166121539826946,0.216769570439196
1803,0.24161070536246,0.242995994458746,0.256277225492572,0.216462150502797,0.262308013021401,0.166180668566554,0.216924372048247
1804,0.241824974553717,0.243222527546952,0.256467425188258,0.216675986512044,0.262532567817024,0.166247747113136,0.21711122115967
1805,0.242043258229263,0.243503196279606,0.25663676080965,0.216882051198115,0.262862491000704,0.166331939386155,0.217343320176469
1806,0.242247236970603,0.2437972363967,0.256865747594821,0.217081699302739,0.263209928041925,0.166453894577917,0.217520965236815
1807,0.242466565037259,0.244018943715462,0.257067550483482,0.217288714895185,0.263359229704207,0.166564021010214,0.217693005406917
1808,0.242677616336472,0.244185426900785,0.25721597747006,0.217455958235903,0.263503484961811,0.166634623667638,0.217913887869753
1809,0.242872386169762,0.244407171571072,0.257395111116094,0.21753930605762,0.263747356229216,0.166670447384701,0.218053954577668
1810,0.24307469659279,0.244630226210438,0.25759605927681,0.217672979065914,0.26398650721879,0.166707328043331,0.218133440034946
1811,0.243254273282753,0.244777802693214,0.257775468413687,0.217837169755189,0.264185815824889,0.166794518128289,0.218258660890083
1812,0.243416347769731,0.244892300345679,0.257949819789661,0.218021570441269,0.26439305873861,0.166898450276206,0.218389495751779
1813,0.243562593045791,0.245021417859306,0.258152468314043,0.218166952163686,0.264602084219102,0.166978470030548,0.218563703949812
1814,0.243694207381171,0.245165919438994,0.258353403428013,0.218333825301921,0.264773083519475,0.167023159284394,0.218706158277348
1815,0.243815965809244,0.245264015387466,0.258472413584663,0.218474093969962,0.26494183109408,0.167105311066084,0.218817125665967
1816,0.243971184203965,0.245385258409237,0.258538701543661,0.218500727562377,0.265091998082776,0.167104768859804,0.218894698155
1817,0.244104515153418,0.245539294992946,0.258639623836678,0.218560636120034,0.265181084076399,0.167068964899408,0.218909205527049
1818,0.244164117182231,0.245582794697607,0.258681301906425,0.218668423765111,0.265269635625085,0.167164277945564,0.218921282491453
1819,0.244189227536193,0.245532378350921,0.258686373829367,0.218661122496768,0.265335893745866,0.167235516779263,0.218992999942659
1820,0.244287634474586,0.245588987687915,0.258799337384677,0.218700268616419,0.265423525110311,0.167174654213504,0.219096572866041
1821,0.244351444212686,0.245643815643552,0.258877595407407,0.218736300351232,0.265480807322362,0.167125354528851,0.219156700675402
1822,0.244397522805112,0.245725382092522,0.258969366952579,0.218800962606081,0.265550983968496,0.167053069007005,0.219236364448059
1823,0.244391928803551,0.245692639352835,0.259028374483306,0.21873106359849,0.265580388616601,0.166997471259407,0.219288498686358
1824,0.244429749511323,0.245653650340943,0.259057568057559,0.218686088690443,0.265598834346731,0.166906844202819,0.219244938221468
1825,0.244415316932986,0.245615962758372,0.258963126699156,0.21865477839509,0.265542434479896,0.166779285482686,0.219138606993318
1826,0.244293728231829,0.245515865058302,0.258835014112829,0.21856014774437,0.265457444619674,0.166638313236526,0.219041207508367
1827,0.24417760908749,0.245421326327517,0.258719821966666,0.218484919687374,0.265319551828706,0.166525911748687,0.21893155601867
1828,0.244124642602299,0.245384693313314,0.258569264359155,0.218396736441128,0.265168016506258,0.166397247274415,0.21881541007922
1829,0.243982202309215,0.245270912050089,0.258418959535202,0.218233768498615,0.265070766219097,0.166222793249547,0.21865750445247
1830,0.243800258335502,0.245087632811166,0.258236371424145,0.218022900848927,0.26490628512235,0.166010624089418,0.218462459209051
1831,0.243585312796991,0.244799978821449,0.258053370258537,0.217719121802683,0.264760816015084,0.165799890720968,0.218212170993458
1832,0.243393104168416,0.244540050329407,0.257757478849373,0.217418306282661,0.264541936273166,0.165501428574502,0.21796296432904
1833,0.243073456757386,0.244274184759439,0.257431278832401,0.217168323162123,0.264240781564152,0.16516247332167,0.217704094691322
1834,0.242743109828098,0.243909317482207,0.257108345293965,0.216834438607688,0.26388197355424,0.164819215931606,0.217384290717596
1835,0.242378932918009,0.243528264130546,0.25668594373147,0.216420276378217,0.263549685586021,0.164455254471532,0.217004139877228
1836,0.241913986151301,0.243159081846852,0.256231224229448,0.21606390991316,0.263210342968655,0.164045077867176,0.216658873531134
1837,0.241440226974635,0.242695953217124,0.255764474547991,0.215651403106082,0.262787890932786,0.163585881653015,0.216313453466903
1838,0.240920706128406,0.242137116827247,0.255239459532614,0.215077824340641,0.262340904651492,0.163078398545999,0.215842826828378
1839,0.240328038360681,0.241565379568969,0.254656704517044,0.21449628862635,0.261815670581929,0.162530256230574,0.215299694310942
1840,0.239691468392464,0.241001724596823,0.254058223678265,0.213925451803987,0.261218561871882,0.161953029948446,0.214693849323747
1841,0.238991243383992,0.240316904647025,0.25334689151834,0.213250916510824,0.260542742880484,0.161344351008854,0.214048878789355
1842,0.238250238302038,0.239541404584421,0.252568872043506,0.212470237731569,0.25981622298543,0.160712639947779,0.213298047449242
1843,0.237408051497808,0.238742394674081,0.251704264654385,0.211672632171393,0.259008899964171,0.160013669284245,0.212561813151432
1844,0.236445295998169,0.237918874461698,0.250769428140183,0.210897170453269,0.258149190248239,0.159224160923117,0.211797303991356
1845,0.235432639316882,0.236977098906152,0.249733360587739,0.209988847982583,0.257200349855229,0.158334523277156,0.21088514685559
1846,0.234368013766433,0.235920560770017,0.248578945036703,0.208936329588114,0.256141740357452,0.157384660323841,0.209862035592122
1847,0.233159199816936,0.234768989587896,0.247334671655549,0.207772578068681,0.255054001352601,0.15640404832872,0.208763609957375
1848,0.231826012369707,0.233521053567787,0.24597022207543,0.206515075627859,0.25385198602784,0.155334106473495,0.20759055858743
1849,0.230441041390359,0.232166857428912,0.24446326926266,0.205086248327792,0.252569695177349,0.154260883660235,0.206379692192481
1850,0.228887497579127,0.230705867923678,0.242880509625013,0.203642415691708,0.251133360257207,0.153046774441707,0.20504538646697
1851,0.227185280010701,0.229187409946518,0.24125021774398,0.202176926329043,0.249627463328075,0.15171065073011,0.203630951791286
1852,0.225315687109776,0.227480934650091,0.239454560630965,0.200589286367868,0.247927602301388,0.150308159182381,0.202103930249117
1853,0.2233683395009,0.225645298542233,0.237435867922555,0.198783037027201,0.246148529322732,0.148829343079283,0.200409121309672
1854,0.221336955358247,0.223723472700105,0.235310414335477,0.19685156589407,0.244236633725296,0.147271863698244,0.198524663707686
1855,0.219094267614867,0.221598905246368,0.233095418823972,0.194825393550677,0.242158973148366,0.145654834529547,0.196647310182885
1856,0.21673540791255,0.219381224635601,0.23068690694506,0.192669688194704,0.240014167569279,0.143886155503574,0.19468558449552
1857,0.214253282625251,0.217059471338833,0.22811165911582,0.190368143100855,0.237675544706292,0.141999549473738,0.192529441572429
1858,0.211653697544447,0.214680125630343,0.225457770616031,0.188035331458833,0.235126793636577,0.139966743966749,0.190287944611693
1859,0.208855038106805,0.212043164123653,0.222602668595913,0.18549223299556,0.232484983836426,0.137903861863842,0.187924247075202
1860,0.205912068954729,0.209241769236548,0.219507815111978,0.18268267188869,0.229748691445747,0.13573693214576,0.185398043228523
1861,0.202825047128121,0.206320961653807,0.216271358492222,0.179835559975412,0.226804308945115,0.133496612171423,0.182693719491503
1862,0.199556928327254,0.203265812166197,0.212928356832734,0.176923370951199,0.223691838340559,0.131228141563581,0.179853066349953
1863,0.196160959003633,0.199935101225045,0.209364440765515,0.173840308093533,0.220425673927481,0.128819617214044,0.176908069208337
1864,0.192617954399918,0.196508793515999,0.205551608839102,0.17062091175418,0.216977638087957,0.12623490333071,0.17384717890246
1865,0.188920117423609,0.192982525142617,0.201610450353266,0.167323636083421,0.213383602834322,0.123610238658032,0.170591415181099
1866,0.185044462286149,0.189291199161542,0.197542161052541,0.163835718108978,0.209649716277773,0.120899319991257,0.167220338120135
1867,0.180967041147705,0.185430693032036,0.193336025519085,0.16016952116775,0.205792571504524,0.1180772917391,0.163787176129031
1868,0.176759551122102,0.181450472273368,0.188952249069408,0.156420244710889,0.201740818908738,0.115181000097813,0.160197366719404
1869,0.172341717951462,0.177293086189116,0.184388262797801,0.152482497640372,0.197454777362744,0.112163050118649,0.156324427961467
1870,0.167901242770536,0.173075702853326,0.179719026133265,0.148513029924167,0.193130877498666,0.109149075632244,0.15251651951075
1871,0.163349077702596,0.168738515237075,0.174905110249744,0.144448854937584,0.188704302155858,0.10602396419518,0.148712497532267
1872,0.15869465474917,0.164287468100584,0.169940606263989,0.140357274735886,0.184100641163097,0.102954778712895,0.144761247142901
1873,0.153962631065515,0.159778424788341,0.164819716978137,0.136149074342294,0.179365760157323,0.099869835719012,0.140651569057329
1874,0.14916233372152,0.155222430346574,0.15966649603613,0.131831689333681,0.174627437743131,0.0967533831696304,0.136551948128889
1875,0.144297374194438,0.150596307641756,0.154428009159635,0.127517429416855,0.169792730904585,0.0936181821687192,0.13234597485134
1876,0.139377149220152,0.14596626475761,0.149111574050643,0.123235997823685,0.164857625705497,0.0904414452924331,0.128038464297831
1877,0.134465626777441,0.141327406587368,0.143823584237721,0.118921409508097,0.159892594440567,0.0873381868967584,0.123817694283333
1878,0.129460554598669,0.136659633310575,0.138468160852795,0.114538546823628,0.154833837427768,0.084253649115628,0.119613602705892
1879,0.124601701907657,0.13199159968657,0.133195249206627,0.110264860627997,0.149841203045338,0.0812121628118346,0.115419266016099
1880,0.11973913782713,0.127201465028579,0.127867618298377,0.105984941074141,0.144721809955672,0.0781628752763387,0.111159161994892
1881,0.11494712025746,0.122576950462471,0.12266783229455,0.101751686217742,0.139744402902648,0.0752173693973273,0.107024013446117
1882,0.110200825665731,0.117975078886089,0.117484362448965,0.097513342148025,0.134809403275386,0.072319482995678,0.102910296898445
1883,0.105544137723455,0.113450786386927,0.112444616678072,0.0933876454577247,0.129953089591814,0.0694510946925472,0.0988611222803355
1884,0.100909279119162,0.108937460625786,0.107464400906455,0.0893889287494033,0.125145752223651,0.0666808181744472,0.0948806265935858
1885,0.0964064983772751,0.104572953010364,0.10251570561898,0.085487607422953,0.120418546312621,0.0640254732421605,0.0910588860868683
1886,0.0921025935839779,0.100339796023761,0.0977647379760182,0.0817141853915678,0.115812370169635,0.0614528624066631,0.0873330076746112
1887,0.087974396597798,0.096125430253238,0.0930708930562871,0.0780929748188272,0.111252693127818,0.0589364385186694,0.083669813573558
1888,0.0839507396032006,0.0921068574500907,0.0886392435107862,0.0745979866365893,0.106906765305935,0.0565595609936845,0.0801633281747914
1889,0.0799985753839255,0.0882261774180313,0.084351337075384,0.0711270181241904,0.102626798506062,0.0542842557754885,0.0767456206873804
1890,0.0762985855315155,0.0845427932847942,0.0802946978768709,0.067896186459701,0.0985916153386627,0.0521144938179779,0.0735248992486321
1891,0.0727333215145042,0.0809824047269782,0.0764645925878462,0.064882895721474,0.0947760062040889,0.0500309758318352,0.0704265674787906
1892,0.0694043955731882,0.0776194724330099,0.0727912356784227,0.0619981773261207,0.0910912030499562,0.0481045338858995,0.0675286867326076
1893,0.0663173068956399,0.0744621993588081,0.0692648841755007,0.059259818689132,0.0875270286639886,0.046294609697454,0.0648156914844626
1894,0.0634633371374293,0.0715130861559074,0.066026958529373,0.0566899509544496,0.0842426160741831,0.044643004336184,0.0623011042246701
1895,0.0606693312010543,0.0687465226394721,0.0630056039944175,0.0543363715134956,0.0811361776673892,0.0431470428036615,0.0599112974937988
1896,0.0580290242005372,0.0660459496619433,0.0600690859063991,0.0520974605652117,0.0781708842103304,0.0416820476831614,0.0576624912024511
1897,0.0556525070311589,0.0635636561537331,0.0574281011149567,0.0499786530860042,0.0754548265142286,0.0403086387448203,0.05555697807213
1898,0.0535047528295114,0.061303368129846,0.0550688001653726,0.0480035207635917,0.073029799792323,0.0389887404970035,0.0535988082539634
1899,0.051451268590872,0.0591851397303026,0.0528624569944596,0.0462127613985832,0.070692200475456,0.0378373653571752,0.0517705186851616
1900,0.0496764961751765,0.0572561538384879,0.0509567551736024,0.0445828349582808,0.0685685897302149,0.0368522801417214,0.0501077116224549
1901,0.047961904862,0.0554285697403095,0.049094734998814,0.0430588497799768,0.0665544839233679,0.0358876169772919,0.0485644865521134
1902,0.0463092801954742,0.0538125009186629,0.0473603245169201,0.04174571883736,0.0646551620001369,0.0350386109962252,0.0472033587311653
1903,0.04482702286665,0.0522545550491115,0.0458052540190793,0.0405099181142289,0.0629628002229729,0.0342577013508047,0.0459004266950618
1904,0.0435461677163331,0.0507579258841561,0.0444232246240308,0.0393680532495979,0.0615186579407018,0.033553702551849,0.0447092411760402
1905,0.0423561422382327,0.0494376119597712,0.0431241506578076,0.038348373745852,0.0601196531840775,0.0328783794148001,0.0436100391203401
1906,0.0412696863407796,0.048241136430152,0.0419656589745736,0.0374059532435984,0.058820397003336,0.0322391452748336,0.0426454393806495
1907,0.0403232120390983,0.047199221429552,0.0410368429791462,0.0366270529524996,0.0576887662263985,0.0316953514294824,0.0418217374349969
1908,0.039445707341259,0.0462130663475991,0.0400926675108928,0.0358428083238117,0.0566299510569615,0.0311769032002892,0.0410131029229269
1909,0.0387000052814118,0.0454011825726965,0.0392156692402451,0.0350959064684167,0.0556333332854742,0.030646975006158,0.0403242762369351
1910,0.0379581459916464,0.0445684721744388,0.0384169129561668,0.0344366928131359,0.054749792852364,0.0302106537457877,0.039669609990011
1911,0.037294950503027,0.0437540585188217,0.0377282590272966,0.0338859578521278,0.0540608986092958,0.0299042661973859,0.0390664972221026
1912,0.0366705856877606,0.0430469736812458,0.037063849457007,0.0333378547904743,0.0533384055079134,0.0295667931381176,0.0384829480924401
1913,0.0360705706291879,0.0424340330601915,0.0364673146711989,0.0328426785731031,0.0526256743623947,0.029233588818209,0.037936984472648
1914,0.035546721659422,0.04184361385522,0.035897530279972,0.0323772058106096,0.0520133027414571,0.0289436076383069,0.0374840558881365
1915,0.0351400962923034,0.0413408415262867,0.0353453061065206,0.0319473773384399,0.0514836970891887,0.0286563500228604,0.0371372710573425
1916,0.0347147716866425,0.0408633428021277,0.0348595260330493,0.0315260887643199,0.0509968559533216,0.0284598537461259,0.036721155037019
1917,0.0342944327117426,0.0404264581826087,0.0344625084940698,0.0311602672013042,0.0505200705271042,0.0282544989974737,0.0363719890932877
1918,0.0338637179574723,0.0400109181327662,0.0341597232391742,0.0308461656543382,0.0500784159969095,0.0280864133854018,0.0361193905031712
1919,0.0335507456941828,0.0396328011939313,0.0338306570785565,0.0305650709474939,0.0497294721564032,0.0279239439480741,0.0358491975751381
1920,0.0332998471765938,0.0393069503549928,0.033576307235994,0.0303382652133007,0.0494188477667079,0.027785525566842,0.0355333102220702
1921,0.0330267821333608,0.0390100714922884,0.0333109406828767,0.0301007218587728,0.0491457283791123,0.0276470972093419,0.0353122908682015
1922,0.0328073368909482,0.0387419703103843,0.0329904778291616,0.0298489077218043,0.0490180090074685,0.0275242138001345,0.0352114691529772
1923,0.0326279451767994,0.0384944094280925,0.0327671101109061,0.0296870801658495,0.0488191136097786,0.0274092600218887,0.0350391288553181
1924,0.0324276088389848,0.0382586916625349,0.0326288882244966,0.0296215510739925,0.0485446138420107,0.0272923836499851,0.034817065587786
1925,0.0322762123524448,0.0380937521091927,0.0324875255330642,0.0294871606637305,0.0483688901051247,0.0271946607233629,0.0346866520221176
1926,0.0322013784708617,0.0380046137313849,0.0323620805244135,0.0293103372003227,0.0482459657595161,0.0270935597288288,0.0345916665958068
1927,0.0321804876798513,0.0378963072909232,0.0323000556366499,0.0292666196211704,0.0481372690420278,0.0270434484447951,0.0345060063322495
1928,0.0321261092532516,0.0377972464278554,0.0322349094101502,0.0292090725654272,0.0480538722677638,0.0269968720701022,0.0344259400028581
1929,0.0320709228107302,0.0377372023159168,0.0321776837235093,0.0291041097040216,0.0480412487979085,0.0269761398845861,0.0343983299599817
1930,0.0320057603423253,0.037701436587397,0.0321586368116674,0.0290694431394409,0.0480009821257407,0.0269450763203877,0.0343846046256502
1931,0.0319015531406404,0.0376426411048409,0.0321966443789793,0.0291513696771585,0.0479402356888536,0.0269133408552567,0.0343685845602732
1932,0.0318897093621393,0.0376307898794226,0.0321985425012664,0.0291729355167356,0.0479225769552136,0.0269133888567321,0.0343524428569595
1933,0.0319148933536677,0.0376844767173812,0.0321656379435588,0.0291440861894479,0.0479047801553455,0.0269157518586145,0.0343433201792306
1934,0.0319372660647338,0.0377426048047701,0.0322115963334506,0.0291758576957346,0.04794832101019,0.0269439687328982,0.034399539028863
1935,0.0320187802504052,0.0378249085029161,0.0323030120440232,0.0292571859075028,0.0480202966890889,0.0270200964363038,0.0345049702881217
1936,0.0321077327388133,0.037897774117623,0.0323742821438427,0.0293210656287133,0.0481399720294419,0.0270852913330123,0.03456279609501
1937,0.0322024541019814,0.0379791750637861,0.0324630877505771,0.0293920586647668,0.0483041242548731,0.0271556460076495,0.0346288966834196
1938,0.0322702336850914,0.0380808291918607,0.0326042988500449,0.0294823460038513,0.0485546925138974,0.0272352517457244,0.0347489528169407
1939,0.0323749263388978,0.0382009048556602,0.0327466529823502,0.0295697570851621,0.0487331946037564,0.0273096934749553,0.0348727984618971
1940,0.032519291230564,0.0382961631553941,0.0328463795669672,0.0296298910326813,0.0489254889203691,0.0273620312660651,0.0349374434272269
1941,0.0326663223913844,0.0384608488076964,0.0330295002145085,0.0297521938225642,0.0491067683423121,0.0274775568266005,0.0350736739593044
1942,0.032808719643666,0.0387168801272415,0.033324632295661,0.0299155340150986,0.0492306678730342,0.0276604236387972,0.0353421800512318
1943,0.0329740725618068,0.0389061438113736,0.0335349500774408,0.030070014287666,0.0494298897901003,0.0277603009044917,0.0354926475940235
1944,0.0331721641770355,0.0390590520937611,0.0337081011508414,0.0302395257700081,0.0496696590376135,0.0278435175032397,0.0355066142045773
1945,0.0333726482245408,0.0392763892762611,0.0339324675932153,0.0304343287858079,0.0499128827479078,0.0279518703445896,0.0356829553006264
1946,0.0335704848228969,0.0394924504237598,0.0341869976857819,0.0306453716048652,0.0501811764102209,0.0280034798922208,0.0359520130444477
1947,0.0337898582225482,0.0397364501008178,0.0343980784355706,0.0308576574194537,0.0504649203711687,0.0280915932967582,0.0361585726061207
1948,0.0340255736040352,0.0400125619245334,0.0346044979588153,0.0310832642160951,0.0507633353733944,0.0282040498770556,0.0363785426024298
1949,0.0342777178905173,0.0403761776496597,0.0348101265412587,0.0313642947216685,0.0510719822455194,0.028375431835142,0.0366902568042274
1950,0.0345538310762763,0.0406520091515809,0.0350890193718205,0.031561159338119,0.0513928777770663,0.0285251143996659,0.0369260494496938
1951,0.0348698660593509,0.0408904441847104,0.0353700886562517,0.0316835465629413,0.0517466605644317,0.0286654084697556,0.0370632574969501
1952,0.0351452377687563,0.0411705270260571,0.0356473130713084,0.0319131005516484,0.0520785517102005,0.0288212669440513,0.0372900713050574
1953,0.0354148172744437,0.0414178077911685,0.0359931306971465,0.0321576631844445,0.052395291911495,0.0289942689701173,0.0375755568589553
1954,0.0357066377360462,0.0417337082324397,0.0363262333830252,0.0324070012937325,0.0527421027929578,0.0291807392649034,0.0378385915275999
1955,0.0359898068199987,0.0421390101105443,0.0366110719389931,0.0327244871264914,0.0530867882683988,0.0293818470615119,0.0380922263691981
1956,0.0362763188574519,0.0424771529220126,0.0369298536779605,0.0330216291478877,0.0534600157813964,0.0295714300434544,0.038367896324599
1957,0.0365782249249599,0.0427830900841024,0.0372813302735819,0.0332993312907063,0.0538814568962068,0.0297766820159054,0.0386623335237519
1958,0.0368950110550171,0.0431390336833047,0.0376677461766813,0.0335793868797846,0.054279416193136,0.029979608965337,0.038958543759179
1959,0.0371829536827263,0.0434522903579104,0.0380661080141828,0.033846993421661,0.0546809301839152,0.0301635310202194,0.0392494324238618
1960,0.0375168767091034,0.0438533416228779,0.0384863435120932,0.0341837525150622,0.055080477804258,0.0303635815992101,0.039581208381808
1961,0.0378709045981605,0.0442327033588903,0.0388715133241515,0.0344761214173292,0.0554913436867976,0.0305530473927554,0.0398913796928994
1962,0.0382938474764632,0.0446681984193095,0.0392843025599054,0.0347306300485406,0.0558833503705246,0.0307440194449671,0.0402010697935951
1963,0.0386409451099825,0.0450762999374971,0.0396963859410752,0.0350352810275927,0.0563210883145651,0.0309482177615248,0.0405187751456461
1964,0.038939572705138,0.045453537519859,0.0400487495878258,0.0353706879015362,0.0567970956447911,0.031138747329559,0.0408347848357107
1965,0.0393179638780991,0.0458745625787128,0.0404696276964403,0.0356924562924344,0.0572584260906183,0.0313578133178289,0.0411626251549694
1966,0.0397359218617272,0.046355656843801,0.0409981997703202,0.03601376333436,0.0577183563593291,0.031612373780438,0.0414842459159395
1967,0.040101523448644,0.0467854763026268,0.0414356887241511,0.036360539911585,0.0582105048627122,0.0318544123971659,0.0418422750094396
1968,0.0404637377712163,0.0471934275324907,0.0418018952599562,0.036725279005407,0.0587396814021868,0.0321065289552409,0.0422269497259426
1969,0.0408685061963208,0.0476179240241564,0.0422342840436981,0.0370781628414181,0.0592357366927563,0.0323492243629968,0.0426121523817606
1970,0.0412589768653379,0.0479952815095178,0.0426825413382151,0.037432046823479,0.0597532526964043,0.0325859669040174,0.043049447094954
1971,0.0416408909550699,0.0484268845603968,0.0431153519207201,0.0378098710496421,0.0602512323812496,0.0328263703947212,0.043447893150139
1972,0.0420391848198744,0.0488878295418866,0.0435577869804755,0.0381964058501568,0.0607319326514562,0.0330665887238297,0.0438322393892974
1973,0.0425000289125727,0.04940501693788,0.0440210109828714,0.0385852694322253,0.0611504188407229,0.033299433948724,0.0441889769516899
1974,0.042940617220555,0.0498803321538169,0.0445210952350472,0.0389687007323091,0.0616522371257271,0.0335500726064332,0.0445767506301891
1975,0.0433512635836533,0.0503727583724063,0.0450609890029347,0.0393900258331644,0.0621814027422672,0.0338048965358924,0.0449564904318051
1976,0.0437751910802182,0.0508494332056932,0.0455252563078814,0.0397659254581433,0.0627189462022337,0.0340752018319121,0.0453534498468634
1977,0.0442326928027044,0.0513021130129774,0.0459842088227456,0.0400719824184727,0.063314572819409,0.0343837985452242,0.0457664392044902
1978,0.0446901058032564,0.0517677461732542,0.0464723991081986,0.0404547137164192,0.0638623708358924,0.0346451453522326,0.0461920324064349
1979,0.0451166975974318,0.0522120330956679,0.0468734772510931,0.0408780029430249,0.0643677914089742,0.0348537229609896,0.0466351234005557
1980,0.0455665960535604,0.0527077516672746,0.0473502251794198,0.0412735819070179,0.0649217282735297,0.0351343839691186,0.0470646263174246
1981,0.0460576983925769,0.0532516097875062,0.0479527389827885,0.0416862034954859,0.0654860688040022,0.0354816443064076,0.0474986374682545
1982,0.0465448154033135,0.0537604862906202,0.048495014703114,0.0421072232890586,0.0660561089090322,0.035746670579351,0.0479437872082681
1983,0.0470421279486322,0.0542654539305989,0.0490109611002082,0.0425252030957234,0.0666731242975525,0.0359655760499781,0.0483954238538477
1984,0.0475113881108929,0.0548174741300944,0.0495087140924577,0.0429095900443733,0.0672714347849445,0.03624903910058,0.0488248949658173
1985,0.0480021632488698,0.0553305354287564,0.050070887903717,0.0433451602431902,0.067861957217513,0.0365546072723886,0.0492722604121206
1986,0.048519924281343,0.0557845669290912,0.0506791305678142,0.0438412716629993,0.068438939829559,0.0368290224907119,0.0497433694973404
1987,0.0490064276253265,0.0563114298405502,0.0512263943406644,0.0442745513742608,0.0690284439715507,0.0371029800003229,0.0501978962136759
1988,0.0494666829390126,0.0568741797960706,0.051765512318753,0.0446727700743541,0.0696061187202707,0.0374551983956841,0.0506438853305387
1989,0.0499543033268547,0.0574323957645541,0.0523444129285951,0.0451198913711778,0.0702038230903736,0.0377643531598453,0.0510877396272547
1990,0.0504345020271954,0.0580493774578123,0.0529004582071458,0.0455614999099579,0.0708152439579169,0.0379741472761702,0.0515169037923298
1991,0.0509333032197174,0.0585980024392108,0.053465759243371,0.0460121529599663,0.0714217621488963,0.0382645480131086,0.0519766371610754
1992,0.0514578203594638,0.0590811640621945,0.0541151108753554,0.0465157381142281,0.0720524986045195,0.0386612012001091,0.0524502207115732
1993,0.0519810664144005,0.0596243458529763,0.0547005274701981,0.0469939826746566,0.0726682758319918,0.0389837872544621,0.0529160686317168
1994,0.0525252392966533,0.0601628947931205,0.0551881517713587,0.0474546951606656,0.0733117189200806,0.039278788317899,0.0534072368161315
1995,0.0530473329001378,0.0607209802270561,0.0557325793088277,0.0479164227719586,0.0738678375100976,0.0395528405885802,0.0538861056350797
1996,0.0535689080815875,0.061261741331428,0.0563420136379486,0.0483710370548464,0.0744704786104474,0.0398696084836273,0.0543509836029633
1997,0.0540818928893999,0.0618400057099256,0.0570105209380823,0.0488226073336277,0.0750584569925479,0.0401891055269097,0.054780904409394
1998,0.054619861513612,0.0623999576199628,0.0576055237524251,0.0492785802177203,0.0756836848163374,0.0404857561740754,0.0552632309877053
1999,0.0551635596379266,0.0629262915907891,0.0582312434621253,0.0497153752462686,0.0763485397684604,0.0407937551877054,0.0557775376627835
2000,0.0557003342647237,0.0634668559638364,0.0588364802471408,0.0501799993343835,0.0769701213097589,0.0411203413236608,0.0562571429143867
2001,0.0562725352100928,0.0640035849119135,0.0593633637592402,0.0506841010126072,0.0775983264527088,0.0414235679896897,0.0567486664670563
2002,0.0568010249265054,0.0645886585742304,0.0599553344566593,0.0511445280476392,0.0782010350342396,0.0417360486645603,0.0572194032387608
2003,0.0572802499692009,0.065242360000049,0.060617486515731,0.0515713945368827,0.0787176622874113,0.0421090615545174,0.057641089489807
2004,0.0577884464596834,0.0657968308447584,0.0612310248784089,0.0520428081345385,0.0793375546008081,0.0424338063151621,0.0581043510775446
2005,0.0582863074346762,0.0663208899340789,0.0618029508409626,0.0525266890411109,0.0800843212824591,0.0426960703175212,0.0585936933306826
2006,0.0587988939502771,0.0668815313721728,0.0624199868290927,0.0529921040177852,0.080699884504079,0.0429978936775164,0.0590715713458861
2007,0.0592992988111334,0.0674053007376453,0.0630783796357658,0.0534620191790775,0.0812671099585818,0.0433269061234598,0.0595507190721137
2008,0.0598770628253852,0.0678775637931136,0.063707329316999,0.0539647510730003,0.0818406643388853,0.0436088148658325,0.0600479115654812
2009,0.0604118813706413,0.0684224185045728,0.0642951242688047,0.0544441813117409,0.0824747737737264,0.0439528097118859,0.0605267905633641
2010,0.0609464258035871,0.0690687563071359,0.0648671219425039,0.0548939417090656,0.0830493973725908,0.0443585982393375,0.0609852071146232
2011,0.0614808449344299,0.0696246361523228,0.0654550954277857,0.055362766190171,0.0836779317124652,0.0446862267265591,0.0614565152563491
2012,0.0620173414006828,0.070148908414772,0.0659909663120992,0.0558668660154314,0.0844711950769452,0.0450035662425535,0.0619353692141312
2013,0.062536824217719,0.0706627902367676,0.0665720662911076,0.0563216650450126,0.085090036906599,0.0453191209249336,0.0624008208533063
2014,0.0630458423938133,0.0711387185156865,0.0672147073356042,0.0567176846081801,0.0855378281838568,0.0455493827785065,0.0628597975867144
2015,0.0635627558223913,0.0716559505537138,0.0678150325278781,0.0571826843501531,0.0861325367978912,0.0458676992198331,0.0633300362158666
2016,0.0640643625772914,0.0721961512559322,0.0683905091662064,0.0576794566820371,0.0867991462302151,0.0462930763263061,0.0638040597888162
2017,0.0645825311735417,0.0726944321925423,0.0689756683780984,0.0581367157084725,0.0873937823418239,0.0466304363042196,0.0642661316936672
2018,0.0651488641187292,0.0731670345990598,0.0695815519055756,0.0586426121442271,0.087997414930581,0.0469133578502417,0.064746005727814
2019,0.0656644124035121,0.073675423092551,0.0701543605179134,0.0590934079843119,0.0886080477696458,0.0472525428868404,0.065193907809255
2020,0.0661638520676669,0.0741849725680679,0.0707057557998083,0.0594366896516117,0.0891981825196161,0.0476177716716709,0.0655916956277233
2021,0.0666285273471659,0.0746864770092696,0.0712356531148466,0.0598517842234581,0.0897185463256492,0.0479293607266946,0.0660188774447623
2022,0.0671081869260439,0.0751598980717342,0.0717982146989465,0.0602856497862754,0.0902809454306663,0.0482206185518166,0.0664740997844381
2023,0.0675562909488555,0.075654259925558,0.0723554629816406,0.0607551921359441,0.0909214219246621,0.0485247493992229,0.0669380515613678
2024,0.0680295556805573,0.0761488415005432,0.0729129119208875,0.0611558390286589,0.0914683562154417,0.0488533403441848,0.0673881289986061
2025,0.0685443838332415,0.0765861316322191,0.0734951412633351,0.0615423900220079,0.0919072602446418,0.0491141163982435,0.0678943820292379
2026,0.0689964812952311,0.0770563166439293,0.0740694905548262,0.0619607483416589,0.0924576170771372,0.0494347795186851,0.0683315510457481
2027,0.0693750220235179,0.0775847759372215,0.0746443203571941,0.0623364940999307,0.0930618608730951,0.0498995765668269,0.0686755339929368
2028,0.0698401207406633,0.0780835740911189,0.0751957376197001,0.0627410714195795,0.0936082282465236,0.0502221264542521,0.0691007811660656
2029,0.0703597294769546,0.0785640376934937,0.0757337900271417,0.0632320887685201,0.0941972450385645,0.0504118589169495,0.0695757006527456
2030,0.0708150322300726,0.0790307246196864,0.0762802111995286,0.0636622196792778,0.0947407800626541,0.0507031831114255,0.0700013369774758
2031,0.0712775697430609,0.079497102843048,0.0768131507949257,0.0640449822360363,0.095236394584475,0.0510085939633101,0.0704180130129958
2032,0.0717405795001171,0.0799649380305205,0.0773356515161071,0.0644246409385605,0.0956805886775623,0.0512959520423906,0.0708700196954414
2033,0.0721948389849294,0.0803858837824266,0.0778759862156463,0.064871804536945,0.0961810650266739,0.0516296317246999,0.0712879598568882
2034,0.0726296853176314,0.0808101328432959,0.0784140679125403,0.0652350291696459,0.0967254716733722,0.052013848955144,0.0716249009406762
2035,0.0730612805996467,0.0812544376344274,0.0789080191094685,0.0656365079361329,0.0972378793297429,0.052309756119615,0.0720521845163565
2036,0.0735487471552195,0.0817324582892374,0.0793336301205042,0.0660619547254671,0.097755791670028,0.0525337126085567,0.0725663829274449
2037,0.0739774368961282,0.0821469196027671,0.079831254844861,0.0664772061717566,0.0982662397675929,0.0528045870350665,0.0729608200308169
2038,0.0743146846513901,0.0825268070592979,0.0803583422910204,0.0668984796142442,0.0987481671015247,0.053053033764091,0.0733212189934025
2039,0.074725398644306,0.0829565879426301,0.0808534283132294,0.0672750767164693,0.0992619923381034,0.0533460868881993,0.0737095404150665
2040,0.0752074005837762,0.0833896623339088,0.0813514898688659,0.0676047075057203,0.099823778611279,0.0536798014170388,0.074014762027139
2041,0.0756127174422348,0.0837931038832394,0.0818581036218527,0.0679823104700316,0.100323767262006,0.0539887732951584,0.0743755146054041
2042,0.0759727849218183,0.0842381538160927,0.0823237223218749,0.0683567280544039,0.100803844861155,0.0543144022960614,0.0748179433760115
2043,0.0763628554999326,0.0846273034735917,0.0828295855251516,0.0687335943549725,0.101289598272873,0.054615174029747,0.0752144884001646
2044,0.0767065635395774,0.0849357429769659,0.0833861387918436,0.0691316417482364,0.101743342367596,0.0549014581178491,0.0755761121469877
2045,0.0771128893160216,0.0852634970918446,0.0839519682237361,0.0695549033926909,0.102182875898194,0.0551805810737918,0.0759686629565811
2046,0.0775334294022909,0.0856796251508473,0.0844269375864172,0.0699594256534846,0.102706883356946,0.0553921251222327,0.076372818312303
2047,0.077932258451993,0.0861034000844686,0.0848645026686024,0.0703388322280979,0.103179379839447,0.0557015563093303,0.0767268157933477
2048,0.0783885950447366,0.0864826790643152,0.0852843292495763,0.0707225013340611,0.103613821544815,0.0560566523662608,0.0770817537415494
2049,0.0788027122143878,0.0868762517210978,0.0857279940517423,0.0710812599953142,0.104101318760855,0.0563712223871755,0.0774744951481806
2050,0.0791968610117487,0.0872424193335514,0.0862054757067111,0.0714428594592437,0.104558469690328,0.0566528309981013,0.0778587252968799
2051,0.0795878891325308,0.0875159725815501,0.0867562301698698,0.0717693811705089,0.104957737114863,0.0569367129203239,0.0782580436886418
2052,0.0799955186470224,0.0878826715650097,0.0872428402034071,0.0721177352694322,0.105437989723273,0.0572118045121744,0.0786194831989589
2053,0.0803664199664932,0.0883078626389402,0.0877047075568926,0.0724848553243723,0.106006691565881,0.0573914043802074,0.0789647177455361
2054,0.0807504701214075,0.0887146163944306,0.0881934390238007,0.0728340217876124,0.106485764379368,0.0576787601424529,0.0793379740666135
2055,0.0811858999774357,0.0891482243626945,0.0886804499204423,0.0731585313318466,0.106928255949787,0.0580834452864434,0.0796898788970733
2056,0.0815792883720294,0.0895572277832899,0.0891617845145125,0.0735099218532674,0.107407245127606,0.0584021990426189,0.0800662450894556
2057,0.0818964384286447,0.0899572058538144,0.0896444652700926,0.0738621987640533,0.107834709635289,0.0586959064421082,0.0805031476796047
2058,0.0822741494386288,0.0903496375470757,0.0901439387302525,0.0742241481558134,0.108298596256598,0.0590082309381942,0.0808624467532435
2059,0.0826641096245842,0.0907079184067688,0.0906154130268742,0.0746031135266627,0.108771814236651,0.0593133458024548,0.0811253376935189
2060,0.0830946316696506,0.0911152035203365,0.0911464258573028,0.074987237040339,0.109397641186243,0.0595700385235251,0.0815167731564046
2061,0.0834926237940723,0.0915123188989084,0.0917204763325354,0.0753361814718918,0.109886486730904,0.0599182166832259,0.0818813474643823
2062,0.0839491396717111,0.0919255654205506,0.0922313018697027,0.0757871985583494,0.110271845423683,0.0602699331979516,0.0822395352774252
2063,0.084386462446311,0.0923672977249865,0.0927617251365026,0.0761676693876034,0.110757490046246,0.0605714307843903,0.0826348010547703
2064,0.0847895756569934,0.0928811322564471,0.0933127776764743,0.0765130114978057,0.111237692718006,0.0608405750823696,0.0831073482892803
2065,0.0852370379930398,0.0932856810874722,0.0938176639865052,0.076887137284506,0.111711725506983,0.0611598196915276,0.0835084163488969
2066,0.0857756499573431,0.093640025530799,0.094279940831175,0.0772585429903952,0.112269988885983,0.0614760146996636,0.0838835523106535
2067,0.0862012409147001,0.0940406990569148,0.0947940196386413,0.0776391754976019,0.112749022010264,0.0617731883086723,0.0842745300610556
2068,0.0865488164932876,0.0943844060154599,0.0952937468597922,0.0780655588758207,0.113091992775836,0.0620982756697252,0.0846655349995254
2069,0.0869724359787063,0.0947850594375064,0.0957976864133736,0.078443300533157,0.113579548824611,0.0624061777760684,0.085031897758983
2070,0.0873824334313526,0.0952931725082412,0.0963551056414242,0.078762656423544,0.114175124756216,0.0626655559043699,0.0853503161517258
2071,0.0877793739415136,0.0957178709383636,0.0968814356242129,0.0791380644426732,0.114682537081829,0.0629506988651357,0.0857397993717806
2072,0.088202335822354,0.0961077247259648,0.0973807280587739,0.0795382191270491,0.115188241407792,0.063246777608936,0.086200520759061
2073,0.0886758114128011,0.0964672731546012,0.0978776794968193,0.0799151168740766,0.115741162417895,0.0635775861866714,0.0865827646790218
2074,0.0890624528931435,0.0968937435275057,0.0984410396753709,0.0803040978732379,0.116243117077071,0.0638483872233875,0.0868674954184643
2075,0.0894108141873616,0.0973396833542016,0.0989458633584433,0.0806898534845431,0.116645445659144,0.0641289851606809,0.0872122520631947
2076,0.0898128959668555,0.0976989437780584,0.0994058380134378,0.0810326683732085,0.117085538352238,0.0645454800198256,0.0876273723181521
2077,0.0902617222058205,0.0981054128189228,0.0999394429674455,0.0813814102939811,0.117587677225005,0.0649353754351912,0.0880200008873952
2078,0.0906870664053774,0.0985139080572366,0.100448030832356,0.0817537661003365,0.118107350573551,0.0652641379369124,0.0884200149937611
2079,0.0911170912863546,0.0988350830703285,0.100932102231802,0.0821538364418816,0.118670044473542,0.0656142177317181,0.0889703888239291
2080,0.0915555359204016,0.0992618409754211,0.101411999640333,0.0825374466146587,0.119146509181646,0.0659293304411409,0.0893953707702894
2081,0.0919910382330816,0.0998533551846226,0.10189394271584,0.082951467532297,0.119626130282669,0.0661090138904206,0.0896681113433688
2082,0.0924091550079521,0.100276857573903,0.10239922358574,0.0833319108846984,0.120100057990666,0.066413491714638,0.090047004326259
2083,0.0928277620318737,0.100587643201423,0.102886729696302,0.0836328022618902,0.120431586460485,0.0668194234503097,0.0905218259697883
2084,0.0932629724102519,0.101011784392851,0.103387634183446,0.084029671183623,0.120901040889863,0.0671603397808355,0.0908962254696574
2085,0.0937159267809905,0.101440835683043,0.103949737251786,0.0845209328840246,0.121562567242196,0.0675151364143366,0.0912013694744072
2086,0.0941381486007467,0.101846344478448,0.104469000469291,0.0849075072336017,0.122058313430302,0.067837319503356,0.0915693198093676
2087,0.0945391468958211,0.102294000793687,0.104928196840733,0.0852168706216507,0.122458965910713,0.0680994868044832,0.0919408302423308
2088,0.0949642262498271,0.102778568418125,0.105448135908563,0.0857019715910858,0.122936474062599,0.0683987483584854,0.0922757704529927
2089,0.0954120832669681,0.103184899800372,0.105969038602868,0.086174177053953,0.123447146005307,0.0687200928807039,0.0926678935444716
2090,0.0958397939002043,0.103555081485244,0.106479956462061,0.0864304481026465,0.123897304069209,0.0690355656603751,0.0931159100140017
2091,0.096277254112945,0.104017598732858,0.10699273704942,0.0868282134736056,0.124379163513233,0.0693822910735598,0.0935167028163449
2092,0.0966834185329334,0.104449799626409,0.107471821429538,0.0873478012849081,0.124927723390527,0.0697465876592977,0.0938905445247265
2093,0.0970939571352375,0.104902040489461,0.108019767434408,0.08774912465978,0.125410058400502,0.0700762487098056,0.0943031519193867
2094,0.0974266869134592,0.105369540395656,0.108637433041454,0.0880562155450301,0.125755844144594,0.0703682678669885,0.0947485023789923
2095,0.0978491236903872,0.105835522373739,0.109149843565572,0.088458808628033,0.126245420728974,0.0707101793211313,0.0951490511946601
2096,0.0983608103496731,0.106343850789087,0.109671108415043,0.0888891149233311,0.126865588430605,0.0710743184917196,0.0955643321310309
2097,0.098800920047163,0.106768445390403,0.110172836839622,0.0892741780360488,0.12734381558713,0.0714153350531631,0.0959677231521915
2098,0.0991841361745119,0.10711990046223,0.110542565529807,0.0896775643376609,0.127769630427753,0.0718071315306203,0.0963151903563125
2099,0.0996405630833711,0.107523983157585,0.111021764587379,0.0900930244324437,0.128265615637349,0.0721259984956732,0.0966839088047409
2100,0.100167038094434,0.107879040133138,0.111565503597562,0.0904592104424949,0.128708574876384,0.0723133404350308,0.0970603169893226
2101,0.100604390658025,0.108291738449457,0.112093291572192,0.0908470533749263,0.129181685446195,0.0726236399302341,0.0974410632927137
2102,0.10101661455055,0.10878524008621,0.112661457436299,0.0912415616166599,0.129753009210413,0.0729583745626306,0.0977755938239146
2103,0.101475863217064,0.109256905486723,0.113223341010292,0.091726070312169,0.130281457023312,0.0733504278266225,0.0982316910612926
2104,0.101855409665548,0.109642930314916,0.113680503426032,0.0921173817660958,0.130679763860177,0.0737302658648011,0.0987406651453194
2105,0.10219214194516,0.110093660739056,0.114214950700377,0.0924966324024847,0.13117635961417,0.0740812474897778,0.0991500127827826
2106,0.102665999421046,0.110549415527767,0.11475567727341,0.0929610718395049,0.131707691951837,0.0743784736434113,0.0994646501591102
2107,0.103197168451381,0.110934466771638,0.115274464392755,0.0933438685364962,0.132190831703061,0.0746644031584438,0.0999149251995023
2108,0.103655013123558,0.111390364871785,0.115795047721607,0.0937627546021222,0.132673341457909,0.0750144877373533,0.100389649350596
2109,0.104086098734554,0.1119186196023,0.116361128820701,0.094233945742072,0.133150639029088,0.0754592068840319,0.100864435981619
2110,0.104561747372979,0.112374145107155,0.116865750651109,0.0946600066022745,0.133660662636197,0.0758223525269532,0.101316153959197
2111,0.105037261170224,0.112790411101487,0.117274380292148,0.0950378127232339,0.134169260528347,0.0761433701947888,0.101894127746226
2112,0.105499690935713,0.113255276293004,0.117801327136563,0.0954513773239343,0.134682664056439,0.0765142796415546,0.102327675821736
2113,0.105997924353544,0.113711962196842,0.118417846214893,0.0958844163681385,0.13525182854506,0.0768980015789684,0.102587373625831
2114,0.106478737861207,0.114196625621374,0.118961963908754,0.0962839488803305,0.135783564028033,0.0772526035506461,0.103007039929276
2115,0.106907180643636,0.114770076347549,0.119524272164392,0.0966414099900694,0.136270658517832,0.077644355466758,0.103471413516571
2116,0.107362684005327,0.115268922910081,0.120067507683393,0.0970668997031417,0.136761617311207,0.0780061169725822,0.103908143682383
2117,0.107808169283263,0.115800633322218,0.120560509161844,0.0975217129847988,0.137223685928829,0.0783104965973436,0.104395573100121
2118,0.108346098731291,0.116153891646629,0.121041850716877,0.0979514499272756,0.13776922863564,0.0786151835850993,0.104882784721792
2119,0.108872202647436,0.116469195734923,0.121593451136093,0.0983591316303339,0.138263954547851,0.0790364709316395,0.105260256128631
2120,0.109330915764815,0.116917018566862,0.122106147872312,0.0988390841821615,0.138732662874265,0.0794169731743908,0.10565892025189
2121,0.109774095231601,0.117402539135648,0.122606564106878,0.0992571810915062,0.139273324642048,0.0797333141196278,0.106129522077919
2122,0.110223974843533,0.117914035885967,0.123147246226562,0.0996267086783134,0.139779148695745,0.0801382614091094,0.106558177043355
2123,0.110653077000574,0.118437970526606,0.123677578412784,0.100110787488421,0.140336916411897,0.0805308596598668,0.106943971087569
2124,0.111083210610264,0.118892496514446,0.1242038091072,0.100610905753712,0.14094886647199,0.0808308562043248,0.107422928886684
2125,0.111538300069026,0.119352547981793,0.124737556631268,0.101054626214461,0.141416571088826,0.0811821071745376,0.107866795980005
2126,0.112040645851984,0.119701419624694,0.125293909666912,0.101459696401274,0.141753517752503,0.081601311951004,0.108252966810618
2127,0.112494253803348,0.120201210339317,0.12580488628465,0.101892311030341,0.142228776728742,0.0819545133485458,0.108691747080008
2128,0.112926187793082,0.120844593474075,0.126286338466966,0.102336581140286,0.142691106014841,0.0822492581519315,0.109186374368271
2129,0.113375224039513,0.121339263786402,0.126786588040431,0.10273318080316,0.143145350282727,0.0825901901925901,0.109639049353301
2130,0.113843573564298,0.121828052976654,0.127307443583415,0.103121600372718,0.143749700992182,0.0829405051080701,0.110150249047646
2131,0.114253747321928,0.122286303556768,0.127763902865559,0.103506474058357,0.144224023653586,0.0832700621441389,0.11053239555518
2132,0.114616011530714,0.12263525562249,0.128142875448215,0.103791527149947,0.144518698573199,0.0836033796681423,0.110773180371471
2133,0.115035106238081,0.123027470879628,0.128617578545128,0.104166361971637,0.144912275301407,0.0839546822395561,0.111135987708279
2134,0.115447826051963,0.123452720029265,0.129130444619611,0.104608625673771,0.145351460821038,0.0843527581131349,0.111488298407511
2135,0.11584287571714,0.12384317727767,0.129595210966293,0.105056985527169,0.145735054289498,0.0846330220367665,0.111814158621177
2136,0.11632195171919,0.12421697079495,0.130021799595138,0.105448027470053,0.146177147319509,0.0849735912145823,0.11226698930972
2137,0.116764471720589,0.124633844302124,0.1304561330847,0.105824367139283,0.14668789660647,0.085279292007458,0.112715453720062
2138,0.117117956072048,0.12506832125379,0.130847870068325,0.106178877706166,0.147054124669079,0.0854194286174453,0.113044689118683
2139,0.11749369344771,0.125493213329553,0.131184874159378,0.106521820261279,0.147451863429958,0.0856787282697682,0.113346678750011
2140,0.117882997826406,0.125896331195425,0.131628794283036,0.106892192951412,0.14785725662957,0.0860178904097976,0.113698711553139
2141,0.118271455661604,0.126216010955578,0.13215559203807,0.10728106929206,0.14819925083873,0.0863192094245459,0.11406732311001
2142,0.11867143505146,0.126583128652211,0.132585507093666,0.107681771676759,0.148605604784535,0.0866270666709802,0.114418215517298
2143,0.119124403790213,0.126931556350465,0.132911982944064,0.108082071670527,0.149119114385267,0.0870523304281287,0.114788081442918
2144,0.119495622694223,0.127313047770242,0.1333493742876,0.108464480075501,0.149497372451364,0.0873295120793289,0.115148804606887
2145,0.119794251901508,0.127756393353126,0.133855524517482,0.108876416047208,0.149771529348839,0.087433823684742,0.115474535309641
2146,0.120172366304794,0.128123556384289,0.134283831850611,0.10928102936355,0.150153610459718,0.0876919428253702,0.115823590906741
2147,0.120564351990143,0.128447390021409,0.134769037342402,0.109692860166708,0.150551562378527,0.0880070317531318,0.116218579554713
2148,0.120939343496948,0.128780654953018,0.135163636061017,0.110031286380585,0.150915697322602,0.0882812855588511,0.11656915045294
2149,0.121372527124311,0.129056995714926,0.135336779371413,0.110306064798646,0.151337798886918,0.088594836681302,0.116886801228067
2150,0.121760975618857,0.129393210236478,0.135708750925783,0.110628401878502,0.15174462999858,0.0889105666073199,0.117227219807945
2151,0.122119368436678,0.12979708724434,0.136184158845909,0.110900396072376,0.15210802209613,0.089236498128393,0.117588739714775
2152,0.122419562602357,0.130142395157534,0.136654856068479,0.111218826746072,0.15243113430641,0.0894778216969092,0.117875695516923
2153,0.122768386722986,0.130445266963946,0.137039620322036,0.111585383376395,0.152876111826451,0.0897100570850609,0.118207873740456
2154,0.123107531124703,0.130784250243661,0.137458387854835,0.111913082381788,0.153235147495996,0.0899778409437915,0.118554293466313
2155,0.123368472007083,0.131046130901855,0.137787697268265,0.112168925489054,0.153499758309036,0.0901316735538107,0.118833344130999
2156,0.123728153713361,0.131293647962668,0.138072913105341,0.112486194656299,0.153842349917214,0.0902609138641075,0.119186938870217
2157,0.124141013480855,0.131604354504783,0.138515198578693,0.112869570044077,0.15412957797961,0.0905598465235064,0.119522922915581
2158,0.12449145346357,0.131893178685652,0.1389481963531,0.113204748921645,0.154373456251421,0.0908659810549645,0.119802238045667
2159,0.124806517143662,0.132186171502046,0.139249157987354,0.113505989676106,0.154682089859464,0.0910746987098619,0.120065163411442
2160,0.125098611357596,0.132486090653078,0.139411465534304,0.113773965188302,0.155068497494079,0.0912565132725711,0.120270143100845
2161,0.125412450053632,0.132780193672769,0.13969336726996,0.114068522811434,0.155326473002735,0.0914650275201595,0.12054971542088
2162,0.125699275002719,0.133089919487012,0.139909254570771,0.114333937276054,0.155520196885646,0.0915579055051688,0.120843291170207
2163,0.125968700037662,0.133363269706381,0.140202440351774,0.114631447022248,0.15579257042673,0.0917691055027179,0.121114040734452
2164,0.126253773024676,0.133597770646328,0.140644682698048,0.114971673524163,0.15604402470305,0.0921563324309507,0.121436094336249
2165,0.12654040110676,0.133881811773554,0.140965295274544,0.115289728028801,0.156266205723316,0.0923906291280418,0.121717476911391
2166,0.126751133529747,0.134152752487827,0.141205463838437,0.115613474767967,0.156521035580023,0.0925548265260855,0.1219222597832
2167,0.127030418034906,0.134422218344676,0.141522705924059,0.115886261092944,0.156790885351812,0.0927554967733855,0.122192938909
2168,0.127412139852967,0.134750459367823,0.141863360218962,0.116128210126627,0.156971164632539,0.0928722445439467,0.122529323085488
2169,0.12773495564325,0.135052041496001,0.142167781648313,0.116400543002233,0.157233690751448,0.0930404894506436,0.122799724293069
2170,0.128054747364214,0.135334034479085,0.14250404185085,0.116668146245626,0.157611190393436,0.0932677518172492,0.123059224551631
2171,0.128314732318357,0.135595283023129,0.142806008690074,0.116878126861986,0.157968510022588,0.0935106231347205,0.123283703415627
2172,0.128628823281392,0.135900862578898,0.14310071368248,0.117149034249813,0.158207245895656,0.093670061459233,0.123521435246955
2173,0.128951166802377,0.136119161612872,0.143296358122173,0.117438086527238,0.158494665528572,0.0938538250713023,0.123847681782925
2174,0.129248804530672,0.136345454071195,0.143475413331079,0.117636726438006,0.158703140224326,0.0940070118777182,0.124096572385809
2175,0.129605871451398,0.136746085261094,0.143860505399047,0.11796744279252,0.15890508969945,0.094160511407942,0.124318155342991
2176,0.129887334347383,0.137107403624207,0.144238608418501,0.118337886821081,0.159233424731767,0.0943835330441109,0.124530424313061
2177,0.130120059814523,0.137381329138564,0.144446634101255,0.118538646710989,0.159511486315726,0.0945566193265342,0.124724355847195
2178,0.13041616932103,0.13763677381811,0.144747326333948,0.118799624061517,0.159804938100527,0.0947107719782541,0.125000210360839
2179,0.130741939200049,0.137777515869708,0.14510082538716,0.119050945491512,0.160141744417328,0.094855788967311,0.125410502810357
2180,0.131020480108764,0.138049701294623,0.145384494839528,0.119330642367851,0.160439437457447,0.094990108177827,0.125688750963333
2181,0.13127873132604,0.138388618146472,0.145627803538422,0.119634098804421,0.160738947893911,0.0950572471167478,0.125938067301109
2182,0.13162336866966,0.138688579107532,0.145954559640354,0.119906620494075,0.160979341356014,0.0952230400733927,0.126162812071934
2183,0.132024757794119,0.139045212148032,0.146305472728131,0.120169974834159,0.161151838957029,0.0954849967761534,0.126273985215664
2184,0.132340786053935,0.139341067932002,0.146592199163703,0.120438149973863,0.161376627089972,0.095631978005198,0.126529139123553
2185,0.132698516875798,0.139530745603418,0.14689952014524,0.120711756585007,0.161576138461525,0.0957246081934764,0.126862939206659
2186,0.133006004800735,0.139811527174762,0.147202685692778,0.120954832032878,0.161796730193532,0.0958739649549669,0.127146808453197
2187,0.13310480832909,0.140167146807693,0.147394108868961,0.121163228967187,0.162048161431247,0.0960030360535181,0.127538984724618
2188,0.133397025479894,0.140486204370594,0.147688869415754,0.121410902560856,0.16230735924488,0.0961168605426656,0.127798696594976
2189,0.133887056669174,0.140877712460423,0.148103679109813,0.121615130032656,0.162555584923203,0.0962609450303414,0.127900167731515
2190,0.134262141695187,0.141126076798016,0.148462180271056,0.121893116936176,0.162836965360261,0.0964634547795143,0.128114422773207
2191,0.134407818223227,0.141291561989919,0.148650746910681,0.122189567930997,0.163155311247828,0.096482770950194,0.128411035061258
2192,0.134685048135303,0.141572021417081,0.14900936335953,0.122514281754297,0.163445241921164,0.0964478731221729,0.128573869767086
2193,0.134887834309312,0.141849978121904,0.14938361568665,0.122794716210082,0.163659114539086,0.0965919999743499,0.128850518222474
2194,0.135033873131866,0.142118716499126,0.149569183573178,0.122898868327621,0.163934369414995,0.09672974463117,0.129202596219317
2195,0.135404803719405,0.142448250357679,0.149821079520247,0.123106315384477,0.164201452286742,0.0968067471132385,0.129341910442945
2196,0.135776627015589,0.142668215580027,0.150108234130272,0.123408708973926,0.164343018607889,0.0970156562765432,0.129483419171849
2197,0.136058335222298,0.142913409735827,0.150338570869374,0.123651248600188,0.164526234108692,0.0971562453944073,0.129705816785082
2198,0.136238258741249,0.143124517564274,0.150445295631784,0.123977932359289,0.164738235348463,0.0972169135063491,0.129942186028576
2199,0.136495717494146,0.143365571366261,0.150670945501003,0.124165819160027,0.164897082587037,0.0972803356716171,0.130121992421907
2200,0.136780790051605,0.143619713061703,0.150990471393597,0.124188276917591,0.164978935567398,0.0973817206869714,0.130371328724396
2201,0.137011004573996,0.143860511027031,0.151189889103564,0.124360508248634,0.165156838119355,0.0974544704888425,0.130546594620529
2202,0.137211642602355,0.144081912100795,0.151337521662683,0.12454731492922,0.16535073298257,0.0974517521890357,0.130580977607787
2203,0.13744287176598,0.144304011055878,0.151553854895147,0.124753464017822,0.165505304165222,0.0975267979004586,0.130726971960409
2204,0.137687784363745,0.144571318013078,0.151723852029801,0.125067670592384,0.165731382477231,0.0977026932217158,0.130943816562604
2205,0.137857698637464,0.14477016416788,0.151942032091804,0.125296163333651,0.165919981992563,0.0977332747344943,0.131127575121824
2206,0.137976167517051,0.144894364973026,0.152307770834307,0.125507071786566,0.166009225144403,0.097608060626779,0.131311345926151
2207,0.138178918473904,0.145064606630178,0.15249870958848,0.125665475400701,0.166166645112737,0.0976804700812237,0.131498833889208
2208,0.138354983681043,0.1451989216171,0.15256518628885,0.125721315053143,0.166386399103769,0.0978664698124465,0.131734628758862
2209,0.138548585110729,0.145378307326297,0.152715616442328,0.125884491001776,0.166539760420499,0.0979340941542603,0.131879297345314
2210,0.13885138844246,0.145627483744267,0.152847464049804,0.126154108595742,0.166601348909964,0.0980539125368698,0.131956955239554
2211,0.139084569185649,0.145861210539688,0.152936060919346,0.126206735879054,0.166866629474384,0.098149200376566,0.132052147887904
2212,0.139274735423666,0.146011662820124,0.153064563735632,0.126273892428117,0.167116617272552,0.098201467511014,0.132187290605545
2213,0.139433771465134,0.146077479136968,0.15326657095162,0.126532041344787,0.167171969354622,0.0981986600566744,0.13232709243903
2214,0.139600226262748,0.14612032844649,0.153489988208533,0.126723643164831,0.167347491057497,0.098383814835173,0.132523376300597
2215,0.139800515207309,0.146288712043336,0.153608161231121,0.126848012569698,0.167566219022583,0.0986618089155761,0.132705744243325
2216,0.13988740757695,0.146569563507653,0.153704117211861,0.127004694363329,0.167583788123374,0.0987234096955692,0.132818725643123
2217,0.139980812410358,0.146811412280353,0.153873513997624,0.127092832117455,0.167634675673591,0.0987547158704611,0.13288956513956
2218,0.140099196497789,0.146954130373879,0.153988708334851,0.127165818485098,0.167770745994167,0.0988367412921874,0.132968598451925
2219,0.140217460353341,0.147034993223691,0.154018223456228,0.127124157019771,0.167913839561148,0.0989057614899149,0.133054572370057
2220,0.140271774893217,0.147140310550924,0.154098737792653,0.127173633854806,0.168031600554823,0.0989324108982109,0.133122298447128
2221,0.140323531240499,0.147189227082153,0.154227471070767,0.127325098397092,0.168299319850924,0.0989619067679913,0.133170599815146
2222,0.140403035048416,0.14723291037025,0.154294738532308,0.127312390045986,0.168344395966528,0.099012534099129,0.133193790969835
2223,0.14046056954937,0.147328174346243,0.154373056727738,0.127196479110601,0.16817822322797,0.0990480821471026,0.133211650853824
2224,0.140471097347664,0.147328372578214,0.154352125630595,0.127138176285223,0.168174861981169,0.0990569279467239,0.133196161168472
2225,0.140519675416489,0.147206629140562,0.154248168506254,0.126988307755125,0.168220440004029,0.0990916743663855,0.133095612991082
2226,0.140480303805569,0.14714877467754,0.154180283328083,0.126944289809915,0.168154637279881,0.0991066710657771,0.133080486947042
2227,0.140294571897958,0.147128601189903,0.154042316710954,0.127063792380698,0.168079785514692,0.0990469894107584,0.133099445038055
2228,0.14022647753036,0.147045161950466,0.153923632855655,0.127004597960547,0.167989228287804,0.0990016602421361,0.133117362633496
2229,0.14024118155966,0.146906506987381,0.15384932888506,0.12687054802514,0.167790629020953,0.0990141803842987,0.133274397634782
2230,0.140132842109598,0.146804691959728,0.153745203294881,0.126732812592896,0.167639177193932,0.0989808727515086,0.133232550990882
2231,0.140034273262127,0.146743128116372,0.153642225780296,0.126486152573127,0.167575579911592,0.098890027565795,0.133042003855233
2232,0.139847296089259,0.146557938726066,0.153464967817645,0.126305550587653,0.167432718665701,0.0988219610326846,0.132876879869891
2233,0.13948519073898,0.146336126533857,0.153277782862326,0.126215103764441,0.167205542835541,0.0987488622918501,0.132633654412728
2234,0.13924954518809,0.146112577146703,0.153036575094847,0.126035035474304,0.166975620560174,0.0986554641814074,0.132398687275621
2235,0.139122227569821,0.145770923463997,0.15272348987432,0.125851283885468,0.166715339935665,0.0985451381824478,0.132194148752496
2236,0.138807305667721,0.145443242236501,0.152323831242232,0.125548540316306,0.166496534033909,0.0984597147604711,0.131936287462417
2237,0.138555927728331,0.145270660548115,0.151984134404353,0.125203268644259,0.166170781452142,0.0983392304415842,0.131718801500944
2238,0.138241731307921,0.145014340221392,0.151668264551707,0.124923475118594,0.165869464340324,0.0982314999448261,0.131339175204597
2239,0.137702299507336,0.144626202821554,0.151271479152709,0.124561426415019,0.165551740910417,0.0980726705718813,0.130969970213723
2240,0.13725164400435,0.144228298419556,0.150880597274843,0.124127062387281,0.165192611647045,0.0977810400795803,0.130764101695974
2241,0.136952963333622,0.143849235028292,0.150437621037295,0.123818938477784,0.164783218286077,0.0975116756659142,0.130424673046017
2242,0.136519630759814,0.143452560902538,0.149861619698489,0.123422871731382,0.164264462839468,0.0973312133797113,0.130009470098931
2243,0.136020959845818,0.142990840691941,0.14933601342253,0.122949521954397,0.163774069668864,0.0970915485515243,0.129608118483918
2244,0.135558645706553,0.142555720555999,0.148821827008014,0.122467199343976,0.163213072536313,0.096904049167174,0.129176182115901
2245,0.134965230036866,0.142055938632799,0.148230710885444,0.121988917137249,0.162669651072102,0.096621627345811,0.128710211847385
2246,0.134114166448947,0.141427597208529,0.147605330464756,0.121365290207366,0.162154248703285,0.0962282276590251,0.128240041528269
2247,0.133505315439268,0.140874393976792,0.146964257541827,0.120852196771331,0.161606371328774,0.0958969414992078,0.127711503246327
2248,0.133038651157285,0.140390122878286,0.146263844236404,0.120500112486,0.161030933239952,0.0955469184987854,0.127097962290069
2249,0.132382521125729,0.139805622116175,0.145528629715063,0.119934926957372,0.160382561532648,0.0952400094789586,0.126563901721771
2250,0.131715627575302,0.139169505101563,0.144744511454007,0.119228124133934,0.159704381243581,0.0950232481608194,0.126056330272103
2251,0.131032125904384,0.138516128988867,0.143994074501767,0.118615480185937,0.159023910378888,0.0946869739817027,0.125484468563679
2252,0.13018456690824,0.137782721453235,0.14321934030133,0.117984260278774,0.158256208716162,0.0942391804682005,0.124908240191173
2253,0.129453559855749,0.137126433018197,0.142459934178759,0.117337372039799,0.157554649209537,0.0939113820416466,0.124316652024921
2254,0.128860310230618,0.136510578246377,0.141729823304667,0.116702284213268,0.156919546321453,0.0936229993267262,0.123654736732713
2255,0.128134291438869,0.135809776938012,0.140984048662015,0.116052011958877,0.15617821894164,0.0932819108131453,0.123028181519086
2256,0.127312175940023,0.135115425432785,0.140265843682635,0.115371138577594,0.155363025044033,0.0930571359385294,0.122440865418721
2257,0.126547470708752,0.134416959806337,0.139453729947047,0.114687261164504,0.15460400904323,0.0926985648783681,0.12182111343022
2258,0.125784269031428,0.133623874450417,0.138589825992565,0.114030312433907,0.1537888051758,0.0920966748530864,0.121190167524013
2259,0.125001581616976,0.132875596779316,0.137755359841302,0.113356595857125,0.153058513003698,0.0916657073177513,0.120547104723963
2260,0.124218193171645,0.132205412833834,0.136894022182469,0.112711140829935,0.152474263735972,0.0912890113310009,0.119904337753192
2261,0.123456763003825,0.131431787745736,0.13590467552225,0.111876086993922,0.151749545271827,0.0909415967532478,0.119219945068601
2262,0.122739199273286,0.130592998198833,0.135193156493359,0.11110595955456,0.151078333267065,0.0905996677021182,0.118572749044892
2263,0.121916627701707,0.129952057764228,0.13450356945147,0.110568179972182,0.150404954259446,0.0902149560678597,0.117837388406773
2264,0.121134728933073,0.129346950351368,0.133634711212266,0.109943879107646,0.14964330011946,0.0897690601531241,0.117117176615578
2265,0.120512630387148,0.128639977559448,0.132874514123134,0.109232857313127,0.14896022922127,0.0893685611327705,0.11664261015671
2266,0.119881938705736,0.127962767835567,0.132206593254493,0.108713957685106,0.148221326574537,0.0890093983219284,0.116133831050197
2267,0.119208031818463,0.127362929712656,0.131452673814122,0.108120461227319,0.147478127788052,0.0887494875153672,0.115584879573396
2268,0.11848945263133,0.126769892824398,0.130714329444659,0.107420116339621,0.146813404646449,0.0884241696416082,0.115064800106424
2269,0.117686649093913,0.126153207265939,0.130114957702812,0.106638108898009,0.146167437310722,0.0880692819568951,0.114545883860871
2270,0.117119957247705,0.125628287308887,0.129435897065583,0.106102435212105,0.145591635559352,0.0877374200417128,0.113999770089201
2271,0.116652762890985,0.125199835070474,0.128520934928882,0.105496941862704,0.145110942663196,0.0874040453885122,0.113411587893112
2272,0.116073028347722,0.124725228580869,0.127981933021153,0.105034033141074,0.144586040849391,0.0870963262346855,0.1129932834977
2273,0.1155888348591,0.124236478516394,0.127809514210464,0.104938418304488,0.144091409570289,0.086850388069487,0.112676261578672
2274,0.115117208538723,0.123842162189387,0.127221578120188,0.104542673589288,0.143593590271857,0.0865579409995738,0.112264517408993
2275,0.114472016699752,0.123555761322792,0.126475636325603,0.103911636546075,0.143081472452598,0.0862218977369859,0.111952869708052
2276,0.114030334512229,0.12311771550422,0.126008707930475,0.103555479643666,0.142609286298306,0.085924035323578,0.111531691051845
2277,0.113917117878299,0.122650954240383,0.12547855684772,0.103300027108693,0.142151444835819,0.0856180163206828,0.110849855673307
2278,0.113527764391243,0.122231975174204,0.124986821921765,0.102988122383487,0.14171864013232,0.0853234095449267,0.110488034566519
2279,0.112922153609153,0.1216809121912,0.124884812147348,0.102844027384117,0.141333903394216,0.0850623785879094,0.110361885180482
2280,0.112540487580367,0.121265902107993,0.124435795368626,0.102528287333951,0.140926976395699,0.0848248852868488,0.110066679002185
2281,0.112278110458582,0.121021614923386,0.123516448821285,0.102018262647959,0.140524966033363,0.084591290087493,0.109875010694049
2282,0.111856312491241,0.120701487109216,0.123008732618251,0.101662484345748,0.140136557939159,0.0843716253485976,0.109596637369694
2283,0.111426107264278,0.12037734873257,0.122780650353419,0.101367381215214,0.139731153150783,0.0842114421793876,0.109154143848422
2284,0.111073846271206,0.120051034929135,0.12232137919486,0.10099967260639,0.139356458641796,0.0839957200934893,0.108767543257834
2285,0.11062252234568,0.11976773890303,0.121877004055208,0.100642481842003,0.139059487193194,0.0837285554901693,0.108395784854776
2286,0.110207042036896,0.119382118445501,0.121465135378503,0.100297495974544,0.138687819716528,0.0834903635242376,0.108033336283894
2287,0.109994957978907,0.118849835294079,0.120884888028871,0.0998996822264264,0.138318904833416,0.0832917244445808,0.107641800564415
2288,0.109651870549907,0.118471641754223,0.120359564159082,0.0995293910807578,0.137879165289192,0.0830391404696669,0.107290295241691
2289,0.109100601085867,0.11820888126219,0.120077259462498,0.0992975872801986,0.137354964660901,0.0827760336545064,0.107085258563252
2290,0.108672639852581,0.117796353464219,0.119607120862455,0.0988930480929879,0.136845923724675,0.0825058991284118,0.106712277330619
2291,0.108411603345774,0.117365041438087,0.118870593506482,0.0982932334053892,0.136216667887586,0.0822127445162951,0.106173231226595
2292,0.107972504655276,0.116962877102057,0.118314000738789,0.0978350018951925,0.135720010982323,0.081849075694512,0.105749506667748
2293,0.107411525734434,0.116403570108594,0.117843094230872,0.0974542271004541,0.135351360326593,0.0814091569446346,0.105287105816142
2294,0.106929483712251,0.115955888522416,0.117300948168086,0.0968982445257088,0.134893828999511,0.0810275650022545,0.10486278469553
2295,0.106402094981965,0.115574054199487,0.116750655305758,0.0964727830278786,0.134459829228773,0.080573484642887,0.104547789939582
2296,0.105877623812467,0.115098279301547,0.116234956109986,0.0960381848305509,0.134066902489253,0.0801949834135451,0.104088271932622
2297,0.105537732583592,0.114648943677786,0.115645323231036,0.0952877204286606,0.133444472401535,0.079999376987094,0.103524511507597
2298,0.105022473313742,0.114246188173095,0.114833459751056,0.0947000279140921,0.132706441420952,0.0797228870074015,0.103026304191159
2299,0.104442514585073,0.113824371864358,0.114164025689565,0.0942911492578737,0.132138024569795,0.0793756353583925,0.102522769419354
2300,0.103703872158881,0.11354784668173,0.113512089822338,0.0940623215317371,0.131588129003588,0.079018984185602,0.102028699047172
2301,0.103129660129289,0.113012786159545,0.112950293716606,0.0935687619515827,0.131018117716608,0.0786278207798515,0.101537415436715
2302,0.102551507040618,0.112276529916057,0.112485779852291,0.0931527345741062,0.130547876621356,0.0780965734518618,0.101057131107441
2303,0.101988030522,0.111695747356482,0.111830351420875,0.09266499019694,0.129999118201241,0.077735704151678,0.100546284508193
2304,0.101483836737712,0.111043330709406,0.111093380191498,0.0918917823562355,0.129342266360366,0.0774682452915026,0.0999905093898434
2305,0.100961303211517,0.11050153058462,0.110544605364025,0.0913494791347631,0.128753397373765,0.0771145440163393,0.0995370917357402
2306,0.100369141847156,0.110066892043031,0.109939261274943,0.0910315634659586,0.128176137709456,0.0767664714456439,0.0991231286834165
2307,0.0999559418466084,0.109637732629609,0.109418442236161,0.0905501570049039,0.127690770405345,0.0764526951643051,0.0986985526600375
2308,0.0996926072728495,0.109287560782555,0.109140504166458,0.0899136820531658,0.127216549473188,0.0761270153247603,0.0983489627582339
2309,0.0993148582742293,0.108808023960612,0.108698776789361,0.0895259825907659,0.126820687708641,0.0757975136369715,0.0979557680299402
2310,0.098997386597515,0.108267270408382,0.108072777904693,0.08922447048303,0.126628244236177,0.0755110726440269,0.0974813178135841
2311,0.09861087167428,0.107833256308959,0.107686205593727,0.0889312887375805,0.126251758124787,0.0752078266845261,0.0971140650183009
2312,0.0980711260160886,0.107351172112492,0.107470506535753,0.0888337996576453,0.12572662604958,0.0748786753261401,0.0968252168973873
2313,0.0977184394153911,0.106924390998141,0.107151286279394,0.0886088667965519,0.12539000763645,0.0745447164769883,0.0965042408382543
2314,0.0975160234934503,0.106600898771526,0.106879239382404,0.0882675296195348,0.125149242207847,0.0741704852984921,0.0962291320882945
2315,0.0971643737441674,0.106314143518608,0.106577555056853,0.0880588949141673,0.124763239360719,0.0738996634452257,0.0959282225449771
2316,0.0967652517299385,0.106048901924953,0.106162535948878,0.0879886909923656,0.124425135006039,0.0737013214479617,0.095611086711482
2317,0.0964746396100596,0.105751104047388,0.105888500706526,0.0877439583434677,0.124096202579077,0.0734244524873852,0.0952774079281079
2318,0.0961626084843197,0.105620281940202,0.105806522095089,0.0874511035432601,0.123596085715462,0.0732069513296272,0.0948847681078519
2319,0.0958544402393796,0.105306853067466,0.105528142094307,0.0871879315288035,0.123203919616945,0.0729474448544676,0.0946041519924454
2320,0.095725096770101,0.104715285700135,0.105204945043991,0.0868147567335969,0.122930846119186,0.0725739495652539,0.094418328379222
2321,0.0954354968993227,0.104348909492443,0.104869473359295,0.0864578301999627,0.122653655072035,0.0722432022918123,0.0941129758966188
2322,0.0949665013612878,0.104094742248648,0.104336092480165,0.0861682208435248,0.12244525464724,0.0719688905189616,0.0938045477122089
2323,0.0945921900144113,0.103749754215227,0.103952867644479,0.0858699328924378,0.122117557838395,0.0716705746312202,0.0935274417763451
2324,0.094198391127434,0.103524889397471,0.103730598092104,0.0855147303227312,0.121801566935144,0.0713061495902706,0.0931692823564216
2325,0.0938544688987,0.103176838528279,0.103398455698085,0.0851662737278296,0.121428725200702,0.0710110095667271,0.0928434287360867
2326,0.0936153969554741,0.102611892986592,0.103025814345351,0.0848762923273598,0.120839267388539,0.0707450652410836,0.092672020484764
2327,0.0932805516946629,0.102160012372779,0.102682038231384,0.0845309629881546,0.12038185361706,0.0704964163716857,0.0923459123773205
2328,0.0929021090730262,0.101763538240387,0.10240159090839,0.0840766022828757,0.120000694470834,0.0704093739361279,0.0917950792980836
2329,0.0925425400038492,0.101338443609249,0.101954989973202,0.0837271112052105,0.119608472451337,0.0701151822270622,0.0914171188755957
2330,0.0921256888259344,0.100912649250859,0.101331263957575,0.083511402382198,0.119306616157252,0.0696378120049974,0.091088844270341
2331,0.0917339836023871,0.100515529278234,0.100884085938133,0.083147020127064,0.118919913235517,0.0692978760878143,0.0907534422659572
2332,0.0914247015065837,0.100127011124473,0.100465784382715,0.0826824819739536,0.11849686964248,0.068865825598124,0.090610570143214
2333,0.0910500659397004,0.0997096496296046,0.0999503488464736,0.0823107067416513,0.118054745303164,0.0684993428481397,0.0903123037754196
2334,0.0906598858937915,0.0993308763427991,0.099526729121982,0.0819843940654499,0.117580810883674,0.0683568426670716,0.089898451368933
2335,0.0901764473192252,0.0988918696131913,0.0990743965976032,0.0814915250487034,0.117014743421797,0.0680556489350786,0.0894198347826244
2336,0.0897313332179768,0.0984762953497279,0.098599481276245,0.0810321233518163,0.116553259906439,0.0677120569918194,0.0889995236675248
2337,0.0893742609597449,0.0981512637680949,0.0979852563511361,0.0806259497685754,0.116021093622184,0.0675330694145864,0.0886525592571119
2338,0.0889227724252705,0.0978229525852276,0.0974189039709517,0.0802427960946774,0.115489005722939,0.0672540646899538,0.0883065588601915
2339,0.0884731042494231,0.0974649430499921,0.0970490770158632,0.0798467295010735,0.115095151455586,0.0668979803411851,0.0878699371052809
2340,0.0880289699150186,0.0970707643404898,0.0965187176510082,0.0794469907724982,0.11458563349371,0.066516017081524,0.0874613841076114
2341,0.087495985467495,0.0965799520733746,0.0958062187476692,0.0791878875650604,0.114015492417436,0.0659905976259208,0.0869481977551347
2342,0.0870840586006776,0.0962013473148944,0.0953731959591278,0.0788216056333039,0.11356367920903,0.0657040252478817,0.0865714952380668
2343,0.0867685481831908,0.0958737111611112,0.0951029095322351,0.0782768472085052,0.113091894647048,0.0655112725311108,0.0863089544956796
2344,0.0864096816830944,0.0954932742814255,0.094657303432716,0.0779711448864735,0.112753642390498,0.065249169758695,0.0859393032803364
2345,0.0860761160300935,0.0951297436741371,0.0942260394073097,0.0779066474329844,0.112564107371197,0.0650968648657013,0.0855632011727458
2346,0.08571210324664,0.0947486806578524,0.093859647886582,0.0774698803807622,0.112304025710698,0.0648491330621984,0.0851520315769079
2347,0.0853045265433895,0.0943417970115838,0.0934318150894986,0.0768431123467109,0.112159651157216,0.0644866331531038,0.0846280782944327
2348,0.0850066439310594,0.0939170338860605,0.0930442986056809,0.0765101086910443,0.11177585983101,0.0642242233312142,0.0843151490372106
2349,0.084763525684348,0.0934330487983399,0.0927840100675619,0.0760755639156986,0.111198930770134,0.06403504684107,0.0840696778347794
2350,0.0844744350911383,0.0931092836077325,0.0924543076583778,0.0758118192034943,0.110866049819451,0.063763454404151,0.0838509734783467
2351,0.0842432176876338,0.0928606532816193,0.0919924888285105,0.075904545721684,0.110537613084974,0.0634008144149159,0.0838458966270267
2352,0.0839689874911896,0.0925287688455594,0.0916925742722401,0.0757587794257488,0.110164030644094,0.0632122054931477,0.0835880006123199
2353,0.0836474020308799,0.0923213513736193,0.0915956541650696,0.0755019583243175,0.109941304412761,0.063162509329501,0.0831721100862092
2354,0.083319100099681,0.0919659089931236,0.0912660071994141,0.0752624351824293,0.109622017925011,0.0629170124296215,0.0829121048741857
2355,0.0830264261573349,0.0913222172653706,0.0908299733436371,0.0750679049277585,0.109140546804691,0.0626744311911362,0.0826435074214238
2356,0.0826566328310304,0.0910504048235221,0.0904897316271449,0.0747835937376569,0.10873594212107,0.0624266428641974,0.0823327038093172
2357,0.082139678666879,0.0910733921866303,0.0900976228428243,0.0743788656495542,0.108428386436849,0.0620089779638583,0.0820495706660061
2358,0.0817979064165316,0.0907704726148064,0.0896994155155633,0.0740340006142233,0.108064533750594,0.0616828807418116,0.0818437833475818
2359,0.081549573555298,0.0904510427455754,0.0893111228415941,0.0736887349085683,0.107598304982613,0.0614720842326726,0.0816609905881892
2360,0.0812177290564353,0.0901644121770397,0.0890333280621554,0.0733424662197691,0.10722220473375,0.0612115201554538,0.0813671976130932
2361,0.080985087869588,0.0896586481317679,0.0888332580061418,0.0729387396210235,0.106968388605575,0.060849022569368,0.081126649703387
2362,0.0806183568589819,0.0892709720771962,0.0884715927149981,0.0726628736794217,0.106568413866793,0.0605971174233158,0.0808542933875401
2363,0.0800332217662276,0.0891109974948211,0.088169955697351,0.0725540332080229,0.106036320806687,0.0604522736798385,0.080427646438338
2364,0.0796552953696799,0.0887791165896162,0.0878040032676396,0.07222059515726,0.105675797102475,0.0602673462885426,0.0800428130716009
2365,0.0793471658698832,0.0882575654532552,0.0872161299356498,0.0717688317916951,0.105391080010068,0.060104418395386,0.0797006388201848
2366,0.0790306385841245,0.087860826068133,0.0867145621326904,0.071490790219104,0.104994352023946,0.0599150689546521,0.0794080741168258
2367,0.0788238651011665,0.0874922085045617,0.0862343972399998,0.0711352544057882,0.104707701732219,0.0597757313840356,0.0791267083045867
2368,0.0785621052397456,0.0871563855053289,0.0858749735761825,0.0708459490031135,0.104274076427728,0.059505470614511,0.0787613509057263
2369,0.078248745815355,0.0868308531189137,0.0856117770248639,0.0708615920504855,0.103464073524391,0.0590816426244613,0.0784248174119614
2370,0.0779666158182139,0.0865835279405134,0.0851985346857279,0.0706215696140272,0.103056191099611,0.0587969600353156,0.0781052026639296
2371,0.0777936141779629,0.086578084195842,0.0848563846187762,0.0701050574204755,0.102960830912334,0.058456471289028,0.0776150157240058
2372,0.0774508038950374,0.0862425589934468,0.0844607782077195,0.0697953020514007,0.10262846919459,0.0582210260172257,0.0772933885959108
2373,0.0769780952147762,0.0855637867465468,0.0837615901694937,0.0696320609788414,0.102427082046125,0.0581586479109215,0.0772191271522133
2374,0.0765693247244084,0.085299025296369,0.0833434735238087,0.0692709842008254,0.102070328120277,0.058034884583249,0.0769742908277921
2375,0.076043916839524,0.085220504987269,0.0832912806676773,0.0687810613385869,0.101275082335354,0.0579779975362826,0.0767098772011036
2376,0.0756105445419334,0.0848583356124943,0.0829050338872236,0.0684688548588438,0.100889985446135,0.0577950301919722,0.0763820290263212
2377,0.0753613011940369,0.084590002002506,0.0822684156507992,0.0681441958092954,0.100913496321391,0.057513150358318,0.0759311554818901
2378,0.0749342372940678,0.0843744417223087,0.0819312568062848,0.0677795595843679,0.100565897760621,0.0572949291475844,0.0755268679566827
2379,0.0742805767109795,0.0838603063700067,0.0816960084749778,0.0676172758854838,0.100119570680888,0.0570471506458941,0.075101211614005
2380,0.0738904956331211,0.0834487114623692,0.0812803130371826,0.0673196818831822,0.0997842932604737,0.0567608563976193,0.0746822202267115
2381,0.073549104424541,0.0834837116229894,0.0809827815454654,0.0666763402719057,0.0993231146757944,0.0564662452908692,0.0742506028429134
2382,0.0732556467989995,0.0831447976359989,0.0806770253088608,0.0663434753936664,0.0988028797886968,0.0562239109647401,0.0738585403201461
2383,0.0734269242415312,0.0822414068634165,0.0801470061700945,0.0664614021492794,0.0983043446408621,0.0559301171298805,0.0734799549160347
2384,0.0731281912979604,0.0817663911695572,0.0796503813104991,0.0660977818838417,0.0979511842476733,0.0556772178047346,0.0731152436142933
2385,0.0723184507548691,0.0814326449127436,0.0793313369007124,0.0654104902330481,0.0975838183232379,0.0556414410593574,0.0727748051237122
2386,0.0718980206822852,0.0811082950013147,0.0789277850371685,0.0650147355485612,0.0971300020155559,0.0553809428604929,0.0724700892918477
2387,0.0714402373156276,0.0811206315792141,0.07828839713672,0.0643282371877285,0.0968127451285221,0.0548277083456501,0.072269070158496
2388,0.0710509020955941,0.0809215975150736,0.077796899854707,0.0639398719223711,0.0965058426464052,0.054527558901499,0.0719389913189791
2389,0.071174169082129,0.0806987312082021,0.077553571475426,0.0643171227811591,0.0961013331054752,0.0543508668231939,0.0715511542298428
2390,0.0709086322522267,0.0802669170863115,0.0770924988882506,0.0641331155986014,0.0956151039358911,0.0540314840051372,0.0711855376374497
2391,0.0701536267815244,0.0794182394344413,0.0763414323420833,0.0635414635237616,0.0950699111051608,0.0537466694462037,0.0706299599389359
2392,0.0697462955152869,0.078943827754723,0.0759167171406016,0.0631554464872998,0.0947328502569068,0.05353203516319,0.0702689578889573
2393,0.0695551056385672,0.0786386660228784,0.0756259306502159,0.0625325562991581,0.0945060617162519,0.0531080408401214,0.0701152773520629
2394,0.0691141617514895,0.0781510824064993,0.0752612075213674,0.0621015964365341,0.0940685351018905,0.0528829182737048,0.0698879739780483
2395,0.0686076725965696,0.0778544758586354,0.0751898927963543,0.0620072794297855,0.0937913205460997,0.0531575485278554,0.0698783300908842
2396,0.0682782648879078,0.0774646975655807,0.0749480063246247,0.0617836730552897,0.0933783934843304,0.0530147267962568,0.0695852776015684
2397,0.0678923852576284,0.0765894153839431,0.0744646515212239,0.0615046781042951,0.0923719777196734,0.0525479649953752,0.0689138515474367
2398,0.0674171601002142,0.0760966613138684,0.0740372882528116,0.0612635088948329,0.0918171716771888,0.0522767276802176,0.068509073258471
2399,0.0670304117849933,0.0760952643279567,0.0736331581450775,0.0612028014611998,0.0918135092789992,0.0517672935481954,0.0680841081481679
2400,0.0667602287323376,0.0757941234433009,0.0732079128936985,0.0608488561054546,0.091431235644951,0.0514831155142047,0.0676923448967881
2401,0.0664045321347063,0.0753868461882225,0.0727780875820665,0.0600937451313946,0.0909196065617202,0.0517285576797515,0.0676252744016651
2402,0.0660420490904272,0.0751100980825522,0.0722917822196462,0.0597007419487289,0.0905480683270088,0.0515923818440655,0.0673601607012203
2403,0.0660513364345256,0.0748425525526871,0.0717460561430003,0.0594429667693129,0.0899776925949764,0.0513444323330159,0.0669381583970895
2404,0.0657649846836213,0.0744124618084151,0.0712068828886971,0.059003405577426,0.0894778433306815,0.0509878254988775,0.0664960608680725
2405,0.0650673976264445,0.0739115583870374,0.0705584285380054,0.0588461328858593,0.0894030034903813,0.050046846968312,0.065830147690002
2406,0.0645296923730576,0.0735904707257747,0.0700272162821884,0.0584964406936382,0.0890016527028511,0.0495786896200546,0.0653860762084171
2407,0.0638718423213469,0.073247814472342,0.0697142441685847,0.0575316233686637,0.0880840075838124,0.0494833034492514,0.06494819897276
2408,0.0633914176924297,0.0728238921421041,0.0692009308116463,0.0569713213986609,0.0875569670748314,0.0492070120675082,0.0646825976190454
2409,0.0631922598610112,0.0727318815300975,0.0684513983568316,0.0567900485580907,0.0871861704478994,0.04916328485786,0.0648509487309226
2410,0.0628496212333103,0.0723411764288452,0.0679427953859571,0.0564320974435624,0.0867547660924548,0.0490235739144215,0.0647831340207475
2411,0.0625091274172522,0.0713080621866879,0.0674248885934952,0.0560353785395805,0.0867127862854532,0.0485541037705889,0.0649039075000609
2412,0.0621719708628994,0.0706995745207219,0.0669795553490131,0.0558383210149796,0.0863871051276447,0.0482348099973088,0.0646119738884211
2413,0.0616757600697032,0.0703305613151601,0.067033724859363,0.0558767867362698,0.0855744199925049,0.0481835976058743,0.0635606891536098
2414,0.0612896613586847,0.0698819121841016,0.0667189452648968,0.0555562268097757,0.0850623476949326,0.0479402413854129,0.0630512076733464
2415,0.0612127385735579,0.0697319898507421,0.0659386934678812,0.0549422950148728,0.0847975027612911,0.0474643855609998,0.0627254431868807
2416,0.0608547490607776,0.0694385386946611,0.0654552683594309,0.0547634610527054,0.0842938152186948,0.0472166594268224,0.0622565558352287
2417,0.0604032728030952,0.0691109492319593,0.0649671850198115,0.0547734632518146,0.0837722699212427,0.0471845493657599,0.0618950502490059
2418,0.0597521057642444,0.0684039842364259,0.0645429723589197,0.0544564855508062,0.0833064820155373,0.0467955555376531,0.06191320740684
2419,0.0593258438156588,0.0678551328943727,0.0642694636747625,0.0540284042240516,0.0825148719376334,0.0464729146334829,0.0615037619692958
2420,0.0587375069149811,0.0674383988478548,0.0639189964983773,0.0538980249395111,0.0817436749579701,0.0464271907373935,0.0610572642506373
2421,0.0581116613932476,0.0670532326275205,0.0632075953312724,0.053420952033895,0.0817573351308531,0.0463707141660584,0.0608968378392066
2422,0.0578087225696952,0.0667012983430445,0.0626956548613545,0.0523932837287924,0.0815278274695763,0.0461042634916775,0.0602277028300321
2423,0.0573601043778481,0.0663384877788105,0.0625605697371458,0.0520872418447535,0.0809616672559579,0.0459528586798255,0.0596194525248291
2424,0.0566802582427099,0.0660426149328204,0.0620904332826177,0.0520752604801467,0.0807197927376539,0.0462835903412155,0.059400248134184
2425,0.0563370321002482,0.0655875926942917,0.0615116385401209,0.0517668587989565,0.080016858415448,0.046211042009716,0.0589639276419416
2426,0.0562615444454279,0.0651359384743475,0.0612427097313053,0.0516099033224181,0.0792833412649972,0.045615267688991,0.0585977408920626
2427,0.0558109777057984,0.0649915814566321,0.0608300158988044,0.0512135092635166,0.0789315498770444,0.0453328965757822,0.0583953655162936
2428,0.0551733970643684,0.0647631035898336,0.0602723997638937,0.0506493117222896,0.0784936693180188,0.045034608378314,0.0577365193696032
2429,0.0547715939034687,0.0641352576039639,0.0596017020558322,0.0503804988101825,0.0781903755506778,0.0443973671500612,0.0571109732318221
2430,0.0543340095870384,0.0636857993808131,0.0588443535569433,0.0500197105581924,0.0775637355959024,0.0441394133434931,0.0571057745908674
2431,0.0539387692785255,0.0636790312351792,0.0583854046327595,0.0494115260725016,0.0769825928734754,0.0439624557098115,0.0568179613154646
2432,0.0535099618777809,0.0633454605267749,0.0582743658936152,0.0489649897956058,0.076885155166076,0.0432128971887031,0.0563563499627867
2433,0.0529016584248154,0.0624499005595169,0.0581005688035756,0.0487645721191578,0.0763101783908166,0.0429965822859482,0.056327147753572
2434,0.0527834744699482,0.0618881833037292,0.0576382078222617,0.0485361232441068,0.075867489439125,0.043152096570654,0.0561718854301993
2435,0.0530981484416302,0.0618785111564472,0.0571231580024744,0.04812666893566,0.0754767391659672,0.0427184723266035,0.0558234135897602
2436,0.0531130912649997,0.0611335589347508,0.0565090072732923,0.0478121602643101,0.0745861730185715,0.0423284753877352,0.0554437942391056
2437,0.0526680481802212,0.0601673470065344,0.0560288386804735,0.0472420814628988,0.0741185300653656,0.042300094865114,0.0546304563888981
2438,0.0520719251876448,0.0602370209849818,0.0561252938964419,0.0464953670194435,0.073776032203899,0.0419885359960226,0.0536466548106856
2439,0.0516392051064903,0.0598131901265033,0.0560781844450605,0.0464760648865824,0.0732814159042436,0.0413930495033064,0.0529843682206885
2440,0.0512152000427626,0.0584629291614503,0.0553783382354847,0.0462941222925141,0.0726499823091419,0.0413144347855887,0.0526288702568338
2441,0.050797629957578,0.0581939124751135,0.0551141102026528,0.0453531792739963,0.07218677077455,0.0413473972040603,0.0526631886801811
2442,0.0505245032230865,0.0587827870481794,0.0549241187868543,0.0448670202973598,0.0720553063751008,0.0412914887681796,0.052580857039835
2443,0.0498575244341865,0.0585132808034936,0.0540361786671374,0.0450282426583926,0.0715305435017649,0.0414740042944119,0.0521017032353998
2444,0.0491824089942098,0.0579244459224027,0.0536686809433145,0.0450236635632546,0.0713544559886345,0.0411748772926723,0.0518236240148815
2445,0.0494435037890493,0.0575806398359668,0.0531686494985673,0.0448943953962396,0.0711336926570135,0.0402553870683989,0.0512695439908008
2446,0.0494266210436084,0.0567407553284005,0.0522728982389187,0.0444916950719445,0.0700408084975795,0.0393525743669525,0.0504827076105389
2447,0.0486182838386671,0.0558869799507288,0.0520766967451914,0.043662617241693,0.0693972965989082,0.0392269401514426,0.0504529459956891
2448,0.0482233075537898,0.0556256989307692,0.0518341444018617,0.0431319357270432,0.0691624133905375,0.0394928483598843,0.0503158080796869
2449,0.0480171761590452,0.0552911060525644,0.0514469451211969,0.0430038126603042,0.0687982159152996,0.0393920174668539,0.0501405067327511
2450,0.0473142626396685,0.054894155250692,0.051264701342734,0.0428164906528666,0.0688383659704255,0.0393910665796963,0.0506051646684011
2451,0.0466381687432479,0.0544878745628594,0.0510986970376154,0.0427402780611476,0.0689760807414365,0.0390378435864725,0.0501444634146147
2452,0.0465666263007577,0.0538718838970641,0.0505638392731541,0.0426783078062287,0.0683564997823576,0.0383152031468835,0.0491555777419097
2453,0.0462829723292177,0.0539738930299769,0.0497322607412342,0.0419852873422899,0.0675130799279354,0.0379748966534311,0.0493002108008179
2454,0.0453949085546569,0.0538915630078079,0.049406394189642,0.0415185160301582,0.0671789312957333,0.0377624143437342,0.049198563810168
2455,0.0455943598230912,0.0527270962301212,0.0485601325374302,0.0409192621268772,0.066436201646878,0.0379754707676019,0.0483604151137597
2456,0.0452302245507214,0.0523604765475439,0.0480178038578804,0.0405372770363948,0.0658907681931334,0.0380023531801594,0.048064960506303
2457,0.0439547527317434,0.0523906897024571,0.0481782894121326,0.0411705579485241,0.0649654719919513,0.0384669037291408,0.0472448201088574
2458,0.0432911695271776,0.0519600039533475,0.0479764429641526,0.0409540888373617,0.0645772345506117,0.0383617638963615,0.046691944746982
2459,0.0426697298978117,0.0518585451481596,0.0475301407290404,0.0398472892742422,0.0654074733795354,0.0371980417031652,0.0473571293959676
2460,0.0421988705712925,0.0516951983270103,0.0472413086998994,0.0393453468050416,0.0652835402666447,0.0368230019314137,0.0472836324217447
2461,0.0423875810408448,0.0506848783979358,0.047070069642328,0.0382511130272485,0.0644930862160921,0.0368524515743634,0.0462764424346746
2462,0.0423711243325547,0.0503132142968572,0.0466472271357347,0.0379965038820361,0.0641514181394718,0.0366071427029275,0.0457817076653332
2463,0.0422100878326067,0.050850636903487,0.0459554534537832,0.0396770163457257,0.0634501878274388,0.0369108765780029,0.0453882921001291
2464,0.0421392015324808,0.0508022787450042,0.0456504821528386,0.0397633336664696,0.0628536244419294,0.0368751447616128,0.0451168272641191
2465,0.0422654235528972,0.0505650586149039,0.0453641828331035,0.0388459364802524,0.062869883508508,0.0358649240672153,0.0451836335398642
2466,0.0421225194318397,0.0503914356254882,0.0450540593878362,0.0386245041759106,0.0628427612197283,0.0355097182710232,0.0451300705119883
2467,0.0419342926359705,0.049914034179097,0.0451987759097849,0.0377940517739889,0.0625966604931898,0.035744426439966,0.0451569217701562
2468,0.0416161355440162,0.0495316740588505,0.0451168814337511,0.0371551831922573,0.0621684577561991,0.0356905921258128,0.0449424750610479
2469,0.0407316642593875,0.0494478404561628,0.0445465160067359,0.0372250715861116,0.0616326497754681,0.035755335184501,0.0444960394442324
2470,0.0402801200155655,0.0491362342210467,0.0444182043072001,0.0372851351321697,0.0615168675307529,0.0358544887828119,0.0442983425351776
2471,0.0399919931866066,0.0488197971780366,0.0450348378104909,0.0371735920558751,0.0617226670462686,0.0360743345079415,0.0442361315259738
2472,0.0398578478954542,0.0481260101860093,0.044907657158028,0.0369743552013969,0.0613173049515859,0.0358388865546028,0.0438632679514991
2473,0.0403600513738469,0.0462869770859111,0.0442892405953905,0.0371984766906229,0.0609859879936847,0.0351556240069337,0.0432188209454612
2474,0.040236245373549,0.0459268564898581,0.043898131205571,0.0371890113922992,0.0607132973821183,0.0349630455482253,0.0430469509732268
2475,0.039581702088895,0.0467892773391919,0.0430066427322867,0.0364368420829666,0.0595220427149043,0.034759586182341,0.0427997235788667
2476,0.0394689431664578,0.0465371530213017,0.0423408936444802,0.0361147491581274,0.0588402189609589,0.0341920587277812,0.0426815428755875
2477,0.0395729048934438,0.0462210243101349,0.0422925018214044,0.0364311536927768,0.0586514679670428,0.0337036754468401,0.0438866923228033
2478,0.0391553686340179,0.0466914305248394,0.0419126944227855,0.0364369046629493,0.0587060992808938,0.0335918789228523,0.0436408583124281
2479,0.0383582405700663,0.0468810534347851,0.0408180501369703,0.0362713704776535,0.0595967236960593,0.0332544383969131,0.0414292607817709
2480,0.0384554833992433,0.0468384009692638,0.0405911668867509,0.0360990364047668,0.0592094411681946,0.0329291961248712,0.0410547053035825
2481,0.0392539164073349,0.0485910819047286,0.041232211804343,0.0357820522945768,0.0578316127015837,0.0334560826816312,0.0412519872828143
2482,0.0387896964904393,0.0488702242759942,0.0409406042594079,0.0354111653002565,0.0576408008786276,0.033412081767953,0.040886722700064
2483,0.038264299690879,0.0466270588683177,0.0405980814895228,0.0349026100304332,0.0573560090237616,0.0321137620745024,0.0416580974105658
2484,0.0379270127472655,0.0456695275016587,0.0404757975615915,0.0347330601813744,0.0568611891780806,0.0318091692223886,0.0421287380962867
2485,0.0356937221263954,0.0449844362080584,0.0394694256628392,0.0351200968522774,0.0575493746215846,0.0322228597253327,0.0415812829651322
2486,0.034813439958634,0.0445328291840415,0.0392210534721923,0.0345253666918223,0.057769238008021,0.0324642054947029,0.0410672085603335
2487,0.0364631113756096,0.0446240384881054,0.0399228336408135,0.0334299357490647,0.0565317290884767,0.0337551609784829,0.041044194489628
2488,0.0364733397949144,0.0447220602597341,0.0402724204155595,0.0327266471601047,0.0561349607967514,0.033751561533839,0.0412869750359681
2489,0.0345032693981624,0.0457446745226581,0.0411289128325133,0.0303401892296337,0.0570447407747339,0.0323457368136162,0.0410459552835365
2490,0.034892124899575,0.0454110009270999,0.0410049349739707,0.0303076397059763,0.057213844460069,0.0319451809332426,0.0407181141207013
2491,0.0372273914989704,0.0436689345674819,0.0400798821081054,0.0330901865974027,0.0572175379953678,0.0313000965194554,0.0410086560617438
2492,0.0370651253505687,0.0432916077966365,0.03996559555545,0.0338487031035092,0.0564638520955373,0.0310484731412301,0.0411357869715338
2493,0.0370081695408839,0.0427378529725635,0.0393257390752455,0.0354238262419641,0.0541811856801686,0.0317892636308164,0.0409773515883559
2494,0.0369629005068952,0.0426735349566952,0.0386125571141201,0.0356383890052504,0.054267540939779,0.0320769036130724,0.0403262738900529
2495,0.0338140716480753,0.0439678798376518,0.0385970808816555,0.032385463413908,0.0554503190462571,0.0319033071671361,0.0395191880608689
2496,0.0330423918278342,0.0447789986426621,0.0388553929144996,0.0326557103360348,0.0556419771894962,0.0319545973851581,0.0391931472781729
2497,0.035371038990913,0.0460242400935185,0.0386857367106551,0.0357192479099729,0.0576571535138286,0.0328823934705136,0.0380504027596359
2498,0.035915059077832,0.0454845404341142,0.0384348282469518,0.0358248367542087,0.0583106789480446,0.0326017091563392,0.0375290707679338
2499,0.0356145392699514,0.0436928923074798,0.0394923915980801,0.0358799180602023,0.05629914058793,0.0309005260770485,0.0383958396221572
2500,0.0359779700905796,0.0436094067175207,0.0392789354011112,0.0363508783481658,0.0554126286398586,0.0308015010414961,0.0384764300874987
