"wavelength","301","305","309","313","317","321","324","325","329"
350,0.0446710396886085,0.0545259116347102,0.0521071217747628,0.0724373485629402,0.0713001346293547,0.05863781687756,0.0348030460583403,0.0432563497011322,0.0438059442913677
351,0.0500197357005629,0.0567397141342387,0.0544349853868866,0.074422343188038,0.0737271425869842,0.0604929342590574,0.0370445005624567,0.0437926806313066,0.0445839746234183
352,0.0470045155217517,0.055843126057284,0.0523863102674708,0.0712162528458069,0.0741074991221718,0.054732630821583,0.0342095177024057,0.0374857955064071,0.0434833772996104
353,0.0461776822852749,0.0559864887036385,0.0509064564689614,0.0716444266521016,0.0759371851427999,0.0576237913733972,0.0353902145841039,0.0428093942754729,0.0420896191957258
354,0.044488548733936,0.0527560347725757,0.047761833175954,0.0704460848895003,0.0746040029904742,0.0578319596373945,0.0346366813770678,0.0406844984525477,0.0421223043589501
355,0.0439701176804904,0.0495143744434548,0.0462872977169974,0.0678042300078584,0.0714506588285609,0.0561656957387282,0.0335113954447231,0.036875262309499,0.042513755009182
356,0.0463365390386354,0.0501048352958989,0.0490770360594972,0.0652382887192596,0.0689716283628941,0.0552077373027833,0.0342467664162478,0.0397849393240769,0.0417743384528371
357,0.0461239283249928,0.0508172878944762,0.047878858617002,0.0645733111078421,0.067444845399615,0.0511918669830803,0.0331724328127066,0.0399164138009121,0.0397252638941062
358,0.0460933636983801,0.051151281214501,0.0473315604964565,0.0658197549390796,0.0695376829613875,0.0503702086306917,0.0331367323762388,0.03980536156351,0.0397179594481069
359,0.0468314672315166,0.0506441254590228,0.0488337927501779,0.0675259226954899,0.0733815836885589,0.0534757227730683,0.0343688389732256,0.0405135058816325,0.0418879722832566
360,0.0433702880443397,0.0475414077765314,0.0459089084252483,0.0652457045311508,0.0675342959537355,0.0501011286780544,0.0311416382568524,0.0385236714670426,0.0400809496711423
361,0.0428256997469483,0.0485092057208627,0.0468075613324745,0.0654903242759804,0.066814114778157,0.0496234587535622,0.0304553037211702,0.0393990048405417,0.0394634183068244
362,0.0452301642257024,0.0519769253294014,0.0499099313415758,0.0677545280760543,0.0709563210296801,0.0527385095462832,0.0330290923832269,0.0419698367306776,0.040927417832509
363,0.0467212325587503,0.0518846856690993,0.0484205650662246,0.0678213020173975,0.0715987387150132,0.0554823590821938,0.0360167605334895,0.0415143838776794,0.0430749386343493
364,0.046916635662994,0.0511956133149565,0.0472378329481387,0.068716915603383,0.0716310117213159,0.0562658568081325,0.035462289550345,0.0416193254233912,0.0445228189702495
365,0.0452727120503261,0.0499476392790564,0.0461821715642278,0.0682444908302466,0.0700562102564486,0.0542426868085613,0.0326729550021335,0.0399751279424002,0.0428656064127194
366,0.0426717992226256,0.0481887953527565,0.0447359516502048,0.0650279469384925,0.0666454039339127,0.0503362937008631,0.0303086680151168,0.0355807572335162,0.0379139660223981
367,0.04598438488579,0.0482391535384127,0.0453644922719698,0.0650896410280744,0.0668142507686348,0.0514163259171488,0.0315254002774026,0.037586026021456,0.038934031960433
368,0.047697559693572,0.0486384405384407,0.0457127789005587,0.0660147228555022,0.0678592110071282,0.05252372223738,0.0321640460959803,0.0405650423421897,0.0400171056548838
369,0.0456857207433687,0.048639844118605,0.0455023998881448,0.0661889936799304,0.0681726325598091,0.0515521868865015,0.0310017255058065,0.0412448641348833,0.0391800415502741
370,0.0468277803516331,0.0488255358866799,0.0483208476454577,0.0653937198187015,0.0679625250114863,0.0511339304951013,0.0317681787240354,0.0397478141350309,0.0416047464516242
371,0.0467372320771885,0.0481645461572475,0.0489904231063607,0.065301900317694,0.068881092722096,0.0509089851385304,0.0309782660855519,0.0389341897603565,0.0413043149878972
372,0.0458149005482939,0.0471915278188873,0.0469590945378851,0.0655046559494319,0.0699342160893204,0.0507192443319015,0.0295497094171571,0.039027017628494,0.0392393227431486
373,0.0462952878092101,0.0471911142656434,0.0440828958091447,0.064815543261987,0.0690919128672111,0.0504744060951011,0.0302389843615131,0.0390934638137571,0.0393492754718526
374,0.0462564822188716,0.0486872847817912,0.0453952313254338,0.0662949643525957,0.0697418401627738,0.0516742035903769,0.0321346765213673,0.0409470834314958,0.0395833217625202
375,0.0461123732107177,0.0494219100755661,0.0471512885833699,0.0670986604786544,0.0699413541232535,0.0521329249336483,0.0322437145905965,0.0419528633311645,0.0397249129101602
376,0.0463366204924373,0.0479501800785916,0.0459326906628528,0.06534993508706,0.0682439025203108,0.0503883847581158,0.0294136810393378,0.0401599929380403,0.0397879917446127
377,0.046514376426745,0.047158171442962,0.0450519195327237,0.0660695915544217,0.0681101755960177,0.0493325771635479,0.0299268388433211,0.0379506211165622,0.0397906598409402
378,0.0447112912470821,0.0459015219055228,0.0428029499751885,0.0656266264088689,0.067271551940956,0.04895489957257,0.0299791092350829,0.0373105338735472,0.038225691290506
379,0.0420812882738025,0.0445139345483589,0.0404795264092805,0.0636097233046637,0.0658190887577746,0.049210940027622,0.0286659832142081,0.0380833182096646,0.0360684569279512
380,0.0442410517399115,0.0453899090261478,0.0438462218113193,0.0640187459993684,0.0671678390914078,0.0502275161240145,0.028946380214957,0.0374004631506585,0.0377487853075725
381,0.0442524278537976,0.0469878517771314,0.0444891421741823,0.0634080505323075,0.0680100656265962,0.0503138576406259,0.0299031595086992,0.0365789112281419,0.0394770989478721
382,0.043203854029018,0.0478557799351718,0.0431014938145553,0.0623636737264187,0.0677726688097903,0.0500234905771061,0.0302328265256153,0.0367027265076691,0.039862568445594
383,0.0446931343684701,0.0467498300506868,0.0436201802196201,0.0627376602328435,0.0670402373114276,0.0506511149758152,0.0286897427669153,0.0385035890227727,0.0385974116591068
384,0.0444635072831494,0.0451975712679535,0.0442956925452375,0.0626954089998118,0.0674415919002818,0.0508306454207858,0.0275971030376245,0.038778696214964,0.0376191208259462
385,0.0433544640655624,0.0445807115401734,0.0447029045346588,0.0635112318147444,0.0680835445103275,0.0507001894765467,0.027768633926813,0.0385987771681557,0.0382224824063446
386,0.042609458312891,0.0453360391200625,0.0445552418026844,0.0651552219220258,0.0678572085599414,0.0504505780063398,0.0289700002692064,0.0388518440994218,0.0400658510331936
387,0.0424508626010996,0.045408203118428,0.0432233925816811,0.0619280723636761,0.0657142650492109,0.0496804021740562,0.0287312518865208,0.0378142139979501,0.0382097315919925
388,0.0427869393465881,0.0457251598015349,0.0424894331553425,0.0609601538438943,0.0654682922458246,0.0490411132528338,0.028241306321528,0.0370911403031402,0.0370117339504404
389,0.0433064724520997,0.0462895248933461,0.0428736545266862,0.0634260185656037,0.0673748526409581,0.0488573750157702,0.0281647270841558,0.0371971631432171,0.0376374420941126
390,0.0434180899466256,0.045987343398403,0.0435682590978821,0.064009620057466,0.0677959893627712,0.0490932181210293,0.0286230798021972,0.0374298179788911,0.037821025488925
391,0.0436934673401138,0.0467584708677661,0.0447818892480002,0.0647011303807086,0.0680999475824522,0.050076173386464,0.0296381902947514,0.0389088509199852,0.0384384540833599
392,0.0442811818881468,0.0476176714126242,0.0454961413970446,0.0652591401405858,0.0683343833846504,0.0510854042271236,0.0304163852916809,0.0401215243408868,0.0392741368236095
393,0.045004844639074,0.046773628592677,0.0445162843697863,0.0649049547878057,0.0682043353936444,0.0510874721476027,0.0299578795022818,0.0389789545126512,0.0396489272132727
394,0.043770858278433,0.0450286179198957,0.042775331702116,0.0637181996432562,0.0674313455061994,0.0497577428957617,0.0280407997543207,0.0369994430234256,0.0375030918240874
395,0.0432890818997728,0.0442685787877696,0.0422176661800446,0.0629809546315907,0.067107113200667,0.04902622311928,0.0271063082859902,0.0363407638889486,0.0364067606729274
396,0.0449067310409365,0.045165445979057,0.0435024108888741,0.0633524285148992,0.0676065771990967,0.0498642059622808,0.0282913063281054,0.037576565881236,0.0381687878886663
397,0.044703828231473,0.0449117120246698,0.0438379974707681,0.0636042295095495,0.0668818350129206,0.0500495747690058,0.0285340938288882,0.0368904543911256,0.0379226213165293
398,0.04382542676366,0.0442937223043677,0.0430231854764566,0.0631328953892745,0.0658908207963003,0.0495832122673086,0.0280075041175849,0.0361668843846483,0.0372266436318909
399,0.043327921228706,0.0439668202782589,0.0418377536973541,0.0624509241426574,0.0657113622202922,0.048979793585858,0.0275500947413946,0.0362799965576563,0.0370053266187901
400,0.0443917863366847,0.0445784815464976,0.0421880776200221,0.063377769074697,0.0678780659903192,0.0493960816956845,0.0288967157456268,0.0372239458259139,0.0376828644833499
401,0.0438091821698179,0.0443727808619995,0.0422974410736355,0.0632561575843134,0.0675331208803528,0.0490943319869275,0.0289112657258604,0.0372061834993081,0.0376195617471551
402,0.0431016325155667,0.0442352746554462,0.0425247248258432,0.0629587519796947,0.0662748237431941,0.0487429875559243,0.0282957955191243,0.0369229027706181,0.0375195386759367
403,0.0448143205304783,0.0455771570096004,0.043658985617751,0.0641562078854569,0.0674223899728598,0.0495526445052762,0.0287770946323808,0.0376901882381446,0.0385521614016375
404,0.0448079217096243,0.0456996846482277,0.0438561662158181,0.0642169976171894,0.0678953032409398,0.0497999664548146,0.0285475360091152,0.0377682830386396,0.0380670454607415
405,0.0439147726948576,0.0451896636059027,0.0432307571202856,0.0634663694319283,0.0676905212227168,0.0495244383963745,0.0280232130514483,0.0375186141606688,0.0375286482463125
406,0.0434245008851472,0.0448513430070174,0.0424912713409095,0.0627859242424923,0.0673347970091543,0.049195723307633,0.0277874756248374,0.0374478440645722,0.0380530615191931
407,0.0442526319128164,0.0449936381980192,0.04349850377199,0.0637472073890029,0.0678594934362526,0.0500476274005345,0.0282852800762186,0.0378197193012811,0.0385317765566783
408,0.044484925578088,0.0443655042160042,0.0433999647042279,0.0637571918595301,0.0674886700088909,0.0496964217251981,0.0280014643704008,0.0376082422547555,0.0380691762664458
409,0.0437423554971513,0.0431482971022681,0.0420103163511993,0.0626277818306231,0.0662420155618648,0.04827404682622,0.0269753412084697,0.0369142531938611,0.0370121581920543
410,0.0431646851068809,0.0430742581638969,0.0420329692282386,0.0627413787664854,0.0660541821293059,0.0486909265744245,0.0269227960882346,0.0370986089917194,0.0370796226890409
411,0.0437685431251397,0.0436706557576761,0.042206281722508,0.0632553696918738,0.0666232359217865,0.0490535510359261,0.02721821112937,0.0370842543383479,0.0373949669901315
412,0.0444610335439534,0.0441332436880499,0.0419440571645893,0.0634875861461986,0.0668741751461132,0.049033124968047,0.0272306924309911,0.0368410079905562,0.0375075751448612
413,0.0436183638818405,0.0436427302945343,0.0410242811012307,0.0629255299769664,0.0656918418572192,0.0488350864159666,0.026471845416944,0.0367029900447632,0.0371514991551933
414,0.0434631237610089,0.0433151427360964,0.041321497208785,0.0632400063853557,0.0655779891818542,0.0488801714612035,0.0267427348761346,0.0369988006785467,0.0369397147009616
415,0.0439398682293969,0.0435823071330711,0.0424302772182227,0.0636511568514152,0.066415608275512,0.0491748233843437,0.0273725923632206,0.0374114729130256,0.0371613029901701
416,0.0445793669621834,0.0444016463804704,0.0434969905649791,0.0635239817704344,0.0674577726690774,0.0495720569355182,0.0276059037443114,0.0376426935620105,0.0377558409875381
417,0.0447891761247817,0.0447889395977679,0.0433854709497867,0.0638185164497645,0.0672613427155541,0.0497246885059137,0.027541537619552,0.0377613265510746,0.0378714040179661
418,0.0445475693687167,0.0445948685291635,0.0427662418686162,0.0637099051813829,0.0669610357976402,0.0495733751400947,0.0272646280670606,0.0376242572825513,0.0375207420294373
419,0.0441213045445269,0.0440836916817539,0.0422200107980914,0.0632168090663934,0.066999718533517,0.049245147459145,0.0269208866463718,0.0372909707601412,0.0370610602496056
420,0.044146576779803,0.0440750330463367,0.0422894502523708,0.0635055528656813,0.0669647706841143,0.049079231775763,0.0267379515372786,0.0370405079828575,0.0373480858033624
421,0.0444864527215338,0.0438028011020854,0.0423927072059314,0.0634330562325093,0.067024321875143,0.0491943673407241,0.0267586834158025,0.037204863212637,0.0376229691489461
422,0.0448216089007656,0.0436667719231339,0.0424338823820759,0.0633419555062193,0.067133394340178,0.0495061211490021,0.0269045191597116,0.0375635641258213,0.0377465376953136
423,0.0447560526315591,0.0444022161345415,0.0424955923463683,0.0640431445380627,0.0671698720994254,0.0498018207121028,0.0270255052118822,0.0376605260711319,0.0378108202808697
424,0.0446158177393889,0.044282653222726,0.0425145721516589,0.0638262536549262,0.0670842395274716,0.0497166332452751,0.0269900976608096,0.0377001054253694,0.0377955945490871
425,0.0445539680520578,0.0440459292708507,0.0424816245610515,0.0635142685078478,0.0671124241004221,0.0495792402202102,0.0270124412822804,0.0377518469160261,0.0378752246955519
426,0.044631840666759,0.0444072938672253,0.0424073533192807,0.0638686471467182,0.067355703683443,0.0496711940777253,0.0271834399000055,0.0378122385580282,0.0380826978125231
427,0.0446953295945649,0.0442886863263631,0.0422981993712645,0.0636714640425937,0.067176843719452,0.0495891627859509,0.0268195863340963,0.0376165977449798,0.0377215793125878
428,0.0448417417301803,0.0442953539565732,0.0424016573553851,0.0637417833457073,0.0672163520890959,0.0496192122155389,0.0267079083923703,0.0376754312472073,0.0377137093495964
429,0.0450209354452817,0.0445631813538853,0.0426800814700379,0.0641660739254201,0.0675914655845282,0.0498061104154172,0.0269950955370562,0.038004892299708,0.0382182453904526
430,0.0448594718885672,0.044355161591374,0.0425818911979731,0.0636609767043675,0.0675310596741801,0.0497406491783487,0.0266964607669928,0.0377356817636395,0.0381019328370778
431,0.0450264831369974,0.0443845471184135,0.0427504514115602,0.0636431041610275,0.067409232520444,0.0499420102630719,0.0267681038741752,0.0377787338079914,0.0380442496455873
432,0.0455160177126785,0.0447428375313556,0.0431442737435208,0.0640633077568222,0.0675001287634198,0.0503361582809531,0.0271443704129193,0.0382097478786826,0.0383112455061838
433,0.0459550611136818,0.0451958599838912,0.0433642184441834,0.0641256272106796,0.0680459906698327,0.0505334773722468,0.0272398025506756,0.038668548198273,0.0389695641933089
434,0.0462525085168663,0.0453166862683019,0.0434628362185228,0.0643701100884203,0.0683203294887889,0.0505535054518851,0.0273522626864319,0.038757810055063,0.0389282867224211
435,0.0462299989797292,0.0450651839114748,0.0434497343032994,0.0644939283343072,0.0682425873818835,0.0504491875459344,0.0273175969547227,0.0387024741915172,0.0385650779937246
436,0.0458577821085853,0.0446380350256186,0.0433710963013447,0.064219403000111,0.0679819924639961,0.0503241926441889,0.0270141287182895,0.0387776517564952,0.0385105636237305
437,0.0457948804496281,0.04483707624208,0.0434237844273841,0.0643014897297617,0.0680575044571506,0.0503974055598587,0.0269795449443164,0.0385842775458401,0.0387803722412215
438,0.0461120963434973,0.0452536138405283,0.043645561186408,0.0646277868635797,0.06855492109908,0.0507472710488752,0.0272369654786874,0.038669531139432,0.0391689147972259
439,0.0466044423488806,0.0455147198209098,0.0438973598717802,0.0649510166188164,0.0691518460487071,0.0511902887675097,0.0275249538846124,0.0391165124031906,0.0394371905291757
440,0.0465530538509652,0.045419023351163,0.0436158148792894,0.0648109859190246,0.0685964612707762,0.0509308629485799,0.026939374368504,0.0388804603962813,0.0392019987377692
441,0.046518287245071,0.0454462653008567,0.0435823040933857,0.0647547799465462,0.0684005872425906,0.0509135238317169,0.0266957394857648,0.0387908370078307,0.0392553499859642
442,0.0466869068420373,0.0456866156388567,0.0438861003314782,0.0649364329104046,0.0688255017866423,0.051247496614007,0.026969959825387,0.0390241855350964,0.0396320435401729
443,0.0469946127435756,0.0459371139841216,0.0440895419511363,0.0652315962955029,0.0692046737143248,0.0514110278986065,0.0271550788782781,0.0392912338226063,0.0397767296757381
444,0.0473636078672838,0.0461160368669657,0.0443785268403551,0.0653755372152112,0.0694663506086622,0.0517034596825858,0.0273236631985036,0.0395166127536564,0.0398357858502238
445,0.0476008731556501,0.0462395498277956,0.0446470920850453,0.0654625137289951,0.0696190401919867,0.05196556523522,0.0274351675766994,0.0396773161538008,0.0399099372355215
446,0.0475600253207684,0.0463707692048851,0.0447523831878763,0.0656707421458541,0.0697432020139965,0.0519787124968502,0.0274579923428215,0.0397951687812956,0.0400887373081598
447,0.0477350261948808,0.0466179504583164,0.044944490511816,0.0658204484639869,0.0700510424856209,0.0521455700042107,0.0275418046668527,0.0400155037253167,0.0403355670544691
448,0.0479359699658192,0.0467744345960185,0.0450311261523818,0.0658299912879727,0.0702385035980708,0.0523422815927364,0.0275685516490515,0.0401332112397367,0.0405319706005027
449,0.048001662772462,0.0467257070730156,0.0449056423834416,0.0657284528507278,0.070146391212135,0.0524496475943528,0.0274803254037266,0.04006064376813,0.0406042737641886
450,0.0480592499479426,0.0466539588255937,0.0447877416361161,0.0657952693140846,0.0701621841110067,0.0525171234184161,0.0274678694944179,0.0401435440818965,0.0405682069324405
451,0.0483074064592484,0.0469327997505987,0.0450048949158842,0.066092916867847,0.0703657165517075,0.0527372363707124,0.0275403370601581,0.0403385288632091,0.0408368208951883
452,0.0486876314488173,0.0474827717174928,0.0454561913020574,0.0664469432230134,0.070648916179774,0.053063242402105,0.0276401924423957,0.0405448828251414,0.0413268006843969
453,0.0488185859048925,0.0476607007736993,0.0454901615236939,0.0663400172155193,0.0706413772540186,0.0531417171779727,0.0276061960844066,0.0405658597848607,0.0413184222721613
454,0.048881475261286,0.0477646472486721,0.0455897558065483,0.0663868277930739,0.0707442891346477,0.05324474210486,0.0277400756973565,0.0406461167915319,0.0413720286054273
455,0.0489902043942626,0.0478093933965797,0.0457560090344549,0.0665968121437917,0.0709570194318874,0.0533862553955383,0.0278282777215977,0.0407839328452675,0.0415657193997187
456,0.0492242163186848,0.0477378289363378,0.0458137895075587,0.0667257413772886,0.0711181098738346,0.0534772664589964,0.0274898296502753,0.0408775244930991,0.0417765398336191
457,0.0492302321470243,0.0478338833849212,0.045879197077589,0.0666905500250314,0.0712554231119306,0.0534322486383169,0.0274848187381011,0.040934901657891,0.0417418900212033
458,0.0492907533454573,0.0480584169493925,0.0459746637114316,0.0667055459614959,0.071477805701789,0.0534599280125016,0.0277210414120513,0.0410520304231562,0.0416882233241447
459,0.0496157951942167,0.0483027603969059,0.046091432123289,0.0669192494653333,0.0718120204016784,0.0537243316426569,0.0279174124493523,0.0412708412296994,0.041860634484262
460,0.0495588792769687,0.0484412437320764,0.0461192487834462,0.0669058759050534,0.0718405411749741,0.0539776727208207,0.0276552938689139,0.0413085587406574,0.0421815326969738
461,0.0497482269411017,0.0487204862890303,0.04643641807173,0.0671831595572993,0.0720441285650656,0.0542880418932558,0.027751903946158,0.0415236449059313,0.0425659239906463
462,0.0502717757686296,0.0491196785100929,0.0469854962423916,0.0677600067528846,0.0724908267599025,0.0546115684951471,0.0283152996826569,0.0419390402621693,0.042863219072765
463,0.0500992641508222,0.04906996474692,0.0468261482361496,0.0676120141899067,0.0724005917436279,0.0546432952343163,0.0280450589949932,0.0418950956055538,0.0427221265653628
464,0.050083283306847,0.0490637966986932,0.0467684561398047,0.0675060204424771,0.0724453037545759,0.054710442955174,0.0278646900751103,0.0419125611731738,0.0427386669499199
465,0.0503342431812999,0.0491650807394627,0.0469163194952071,0.0676155943401907,0.0726681069505654,0.0548409449355335,0.0279638817179633,0.0420733273291553,0.0429594497472255
466,0.050519857514241,0.0491838166691009,0.0469530936875715,0.0677768976370795,0.0727311217513391,0.0548793301646232,0.0281128436243489,0.0422020319252807,0.0430794241513373
467,0.0506489734604767,0.0493416644485583,0.0470234042248819,0.0678089158888332,0.0728940559004666,0.0549636543653154,0.0280024125895747,0.042289087469661,0.0432645362986432
468,0.0506879487292406,0.049493991806532,0.0471165980763481,0.0677886697608965,0.0730949420525194,0.0550977697211576,0.0278354261443112,0.0423435032828122,0.043393018020466
469,0.0506419220807159,0.0494453269057431,0.0471718816603322,0.0678505102892044,0.0732009780430222,0.0552349867500396,0.0278903489177546,0.0423748890971354,0.0433306570502535
470,0.0507594656824004,0.049343024089796,0.0470168073282184,0.0679175108548024,0.0731847750294842,0.0552268917201157,0.0277993945144656,0.0422752972787849,0.0433635386338498
471,0.0508945667986908,0.0494050611430573,0.0469786124286317,0.0680213131608116,0.0732544718380685,0.0553130555628646,0.0277799905062611,0.0423317838808943,0.0434403820636945
472,0.0509735390256819,0.0496962660672642,0.0472327084143107,0.0681804895734428,0.0734904701913605,0.0555947566924157,0.0279372536055267,0.0426452864477011,0.0435195627649892
473,0.0512317468336505,0.0498792002349195,0.0474534405951253,0.0683607530803236,0.0735690669364382,0.055716364669735,0.0279131900134624,0.0427173007264186,0.0436707176715222
474,0.051543931632348,0.0501346052585614,0.0477214514252061,0.0685550212652742,0.0737476578851403,0.0558345153745535,0.0280370344622288,0.0429737040467705,0.0439865178292572
475,0.051762139011892,0.0504056368113595,0.0479481090769909,0.0687276710798949,0.0740405249625468,0.0559760059931611,0.0282702899980495,0.043325906062709,0.0443206080253747
476,0.0516611829412656,0.0503354441517974,0.047812839481089,0.068801687089507,0.0741912356005451,0.0560192285589824,0.0281430744594045,0.0430589608576595,0.0442116458078414
477,0.051770996733264,0.0505612885290734,0.0479920838937429,0.0688717328355792,0.0743721146527952,0.0562111398034698,0.0281118599861317,0.0431352034281939,0.0442104540354727
478,0.0519943157175284,0.0508658802060645,0.0482970743833667,0.0689816314971254,0.0745633023191134,0.0564238009606334,0.028188015895675,0.0434306804526811,0.044354732142455
479,0.0519975403781989,0.0507349392078358,0.0482190530288321,0.0691531208066591,0.0746741961333431,0.05640840511932,0.0282187758606301,0.0434165416986203,0.044485495239702
480,0.0521196605368236,0.0509173901195284,0.0482695584380363,0.0693829997204167,0.0746751295483026,0.0566575073776434,0.028330994151874,0.0435622324348643,0.0447042321460122
481,0.0523021584059841,0.0511356317357688,0.0484387117068224,0.0695149309861349,0.0747505145532038,0.0569013317676164,0.0284167773938504,0.043732573487947,0.0448865448852587
482,0.0524284122458135,0.0510981735722103,0.0486309417569686,0.0694625522704685,0.075017526363436,0.0568744786932301,0.0283770611637828,0.0437507178966426,0.0449284334309794
483,0.052405752975945,0.0512339567565037,0.0487981258206239,0.0695145906924352,0.0751625325327054,0.0568752827491354,0.0282801795313684,0.0436694867413599,0.0449249308428763
484,0.0525602534649671,0.051425970656568,0.0489996001030621,0.0696149107463024,0.0753157358540251,0.0570452836744507,0.0283377003728636,0.0437571907707533,0.0451029657798197
485,0.0529256539225968,0.0515824063931607,0.0492175211011658,0.0697332109242765,0.0755215487190438,0.0573665712484259,0.0285465094144512,0.0440465538127621,0.0454406491054516
486,0.0529562610207987,0.0516925987844387,0.0492729179944382,0.0699366458599505,0.0756278721668414,0.0575623069762644,0.028492912911218,0.0441401836576048,0.045429054422523
487,0.053044516775805,0.051734294712429,0.0492813237498173,0.0700057376359454,0.075752328940797,0.0576409037686078,0.0284501894251341,0.0441552090221874,0.0454715583188829
488,0.0532844553480101,0.0518069457750321,0.0493582334394215,0.0700751448024818,0.0759452931150065,0.0577021268650281,0.0284933416273362,0.0442133033148712,0.0456718086942697
489,0.0535945150071753,0.052106050267527,0.0496380698150289,0.0705391853890753,0.0762207272304839,0.0579349215665284,0.0285851005986961,0.0444711399408715,0.0459559911196458
490,0.0536665607770742,0.0522195086604195,0.0497120489628874,0.0706643937788738,0.0762892297906688,0.0580971249950541,0.0286394725636108,0.0446559072439089,0.0460965051853956
491,0.0536433599315629,0.0522586194474607,0.0497045271144643,0.0705784672263701,0.0763268882330901,0.0582130773365017,0.028652949257101,0.0447069045495043,0.0461410667637607
492,0.0537719420636465,0.0524495670144787,0.0498586071346121,0.0706360066247653,0.0765848890320864,0.0583683955746488,0.0286488903179331,0.0446656493692888,0.0462162648630924
493,0.0539238109206727,0.052642405562862,0.0500219417651444,0.0708471736700452,0.0767289844258783,0.0585044354612596,0.0286227673592949,0.0448248872682838,0.0463047579935571
494,0.0540834943365902,0.052762751549679,0.0501467860779422,0.0709920793092081,0.0768477606212891,0.058595308840745,0.0286185266126759,0.0450395407267266,0.0464574299682267
495,0.0542424847568216,0.0528269178303803,0.0502387742354305,0.0709775209813792,0.0770422406004563,0.0586729111739696,0.0286592520867441,0.0451880762959634,0.046677848650655
496,0.0543623651497143,0.0530939339361812,0.0504188216000915,0.0711400119694015,0.0773223169578282,0.0589374687709095,0.0286899807018804,0.0453755185927606,0.0468115016086026
497,0.0545836463426504,0.0533916761810085,0.0506658079715118,0.071415625417894,0.0776041783892976,0.0592195172559664,0.0288087223374141,0.0455412359243972,0.0470181448933754
498,0.0548769311560342,0.0535998563515496,0.0508962806347263,0.071693167692365,0.0778252698264863,0.0594174131135427,0.028960271162809,0.0456573200452893,0.047279471407426
499,0.0549745193186529,0.0536257394186638,0.0509125810197538,0.0717728378529462,0.0779295409889048,0.0594786085636056,0.0288576859584336,0.0457233221848645,0.0473215543958538
500,0.0551070193816143,0.0537197932569116,0.0510043393761208,0.0718512378235904,0.0780376677733482,0.0596782122503793,0.0288533407849119,0.0458490040397279,0.0474595574597181
501,0.0553130398933241,0.0539319082537856,0.0511915002867937,0.0719937955782846,0.0782224323346376,0.0599599286612105,0.0289812604708997,0.0460431972935973,0.0477024678945042
502,0.0555419608711005,0.0542064298096232,0.0513679828540097,0.0722024084405794,0.0785227779019135,0.0601050153541531,0.0291228190094931,0.0462541668087304,0.0479135133107141
503,0.0555856564364182,0.0543044645331159,0.0514811722039341,0.0722205460631579,0.0786296746187541,0.0601131756770142,0.0290585005526111,0.0462513162047339,0.0479133243381596
504,0.0556770171658106,0.0543854908168157,0.0516098079472658,0.0722729494288994,0.078733006647169,0.0601990595463283,0.0290270216004277,0.046292413100505,0.0479949241317756
505,0.0560162512717195,0.0546183210044634,0.0518188216148216,0.0725671368162891,0.0790325447385035,0.0605114645272555,0.0292485626127138,0.0466020478409496,0.0483899306658428
506,0.056119634727855,0.0547332560888417,0.0519344956081535,0.072665234986933,0.0791940316034565,0.0606004334574639,0.0293026539635646,0.0466633133275996,0.048468179348939
507,0.0562184506836877,0.0548458691239289,0.0520491015910344,0.0727377199781694,0.0793269393635354,0.0607113290543625,0.0293433988595807,0.0467032826354972,0.0484825947129896
508,0.0564504241754717,0.0550323558430649,0.0522216553184207,0.0729103575044006,0.0795223509011379,0.0609755486962432,0.0294640972664886,0.0468750363605765,0.0486362593664406
509,0.0566632325297258,0.0552313678388957,0.0524133897579651,0.0731456937742767,0.0797877714080245,0.0611891669203224,0.0295422915843492,0.0470863491420567,0.0489312798598469
510,0.0568262169553388,0.0554826449485626,0.0525712146823396,0.0733290597056736,0.0799930344721019,0.0613772151829387,0.0296276267262794,0.0472438831636888,0.0491548427311833
511,0.0569514481376927,0.0557255792049892,0.0526873254616376,0.0734361512283284,0.0801213097511489,0.0615437997843594,0.02972679363168,0.0473387499855129,0.0492767679605165
512,0.057094673297304,0.0557919176880087,0.0527927741439062,0.0735183353017387,0.0802534525684863,0.0616776065841682,0.0298095172643457,0.0474390158572125,0.0494305935626705
513,0.0572771390737629,0.0559250885458114,0.0529538683023843,0.0736859178452963,0.080463057128281,0.0618398263613778,0.0299206555658999,0.0475720542409289,0.049585219378994
514,0.0575201084539858,0.0561458226725428,0.0531487141161199,0.0739194286473605,0.0807473011607947,0.0620792161144667,0.0300820670045958,0.0477803783117613,0.0497903097367675
515,0.0578207817975228,0.0563836000836281,0.053320299828756,0.0741392691242908,0.0810532419475604,0.0624122740222801,0.0302886462344325,0.0480787362298744,0.0500919409743321
516,0.0579295009014127,0.0564842723496037,0.0534466073116666,0.0742353003091417,0.08116357256139,0.0625366442789178,0.0303160994868832,0.0481251222762585,0.0501678560246498
517,0.0580623505918798,0.0566147404920289,0.0536222270971726,0.0743369151265343,0.0813067848484915,0.0626543019055231,0.0303370299208594,0.0481646078072738,0.0502582126445831
518,0.058389008830332,0.0569089391471623,0.0538976413137578,0.074549141277732,0.0816530592291981,0.0629382343474663,0.0305021660020776,0.0484175625222616,0.0505592296563947
519,0.0586038123278216,0.0571796207481706,0.0540835656347483,0.0747278219366869,0.0818581689545993,0.0631116315464826,0.0306160648346479,0.0486332936086073,0.0507273364483595
520,0.0587799584502694,0.0573866433478841,0.0542445896562843,0.0748896437023456,0.0820585093976564,0.0633095467545643,0.0307524122512894,0.0488325392259492,0.0509323747895063
521,0.05899050667834,0.0575576135991813,0.0544383742974702,0.0750711619252312,0.082333754354594,0.0635868005847122,0.0309406833047787,0.049039350535333,0.0512330793309323
522,0.0593082407502752,0.0578408702092195,0.0547174982628245,0.0753582850891223,0.0826559503596453,0.0638427191192343,0.0311287901449505,0.0492772349337574,0.0514687585128984
523,0.0595609847416948,0.0580787338343774,0.0549255963967421,0.0755514496649038,0.0829217142391191,0.0640670369785354,0.0312589036670758,0.0494459232606022,0.0516720624623206
524,0.0597730543948877,0.0582931767328333,0.0550688828884098,0.0756818383954109,0.0831507915611808,0.0642947909776779,0.0313376427126026,0.0495722298064363,0.0518819507593242
525,0.060107735762996,0.0586289722069027,0.0552669763030043,0.0759443038437114,0.0834538370373253,0.0646020626899583,0.0314206760026274,0.0497749066819879,0.0521537206945318
526,0.0603682350518427,0.0589462656076555,0.055535488115984,0.0762445346328699,0.0837943454673595,0.0649102236823985,0.0315797166047751,0.0500511605156896,0.0524431067902244
527,0.060607631188954,0.0592381320050936,0.055803354525884,0.0765235709899045,0.0841243700762273,0.0651886305289073,0.031757858308766,0.0503308320140483,0.052730873839937
528,0.060936057854526,0.059538741380525,0.0560010821099744,0.076750738505809,0.084406621364428,0.0654372607233185,0.0318795132662424,0.0505423849626513,0.0530092302780929
529,0.0612804281411583,0.0598863490201073,0.0563582424089526,0.0770914173750155,0.0847495606488609,0.0657872801991827,0.0321121063563202,0.0508270262283939,0.0533100920506738
530,0.0616237832701734,0.060241648284847,0.0567400996847371,0.0774376999451361,0.085141079776233,0.0661734485226451,0.0323157718513112,0.0511564270476525,0.0536319645637001
531,0.0619599135718244,0.060583803245106,0.0570304249869924,0.0777056784408362,0.0855507885172836,0.0665312614804072,0.0324038329637218,0.0514848509496584,0.0539689419003245
532,0.0622760489928123,0.0609814323847832,0.0572996252025571,0.077979584271233,0.0859378158274647,0.0668689007043052,0.0325657514523601,0.051775302966246,0.0543092686908913
533,0.0626880377943135,0.0614047660278816,0.0576287592260476,0.0783294783459582,0.0863637479037931,0.0672588241339012,0.0327690547404047,0.0520949887896123,0.054700618036178
534,0.0631847187657982,0.0618397620780522,0.0580186803616146,0.0787403113431359,0.0868259069591499,0.067712596144084,0.0329730251877653,0.0524563178048015,0.0551425072776327
535,0.0635436830392682,0.0622976512891477,0.0583400719526462,0.079061787806605,0.0872051705328204,0.0681554474285291,0.0331156274074572,0.0527847528990009,0.0555619510165996
536,0.064005737486041,0.0627573059252032,0.0587420856337465,0.0794013825065029,0.0876926088978194,0.0685912230618454,0.033278898421734,0.0531557940948116,0.0559837997045316
537,0.0645150380556293,0.0632160505815352,0.0592014733209814,0.0797968540242948,0.0882533142178607,0.0690330639655751,0.0334627732241143,0.0535494841134412,0.0564154854473696
538,0.0648601910280157,0.063682342409356,0.0596033759432969,0.0802554036426449,0.0887285065123637,0.0695057703048282,0.0336239179606648,0.0538960330149674,0.0568601809345105
539,0.0653308243459863,0.0642016421193162,0.0600415245773955,0.0806747751929736,0.0892332661438353,0.0700341978523623,0.0337553406953439,0.0543067092342778,0.0573381262751465
540,0.0659129507811889,0.0647609915477587,0.0605208243686301,0.0811158709367848,0.0898168764773717,0.0706228807634097,0.0339314319540328,0.0547739212372747,0.0578574967360434
541,0.0665183181892423,0.0653371434321084,0.0610257167120861,0.0816538672520569,0.0904901465357867,0.0712585658057411,0.0342130925844583,0.0552608519177296,0.0584185601085856
542,0.0671195490750192,0.0659483081766651,0.0615509240408153,0.0821509033217145,0.0911157557926821,0.0718600281084024,0.0344325686120789,0.0557498927267842,0.0589934959567144
543,0.067729464194121,0.0666248357449555,0.0621127281009943,0.0826926262455998,0.0917644540686934,0.072509333788006,0.0346163051934578,0.0562959003777319,0.0596177642438433
544,0.0683678695960045,0.0673666233254687,0.0627156830903307,0.0833284818221462,0.0924951111417509,0.0732366283784403,0.0348145837525519,0.056911655172563,0.0603010367652483
545,0.0690614788680447,0.0680955516929674,0.0633235339231364,0.0839618702636396,0.0932903799863806,0.0738755006662146,0.0351003614170661,0.0574769156616943,0.0609684173481709
546,0.0697794824821904,0.0688078683838934,0.063979871063714,0.084585864877552,0.0940812695858232,0.0745962639921768,0.035342275745476,0.0580558358729854,0.0616542208895956
547,0.0705041593236048,0.0695295597638883,0.064677386984903,0.085207338747135,0.0948570529885344,0.0754215846145722,0.0355261618984655,0.0586801984123135,0.0623678986846553
548,0.0712265514985298,0.0703327473031742,0.0653410797310358,0.085848047474173,0.0956760269845802,0.076191968147445,0.0357851742616036,0.0593530375047109,0.0630874990097802
549,0.0720102920556249,0.0711378014713231,0.0660297555102237,0.0865406326453125,0.0965344645180583,0.0769950357715777,0.0360235426015587,0.0600088641137078,0.0638534250372449
550,0.0728562453857806,0.071965384234429,0.0667586864310255,0.0872883001738629,0.0974328816761241,0.0778646260290044,0.0362401636391478,0.0606796083723395,0.0646812299751456
551,0.0737316420601847,0.0728779122170363,0.0675255068772132,0.0880754131345603,0.0983696138481319,0.0788119101574725,0.0364741858978263,0.0614428788735866,0.0655705945823824
552,0.0745832371993932,0.0737721838307527,0.0683294239937554,0.0888542038605085,0.0993265970902713,0.0797217854576127,0.0367221541703302,0.0622189763726397,0.0664176711209927
553,0.0754620409784098,0.0746893724138715,0.0691571551482876,0.0896581155219475,0.100333205312361,0.0806591707881952,0.0369951826154854,0.0629983203148436,0.0672789498196306
554,0.0764268174867348,0.0756845750994297,0.0700031819178974,0.0905250764962818,0.101414186875038,0.0816995181064799,0.0372911944230355,0.0637914988482001,0.0682278992901926
555,0.0774387851618488,0.0767115996468857,0.0709249041923798,0.0914067373896395,0.102509502074814,0.0827344949733509,0.0375262832328735,0.0646285766754767,0.0692198264770194
556,0.0784662850043233,0.0777510016685459,0.0718695112919249,0.0923062945172351,0.103636924958416,0.0838063817259754,0.0377565340243506,0.0654977398489036,0.0702373016143591
557,0.0795088783692022,0.0788064374877852,0.072816890909808,0.0932395951762374,0.104813461509284,0.0849483492815705,0.0380233285152749,0.066395447642313,0.0712815744666041
558,0.0806445725922883,0.0799283696441149,0.0738475388016334,0.0942470294746606,0.106039984572368,0.0861488970130818,0.0383132789978107,0.0673470613180035,0.0723949839415541
559,0.0818063003795312,0.08110311114593,0.0748879464830175,0.0952802613665446,0.107306886710694,0.0873892893468513,0.0386042675369662,0.0683313522848666,0.0735402222357331
560,0.0829636580645182,0.0823051680265863,0.0759269011114187,0.0963167223623894,0.108596793091302,0.0886454331585887,0.038889661046922,0.0693349038199865,0.0746979697924633
561,0.0841115228173972,0.0834896322888265,0.077015526927175,0.0973521784299394,0.109875772509372,0.0898779895192635,0.0391805527025493,0.0703490346103045,0.0758606100482062
562,0.085374829268185,0.0846992193859043,0.0781451537414146,0.0984759646374236,0.111265529127754,0.0912154253296395,0.0394381479306278,0.0714005461136373,0.0770761905542256
563,0.0866982834897174,0.0859376093321457,0.0793109555553302,0.0996534167856947,0.112717855990131,0.092623692220488,0.0396951903937674,0.0724915383308548,0.0783592265256128
564,0.0879530814989929,0.0871971033279738,0.0805060195107012,0.100799952038016,0.114118592898946,0.0940034630470188,0.0400100256006649,0.0736124602695664,0.0797022442585637
565,0.0892213588723143,0.0885268248076714,0.0817037618006917,0.101974000163869,0.11556172190842,0.0954112811643268,0.0403007041810854,0.0747290511901448,0.0809863601682487
566,0.0905111147706415,0.0898482201779237,0.0828977294163666,0.103143003727532,0.117023696416865,0.096813872514469,0.0405251023836152,0.0758217992680532,0.0822400999693765
567,0.0918260326576251,0.0911066957266874,0.0841028817232369,0.104291810822501,0.118478310617759,0.0982001754439215,0.0406915988676934,0.0769027457237594,0.0835278249005312
568,0.0932085049676736,0.0924738439274702,0.0854035173512737,0.105559945018663,0.119981010219741,0.0997341153296296,0.0409981947577592,0.0781040881132622,0.0849228743265189
569,0.0946267719683247,0.0938440289017133,0.0867212838036738,0.106842880192897,0.121506178071332,0.101276753239835,0.0413212346528372,0.0793202861758785,0.0863335440960745
570,0.0960402190756554,0.0951537459936896,0.0880085365733437,0.108081665504449,0.123032273300578,0.102751062924075,0.0415810737609525,0.0804893557287191,0.0877039930765325
571,0.097376124180368,0.0964465414468904,0.0892900296754186,0.109332767468509,0.124544831224187,0.104228073883467,0.0418196768065568,0.0816568187612943,0.0890546794322127
572,0.0987733734044807,0.0977571209441231,0.0905921237643583,0.110600889008833,0.12610025227497,0.105755430566292,0.042060861369007,0.0828536346437262,0.0904683009935174
573,0.100229655766992,0.0990814650569626,0.0919052234887441,0.111878884112372,0.127690666152854,0.107313993898071,0.0423053986624201,0.0840711389212687,0.0919205119439556
574,0.101614888166575,0.100377023083397,0.0931830487280206,0.113143717504881,0.129246457519437,0.108813458715303,0.0425294095437997,0.0852593740258591,0.0932814249354751
575,0.102995961318642,0.101677635531019,0.0944774975106617,0.114413769453444,0.130799058971749,0.110347551813557,0.0427966292546196,0.0864460253896159,0.0946843408089596
576,0.104394000276296,0.102987935494909,0.0958110551360778,0.115688226289141,0.132350436231128,0.111898403586647,0.0430672481410944,0.0876407920336719,0.0961073742069159
577,0.1058188142912,0.104304025448421,0.0971889801678873,0.116966126524174,0.13390059695173,0.113419468203848,0.0432715886615086,0.0888485185887034,0.0974826143366509
578,0.107278930784599,0.105636355219478,0.0985242085413778,0.118316471448054,0.135518356844409,0.115034199836968,0.0435054864286197,0.0900652777421241,0.0989144627494784
579,0.108783033596836,0.106979376525373,0.0998876751610444,0.119724238167136,0.137186411956914,0.116684315398871,0.0437634244946848,0.0913238731823561,0.100373124880753
580,0.110321816146777,0.108332685784613,0.101341569603799,0.12116019686294,0.138881567257093,0.118314132359357,0.0440284829090289,0.0926366004320962,0.101826074838232
581,0.111825803692184,0.109742764948986,0.102811956088913,0.122614343488544,0.140648544786144,0.120026998399563,0.0443205079290813,0.0939270934330776,0.103339119389975
582,0.113310882928366,0.111115040946946,0.10427528789968,0.124073416703268,0.142362533924618,0.121710020042446,0.0445802353447477,0.0951707050061699,0.104845598009835
583,0.11478969900818,0.112421258072473,0.10572736726909,0.125539298951848,0.143994355560075,0.123328815576781,0.0448081518204889,0.0963832301237528,0.106310503811974
584,0.116273473965999,0.11377348877121,0.107208242648457,0.127064953871243,0.145715968865323,0.125017743309084,0.0451242270976214,0.0976654966162449,0.107767633298639
585,0.117725482852737,0.115067640108141,0.108640642916,0.1285163760189,0.147378689175412,0.126684080960545,0.0454566463147563,0.0989130279359609,0.109189943139522
586,0.119115411046155,0.116266509315855,0.109980794175495,0.129836076268106,0.14891435523647,0.12825507913309,0.0457584769187236,0.10007802875376,0.110558914537893
587,0.120414383348853,0.117372431341898,0.111201970156837,0.131014342166734,0.150297694110821,0.129656664955455,0.045989061533918,0.101143326626333,0.111859153817519
588,0.121651645983514,0.118355126316896,0.112307593419939,0.132051329228202,0.151547003450429,0.130948699553711,0.0462235958704461,0.102144073854326,0.113059271795088
589,0.122795163238695,0.11923434115104,0.113322225510073,0.132976789930905,0.15269572674,0.132138691311251,0.0464474164492917,0.103084170142171,0.114156053215781
590,0.123799487970582,0.120041094202946,0.114272432054985,0.13382534948415,0.153778733429992,0.133222962789746,0.0466225780028476,0.103957238023375,0.115159109384836
591,0.124750328204095,0.120757424016559,0.115135596704313,0.134596935374697,0.154815791432358,0.134282902487159,0.0467864458041685,0.104791628610394,0.116138015284417
592,0.125636907111676,0.121405998921189,0.115951170026968,0.13530756147538,0.155785320428493,0.135261063049363,0.0469653646480922,0.105579987614899,0.117051717850452
593,0.126453789016013,0.122014689427405,0.116753838488719,0.135975115401451,0.156681432089585,0.136123568125733,0.0471698311083422,0.106322335553334,0.117881800390443
594,0.127260035696432,0.122594605700427,0.117517931117401,0.136607298943228,0.157564985567272,0.136979464700211,0.0473627950523169,0.107059548308886,0.118745934081867
595,0.128027075288983,0.12318200438261,0.118263497911495,0.137211148334346,0.158422891086189,0.13782114955162,0.047535084792978,0.107740596640217,0.119584497609157
596,0.128797570705334,0.123823045339129,0.119039490186477,0.137848616612298,0.159297521623338,0.138687646174471,0.04769994536367,0.10839965289415,0.120393145981053
597,0.129762044346526,0.124598532198496,0.119964770947237,0.138704370285981,0.160354061785527,0.139724381950754,0.0479152472577611,0.109243446181531,0.121276276765571
598,0.130759358045886,0.125389236288477,0.120868825470507,0.139594412825185,0.161403836960871,0.14077114713642,0.0481136566323882,0.110086629991089,0.122131861957971
599,0.131717631572721,0.126155414751284,0.121725991847441,0.14044132977396,0.162387196767291,0.14177511085421,0.0483038478697161,0.110868603373331,0.122954149831309
600,0.132613095197551,0.126907576843837,0.122608546001936,0.141226155790851,0.163324223105643,0.142748647565691,0.0485468400027308,0.111601582403351,0.123802356470461
601,0.133390031114387,0.127492609198819,0.123385914524982,0.141894390759203,0.164171884408884,0.143560110283412,0.0487398840503673,0.112291444763179,0.124550078666902
602,0.134010299855007,0.127912732643897,0.124041780394372,0.142432310385851,0.164900231808085,0.144227783720931,0.0488909676069572,0.112887764273979,0.12518741235415
603,0.134474889368595,0.128232053436026,0.124601381646659,0.142852209494432,0.165501160358614,0.144823153530013,0.049045360196943,0.113347370708221,0.125747912839502
604,0.134999127241806,0.128512252476063,0.125092816852232,0.143205620112284,0.166083208162352,0.145375430851456,0.0492402691481291,0.113838379482433,0.126275639506491
605,0.135596998684009,0.128855789076332,0.125619047298834,0.143637392779256,0.166739416501296,0.145972575556999,0.0494409237505956,0.114375936081425,0.126855937442763
606,0.136224864998633,0.129306490455978,0.126227245699171,0.144228498287654,0.167491315733497,0.14665207981959,0.0496167799180489,0.114927845562259,0.127509577966772
607,0.136761418171368,0.129735133242286,0.126769262374022,0.144843261644361,0.168158195317093,0.147288037031803,0.0497894983031602,0.115391765470542,0.128049525895123
608,0.137253435611312,0.130094549201016,0.127276697212038,0.145458727859959,0.168794253647501,0.147885757782681,0.0499351163958492,0.115792364184567,0.128535247039505
609,0.137740677711463,0.130393881307727,0.127772674763962,0.146051619633132,0.169418502727513,0.148455278265016,0.0500648042081829,0.116167463848999,0.129009298434355
610,0.138262025150025,0.130729669593967,0.128270231470654,0.146586297354424,0.169996230543613,0.149015122343356,0.0502536004414221,0.116585312873489,0.129490038686954
611,0.138718665585157,0.131045488123295,0.128716770427124,0.147097888460008,0.170494830631307,0.149510801186088,0.0504031967531692,0.116950653039219,0.129959212736041
612,0.13910246752937,0.131319287770923,0.129125401962731,0.1476065956848,0.170929992028917,0.149958217250142,0.0505118955252845,0.117244107831609,0.130394310651721
613,0.139461998505419,0.131544755206319,0.129550681505639,0.148127474640201,0.171355788599872,0.150419361632682,0.0506324767127784,0.117492486582569,0.130771693012797
614,0.139862233671354,0.131747959330096,0.129929301517195,0.148533612769675,0.171819121814572,0.150874256559841,0.050740038404286,0.117793021983333,0.131155111690415
615,0.14027003801862,0.131936780987303,0.130262051429374,0.14886519695515,0.17223612490599,0.1512760500678,0.0508284029948088,0.11811186627752,0.13152747761676
616,0.140641886947789,0.132123814725557,0.130574641977429,0.149209415412815,0.172526680262739,0.151597967310897,0.0509040608182128,0.118395682199702,0.13187096242897
617,0.141045171924544,0.132370579799159,0.130915738709456,0.14960648091554,0.172876754724385,0.151979349326108,0.0510252022717703,0.118717721361394,0.132294129544698
618,0.141454459708276,0.132659487776881,0.131281190164446,0.150020494845192,0.173213120963149,0.152374498242829,0.0511454539833411,0.11905110857145,0.132713343823205
619,0.141837856954798,0.132944159699685,0.131637886644021,0.150379097363488,0.173464459019026,0.152722628424986,0.0512320031662435,0.119362096572813,0.133069292175009
620,0.142164675751279,0.133125496788264,0.131885194161811,0.150528595795545,0.173619521380529,0.152963291809862,0.0513162812962464,0.119616463338145,0.133416901985133
621,0.142466623659514,0.133205858697181,0.1320857350358,0.150542335783159,0.173790617114042,0.153187843880592,0.051383100501975,0.119878181516061,0.133729556436823
622,0.142764742766999,0.133245969541824,0.132276015193738,0.150519492877806,0.173957028750763,0.15341483471979,0.0514524947782925,0.120140090794353,0.134023926089697
623,0.143075578318915,0.133387659674942,0.132466992929501,0.150608557013568,0.173918907437391,0.153571557220448,0.0515950576483854,0.12030034949928,0.134378404394913
624,0.143428128307402,0.133646185345573,0.132729065116979,0.150767309980053,0.173925027809746,0.153822478090552,0.05176468563672,0.120560887171058,0.1347968637401
625,0.143799940800938,0.133950353750345,0.133043461980405,0.15097357419589,0.174046351233435,0.154158368705487,0.0519093503256007,0.120903521762515,0.135204935994406
626,0.144140178370479,0.134171663811545,0.133337606786428,0.151198021276963,0.174269988766573,0.154478678473393,0.0519763113128002,0.121197785908078,0.13548611882892
627,0.144497965266339,0.134408588206529,0.133625801678827,0.151425441934564,0.174584215354296,0.154824690713048,0.052128019027019,0.121497249605472,0.135802239639526
628,0.144887018833275,0.134689078267805,0.133939718301482,0.151660383258553,0.174925178852189,0.155170484955542,0.0523401883089241,0.121806895357246,0.136150809557081
629,0.145289513869991,0.13500920788254,0.13429394780235,0.151914306056339,0.175238263138686,0.155497028456784,0.0525461076216109,0.122118863159468,0.136497549779012
630,0.145562742078923,0.135282119116755,0.134595475123706,0.152201774575276,0.175557244617119,0.15588004711553,0.0526830605582012,0.12240012221881,0.136835207210547
631,0.145855943393697,0.135541541724629,0.13488479393634,0.152509497965758,0.175906609669356,0.156252698624405,0.0528367028618565,0.122674394021136,0.137167635668733
632,0.14623633454591,0.135818991966587,0.135187724080791,0.152818311643862,0.176274237257905,0.156580859163992,0.053030182280877,0.122953149959356,0.137491240013452
633,0.146563969213416,0.136123263640805,0.135471016967718,0.153086047834109,0.176551090786537,0.156905963565106,0.0531322121887739,0.123211124363514,0.1377748514848
634,0.146885946386811,0.136466263803449,0.135822274897178,0.153415714727594,0.176912068412148,0.157278961188134,0.0532130521509596,0.123474523259652,0.138086814216878
635,0.147202971209829,0.13682612513169,0.136211018608272,0.153799015535823,0.177365961414141,0.157670033675005,0.0532684836585718,0.123749341547135,0.138417489069424
636,0.147477144328287,0.137146118009593,0.136494249535546,0.154124085087344,0.17777544211392,0.157967114852133,0.053230551250332,0.124024318826213,0.138685539541959
637,0.14779446871606,0.137477533620207,0.136822596979861,0.154535413075629,0.178227871595162,0.158309105205046,0.0531692404158236,0.124313866847905,0.138964006774212
638,0.148138931024701,0.137836513383288,0.137199543206111,0.155003813933239,0.178736876929961,0.158712057283819,0.0530747842801945,0.124610145221583,0.139248231019343
639,0.148463824132498,0.138227986709883,0.137579628964088,0.155445306380893,0.17928617536478,0.159143788094381,0.0529133666554971,0.124901111377057,0.139515230007727
640,0.148839405609885,0.138669615619676,0.137976836108665,0.15592378849319,0.179814274431656,0.159553964378459,0.0527118846075126,0.125230318186047,0.139857337440721
641,0.149212995806637,0.139110818323902,0.138366012003546,0.156373505301311,0.18031166278971,0.159943766340861,0.0524569270920364,0.125574881936741,0.140180907936326
642,0.149543524503487,0.139514965185685,0.138731979953209,0.156745968534621,0.180780205567605,0.160320056075574,0.0521434204714407,0.125904228000734,0.140417641570534
643,0.149897114317549,0.139931491500475,0.139107423924355,0.157113901195045,0.181211082079854,0.160660990617459,0.0518110503196138,0.126189943458809,0.14069452257616
644,0.150279811382947,0.140359603381887,0.139516536054456,0.15750121614312,0.181661842697878,0.161019329698711,0.0514969207313605,0.126502487982252,0.141004490498174
645,0.15067626487143,0.140785048081643,0.139945823776828,0.15790567185556,0.182139857879114,0.161416514900506,0.0512104742749661,0.126861344705034,0.141332010590229
646,0.151036374689196,0.141173130167121,0.140311352121915,0.15828335487182,0.182565776678332,0.161830362617046,0.050917586739203,0.127199467855149,0.141656056396222
647,0.151372729778184,0.141517879670602,0.140677178020835,0.158648722742742,0.182947399736235,0.162183367068928,0.0506227239369259,0.127508902372253,0.141970959879845
648,0.151703782890177,0.141844144396247,0.141057391786906,0.159014095009181,0.183321972235357,0.162500955215719,0.0503600766975272,0.127816847695587,0.142270435893002
649,0.152056399409253,0.142201780288141,0.141437500814327,0.159393261192567,0.183753965369699,0.162882293579366,0.0501895507399163,0.128180251279963,0.142548782450174
650,0.152382721856456,0.14250346232907,0.141790754510288,0.159728065715896,0.184107081483962,0.163218418312546,0.0500516368260904,0.128498427243677,0.142830487210275
651,0.15270132507494,0.142767978943162,0.14212428368459,0.160034502036471,0.184416177666767,0.16353692694478,0.0499652246369657,0.128800255758182,0.143125700401686
652,0.153042758229896,0.143035420702594,0.142459624516222,0.160348333361343,0.184757364773235,0.163892662040038,0.049958314302589,0.1291410650209,0.143436637324827
653,0.153377914572982,0.143265296198092,0.142842984299749,0.16067407376827,0.185112488358233,0.16424305629219,0.0499707541359913,0.129477080926066,0.14374805956975
654,0.153680573943251,0.143417777279926,0.14319494996255,0.16096653080222,0.185413787138444,0.164543090465772,0.0499430359842504,0.129761001279502,0.14403859094246
655,0.153952130694704,0.1434962302568,0.143476631996815,0.161218126984015,0.185651694809133,0.164792113661664,0.0498639746711583,0.129991186048709,0.144301904229616
656,0.154273652931867,0.143627476000704,0.143801937151112,0.161547996113489,0.186005028887995,0.16511780541336,0.0498598034797704,0.13029488140169,0.144570064357481
657,0.154597892820428,0.143754735904782,0.144175440279797,0.161911414624964,0.186389233408818,0.165465442561298,0.0498538552967971,0.130643055325827,0.144861778817461
658,0.154902226155612,0.143839546726336,0.144562872750572,0.162270504070265,0.186748971783371,0.165801650865233,0.0497975556089534,0.130992719065179,0.145170435342763
659,0.155191358663038,0.143859177024665,0.144865542768735,0.162588574146631,0.187053470503346,0.166114236412053,0.0496677988028874,0.131270278757097,0.145453576162215
660,0.155491913018499,0.143857396897445,0.145206349357083,0.162910935860429,0.187395354411254,0.166442697795538,0.0495304132528242,0.131571921952053,0.145737661736787
661,0.155806175239239,0.143840212176977,0.14557678920299,0.163248151837319,0.187758145210677,0.166787829456229,0.049371566748197,0.13189472275037,0.146028771219213
662,0.15612329399422,0.14379696244274,0.145908656533216,0.163595170100401,0.188073673372061,0.167130762923245,0.0491407689380006,0.13219092058246,0.146325533026849
663,0.156440215119772,0.143750274361129,0.146265719831741,0.163952150297284,0.188410461662977,0.167465205532148,0.0488967812244666,0.132504047885574,0.146638035300182
664,0.156743856273564,0.143683590291536,0.146624953940566,0.164299556810494,0.188753150619498,0.167796854065784,0.0486423124599657,0.132828419011271,0.146937780436035
665,0.157026135699112,0.143586254665061,0.146959233264043,0.164622245392991,0.189077678959446,0.168132182208893,0.048373940726818,0.13314997606566,0.147205477379461
666,0.157306901370334,0.143516968637859,0.147317521097563,0.164943715666306,0.18940897057307,0.168462209283807,0.0481148366522971,0.133466842282549,0.147515537573451
667,0.157609755084819,0.143484111327182,0.147683063827006,0.165281576784696,0.189748528132343,0.168795726835057,0.0478918144078349,0.133788944237158,0.147814095112846
668,0.157937084874656,0.14347105333046,0.148044503045691,0.16563680811889,0.190092614593435,0.169133927513955,0.0477151814779099,0.134120730594159,0.148079600630651
669,0.158247939577807,0.143406489277237,0.14841551764256,0.16597580956476,0.190430856326723,0.169460517681961,0.0475616956884053,0.134459329612865,0.148377955409338
670,0.158543766918901,0.143375812132755,0.148761923637289,0.16632544713363,0.190762222370939,0.169773541025938,0.047439015850903,0.134763994624049,0.148687719867098
671,0.158846608106525,0.143410752484464,0.14910064437884,0.166679787617806,0.191097147986161,0.170089605838629,0.04735745161243,0.135051289754587,0.149006397827334
672,0.159202472736094,0.143503428801068,0.149496861720307,0.16700241977444,0.19145813347233,0.170444534669508,0.0473321397555318,0.135391620111305,0.149346363315034
673,0.159548737993174,0.143586521923468,0.149899168553554,0.167361159790838,0.191824415658697,0.170824892408936,0.0473480140463325,0.135749798775315,0.149664219345546
674,0.159879485338381,0.143662508240841,0.150286021943758,0.167735162500904,0.192190871956311,0.171199780984115,0.0474037877892565,0.136098757707467,0.149976078952443
675,0.160209524459975,0.143761016609859,0.15064987988298,0.16807944230906,0.192558858175495,0.17153743681854,0.0475001168323635,0.13641846652113,0.150315617230658
676,0.160551730177006,0.143889411928718,0.151029054462774,0.168448771035002,0.192946009820311,0.171887581472334,0.0476137735347117,0.136759799916315,0.150653385433778
677,0.160897921787785,0.144056882129397,0.151408466236139,0.168812005523817,0.193318885287147,0.172224189126071,0.0477484657877574,0.137111886037156,0.150990550161734
678,0.161242193986694,0.144265375144107,0.15177141278663,0.169143195774767,0.193660227628324,0.172536500089904,0.0479183764489215,0.137452975798866,0.15132639173516
679,0.161593829564009,0.144486813196312,0.152116412155255,0.169467798262387,0.194031080213645,0.172901745156946,0.04814809285975,0.137745806103823,0.15162943600482
680,0.161979033217543,0.1447874171509,0.152490242145706,0.169828365988862,0.194411863563651,0.173296929563121,0.0484787032422814,0.138088721655114,0.151973302477467
681,0.162390533346687,0.14518753236153,0.152904445528255,0.17023013423264,0.194791289485897,0.173693721989463,0.0489253287798129,0.138496092787674,0.152366053601398
682,0.162767729150564,0.14563255508608,0.153326451051766,0.170632333320176,0.195175697003151,0.174055327130274,0.0494621285640769,0.138855518972067,0.152714219156041
683,0.163134076739675,0.146192721998318,0.153690283947316,0.170964304987212,0.195526760093981,0.174385097382394,0.0501276601805982,0.139184861928758,0.153047366490358
684,0.163524030897261,0.146872332593899,0.154030178992383,0.171259798055195,0.19587702624059,0.174723363098435,0.0509633209667839,0.13951622866216,0.153399455597893
685,0.163979446355826,0.147641618877251,0.154437609439087,0.171615273806574,0.196297166585109,0.175131948806434,0.0520148799898053,0.139895646469873,0.153810262726947
686,0.164395794640139,0.148551237798235,0.154819271028764,0.171991241705785,0.196692148865031,0.17550094080998,0.0532881061598414,0.140245520529071,0.154183759251289
687,0.164838098949215,0.149585768176881,0.155193019450489,0.172364190420387,0.197089398926028,0.175863007028663,0.0548041220884575,0.140592646093703,0.154538369935169
688,0.165372785543926,0.150706940855682,0.155588808894975,0.172717124704933,0.197528102742276,0.176266119085087,0.0565737832741536,0.14097379905144,0.154911303380362
689,0.165850347712093,0.151863534089961,0.155960375867007,0.173063317187607,0.197955072976494,0.176648279031326,0.0585616799439966,0.141344288618612,0.155282124041735
690,0.16629811800011,0.153079339758158,0.156334315691758,0.173411434018149,0.198360845396936,0.177033723758872,0.0607804576944566,0.141697060323995,0.155655248815985
691,0.166755577151855,0.154364440241358,0.156722022482857,0.173768628342503,0.198756081480644,0.177437133104053,0.0632418368678487,0.142042095295082,0.156036459615851
692,0.167264462368758,0.155685903788832,0.157087198048698,0.174144463699853,0.199192286573266,0.177838219299598,0.0659591483146382,0.142423603999503,0.156433113275774
693,0.167767184493113,0.157039389468994,0.157457889796741,0.174503057107608,0.199619309244881,0.178245280725522,0.0688444491985661,0.142802332911105,0.156834399476419
694,0.168247451456161,0.158403813099909,0.157840278577234,0.174851447926135,0.200026246777099,0.178648824717002,0.0718531681893004,0.143171192796715,0.157231573997136
695,0.16872202570446,0.159740811251533,0.158223046773404,0.175237758946785,0.200434692415609,0.179022255199184,0.074978316425189,0.143550411528316,0.157616923651022
696,0.169200805452054,0.161103238563138,0.158593224398805,0.17557256319549,0.20083015336031,0.179401514215465,0.0781203627494902,0.143903343867117,0.157972157831578
697,0.169689023912486,0.16248102310285,0.158960174305535,0.175894222190819,0.20121761634655,0.179783435298182,0.0812432524425797,0.144243109205942,0.158334158964056
698,0.170184609787183,0.163841877106093,0.159338651927554,0.17627214298782,0.201608482078129,0.180153959956289,0.0843351116633313,0.144597205803971,0.158747064773953
699,0.170642091044632,0.165165964099382,0.159703490918858,0.176616066711561,0.202009829448078,0.180528151521727,0.0873814291841773,0.144946971061633,0.159117303402327
700,0.17110214877597,0.166462730670338,0.160077674757791,0.1769526467719,0.20241437321217,0.180913479643438,0.0903560403724626,0.145313450873661,0.159480313243596
701,0.17159508112314,0.167734877985017,0.160472872166696,0.177307663975581,0.202814906280534,0.181309347834384,0.0932283017978794,0.145700844409091,0.159867215346536
702,0.172087756609675,0.1689481800305,0.160843654340555,0.177647371704325,0.203211219461982,0.181694232218879,0.0959542777743141,0.146041606340602,0.160235483210389
703,0.1725376422909,0.170092946670407,0.161209377369154,0.178019039466423,0.203609696991666,0.182077591559671,0.0985490083115692,0.14638538029816,0.160608708782589
704,0.172947021713979,0.171172208754927,0.161579674757511,0.178415910000901,0.204007872885362,0.182459802868586,0.101019519716449,0.146751645308514,0.160988805411362
705,0.173378948758408,0.172205376955404,0.161947971874917,0.17875042047108,0.204389871312835,0.182825386560098,0.103358985511456,0.147120233621379,0.161344350413981
706,0.173827891592012,0.173196219486841,0.162357503801112,0.179103796090504,0.204768932700021,0.183210431102763,0.105572957438249,0.14748942520241,0.161718636887643
707,0.174258671906501,0.174118783482276,0.162771376982491,0.179465805555547,0.20513375638426,0.18359803531223,0.107648790998066,0.147849231429402,0.16208885366309
708,0.174623277075765,0.174935157585372,0.163116073110824,0.179788726453522,0.205465618969157,0.183948790827362,0.109570606609141,0.148189840545158,0.162405437026112
709,0.175019578285716,0.175711916657347,0.163454371874217,0.180134017699866,0.205831896441075,0.184324709803509,0.111421549970835,0.148570984270758,0.162755936551969
710,0.175430029038084,0.176456235381128,0.163808348384368,0.180492738705341,0.206209968050479,0.184703111961486,0.113204719287588,0.148950427125985,0.163118094987224
711,0.175824080263298,0.17717005897716,0.164184686483018,0.180843817695298,0.206567392834228,0.185054494234885,0.114909260282491,0.149286219325024,0.163459070811426
712,0.176223415667741,0.177884197452304,0.164558539996135,0.181174715201083,0.20691031096356,0.185393629367923,0.116534419096004,0.149632737363136,0.16380288900607
713,0.176630747105419,0.178590743375699,0.164925606799514,0.181513812182489,0.207277966751355,0.185739332630903,0.118085652395208,0.149981002336598,0.164147822261499
714,0.177041885813373,0.179283060647834,0.165293304213186,0.181874368624791,0.207675318348899,0.186103188751017,0.119576275822331,0.150330205943125,0.164496968912105
715,0.177440568626748,0.179959633137366,0.165694505830447,0.182243894224994,0.208045019281306,0.186491504478585,0.121033914632985,0.150705644749666,0.164870413939464
716,0.177825631197747,0.180607170661952,0.166066452532074,0.18258041541491,0.20836541509024,0.186838871436422,0.122416162836298,0.151052617013384,0.165210689907228
717,0.178205777547594,0.181237533756872,0.166411738310856,0.182902543148474,0.20867648491672,0.187165622845997,0.123739773178432,0.151384854307407,0.165522395672992
718,0.178597144084797,0.181879882539491,0.16677558563652,0.183271082087104,0.20906485472237,0.187550370439532,0.125059649863132,0.151761394974403,0.16585146887737
719,0.178960909999077,0.182519106000398,0.167120663698333,0.183606085576763,0.20943401616652,0.187887669978108,0.126338564618893,0.152109211739075,0.16617930239132
720,0.179321870765096,0.183132807176025,0.167468924243965,0.183923804897893,0.20977033828996,0.188205838794968,0.12757979671919,0.152432282628087,0.16651201152298
721,0.17971262999564,0.183710374458772,0.167849697598196,0.184260196819193,0.21009083271222,0.188562240438511,0.128796226851063,0.152759554137768,0.16685889861171
722,0.180101374450544,0.184334177595128,0.168248086763159,0.184609492565491,0.210463936376679,0.188966114302368,0.130002983666263,0.153142020248482,0.167223487001308
723,0.180481501492749,0.184939481615954,0.168610250547929,0.184932722311384,0.210816350528871,0.18934535341436,0.131168287514627,0.153515668621828,0.167554447601511
724,0.180853142332494,0.185492360897918,0.168922565859719,0.185226101319633,0.211115679153522,0.189663916306157,0.132281845564106,0.153847301457053,0.167840272196794
725,0.181227160227302,0.186059378298696,0.169270945873523,0.185577998763879,0.211454324161426,0.189978545208953,0.133392500168725,0.154197452760206,0.168172070975237
726,0.18158923143257,0.186608388889638,0.169608257425045,0.185927383589562,0.211787475641114,0.190301195483162,0.134474179562654,0.154548148449396,0.168506747763308
727,0.181937391619601,0.187134420775787,0.16993068085781,0.18625025562513,0.212100820931452,0.190630589341497,0.135529974459763,0.154887434288126,0.168823345834761
728,0.182279641287315,0.187653493330649,0.170269751271382,0.18654966477923,0.212402450290467,0.190950618127525,0.136586388461959,0.155204974695398,0.169115048806657
729,0.182624378810309,0.188182684883387,0.17062761156313,0.186860003573898,0.212702463678498,0.191275561254884,0.137629457048044,0.155506841777158,0.169411417303508
730,0.182987011862959,0.188690647344256,0.170986374573324,0.187186265903175,0.213019135483397,0.191603156652517,0.138674368746981,0.155827637224836,0.169718305330179
731,0.18337221722736,0.189138154092338,0.17132226170239,0.187517288116677,0.213363609780677,0.19192511928598,0.13973534969781,0.156196285974549,0.170028365609713
732,0.183683966122687,0.189577241427494,0.171639842613453,0.187804285951016,0.213670867632742,0.192226464701563,0.140745690654877,0.156509187182951,0.170299352604097
733,0.183995994794277,0.190028005941424,0.171968148559532,0.188097827419852,0.213978108510791,0.192551079272486,0.141743859854085,0.156813965280655,0.170578687100232
734,0.184352580904258,0.190487356956331,0.172314319476381,0.188426820666443,0.214306956097125,0.192913189019481,0.142758824171026,0.157144508622781,0.170891828326317
735,0.184650749910319,0.190896186077075,0.172610293188217,0.18872197385816,0.214591592179627,0.193225968906567,0.143753186398834,0.15743509749137,0.171167652890154
736,0.184965224787695,0.191311418174018,0.172928030372155,0.189030711142873,0.214907919766674,0.193516439680626,0.144755196807035,0.15775991408015,0.171464039864642
737,0.185305221411561,0.19174258281571,0.173269521118378,0.189351851594104,0.215258879494168,0.193800645389299,0.145757662585573,0.158113511026234,0.171782791602411
738,0.18560754891989,0.192148877138885,0.173556412320083,0.189628984711161,0.21556659579301,0.194083967871353,0.146712661141426,0.158399267306714,0.17206323571593
739,0.185923628024124,0.192519176006147,0.17387535035927,0.189918479654783,0.215865463406613,0.194400441073943,0.147684008901586,0.158694563577224,0.172340873682657
740,0.186258045526906,0.192873302215293,0.174212191138711,0.190214843373451,0.216157455275562,0.194718604770009,0.148668720967633,0.159019686534946,0.172612205640472
741,0.186594324888591,0.193242966978306,0.174521008059853,0.190491606818212,0.216436051421369,0.194987632689849,0.14963656915966,0.159365904693526,0.172863670670199
742,0.186881594914339,0.193614283117911,0.174850594697575,0.190758001159652,0.216706282772897,0.195262672744616,0.150561992763969,0.159636849650721,0.173121450915744
743,0.187178037741971,0.193980586365205,0.175179081163152,0.191037649918365,0.217001232994805,0.195568667427759,0.151499188097883,0.159908873466832,0.173387298130927
744,0.187518874087636,0.194335214976358,0.175483657416519,0.19134117637881,0.217330995355767,0.195901730783149,0.15248193305259,0.16023963250228,0.173658950204001
745,0.187810479825893,0.194668554124919,0.175767015521682,0.191631459218635,0.217620989223702,0.196179329017099,0.153440983737035,0.160543299846121,0.173939614515015
746,0.188095138510713,0.194989184735882,0.176061599784213,0.19191982486418,0.217902768937496,0.196460419367948,0.154376717869994,0.160820478746129,0.174194247049259
747,0.188385833055306,0.195303239237919,0.176370775553268,0.192206593789624,0.218187198270108,0.196759380885254,0.155306351609749,0.161094053747831,0.174419102650609
748,0.1886572338467,0.195614048012255,0.17666000711895,0.192477962474881,0.218457216882496,0.197033319165123,0.156273052765648,0.161421179119935,0.174647783296908
749,0.188924380771727,0.195926242379745,0.176957809114476,0.192731713754015,0.21874654197026,0.197304437625249,0.157217348521911,0.161720133849004,0.174912337020155
750,0.189208691193474,0.196225359769047,0.177249750803451,0.192980816882362,0.219035358934125,0.197571375057854,0.158142759619335,0.161994533739704,0.175191121668096
751,0.189530531875795,0.196493951204429,0.17750893588845,0.193244797068014,0.219286371850295,0.197828923057118,0.159081144858686,0.162282236808324,0.175441525947209
752,0.18984365527263,0.19678407907202,0.177775088923097,0.193515916248792,0.219546051242635,0.198128141877349,0.160048583576438,0.16257207855879,0.175709975799958
753,0.190116612465872,0.197083018891361,0.178058340617559,0.193778571616106,0.219820936302985,0.198414766807351,0.161002383690708,0.162848541811835,0.175967577216503
754,0.190347251668173,0.197373389162711,0.178352954139168,0.194022978466402,0.220101238771047,0.198647038721002,0.161915900883933,0.163107473541565,0.176191471013136
755,0.190620483074025,0.197660207680718,0.178616320621429,0.194259472251521,0.220341470437788,0.198878506204302,0.162847026880156,0.163386627670645,0.1764173124059
756,0.190883447384464,0.197946203526265,0.178875095626162,0.194513132717843,0.220592134156443,0.199141646728633,0.163802366919836,0.163673361107979,0.17665166340355
757,0.191122773683952,0.198227220785483,0.17914385004589,0.194785320316414,0.220871424355838,0.199434565950981,0.164773112366371,0.163949627566594,0.176890168243018
758,0.191379173344701,0.19848815794243,0.17942210249427,0.195045740401887,0.221156773329607,0.199711002785732,0.165727831042727,0.164185269395097,0.17711434003518
759,0.191630875672114,0.198740181993051,0.179686273200343,0.195295611122002,0.221414544094567,0.199960489617199,0.166670957796329,0.164435069606907,0.177317813614596
760,0.191876436179234,0.198988803133923,0.179938405341953,0.195530994642362,0.221644338824351,0.200190454840655,0.167613152671061,0.164699462642861,0.177517123037873
761,0.192122535037347,0.199237556330932,0.180192143230505,0.195751684099256,0.221868053225871,0.200422695408134,0.168569451145413,0.164957269173558,0.177738804680683
762,0.192384205990596,0.199491914537867,0.180450943009323,0.196013404765901,0.222159237783755,0.200710384529827,0.169553666461883,0.16523371133669,0.177977539980978
763,0.192632655747868,0.199719556088436,0.180695859039182,0.196254167785291,0.222446691935694,0.20096867118771,0.170520591344124,0.165495362346266,0.178200698417729
764,0.19284549678236,0.199911362395845,0.180915702551887,0.196435843035475,0.222670144966032,0.201148779856459,0.171447647052606,0.165722946288497,0.178391810012437
765,0.193041751801416,0.200157957920421,0.181138291517686,0.196670500764607,0.222891482747008,0.201406689775671,0.172427513737537,0.165979910735873,0.17860655378602
766,0.193247276134147,0.200410831644672,0.181355357100998,0.196896990185592,0.223098327394521,0.201650029298003,0.173402769405711,0.16621777379793,0.178808253500927
767,0.193472978827196,0.200636224705937,0.181566684155709,0.197094072702427,0.223301909597032,0.201849460952711,0.174350833229402,0.166423579118296,0.17898938653582
768,0.193712906477822,0.200812750696433,0.181782380263063,0.197290750091994,0.223548970562799,0.202056225265044,0.175291597726595,0.166627949191458,0.179179894942328
769,0.193945408897738,0.201037915739079,0.18200683624319,0.19751018759775,0.223776764871565,0.202279723745063,0.176265816536525,0.166866765412628,0.179387056385828
770,0.194160406349665,0.201281619795545,0.182228978355106,0.197731451460081,0.223988793555691,0.202514174622732,0.177258345154093,0.167117568324594,0.179581872119814
771,0.194359314921978,0.20146819012159,0.182432234165557,0.1979187319066,0.224211924143745,0.202743194866184,0.178230194783876,0.167336027444538,0.179728444791799
772,0.19460501391156,0.201666292531127,0.182626348594232,0.19811854054041,0.224416710822298,0.202949119576002,0.179192198603146,0.167565302486045,0.179914299740563
773,0.194834301266601,0.201890594877414,0.182835487747712,0.198325300258654,0.224624989933829,0.203149475751089,0.180163470606442,0.167786325327453,0.180123327257498
774,0.195007965325814,0.202134770717475,0.183070228962952,0.198530713935182,0.224857448037351,0.203361720605719,0.181158027609199,0.167992358637154,0.180327598710228
775,0.195223569953326,0.202360284777123,0.183299074743365,0.198749017064286,0.225119625848659,0.203589940616524,0.182176155700298,0.168251780796271,0.180515298939324
776,0.195421663316316,0.202537415875833,0.183497200409401,0.198929619449393,0.225323703810471,0.20379211002995,0.183170939730838,0.168465311625251,0.180693693535665
777,0.19559634323919,0.202697763358535,0.183678115958228,0.199088877356534,0.225481758575308,0.203975439445694,0.184149372070476,0.16863271446364,0.180870858232895
778,0.195803235689916,0.202949523855081,0.183902100563783,0.199323300849325,0.225723069338485,0.204205331336185,0.185182969915996,0.168867801954898,0.181057102569272
779,0.195992461094731,0.203148691548907,0.184101796176648,0.1995427439021,0.225955099208208,0.20443199942603,0.186200728409629,0.169115142553907,0.181226992741672
780,0.196180994558853,0.203311944992988,0.184278927640016,0.199728985742919,0.226159783905695,0.204627084352194,0.187194672716223,0.169341365384746,0.181394903648133
781,0.19639731951922,0.203502979657632,0.184455488683434,0.199890414904612,0.226346181642191,0.204778325710671,0.188182276350865,0.169526515219326,0.181582368669969
782,0.196557077962662,0.203653812589646,0.184598927835604,0.200038397470616,0.226539516689858,0.204951564713213,0.189192924774378,0.16972988146656,0.181740003576658
783,0.196702452467282,0.203808141751197,0.184757559185921,0.200194865516834,0.226728298501727,0.20513560025243,0.190198018758835,0.169932809349219,0.181872597296488
784,0.196875992462699,0.203992986533495,0.184953900158965,0.200368976932404,0.22690882203012,0.205317317350855,0.191187944105104,0.170116386352235,0.181995573973644
785,0.197089547057398,0.20415806883387,0.185122016046397,0.200536437746916,0.227115441266058,0.205511308231754,0.192228235546178,0.170285950402449,0.182131775164971
786,0.197257460194208,0.204310835948674,0.18525236158627,0.200698014891786,0.227299055448269,0.205670287917855,0.193247089814537,0.170441002649814,0.182276204740701
787,0.197391820864032,0.204478517271878,0.185392691951005,0.200862427578692,0.227462743199524,0.205810342178527,0.194244120520731,0.170616484792915,0.182437613505333
788,0.197594374141335,0.204709000060088,0.185647503677525,0.201046675717644,0.2276563704596,0.206005980276047,0.195281126629803,0.170881397084903,0.182636733868601
789,0.197759413132346,0.204894580317451,0.185826118934501,0.201172625179206,0.227837417861238,0.20618569113595,0.196293029457096,0.17106328086336,0.182777678443564
790,0.197912965138514,0.205043470879197,0.1859520318429,0.20130208542886,0.228025779661835,0.206350208037749,0.197306638045001,0.17120722215916,0.182887805544435
791,0.198102751162194,0.20519404173365,0.186103348878836,0.201507244361605,0.228242904973424,0.206518196685911,0.198356780753777,0.171404353543992,0.183024421008631
792,0.198259955564434,0.205331060427593,0.186261875644817,0.201637607687853,0.228404258679568,0.206682784675639,0.199352056481285,0.171583252704207,0.18316951296913
793,0.198407083857846,0.205466192733372,0.186414149505829,0.201774591750137,0.228565357509768,0.206853045540286,0.200365277794524,0.171766564691205,0.18331532951028
794,0.198556364779403,0.205606790384415,0.18655218468916,0.201950345023048,0.22875509348723,0.207026570497882,0.201428403515797,0.171958577159365,0.183460685319984
795,0.198679682066132,0.205745290037982,0.186675302548703,0.202043981927862,0.228923386848116,0.207168566236682,0.20245614493143,0.172102723231198,0.183622746051444
796,0.198804135456894,0.205908726183076,0.186814906482021,0.202182430206828,0.229080229206943,0.207341346049658,0.203506054285638,0.172274088726372,0.183748569701514
797,0.198949899999824,0.206083295687469,0.18696967638915,0.202364930822144,0.229250408621005,0.207522334747265,0.204573558035992,0.172468526090201,0.183850172687583
798,0.199131360142486,0.206227763172381,0.187115338320517,0.202510123200947,0.229466418136171,0.207636666622952,0.205615033497963,0.172631533774361,0.183981868799504
799,0.199292341227319,0.206348121193816,0.187237315669677,0.202600312107252,0.229614755045095,0.207764421087144,0.206617108134069,0.172767744457855,0.184125280353239
800,0.19941147926035,0.206469973034611,0.187349764944453,0.202698373175964,0.229728440729675,0.207911159122159,0.207630310556329,0.172908398158475,0.184256486763027
801,0.199498782642019,0.206612535516588,0.187470851323563,0.202858346198902,0.229866936734407,0.208066076276923,0.208696880436367,0.173080107297325,0.184364237874986
802,0.19965611719344,0.206743626783961,0.187600621042902,0.203009667596255,0.230048138810733,0.208224967906098,0.209757122874764,0.173262649880168,0.18450612811937
803,0.199809252491023,0.206877779532375,0.187742374282951,0.203137895270392,0.230227901079281,0.208374496084106,0.210789520432536,0.173413932351245,0.184617292546452
804,0.199936003057791,0.207010941959975,0.187881175888087,0.203249781014891,0.230380337399221,0.208513669228315,0.211801803620139,0.17353944099896,0.184690655163847
805,0.200103389979851,0.207102404592171,0.18796732052271,0.203381634671476,0.2305051865555,0.208660965376277,0.212846084492308,0.173721775446015,0.184812322829104
806,0.200257859249507,0.207249534393564,0.18810761015433,0.203511434589275,0.230648352448108,0.208801289685222,0.213900801641887,0.17387067694774,0.184946825465099
807,0.200388828653275,0.207422672382224,0.188270801125064,0.203639241959783,0.230815554250037,0.208937777843218,0.214943756729427,0.174000345529515,0.185074789468207
808,0.200505849056591,0.207543191584065,0.188371876069787,0.203769074324447,0.230990446212788,0.209079043027545,0.215958875015455,0.17416342096529,0.185181857215211
809,0.200637092748416,0.207666803637871,0.188454630122375,0.203850223532883,0.231134423813615,0.209207170909364,0.217009891912597,0.174313862357038,0.185272372497475
810,0.200771282159883,0.207796535662169,0.188573613676557,0.203951163734644,0.231283266356309,0.209316286742051,0.218069988837253,0.174465287140803,0.185384505556214
811,0.200896650205264,0.207926958786566,0.18873930276529,0.204103616423753,0.231455451351366,0.209415473745966,0.219113197992782,0.17462365397777,0.18552747157775
812,0.201020269557452,0.208047133814431,0.188830135656878,0.204179663207958,0.231585564472912,0.209551177637317,0.220148194930867,0.174743141216707,0.185609735869558
813,0.20112308849828,0.208180569598747,0.188926012994852,0.204282228344458,0.231712248974667,0.209690024352328,0.221196214617928,0.17488802377463,0.185719741036253
814,0.201211426947963,0.208308136824291,0.189036765804076,0.204425210593823,0.231846053240991,0.209817442392232,0.222254377483452,0.175056685071889,0.185852876414376
815,0.201315276498949,0.208371356014772,0.18911039321951,0.204543005451396,0.231973360399561,0.209934881391768,0.223297079861863,0.175187383891447,0.185920371821605
816,0.201419867251034,0.208485909311712,0.189201197829678,0.204646160185593,0.232140031559948,0.210059459689873,0.224298886536757,0.175317719124053,0.186005023437407
817,0.201537656608477,0.208631822704468,0.189303894734822,0.204755413668902,0.232314330694163,0.210175241811334,0.225307425294546,0.175458156513309,0.186118847201403
818,0.20167301130348,0.208752510834775,0.189400216485777,0.204882326848829,0.232448457024214,0.21026472184825,0.226369103285443,0.175605662624972,0.186245026449317
819,0.201742951738455,0.208817647863735,0.189495317336441,0.204955542620433,0.232532110172102,0.21035127986829,0.227379962985304,0.175718318218678,0.186322926395073
820,0.201836245451203,0.208914305331558,0.18960742104185,0.20504229140718,0.232653652112183,0.21046530173995,0.228404718793722,0.175841103361106,0.186392140655094
821,0.201984399169285,0.209070204185042,0.189735071282829,0.205165306729361,0.232830746398519,0.210603840851837,0.229467276300391,0.175981654961852,0.186478901899293
822,0.202100076133899,0.209202474681145,0.189844197972294,0.205252657322529,0.232945809336533,0.210702487818227,0.230501054630381,0.176065095508324,0.186575397520416
823,0.202202002395299,0.209267980033079,0.189899105550597,0.205334861356659,0.233029788550172,0.210799027237113,0.231502768046529,0.176170743307753,0.186681683987765
824,0.202307760347011,0.209319613604005,0.189951316059365,0.205422140832869,0.233121735786579,0.210904797809434,0.232511493429162,0.176310473812479,0.186778237890848
825,0.20243405569854,0.209452121444568,0.190087029022723,0.205516593689235,0.233266191031209,0.211019108444924,0.233581533280264,0.176462075286137,0.186841551967623
826,0.202531884360652,0.209537300884472,0.190185563665019,0.205603130503852,0.233423777231845,0.211123905786469,0.23462830664873,0.176599466333912,0.186932009844541
827,0.202613194859309,0.209628575928666,0.190256192278674,0.205695813544334,0.233556206657171,0.211218623155918,0.235647003423893,0.176702100593315,0.187041471984519
828,0.202698662301242,0.2097715198781,0.19032931385957,0.205804432311168,0.233652836269212,0.211312051783472,0.236648773019375,0.176781963267909,0.187151231990368
829,0.20280941397002,0.209914235842845,0.190439029088608,0.20592028010831,0.233788573451395,0.211438352491351,0.23765642678437,0.176949317181852,0.187253196690453
830,0.202887912482758,0.209976948209591,0.19051817848932,0.205985988039233,0.233890928804381,0.211529050710226,0.238664331697483,0.177081269130976,0.187311524514316
831,0.202941029558915,0.209993512448459,0.190567609130751,0.206018785177665,0.233952853070176,0.211575121508942,0.23966538511808,0.177157375806122,0.187342029357479
832,0.203035335738389,0.210104521342341,0.190650938213879,0.206105916441731,0.234027908414665,0.211623260109848,0.240652751804597,0.177251021225897,0.187409263852998
833,0.203161164621277,0.210225290187778,0.190748666247505,0.206237172090778,0.234210729663384,0.211767641119343,0.24169737662343,0.17740434032917,0.187507259676139
834,0.203292247880607,0.210322204761264,0.190853232707749,0.206367586508962,0.234393633400952,0.211914756407849,0.242760147350794,0.177553469247239,0.187618976495099
835,0.203400200850516,0.21038762580565,0.190953039767036,0.206450802831364,0.234460352181424,0.211962626415225,0.243779430693136,0.177634355363377,0.187724076753882
836,0.203479345611069,0.210483575230923,0.191007502475013,0.20649404973452,0.234562271105206,0.212055663766159,0.244750173634406,0.177754029046346,0.187816142985384
837,0.203572927184456,0.210572617417995,0.191067966418652,0.206565834054121,0.234692362087141,0.212178100178937,0.24572160482968,0.177869974426686,0.187908348826031
838,0.203688377669315,0.210644095319834,0.191152093998782,0.206683614886623,0.234825172017774,0.212303068229141,0.246726153898261,0.177974461178149,0.188004905505744
839,0.203773062585576,0.210735398826634,0.191218466378354,0.206784555966258,0.234915572177774,0.212397264930522,0.247773281334323,0.178131935117369,0.188096183491818
840,0.203854407640713,0.210852751714306,0.191278553425482,0.206855587718558,0.235024179192441,0.212492510544161,0.248767741141101,0.178227134119409,0.188152222941513
841,0.203952614154051,0.210979156089805,0.191361689519426,0.2069235752757,0.235153452741964,0.212593767836792,0.249742962529865,0.178312918212375,0.188222008424323
842,0.204081707134292,0.211087658927837,0.191491148333649,0.207029666641194,0.235282531926788,0.212695217244608,0.250777927993449,0.178490539625667,0.188369464410521
843,0.204210082347296,0.211179504860739,0.191550605556498,0.207141218203019,0.235410451813537,0.212788521547521,0.25180849740168,0.178608477964241,0.188459432982623
844,0.204335918798231,0.21128303342884,0.191601111543964,0.207250124270569,0.235530130243212,0.212893130373007,0.25281680067464,0.178731760468829,0.188537767993879
845,0.20444682722775,0.211403403374667,0.191691013666659,0.207350089100448,0.235639179859705,0.213010232365424,0.253790635709214,0.17888950713904,0.188635824562765
846,0.204482611741485,0.211474600356576,0.191787724814628,0.207430448987782,0.235743238486952,0.213083501446108,0.254701373358458,0.178955387024873,0.188690585582728
847,0.204568590890211,0.211602382766367,0.191899891013697,0.207500668592595,0.235862005768369,0.213193648865412,0.255663241778391,0.179052064585201,0.18878609883955
848,0.204700746510681,0.211753727319864,0.192010465898283,0.207577062207868,0.236001090899071,0.213324922125052,0.256678977395121,0.179193104048252,0.188906729987002
849,0.204795328981919,0.21181295138862,0.19208919643901,0.207679913038657,0.236152804956615,0.213404610927085,0.257677992332363,0.179325281004596,0.188977791982745
850,0.204916903207206,0.211882236234272,0.192172843079071,0.207798839743188,0.236257136158323,0.213510639301274,0.258675082489977,0.179465327706167,0.189073674940425
851,0.205056059444883,0.21198144709741,0.192279162169729,0.207916074555705,0.236368356518112,0.213627888818951,0.259652290839689,0.179607773146629,0.189191964166054
852,0.205192626953052,0.212108141433017,0.192406537960937,0.20801988534504,0.236525795291984,0.213733266708144,0.260603068341003,0.179742696252151,0.189321976858844
853,0.205325055895065,0.212245421964099,0.192508253201971,0.208128425782705,0.236642646647543,0.213839936306157,0.261573984416262,0.179857796855575,0.189484833266646
854,0.205394423994869,0.212358622693618,0.192569064914004,0.208192290127107,0.236739097767519,0.213931138309271,0.262540408541176,0.179948212336834,0.189602274864245
855,0.205445416065863,0.21246087231492,0.192625460352847,0.208249593862239,0.236841199289262,0.214021020461413,0.263495807995429,0.180042934117385,0.189684580290051
856,0.205621950379816,0.212611255715833,0.192763547945404,0.208422177043264,0.236980483674136,0.214153325615472,0.264449928298652,0.180203018633685,0.189827536340823
857,0.205767783547434,0.212754042319673,0.192914366234543,0.208582631155479,0.237134658309487,0.214298058504108,0.265422167895706,0.180360856483618,0.189956244896457
858,0.205876915201147,0.212869393594081,0.193014620663755,0.208682141849523,0.237267917514611,0.214432767593888,0.266389713695148,0.180495275681859,0.190051142528696
859,0.205986224761403,0.212964137668117,0.193044409096566,0.20873027968906,0.237367503826958,0.214549115753065,0.267334213359076,0.1806119631764,0.190124558776644
860,0.206134764134387,0.213123159505988,0.193172295435193,0.208901355698307,0.237538634972486,0.21469336991226,0.268309530482452,0.180776240765813,0.190263179183482
861,0.206302119303903,0.213265803582175,0.193312974803104,0.209065701060944,0.237751206654394,0.214858110835801,0.269319558054186,0.180960343939627,0.190427397324474
862,0.206448880208361,0.213366711550287,0.193421215730605,0.209172285170172,0.237956661006525,0.215018239586845,0.270338955395119,0.181143754448566,0.190572412488805
863,0.20650884718518,0.213479888984567,0.193515216475744,0.209288309995637,0.238088987665618,0.215126042499559,0.271306627623363,0.181321655176505,0.19065048885402
864,0.206629965654984,0.213633873978395,0.193652215359037,0.209402014205551,0.238143300698676,0.215244661845863,0.272215198823005,0.181447465302429,0.190741076203775
865,0.206807219834332,0.213809100928445,0.193829221333788,0.209528563142168,0.238249562027417,0.215395049259622,0.273153390589959,0.18159442555555,0.190865344751357
866,0.206977487423171,0.213968548818502,0.194008643532894,0.209681860348587,0.238524812702834,0.215574481710381,0.274200517431654,0.181834089357344,0.191018645537766
867,0.207078646221134,0.214101743284475,0.194097606283264,0.209824074597387,0.238690591712709,0.215732491889228,0.275136040466152,0.18194884336455,0.191175573560522
868,0.207192845768057,0.214231816596258,0.194182134562836,0.20996231054481,0.238829394338507,0.215876387631347,0.276079468912672,0.182061286843729,0.191308667079735
869,0.207360495993433,0.214369310809168,0.19431849903421,0.210103190145788,0.238999524371437,0.216014046090147,0.277075792363596,0.18223207907916,0.191422242131966
870,0.207535691124447,0.214494557688562,0.19449509051799,0.210243782659154,0.239171265656908,0.216142350903681,0.277997136027531,0.18237560988077,0.191571860233489
871,0.207722158604942,0.214679976976396,0.19467349621143,0.210426641548673,0.239376275627442,0.216309887690971,0.278964809706186,0.182532303801037,0.191752571252191
872,0.207905894586381,0.214893421892169,0.194842512944644,0.210613851825378,0.239592284205746,0.216503913718668,0.27996978807511,0.182701506573842,0.19194359264263
873,0.208068582364327,0.215064770201427,0.19499907308975,0.21074656732254,0.23977878572,0.216686165409663,0.280953188739857,0.182871675762817,0.192114014739487
874,0.208204008338826,0.215211608072109,0.195093463632336,0.210898069148215,0.239948138064072,0.216853383240587,0.281912039903429,0.183071506408929,0.192236581502474
875,0.208357769066289,0.215370580236457,0.195245548605518,0.211057284394744,0.240112528234387,0.217016103495176,0.282874873419282,0.183259943285446,0.192387269718148
876,0.208549085038594,0.215558304103721,0.195482197582613,0.211215574104001,0.240287528997701,0.217182506686102,0.283856507739749,0.183417786957534,0.192593824378541
877,0.208736331816014,0.215748178309516,0.195603022794659,0.211388604066337,0.240495988769966,0.217348827617002,0.284840424166076,0.183580178577024,0.192772468350088
878,0.208936449146389,0.215954560734496,0.19577388267939,0.211562163971071,0.240743106984361,0.217561491363628,0.285847306441666,0.18375744474135,0.192911344171224
879,0.209127519359557,0.216144062300462,0.195965043015486,0.211734072173068,0.24097413335892,0.217773811459973,0.286840611508751,0.183964906047392,0.193046292336787
880,0.209279438862257,0.216275735370864,0.196076663874177,0.211908774925518,0.241121906270463,0.217911425439073,0.287770236751896,0.184207909316853,0.193235520447478
881,0.209449983276902,0.216455310394141,0.196224119644794,0.21210046901347,0.241313076017238,0.218106478244419,0.288725431499045,0.184400146847035,0.193458028004438
882,0.209662003312335,0.216662953045525,0.196406725313926,0.212278868718901,0.241523139900563,0.218311322786311,0.289707128715064,0.184584539745525,0.193668917471213
883,0.20990284335078,0.216879457469494,0.196607579203014,0.21243486180078,0.241729386814755,0.218494865701628,0.290702102931366,0.184787143150077,0.193848610972071
884,0.210089919932787,0.21712896425537,0.19681061018129,0.212612846952062,0.241956707209362,0.218708580968847,0.291695499392272,0.184950650956473,0.194036361329051
885,0.210287428043227,0.21737192480232,0.196995384126754,0.212843692479459,0.242196769506916,0.218976757445293,0.292667760805529,0.185172113958169,0.194241891037099
886,0.21050782634534,0.217576958613114,0.197185261541273,0.213079857343837,0.242446025619653,0.219252665673336,0.293630197607578,0.185438034964744,0.194446853235483
887,0.210732840871003,0.217731762897006,0.197416687668158,0.213241718164116,0.24269705856387,0.219459492144377,0.294611109669777,0.185677382021406,0.194620091502864
888,0.210894082814439,0.21796614224046,0.197589716591328,0.213415038707071,0.242886136415701,0.219665586749963,0.295611094026334,0.18587551285388,0.194781101950884
889,0.211066240007264,0.218229247287946,0.197737364944729,0.213613785347338,0.243090465707634,0.219891336501057,0.296588194079103,0.186068716532401,0.194978981686955
890,0.211298715275776,0.218460232487364,0.197894537679514,0.213827934041597,0.243346041319404,0.220128907960372,0.297518317266639,0.186275385129942,0.195220431688768
891,0.211543012036568,0.218628326422345,0.198051493543954,0.214009218469207,0.243545136112655,0.220313617223449,0.298418163521948,0.186451595155773,0.195404930707042
892,0.211776206217338,0.218804550189424,0.198263794285954,0.214243498069951,0.243777491287491,0.220543166045078,0.299374507878104,0.186631177896791,0.195597217881603
893,0.211998750684231,0.219025824083802,0.198508813841738,0.214489488219103,0.244040908494201,0.220784960057343,0.300377402709526,0.186839533527529,0.19581683541896
894,0.21222806260176,0.219299398066549,0.198724062774732,0.214654963220142,0.244292307160674,0.220955613227648,0.301365774862952,0.187092533838912,0.196056607339907
895,0.212489432945262,0.219523372670554,0.198922552890001,0.214879801174161,0.244590413023693,0.221214713393456,0.302378304933216,0.187346767186828,0.19626817801111
896,0.212746561977393,0.219760615195312,0.199142756459193,0.215119126858989,0.244863664136002,0.221488230976928,0.303364065910675,0.187598038440528,0.196467370697717
897,0.212965386187015,0.220040847179655,0.199389495900887,0.215326827797259,0.245075057770759,0.221715274944678,0.304297179158109,0.187835787447598,0.196670461152663
898,0.213123471325639,0.220262446286626,0.199574116548128,0.21549802933124,0.245292842124655,0.221923542452993,0.305221692521652,0.188003481124874,0.196870766028074
899,0.213327245765874,0.22050252880161,0.199813990782463,0.215747761377881,0.245571172899067,0.222220964068083,0.306211819562407,0.188287122046138,0.197090472568125
900,0.213605278466219,0.22077102813324,0.200085275727361,0.216048864426927,0.245879018274475,0.222540175167111,0.30722744580589,0.188628949233688,0.197348700128552
901,0.213931311129438,0.221042602368566,0.200299847901046,0.216304466504282,0.246147355618496,0.222745921010341,0.308176988533657,0.188860713291238,0.197648463642255
902,0.214189100231637,0.22127263057096,0.200478357871361,0.216528444176749,0.24644582404747,0.223014616169625,0.309120688156297,0.189065676561665,0.197863625670362
903,0.214420596555162,0.221532700731064,0.200695646290161,0.216774560011063,0.246734563695781,0.223290217022305,0.310062496815329,0.189286580128817,0.198067081899619
904,0.214666854072751,0.221836509220829,0.200968993183268,0.217058944735157,0.246996224490061,0.223540964262135,0.311002458259102,0.189541156412749,0.198309795609611
905,0.214925660834006,0.222037987760006,0.201181706918598,0.217312466538941,0.247288196316179,0.223852157531661,0.311947928159371,0.189809842992479,0.198545517877067
906,0.215160197621564,0.222294168279924,0.20139339247253,0.217520551061871,0.247567683936388,0.224110433254417,0.312869962548934,0.190048156938725,0.198779307675336
907,0.215389561948836,0.222592033784571,0.201627004668845,0.217722908228316,0.247820545464879,0.224335743599722,0.313768434924417,0.190274245570523,0.19901402232927
908,0.215656802724593,0.222852548643814,0.201891308312114,0.21798257030731,0.248058255233582,0.224605984400136,0.314664859489484,0.190535778075749,0.199255989503627
909,0.21597375426035,0.22310561937099,0.202193835847756,0.218302641818904,0.248390677527541,0.224947617813836,0.315627980715276,0.190853109635821,0.199532422046703
910,0.216262697101691,0.223369837703337,0.202443977327969,0.218583021953218,0.248724989916454,0.225266412875966,0.316578683878121,0.191142588409813,0.199785892593539
911,0.216497322244652,0.223646185992495,0.202636713759797,0.218788345808253,0.248996068649637,0.225519108182158,0.317478658251022,0.191374506772588,0.199998290559345
912,0.216754057961522,0.223903570719358,0.202935987504164,0.219006627214194,0.249215441365351,0.225768080100598,0.318386765530548,0.191630225846995,0.200231669595925
913,0.217024940116905,0.224208947944374,0.203199758330731,0.21930552605923,0.249504925210484,0.226056621757281,0.319321623506516,0.191883904839012,0.200495876800568
914,0.217333679681869,0.224547194874947,0.203440956311376,0.219621235214707,0.249849754643756,0.226389759643416,0.320293770812936,0.192168336608278,0.200784886495399
915,0.217685917445939,0.224864781014653,0.203712862467694,0.219861809715528,0.250183314807246,0.226743144642821,0.321288624207176,0.192508047446241,0.201082117685238
916,0.217936004929871,0.225090698562211,0.203949284436511,0.220132778783715,0.250501681180699,0.227046101099341,0.322202449832265,0.192761607745436,0.201380929988461
917,0.218155162704431,0.225330861067477,0.204195490505732,0.220429122094469,0.250813490384349,0.227357191539992,0.323072749894544,0.192999949156364,0.201643144150717
918,0.218401980047489,0.225629637422067,0.204464564111976,0.220734493785915,0.25112644229131,0.227678633026691,0.323938209341765,0.193269172517763,0.20187036869159
919,0.218695919979883,0.225929415264219,0.204714501362031,0.221028057616007,0.251444952936544,0.227920699632146,0.324823264554972,0.193559990417803,0.202120128245732
920,0.218997996576853,0.226275037818393,0.205025536421986,0.221339934981728,0.251769026467515,0.228232346436766,0.325791873637063,0.193873337813563,0.202394410177304
921,0.219289915178802,0.226624510144696,0.205351379997545,0.22165145618297,0.252093605990411,0.228602086120023,0.326768034952892,0.194186255320575,0.202688947563034
922,0.219567345646908,0.226920683492225,0.205629857719032,0.221937510080882,0.252415357404852,0.228964544101206,0.327662774312007,0.194476018780582,0.202988845883258
923,0.219853530288195,0.227160951845952,0.205920192923741,0.222213715082624,0.252752134452791,0.229262452414042,0.328554467606598,0.194753257263267,0.203257592365773
924,0.220151348920527,0.227380774004694,0.206167715800034,0.222481377540186,0.253048440936401,0.229512060200714,0.329354624757119,0.195033825367209,0.203512766096634
925,0.220469235360958,0.227640784674521,0.20640351562935,0.22276156961866,0.253327532477454,0.229776000839453,0.33014245825229,0.195331900274407,0.203771069891665
926,0.220819677529417,0.228018259448023,0.206743103376499,0.223091118486065,0.253688279818067,0.230153314418556,0.331158401259913,0.195657333478126,0.204044498137284
927,0.221116496170499,0.228360482098855,0.207050642105228,0.223325244128249,0.253932669870888,0.230471382037189,0.33205769777149,0.195929372654772,0.204276662949368
928,0.221395467204804,0.228665107657958,0.207317486266752,0.223560171028329,0.254192519409994,0.230765417608338,0.332892617703236,0.196198632088659,0.204524864482525
929,0.22169224264452,0.228950997747445,0.207561533961678,0.223880163122352,0.25457264350625,0.231085137042439,0.333759687580025,0.196504206559882,0.204825754154066
930,0.22193572365611,0.229171763439679,0.207772556723333,0.224143463284785,0.254837101789461,0.231355317952036,0.334589024600494,0.196738802319489,0.205060140025822
931,0.222245385826137,0.229465784832834,0.208089814683278,0.224436722526804,0.255172301393625,0.231708655928384,0.335415988717634,0.197025262115147,0.205335623093777
932,0.222579249605654,0.229808063112185,0.208430914663991,0.224770459188121,0.255552583519424,0.232095566253752,0.33626273559054,0.197333251862897,0.205638315942755
933,0.222803215921809,0.230074011985472,0.208592479051811,0.225102668425977,0.255825852853285,0.232362270256692,0.33713763678997,0.197546248384158,0.205881665757573
934,0.223085495189199,0.230398702685928,0.208880075779642,0.225419391809893,0.256163270047902,0.232707452344109,0.338001556297368,0.197850406848205,0.206163750388799
935,0.223413489104031,0.230734526666697,0.209195840218167,0.225739751763502,0.256489548316922,0.233076454428582,0.338865817421648,0.198161395783823,0.206453819516356
936,0.223747127861797,0.231031927254559,0.209456933725949,0.22606476780407,0.256765060589755,0.233412028874868,0.339725117284619,0.198422256323546,0.206719956628813
937,0.224044575003938,0.231294268691381,0.209748376918824,0.226339667080674,0.257107801391936,0.233731201599871,0.340518571150877,0.198721082294788,0.20696554995072
938,0.224384813080505,0.231545586212389,0.210019146557445,0.226645419201993,0.2574503996929,0.234070661316695,0.341323271016304,0.199056381586628,0.20723830719625
939,0.224695376960119,0.231786750227811,0.210260901810609,0.226961680804515,0.257777218525691,0.234416547456302,0.342176150930637,0.199389704246426,0.207516193788092
940,0.224883045497413,0.232018671053459,0.210488227972035,0.227240795011739,0.258094644527194,0.234733813413622,0.343073130226472,0.19967026957996,0.207758830325929
941,0.225149750658633,0.232304074722143,0.210737525153073,0.227551892323077,0.258420191228287,0.235000313703812,0.343862538837772,0.199900097867553,0.208019513501439
942,0.225439434769191,0.232603392896983,0.211024686098056,0.22786432553198,0.258741635021414,0.235326385455089,0.344648276269639,0.200145981371897,0.20827619812023
943,0.225708496595556,0.232882660536958,0.211318629565852,0.228149355205194,0.259026645843631,0.235706793186868,0.345454726409008,0.200421164807981,0.208505506716784
944,0.225956033486909,0.233126547831101,0.211532487803329,0.228390766568554,0.259221155411467,0.235976866201822,0.346177349213969,0.200663441582498,0.208689863812256
945,0.22623092747121,0.233418819966164,0.211848351608399,0.228675261828453,0.259455256739216,0.236241799703554,0.346888819256102,0.200899620181318,0.208902489923576
946,0.226492718654714,0.233698985500616,0.212130533626808,0.228947303958117,0.259722649593265,0.236491661134339,0.347585489309538,0.201136392368267,0.209163210538255
947,0.22671189088241,0.233904492489726,0.212261149437022,0.229158262442473,0.259993166516517,0.236721260535985,0.348262317253694,0.201385537149684,0.20944667031977
948,0.226988401765136,0.234103442115531,0.212495977231502,0.229424057916635,0.260296576288515,0.237043578809237,0.348977777749592,0.20169579237232,0.20962138222216
949,0.227286308276257,0.234364215070877,0.212781691560021,0.229737945038311,0.260632953654932,0.237394594925819,0.349694836337275,0.202001395579436,0.209870633163644
950,0.227543803548985,0.234622862169084,0.213031640728144,0.230029759391793,0.260915272483368,0.237725641917911,0.350391608728245,0.202243055754177,0.210144871952058
951,0.227701308906014,0.234746883703534,0.213159207804765,0.230200692039479,0.261025895176586,0.238002829729029,0.351056606445835,0.2023847663146,0.210250286113511
952,0.227931746751591,0.235004847014246,0.21336313740221,0.230360239803153,0.261228958313663,0.238204792748649,0.351629217933194,0.202549714490596,0.210422827076664
953,0.228205320246913,0.235266524350037,0.21361286215899,0.230644451340102,0.261531460130689,0.238405772460648,0.352248158317883,0.202799098798259,0.21062570694096
954,0.228470174092303,0.235450808370064,0.213853984393908,0.231039228783776,0.261856541425346,0.238668316841261,0.352955003433036,0.203102746751817,0.21080770515733
955,0.228689803694626,0.235693690410668,0.214054981579148,0.231225621823164,0.262035525589317,0.23900929752944,0.353535353515505,0.203266102576182,0.210961971086091
956,0.228977458397113,0.235930953059423,0.214274126678727,0.231464476255566,0.262303345239292,0.239323774993895,0.354177794771939,0.20352270434598,0.211240803982114
957,0.229256344488901,0.236135994546829,0.214490297156308,0.231740656669055,0.262607800502543,0.239588700052829,0.354840088006077,0.203812281132129,0.211488469081077
958,0.229430158599709,0.236312577371078,0.214675441051398,0.231974195157524,0.262829738806099,0.239831953354865,0.355440260054023,0.204014621163612,0.211529113310325
959,0.229687351220327,0.236546434163294,0.214913988895467,0.232286320192903,0.263083732715793,0.240156319350018,0.356146053046382,0.204285835432301,0.211703303854893
960,0.229985819766812,0.236831906501201,0.215224653146451,0.232591077826677,0.263399116500934,0.240463836981978,0.356848192975119,0.204618422543151,0.211997026209439
961,0.230277986188703,0.237135580219723,0.215571902142046,0.232855145164458,0.263724481825077,0.240737865232489,0.357513701522484,0.204972022753865,0.212344641595883
962,0.23052719046988,0.237403734200299,0.215872624934664,0.233109982179195,0.26394610184699,0.241048753508688,0.358198904945911,0.205283012466086,0.212646239059824
963,0.230793991650781,0.237634396572533,0.216113955303395,0.233408606373342,0.264245217407885,0.241350617071873,0.358927232136338,0.205528731665545,0.212815428800412
964,0.231051426490426,0.237860102074715,0.21636000244683,0.23367695533703,0.26454188787816,0.241631343851916,0.359592108617645,0.205732436545897,0.212980613337073
965,0.231286808055894,0.238110615589063,0.216640514542315,0.23390025506802,0.264800455825187,0.241913739896112,0.360178255618916,0.205947534283542,0.213250620755885
966,0.231563626744011,0.238385799552704,0.216846413539746,0.234282925656213,0.265236683224491,0.24229673590931,0.360966437288318,0.206278426917278,0.213581668677582
967,0.231854630569197,0.238711321339088,0.217151589817282,0.234631096785325,0.265603658861579,0.242662636587042,0.361717298414821,0.206615583633838,0.213889092629453
968,0.23215121670999,0.2390334562703,0.217459509752232,0.234912199238089,0.265908055160206,0.243008873904811,0.362433168640497,0.206899949361819,0.214180058115989
969,0.232449043776433,0.239292478336053,0.21762087144037,0.235178927324218,0.266245101083769,0.243379274056463,0.36319660169766,0.207122445261485,0.214484936209769
970,0.232730048109843,0.239614733339959,0.217914801447978,0.235551768986487,0.266522281303973,0.243776854064898,0.363926933954652,0.207428076867358,0.214678993244757
971,0.233043447977028,0.23998015145727,0.218288281715713,0.235918545805893,0.266923218449276,0.244194235077274,0.36469532392011,0.207763671793481,0.214972803051787
972,0.233376153715385,0.240353507943538,0.218651759673951,0.236212471507002,0.267392873038124,0.244595858491439,0.365481364812843,0.208065599407551,0.21537196662212
973,0.233653879083712,0.240696714544034,0.218911371207284,0.236440873256267,0.267626515498007,0.24492387252125,0.36616710822119,0.20828542214766,0.215648186670321
974,0.23405251949718,0.240988362089188,0.219161943953645,0.236683106204868,0.267922937883387,0.245220495088951,0.366850729747159,0.208582375543474,0.215879170266118
975,0.234480853894469,0.241310447708383,0.219444392013151,0.23702940786305,0.268359177379359,0.245578337102192,0.367599983640477,0.20895031165274,0.216152338383582
976,0.234830424054862,0.241680126214907,0.219764619376514,0.237469559476111,0.268862458024314,0.246022909436264,0.368417052405862,0.209328030061118,0.216495927609244
977,0.235080197014768,0.241880803161009,0.220072646409944,0.237748466093218,0.269087847639232,0.246395417611303,0.369154590674524,0.20960552313102,0.216783321595252
978,0.235352889072859,0.242199098788303,0.220363354472228,0.237981457939459,0.269386585219537,0.246694638632676,0.369879515276073,0.209881996227864,0.217031531352712
979,0.235695958971743,0.242585347513833,0.220673631096438,0.238262116415818,0.269777414496345,0.247007630139314,0.370596196201926,0.210161406295359,0.217286441663207
980,0.236075211382023,0.242872796274929,0.221021088621104,0.238628102433748,0.270139771792271,0.24741182841162,0.371297703906602,0.210421208117242,0.217580287472954
981,0.236220168114934,0.243095149907358,0.221211976116158,0.23883063995737,0.27039581689576,0.247687590485802,0.37203952528839,0.210724559911148,0.217769489661889
982,0.236480967250982,0.243299943810983,0.221393687459325,0.239049478815996,0.270696513964267,0.247924842629304,0.372828866516318,0.210955945613477,0.218018826507517
983,0.236869805294554,0.243578410459554,0.221663777023383,0.239397151500644,0.271090752103677,0.248232864999182,0.373661933447726,0.211172341719376,0.218356063729929
984,0.237067089235205,0.244031809956925,0.222032844306335,0.239867485005827,0.271505990220632,0.248694318775607,0.374518906579051,0.211575053320505,0.218661137426294
985,0.237278281211576,0.244345896050995,0.222261822801066,0.240054753530189,0.271764945079018,0.248980027034403,0.375213854077465,0.211844761714769,0.218876220771637
986,0.237528254041992,0.244617643266053,0.222467587356748,0.24021893082043,0.272069782111743,0.24926938491696,0.375929213639021,0.212099042421843,0.219127700316637
987,0.237817317302211,0.244931854687782,0.222755135403838,0.240550336597092,0.272504444057483,0.249680541629294,0.376769352868436,0.212412528969758,0.219453527928904
988,0.238161795290382,0.245197115165743,0.223075863147123,0.240856044556653,0.272775605228608,0.250024078606701,0.377549200222638,0.212611038873724,0.219643785146063
989,0.238405692996585,0.245419107416743,0.223359303137705,0.241162714176147,0.273097878405886,0.250400750824916,0.378289507058866,0.21292749731971,0.219869820029121
990,0.23861276929461,0.245648101698308,0.223603866810492,0.241448847670644,0.273506482389926,0.250730312233282,0.379020814576435,0.213265797721452,0.220178072080135
991,0.238886538411924,0.245929935117195,0.223829144761371,0.241700110725462,0.273935231678804,0.25094877043507,0.379781373711837,0.213497978389839,0.220531833898902
992,0.239150043994381,0.246211524703053,0.224006189537678,0.241970569320445,0.274158690008192,0.251297004710492,0.380611313768396,0.213860611357922,0.220742792668982
993,0.239467953326695,0.246584873474728,0.22431242609923,0.242272499304447,0.274452316610793,0.251615142416596,0.381395349708293,0.214101381281898,0.220978797270658
994,0.239769315177239,0.246944464502319,0.224668208565814,0.242545029026817,0.274799335065889,0.251875829589569,0.382084440221766,0.214254113685222,0.221227443911018
995,0.239926129100505,0.247104134451296,0.224860526184481,0.242714680488843,0.275019302798756,0.252158453662202,0.38271399216269,0.214533712321645,0.221381815177004
996,0.240139570138208,0.247390464714954,0.225162525878118,0.243025179113085,0.275398317277084,0.252586337993284,0.383553328754398,0.214880822305292,0.221657291770708
997,0.240392117279314,0.24769913144401,0.225423427960291,0.243333596690644,0.275761072706098,0.252946136960485,0.384388854430375,0.215136808269998,0.221993628278563
998,0.240674972060274,0.247976036104915,0.22558659155527,0.243560839598422,0.276031472376598,0.253186428227123,0.385117504615143,0.215264949214403,0.222277353807772
999,0.241017343503433,0.24829176808151,0.225775407326033,0.243771003900782,0.276327053732759,0.253510094255375,0.385852901330545,0.215405296897209,0.222382559582834
1000,0.241278911829815,0.248540985928203,0.225965962729983,0.244031910301815,0.276598769356936,0.253811674225412,0.386555446891942,0.215723508245777,0.222593830314336
1001,0.241278911829815,0.248540985928203,0.225965962729983,0.244031910301815,0.276598769356936,0.253811674225412,0.386555446891942,0.215723508245777,0.222593830314336
1002,0.241557826264955,0.248815957952528,0.226285340770468,0.244372640584194,0.27690447584203,0.254207139534895,0.387163547039844,0.215933701625844,0.222891839926415
1003,0.24182580408143,0.249032622167546,0.226450565944938,0.244642649048438,0.277235560461622,0.2545196689825,0.38784511208034,0.216085241853361,0.223147003075116
1004,0.242137036372741,0.249163303991027,0.22646175944183,0.244873034518798,0.277644717281058,0.254836622274435,0.388531984611283,0.216099232652468,0.223431339486827
1005,0.242355530079924,0.249388857658366,0.226642008897351,0.245085140883217,0.277944334522891,0.255100944983761,0.389287788532451,0.216268684882791,0.223651360523114
1006,0.242522284710138,0.249654743947716,0.226819274914824,0.245281508862751,0.278182872058694,0.255322724015875,0.390166581965169,0.216487871052445,0.223836363151819
1007,0.242719345197806,0.249891166857537,0.227003201043652,0.245462301643152,0.278414150063537,0.255531846271825,0.390900134886809,0.216672415649901,0.223979708190288
1008,0.24286644971894,0.250178191390917,0.227296607637923,0.245550384716221,0.278549507739994,0.25567157355989,0.391584304310129,0.216913666711832,0.224015332484757
1009,0.24305228841211,0.250422184123253,0.227548990168731,0.245716037082445,0.2787688444118,0.255878525050878,0.392303368299591,0.217152198827956,0.22414670357825
1010,0.243245431146439,0.250630246032054,0.227799833266763,0.245905581018916,0.278981271270825,0.256111315449689,0.392941543352937,0.217377354017306,0.224294088176266
1011,0.243595330069765,0.250819278226703,0.227959587956571,0.246188517897323,0.279335375910419,0.256334212837185,0.393625631608322,0.217578536238154,0.22441426272484
1012,0.243822755448768,0.251001443006405,0.228129730902921,0.24639675974341,0.279697066086242,0.256533700059646,0.394479492953467,0.217845224874676,0.22465320090144
1013,0.243931496618154,0.25118834518492,0.228281324285952,0.246581880230499,0.279891818140012,0.256791603051856,0.395223684233475,0.217993761492921,0.224897598559973
1014,0.244158199623501,0.251412130299886,0.228324784735164,0.246721746285745,0.280124610159567,0.257098346089282,0.395812614804166,0.218077018387814,0.225085889093189
1015,0.244359179190283,0.251568173619002,0.228377218135005,0.246748350075772,0.280311112517262,0.257313128686032,0.396458381059215,0.218234065148052,0.225287277810713
1016,0.244487563011609,0.251729124905307,0.228546597541868,0.24688219932632,0.280463312115498,0.257571058433308,0.397154825794769,0.218337574831647,0.225482585961028
1017,0.24468038355692,0.251905184550376,0.22874797598581,0.247135610858341,0.280706861808099,0.257819739117589,0.397889318142305,0.218488300022381,0.225635812031834
1018,0.244867565916399,0.252109121562913,0.22890422891825,0.24734746216343,0.280923824063598,0.258023922906004,0.398587496089703,0.218668236487407,0.225816695253294
1019,0.245029969401554,0.252362345482375,0.229097132587169,0.247649125063558,0.281144638865449,0.258175648013305,0.399418522556618,0.218889630732069,0.226024670310681
1020,0.245167892618212,0.252549005576997,0.229251946577496,0.24785785948634,0.281373321813499,0.258350707131408,0.400056971036569,0.219076128013628,0.226204844006275
1021,0.245354740087249,0.252731303934875,0.229306300185791,0.248025950269343,0.281612387693797,0.258463758731948,0.400497652398731,0.219299343379123,0.226373210163222
1022,0.245481442819511,0.252883666719347,0.22944955465483,0.248162135794341,0.281821746315012,0.258656481557574,0.401073830486561,0.219455826309499,0.226548523958738
1023,0.245491787140858,0.252928574271722,0.229677959753176,0.248234938943177,0.282034543133677,0.258913244586463,0.401659595125195,0.21954164705659,0.226690666697254
1024,0.245605681005008,0.25305468822793,0.229843937724289,0.248341422919074,0.282225850947478,0.259103648735037,0.402240316084139,0.219673494378052,0.226877339228642
1025,0.245755048770735,0.253167425495261,0.229977399247038,0.248451324467717,0.282377883267894,0.259270821624696,0.402857764019192,0.219759149088852,0.227099567764335
1026,0.245905057333821,0.253428840766951,0.230165344223707,0.248512148535222,0.282568183036557,0.259518395024139,0.4034898510976,0.21995253150198,0.227311357173806
1027,0.246072504534413,0.253685713097597,0.230374771532579,0.24862358362066,0.282763224126226,0.259777002229514,0.404004763970499,0.220204469425967,0.227508963868514
1028,0.246274622540935,0.253830018399532,0.230575931591611,0.248797947571499,0.282917786356179,0.259906164370545,0.404577818597673,0.220356706487494,0.227631472035074
1029,0.246461436317612,0.253973626744561,0.230721096895158,0.249001101725,0.283172371769348,0.260091907175246,0.405249565864309,0.22050272496087,0.227783960350269
1030,0.246619652880489,0.254120307597462,0.230831085630857,0.249223387415605,0.283441921630699,0.260338945722166,0.405835517169178,0.220667089398762,0.227935039274335
1031,0.24679178454102,0.254315415247298,0.230965239196005,0.249379487643659,0.283669440143084,0.260518774351014,0.406457239072754,0.220773127975259,0.228065729932526
1032,0.246973660681261,0.254583731564492,0.231015403456483,0.249505783919301,0.283925268213895,0.260618035831393,0.407114312265357,0.220784285117729,0.228196652451205
1033,0.247140671095736,0.254718810334219,0.231103086088322,0.249640742141251,0.284120689851115,0.260797970274986,0.407749210419235,0.220918206410547,0.228353103671827
1034,0.247315115166668,0.254801618623223,0.231259814002733,0.249728078876855,0.284269534439478,0.261022366415002,0.40837498143226,0.221101968066056,0.228505648686227
1035,0.24745371101895,0.254931020007529,0.231388606401933,0.249849355812118,0.284415841735654,0.26120257858573,0.409010238991418,0.221217623178733,0.228638648506635
1036,0.247625582767334,0.254957592433168,0.231502038257249,0.250009701558734,0.284458589436807,0.261391097841761,0.409646841408946,0.221343519854274,0.228826286050877
1037,0.247711669349203,0.255089649514853,0.23160265717241,0.250176475983977,0.28465465513596,0.261575218640903,0.410291296281734,0.221492680807344,0.228950719426611
1038,0.247669420848074,0.255397483252594,0.231737631076768,0.250363353201348,0.284980386680952,0.261748603956801,0.411000222928202,0.221622877609496,0.228985066911346
1039,0.247724363777182,0.255563037292398,0.231807310678316,0.25050442873308,0.285178335529431,0.261886175414145,0.411571194908626,0.221745039084464,0.229064453886157
1040,0.247797843634787,0.255682269050991,0.231841935531624,0.25066061198674,0.285398461876396,0.262018496136906,0.412092111026401,0.221898462560871,0.229120493710939
1041,0.247827895990454,0.255769783773381,0.231786038058785,0.250749677040868,0.285601955049552,0.26212085870802,0.41257601575703,0.222053192506078,0.229226894186135
1042,0.247902549702318,0.255844665869398,0.231788346523723,0.250840914367786,0.285690886102091,0.262187960620972,0.413008130840759,0.222129517464235,0.229406842375584
1043,0.248114030872099,0.255862966522808,0.231853167123825,0.250911458403981,0.285755358280215,0.262316562865683,0.413472233406886,0.222191604628937,0.229583412760881
1044,0.248319762735347,0.255926189776996,0.231930098172121,0.251024899642828,0.285987093795584,0.262521404398972,0.413986162943496,0.222305302676791,0.229802732538024
1045,0.248494123590418,0.256019595218322,0.232061166861633,0.251125035141397,0.286330571529157,0.26272385292527,0.414589908514569,0.222374470305013,0.229975116113859
1046,0.24861875465648,0.256110852222079,0.232152973907922,0.251225102300745,0.286525046163866,0.262921124572316,0.415125854233231,0.222505249068891,0.230067835322235
1047,0.248745850592386,0.256216487879362,0.232249361567369,0.251310192162417,0.286728786878892,0.263179352565383,0.415646431602261,0.222689480252612,0.230089737762463
1048,0.24882229268502,0.256292733485706,0.232305825546205,0.251438857467936,0.286846703413073,0.263326090302286,0.416142353561514,0.222797086350818,0.23011160041184
1049,0.248797381973549,0.256367466420825,0.232338258539654,0.251588348242243,0.286789150023276,0.263409126753644,0.416596779771785,0.222920737621498,0.230025925601243
1050,0.248847806641173,0.256434535988945,0.232374372954164,0.251726758732358,0.286898404786833,0.263523368906883,0.417112474633936,0.223013102419579,0.230069996309454
1051,0.248949181747729,0.256477989996399,0.232368953175726,0.251910746247843,0.287078228956846,0.263598910611388,0.417657399590672,0.223047104482952,0.230175515570696
1052,0.249009018337818,0.256545741319321,0.232422101091194,0.252022856747704,0.287233129240604,0.26368952967153,0.418182648034441,0.223079606252143,0.230250179695643
1053,0.249025103121802,0.256616287290396,0.232509963105379,0.252074535068206,0.287422171471066,0.263796607625133,0.418770027944024,0.223086964630631,0.23035647279103
1054,0.249097603747975,0.256702701055666,0.232595188891301,0.252177225857708,0.287632592887893,0.263897333021514,0.419274556548595,0.223130483433258,0.230474869680721
1055,0.249210857511403,0.256827496956756,0.232730173340287,0.252293089836879,0.287908925954233,0.263989224551342,0.419693781150987,0.2231599991732,0.230562898050891
1056,0.249271019489257,0.256892059358643,0.232806495171732,0.252372729351364,0.288060066991768,0.264078233448396,0.42015546163661,0.223205704629168,0.230685654668238
1057,0.249315189648729,0.256927891461784,0.232907069022771,0.252471882736027,0.288217447795644,0.264180732835647,0.420630152618053,0.223293231706245,0.230899177957384
1058,0.249407171662304,0.256990287611333,0.232880100226403,0.252527113655775,0.28826165490682,0.264254406276343,0.421048630600249,0.223370111125739,0.231033574485471
1059,0.249478425177604,0.256990627493776,0.232814229211098,0.252556378516772,0.288271629598895,0.264341808354505,0.42151747628111,0.223418390519914,0.231181911896998
1060,0.24949500276697,0.257008507922648,0.232881427944901,0.252612339271652,0.288331253898867,0.264439736796739,0.421983213354451,0.22351637175064,0.231276258330348
1061,0.249525993930065,0.257062837518202,0.23288550648769,0.252702478188718,0.288426914245316,0.264536321520357,0.422459002493436,0.223583999041473,0.231267008427044
1062,0.249583832788131,0.257153762197247,0.232877741903232,0.252854490021541,0.288632563370821,0.26464232098648,0.422957116476109,0.22366223394371,0.231126647914103
1063,0.249618221464596,0.257208588263145,0.23287032178076,0.252943529530445,0.288735001601715,0.264756707697742,0.423411343905777,0.223714449983211,0.231142894906464
1064,0.249607288287365,0.257315235791355,0.232863682036748,0.253060431857341,0.288794069164654,0.264883806796341,0.4238823459705,0.223760946801795,0.231133241240326
1065,0.249625634288704,0.257309075232747,0.232838355259563,0.253093239270628,0.288860957396242,0.264972623955119,0.424295872657185,0.223760145331577,0.231146085192199
1066,0.24967145179582,0.257178092120058,0.23278367414945,0.253030993783509,0.288903941753558,0.265070264826328,0.424630028583409,0.223685828128405,0.231267199599837
1067,0.249698588879543,0.257190640144199,0.232779316204617,0.253025063081405,0.288953072396457,0.265149310905995,0.425009075528168,0.223708407122285,0.231320618442205
1068,0.2497138029747,0.257184752109343,0.232772438293025,0.252993021654613,0.288984740893967,0.26518479479778,0.425373081591819,0.22374257368431,0.231296224878186
1069,0.24973745977402,0.257237833014618,0.232788887039009,0.25298821058597,0.289044457263535,0.265233239283827,0.425751478052929,0.223786621910517,0.23133980369508
1070,0.249739411794625,0.257479295159093,0.232864403274578,0.253035897679339,0.289117291012123,0.265255193143187,0.42614725111176,0.223914914231088,0.231416342754502
1071,0.2497817611866,0.257564398503175,0.232906873399917,0.253066048566765,0.289198303100107,0.26532281542173,0.4265547082423,0.223996267125534,0.231508432022162
1072,0.249875950755067,0.257549939582872,0.232968468968176,0.253101374621546,0.289354099103977,0.265434922216193,0.427013978515039,0.224042646478417,0.231661793565645
1073,0.249918998048522,0.25758297133286,0.23298690842623,0.253098387944136,0.289411841587499,0.265511574221961,0.427395375170043,0.224086863968142,0.231738604930559
1074,0.249949863830015,0.257571355468605,0.232977780906536,0.253067753179275,0.289440703514948,0.265590285449369,0.427745820647997,0.224155058579985,0.231803707230368
1075,0.249999311027011,0.257580880531724,0.232949600957605,0.253030842931319,0.289395488731107,0.265681711789562,0.428087327317604,0.224169798276169,0.231859181170044
1076,0.250015117066129,0.257650232570618,0.232917720939903,0.253034902300399,0.289334880179542,0.265766181893016,0.428378912592319,0.224145069051382,0.231803244654813
1077,0.250014649243913,0.257700462086417,0.23288056212647,0.253038211140187,0.289367321293849,0.26583389828382,0.428656184330982,0.224169598392878,0.231774243784502
1078,0.250046597557796,0.257736561876902,0.232836685625628,0.253017081615515,0.289364241924277,0.265905496732808,0.428971704533668,0.224196542425478,0.23181574195829
1079,0.250118955946096,0.25777051282483,0.232788360238159,0.253011532084395,0.289417246717754,0.266025472221998,0.429337571167655,0.224237583014096,0.231898790662879
1080,0.250159061419371,0.257763845896566,0.232749318665423,0.253001550526166,0.289409340086424,0.266072622565398,0.429639808758621,0.224258594402166,0.231965973685776
1081,0.250197036563075,0.257734744874211,0.232676293131494,0.252965403435933,0.289338337642457,0.266054468676649,0.429900134021654,0.224289086354036,0.232100316648437
1082,0.250219154148701,0.257710070883212,0.232675664728702,0.252925298315216,0.289309338684328,0.266081567224253,0.430205241358462,0.224297555048073,0.232171748815743
1083,0.250228099599657,0.257625480060594,0.232718300077789,0.252904164318412,0.289270865593713,0.266087167321252,0.430508709780962,0.224273853338005,0.232187547217391
1084,0.250230115686801,0.257613537743517,0.232754155739664,0.252874928553252,0.289261281312204,0.266120325245796,0.430802352597246,0.224276537080992,0.232232713671316
1085,0.250192063589447,0.257640401403843,0.23285998118309,0.252817689331529,0.289300561721136,0.266198980746281,0.431152923984252,0.224267708003885,0.232294779468599
1086,0.250207748227547,0.257656832512815,0.232889407805223,0.252760624264032,0.289304085816068,0.266245059146341,0.431442477048142,0.224305225502465,0.232333269337993
1087,0.250243907187957,0.257702039159982,0.23287806291041,0.252721784827879,0.289308959535972,0.266286281887498,0.431648424038286,0.224395201644862,0.232359570988425
1088,0.250288199359321,0.257740453146133,0.232879731600892,0.252665071935921,0.289313007628897,0.266329152540811,0.431905357824822,0.224440074569821,0.232397587268779
1089,0.250388677092585,0.257764552768492,0.232844750998414,0.25254468855876,0.289281088190593,0.26636942105504,0.432173641061206,0.224503278304276,0.23242782368731
1090,0.250446652191224,0.257803369909235,0.232821255010686,0.252490199560945,0.289266641679641,0.266391794395613,0.432431819282178,0.224540646903202,0.23245218813691
1091,0.250510033397013,0.257867339171687,0.232798289926304,0.252468236075168,0.289253028252382,0.266393074362723,0.432670606248214,0.224540452724287,0.232488845742995
1092,0.250521512649932,0.25792613918851,0.232794335408952,0.252481260416405,0.289274629086131,0.266396523397041,0.432992273685328,0.224506486255858,0.232503375369205
1093,0.250527724144433,0.257949675159491,0.232794471689389,0.252444727406665,0.289277413401961,0.26644462404773,0.433253279940688,0.224546812104174,0.232541685246162
1094,0.250485673920865,0.257966927951014,0.232816256606178,0.252420558639086,0.289309481190556,0.266520624154516,0.433502796349967,0.224640134110674,0.232589948336926
1095,0.250510704692132,0.257967235478638,0.232790767613069,0.252381166010545,0.289262710504366,0.266535748039298,0.433713698645563,0.224655106772065,0.232617120716655
1096,0.25055634061827,0.257942564249863,0.232746146501234,0.252291463117438,0.289171141420296,0.266578756697896,0.433917470905616,0.22467868608039,0.232653635644476
1097,0.250583156492964,0.257909010195261,0.232722018362157,0.252247049932712,0.289101498430849,0.266572176041596,0.434086016284756,0.224682189725158,0.232673874123306
1098,0.25065888061569,0.25784095066562,0.232669152161872,0.252250489284958,0.288994631623756,0.26645960945442,0.434179100579652,0.224602277679077,0.232656595429987
1099,0.250666988661492,0.257822178071524,0.232642770349866,0.25220814816429,0.288903393730888,0.266450943642208,0.434341133544463,0.224599193264746,0.23266174248312
1100,0.250598958025343,0.257812772166373,0.232638505864048,0.252154270033262,0.28879898978762,0.266475031098757,0.434498043920562,0.224639028303749,0.232676976485343
1101,0.250587804422348,0.257794348506057,0.232647931836674,0.25209011496257,0.288760338586098,0.2665092329673,0.434690567537169,0.224664646908328,0.232696325035892
1102,0.250563868878346,0.257782613141553,0.232685775359671,0.251987350840079,0.288753603620054,0.266620949552625,0.434925364058312,0.224699468619648,0.232695013523287
1103,0.250578619266627,0.257806387982298,0.232684723292207,0.251918189313307,0.288727860932345,0.266656823488044,0.43515896071408,0.22474340752448,0.232739109100654
1104,0.250660908316744,0.257859186938591,0.232710696781566,0.251887488435268,0.288777684106887,0.26666465196293,0.435462362816266,0.224836899532444,0.232830441413985
1105,0.250697597224041,0.257871761380537,0.23269052399649,0.251811934348317,0.288770118783846,0.266675725975508,0.435681830776853,0.224861577496371,0.232892121273193
1106,0.250742331084613,0.257901676530444,0.232577014358887,0.251699306003601,0.288678168908515,0.266625828567703,0.43584779452608,0.224829822302007,0.233019045320868
1107,0.250759320025702,0.257924588932602,0.232522167445767,0.251624422885864,0.288630326608595,0.266617888670624,0.436036809562132,0.224832563028714,0.233061390346651
1108,0.250745404553422,0.257923107376936,0.232476857800131,0.251540629684186,0.28863684155499,0.26664877230822,0.436260373557196,0.224808180522414,0.233050851895705
1109,0.250711394439576,0.25789360348335,0.232449927989299,0.251456444133994,0.288584030336425,0.266678241443025,0.436348376010473,0.224785669346221,0.232989662160542
1110,0.250697991620439,0.257865025404921,0.2324226112359,0.251399896170086,0.288504649757101,0.266669048538592,0.436465048599074,0.224796508636629,0.232963120428352
1111,0.250685047511906,0.257831018586419,0.232437734233133,0.251407280298141,0.2884087571001,0.266644629241265,0.436581715771749,0.224873418368071,0.232878663105168
1112,0.250664082793595,0.257836964311713,0.232405336142752,0.251345835544633,0.28832577315746,0.266644231612235,0.436713300682559,0.224890972216198,0.232874453348746
1113,0.250646144925745,0.257852704500202,0.232337761939876,0.251246308884142,0.288173362590001,0.266609673247632,0.436785061484129,0.224896124430188,0.232942664868522
1114,0.25063043862462,0.257842607507891,0.232304870657829,0.251181706672641,0.28811323487022,0.266619891580804,0.436928825548525,0.224887011019592,0.232948003379316
1115,0.250603338230956,0.257871987642532,0.232284426801522,0.251117205690173,0.28813777015168,0.266681241708204,0.437164256692242,0.224842074880106,0.232947744662888
1116,0.250583957168921,0.257858273597343,0.232242045945552,0.251046560428417,0.288094903033784,0.266715006720779,0.437318223109675,0.224830487559927,0.232949188080766
1117,0.25057899109085,0.257768378139574,0.232207735786168,0.250993925630184,0.288036252818774,0.266747208049778,0.437448162920931,0.224833735658002,0.232929218001507
1118,0.250559911175178,0.257732010310598,0.232162040681154,0.250926267174657,0.288002786073091,0.266776736149486,0.437581462205396,0.224815868305247,0.232911077816013
1119,0.250533323817583,0.257749371316837,0.232089795143812,0.250833022741029,0.287977188683915,0.266831081136713,0.43771442344457,0.224822249802113,0.232905658103491
1120,0.250509465224699,0.25771543948399,0.232027906906236,0.250755602313945,0.287922005327256,0.266836152216201,0.437804944891172,0.224791310219008,0.232892740984957
1121,0.250498305255949,0.257668007702282,0.231967794098762,0.250698390126686,0.287883369179292,0.26681789266194,0.437885370250767,0.224691220464572,0.2328654367985
1122,0.250461191533234,0.257612065236035,0.231913035726467,0.250620210532306,0.287825223181851,0.266788235827816,0.437942361456407,0.224646353810042,0.232837766600236
1123,0.25039802462916,0.257525401000808,0.231881057045887,0.250525089123326,0.287726753310307,0.266693272073084,0.437963555365549,0.224636072295286,0.232827048116378
1124,0.250349030075757,0.257437478337723,0.231815254040313,0.250440143851571,0.287625052143976,0.266642821910806,0.437960876574015,0.224597191965215,0.23278983930204
1125,0.250298448409701,0.257345463993663,0.231736211215392,0.250354943333001,0.287518603144553,0.266606436140872,0.43793916914588,0.224557261177545,0.23273848731439
1126,0.250237242365298,0.257249645413779,0.231661457624343,0.250258708812986,0.28741694606263,0.266595906925277,0.437922134939691,0.224550834516333,0.232679564394163
1127,0.250174630033473,0.257164224921611,0.231549218054099,0.250179920094156,0.287307541030835,0.266539736354906,0.437836332923112,0.224483740482136,0.232590800006654
1128,0.250129819965955,0.25707881889362,0.231386819241012,0.250129343937458,0.287187415823307,0.266479515901449,0.437699130073544,0.224364885521089,0.232470604097124
1129,0.250053054863109,0.256981904054562,0.231262370387242,0.250032533876949,0.287052425500935,0.266430108236089,0.437560564320814,0.224277989628599,0.232369898795632
1130,0.249961014306711,0.256922560881906,0.231157399636312,0.249942208970795,0.286931619284811,0.266380214763492,0.437421196907012,0.224200885735316,0.232251947353591
1131,0.249850059369405,0.256777244664918,0.231005068116092,0.249796745413259,0.286765988427206,0.266281317769324,0.437189258740131,0.224086797319528,0.232144886800684
1132,0.249724850302433,0.256579096271964,0.230845515619378,0.249593372329816,0.286564878288514,0.266180715936033,0.43692112970326,0.22395020350127,0.232077725921392
1133,0.249588537956928,0.256386345571705,0.230670142794673,0.249417469835169,0.286357726058405,0.266067348065205,0.43660708458293,0.223832520015954,0.23194310778094
1134,0.249429605832891,0.256153805637136,0.230458887083902,0.249211165218607,0.286148389567974,0.265905409068663,0.436214421317172,0.22371461958996,0.231766207050221
1135,0.249267393149857,0.255921340753174,0.230245529493554,0.249029399081625,0.285894735055962,0.2657419451471,0.435802274309527,0.223567025260896,0.231604324676715
1136,0.249085233609019,0.2556977266407,0.230036335880148,0.248905683215851,0.285601105767355,0.265592457859456,0.435359656040421,0.223439307076404,0.231431308688134
1137,0.248919626808226,0.255444565673776,0.229806646254024,0.248705541865266,0.285311687139888,0.26542314550771,0.434896270650546,0.223268705621501,0.231231729150192
1138,0.248772569185756,0.255161646899069,0.229530568826641,0.248445088828926,0.284995098859502,0.265201355177914,0.434415762803144,0.223047667327978,0.23102825373584
1139,0.248591965403111,0.254873480332768,0.229286301556088,0.248223716640821,0.284672943300758,0.265006595501189,0.433871391157425,0.222821972844499,0.230813834200776
1140,0.248410494984318,0.254555821248685,0.229068884487266,0.247970637412688,0.284336776377997,0.26484881017464,0.43328852968424,0.222557069840245,0.230569555909576
1141,0.248212825472155,0.254255680249294,0.228822125146773,0.247738049627075,0.28401379650351,0.264654642401102,0.432681112208707,0.22232256666014,0.230314609049082
1142,0.247996683282956,0.25395749386211,0.228567736458761,0.247523224760356,0.283690355458362,0.264446204856364,0.43203479977974,0.222093049606337,0.230051443775054
1143,0.247736792981709,0.253654484064415,0.228323161764769,0.247369247648674,0.283352297596572,0.26422753786439,0.431313024945422,0.221848267544652,0.229783735997408
1144,0.247519123864385,0.253357090367584,0.228048239751224,0.247128027285973,0.283030241709101,0.264001993132331,0.430628636934305,0.221638545452347,0.229528093119248
1145,0.247305013426045,0.253063938004463,0.227726560172585,0.246823558809285,0.282713233284652,0.263740432789488,0.429932461173481,0.221459895103244,0.229254350443897
1146,0.247104089714376,0.25278477747787,0.227457368575582,0.246614555270613,0.282425202294775,0.263524120845261,0.4292553405112,0.221274151649076,0.229000969141155
1147,0.246914669851897,0.25251406200429,0.227181740914653,0.246418917119362,0.28214804716853,0.263318143591035,0.428565416364013,0.221097391571873,0.228761512121396
1148,0.246731457051347,0.252232936909811,0.226954272237275,0.246217160238322,0.281872473468939,0.263122999351437,0.427908081633255,0.220916516314519,0.228538441231752
1149,0.246559761670452,0.251946015450893,0.226779294118968,0.246064966187779,0.281623170518853,0.262931196875784,0.427236318653027,0.220743662137897,0.22831007257384
1150,0.246387249885178,0.25169162026089,0.226572098779912,0.245899255581043,0.281369754307509,0.262779754654205,0.426654621775293,0.220566093639589,0.228112176481351
1151,0.246199138263712,0.251423289280426,0.226385463775157,0.245686732774612,0.281069389259378,0.262652100878247,0.426128295007955,0.220362656079495,0.227939679437792
1152,0.246059881531781,0.251199851028215,0.226181153863165,0.245529286702965,0.280861543016737,0.262532444158941,0.425607721889653,0.220206430385269,0.227785874217284
1153,0.245954578401479,0.25101771291426,0.225939715382039,0.245452717189262,0.280729947817232,0.262485858981685,0.425172756462752,0.220080839779801,0.22763623795978
1154,0.245835507631943,0.250850386621398,0.225736095436238,0.245311206856385,0.280561671134894,0.262362918607728,0.424690622186585,0.219942716792457,0.227525148445044
1155,0.245720206452538,0.250715102778429,0.225516915101497,0.245115691088394,0.280425294311328,0.262165266399187,0.424114806068569,0.219813124391647,0.227481153337117
1156,0.245641678723131,0.250574498404551,0.225357716418354,0.244980724067169,0.280283901542313,0.262041866404321,0.423678951238543,0.219703108203419,0.227393851164881
1157,0.245601337588483,0.250462192989598,0.225260117047269,0.244853250158297,0.280101890725773,0.261900140666505,0.423299982767813,0.219595298430648,0.227316079763173
1158,0.245521174451278,0.250335575451634,0.225143971044648,0.244732871343923,0.279961323991431,0.261803766828208,0.42295637058177,0.219494262749776,0.22722613228449
1159,0.245436010324871,0.250168368696926,0.225051059488725,0.24465602010406,0.279852685414837,0.261785074933336,0.422709070417455,0.219388601763519,0.227076779480265
1160,0.245377507300314,0.250051959453797,0.224970180439793,0.24458002191252,0.279755565161443,0.261759229512787,0.422477697843303,0.219332122440337,0.226978299179175
1161,0.245318424844972,0.249958684483868,0.224893711337697,0.244505393856732,0.279673345442223,0.261742844962939,0.422270689815933,0.219300145727353,0.226901461903271
1162,0.245208210377515,0.249874832169639,0.224803442725247,0.244402080834897,0.279607781856614,0.261739577426405,0.422063513395229,0.219275907557736,0.226840041383993
1163,0.245180691252317,0.24983071375954,0.224737505691242,0.244362278282595,0.27954551301897,0.261725630967706,0.421919070649869,0.219279258891396,0.226803299270506
1164,0.245224841643901,0.249848818757688,0.224707034178024,0.244380850807473,0.279497616402628,0.26171632259538,0.421846743619715,0.219371988935923,0.226802643210567
1165,0.245229069229275,0.249818155300721,0.224647154723734,0.244341383413288,0.279456333288708,0.261712296735864,0.421738993545487,0.21934843817158,0.226796079543712
1166,0.245253449044767,0.249782296904951,0.224572660002606,0.244310784370569,0.279424986958217,0.261697245513909,0.421636837676277,0.219261259852644,0.226814395369131
1167,0.245241033485858,0.249760815231105,0.22451558485052,0.244261208102953,0.279392285436556,0.261703290975984,0.421566472832095,0.219232325830363,0.226805192639515
1168,0.245201745724711,0.249737811974011,0.224455339983181,0.244150792034621,0.279366735281338,0.261740274248145,0.421495203485407,0.219177804145275,0.22678062696118
1169,0.24518427404432,0.249712042819899,0.224407604301574,0.244107168927269,0.279344335074297,0.261750031283481,0.421455486516903,0.21914555819805,0.226785267459029
1170,0.245145034114541,0.249691320403172,0.224385094928013,0.244090807058097,0.279325359663189,0.261739452002792,0.421472081926811,0.219172548427546,0.226791608872318
1171,0.245134194898319,0.249680933177195,0.224339319889351,0.244078558530266,0.279302973519328,0.261756712139221,0.421460698437148,0.21915670408777,0.226800048701107
1172,0.24516617801288,0.249675919811275,0.224264536091134,0.244122064533032,0.279262210513742,0.26177697125594,0.42144155558888,0.219083857711662,0.226836472959775
1173,0.245166028398219,0.249652954957277,0.224233543442003,0.244111673830079,0.279265913239716,0.261800995487896,0.421439820883036,0.219066063136851,0.226855226395742
1174,0.245146581049105,0.24963170862943,0.224231366418887,0.2440863227846,0.279324597829079,0.261851961647856,0.421483813362406,0.21909103536793,0.226862372106639
1175,0.245147842638312,0.249617815014347,0.224204909605082,0.244051626289898,0.279323621866516,0.261891081595875,0.421461916643033,0.21908703881043,0.226866819399392
1176,0.245149521339937,0.249588205221468,0.224212155369398,0.243969212431766,0.279332639865737,0.261926970272524,0.421407159015705,0.219107536988948,0.22687121350567
1177,0.245149863419554,0.249563972427846,0.224186290468291,0.24391268286386,0.279317331610424,0.261954012809663,0.421358599634894,0.219098804493002,0.226874144783116
1178,0.24517301808442,0.249565132588583,0.224131453393582,0.243859433960335,0.279207936289603,0.26198521118664,0.421258441539233,0.219057393200463,0.226868749578859
1179,0.245185094442082,0.249549149358429,0.224040479559544,0.243814246830719,0.279156400599732,0.262004273502939,0.421178799717727,0.21900303320577,0.226859107285659
1180,0.245176372791952,0.249526911223774,0.223993036315898,0.24378659617846,0.279138517370528,0.26200510104637,0.421107156098699,0.218966091348266,0.22685833189864
1181,0.245138987020881,0.249482740778832,0.223947354383326,0.243782103773496,0.279153148676895,0.261972915124624,0.421050973068273,0.218920269266516,0.2268603213799
1182,0.245136244112175,0.249464495726896,0.223919367443655,0.243755293920222,0.279156315407553,0.261986277432565,0.421014018873802,0.218902310430858,0.226863831702618
1183,0.245134408055955,0.249445533597581,0.223925227076834,0.243738705750896,0.27920289897582,0.262005142885781,0.420990028806508,0.218910327997823,0.226878310980352
1184,0.245136359334281,0.249452910228567,0.223894921677244,0.243701923771243,0.27919547924281,0.262027383725382,0.420944254956629,0.218890275537044,0.226874118723544
1185,0.245164733144249,0.24949684157801,0.223849282930714,0.24362890627789,0.27915459160324,0.262084258206534,0.420918347089598,0.218870175130795,0.226849312845747
1186,0.24516649359133,0.249500707525193,0.223822244332038,0.243601717218835,0.279140203150593,0.262108552270272,0.420878078288784,0.218851862034689,0.226860034838184
1187,0.245143027457351,0.249493646984546,0.223782832079929,0.243598615051774,0.279110559682747,0.262103000357664,0.420801126351844,0.21880610149108,0.226874501030338
1188,0.245143207140386,0.249496768515589,0.223762729508131,0.243576465313596,0.279103763917078,0.262122875610076,0.420756281261879,0.218794339912686,0.226894566487751
1189,0.245157128401273,0.249498457471997,0.223781930924624,0.243573157541375,0.279134007314481,0.262160594370931,0.420727962408278,0.218816898947375,0.226957370074606
1190,0.24515457939096,0.24948091568265,0.223764564523837,0.243551956673199,0.279127210397373,0.262174814910323,0.420701979358986,0.218818989867812,0.226982991988466
1191,0.245138029205687,0.249462153719712,0.223729949475093,0.243496735032366,0.279104848671344,0.262179612114803,0.420680271414163,0.218824254221723,0.22698484695817
1192,0.245148031734926,0.24944808201317,0.223699632380366,0.243466485064235,0.279092663188254,0.262196033020074,0.420668594368919,0.218826630042752,0.22699453244129
1193,0.24517850738287,0.249377948441683,0.22364891634856,0.243460780878806,0.279060737699278,0.262193108384483,0.420631920960145,0.218799980703114,0.226984228932745
1194,0.245180831875762,0.24937035607359,0.223615237334243,0.243432890261185,0.279044462234844,0.262209450921404,0.420663128594546,0.218808148443155,0.226995356891317
1195,0.245169936544973,0.249428490441427,0.223590203760605,0.243380697524365,0.279038138104023,0.26224160035983,0.420733605982171,0.218839845059509,0.227015005351118
1196,0.245187773060548,0.249457859378451,0.223572006957129,0.243360168673722,0.27904397782648,0.262284641270439,0.420815001432597,0.218869053266982,0.227039680173893
1197,0.245215029802949,0.249493427775839,0.223589270744625,0.243351365592504,0.279063491417828,0.262338192515223,0.420952224479847,0.21892109098459,0.227076456991254
1198,0.245208769262167,0.249539461405341,0.223547976469844,0.243338074353016,0.279075954578667,0.262398270943963,0.421097550916303,0.218978040745271,0.227120159123075
1199,0.245229388723097,0.249581581258222,0.223538021797475,0.243320604444572,0.279097672686494,0.262454975918914,0.421219369944471,0.218993702810965,0.227161923382907
1200,0.245296283242955,0.249607534000812,0.223536468720209,0.243325537312166,0.279130437268655,0.262530467716816,0.421331893236947,0.218980939239082,0.227205849188996
1201,0.245316288993822,0.249651233440845,0.22352982488217,0.243310851355776,0.279159404180117,0.262576286142131,0.421451491115168,0.218995843472578,0.227252904702463
1202,0.245302392752584,0.249729771631697,0.223529586225914,0.243259042648242,0.279194345225947,0.262591601015613,0.421541450193282,0.218989009005538,0.227306241238601
1203,0.245316076340072,0.249750551438025,0.223519175316585,0.243252014323566,0.279217462845345,0.262647386620082,0.421710074759466,0.219008491652136,0.227357133984694
1204,0.245327014147689,0.249729048531474,0.223489935739252,0.243277698777282,0.279245103137506,0.262711857493824,0.421914484014878,0.219063499082269,0.227402750043797
1205,0.24535530791598,0.249747347484396,0.22349228669158,0.243285561534139,0.279267455527592,0.262778528000788,0.422120432337071,0.219093434118017,0.227462307817918
1206,0.24539339864979,0.249752322152747,0.223509899616129,0.243306980148207,0.27926376708791,0.262877164541696,0.422389634346097,0.219116129777084,0.22754326737811
1207,0.245438151601073,0.249777732986722,0.223509478952199,0.243305434131474,0.27928478320589,0.262945311493362,0.422614039882317,0.219142594732663,0.227586487742915
1208,0.245516873125974,0.249843020317848,0.223519337160466,0.243276398288037,0.27932483780729,0.263010851742702,0.42281759149123,0.219171608490697,0.227604546712472
1209,0.245553392321465,0.249888410242811,0.223528404505881,0.243270272151569,0.27934859671179,0.263046555868376,0.423028291061945,0.219190267553103,0.227657299369375
1210,0.245568874867149,0.249921102702657,0.223514713804939,0.243285379641095,0.279363545851195,0.263026766461069,0.423202367226216,0.219187110578243,0.227707752961163
1211,0.245596456704717,0.249957783488222,0.223523307947406,0.243271817059035,0.279406150075709,0.263070949706621,0.42344004196697,0.219215555822833,0.227756522418047
1212,0.245602107067414,0.249985971619216,0.223567729301886,0.24323947339878,0.279458090295241,0.263124668996313,0.423723372451607,0.219259989344841,0.227851807364721
1213,0.245621441073449,0.250036009396919,0.223581001518128,0.243226529380115,0.279500115994473,0.263184138343075,0.423985358980966,0.219291383015565,0.22790473229148
1214,0.245650979031845,0.250117807527011,0.223584546731099,0.243197794299434,0.279570241109713,0.263302441450071,0.424263654105749,0.219347401575786,0.227895186136649
1215,0.245688809477147,0.250167510228906,0.223580631466723,0.243174613181052,0.279613149233514,0.263387352324971,0.424560385965378,0.219384147484827,0.227925988695541
1216,0.245730151748,0.250220106096301,0.223536200688939,0.24315005074739,0.279622619482175,0.263459894016592,0.424856952850555,0.219389044198995,0.227972838888479
1217,0.245784891293393,0.250261736703819,0.223539839122942,0.243184093719843,0.279653405899305,0.263513101140122,0.42515192429474,0.219410928802794,0.228017399603093
1218,0.245822556297264,0.250263615687317,0.223537758061824,0.243180005107351,0.279652824551544,0.263536783237064,0.425447441022797,0.219443218496608,0.228045634566341
1219,0.24584419893893,0.250261638774116,0.223530896516403,0.243171552992186,0.279683577046243,0.263593342540468,0.425778135744961,0.219478305317657,0.228093461673308
1220,0.24586640347379,0.250289788058401,0.223529811819506,0.243155219440343,0.279702532865471,0.26362540680441,0.426111733920893,0.219488816628854,0.228140298667198
1221,0.245862803308796,0.250327668136209,0.223535787505637,0.243122085110585,0.279710204987036,0.263623645723357,0.426435027532914,0.219477105427616,0.228167741009009
1222,0.245880977321595,0.250373765104867,0.223537660617132,0.243125095174869,0.279742062474711,0.263665876395441,0.426770539250352,0.219504656903161,0.228215877395931
1223,0.245911404359673,0.250446231746235,0.223532278968077,0.243152387876553,0.279800909390585,0.263727436446976,0.427164707431579,0.21953537109406,0.228296644769941
1224,0.245938907155519,0.250499672852751,0.223546803235134,0.243134821146651,0.279814311519202,0.263773842325168,0.427474333370956,0.219558744006102,0.22835835614165
1225,0.245961242054065,0.250550840892202,0.223580649859605,0.24312819582344,0.279801811415111,0.263841976938831,0.427720610953058,0.219616232244054,0.228403054434321
1226,0.245992977232176,0.250601786678276,0.223588616210804,0.243110587483656,0.279827616712757,0.263885046566428,0.428018836230724,0.219642360157432,0.228459791892901
1227,0.246049526514242,0.250652559480999,0.223602669325548,0.243024861821424,0.279845795010726,0.263892226418144,0.428298224145237,0.219622153200015,0.228523519528076
1228,0.24607671889318,0.25069354763265,0.223601198022365,0.243001141997539,0.279879922867136,0.263944026098292,0.428608331278431,0.219651409637004,0.228584783335614
1229,0.246083718552996,0.250720087285295,0.223565091561427,0.243033801268297,0.27995364903149,0.26400652972408,0.428963980894981,0.219709768869801,0.228675059050285
1230,0.24610750622402,0.250769090342308,0.223559133343329,0.243027871676957,0.280012692460601,0.264073469078237,0.429292867008679,0.219748146122642,0.228717190783369
1231,0.246115197705409,0.250829566499092,0.223568765770786,0.243009548662507,0.280079560557301,0.264182090600462,0.429626488758904,0.219795392657406,0.228712037329661
1232,0.246136207722064,0.250874216186277,0.223566900104478,0.243012284427119,0.280108985504364,0.264250956826151,0.429940899303771,0.219833523929467,0.228743382538479
1233,0.246193202891423,0.250932280867994,0.223571453447576,0.243023660384859,0.280106072154842,0.264292972124855,0.430244299025861,0.219860575147999,0.228739790856926
1234,0.246225317974103,0.250976431103975,0.22356936851684,0.243019982973756,0.280138106517272,0.264353332243157,0.430546736449469,0.219886296774659,0.22878166890203
1235,0.246240795453419,0.250991332141267,0.22354565937664,0.243013922550972,0.280165244816906,0.264411757910266,0.430854856530814,0.219912930584037,0.228871195810369
1236,0.246254893940272,0.251013771928851,0.223545788004428,0.243021377247738,0.28018373791128,0.264461315919383,0.431123564048342,0.219941145356382,0.228983113305231
1237,0.24628972856844,0.251084578926443,0.223551343369562,0.243035150198065,0.280222692309739,0.264527119880243,0.43136860497316,0.219935092567922,0.229048849351901
1238,0.246334915081903,0.251147221838255,0.223557801745374,0.243021982926485,0.280293416461717,0.264591300562988,0.431629761480883,0.219964586460223,0.229095287070119
1239,0.246406083960518,0.251199629812898,0.223610393128761,0.243052442659755,0.280345976710865,0.26465821057254,0.431909467585323,0.22004206417004,0.229137810263086
1240,0.246467932866461,0.251262494882972,0.223640905386507,0.243070876034427,0.280339844477542,0.264721286150656,0.432165400856741,0.220089965088996,0.229165752791827
1241,0.246494191059506,0.251296628814086,0.223655491858027,0.243059575638006,0.280363523326273,0.264773900594198,0.432411971807996,0.220121648483348,0.229222671380346
1242,0.246486767709043,0.251282783064888,0.223669177148648,0.24301167180303,0.280398297232526,0.264830892979837,0.432678022887918,0.220158924865652,0.229315728310619
1243,0.246505951814103,0.251322853044516,0.223677352933736,0.24301194357872,0.28043065743511,0.264878692271858,0.432913238590263,0.220181965924846,0.229365831080868
1244,0.246508904157459,0.251387677800459,0.223657824705764,0.24301002787483,0.280461920971854,0.264896160573787,0.433091880278657,0.220167670502004,0.229398915002511
1245,0.24653089427786,0.251427768154364,0.223656233844286,0.243010727981073,0.280486182305651,0.264946467007816,0.433322241804677,0.220178841470306,0.229447610194937
1246,0.246568543552524,0.251482523000063,0.223674005667148,0.243052341763574,0.280497526280671,0.265016694019161,0.433589453353454,0.220206398879992,0.229481232992824
1247,0.246606250818464,0.251514590967761,0.223667713483623,0.243052932970767,0.280531941173171,0.265074102033607,0.433812307475386,0.220222690349599,0.229526569995246
1248,0.246654820925839,0.251508628104153,0.223635006970191,0.243016570853411,0.280583079411539,0.265132005150891,0.434033972463952,0.220236521678654,0.229601624828804
1249,0.246686948538023,0.251537463053273,0.223634228569828,0.243010584846856,0.280612875248152,0.265203479067078,0.434241281586095,0.220244842021158,0.229644929851877
1250,0.246727905657751,0.251591316894742,0.223638279045775,0.243015059775754,0.280650080136595,0.265297185128699,0.434410137184151,0.220247432920449,0.229659409718569
1251,0.246758912658177,0.25162463831786,0.223644966649328,0.243005789365679,0.28068336816589,0.265349645378517,0.434601154087882,0.220254508606545,0.229697113326685
1252,0.246764473585734,0.25166077458582,0.22369091220831,0.242992943517286,0.280699525846797,0.265390774576614,0.434803567328459,0.220246779061343,0.229737116299548
1253,0.246779472913351,0.251687117378493,0.223700810181707,0.242990910424887,0.280707133306933,0.265432360274654,0.435000537271251,0.220256480419478,0.229777566398825
1254,0.24680069524796,0.25167573973471,0.223673593186754,0.242988389016391,0.280706407786436,0.265431016984166,0.43519743253995,0.22029450440965,0.229837513620842
1255,0.246814715299624,0.251697217008063,0.223668196790342,0.242977125531297,0.280727845613149,0.26545708629607,0.435384505699038,0.22031165095406,0.229878794863137
1256,0.246820475348257,0.251735622157596,0.22367399308367,0.242972147682254,0.280760095648369,0.265508175534475,0.435571328511777,0.220334295622477,0.229915197485186
1257,0.246837970308883,0.251789827730328,0.223659729809601,0.242971357138599,0.280762700286659,0.265551743592039,0.435749017610051,0.220332211440925,0.229928134481094
1258,0.246844404910255,0.251808384193059,0.223622186404447,0.242922982518793,0.280771979699654,0.265584299260124,0.435905217593312,0.22033725390233,0.229940054347797
1259,0.246841563912026,0.25183686747302,0.223615647135002,0.242904089236629,0.280795684320583,0.265633493792127,0.436062859892461,0.220331511453221,0.229986075805591
1260,0.246851075732497,0.251857893946971,0.223590359531323,0.242895583666769,0.280815693996246,0.265683854399459,0.436206683636232,0.220314618879993,0.230028495899479
1261,0.246870673994051,0.251841093324952,0.223543498862,0.242883008415037,0.280833687619925,0.265741786741211,0.436346615786878,0.220337356121572,0.230084222404418
1262,0.246859832639825,0.251850602343292,0.223527419140521,0.242891648544909,0.28087228129351,0.265787934950766,0.436493184477067,0.220352220917199,0.230133361979357
1263,0.246859027717037,0.251879401925328,0.223517070955157,0.242903198246176,0.280925893314246,0.265819793106406,0.436636051802872,0.220358922616314,0.230141519708001
1264,0.246877737332471,0.251890735454613,0.223499147249871,0.242909440139466,0.280948457476127,0.265874122152152,0.436757619718807,0.220362845337372,0.230161762909348
1265,0.246899381951875,0.251886243658229,0.223472393433587,0.242917636305618,0.280939541510487,0.265933741993324,0.43687117926137,0.220375444341388,0.230167341961528
1266,0.24690765640377,0.251902093536843,0.223460483610687,0.242911376482175,0.280948482670429,0.26597832587738,0.436967501904778,0.220366951138029,0.230177912448691
1267,0.246945668298982,0.251940504412031,0.223463841852346,0.242908347045818,0.280961611017205,0.266047718984924,0.437032199384859,0.220337451151023,0.230189699867837
1268,0.246952116714935,0.251938498904539,0.223446424011151,0.242881504964278,0.280965025866768,0.266076920681103,0.43711578865523,0.220322291807899,0.230202843788055
1269,0.246914369839828,0.251922152106688,0.223425310951857,0.242816024457777,0.280956860441749,0.266062906171894,0.437207657062464,0.22031263385835,0.230215476331428
1270,0.246911966093304,0.251914629984544,0.223399719374239,0.242790990278593,0.280962146451558,0.266073035776979,0.437283655927516,0.220288921651354,0.230221573800902
1271,0.246925355239419,0.251876661169274,0.223362488997007,0.242768380945471,0.280968966123365,0.266067030305054,0.437354174739002,0.220250607003914,0.230232290105945
1272,0.246924718709297,0.251866081684363,0.223321859553757,0.242751008399182,0.280974141838968,0.266084249379194,0.43742123462711,0.220233286685801,0.230234159349407
1273,0.246938870065816,0.251888417386531,0.22328123456478,0.242768475604849,0.280993499066934,0.266125528505896,0.437484416110324,0.220213432969156,0.23022404448647
1274,0.246927407858146,0.251884619873931,0.223237550609277,0.242759142165095,0.280999540664157,0.266148816139981,0.437519163334784,0.220200310170316,0.230211247102621
1275,0.246890747685813,0.251877747179042,0.223169285422844,0.242725466348618,0.281000283629195,0.266184654807482,0.43752927043073,0.220220614923661,0.230187432968228
1276,0.24686801487942,0.251857806144746,0.223126645250283,0.242714639079207,0.280985641291499,0.266207808054401,0.43756571474138,0.220213187504361,0.230180372543232
1277,0.246828381796315,0.251828774034904,0.22312297819333,0.242696213051419,0.2809465219956,0.26621537315584,0.437600861439751,0.220186130085884,0.230185947470242
1278,0.246803733810018,0.251795817166512,0.223079999890652,0.242699760718569,0.280933609962951,0.26621973828364,0.437629991077502,0.220168552442249,0.230171575793449
1279,0.246798196880264,0.251762693574018,0.223021849157087,0.242742892378109,0.280911320678801,0.266228052717458,0.437689552933795,0.220162345045855,0.230162758547064
1280,0.246794808474679,0.251696194840792,0.222972605441356,0.242767176932294,0.280922206741815,0.266212558029004,0.437715465559998,0.220129919453114,0.230151378278098
1281,0.246745897286286,0.251654900631677,0.222906467063869,0.24273566844899,0.280944095845885,0.266186846120647,0.437691114448554,0.220068179911445,0.230080554423001
1282,0.246700316564827,0.25160463124852,0.222798996297682,0.242707813781047,0.280939408782773,0.26616624544951,0.437654760927824,0.2199878781695,0.230006020298623
1283,0.246672196028855,0.251549096010682,0.222721200647352,0.242652591447933,0.280912414689227,0.26613820719043,0.437634436064752,0.219921050942728,0.229934164697106
1284,0.246612704848695,0.251511108125899,0.222664984431575,0.242579129938242,0.280862624312643,0.266106408447294,0.437584441226259,0.219834356760932,0.229851208560704
1285,0.246539972712084,0.251426268136039,0.222578724086855,0.242559817756442,0.280822503407056,0.266087902611516,0.437548698099214,0.219762245266224,0.229792121852199
1286,0.246495150152013,0.251319712814819,0.222492214897402,0.242543773661278,0.280775487951406,0.26606291805667,0.437490620108522,0.219731855739255,0.229740806743119
1287,0.246430631744152,0.251211419944066,0.222405625935876,0.242524424356351,0.280731629888309,0.26602280542313,0.43741421877771,0.219677055712058,0.229678061931129
1288,0.246330349801108,0.251065249631348,0.22231860012373,0.242515160548484,0.280702691314633,0.265979642214697,0.437317148711434,0.219614664079597,0.229622583320837
1289,0.246253341249703,0.2509631262461,0.222211585565035,0.242483454511471,0.280644044561734,0.265920062920401,0.437202298569422,0.219531284626432,0.22954015121858
1290,0.246199691003884,0.250884036789556,0.222094075253226,0.242448082495265,0.280568448638424,0.265829271665753,0.437062599405014,0.219442470084314,0.229431972479272
1291,0.246117796915058,0.250783439447247,0.221983847971118,0.24240247113444,0.280496456176631,0.265767380788408,0.436942935422641,0.219350361386306,0.229345064505813
1292,0.246015137162765,0.250706671069586,0.221864001472815,0.242337858089338,0.280415648219804,0.265706048551619,0.436821479143408,0.219230872976616,0.229252475142221
1293,0.245922844104593,0.250595753729981,0.221743379649929,0.242282350275505,0.280326266618628,0.265646599043136,0.436666774999164,0.219128340442012,0.229162513578434
1294,0.245832208847852,0.250440095119829,0.221625539562086,0.242223431089681,0.280235210902997,0.265606892936325,0.436510953063586,0.219029174615912,0.229090272351018
1295,0.245741759915949,0.250308812306858,0.221509313476514,0.24216072326759,0.280133739348072,0.265554329230829,0.436332683468687,0.218937145539347,0.229002756845634
1296,0.245662261947342,0.250185145133019,0.221383642312893,0.242105514039151,0.280028381019689,0.265517731536649,0.436129766490807,0.21886319029993,0.228913677775589
1297,0.24555941378344,0.250040335369761,0.221253846357261,0.242023466186652,0.279897195604505,0.265430814825202,0.435900085233893,0.218758733806254,0.228802813260525
1298,0.245425796349132,0.249902153787635,0.221150097792787,0.241917879786513,0.279735261010262,0.265287995826699,0.435645997482895,0.218648616475061,0.228671985882662
1299,0.245311549714247,0.249746257924089,0.22100796485973,0.241828006448623,0.279591512495048,0.265187088960984,0.435384547866257,0.218537024407752,0.228543344079057
1300,0.245201107908358,0.249560149628938,0.220831313469976,0.241743412057391,0.279447054091095,0.265090308523346,0.435090196923675,0.218395160865391,0.228402567498901
1301,0.245088587640741,0.249386729800694,0.220666766586046,0.241639417346555,0.279279413750056,0.264974440679362,0.434789112576511,0.218263186887603,0.228257469174855
1302,0.244994629046958,0.249202831562739,0.220478910128857,0.241533252136165,0.279109465919916,0.264869028810851,0.434491288109877,0.218134948037267,0.228110444963996
1303,0.244885861106111,0.249030781053714,0.220304106029904,0.241424501369251,0.278948749238611,0.264779627374722,0.434190484995997,0.218036620991366,0.22796623898022
1304,0.244754237931749,0.248881855881622,0.220154424259303,0.241282151997721,0.278723725030896,0.264648049133649,0.43380580114206,0.217878772711573,0.227798912407236
1305,0.244606727673313,0.248703330527515,0.220012317695253,0.241122875661328,0.278511767423314,0.264479991906374,0.433417139608947,0.217693576097061,0.227620020027021
1306,0.244448274323525,0.248513341279018,0.219872512107341,0.240976323519135,0.278313111783415,0.264343093729642,0.433036311508167,0.217557393599256,0.227467479933978
1307,0.24430377060853,0.248296749391298,0.219696298675844,0.240805577419643,0.278081080622324,0.264224748057786,0.432613819477825,0.217396474156023,0.227324901328536
1308,0.24415263818444,0.248053319474024,0.219509557957757,0.240657941160891,0.277870578990153,0.264086022415966,0.432191198468684,0.217263187697607,0.227160330601482
1309,0.243967573707529,0.247824031478978,0.219314793415382,0.240508212822944,0.277624374738065,0.263926868865613,0.431720470366165,0.217144704672817,0.227003777751647
1310,0.243780259223446,0.247617636432797,0.219103594157121,0.240333539407008,0.277349675634438,0.263762475944999,0.43120010398241,0.216955433207453,0.226825560579417
1311,0.243601871322701,0.247411605259544,0.218895144710962,0.240186049966716,0.277090192693175,0.263588579001926,0.430674311778175,0.216769292822418,0.226612071152028
1312,0.243422235378305,0.247183168921895,0.218687870274333,0.239996768472482,0.276811359187248,0.263398324739632,0.430091340296109,0.216574122366584,0.226405962681001
1313,0.243256120928451,0.246956628751201,0.218479249242793,0.239758098864466,0.276521642304605,0.26318488407345,0.429461553020961,0.216355704695114,0.226206254402218
1314,0.243062738726354,0.246708037396946,0.218255960788922,0.23955777254653,0.276212444104613,0.262981917113616,0.428830748275954,0.216143702715932,0.22596605198354
1315,0.2428469337202,0.246432421744929,0.218031698866609,0.239370268953785,0.275891363688234,0.262778446083562,0.428163285834144,0.215939877422323,0.225695392618103
1316,0.242645845673577,0.24615980056578,0.217804622837096,0.239154115842445,0.275555076573285,0.262553081925813,0.427473669164837,0.215712230071404,0.225448180022
1317,0.242446176127865,0.245885624995951,0.217563236583787,0.238951438610606,0.275177391463782,0.262322384899718,0.426787729829305,0.215456729623834,0.225186622113895
1318,0.242225388715799,0.245593047247859,0.217320358384377,0.238719619496236,0.27483063814002,0.262089381966127,0.426067643702354,0.2152269065724,0.224934405861303
1319,0.242009979842248,0.245276140181391,0.217080498986181,0.238442505452124,0.274518088523881,0.261839310795391,0.42530405056665,0.215008424327396,0.224697710935994
1320,0.24178810342575,0.244977640076919,0.21683415814821,0.238196519109912,0.27415490873028,0.261585500895835,0.424527414618015,0.214773624473248,0.224444417247555
1321,0.241531131632549,0.244683297946269,0.216579062895136,0.237947700596279,0.273770362044568,0.261329506911498,0.423734542372927,0.214542799899521,0.22420068519312
1322,0.241293622184338,0.244378388959506,0.216318211381065,0.237704184112355,0.273393526237517,0.261072054174312,0.422914215861641,0.214312543583116,0.223919634541434
1323,0.241081322528336,0.244076305629417,0.216068413214233,0.237500986052625,0.272988728135747,0.260812708098887,0.422070393605876,0.214062913136013,0.223621023055228
1324,0.240842499745645,0.243769976189819,0.215796252164923,0.237241790410268,0.272582481707585,0.260540477210753,0.421202878192293,0.213818836913203,0.223315298723485
1325,0.240597549725374,0.243475989468443,0.215494878493393,0.236954880232105,0.272190453916939,0.26027020385819,0.420299794082467,0.213608565642333,0.222958904070728
1326,0.240343724587116,0.243144665387691,0.215205079504907,0.236671462347851,0.271783671011279,0.259981043355341,0.419411340045349,0.213356689357952,0.222627926049735
1327,0.24007458831902,0.242797060311699,0.214914142875513,0.236364487399044,0.271356157294337,0.259676611566484,0.418538184649882,0.213083998465564,0.222291871370454
1328,0.239804459446944,0.242430193784932,0.214614969609689,0.236033390532313,0.270931914084785,0.259355435803062,0.417600193538393,0.21280095259005,0.222008083971131
1329,0.239528638208291,0.242069072306081,0.21431687522531,0.235742889123244,0.270493297219792,0.259000524191865,0.416645546041032,0.212487443368443,0.221693263419174
1330,0.239225558540739,0.24168674626681,0.214020703843508,0.235483825743993,0.270079450660503,0.25868565256353,0.415714632646224,0.212181210396488,0.221367006098933
1331,0.238946032373676,0.241342124169943,0.213730639600131,0.235224221490855,0.269640078228161,0.258386842693056,0.414722964588499,0.211904865139241,0.221067969086175
1332,0.238684669912626,0.240999450397198,0.213412023452632,0.234945379755001,0.269179301002837,0.258055855718568,0.413696147882688,0.211618082604488,0.220711369354011
1333,0.238390541947425,0.240595653115168,0.213058035016879,0.23465207884325,0.268764294076054,0.257761989796842,0.412703555217956,0.211337109419031,0.220339914842053
1334,0.238096626283384,0.240196741112802,0.212727655557475,0.234362670691388,0.268326946192711,0.257468682396401,0.411672655175477,0.21103879476572,0.220006844618785
1335,0.237807434804685,0.239798503525096,0.212407030990695,0.234092134113735,0.267896795500224,0.257115343049494,0.410584395902249,0.210711812464489,0.219658310294188
1336,0.237490935266097,0.239385754629116,0.212085327806729,0.233830960557306,0.267501312900734,0.256793248220202,0.409556534918482,0.210421050396242,0.219313216775264
1337,0.237184714609233,0.239023440888154,0.211793851962014,0.233551103841679,0.267065613386041,0.256475353099699,0.408562375407199,0.210152566527977,0.218975135071224
1338,0.236911378015137,0.238672842443707,0.211512699665459,0.233278941659061,0.26665570184992,0.256124429964817,0.407531706499122,0.209878941784269,0.218622709990448
1339,0.236632084669819,0.238303134583899,0.211206934095283,0.233000432982282,0.266250433293177,0.255809370167355,0.406506885640337,0.209590218840966,0.218266303241551
1340,0.236356879439085,0.237939523448101,0.21087799544504,0.232696069628437,0.265848921578496,0.255533758442239,0.40550663030195,0.209293926567646,0.217878426774611
1341,0.236062591488224,0.237572063745842,0.210554141345509,0.2324204402547,0.265449753009843,0.255215894954597,0.404496960996935,0.209007201290063,0.217537215102924
1342,0.235769729097436,0.237196696516494,0.210222541780534,0.232157024872638,0.265068087427696,0.254888435197953,0.403456145823915,0.208704401083003,0.217219392453781
1343,0.235473294184226,0.236808948134537,0.20990085335159,0.23189853334406,0.264672150388427,0.254565295553862,0.402450483176427,0.208422256498938,0.216884419192637
1344,0.235154073357377,0.23640147554989,0.209577898447742,0.231661699571197,0.264269859629659,0.254217656664943,0.401479080097196,0.20818028922294,0.216570261111722
1345,0.234852481671782,0.236031544146224,0.209261766878397,0.231405546546137,0.263889518823163,0.253883426816149,0.400497887072873,0.207898061381067,0.216238946587563
1346,0.234567553586815,0.235669065272249,0.208962193355974,0.231150303667851,0.26352463535423,0.253573549577043,0.399518863868117,0.207587826940662,0.215896837952538
1347,0.234276774714128,0.235298980591007,0.208635836469785,0.230896025364512,0.263132511379153,0.253247383155096,0.398543507593752,0.207299078885835,0.215552317128685
1348,0.23399272749187,0.234970228315099,0.208307982128708,0.230631357585681,0.262742066809138,0.252905510134369,0.397574787161728,0.207003616312446,0.215203029019436
1349,0.233686100540262,0.234598927054655,0.207965643601503,0.230369760591221,0.262341226883678,0.252574026896737,0.39660529580158,0.206708696846349,0.214845352828099
1350,0.233360161737166,0.234188504774237,0.207599785578917,0.230115857215853,0.261895129926304,0.252233322965931,0.395617178460657,0.206436323236209,0.214471859745299
1351,0.233051246930879,0.23379270189905,0.207250978556046,0.229850211018616,0.261497747907279,0.251911553853788,0.394659283833003,0.206147727888729,0.214107007280728
1352,0.232739619589356,0.233388285405027,0.206891820723501,0.229576519528536,0.261154577101771,0.251626164334355,0.393745125316799,0.205857786372481,0.21374572456114
1353,0.232425648207154,0.2330011351465,0.206538139400768,0.229302451724147,0.260761967332062,0.25130072306261,0.39279910448539,0.205547406276618,0.21339151994794
1354,0.232130704862858,0.232642816245112,0.206207670363811,0.229030655671388,0.260355442006753,0.250963879136052,0.391854617865633,0.205226683191653,0.213047735366227
1355,0.231824975892272,0.232236603824687,0.205846149177582,0.228742483051035,0.25995860229998,0.250631287969682,0.390907369535438,0.204890308618919,0.212683648554547
1356,0.231476710440543,0.231822685980385,0.205467316333983,0.228462705607023,0.259546225684617,0.250258189233825,0.389941998506039,0.20454397706864,0.21233646720003
1357,0.231113014359864,0.2314021200628,0.205117737847132,0.22818000746278,0.25912409738292,0.249872313437032,0.388958445392886,0.204182206157214,0.211968941659636
1358,0.230742894646453,0.230957247518721,0.20476875724134,0.227876627666893,0.258728997231309,0.249513817029303,0.387959882046284,0.203824709455651,0.211602365953665
1359,0.230371503760866,0.230498851539845,0.204402325719234,0.227578801903739,0.258302421191542,0.249124778760794,0.386958794331008,0.203487052726778,0.211227831366351
1360,0.230012297924296,0.230051762908768,0.204016087917082,0.227279595326653,0.257842239643846,0.248742246249092,0.385940995704342,0.203160769362072,0.21081282778462
1361,0.229661780752314,0.229599715752703,0.203624944513034,0.226968415140869,0.257385655063965,0.248389032382958,0.384861064682889,0.202819787528331,0.210384702474571
1362,0.229295634879499,0.229085417356985,0.203189692154855,0.226628434359881,0.25688075136753,0.247991485729583,0.383738179368703,0.202451148836233,0.209939370069067
1363,0.2289237602651,0.228558313658565,0.202730522006021,0.226268964095313,0.256342120362833,0.247555515697591,0.382593149475093,0.202041819340788,0.209486382352049
1364,0.228529337739932,0.228021713776904,0.202249233101865,0.225887328143304,0.255781617987771,0.247067622578093,0.381346100235671,0.20159554069069,0.209010168018118
1365,0.228069328587921,0.227417222269958,0.201731770449112,0.225475212547087,0.255168765027743,0.246532136393246,0.380042924830935,0.2011558319491,0.208490625554479
1366,0.227592874352814,0.226796510387862,0.201198010660391,0.225048269911043,0.254535010913553,0.245997878283675,0.378707461999729,0.20068468726897,0.207934392269445
1367,0.227092191571701,0.226187254867304,0.200642597424167,0.224627799600027,0.253913060375768,0.245474939829369,0.377363842554181,0.200220003120334,0.207349276742683
1368,0.226556296935239,0.225468817872666,0.200040115258318,0.224140800581669,0.253180957367836,0.244858535537298,0.375876866096667,0.199681623633157,0.20669598181887
1369,0.22601819763175,0.224689994204847,0.199445348781812,0.223633518723234,0.252389829053525,0.244228573401487,0.374371203493648,0.19910590564167,0.20601997458058
1370,0.225386946474781,0.223859641082171,0.198732906586752,0.223040304814308,0.251538293653719,0.243485024847333,0.37264790792803,0.198475251914291,0.205251990545921
1371,0.224720220575719,0.222985966925405,0.197941496197144,0.222396116059561,0.250649127704412,0.242649798211434,0.370797911059784,0.197819091093284,0.204419843140564
1372,0.223953336305562,0.221994345087934,0.197114021030946,0.221689665035483,0.249622403906552,0.241751455746025,0.368781033824362,0.197070063380116,0.203498913315422
1373,0.22308591990441,0.220954821818324,0.196233757101481,0.220921576976168,0.248533593797227,0.240796711683526,0.366616680007299,0.196270805172384,0.202501840584862
1374,0.222184178803648,0.219797969401263,0.195273439939666,0.220087272741784,0.247317390686916,0.239752374954043,0.364283143436971,0.195378369131257,0.201440592649688
1375,0.22126728376316,0.218527863873958,0.194296594503545,0.219224695854599,0.245988705671802,0.238648259475609,0.361826715942751,0.194405050038352,0.200333832502327
1376,0.22019993735829,0.21716890999683,0.193176416589813,0.218234936695778,0.244535498578998,0.237430095262035,0.359147108544154,0.193356556473968,0.199091406001362
1377,0.219060749441933,0.215744934494534,0.191932966323313,0.217158468149686,0.242983166408712,0.236149471843916,0.356306975111041,0.192229401932865,0.197767805754131
1378,0.21780419391512,0.214174249492754,0.190634891179001,0.215990798142727,0.241305173272051,0.2347060106389,0.353222926472251,0.191023654953298,0.196334731677699
1379,0.216398663826915,0.21248691793242,0.189275992816111,0.214732103957331,0.239503625740471,0.233137509322168,0.349934830811104,0.18976570310207,0.194778603136569
1380,0.214938777311812,0.210682478926011,0.187786331160532,0.213369831240198,0.237569338964239,0.231464939312739,0.346431331430039,0.188384013908057,0.193129275458803
1381,0.213410433557457,0.20876521471548,0.186207027075523,0.211920830345855,0.23554428373318,0.229655365642668,0.342712867854666,0.18690629431202,0.191414440082651
1382,0.211783242774424,0.206734576215824,0.184531283233892,0.210373900120095,0.23336045677716,0.227749327095036,0.338790848874462,0.185352674090122,0.189563034240964
1383,0.210090173314699,0.204604853202789,0.182751648249797,0.208729063791687,0.231043255257648,0.225758630255056,0.334699409863573,0.183722144979216,0.18758905561983
1384,0.20827496546888,0.202335257004661,0.180853054882759,0.206985357213959,0.228561615118464,0.223656500265777,0.330339605823839,0.181960282942936,0.18552031802339
1385,0.206325598990265,0.199945870885932,0.178869129392781,0.205161374589993,0.225965938586832,0.221378107744094,0.325744853725306,0.180109551674357,0.183344036351813
1386,0.204334397027189,0.197469509610941,0.176844938253912,0.203252715549924,0.223264747447376,0.219021744909442,0.320978861600125,0.178166934828303,0.181059652047917
1387,0.202257162764151,0.194895307214734,0.174719182010602,0.201242709608497,0.220453777670691,0.216633413367914,0.316052244464694,0.176144204853686,0.178702180782035
1388,0.200105613597313,0.192267525759359,0.172514583664991,0.199140085683898,0.217597286308379,0.214116628969635,0.310999829361537,0.174080633864825,0.176287597131857
1389,0.197941260035612,0.18959671298945,0.170295372831714,0.196959664251231,0.214691939656812,0.211525612299227,0.305822026506579,0.171960563055433,0.173806757905368
1390,0.195684002679374,0.186844250381813,0.168006812122541,0.194716862079352,0.21169150408233,0.208891129792618,0.300505088824652,0.169798459139808,0.171260872968556
1391,0.1933683327997,0.184048655559493,0.165685695648147,0.19243404762693,0.208676394540642,0.206170183701618,0.295115679740384,0.167594936021267,0.16866976620995
1392,0.191030077063356,0.181233078955979,0.163374155792927,0.190144181735312,0.205633934191819,0.203401288548824,0.289666072763962,0.165324829279738,0.166048327865949
1393,0.188643399660406,0.178389530607923,0.161019074680764,0.187833610727143,0.202522361084277,0.200625969000218,0.284180576601088,0.163051592264794,0.163408768652234
1394,0.186273757015675,0.175554364014944,0.158657413294235,0.185515972850392,0.199452661497398,0.197870657773102,0.278742859419352,0.160817476954577,0.160789952047835
1395,0.183937997059902,0.172743351069057,0.15632341056862,0.183214876718975,0.19641548492664,0.195125849436032,0.273338092905559,0.158561906170988,0.158196874574696
1396,0.18159191416967,0.169945107125033,0.153993551984821,0.180885410956296,0.193393030513241,0.192365770951431,0.267919586855944,0.156303436621498,0.15561807131266
1397,0.179264249573173,0.167200273852772,0.151710617995547,0.178571713034821,0.190433248106876,0.189665545355353,0.262542444534909,0.154112487858655,0.153087457592179
1398,0.176996370497339,0.164503471121165,0.149486433340435,0.176321158451992,0.187512528345165,0.187037498392595,0.257254216226269,0.151950893393656,0.150603317634886
1399,0.174794902326103,0.161902499401526,0.147335990994766,0.174123060042715,0.184706689826317,0.184475292479661,0.25213718763855,0.149864876550475,0.1482143717462
1400,0.172623098964981,0.159367283057406,0.145223667191931,0.171958051288998,0.181977658371315,0.181954579394606,0.247095093089702,0.147852460240705,0.14589743870168
1401,0.170528413335919,0.156916353153289,0.143218392597113,0.169860743486074,0.179305870399744,0.179532730290977,0.242219750809404,0.145873653077842,0.143644262943933
1402,0.168505003329824,0.154526017452806,0.141301604026755,0.167803174252399,0.176695216845856,0.17719261079509,0.237506783601575,0.143918508684312,0.141452413729259
1403,0.166558979753769,0.152266265655469,0.139448852266476,0.165845657519778,0.174228732680976,0.174915946049425,0.232954728183701,0.142074282870964,0.13936503439998
1404,0.164647852127117,0.150095889057123,0.137665491118586,0.163954947587768,0.171820606453347,0.172681899318659,0.228485114774475,0.140286771177297,0.137335378691677
1405,0.162860384523222,0.148025542947974,0.135966281781696,0.162152028239769,0.169546592569806,0.170581856110123,0.224259564497957,0.138597100772979,0.135420305376758
1406,0.161173310542918,0.146070484533099,0.134342370551956,0.160435953258583,0.167425245715837,0.168557470251819,0.220245793929663,0.137004698397249,0.133603608215047
1407,0.159566607376033,0.144206700327847,0.132793024909959,0.158794227426031,0.165389332274102,0.16666694438808,0.216397271102813,0.135477144079593,0.131894296440541
1408,0.158052151899419,0.142409891939323,0.131312627218267,0.157211551169863,0.163416214272568,0.164914548139146,0.212732033148636,0.134008879641624,0.130285926474438
1409,0.156614719878516,0.140741564885544,0.129929093181744,0.155734954481963,0.161591080715575,0.163233292158827,0.209227844825,0.132642449834908,0.128767152914716
1410,0.155248280780033,0.139196783258293,0.128604959936389,0.154338381320547,0.159897875052284,0.161610177598428,0.205880132569661,0.131363619098367,0.127352538062667
1411,0.153988051752087,0.137744259059604,0.127402497682647,0.153050554543983,0.158318324915953,0.160154459013447,0.202726229949695,0.130172685294538,0.126030640877532
1412,0.152802580555558,0.136406496114339,0.126325421572924,0.151857819106396,0.156869126116108,0.158826328280133,0.199750661245833,0.129069078680211,0.12478882146494
1413,0.151728172511281,0.135140908561037,0.125304875478402,0.150762650346506,0.155509384015888,0.157602743244639,0.196942420342949,0.128050535971358,0.12364749953969
1414,0.150772418082979,0.133949059200134,0.124368151708495,0.149772628783006,0.154246558076215,0.156535264612915,0.19432743155266,0.127112629483118,0.122631174204342
1415,0.149886481243842,0.132867406168331,0.123510307998421,0.148868622925196,0.153099430432419,0.15553386563958,0.191854991493211,0.126262297477247,0.121656843073908
1416,0.149085233751516,0.131886826610043,0.12273059546641,0.148069271042194,0.152073970953896,0.154633051269929,0.189555172126569,0.125524429998414,0.120756458927408
1417,0.148373588123478,0.130979046852771,0.122015241544584,0.147338250791032,0.151110073495501,0.153771474419288,0.187361657177385,0.124817910589293,0.119922999686765
1418,0.14774859967985,0.130163631211878,0.121364784270734,0.146645999638708,0.150230550965782,0.152997378593206,0.185289069762157,0.124154153090123,0.119149310035346
1419,0.147188871951985,0.129417951144108,0.120791439965769,0.146024925444513,0.149445853816317,0.152335611609569,0.183381236995171,0.123575833195309,0.118458268684201
1420,0.146679792890519,0.12872521519082,0.120269666574062,0.145490747540349,0.148711289759732,0.151724842967386,0.18159105735929,0.123045373644848,0.117852707314977
1421,0.146210279001908,0.128090380885908,0.119774810365778,0.144968765896029,0.148025371383071,0.151150895181967,0.179891993956286,0.122543301409341,0.117280957642458
1422,0.145762842584981,0.127483137828737,0.119329840144914,0.144497812393095,0.147405173905153,0.150642453763197,0.178299215216771,0.122087177156624,0.116733065395152
1423,0.145356984342587,0.126909471308151,0.118936978084959,0.144110591254892,0.146819389164657,0.150174397052829,0.176807161558902,0.121658409085227,0.116239717090673
1424,0.144993738014122,0.126386946550431,0.11855350071226,0.143738112343254,0.146260161082539,0.149736410294876,0.175399447083121,0.121247128318297,0.115778221685896
1425,0.144648044598399,0.125896560274555,0.118201479598525,0.143374119540349,0.145763225608539,0.149358439249621,0.174061607175909,0.120872177148728,0.115329349310643
1426,0.144336024825143,0.125427390525377,0.117878034235977,0.143027620801129,0.145297077669602,0.149012335441466,0.172822460441628,0.120511403840062,0.114925719971921
1427,0.144042425563383,0.125007171361438,0.117540223710482,0.142692560273349,0.144845544336332,0.148670371696677,0.17165807993383,0.12016165870099,0.114546230221332
1428,0.143755629923985,0.124586655206979,0.117229363949485,0.142374680525764,0.144423416306689,0.148315783903661,0.1705303274148,0.119828041415455,0.114161350874067
1429,0.143498162149392,0.124146916469101,0.116935600611556,0.142065501607728,0.144007386155054,0.147957441477957,0.169501647274787,0.119528880140802,0.113822180331773
1430,0.143244772432894,0.123787679749716,0.116658679143289,0.141783494485487,0.143613592234158,0.147633022446475,0.168547533502609,0.119273050132599,0.113520842867643
1431,0.142987590958606,0.123463177779219,0.116410596653011,0.141515579548752,0.14325820333416,0.147336954020212,0.167638335614292,0.119026233552373,0.113220209357839
1432,0.142768128674743,0.123128109998239,0.116163257866337,0.141246124479802,0.142924801308482,0.147076717859757,0.166829473689231,0.118781553682831,0.112927602972852
1433,0.142567826366691,0.122829072580263,0.115929281713249,0.141006336784262,0.142615234781059,0.146847905063036,0.166067522106624,0.118534226324972,0.112656258670071
1434,0.142370592131153,0.122545274481821,0.115718359461423,0.140781653748614,0.142327048851702,0.146633164904147,0.165343826196868,0.118312961097227,0.112407012449044
1435,0.14218654170685,0.122258538458813,0.115527743767802,0.140586101744886,0.14207209595395,0.146440670329884,0.164671089406451,0.118105821712571,0.112160525214073
1436,0.142020200905054,0.122011826588272,0.115339393030786,0.140391119321084,0.141826815058867,0.146254304388402,0.164063730118702,0.117920443886977,0.111943310276164
1437,0.141856831643924,0.121803741637853,0.115159621191477,0.140194888850632,0.141593142689083,0.146081182133643,0.163497423086463,0.117753344959694,0.111766161249035
1438,0.141718551733152,0.121604411617736,0.115010607566301,0.140031104009604,0.141376619417549,0.145923455314213,0.162996156159564,0.117602401635866,0.11158365449583
1439,0.141609793793486,0.121427308085883,0.114883245607146,0.139891873506072,0.141179431819356,0.14577640202498,0.16257273434583,0.117468383095961,0.111399266847003
1440,0.141500957434694,0.121252739866412,0.114750258875745,0.139763781289539,0.141002134130965,0.145648918058785,0.16217124192683,0.117344804323751,0.111251531789484
1441,0.141394135950837,0.121091451763083,0.114638449831765,0.139661470066313,0.140843659975215,0.145539364564284,0.161812885193219,0.117245971015224,0.111126191994265
1442,0.141318470799283,0.120953209013206,0.114532432381117,0.139560534494541,0.140700964065652,0.145450583982746,0.161485586763855,0.117144167364489,0.111009662642945
1443,0.141270029824856,0.120817284530707,0.114402522149403,0.139464040031575,0.140572161739181,0.145381311202742,0.161198695933553,0.117041129454468,0.110913833240093
1444,0.141215916945462,0.120710372228552,0.114325057467691,0.139374925641855,0.140463927945303,0.145309236073849,0.160952703686983,0.116962165154643,0.110836354020164
1445,0.141180917412004,0.120646193343752,0.114305277134326,0.139292652544693,0.140377186565925,0.145253745522156,0.160748705454692,0.116895630386089,0.110784199809231
1446,0.141141391862051,0.120569101224088,0.114250377432233,0.139233938787662,0.140302208861482,0.145209066710478,0.160563916239235,0.116835647018103,0.110726102644755
1447,0.141084855776448,0.120490073827936,0.114197798493017,0.139193026193835,0.1402491191022,0.145166430396414,0.160410556454444,0.11679602937584,0.110680159252222
1448,0.14105946899331,0.120436630239567,0.114151518957137,0.139153414272463,0.140201156295841,0.145133750964034,0.160284032963334,0.116759405660095,0.110638435602319
1449,0.14105275104453,0.120391405411167,0.114082679450441,0.139125566078929,0.140156410948213,0.145115842511851,0.160187544718748,0.116717704770319,0.110573028615916
1450,0.141056659980566,0.120357959396166,0.114047140239416,0.139105193801461,0.140128179320706,0.145106782969064,0.160109218679051,0.116699574708916,0.110549445222209
1451,0.141077124390796,0.120343078378593,0.114032586842192,0.139070025698936,0.140116624496279,0.145094560661151,0.160050497061267,0.116698260945607,0.110560004675345
1452,0.141106895167034,0.120349605674249,0.114038270108955,0.139081155983268,0.140119201062146,0.145114376813915,0.160035004037162,0.116705556537204,0.11057538921216
1453,0.141139052579235,0.120354984243606,0.114062994826384,0.13913926276443,0.140120030590518,0.145146115372811,0.160043820608287,0.116708911969364,0.110609811915167
1454,0.141197529839659,0.120397488016601,0.114098960309609,0.13918417112376,0.140161882576095,0.145207826557322,0.160081351453523,0.116759353646038,0.110660699549434
1455,0.141276888567675,0.120474392078767,0.114169878498948,0.13924293208915,0.140227354102665,0.145300824483488,0.160151019849376,0.116844903364987,0.110726411506108
1456,0.14136603812213,0.120569761862051,0.114216666748005,0.139307438845488,0.14031685957779,0.145407532962564,0.160266832296691,0.116938012512117,0.110794356743173
1457,0.141472118512315,0.12067107078461,0.114250478890679,0.139375317015239,0.140439985405622,0.145526016352246,0.160403999242234,0.117037797839617,0.110890428497538
1458,0.14161177975335,0.12080643704335,0.114328831234253,0.139476421292004,0.140582729437961,0.145646066248866,0.16056615019607,0.117163030502347,0.1110171155673
1459,0.141752829265082,0.120964234317267,0.114435295625739,0.139605388326765,0.140727495185059,0.14577328371419,0.160764115365797,0.117277933781152,0.111143554630238
1460,0.141909230078561,0.121144967079369,0.114580998906623,0.139755889920799,0.140907050988499,0.145952896221077,0.1609926679256,0.117402349870794,0.111298138990823
1461,0.14209336984724,0.121376677228726,0.114779707124264,0.139941218601721,0.141117653726899,0.146172115411884,0.161259949861847,0.117579688938194,0.111500238927679
1462,0.142284757188594,0.121634951770996,0.114975210399301,0.140142799959588,0.141363593814974,0.14641474546029,0.161590197658373,0.117777830394815,0.11171110092246
1463,0.142523287693483,0.121906216428942,0.115156888240855,0.140376777155795,0.141668758777062,0.146710544564205,0.161981791325415,0.118010847583184,0.111959403963111
1464,0.14280346751766,0.122203270508658,0.115378858631402,0.140660419662646,0.141991664646766,0.147016863817578,0.162412379055041,0.118283974738856,0.112262524904412
1465,0.143100922242377,0.122500065619909,0.115637362400515,0.140945478764178,0.142341383107438,0.147318025615733,0.162890536099715,0.118564351745812,0.112581133059149
1466,0.143436230647716,0.122829057715853,0.115922526470218,0.141254322812342,0.142739663500345,0.147687976280437,0.163408460834603,0.118876933718528,0.112919452240972
1467,0.14379293354361,0.123222166462838,0.116246423580248,0.141606504556002,0.143160150680588,0.148096077832888,0.163969914347919,0.11920162237215,0.113286383001898
1468,0.144169814020956,0.123640362026383,0.116588537733271,0.141966758403208,0.143609491425977,0.148504205438537,0.164605904216687,0.119528260774059,0.113665178137077
1469,0.144576277311473,0.124086592141755,0.116930519231369,0.142345200352352,0.144081768500725,0.14895297094046,0.165272170131931,0.1198978929256,0.114069485166549
1470,0.145005022304942,0.124553944229168,0.117301355374506,0.142746841446841,0.144586854853673,0.149429352734804,0.165963430625405,0.120292002750474,0.114499588748834
1471,0.145457621855787,0.125048677508032,0.117707604993267,0.143171422809147,0.145116377023292,0.149918545335971,0.166717162475405,0.12069846224244,0.114944812746063
1472,0.145930052990033,0.125576532774023,0.118116383422545,0.143617734434199,0.145654902940771,0.15043983560897,0.167487562748297,0.121146676647382,0.11542284328112
1473,0.146406331597511,0.126099062926155,0.118550837915312,0.144087081542719,0.146239033709944,0.150984466587143,0.168288104592915,0.121611902081697,0.115919021582678
1474,0.146912936079139,0.126663632581312,0.119007871175773,0.14457273851482,0.146842810292418,0.151549890178623,0.169173334746598,0.122076506716765,0.116416227901822
1475,0.147435523969322,0.127262621657181,0.119467036566072,0.145068337030423,0.147458257185116,0.152124875350443,0.170075092044611,0.122554904470399,0.116949472465806
1476,0.147948239933404,0.12785574276167,0.119955423007854,0.145589880246404,0.148108005500343,0.152713593641886,0.170994886312761,0.123040635423598,0.117515554061828
1477,0.148486896256078,0.128465843011794,0.120448157643313,0.146124141281024,0.148763554976323,0.153332804612151,0.171960744661131,0.123553529749919,0.1180835654743
1478,0.149054223754572,0.129116137477606,0.120955710701472,0.146682886041569,0.149430769895119,0.15398531685385,0.172973280948399,0.124083687913077,0.118664491965862
1479,0.149615110853061,0.129765064115404,0.12147411614944,0.147254524246191,0.150118071627074,0.154648223129661,0.173992314343986,0.124627671131044,0.119274789958007
1480,0.150175166067678,0.130404403291465,0.122003310272013,0.147839934783715,0.150824643250579,0.155342938258104,0.175051901532496,0.125211179356222,0.119909385569043
1481,0.150769865177188,0.131064984994598,0.122537092046174,0.14842707784766,0.15154112837807,0.15601570960012,0.176113415336016,0.125768213975583,0.120532544023527
1482,0.151385001014288,0.131753024613323,0.123086723535827,0.14904008563121,0.152277614925663,0.156689603263089,0.177183825496899,0.126312201176378,0.121176954893407
1483,0.152002310084291,0.132449520570058,0.123641388656234,0.149642214262889,0.15301729117636,0.15738052144314,0.178283538325031,0.126880215384256,0.121816023890611
1484,0.152647626804196,0.133145409779194,0.124193392274402,0.150225999137121,0.153765633265555,0.158065987724478,0.179399836262744,0.12744133697603,0.122438835251408
1485,0.153276267016936,0.133863664607798,0.12476232145052,0.150853467559465,0.154523416083289,0.15877316482736,0.180534034057732,0.128034255604645,0.123088750583184
1486,0.153893953299365,0.134615493223388,0.125353411413504,0.151504223011709,0.155275362580716,0.15950377285962,0.181689417974348,0.128664466461909,0.123759975598626
1487,0.154528413080626,0.13535560510363,0.125932681050527,0.152145142736414,0.156068746018194,0.160238850777377,0.182870228315258,0.129280218981512,0.124430186677413
1488,0.155168947680642,0.136096860425406,0.126518274992464,0.152818531240324,0.156911287195559,0.160992849927842,0.184082544421485,0.129905932912838,0.125102276272762
1489,0.155818566176249,0.136853746404018,0.127109614655727,0.153467449991602,0.157713351266439,0.161732297295357,0.185288253391753,0.130532768807385,0.125792368684241
1490,0.156486292083213,0.137617582255524,0.127689130140263,0.154096705790378,0.158519230434658,0.162471091658602,0.18651452178485,0.131155190383509,0.126497008345119
1491,0.157142205819219,0.138388555251308,0.128293314070976,0.154735786110023,0.159333085504922,0.163216830380157,0.187741538663025,0.131786274388967,0.127201622575205
1492,0.157789981659113,0.139186310168981,0.128914233542316,0.155359647743262,0.160116069397321,0.163948033415525,0.188959452470277,0.132426424410638,0.127930399902177
1493,0.158454520920358,0.13995157684023,0.129530604525918,0.156019752463238,0.160932351387875,0.164699419764749,0.19020584620089,0.133069535789003,0.128640373144276
1494,0.159120013605009,0.140687996509122,0.130167423752234,0.156702496025019,0.161783856020326,0.165472429999198,0.191469631027441,0.13372664661686,0.12933638353545
1495,0.159796631734878,0.141464576304186,0.130794648046944,0.157373389024063,0.162630807677135,0.166245735512273,0.192750302027679,0.134366024785384,0.130042626718472
1496,0.160505210467089,0.142253038911757,0.131414983425562,0.158074161985427,0.163491740973921,0.167024085961374,0.194059912034352,0.134998244603447,0.130741776016435
1497,0.161186021615951,0.143035608642043,0.13204019140634,0.158748296331181,0.164328742618837,0.167805321376689,0.1953500337857,0.135635270150819,0.131448192207456
1498,0.161852748430101,0.143838394970442,0.132657274176901,0.159393765787571,0.165156048837702,0.168604996888716,0.196643404482825,0.136255613964676,0.132160979467314
1499,0.162524916450289,0.144635796448113,0.133291684416179,0.160056540046003,0.166001399574059,0.169392335140499,0.197944309231909,0.136893579446923,0.132886271404231
1500,0.163180656399946,0.145416090681847,0.133957326843663,0.16072387376536,0.166840296113185,0.170176245347853,0.19924378951908,0.137552038279964,0.133622856782815
1501,0.163854428367408,0.146210273887204,0.134586963598539,0.161387895260489,0.167684619158612,0.170956769699566,0.200549322639245,0.138198956939844,0.134361769456392
1502,0.164548896070791,0.147027496861629,0.135184311815262,0.162053382401207,0.168546749865611,0.171709861510612,0.201871291001809,0.138838543721072,0.135117345000108
1503,0.165230661656376,0.147840221043226,0.135817675471678,0.16271940325158,0.169400462470089,0.172492313285784,0.203183478549021,0.139491194042833,0.135859580966839
1504,0.165906387482138,0.148641504095074,0.136450525467922,0.163381450504629,0.17024263580083,0.173311092569668,0.204471107014604,0.14015728837096,0.136594553527197
1505,0.166587551720281,0.149450719794227,0.137085962576137,0.164046564962755,0.17109194286218,0.17409683175385,0.20578825255193,0.140810323391288,0.137330521209529
1506,0.167272289933246,0.150271477639626,0.137780054240171,0.164718053101229,0.17195478055593,0.174870734584029,0.207142397046137,0.14145785269734,0.138059536001542
1507,0.167949981968937,0.151090359140352,0.138428273761435,0.165385864289628,0.172814809067833,0.175664341711158,0.208466923169945,0.142117924445372,0.138794880813621
1508,0.168624635092782,0.151919733129831,0.13904544930027,0.1660477468321,0.173673644254992,0.176448770648899,0.209792127758777,0.142784202058835,0.139539824121763
1509,0.169315408906132,0.152734577833297,0.139636272022678,0.166721907831398,0.174527511983427,0.177229271513423,0.211109729912177,0.143426745355392,0.140273260156954
1510,0.169979919454763,0.153533341564003,0.140246412230097,0.16740036899778,0.175384267900097,0.178046221573457,0.212430578211874,0.144089024605345,0.141003764943413
1511,0.170630673114081,0.154343910011532,0.140887833861758,0.16806318989127,0.176233554746529,0.178851168803252,0.213721781142206,0.144765370296401,0.14173976853565
1512,0.17130051375307,0.155151100076334,0.141542330472046,0.168751471750209,0.177089935033968,0.17963312339797,0.215018892116736,0.145401357414569,0.142465038387599
1513,0.171970285186675,0.155953066661798,0.142181115669608,0.169426348853065,0.177961551422887,0.180409368010077,0.216359878164979,0.146039986873313,0.143210837979397
1514,0.17265007138494,0.156761070678445,0.142831263016778,0.17009154566616,0.178849933065516,0.181206851843515,0.217689146127325,0.146715952714758,0.143978027265338
1515,0.173321451166691,0.157562278796796,0.143469629932382,0.170783234326473,0.179730662818434,0.182007252129798,0.218996694941543,0.147369245622306,0.144726753462893
1516,0.173990505329456,0.158345407654754,0.144104209486956,0.171465815119368,0.180598616002143,0.18278899488508,0.220320854138123,0.14800375562166,0.145458639587053
1517,0.174660170130506,0.159143028295917,0.144752689870253,0.172146062623938,0.181452353944503,0.183589681398934,0.221636829959114,0.148659643639445,0.14618991075512
1518,0.17530283595291,0.15994916472851,0.145366057478827,0.172803787310689,0.182280613223661,0.18436071024939,0.222902836425428,0.149284729116221,0.146906944019486
1519,0.175962368715516,0.160728635938618,0.145961238827506,0.173448572877128,0.183128156872098,0.185114270615525,0.224159359323264,0.14988027111553,0.147615488754045
1520,0.176624852898735,0.161516992075243,0.146555538728544,0.174089863749914,0.183992929015229,0.18588716359894,0.22543877503596,0.150523669092547,0.148356808367543
1521,0.177270734621091,0.162323058445539,0.14716486216907,0.174709987107996,0.184837242560887,0.186637304439635,0.22669861605703,0.151172701882545,0.149098162029574
1522,0.177922746833227,0.163111594077239,0.147810086315049,0.175350970553697,0.185688135585166,0.187378708567684,0.227950115874431,0.151795562730064,0.149810832113634
1523,0.178576956786705,0.163898319193364,0.148450295727355,0.175998571139219,0.18653131801674,0.18812780871739,0.229212677360936,0.152438595978828,0.150537622753385
1524,0.179239709274063,0.164694131255957,0.149070051374814,0.17664224435834,0.187348034938787,0.18889097154727,0.230440243111377,0.153065402585717,0.151252885245332
1525,0.179885723614521,0.165466704106405,0.149688166750921,0.177278394678426,0.18817888795079,0.189648122417335,0.231637767891523,0.153668064409449,0.151951129806538
1526,0.180519432935178,0.166240777806222,0.150277882176767,0.177895212818168,0.189003034120538,0.190396052788904,0.232840435315423,0.154290944719844,0.152663128461254
1527,0.181167598856306,0.167030886157087,0.150865677953815,0.17851577533364,0.189811536648058,0.191161511528357,0.234057544467024,0.154898863965764,0.153366193153628
1528,0.181801822579737,0.167801088777764,0.151478676892917,0.179117746645469,0.190641999063839,0.191907193791295,0.235286385497394,0.155490467277663,0.154051230527274
1529,0.182419749067987,0.168563370185272,0.152078650191226,0.179724257479324,0.191460040984375,0.192641265650296,0.236527581419244,0.156105695486568,0.154731147472717
1530,0.183043987280095,0.16932956125076,0.152684551903693,0.180356879848441,0.192255015297323,0.193382665437618,0.237740103802886,0.156700101322232,0.155417235593593
1531,0.183657284914858,0.170087063945721,0.153288518662197,0.180972828825583,0.193069093494687,0.194114620123809,0.238907389186068,0.157281116080534,0.156103209330301
1532,0.18426162250814,0.170838274990459,0.153878633448528,0.181566186676028,0.193867996844821,0.194836359700247,0.240055138227697,0.157872471700859,0.156790156413138
1533,0.184881591814157,0.171593093666158,0.154477984782357,0.182154858428181,0.194642783610232,0.195546134790378,0.241174016887287,0.1584617127327,0.157488882859547
1534,0.185485704991117,0.172352246078099,0.155068503199967,0.182748150301175,0.195433399810677,0.196260728039242,0.242323741362236,0.159054641421787,0.158181005158304
1535,0.18608606938011,0.173101636597333,0.155640373258388,0.183330746390004,0.196223594214214,0.196974408942894,0.243498879162061,0.159640141070468,0.158850515988706
1536,0.18670012825421,0.173839876681167,0.156208090615504,0.183920641656506,0.197012400546545,0.197664740232304,0.244631997095298,0.160234832823815,0.159509986526673
1537,0.18728107102297,0.174584549427702,0.156774630395844,0.184527311842626,0.197799767441664,0.198345126200337,0.245765039851021,0.160817209078568,0.160157230623513
1538,0.187874082934231,0.175320213001121,0.157346131357181,0.185119960546954,0.198574071244677,0.199033875359982,0.246891243591809,0.161390632929156,0.160798892588633
1539,0.18849322580133,0.176044123314326,0.157930050189284,0.185704876008452,0.199347025917945,0.199714370762543,0.247989952800151,0.161962573570133,0.161415442814379
1540,0.189069523999236,0.176771845548154,0.158489420547538,0.186288444170268,0.200110478122143,0.200396237967433,0.249093250320891,0.162532209480889,0.16205628710874
1541,0.18961755950139,0.177506482017264,0.159042596353975,0.186877840083565,0.20085533305698,0.201089504480743,0.250213322461221,0.163089566273638,0.162716583920876
1542,0.190175024734564,0.17821364304479,0.159583900726477,0.187435331566031,0.201608486176589,0.201773537425226,0.251302318814743,0.163642339697098,0.163348507853866
1543,0.190710221743535,0.178914745181151,0.16009867872825,0.187966933958481,0.202365465088603,0.202448233507718,0.252358576657283,0.164196332523077,0.163974893563268
1544,0.191263591946694,0.179595669316389,0.160637868578458,0.188515241224928,0.203109047918494,0.20310862093967,0.253436473398233,0.164734323775404,0.164600060476845
1545,0.191836719932525,0.18024902501824,0.161183512189188,0.189051009444395,0.203847739115615,0.203771993608152,0.254530395837237,0.165254409456217,0.165204572979357
1546,0.192378042007881,0.180916513542679,0.161719193607408,0.189600042203141,0.204582073405409,0.204416833548157,0.255578828606792,0.1657829050605,0.165814287079083
1547,0.192904163730168,0.181577344707207,0.162265717855321,0.190179037408529,0.205316313104903,0.205039244630934,0.256610202619622,0.166314048139986,0.166432094357721
1548,0.193439822528449,0.182232350477998,0.162794095315801,0.190708512221556,0.206031365524196,0.205663129298105,0.257644234830493,0.166837466779608,0.167040666190943
1549,0.193968245726583,0.182886828661297,0.163317588001716,0.191209897778382,0.206730011729614,0.2062751389694,0.258643950274495,0.167357086744391,0.167643493538444
1550,0.194491446364492,0.18353900417116,0.163827137833109,0.191724473184979,0.20742827676044,0.20689464580975,0.259654711301975,0.16786646465175,0.168236196864636
1551,0.195025750814226,0.184181198203948,0.16431967539517,0.192224398071959,0.208114943032529,0.20752033490537,0.260687216560274,0.168364750926837,0.168833181308472
1552,0.195538639644692,0.184829614890715,0.164808178388017,0.192725976714794,0.208796520464401,0.208127001453259,0.261687642914235,0.168867036167627,0.169407495545688
1553,0.19602286808257,0.185495013211811,0.165268683826968,0.193241051670226,0.209480192379538,0.208733487383418,0.262667318475063,0.169375183135073,0.169948120383207
1554,0.196521270208717,0.1861270274737,0.16575123053284,0.193732896577299,0.210157306054042,0.209322738296047,0.263650785116026,0.169862940616467,0.170519124046697
1555,0.197032771559247,0.18673883213677,0.166266128713758,0.194198887966252,0.210827451361073,0.209881850483075,0.264629677221438,0.170341756204179,0.17110541505025
1556,0.197518346140563,0.187357397099428,0.166736512842571,0.194677854034721,0.211476171327947,0.210458235415535,0.265593584904099,0.17081116141739,0.171658702714501
1557,0.197996464626412,0.187965873800313,0.16718334334932,0.195165943611559,0.212110723285593,0.211043887078839,0.266546666091865,0.171265543911662,0.172207400780709
1558,0.198461371600902,0.188565431939753,0.167650252966678,0.195624019526129,0.212749405088551,0.211607391314716,0.267485725337712,0.171712362152633,0.17275620570052
1559,0.198889345675096,0.189162119583704,0.168098895578508,0.196071367959757,0.213373431540285,0.212157518890849,0.268399901555425,0.172147067423623,0.173281437176683
1560,0.199349208501084,0.189759494951808,0.168546488042422,0.196514353705454,0.213995941858876,0.212718237675918,0.26933061673836,0.172589065033334,0.173807867202479
1561,0.199826823604962,0.190353208248254,0.169021519503799,0.196928414900356,0.214630568876884,0.213287056734189,0.270268230250949,0.173026927004218,0.174350876493962
1562,0.200283918807123,0.190925897797903,0.169464078873086,0.197363595217152,0.215237420781246,0.213823848837854,0.271190644019872,0.173454123062823,0.174872526700825
1563,0.2007543519433,0.191493582321949,0.169870902785009,0.197822576087474,0.215816715797887,0.214348759749075,0.272119731755314,0.173882082937298,0.175362001433499
1564,0.201196731841304,0.192057380104323,0.170295618041447,0.198245566975322,0.216410716964325,0.214873661889211,0.273029572764734,0.17430899548966,0.175872900462994
1565,0.201606420300036,0.192598662835244,0.170728151700965,0.198647854009427,0.217010002104955,0.21537110845771,0.273914620946835,0.174719002964315,0.176403641576487
1566,0.202031232574633,0.193139703129689,0.171140300615059,0.199058600370188,0.217584803885974,0.215870183101471,0.274800809976435,0.175142556072642,0.176904710718413
1567,0.202456826778552,0.193691967462645,0.171542677126361,0.199452569266935,0.218144042822074,0.216376848457246,0.275678620796264,0.175586064876548,0.177397201967172
1568,0.202868322355908,0.194224304288712,0.171948438023239,0.199854837628838,0.218713771763465,0.216888990018443,0.276558540216914,0.176002282656449,0.177879345230666
1569,0.203272247917683,0.1947426691498,0.172349054359511,0.200275264404899,0.219272577580344,0.217400376628795,0.277448119732516,0.176408895309487,0.178331611016763
1570,0.203676582370287,0.195242772076527,0.172735816895338,0.200677139027273,0.219833124544256,0.217886516493699,0.278307699688754,0.176801628210498,0.178803298590027
1571,0.204071377474398,0.195718283815799,0.173113756367204,0.201071672818667,0.220416390721706,0.218385745843027,0.279138547677312,0.177172408023906,0.179292124520402
1572,0.204467096884888,0.196210833923368,0.173497645821225,0.201455339297216,0.220958971246104,0.218847196379825,0.279996283282036,0.177562934933113,0.179754015673374
1573,0.20486721680676,0.196702605000108,0.173875113757119,0.201825195013052,0.221467029434142,0.219242838985386,0.280850756533232,0.177961530891192,0.180209640161709
1574,0.205261334185378,0.197178304942419,0.174243115271329,0.202192185889624,0.221993164339202,0.219689779522047,0.281696552473985,0.178338449027089,0.180653930431976
1575,0.205648932382332,0.197658725880262,0.174621161591769,0.202546088398022,0.222515774730677,0.220153130084798,0.282578313841713,0.178707392698113,0.18107404324061
1576,0.206030344268184,0.198133909930215,0.174985273180493,0.202903867983645,0.223035031643182,0.220604683620677,0.283412759603327,0.179076907835913,0.181499914679246
1577,0.206416444806472,0.198581387008553,0.175325731607467,0.203268335039863,0.223572390559955,0.221078786776162,0.284192558428059,0.17943363441272,0.181923650709382
1578,0.206789245292448,0.199034984760786,0.175663008229962,0.203620750567909,0.224065070640535,0.221529812303618,0.284998564493158,0.179791456037583,0.182343446751699
1579,0.207150785045861,0.199507358004293,0.175987585035888,0.203963836672932,0.224529467888494,0.221967237882722,0.285800195045299,0.180171098595754,0.182764723780996
1580,0.207505340338985,0.19995542006088,0.176336679769973,0.204309271502867,0.224988774480823,0.222389121282259,0.286600828454438,0.180514128811157,0.183173594844685
1581,0.207856080324235,0.200386591822574,0.176697432897345,0.204640791515209,0.225403399306906,0.222788175425147,0.287414218448733,0.180813761810717,0.183573885532294
1582,0.208183610764888,0.200818111902167,0.177039360148355,0.204982288244029,0.225860673235073,0.223202460726775,0.288215283456001,0.181140206850705,0.183975172588043
1583,0.208477416899794,0.201226409213273,0.177396468524415,0.205340829855664,0.2263446405648,0.223613348723794,0.289002370024264,0.181460338335871,0.184371242979451
1584,0.208800652678062,0.201660662291381,0.177730226786554,0.205681678825435,0.22679778113632,0.224014880978873,0.289796486842631,0.181792116223865,0.184751975809118
1585,0.209131266877527,0.202127222295658,0.178025549612818,0.206021461739398,0.227263913289443,0.224429817517471,0.290601322387388,0.18215942532415,0.185119916579815
1586,0.209448699812486,0.202547252311067,0.178344227875625,0.206349869282849,0.227709068021883,0.224825040432846,0.291384118162082,0.182488097118494,0.185498582400951
1587,0.209772330514356,0.202961730062438,0.178683776832591,0.206660065433673,0.228108748718528,0.225186708482862,0.292155195740074,0.182792423124031,0.185874271862097
1588,0.210098639251774,0.20336163359077,0.179000487274265,0.206973719294317,0.228540697812839,0.22556896770694,0.292921000858269,0.183105255617256,0.186246176402962
1589,0.210420921339866,0.203698496764662,0.179304737366661,0.20729546540312,0.228993610967202,0.225968503127831,0.293666626924093,0.183406764783284,0.18663745163578
1590,0.210726503416015,0.204081043489892,0.179605380698987,0.207588710586001,0.229421225428938,0.226343286494839,0.294416742518451,0.183707431903206,0.186995188538276
1591,0.211036176075571,0.204508322363461,0.179889047816217,0.207857127720651,0.229857347402283,0.22671972449071,0.295175510195257,0.184016360176951,0.187316157524239
1592,0.211336976199745,0.204897843542876,0.180183121649948,0.208140468812705,0.230268000228219,0.227073948977538,0.295926900579254,0.184315278577148,0.187654597930732
1593,0.211609090406043,0.205286705403905,0.180491572310291,0.208399201738577,0.230651599203544,0.227387914047578,0.296670050519477,0.184597682384454,0.187995917407349
1594,0.211889202282818,0.205658656227643,0.180776986159094,0.208684251602963,0.231035959098547,0.227727025052755,0.297408808354863,0.184883203967985,0.188326990525497
1595,0.212172734722197,0.205985093342206,0.181045677813766,0.20901428801194,0.231398685852537,0.228061006632834,0.298143315876684,0.185175653016485,0.188651949107952
1596,0.212462108121067,0.206341434187482,0.181323006745487,0.209307529691311,0.231778768967508,0.22840705537636,0.298870600295197,0.185455614197058,0.188983211692112
1597,0.212755823096698,0.206724843507118,0.181604813466945,0.209586766414711,0.232162718283049,0.228788389197528,0.299598468664511,0.185732995023108,0.189316048318021
1598,0.213040690405282,0.207077749588107,0.181865830124296,0.209863089139098,0.232544116525512,0.229137792874124,0.300312323360234,0.185994843235688,0.189629324483893
1599,0.213334076616046,0.207423636986982,0.182114484340583,0.210113845589338,0.232940245273038,0.229475738086377,0.30101484992982,0.186230038347073,0.18994672133571
1600,0.213613191590911,0.207764151482766,0.18237282206852,0.210378062002928,0.233317818474164,0.229805017639792,0.301707109650584,0.186483988995285,0.190252312791882
1601,0.213876675265025,0.20807014556,0.182618439458926,0.210657596288846,0.233679420400247,0.230105635930139,0.302375663168798,0.186723389945438,0.190524998145415
1602,0.214134015378572,0.208401406975424,0.182859726268107,0.210926268385661,0.234043030463847,0.230416531051836,0.30305909271967,0.186993521631999,0.190812458475308
1603,0.21438443745998,0.20876286331274,0.183115533098885,0.211196586958754,0.234399870073865,0.230727147125985,0.303750712496825,0.187322026659588,0.191101770622033
1604,0.21463505394895,0.209097271933159,0.183357714415424,0.211455140762919,0.23476133425186,0.231047443420892,0.304430129550066,0.187590705345637,0.191396145802301
1605,0.214869285417197,0.209428176901209,0.183575682155509,0.211697456866404,0.235138474103417,0.231394296929031,0.305127330429332,0.187849403924896,0.191708877055554
1606,0.21511343286772,0.209749070141732,0.183807546109714,0.211939645459848,0.235487627101633,0.231700592419802,0.305787174325706,0.188086251731859,0.19199269097481
1607,0.215376888883863,0.210047922638187,0.184047961282823,0.212166037844579,0.235816554688248,0.231982502713079,0.306404287239062,0.188255359629426,0.192267976956652
1608,0.215619424448396,0.21034632447732,0.1842812165873,0.212410500441516,0.236151931915066,0.232269496108812,0.307042093940525,0.188469692430626,0.192541093724266
1609,0.215846222025162,0.210635428123373,0.184509471083881,0.212685141974509,0.236477091548641,0.232528909605769,0.307671688273434,0.188705058006895,0.192783232436254
1610,0.216083830976835,0.210932842795416,0.184737529351876,0.212924650372298,0.236795645909073,0.23280353520592,0.308298403135199,0.188929141624616,0.193043795333692
1611,0.216312452636128,0.211239130439843,0.184966473752948,0.21315200807144,0.237114580877903,0.233105608977245,0.308946226598744,0.189169528140327,0.193329371018972
1612,0.216543030314141,0.211527352323541,0.185196119490208,0.213376227851544,0.237430374720092,0.23338529695817,0.309563413628941,0.189396471811674,0.193586249667241
1613,0.21679402405056,0.2118152420689,0.185435079937873,0.213558813807984,0.237739534961749,0.233646040205561,0.310149207096923,0.18961011479919,0.193812595631946
1614,0.217023495156941,0.212093787131885,0.185654709547597,0.213769459890968,0.238035458260985,0.233910305093107,0.310745148886464,0.189821684906094,0.194070490117515
1615,0.217240276362828,0.212345204434195,0.185855124969416,0.214015804193029,0.238323854871655,0.234169463943836,0.311324590077978,0.190031357848033,0.194342517501458
1616,0.217450447844755,0.212606810019343,0.186065300975865,0.214233270000501,0.23862074030008,0.234422352440192,0.311918373882293,0.190230836982926,0.194597525196919
1617,0.217642561963252,0.212875645062908,0.186279722520322,0.214429219158374,0.238905647654421,0.234670501484855,0.312543527713211,0.190414729855607,0.194871835195689
1618,0.217843253559495,0.213138958751336,0.186474549398747,0.214647310530689,0.239189938376418,0.23492524472674,0.313126782490044,0.190608525353785,0.195132401407644
1619,0.218041772613638,0.21340649227924,0.186663527143776,0.214864548926838,0.23949357846642,0.235180958648674,0.313676198800524,0.190798831253201,0.195363295902594
1620,0.218241280274452,0.213658793135304,0.186853851686176,0.215081848166941,0.239775235200821,0.235430423115731,0.314255254777667,0.190996654742104,0.195595390716176
1621,0.218442762130651,0.213898679660424,0.187025016545351,0.215333901901046,0.24003469050179,0.235688854760531,0.314839059747896,0.191209033859877,0.195831535351384
1622,0.218646852694848,0.214138506795242,0.1872040723467,0.215551450684396,0.240302738656922,0.235928002214264,0.315401373512389,0.191411224765979,0.196064225246481
1623,0.218858480583847,0.214348580993224,0.187392942329245,0.215739475158262,0.240560098907565,0.236138300252367,0.31597738953808,0.191615470564887,0.196287459954454
1624,0.219056367688387,0.214596818484189,0.187574138023121,0.215929792403616,0.240824704846949,0.236370868840178,0.316537085612488,0.191808617601637,0.196513126027653
1625,0.219244282316058,0.21488885160871,0.18774477380337,0.216092913472776,0.241106833254448,0.236613368689531,0.317058198616038,0.191992085966147,0.196751493494483
1626,0.219440544073677,0.215141657110511,0.187921829333224,0.216281904089072,0.241366057002941,0.236844753388312,0.317586584510832,0.19216930195957,0.196965809424938
1627,0.219645935876343,0.21539865371815,0.18812150832052,0.216502244825545,0.241616001985916,0.237080318561723,0.318132641792398,0.192343398237973,0.197159615344004
1628,0.219822701394138,0.215639132400735,0.188291017887917,0.216688069981297,0.241866618637464,0.237314805480191,0.318658350608467,0.192506055293754,0.197358137175404
1629,0.219990283064862,0.215842704329277,0.188433149490796,0.216868302963918,0.242095914782544,0.237541873087081,0.319160692087527,0.192636547987562,0.197541530779549
1630,0.220156731504954,0.216051897008904,0.188591928402254,0.217044361647744,0.242337534969437,0.237760573030954,0.319665291754233,0.192803082711076,0.197736418960027
1631,0.220286716781954,0.216263228334064,0.188746850938417,0.217179052379868,0.242599623022423,0.237987072619347,0.320171804732382,0.192993185065845,0.197936783644037
1632,0.220443419073051,0.216471280759979,0.188890564395774,0.217342160003685,0.242837119542346,0.238197242636243,0.320658842122124,0.193160803331058,0.198137454942109
1633,0.220626136158124,0.216655979934377,0.189039164427544,0.217529386046175,0.243067815188933,0.238384605205636,0.321136612582476,0.193351690112791,0.198353174971117
1634,0.220794990644505,0.216864001563835,0.189186714179407,0.217708766459767,0.243290506384049,0.238579351563791,0.32160415258533,0.19351527077628,0.198547673052854
1635,0.220958916815758,0.217097218004728,0.18929843887267,0.217911131829279,0.243496839128828,0.238777485635452,0.322059412191126,0.19363309354456,0.198728657315657
1636,0.221129692377056,0.21730987803191,0.189449599374336,0.218074278678379,0.243697908645326,0.238961438168969,0.32249912691735,0.193772171245457,0.198915218171668
1637,0.221313175261756,0.217529805580624,0.189647481817632,0.218218441621219,0.243887336607701,0.239138329894561,0.322927130482229,0.193915908498566,0.199089479816993
1638,0.221471551907255,0.217733481343892,0.189811348452692,0.218356677825214,0.244083543651913,0.239311623482984,0.32334388434031,0.194057872644515,0.199269058135445
1639,0.221615586179845,0.217917489890761,0.189977052450403,0.21844856556238,0.244278051507297,0.239461907834891,0.323737887744527,0.194204640442289,0.199463669686039
1640,0.221766308528168,0.218099870119178,0.190136869718737,0.218575452157051,0.24446579962766,0.239635025464914,0.324133871319168,0.194349578973709,0.199643249400796
1641,0.221899319949829,0.218281004620303,0.19027930727865,0.218715101562257,0.244645203200296,0.239817186035716,0.3245311533585,0.194495566939385,0.199806837660017
1642,0.222040986132902,0.218447507185161,0.190414419340501,0.218855692173011,0.244838122014985,0.239999448334008,0.324908472477225,0.194635761546848,0.199980310958816
1643,0.222202554693986,0.218582533678756,0.190552725549752,0.219013781957465,0.24503698442433,0.240201790726494,0.325268310337864,0.194771897654126,0.200155830797751
1644,0.222351818104103,0.218747947062658,0.190678922219129,0.219168368214766,0.245226853467135,0.240385348472054,0.325632048402412,0.194907188769651,0.20032576622049
1645,0.222488453051123,0.2189211949449,0.190768694862514,0.219332755157797,0.24543088435816,0.240564077710711,0.325997018065154,0.195039070205192,0.200502255180488
1646,0.222630050254172,0.219095354608458,0.190892222521863,0.219482156686101,0.24562073113517,0.240733544951607,0.326334839199924,0.195166986568201,0.200667992045834
1647,0.222771327226852,0.219293585608871,0.191033697207944,0.219635536902221,0.245799800475616,0.240892254188607,0.326663339564757,0.195286084727111,0.200823197962389
1648,0.222910575007754,0.219478821762179,0.191167434390496,0.219764356568871,0.245961166423515,0.241047381217748,0.326979915023536,0.195419717122312,0.200974697795683
1649,0.223061576042283,0.219656053516284,0.191325254011019,0.219856494266884,0.246091857306482,0.241180284353044,0.327268754504922,0.195564087413812,0.201125604541806
1650,0.223187382949425,0.219827941776221,0.19145291485872,0.219971217873605,0.246259822689114,0.241336451770761,0.327552713863843,0.195694243830784,0.201266088688675
1651,0.223292932557737,0.219997099741586,0.191562724552897,0.220073298583533,0.246441949323857,0.241503636309852,0.327845885684002,0.19583922021451,0.201387705645595
1652,0.223410520389709,0.220165263147437,0.191668908351902,0.220199894679884,0.246603203191683,0.241667251901964,0.32810323287233,0.195957915762459,0.20152463615795
1653,0.223519420974921,0.220335625583148,0.191747211442745,0.220363487604684,0.246784691879987,0.241860727182773,0.328316967601883,0.196042150505319,0.201669538092514
1654,0.223625682608569,0.22048483284512,0.191851153071087,0.220500583066401,0.246950096344792,0.242014546831829,0.328552243209168,0.19614355631535,0.201799699725432
1655,0.22372850263953,0.220626089867666,0.191968496216351,0.220631268841074,0.247083758240959,0.242132240438345,0.328795367447064,0.196238321855433,0.201929573190784
1656,0.223850155504416,0.220761270625279,0.192072835541452,0.220767038629692,0.24721977649317,0.242268983586422,0.329001963336233,0.196339558891443,0.202057050349341
1657,0.22398122165669,0.220860261823826,0.19218043778376,0.220885893041,0.247346622110185,0.242396522227396,0.329199923045529,0.196461116730102,0.202167972619598
1658,0.224098026287335,0.220992106393867,0.192291496690942,0.221022093025475,0.247500886232897,0.242525746652772,0.329384219912104,0.196557886936069,0.202288431385877
1659,0.22423449801828,0.221153399225053,0.192407783753623,0.221199517204291,0.247665067362135,0.242662502600649,0.329523684154506,0.19664181490253,0.202424039322353
1660,0.224346859831592,0.221285095477365,0.192499725479285,0.221323768009106,0.247817742809569,0.242804442854435,0.329681393513202,0.196729941767776,0.202543636575765
1661,0.224416812677534,0.221417217128519,0.192587388802419,0.221408017828528,0.247999721500939,0.242947558046228,0.329859453479313,0.196792407559473,0.202656586029866
1662,0.22452178621005,0.221540748401997,0.192670734707098,0.221527371963079,0.248156187896709,0.243082196557978,0.330009933776967,0.196884595583376,0.202763865780772
1663,0.224649439511004,0.221629784019441,0.192709085002679,0.221638942603663,0.248270148515216,0.243223918121872,0.330142784000056,0.197000522318599,0.202850988485477
1664,0.224755398921011,0.22175001416637,0.192792486860451,0.221745463950941,0.248413322735969,0.24335993330759,0.330271751923829,0.197105381807328,0.202960075674483
1665,0.224858709156508,0.221897890601257,0.192912717076887,0.221870672080766,0.248587196295068,0.243480825949431,0.330391551379623,0.19722090436283,0.203082443983584
1666,0.224967455205233,0.222018194603201,0.193011416043167,0.221995408003305,0.248720374633348,0.243605109151326,0.330495512536047,0.197328625215248,0.203191943536367
1667,0.22507320377702,0.222138798648746,0.193131108962647,0.222109924279082,0.248842905728833,0.243731109915037,0.330610662520439,0.197427719946569,0.203312063461353
1668,0.225166294120535,0.22224853213906,0.193216952228029,0.22221537656797,0.24895531553994,0.243861907277093,0.330671284441081,0.197529322462786,0.203417643547148
1669,0.225269535008049,0.222327762593534,0.193273327248292,0.22234413270016,0.249028686466016,0.24400954298887,0.330707125557234,0.197653080711549,0.203502830633
1670,0.225351638810852,0.22243221171475,0.1933369560933,0.222438043688594,0.249128359033621,0.244115679651211,0.330697470535629,0.197728230426117,0.203594721931837
1671,0.225401468782743,0.222563080755542,0.193381249347259,0.222478753882679,0.249240109244044,0.244201730415937,0.330632753129877,0.1977619839902,0.203680427622263
1672,0.225465756304165,0.222655386175078,0.193443243638683,0.222559389485948,0.249344447698153,0.244297395415325,0.330558175644896,0.197826966028525,0.203779800315281
1673,0.225525252682859,0.222732482556979,0.193512242238981,0.222646607429678,0.249450813318401,0.244352057849608,0.330450976190872,0.197877461247625,0.203895071737021
1674,0.225596175831853,0.222814814015242,0.193582534895497,0.22274248761249,0.249556342708563,0.244447073596411,0.330325823889642,0.197932567721033,0.203986210141303
1675,0.225668633894357,0.222867324134905,0.19366602336954,0.222859427449231,0.249661258204661,0.244592582555918,0.330196567694809,0.19801908474757,0.204077412427587
1676,0.225751144954101,0.222945901164735,0.193733075243954,0.222963778037544,0.249760059518657,0.24468998383001,0.330007085444729,0.198077660693606,0.204159243908023
1677,0.225859792071424,0.22305597907386,0.193794152597438,0.223077624829471,0.249862959804833,0.244769996479926,0.32978468706775,0.198102299993656,0.204223191041467
1678,0.225936040025732,0.223135887712955,0.19385576737978,0.223167039620211,0.249951463910116,0.244856002893358,0.329513401551624,0.198151229178767,0.204280147344108
1679,0.226004021823432,0.223212755670923,0.193912436756207,0.223235216009725,0.250035454773561,0.244918106841437,0.329173560327533,0.198204191696471,0.204328372171818
1680,0.226065238320273,0.223270411899092,0.193962713437379,0.223319777368472,0.250098417518707,0.245000562607341,0.328838305794379,0.198268113881562,0.204385604579803
1681,0.22610128531411,0.223295469068083,0.194003565186776,0.223398340883463,0.250132250879166,0.245122312434458,0.328491130724905,0.198360094645395,0.204439667474162
1682,0.226152103452455,0.22335000551825,0.194060322022375,0.223476222588411,0.25019367118015,0.245180535094375,0.328081722052637,0.198407219778455,0.204479886908685
1683,0.226206165451445,0.223415298992955,0.194128250759254,0.223581942317016,0.250255533774926,0.245209147081089,0.327657799707349,0.198444704131458,0.204527181969557
1684,0.226263436240268,0.223459775204021,0.194168846797593,0.223636942693295,0.250311473263717,0.245240653272619,0.327154773443064,0.198471597324262,0.204559751276213
1685,0.226332352603003,0.223515111139189,0.19421719969992,0.223647463260618,0.250391516155472,0.24522762413717,0.326557207448964,0.198456394987192,0.204565176737677
1686,0.226376820108358,0.223547149552861,0.194238295556463,0.223691686793241,0.250436748699573,0.245250559380592,0.32597571317269,0.198472178521313,0.20458154752451
1687,0.226407834192781,0.223534502028229,0.194207945502653,0.223717626732182,0.250446748322287,0.245287644183499,0.325353007276528,0.19849867554772,0.204602804638708
1688,0.22645297464851,0.223568844748276,0.194225992996928,0.223774209509663,0.250479479970703,0.245335973428377,0.324729411608861,0.198529106236255,0.204620297611303
1689,0.226488547410088,0.223633756900388,0.194264437794078,0.223878123845351,0.250513144785124,0.245408446799862,0.324109034429792,0.198576325531898,0.204626743276982
1690,0.226528602488406,0.223659040012307,0.194285588904348,0.223929916761529,0.25054360010063,0.245445266482818,0.323439479053578,0.198595128582189,0.204647827012465
1691,0.22659395913779,0.223684680632055,0.194325913031696,0.223965682325421,0.250584224273404,0.245482142255984,0.322711393889757,0.198607643668296,0.204679363585322
1692,0.226622663264498,0.22370261605389,0.194331845119971,0.224002214349962,0.250603494052131,0.245507985802673,0.322039338675729,0.198617920077384,0.204703556851632
1693,0.226631549236006,0.223697129318193,0.194310368888771,0.224015316964549,0.25061993059731,0.245506908212676,0.321376861797028,0.198609659557474,0.204735992874442
1694,0.226631748893137,0.22368511217304,0.194294277403992,0.224039361893487,0.250603991936334,0.245509264965407,0.320675855036449,0.198605031465849,0.204749598831027
1695,0.226604319077555,0.223668462194788,0.194266546908545,0.224069109555459,0.250552725344974,0.245507313399137,0.320002325906025,0.198596791611466,0.204755065315158
1696,0.226608917474914,0.22366875825614,0.194245262654902,0.224098402255023,0.250536624776136,0.245523873380585,0.319268274630212,0.198609745500575,0.204751134576795
1697,0.226618479649935,0.223669117395389,0.194218208464606,0.224131261657543,0.250511130664264,0.245538742851569,0.318445409497463,0.19863536043916,0.204737231407128
1698,0.226623571032524,0.223636539717794,0.194203106792845,0.224140553287541,0.250494767370485,0.245550789758416,0.317706617003823,0.198631319176778,0.204714043888998
1699,0.226652089881858,0.22360878728196,0.194195457990656,0.224145334389872,0.250510321643107,0.245593980056071,0.316993799971486,0.198636275112687,0.204677496029126
1700,0.226644683629289,0.223573334359331,0.194182175983648,0.224146208594134,0.250491402510264,0.245583737773402,0.316265332095896,0.198621862872858,0.204646615887726
1701,0.226614412261125,0.223494523739731,0.194179557487178,0.22412057287431,0.250454984314391,0.245534053936727,0.315535285280752,0.198566110761933,0.204614704605507
1702,0.226584324502899,0.223442303683524,0.194151365552587,0.224116097232524,0.250408691774113,0.245502406755685,0.314866982868982,0.198542035080571,0.204563655899401
1703,0.226539263931972,0.223420972171908,0.194110063794121,0.22412664866919,0.250353356199871,0.245462132962678,0.314205407084487,0.198551728699129,0.204501161842089
1704,0.226508330618341,0.223369532685213,0.194066691380466,0.224125808163981,0.250294131437259,0.245419639525826,0.313581752721322,0.198495302185583,0.204454936729686
1705,0.226479350192299,0.223293130684591,0.194008590057029,0.224117154416258,0.250210941302152,0.245376496948662,0.313013141348995,0.198400478426184,0.204395272124252
1706,0.226439520337335,0.223236607674583,0.1939618346251,0.224125727540353,0.250158047005212,0.245332610785555,0.312482663830808,0.198349766583612,0.204355021479891
1707,0.226402889965668,0.22319144749855,0.193920149655747,0.224153938636488,0.250121596498938,0.245282099002443,0.311963908787961,0.19828667562077,0.204340233508412
1708,0.226360652710127,0.223149284125778,0.193861161037671,0.224121882902378,0.250054490818874,0.245209316956018,0.311527080473902,0.198231171022189,0.20432089176005
1709,0.226301814037521,0.223050752569372,0.193796227289855,0.224082978687925,0.250009481934544,0.245171255259707,0.311108844966196,0.19818399298278,0.204273494806572
1710,0.226222053763446,0.222955232470055,0.19372332747377,0.224018445940441,0.249931062191439,0.245089346190962,0.310721841299889,0.198122213516488,0.204193858254912
1711,0.22615887900724,0.222878972595126,0.193647905883524,0.223956640250562,0.249829549173493,0.244992385365105,0.310345775736693,0.198034591836989,0.204103212790995
1712,0.226092454961985,0.222800100470602,0.193583162369741,0.223924905747959,0.249777408101536,0.244906540265641,0.309988238313679,0.197956940875682,0.203990059235597
1713,0.226011434626456,0.2227452650127,0.193521827008871,0.223895605164527,0.249693839263912,0.244811767876836,0.309669413640259,0.197891488755223,0.203881346109969
1714,0.225947326671868,0.222668584770212,0.193435174318594,0.22385962143351,0.249568164329099,0.244727436394325,0.309336530583987,0.197799069456787,0.203811539728468
1715,0.22587980467612,0.222556646548466,0.193358548530662,0.223794013448922,0.249457184686304,0.244640258535159,0.309014785979018,0.197706582498738,0.203751123239175
1716,0.225831098922299,0.222430601859747,0.193254242984943,0.223708578623439,0.24926317830395,0.244534029933784,0.308766029179797,0.19764827664491,0.203667155719912
1717,0.225747369605921,0.222292543663993,0.193143538804784,0.223634515880923,0.249105613286542,0.244419716959454,0.308512773335247,0.197556673276883,0.20356073924363
1718,0.22564785735379,0.222126860576793,0.193018740101447,0.223554276934116,0.24898713753371,0.244277417377417,0.30829781689795,0.197429273465625,0.203402943620933
1719,0.225545959889841,0.221980706729093,0.192897988282474,0.2234723371194,0.248839922111715,0.244152237634217,0.308070036837473,0.1973177746046,0.203266922244559
1720,0.225409838958727,0.221829579529626,0.192783214016289,0.22341556838579,0.248704988252171,0.244045880849427,0.307835422138003,0.197200805024101,0.203144765205348
1721,0.225279593492353,0.221681269557099,0.192652603249536,0.22332423103831,0.248540572473532,0.243914995238298,0.307599488503173,0.19707887384363,0.20300159855522
1722,0.22516710306111,0.221574265254128,0.192517126017221,0.2232028215292,0.24831257517444,0.24377888342463,0.30736723638892,0.196972742763968,0.202850219316172
1723,0.225032647778122,0.221422690331379,0.192372822610098,0.223081909094172,0.248124875045961,0.243638310251738,0.307122574103006,0.196844957420785,0.202707187659254
1724,0.224872887440525,0.221236451656021,0.192190738451428,0.222938599063688,0.247963641110655,0.24347924628772,0.306864677720583,0.19666587016074,0.202572142820812
1725,0.224720821236036,0.221052969511997,0.192040230117055,0.222799978502531,0.247772008129007,0.243315979443203,0.3066120510756,0.196538490079284,0.202398144568702
1726,0.224570307112426,0.220840273537575,0.191924000234415,0.222664990261276,0.247596643840562,0.243166819531221,0.306374455784048,0.196468198644208,0.202204014264466
1727,0.224407719928604,0.220640898860907,0.191773901337711,0.222523967580758,0.247400005304374,0.242986963550798,0.306102215353645,0.196343028221393,0.202014841605497
1728,0.224228158995832,0.220456418199522,0.191634277755325,0.222375648529922,0.247160582763674,0.242767073793944,0.30580761021346,0.196222465956848,0.201782052019005
1729,0.224066598098809,0.220260775995735,0.191469412687856,0.222230458294837,0.246926457524465,0.242564685997363,0.305518910800905,0.19607855466653,0.201579332918213
1730,0.223923099903035,0.220071439150636,0.191261467095945,0.222091325087598,0.246706175676599,0.242352484788303,0.305173472742716,0.19587540961022,0.201428391442763
1731,0.223742258422389,0.219855654989263,0.191058716757535,0.221938075500211,0.246450640986689,0.24214584795007,0.304894655750035,0.195679810361498,0.201230623390316
1732,0.223555090029736,0.219620787994608,0.190851171775488,0.221784575979202,0.246160674709639,0.24197055770414,0.304686519290896,0.195486201222486,0.20100970208309
1733,0.223370107793872,0.219379211938208,0.190638879819397,0.221613816660136,0.24588377416085,0.241752221370848,0.304428507900096,0.195296834324675,0.2007867096419
1734,0.223155081723775,0.219121810222526,0.1904265886587,0.221415596248657,0.245585285342454,0.24150174113924,0.304202174909462,0.19508405129702,0.20053323262901
1735,0.222942790351482,0.218853776160039,0.190192907436228,0.221232132330125,0.24530682534081,0.241264923359352,0.303916140335518,0.194897516723937,0.200295254256208
1736,0.222738923026588,0.218567024439709,0.189923597763311,0.221059103311682,0.245057355554142,0.241007552933358,0.303578712174554,0.194757418842989,0.200075682375621
1737,0.222531488475679,0.218294583794607,0.189696303798882,0.220860361780077,0.244775978119399,0.240761576234262,0.303226767468635,0.194562497375888,0.199829258105189
1738,0.222318542937579,0.218027054913293,0.189477709155393,0.220643896569017,0.244489436279719,0.240554074520241,0.302847838010713,0.194348944414679,0.199574590632818
1739,0.222090184845924,0.217734960592041,0.189260698530872,0.220446934824016,0.244186632286475,0.240286436925463,0.302447654403906,0.194129165276508,0.199310671031928
1740,0.221871519380062,0.217438168151573,0.18909342311923,0.220259272537572,0.243855744278273,0.239981275341552,0.302031139816707,0.193855743606873,0.199021474198833
1741,0.22162733684095,0.21714130435676,0.188863322943814,0.220031498243017,0.243534567117522,0.239682068302236,0.301568937129148,0.193634369087879,0.198741146984861
1742,0.221343531106593,0.216826017225984,0.188594704059778,0.21978998658051,0.243211651172361,0.239350917741719,0.301082330953159,0.193451995035587,0.198468947241386
1743,0.221076694199565,0.216512278944909,0.188325947985223,0.219557406542663,0.242883517682202,0.239030109226972,0.300539268393288,0.193235403013248,0.198177224077475
1744,0.22080744722317,0.216209750600666,0.188031273358387,0.219294750369393,0.242560421006036,0.238708361557732,0.299949536567266,0.193034996788003,0.19787003748479
1745,0.220542683254057,0.215891226291989,0.187747698806519,0.219041602168111,0.242211920345558,0.238403969039007,0.29932927179726,0.192798230944079,0.197578484087342
1746,0.220286718258959,0.215549353634271,0.187472771017185,0.21882524470666,0.241851899917984,0.238102257010995,0.298637434340744,0.192528468650141,0.197283454020531
1747,0.220014731386937,0.215215172736526,0.187161827776048,0.218574555512191,0.24147926131434,0.237802329335614,0.297981888782373,0.192254260603549,0.196974879571967
1748,0.219730106726663,0.214896010657566,0.186814825278766,0.218272768975653,0.241083722309565,0.237544648192546,0.297310441096034,0.191958091227535,0.196682662131107
1749,0.219453789454298,0.214537083597766,0.186516850825825,0.218017639835609,0.240686284260024,0.237210812457609,0.2966308697885,0.191665417818126,0.196355065395213
1750,0.219178164179002,0.214150167771975,0.186217151229657,0.217781183314114,0.240272248764299,0.236815472758101,0.295972122943644,0.191360567057023,0.195989572739203
1751,0.21889340968791,0.213781808521122,0.185927970375687,0.217532728693802,0.23987440321732,0.236475771523074,0.295265032035323,0.191060542123565,0.195646708632802
1752,0.218620201664102,0.213402002382613,0.185681400542335,0.217302550355257,0.239480541852946,0.236131814679828,0.294519790491159,0.190759007447316,0.195296892192416
1753,0.218325859429786,0.213027109801748,0.185402814754577,0.217051767268617,0.239086898444997,0.235782383697518,0.293790302722259,0.190477318274999,0.19495578204207
1754,0.218000604029892,0.212658229507733,0.18510133237756,0.21678667353536,0.238699047508553,0.235461373238551,0.293019074899365,0.190198383943437,0.194626437079869
1755,0.217690518747847,0.212293531839739,0.184807561528736,0.216518667380363,0.238298719351397,0.235104287739189,0.292332768727865,0.18992835654461,0.194313306039915
1756,0.217385971052701,0.211922457722564,0.184521474295328,0.216247166354776,0.237894153108704,0.234735378518517,0.291660126238481,0.189664214384724,0.193957260110255
1757,0.217112687711664,0.211578809728934,0.184208222777362,0.216024020186772,0.237514569706968,0.234401405076108,0.291012194205922,0.189426463856425,0.193601239013928
1758,0.216848529643915,0.211248663665928,0.183890193656224,0.215773934752108,0.237172021496772,0.234098144641125,0.290412069036119,0.18919291608158,0.193272407057287
1759,0.216575199659248,0.2109059389309,0.183577447594338,0.21548997251342,0.236812738074281,0.233790854847963,0.289839334779936,0.188910455382168,0.192929421942214
1760,0.216314755969154,0.210540664566412,0.183269957127747,0.21525516779922,0.236456176737484,0.233472813473344,0.289274460253489,0.188631807579292,0.192608600749364
1761,0.216019994762884,0.210170485682924,0.182954587073276,0.214999445688255,0.236118546409145,0.233146782451248,0.288736843140757,0.188348051794441,0.192304016360091
1762,0.215728202729049,0.209834787845912,0.182648573927877,0.214719800738299,0.235732187358424,0.232831397918005,0.288252268480085,0.188041205979493,0.19196343275566
1763,0.215458412573382,0.209488397643283,0.182386058668388,0.214483240611976,0.235354439892409,0.232509059502307,0.28773377981524,0.187774262474509,0.191634444908363
1764,0.215183409527363,0.209141131057837,0.182119121481741,0.214224568762254,0.234998270817073,0.232169565242447,0.287226126832182,0.187520155605349,0.191310760960206
1765,0.214924408133075,0.20879884660515,0.18185189428819,0.213967579057318,0.234601931336753,0.231839679648643,0.286782914934479,0.187225292035601,0.190990383549063
1766,0.214642018617348,0.208445658760539,0.181592909419719,0.213759124466415,0.234245279806938,0.231508391994449,0.286360019196669,0.186937037834296,0.190693452393807
1767,0.214335396885481,0.20813246482343,0.181310397586609,0.213528826985727,0.233893079822614,0.23117483217197,0.286019249106608,0.186681636655665,0.190373229447695
1768,0.214069748013732,0.207846729279088,0.181056203907668,0.213300542464487,0.233514817708493,0.230874633297302,0.285721012271752,0.186441880387971,0.190053836670114
1769,0.21382441087991,0.207574303816794,0.18082051637523,0.213073296933381,0.233205837472331,0.230609799888706,0.285427173718341,0.186245356304576,0.189783731612465
1770,0.213583251175122,0.207299657437417,0.180589038332796,0.212827645638287,0.23291307853452,0.230349443796281,0.285144613590852,0.186045781721356,0.189519690464092
1771,0.213394499510374,0.20696533705086,0.180359125293974,0.212685610501795,0.232711133062223,0.230114664636098,0.284842604474216,0.185827639254947,0.189303014825956
1772,0.21319271470857,0.206674965288033,0.180121318721154,0.212486145289579,0.232469271610112,0.229870369285263,0.284588990131155,0.185627201193175,0.189060869698098
1773,0.213002498714045,0.206385874865596,0.179882500749419,0.212244848932911,0.232199129149322,0.229598095296675,0.284378472508482,0.185415085465022,0.188754838422671
1774,0.212818139532757,0.206132825614425,0.179655857644563,0.212058370117448,0.231955405535931,0.229369564097306,0.284172346353907,0.185231524420784,0.188520875563916
1775,0.212624234884858,0.205924021022418,0.179406196299288,0.211840866923374,0.231689848640144,0.229150823899487,0.284003486583675,0.185071795738482,0.188334605141415
1776,0.212458203605105,0.205732306064225,0.179207844291416,0.21169298397384,0.231470666100772,0.228968838477877,0.283825550294549,0.184924755911424,0.188132331140721
1777,0.212301976148444,0.205562017919328,0.179042395574907,0.211644630117216,0.231300328675318,0.228852455395287,0.283647261690113,0.184801448334261,0.187967482480225
1778,0.212150330249164,0.20539556415506,0.178883026153059,0.21154122153125,0.231119690097688,0.228701079440563,0.283464118438691,0.184677347809138,0.187800501833572
1779,0.212032596918489,0.20527018034746,0.178764701953033,0.21142891943254,0.230952327162941,0.228554141302913,0.283267296312457,0.184552265427551,0.187596906628921
1780,0.211904127515233,0.205110575653984,0.178652297474591,0.211341332347825,0.230794958008154,0.228399793992035,0.283108778547585,0.184456952435523,0.187437906094014
1781,0.211756005995886,0.204903389044769,0.178536120463948,0.211258168610702,0.23064559593598,0.228209215111759,0.282939702680707,0.184382176436383,0.187327366492816
1782,0.211656255715938,0.204776342879601,0.178456059274954,0.21119048791732,0.230512267810677,0.228066813599198,0.282847025324185,0.184318044685832,0.187203269308497
1783,0.211570884541344,0.204683731128484,0.178421510229585,0.211146774687867,0.230393441632519,0.227951907095317,0.28282677727978,0.184294579478601,0.187082216521105
1784,0.211499026671558,0.204593404823312,0.17834978654087,0.211099298361391,0.230293357982156,0.227854157464365,0.282801535400014,0.184237207476484,0.186991029354537
1785,0.211468671938935,0.204559325450068,0.178274380038773,0.21103754257137,0.230193901199191,0.22777495095677,0.28281479384087,0.184162002806895,0.186912618211522
1786,0.211420111795153,0.204506578677551,0.178208404851772,0.210997754912371,0.230139248562882,0.22772207602808,0.282820745234142,0.184091751695501,0.186841261718015
1787,0.211370557361576,0.204413137447002,0.178114745545564,0.210979185033566,0.230120950379447,0.227693821049864,0.282824672590394,0.183999697965888,0.186796841016736
1788,0.211341154061311,0.204368660290955,0.178074489361511,0.210959359676043,0.230101957749316,0.227674560641573,0.28284275288207,0.183963549353942,0.186757886895348
1789,0.211310918931958,0.20437593599779,0.178080375774072,0.210948985455097,0.230128833469675,0.227691924795971,0.282889375344503,0.183949496822945,0.186710724414789
1790,0.211324983208646,0.204355337071767,0.178063940669637,0.210977947272072,0.230092686667628,0.227692948221352,0.282946356748407,0.183961912567266,0.186732504670379
1791,0.211340376742994,0.204366781188286,0.178063468792275,0.211015616021279,0.230084016185655,0.227680837207096,0.282985182001632,0.183999780100384,0.186740690891031
1792,0.211336059925174,0.204385636980279,0.178066477266327,0.211049671420438,0.230144308185559,0.227676408721012,0.283112756005382,0.184035728807958,0.186733774599493
1793,0.211348234728154,0.204383730589814,0.178041947705543,0.211057781443202,0.230147174045783,0.2276778505086,0.283224489427578,0.184089596907679,0.186718933501511
1794,0.211345040599704,0.204415013377807,0.178052246778734,0.211059658942189,0.230198188626722,0.227660417804979,0.283330874321214,0.184127683101641,0.186711022445178
1795,0.211342658137546,0.204450690648774,0.178072784012553,0.211068349239566,0.230293917905998,0.227638912664684,0.28348257153898,0.184137849128822,0.186709234950835
1796,0.211353384603548,0.20447316255553,0.178080940823309,0.211140867907639,0.230333735481901,0.227656768485246,0.283606957025707,0.184177018784975,0.186732233355051
1797,0.211378786833119,0.204508840408079,0.17813690802687,0.211242674522685,0.230375187248148,0.227686735979396,0.283736186367731,0.184224208028927,0.186792995232176
1798,0.211408638398821,0.204539651780908,0.178163486624201,0.211325186981511,0.230442574373123,0.227752064723785,0.283910183506278,0.184261984096335,0.186855498479416
1799,0.211432076062405,0.20458690753948,0.178188719397032,0.211418282723444,0.230485117248347,0.227851621222916,0.284099599888744,0.184320077849868,0.186919334610487
1800,0.211500256898873,0.204668813665478,0.178252432819064,0.211517843852222,0.230505466595459,0.227928712288037,0.284286549376505,0.184372059533818,0.186965353126581
1801,0.211500256898873,0.204668813665478,0.178252432819064,0.211517843852222,0.230505466595459,0.227928712288037,0.284286549376505,0.184372059533818,0.186965353126581
1802,0.211591375295282,0.204750136016012,0.178376172440525,0.211590558355168,0.230609615207135,0.228007695572321,0.284539465669468,0.184484220083168,0.186987802766845
1803,0.211661925298365,0.2048530414081,0.178612468081384,0.211708284297733,0.230748522701654,0.22806228308758,0.284780560196951,0.18462353080914,0.187013740455857
1804,0.21176554149268,0.204948195662461,0.178708563383108,0.211791905750188,0.23090536825173,0.228058585611446,0.285176325460962,0.1848149944799,0.187098496620348
1805,0.211901307130185,0.204980189698396,0.178755134952313,0.211827087130946,0.231097535694407,0.228217781371101,0.285558000428393,0.184936899447536,0.187208150680705
1806,0.212059331376848,0.20509397791334,0.178834927538219,0.211951224103213,0.23125597127439,0.228428685882476,0.285857963524089,0.185061537114642,0.187330112185465
1807,0.212213148861269,0.20520575188789,0.178908027219877,0.212110518037796,0.231218693403931,0.228533030342098,0.28612256945832,0.185287951524794,0.18740772972306
1808,0.212252199262923,0.205222591849423,0.179006608765219,0.212173964743695,0.23117513716948,0.22866690625599,0.286350913718747,0.185338586103029,0.187456015555686
1809,0.212219281806415,0.205306597671711,0.179093640937009,0.212185693350073,0.231230519890506,0.228780548883788,0.286576028121702,0.185317769410899,0.187495006529409
1810,0.212318506487641,0.205434917481956,0.179149981145874,0.212155844477986,0.231251321395439,0.228840913954466,0.286815863561438,0.185471523810905,0.187540100071389
1811,0.212408174851437,0.205501197335165,0.179196002948664,0.212183336805419,0.231259039745362,0.228887836334441,0.287033074413898,0.185579722219527,0.187574636841615
1812,0.212483739447198,0.20551230502384,0.179182699526226,0.212170880469375,0.231274774970196,0.228937368098936,0.287304684484187,0.185619405667719,0.187636779056227
1813,0.212471588444707,0.205503680229303,0.17914764436875,0.212174216916273,0.231395055742861,0.228958977483852,0.28755151087998,0.185660364435256,0.187701742266977
1814,0.212546421277992,0.205530812677467,0.179196550096967,0.212143202545185,0.231425323388352,0.228982172251273,0.287739799402914,0.185799904287659,0.187683411210061
1815,0.212656670497215,0.205539850158523,0.179274700981661,0.212196206151348,0.231374947180412,0.229075326499221,0.287906160215031,0.185818709334801,0.187624206840498
1816,0.212635369325625,0.205529691724725,0.179274701533679,0.212232322775258,0.231406724200263,0.229170264242756,0.288044870719042,0.185718542162017,0.187618883689777
1817,0.212553567500133,0.205558849947434,0.179237612675899,0.212154318018894,0.231422684686629,0.229180498346542,0.28818472824422,0.185680634112703,0.187633711116302
1818,0.21254826183483,0.205568053212641,0.179232735617554,0.212145924522353,0.23134124436025,0.229115262842893,0.288267822605834,0.185713800778293,0.187578303447794
1819,0.212585127275667,0.205500562241195,0.179210464092377,0.212193612780135,0.231245883509161,0.228947483206169,0.288295220298318,0.185742576238399,0.187506750687075
1820,0.212599108929453,0.205439600010865,0.179172603102559,0.212157378382077,0.231239013757057,0.228865510237166,0.288437625066601,0.185781048016726,0.18750690350173
1821,0.212547353910819,0.205403247850045,0.179150201930457,0.212079436478768,0.231175558740367,0.228821403228524,0.288531486923623,0.185765650312311,0.187476931246532
1822,0.212517094700824,0.205385573016829,0.179160227820188,0.211960734237162,0.231121688740187,0.228856711247476,0.288643347319785,0.18572987594347,0.187428067486859
1823,0.212467900635782,0.205334047442936,0.179107636553349,0.211895945730852,0.231023724303937,0.228804346263446,0.288660530823076,0.185675907153631,0.187417125287281
1824,0.2123892215268,0.20522070224056,0.179009295202042,0.211828715240426,0.230954604607062,0.228710026949414,0.288677799495189,0.185648082180064,0.187416915262693
1825,0.21227483636463,0.205092271644258,0.178928520092962,0.21169132665159,0.230770220502549,0.228633570859721,0.288640760540291,0.185601730375793,0.187299612782592
1826,0.212194892227302,0.204968136470467,0.178829891023791,0.211535826851793,0.230528379661481,0.228538271803504,0.288581515449745,0.185519535038771,0.187174668216986
1827,0.212114769592705,0.204844185486442,0.178705146132201,0.211381317648114,0.230372284742321,0.228349240462105,0.2885177031545,0.185402593361493,0.187067028205595
1828,0.211942758326395,0.20474522590233,0.178562507684111,0.211204232360689,0.230219667413177,0.228211976472086,0.288467822409615,0.185299440879222,0.186925548552154
1829,0.211775466306717,0.204630336638493,0.17845144449864,0.211051747457292,0.230005217039755,0.228184376679652,0.288380102168234,0.185139681072134,0.18677877487889
1830,0.211587596293432,0.204472959502126,0.178312927037722,0.210866645296092,0.229736037433015,0.228028036886362,0.288219601675551,0.184974345116996,0.186622504244305
1831,0.211415562096004,0.204261223713078,0.178188695819356,0.210712600562475,0.229422328415893,0.22778299834918,0.287996256079602,0.184825530724116,0.186451508179291
1832,0.211204942145116,0.203999331919757,0.177948452787846,0.21051683371335,0.229110320495089,0.22749798551727,0.287740884747486,0.184701524055944,0.18628716841333
1833,0.210994393150272,0.20374242118186,0.177666293452682,0.210275501779943,0.228798157445253,0.227298547727644,0.287500174359052,0.184507038769701,0.186075218293828
1834,0.210789531894416,0.20351312619211,0.177404851607909,0.210017971418638,0.228459085837571,0.227002488762177,0.287250092380408,0.184292742044845,0.185763002060282
1835,0.210541125366871,0.203229624435023,0.177104182072091,0.209780279859038,0.228096415528135,0.22662897061786,0.286912442652082,0.184062884714087,0.185435862739586
1836,0.210265032348371,0.202879311773394,0.176828376377474,0.209557657335122,0.227708409393162,0.226359118146035,0.286571712772682,0.183807113712569,0.185104647042139
1837,0.209910303412779,0.202443392070989,0.176544883238466,0.209255201296702,0.227236245959397,0.226053119897884,0.286182418392319,0.183499260187912,0.184743550532501
1838,0.209501046625234,0.20195683176651,0.176234636181958,0.208902205903121,0.226746525710817,0.225598600216188,0.285664423284897,0.183170558762191,0.184349100714633
1839,0.209157420058238,0.201530049840348,0.175924618380723,0.20854074030633,0.226256889575098,0.225176270604149,0.285124582261436,0.182816548641936,0.183972933789149
1840,0.208894946488112,0.201175719458107,0.175623817171065,0.2081451847495,0.225823000850163,0.224820977343536,0.284630046652302,0.182445650086567,0.183665462970191
1841,0.208513700903824,0.200658375603936,0.175219207332081,0.207703558545494,0.225271173463002,0.224331573406788,0.283985326242554,0.182071410849596,0.18321023014876
1842,0.208122235923873,0.200101833697439,0.174786959191852,0.207236934236704,0.224664296676631,0.223747974358786,0.283237842364106,0.181725269358023,0.182705635268526
1843,0.207726137255726,0.199535764660676,0.17431842655268,0.206757233996134,0.224024843174167,0.223152256487653,0.28239662625158,0.181234845026282,0.18212782306832
1844,0.207190134778354,0.19888684646525,0.17377731908815,0.206247062315775,0.223358180909633,0.222617802150143,0.281545368502058,0.18071607790384,0.181527370799784
1845,0.206553791346405,0.19815402548068,0.173250030844501,0.205715367939181,0.222599984227401,0.221961386767605,0.280582654775823,0.180222336104739,0.1808814265487
1846,0.206006861477879,0.197416515272477,0.172723413761236,0.205187518625586,0.221792600322588,0.221204945518678,0.279544862283339,0.17967525680161,0.180229180519409
1847,0.205417891469032,0.196651585776068,0.172087383270147,0.204592255521785,0.220937841774171,0.220437962400246,0.278410965090774,0.179069178238505,0.179519130166747
1848,0.204700115504148,0.195773016294097,0.171402864728358,0.203890937174563,0.219962465949461,0.219623426855722,0.277127745027396,0.178385165207883,0.178717739613169
1849,0.203885166920726,0.194727389312289,0.170648317676264,0.203088992136825,0.218842356802472,0.218709244166628,0.275674251129706,0.177674205126408,0.177808159346742
1850,0.203057549334039,0.193700919419475,0.169813259978267,0.202236904619236,0.217705017676935,0.217719463639021,0.274179402936414,0.17689642273189,0.176872977003971
1851,0.202168704254923,0.192672627427789,0.168870427251659,0.201320348297579,0.216548825487747,0.216736370828025,0.272605731154975,0.176040702184287,0.175859311020836
1852,0.20119084666017,0.191562041459729,0.167984035325517,0.200298024351823,0.215236061859173,0.215650761368578,0.27091082445457,0.175079740557083,0.174838598833679
1853,0.20018726438055,0.190287462619528,0.167069390696897,0.199263407620194,0.21382498931105,0.214379790411609,0.269095093549663,0.174139654999249,0.173817709378847
1854,0.19914534046135,0.188934685642525,0.165995671637397,0.198199504254995,0.21239447303361,0.213064083222736,0.26712826545314,0.173131211427605,0.172626011314358
1855,0.198027325225876,0.187530864116759,0.164849626261038,0.197028423255939,0.210843356136623,0.211751728820176,0.265001170555862,0.171971281684689,0.171270795282715
1856,0.196813009957518,0.185978518331849,0.163658461030219,0.195780611607758,0.209139091751162,0.210318487335583,0.262719861544614,0.170774399094202,0.169939300552786
1857,0.195499475636251,0.184320291939194,0.162387455272586,0.194448433094665,0.207343285892365,0.208759876452792,0.260261049229423,0.16949966405281,0.168494941857393
1858,0.194112709216806,0.182594441745639,0.161013114904058,0.193041380109353,0.205428707826339,0.207125013285973,0.257666907955067,0.168193187296655,0.166985177377863
1859,0.192640105438894,0.18075565590769,0.159544728959236,0.191495144400983,0.203460487371917,0.205342184270433,0.254915157424833,0.166720240273339,0.165300452469825
1860,0.191090090324962,0.178790740429109,0.158041450187647,0.189864322094276,0.201455317996231,0.203380372645249,0.252007744175581,0.165093898431827,0.163456813171628
1861,0.18939319748118,0.176708275112426,0.156409294524735,0.188124913936348,0.199238238791427,0.201382242182719,0.248876017481528,0.163455224321483,0.161597986572846
1862,0.187585377362765,0.17451873249655,0.154607541749288,0.186260137647985,0.196906207893908,0.199346846893599,0.245582740010765,0.161755320846133,0.159660144645637
1863,0.185689729691819,0.172252745494656,0.15277874036814,0.1842737857463,0.194450907308993,0.197129275429079,0.242073455173661,0.159950128878577,0.15760220145508
1864,0.183706741236277,0.169905629676966,0.150937205819785,0.182223957218197,0.191810412654561,0.194716722459008,0.238415432371979,0.157992185879404,0.155392966291521
1865,0.181561606547385,0.167366051535823,0.148948090670307,0.180063722379228,0.189003039368529,0.192197741422462,0.23458921023672,0.155949079989373,0.153142013382287
1866,0.179296346457961,0.164695093154225,0.146854507434032,0.177788716402222,0.186098521719201,0.189606013216148,0.230569643454222,0.153816570643117,0.150764571483542
1867,0.176912852327365,0.161906074441519,0.14467587277203,0.175422493794773,0.183105422845623,0.186879800201961,0.226435839037844,0.151536096609164,0.148185041107078
1868,0.174466682058758,0.159041265482614,0.142382551307389,0.172913782698942,0.179969830275278,0.18402750053055,0.222084519193261,0.149149548983342,0.145554254632601
1869,0.171898662066747,0.155993783515521,0.139917006358886,0.17024203087676,0.17663413032205,0.181106151414692,0.21744181854036,0.146666349624759,0.142895848679329
1870,0.169223756793726,0.152894889998131,0.137455343396594,0.167515912500854,0.173263116387721,0.178049756472543,0.212724752624479,0.144143676227346,0.14010323941262
1871,0.166468073170141,0.149760932643743,0.134956928281172,0.164699703391446,0.169808218560298,0.174821950066252,0.20788548065055,0.141529173458915,0.137148210981061
1872,0.163613344785244,0.146515644610008,0.132337274996611,0.161770830861584,0.166265113439727,0.171475063401376,0.202888231424598,0.138774564792817,0.134132712874643
1873,0.160693958331545,0.143102143810413,0.129651168724296,0.158693135395797,0.162623405841935,0.168167196010362,0.197710815711536,0.135975522704633,0.131087084710395
1874,0.157694229177317,0.139641395399744,0.12692968493096,0.155590776906339,0.158938673759549,0.164791928247151,0.192444156148728,0.133152487296931,0.127942864026585
1875,0.154633405355725,0.136092623097001,0.124125818424056,0.152416735256474,0.155166997172968,0.1612161014564,0.187082854483627,0.13024353892413,0.124721853095417
1876,0.1515627355234,0.13254015780496,0.121281997274052,0.149116781855128,0.151286315724206,0.157606049677647,0.181637629788069,0.127246415981215,0.121483408953657
1877,0.148452309192581,0.129030052571672,0.118421646873026,0.14583256920992,0.147404071600572,0.153999343973611,0.176186843213693,0.124207636256192,0.11823299180982
1878,0.145238710570737,0.125540950815562,0.11548752032217,0.142534730495419,0.143410816417982,0.150260576967142,0.170670395075928,0.121084948288091,0.114905646485732
1879,0.142024751586434,0.121968843515943,0.112615517219436,0.139180634974182,0.139470368164956,0.146568859196402,0.16513314741046,0.118031467133456,0.111640609645991
1880,0.138749870271693,0.118311995914296,0.10972039054378,0.135715367230246,0.135497705231364,0.142927586545823,0.159492116302451,0.114911241125924,0.108386762725225
1881,0.135531532727219,0.114760378087206,0.10683623188282,0.132316474533374,0.13155420110837,0.139226681720838,0.153925954283987,0.111814885763763,0.105112414334541
1882,0.132253813421263,0.111144020480365,0.103908968944445,0.128890563633514,0.127560599934558,0.135384600036759,0.148260850954103,0.108719418174318,0.101768143909455
1883,0.129039005919514,0.107588863024023,0.101094291177092,0.125474949358764,0.123621322841445,0.131633715500724,0.142709423824853,0.105682373563608,0.0985370671909749
1884,0.125849493224342,0.104149738996766,0.0983319239023506,0.122069438935853,0.119778175335208,0.128000353469184,0.137319063072153,0.102697586066983,0.0953476991407825
1885,0.122682166387543,0.100818823590746,0.0955982611514668,0.118659384373534,0.115975758229204,0.124380354595535,0.131966415903798,0.0997443557554761,0.0921824803854632
1886,0.119572665800418,0.0975656893430268,0.0929121845980619,0.115329743198042,0.112265110908677,0.120845755052748,0.126749375450344,0.0967902259301241,0.0891458954381633
1887,0.116414015229247,0.094321638449649,0.0902572430206343,0.111958636066024,0.108626203352772,0.117388988337506,0.121608836801793,0.0938425510866917,0.086203920169193
1888,0.113428896384755,0.0912473552687843,0.0877492834433795,0.108751876001252,0.105080609385405,0.113998964743144,0.116666908610817,0.0910588566675181,0.0833725321562309
1889,0.11051693192371,0.0882840748386964,0.085286197941999,0.1055911627456,0.101524235155623,0.11055544525177,0.111765732597881,0.0882448852376333,0.0805739407375033
1890,0.107730406990747,0.0854635144243287,0.0829257079095841,0.102614878967183,0.0982038570427189,0.10737552420728,0.107146146799306,0.0856095501998173,0.0779618024025025
1891,0.105035832928026,0.082715271468787,0.080676411641379,0.0997860632206964,0.0949918519421139,0.104340206046643,0.102728075435448,0.0831457868065303,0.0755036829021636
1892,0.102454361670766,0.0801661422677269,0.0785578232732182,0.0970267557380561,0.0919579653395596,0.101444816632817,0.0985047367060397,0.0808006191114137,0.0731594376780612
1893,0.0999534027411904,0.077811477428611,0.0765220866049281,0.0943801346798588,0.0890964515815854,0.0987280520092431,0.0944303529618289,0.0785338596221298,0.0709325679569369
1894,0.0976459827602226,0.0755766969286576,0.0745595242194415,0.0918469886284625,0.0864151617370763,0.0961376488991373,0.0906744477740756,0.0764038522226459,0.0688471977229566
1895,0.0954079260862205,0.0734453173869194,0.0728001503979017,0.08948375426208,0.0838905424839413,0.0937128528656375,0.0871494432586899,0.0744567291305936,0.0669394633280958
1896,0.0932598422579628,0.0714812736484944,0.071202629763974,0.0872218561479228,0.0815199285049488,0.0913652225535553,0.0838048507183998,0.0726153008262557,0.0651512198294901
1897,0.0913171083131387,0.0696386700023174,0.0696432462363231,0.0851085042981159,0.0792999381693414,0.0891608470944892,0.0806695135172458,0.0708661875573362,0.0634583011659523
1898,0.089576801797329,0.0678952274838358,0.0681499925397962,0.0831929626937193,0.0772616497813046,0.0870970727344018,0.0777831729776516,0.0691892293731496,0.0618987734898781
1899,0.0878673913253475,0.0663372028849264,0.0667920759119274,0.0813888932862777,0.0753562391151395,0.0851937331925915,0.0750728276429069,0.0676791709178797,0.0604638556644196
1900,0.0862747650528354,0.0649848028014377,0.0655531065960742,0.0796935372877642,0.0736407590463086,0.0834269904271075,0.0725690650888622,0.0663358445068927,0.0591413341673744
1901,0.0848464843877693,0.0637092322488378,0.0644098677318125,0.0781381153935178,0.0720057202337469,0.0817948129497519,0.0702567891354222,0.0650637657605714,0.0579394712606187
1902,0.0835571839393846,0.0626298426544541,0.0634277130038145,0.0767907971920341,0.0705010163001019,0.0803734302870532,0.0682422273620139,0.0639315328273105,0.0569216030473531
1903,0.0823245844546513,0.061571534245672,0.0624732669972238,0.0755106519822059,0.0691307249098125,0.0790209545666737,0.0662920539535209,0.0628795337863152,0.0559475882589605
1904,0.0812332724093594,0.0605882748615877,0.0616021225445607,0.0743685810647097,0.067922294407328,0.0777659140318503,0.064486947440673,0.0619200145899771,0.0550501608525812
1905,0.0802675788264349,0.0597061064105616,0.0607827566990066,0.0732748281661382,0.0667726172355084,0.0766418582860867,0.0628267751264084,0.0610621957478458,0.0542839949977266
1906,0.0793741887828658,0.0589140572207356,0.0600632492705004,0.0722565209265927,0.0657079865683368,0.0756364416305658,0.0613421354306407,0.060259930556168,0.0535513653482863
1907,0.0785323327060902,0.0582050381072959,0.0594391694280508,0.0713147048108312,0.0647658388587718,0.0747698566582355,0.0600240067359593,0.0595598688544639,0.0528950937353618
1908,0.0777834451248294,0.057570221835574,0.0588283594987371,0.0704933638334901,0.0639283541061711,0.073955943801048,0.058796129096703,0.0589203103156375,0.0523161299995085
1909,0.0771709951358051,0.0570950899163898,0.0582772905865526,0.0697628090205056,0.0631884668652241,0.0732821637453384,0.0577784140842319,0.0583635864489896,0.0518328748083119
1910,0.07660359199235,0.0565581730763959,0.0578073615698458,0.0691112011553912,0.062488730450343,0.0726294365687923,0.05677114350483,0.0578327453499178,0.0513559842679558
1911,0.0761335607382473,0.0559885560293983,0.0574104959562111,0.0686346707109259,0.0619404256171645,0.0720307149488197,0.0558422998906775,0.0573800387487147,0.050947148503764
1912,0.0756518885204768,0.0555653474272886,0.0570189808970645,0.0681237805570275,0.0613878596170531,0.0715039133962216,0.0549794189119303,0.0569646618398352,0.0505750724041331
1913,0.0752073478631278,0.0552550685145003,0.0566852888843124,0.0676278484985294,0.0608024478086029,0.0710644721744805,0.0541755527998712,0.0565682937056897,0.0502556700866627
1914,0.0748409173501761,0.0549028592254264,0.0564045748100009,0.0671888582172421,0.0603401463662142,0.0706534293301097,0.0534803236814241,0.0562307091273757,0.0499283057112515
1915,0.0745213593152531,0.0546167797330287,0.0561579443464568,0.0667678579049116,0.0600347738437337,0.0703243966169242,0.0529063803031066,0.0559658602421721,0.0495791628806143
1916,0.0742054276412278,0.0543743792408018,0.0559380302167273,0.0664441303075899,0.0597017721457371,0.0700089296696816,0.0523555091823456,0.0557600358357359,0.0493728221467779
1917,0.0739285094000562,0.0541087598533091,0.0557139150114048,0.0661312439976838,0.0593465924503104,0.0696967519369314,0.0518429622779712,0.0555411316425631,0.0491391545593087
1918,0.073735103850545,0.0537435775809917,0.0555570998682015,0.0658643650743485,0.058995405500786,0.0693841420711217,0.0514157436106979,0.0553516903980968,0.0488784437055449
1919,0.0735504617125304,0.0535379000413336,0.0553922084780121,0.0656353024063574,0.0587277245597926,0.0691507049872427,0.0510182711285131,0.0551713941413587,0.0487112116697045
1920,0.073367007532522,0.0534695700074552,0.0551897871788263,0.0654639830203144,0.0584605334507941,0.0689550785874485,0.0506409204036307,0.0550128956111294,0.048658212420614
1921,0.0732031618356662,0.0533224969107497,0.0550278422898473,0.0652818896658712,0.0582289977961528,0.0687764514009403,0.0502970445405455,0.0548531868565444,0.0485379026407063
1922,0.0731171500348121,0.0531564210236636,0.0549022443142044,0.0651255802213818,0.0581011002874883,0.0686455187406128,0.050038813164215,0.0546706235380358,0.0484134940744822
1923,0.0730079209860097,0.0530673305101418,0.0548083129043468,0.064999526331123,0.057946873974858,0.0685494705400652,0.0497732907379341,0.0545575932313523,0.0483278184824989
1924,0.0728238287231202,0.0530466510713664,0.0547256971746773,0.0648891472412917,0.057738002321567,0.068488200435251,0.0494584087788426,0.0545134548034035,0.0482455192085016
1925,0.0727390309120654,0.0529550843217124,0.0546661040908364,0.0647853291751161,0.0576021365983299,0.0684283635928304,0.0492538028395365,0.0544243292001727,0.0481626345944968
1926,0.0727429325582634,0.052832550563227,0.0546720466546613,0.0646770473491691,0.0574980935661699,0.0684389504924297,0.0491966114842685,0.0542915990661919,0.0480602796281687
1927,0.0727227063285372,0.0528085030043296,0.0546813224276287,0.0646485318027061,0.0574819699621022,0.0684253778985394,0.0490302297652928,0.0542766922335377,0.0480604972811984
1928,0.0727217416801059,0.0527611205096502,0.0546542327234745,0.064628288076268,0.0574462335357344,0.0683919288532615,0.0489267282172918,0.0542683087423309,0.0480557221896273
1929,0.072774620581565,0.0526540864256561,0.0545731962325323,0.0646266433330645,0.0574370673258523,0.068271241089129,0.048876321327883,0.0542600358366578,0.0480705366558766
1930,0.0728093074104333,0.0526009568534712,0.0545837901052943,0.0646289994656723,0.0574391454779403,0.0683126253691287,0.0488390459844512,0.0542594219245178,0.0480634504043494
1931,0.0728132263669671,0.0526077597505768,0.0546408029316168,0.064682542935755,0.0574513545766467,0.0684663089345757,0.048769373959853,0.05433552488943,0.0480746601062917
1932,0.0728641701326793,0.0526196149103558,0.0546607399267219,0.0647130338337474,0.0574914230825186,0.0685152352863243,0.0487837768639525,0.0543794325894756,0.0481105071516658
1933,0.0729636988883586,0.0526027936458066,0.0547042593109476,0.064696499752112,0.0575717927531994,0.0685656580999128,0.0489062508797657,0.0543608590177516,0.0481109688199486
1934,0.0730440584018247,0.0526390810800126,0.0547568110970728,0.0647471100464314,0.0576395784685219,0.0686708209127665,0.0489720602198443,0.054402201106399,0.0481651768411292
1935,0.0730779720838213,0.052734304347797,0.0547431997152612,0.0648409298359546,0.0576697191453692,0.0687255961246615,0.0489953364977306,0.0545118048140347,0.0483259739926494
1936,0.0732013545993461,0.0528452971337397,0.0548061498977732,0.0649377346581787,0.0577863210954754,0.0688180438875014,0.0491119224954788,0.0545945679335464,0.0484213292584601
1937,0.0733645361079079,0.0529770542494776,0.0549124521494975,0.0650536553084088,0.0579424242348389,0.0689509149932986,0.0492652296421605,0.0546777384442328,0.0485017351454357
1938,0.0735916587051142,0.0531328152797995,0.0551107762697359,0.0652050442935108,0.0581451110390818,0.0692016057918142,0.0494423041229834,0.0547333839513762,0.0485500599983515
1939,0.0737239540834574,0.0532722935269658,0.0552232610330275,0.0653470065729246,0.0583036701693287,0.0693773587056429,0.0496093556682867,0.0548827522899527,0.0486542689776409
1940,0.0738323430254313,0.0534351485743693,0.0553236038982543,0.0654907240993203,0.0585153336903549,0.0695034247502076,0.0498305830261263,0.055103371005643,0.0487488913938362
1941,0.0740431570855321,0.0535935178364789,0.055450271562271,0.0656520783527447,0.0586922759643216,0.0696817645494092,0.0500531015160739,0.0552372123612969,0.0488776459772909
1942,0.074250274116686,0.0537199218580697,0.0555504165197435,0.0657954236083147,0.0587832439712509,0.0698876123609524,0.0502169092527333,0.0553537514545145,0.0490712602911462
1943,0.0744509179656589,0.05389360860335,0.0556845891877768,0.0660108154981632,0.05896654262361,0.0701126523407807,0.0504807414248996,0.0555398895787991,0.0492245556195408
1944,0.0747736210922249,0.0541265228846726,0.0558559408317425,0.066319362339288,0.0592234942963969,0.0703714778793654,0.0508792998160896,0.0557152657640948,0.0493331104922018
1945,0.07502850539725,0.0543167932150641,0.0560326816410277,0.0665462055141779,0.0594498559956229,0.0706043895030074,0.0511889847817936,0.0558865629768474,0.0495078059557677
1946,0.0751504204842016,0.0544908478065652,0.0562151767228629,0.0667604560622648,0.0596650057145239,0.0708324312896347,0.0514319481053957,0.056162204234876,0.0497302956230777
1947,0.0753653592366758,0.0546849714221132,0.0564032082117942,0.0670037089432243,0.0599217480156783,0.0710905492019545,0.051772779912161,0.0563740775261561,0.0499273669290886
1948,0.0756180079862731,0.0548811312957388,0.0566028883240422,0.0672420527024039,0.0601968151018042,0.0713567261376719,0.0521447239139828,0.0565520397099781,0.0501319707983524
1949,0.0759476328374642,0.0550445524277604,0.0568311098452528,0.0674211829938191,0.0604877343518632,0.071606834664789,0.05253261858767,0.0565969145115466,0.0503693591526434
1950,0.0762163214604474,0.0552818406084214,0.0570453117341696,0.0676643256538467,0.0607638689565094,0.0718816672423882,0.0528950019107454,0.0568515362140763,0.0505958530178459
1951,0.0764766866950925,0.0555908035902016,0.0572516965933688,0.0679504891783862,0.0610643217890335,0.0721906242068896,0.0533084456925668,0.0572302727986909,0.0507969061329967
1952,0.0767686797592385,0.0558289180380027,0.0574720861472842,0.0682578905234754,0.061362802005571,0.0725024687086907,0.0537173318275005,0.0574835752699446,0.0510259572171684
1953,0.0770563474196958,0.0560535179459612,0.0577085004546556,0.0685846140872928,0.061625092574557,0.0728221034398929,0.0540811508772197,0.057765382900097,0.0512931184593649
1954,0.0773614273757784,0.0563061578735933,0.0579347579659738,0.0689021688855628,0.0619386178131832,0.0731299225818313,0.0544734070795385,0.0580425721411336,0.0515363482569086
1955,0.0777145829606142,0.0565263524468634,0.0581449283585318,0.0692735379408304,0.0622924493057964,0.0734359168163227,0.0549010078551943,0.058212296153994,0.0517457295011643
1956,0.0780396994605722,0.0567828190820592,0.0583854504838584,0.0696108643309943,0.0626481476506363,0.0737749227892109,0.0553562507626675,0.0584683840681197,0.0520019668958426
1957,0.078324911318264,0.0571030576763622,0.058654949397585,0.0698699772227072,0.0630323185699955,0.0741052051871602,0.0558270967287863,0.0588347462357035,0.0522986340533887
1958,0.0786590463444134,0.057394744561454,0.0589015554437966,0.0702093659384454,0.0634035339993868,0.0744572666901658,0.0562760070532883,0.0591502950332917,0.0525695324808767
1959,0.0790455566241221,0.0576819888547526,0.0591551164275928,0.0706078957927489,0.0637900436855709,0.0748524527064717,0.0567390922950451,0.0594638023217678,0.052844977647562
1960,0.0793825389929232,0.0579341563233614,0.0593950418349764,0.0710024071327975,0.0641706239461919,0.0752569439133803,0.0572367379293896,0.0597345294280353,0.0531203638824859
1961,0.0797480463402039,0.0582695390229633,0.0596734114003416,0.0713675534784811,0.0645278865548065,0.0756623330633725,0.0577324680205127,0.0600567455778319,0.0534285826221175
1962,0.0801334633912596,0.0586662549663537,0.0599479978500812,0.0717522841062671,0.0648470701644667,0.0760656052913609,0.0581859368307385,0.0603950079014451,0.0537427352313667
1963,0.0805282912632125,0.0589868487960948,0.0602353649161673,0.0721244575773001,0.0652173610658011,0.076479276039778,0.0586912321304698,0.060729756633398,0.0540434613904267
1964,0.0809359455313491,0.0593106158104518,0.0605658110958306,0.072435526179198,0.0655749621368704,0.0769351363589697,0.0592757016290201,0.0610907706587735,0.0543987484199501
1965,0.0813230950602072,0.0596474227878999,0.0608770190398486,0.0728139786652755,0.0659836962837413,0.0773347014993297,0.0597986830205304,0.0614284613262408,0.054686611770804
1966,0.0816730368173195,0.0599351469892535,0.0611686195826827,0.0732567168274325,0.0664588250102061,0.0776373637925197,0.0602591189729471,0.0617362580841906,0.0548638806576325
1967,0.0821133837809723,0.0602496631484623,0.0614761849252441,0.0736605327293625,0.0669002902676965,0.0780788137158382,0.0607984937652297,0.0620794256916359,0.0551571515690132
1968,0.0826575429972316,0.0606098764419783,0.0618047542778287,0.0740472754568053,0.0673342551857463,0.0786385638641998,0.0613841523489266,0.0624417445159412,0.055478446597317
1969,0.083075351404352,0.0609641871927952,0.0621272126607899,0.0744614856592681,0.0677983554395404,0.0790805407662855,0.061942336424794,0.062797411214017,0.0558221477027374
1970,0.0834399364641925,0.0612645573152116,0.0624759571459668,0.0748723440073001,0.0683024765884398,0.0795065351040636,0.0625071683514978,0.0631569246041449,0.0562967069605521
1971,0.0838818855815419,0.0616280374944767,0.0627782962329389,0.0752983112552866,0.0687632550598146,0.0799827445636761,0.0631050172098305,0.0635307015771786,0.0566751598341945
1972,0.0843210925027336,0.0620260443288787,0.0630605512892408,0.0757411245593339,0.0692157672229113,0.080448512882721,0.0637126537434134,0.063910928427179,0.0570210887675809
1973,0.0846578881818453,0.0625046558184372,0.0632843849568634,0.0762122280615751,0.0696681755805685,0.0808057900271389,0.0643018003889104,0.0642950721483644,0.0573077111130382
1974,0.0851027884991332,0.0628867579988359,0.0636354126715511,0.0766864581078519,0.0701446456208972,0.0812726852521078,0.0649229623718837,0.0646719833959379,0.0576704107223487
1975,0.0857295157516889,0.0632284463809961,0.0640459532542448,0.0771943095179798,0.0705907540636519,0.0818816318229888,0.0656312796316728,0.0650694323033111,0.0580331435911631
1976,0.0861710566255839,0.0636499920269406,0.0643804509206994,0.0776509334579852,0.0710730006695457,0.0823770347406309,0.0662389222848741,0.0654473013543694,0.0583759264247034
1977,0.08645053068272,0.0640768388869984,0.0647362228815616,0.0780865626435381,0.0716277996771066,0.0828040644498911,0.066749076030263,0.0657749190151498,0.0587401253085521
1978,0.0868919203912652,0.0644865090976073,0.0651213258775939,0.0785465717863261,0.0721289746252754,0.0832751624656665,0.0673684268251209,0.0661672410475146,0.0591229097778274
1979,0.0873854118978645,0.0649655858173068,0.0654638631394221,0.0789481087906191,0.0725862487972181,0.0837331867043866,0.0680007154346666,0.0666134022977574,0.059447493967246
1980,0.087837037531448,0.0654070766494401,0.0658100698533138,0.0794199133148148,0.0730760458619515,0.084216600225801,0.0686429153701529,0.0670173563318653,0.0598372387328085
1981,0.0883515128798905,0.0657877357283355,0.0662423164620568,0.0800070199518515,0.0735706307961242,0.0847380950434591,0.0693814999631019,0.0674127043174415,0.0603586697930825
1982,0.0888502130832674,0.0661823984457781,0.0666357881610073,0.0805119408066225,0.07406795695925,0.085241387014138,0.0700697193587621,0.0678356460067172,0.0607895754679247
1983,0.0892698391140292,0.0665713882587891,0.0669444329829392,0.0809960423754341,0.0745369855042167,0.0857346622417436,0.0707341579428383,0.0682425230422344,0.0611789873079926
1984,0.0897374943728861,0.0669928658245874,0.0672668627833769,0.0814551294145273,0.0750817184073492,0.0862518434550529,0.0713653448071457,0.0686592216840536,0.0615708253296412
1985,0.0902234806559236,0.0674388812539978,0.0676567414404245,0.0819755273827516,0.0756359717965463,0.0867706248144595,0.0720284582215125,0.0691084912685907,0.0619630143366254
1986,0.0907794672157834,0.0678926172661608,0.0681413379576368,0.0825005916807555,0.0762345439248656,0.0872664173563818,0.0726817899312904,0.0696337155322886,0.0622953813502144
1987,0.0912699342707682,0.0683346647258671,0.068517794453514,0.0829874726179717,0.0767753896478266,0.0878192284587099,0.0733805272251554,0.0700776124456053,0.0627148441225806
1988,0.0917167832190064,0.0688116863298868,0.068858329773489,0.0834995009137246,0.0773168375376129,0.0884513199929201,0.0741232260504387,0.0704843156681138,0.0632154026178829
1989,0.0922149500428605,0.0692811391370858,0.0692416569144141,0.0840175038233385,0.077869945376933,0.0889941255651837,0.0748240149737704,0.0709230525339753,0.0636413839427372
1990,0.0927317698031703,0.0697142493642899,0.06960289571549,0.0844637188778479,0.0783840631941935,0.089498891202042,0.0755225121775173,0.0713327867974091,0.0640486445043807
1991,0.0932385248386575,0.070177961967367,0.0699708071746197,0.0849720535607249,0.0789281458430183,0.0900495525079695,0.0762424804436422,0.0717793802799204,0.0644884176196108
1992,0.0937699122177154,0.0706822149940187,0.0703710796307304,0.0855744347842619,0.0795265172805384,0.0905660013269546,0.0769690582225053,0.0722913723764539,0.0648960798607841
1993,0.0942871335162841,0.0711782469546202,0.0707735912829787,0.0861299806487201,0.0800955035905957,0.0911075839638716,0.0776721109888332,0.0727497198187518,0.0653276758241515
1994,0.0947771695762071,0.0716639829333912,0.0711723520703247,0.0866654457246426,0.0806581900006281,0.0916925811414732,0.0783984368853469,0.0731679976449682,0.0658005458702121
1995,0.0952809525396097,0.0721636506804623,0.0715242841427177,0.087186597189949,0.0811905185624058,0.0923043184079552,0.0790893778612175,0.0736041415916139,0.0663025743554371
1996,0.0957952407310813,0.0726630831977434,0.0719486576575295,0.0877573627936273,0.0817399994194973,0.0928858380500628,0.0798060962377851,0.0741037144843409,0.0667467939595579
1997,0.0963212792335601,0.0731809077956416,0.0724542073446417,0.0883517688963392,0.0822882571571297,0.0934298998453599,0.0804790202552257,0.0746455200704934,0.0671353983953101
1998,0.0968587380957661,0.0736737274267221,0.0728683365160741,0.08892578521071,0.0828555181509765,0.0940112200989107,0.0812097907095195,0.0751148851178611,0.0676030064749395
1999,0.0974120976156099,0.074148505098381,0.0732318815108975,0.0895363017471488,0.0834176284165411,0.0946318730591184,0.0820280336370713,0.0755941135907431,0.0681010954124353
2000,0.0979507571516513,0.0746477249980844,0.0736721219463621,0.0901004303190322,0.0840085174099646,0.0952151578104884,0.0827450445944793,0.0760931719057364,0.068567065103403
2001,0.0984954218634193,0.075159005514048,0.0741264513742839,0.0906164629089453,0.0846425858238212,0.095797157857422,0.0834004876728298,0.076532646546188,0.0690637023858505
2002,0.0990415486523363,0.0756490732653433,0.0745550324312797,0.0911659718685628,0.0852320267655536,0.0963602937825592,0.0841067837698581,0.0770080747590987,0.0695385911142244
2003,0.0995467823898417,0.076128273876815,0.0750473731465224,0.0917030988735961,0.0858146077013431,0.096859029827767,0.0848067794186085,0.0775982439487731,0.0699485122802795
2004,0.100115476097522,0.0766320257520299,0.0754903853280681,0.0922674625693045,0.0864077602819256,0.0974304149445989,0.0855005403165122,0.0780909356591367,0.0704142915095758
2005,0.100793265140215,0.0771199061919892,0.0758335570348615,0.0928662045708332,0.0869784346724782,0.0980299510755796,0.086216720051837,0.0784489145565147,0.070950888842477
2006,0.101359535096211,0.0776300914196993,0.076241953662812,0.0934472424986778,0.0875649284879536,0.0986337210951017,0.086930782654545,0.0789162749412604,0.071435065754549
2007,0.101897700446277,0.0782018758015795,0.0766853251482925,0.094039974203102,0.0882157973197007,0.099298581765624,0.0876222186945125,0.0794331033544647,0.0719246625087065
2008,0.10241623955043,0.0787290220743613,0.0771114959336275,0.0946302267739899,0.0887759734064617,0.0999386841502075,0.0882982524503258,0.079932939777414,0.0723603456166527
2009,0.10294425534982,0.0792491208583562,0.0775919746996505,0.0951980335724092,0.0893532502492222,0.100561501271692,0.0890335070449563,0.080432636024833,0.0728437344899292
2010,0.103380430772502,0.0797490833417632,0.0781568843566183,0.0957260935989435,0.0898989138603797,0.101171176964337,0.0898465681038121,0.0809967418458897,0.0733082928664319
2011,0.103917140898483,0.0802858091977305,0.0785918122120408,0.0963004561245333,0.0905096000014329,0.101754761283438,0.0905602731772136,0.08149149716359,0.0737905733672758
2012,0.104560197110126,0.08083684705621,0.0789725840408882,0.0968960939618625,0.0911571899581065,0.102292038442345,0.0912485857422692,0.0819170759874189,0.0743253833992251
2013,0.105105745459099,0.0813590452574945,0.0794170296858356,0.0974709909086381,0.0917482343707924,0.102887717531856,0.0919531359261736,0.0823922238242168,0.0748223345461917
2014,0.105598148212422,0.0818741862320987,0.0798193148774212,0.098073632418988,0.0923371696663796,0.103486621346143,0.0926190390591245,0.082882850191738,0.0752770519502523
2015,0.106140160749582,0.0824036743809322,0.0802339995272371,0.0986379288891304,0.0929443246860463,0.104097887041236,0.0932817265357548,0.083365585261559,0.0757626467283906
2016,0.106665932411427,0.0828857511217495,0.080718234765304,0.0991429652833947,0.0935102081616496,0.104772553737687,0.0939668723749362,0.0838229848979909,0.0762581486548321
2017,0.107211991997609,0.0834338406748494,0.0811737904494848,0.099696583326736,0.0941041640784564,0.105394445279032,0.094646733320299,0.0843307595526928,0.0767598091459695
2018,0.10782478950975,0.084105833067203,0.0815509666142095,0.100269805431862,0.0947714453633632,0.105947732370957,0.0952769309656674,0.0849305312326786,0.0772935386310933
2019,0.108394431630777,0.0846734261079736,0.0819861448412552,0.100830295660785,0.0953901210247399,0.106558147303363,0.0959320458877227,0.085430267224109,0.0777953755518855
2020,0.108926942582737,0.085213737966291,0.0824820702366752,0.101392996609076,0.0959710849063254,0.107191094758703,0.0966499577630395,0.0858684428756954,0.0782731056261636
2021,0.109474766008503,0.0857191618936577,0.0829928295499273,0.101967830952143,0.0965365287858319,0.107850860618036,0.0973108253805909,0.0863303378193606,0.0787456479729664
2022,0.110037116630515,0.0862486531993241,0.0834300273987218,0.102557837102565,0.0971454794007397,0.108446687564148,0.0979528271239898,0.0868668947032018,0.0792751323225522
2023,0.11060548592935,0.086706479439437,0.0837963326877043,0.103142434923332,0.0977712746005605,0.109017160302937,0.0985598471511123,0.0874029001717426,0.0798256929152463
2024,0.111155059071335,0.0872290585743628,0.0842723067414264,0.103738115781093,0.0983838128003799,0.109654577886987,0.0992290860080967,0.0879134638596364,0.0803536388387296
2025,0.11170275099958,0.0878222132565947,0.0848067422254077,0.104376755370759,0.0990028947515669,0.110300101518368,0.0999172258520097,0.0885212751066118,0.080941696197668
2026,0.112273218359589,0.0883748350919398,0.0852310218843333,0.104966255434399,0.0996515389907081,0.110902538316272,0.100540800890196,0.0890533160083442,0.0814667640357621
2027,0.11284895516683,0.0888965858801208,0.0856535637688658,0.105532073668137,0.100327784788999,0.111543233466057,0.101178872230632,0.0894629405630583,0.0819153929661621
2028,0.113405397146543,0.0894567776025615,0.0860990853874705,0.106106829260821,0.100961454980437,0.112172608941105,0.101796634299607,0.0899419728835597,0.0824114015210413
2029,0.113996320427054,0.0900597949754017,0.0864259972294185,0.106649137088573,0.101604391286808,0.11272133909444,0.102332092951493,0.0904753475769902,0.0829056224776267
2030,0.114542845299739,0.0906136459544936,0.0868413266203237,0.107233016903986,0.10223793119815,0.113313202800369,0.102915628608466,0.0909903876862732,0.0834281144584623
2031,0.115011667159359,0.0911322510633164,0.0873551687541148,0.107870531623971,0.102832713731949,0.113959488343197,0.103575431784304,0.0914876346511117,0.0839929877459185
2032,0.115524991398585,0.0916960117253167,0.0878853102985292,0.108434946458462,0.103423931826535,0.114601599120041,0.104131390367918,0.0919876032825166,0.0845214724519577
2033,0.116109435301354,0.092256669392557,0.088329861348444,0.109009533217609,0.10406672555845,0.115231767660322,0.104691360894772,0.0925365151117211,0.0850650249318886
2034,0.116687442176654,0.0928136026890352,0.0887458277603701,0.109624106546217,0.104687472733512,0.11584656407794,0.105322051385655,0.0931151054066475,0.0855845685896165
2035,0.117276805983636,0.0933851273061109,0.0892389367129251,0.110188593808556,0.105297319210244,0.116492435892249,0.105888807441073,0.0936308727554404,0.0860966907453175
2036,0.117953640434457,0.094010009356278,0.0897992822056632,0.110685386503421,0.105881130674571,0.117206277836599,0.106436566186309,0.0941126155923155,0.0865645784985224
2037,0.118508474196111,0.0945753987388844,0.0902396896651588,0.111266048074048,0.106495671975081,0.117823212824373,0.10700042778943,0.0946479292164971,0.087094558629739
2038,0.118955676680977,0.0950940744296148,0.0906465088905145,0.11187771089438,0.107128569331913,0.118373575592444,0.107540834407065,0.0951854948631242,0.0876632439793757
2039,0.11951928194445,0.0956591957174029,0.0911124687415707,0.112474841649377,0.107740641049712,0.118993806194241,0.108090486849086,0.0956974971603662,0.0881858870665993
2040,0.120113327149161,0.0962337493860788,0.0915001543633921,0.113131106965692,0.108351521717208,0.119616826814791,0.108666720408606,0.0962537861364029,0.0886845567803612
2041,0.120662070552555,0.0968018649119605,0.0919506756681731,0.113725908446088,0.108965682648236,0.120207181121794,0.109219297190664,0.0967697239250072,0.0892377692987
2042,0.121272345140522,0.0973923015717764,0.0925527338332214,0.114256689661609,0.109571352637566,0.120827323934197,0.109738557429432,0.0971841035616957,0.0898281061431846
2043,0.121826715001404,0.0979664991081896,0.0930384088819923,0.114826078941987,0.110170825590069,0.121433604151563,0.110277214155421,0.0976782383196132,0.0903592603343221
2044,0.122285879369892,0.09852401340548,0.0934384197447127,0.115388045797051,0.110748732007033,0.121958031899234,0.110796899702745,0.0982006337548173,0.0909161659575564
2045,0.122772714266712,0.099089597876704,0.0938568348872287,0.115961513344734,0.111371777135264,0.122551016945251,0.111391224776565,0.0987842909859197,0.0914307815869143
2046,0.123363297883776,0.0996514765313499,0.0943512475670682,0.116575497702733,0.112058390724817,0.123233296590594,0.111939395378843,0.0992930614544529,0.091859995175464
2047,0.123940285205134,0.100211079240628,0.0948044898547752,0.117174698373536,0.112682265573061,0.123851557971844,0.112449257191281,0.0997662413332096,0.0923777958959005
2048,0.12448918415106,0.100753258418352,0.0952522263830673,0.117722633115145,0.113306074667634,0.124445206427749,0.113000545498871,0.100283553800523,0.0929823832824686
2049,0.12504884122493,0.101317983271413,0.0957762910323659,0.118283239502505,0.113987948933742,0.125036582723001,0.113507282933738,0.100787438835154,0.0935477476631804
2050,0.125615143431661,0.101894504269489,0.0962732387220177,0.118847022272683,0.114590202628506,0.125649864377097,0.114031839026163,0.101285500015001,0.0940854480512737
2051,0.126146587746171,0.102489168761976,0.0967605214046692,0.119381101469282,0.115063151165283,0.126256513534293,0.114580843499794,0.101818516564774,0.0946010489637417
2052,0.126709791759017,0.103061825823373,0.0972165648928256,0.119950808035576,0.115682160306155,0.126872248591807,0.115105565805212,0.102333717385683,0.0951423296513515
2053,0.127350605379883,0.103633082026146,0.0976621072010174,0.120575528797688,0.116381455096425,0.127509384588732,0.115604172197735,0.102795893083981,0.0956495182528549
2054,0.127893940881327,0.10422379696285,0.0981383267363705,0.12114931053358,0.11701159116553,0.128139588589783,0.116119501138221,0.103306381616507,0.096200357705227
2055,0.128336956633056,0.104827607489601,0.0985988452281892,0.121670556859021,0.11769199398815,0.128760479902445,0.116610247156704,0.103885677352112,0.0968455400756108
2056,0.128881689562717,0.105407135393476,0.099049884337048,0.122256013789062,0.118330930588277,0.129388099431681,0.11714851033811,0.104406136366873,0.0973915441486199
2057,0.129461486758327,0.105984427301302,0.0995189399185089,0.122864744341205,0.118857528057879,0.130050738254358,0.117768183352501,0.104868955349179,0.0978387806448596
2058,0.130007275552146,0.106564852521681,0.100005447446327,0.123452174446427,0.11946288465444,0.130677193503507,0.118299347155479,0.105384975007614,0.0983734528516508
2059,0.13057794927483,0.107104958011074,0.100476015165028,0.124027919958764,0.120141638446786,0.131285887604289,0.118785644602371,0.105889157756509,0.0989322975135409
2060,0.131163324177849,0.107673844419922,0.100945455514011,0.124713808408547,0.120782514474768,0.131872529090276,0.119284946258325,0.106439489714204,0.0994694095772711
2061,0.13171047246511,0.108322215303007,0.10143913564761,0.12534766778897,0.121348964201956,0.132443267830763,0.119841416963823,0.10699727974443,0.100005363031176
2062,0.132250629714704,0.108977630689828,0.101960973878718,0.125853356717694,0.121949674664278,0.13302338123436,0.120377834989859,0.107603408017894,0.100592837976258
2063,0.132826961642934,0.109571453576346,0.102455045222839,0.126401113779688,0.122558667401033,0.133631949417329,0.120945117280405,0.108135227680047,0.101115945327376
2064,0.133496146667235,0.110147378432994,0.102930053794107,0.126912024348971,0.12311209215827,0.13426824786421,0.121647395713755,0.108595274059966,0.101510105687559
2065,0.134044773493054,0.110731657053457,0.103380778672545,0.127504910129438,0.123738509997544,0.134879749661247,0.122209527604528,0.109105725075507,0.102052770554788
2066,0.134499616317504,0.111258542125834,0.103805179632152,0.128179449564929,0.124451882819476,0.135493552641037,0.122635125256476,0.109613796627467,0.102707521999498
2067,0.135043648847116,0.111839355350463,0.104256880580175,0.128741015708156,0.125100826045975,0.136121633046549,0.123180908677389,0.110122191350059,0.103264895224021
2068,0.135598274812734,0.112492629616686,0.104683784099612,0.129254782301279,0.125705566812587,0.136739612178686,0.123758935821407,0.11067018889696,0.103806135559798
2069,0.136138506241854,0.113076509422313,0.10513872785028,0.1298209150141,0.126373600408829,0.137372627398378,0.124322581117519,0.111190103990909,0.104402180181344
2070,0.136743381774596,0.113575238003811,0.105642629072574,0.130342640693429,0.127133254447332,0.138077039368437,0.124970523599659,0.11166918037631,0.104996996821376
2071,0.137293048275383,0.114180185901361,0.106123634202183,0.130865278621288,0.127771139723907,0.138697855447173,0.125547706025436,0.112173376942866,0.105538891277738
2072,0.137796293609196,0.114837633506755,0.106611420593501,0.131408641006569,0.128378256856145,0.1392785912706,0.126074727818024,0.112696901809138,0.106077960924086
2073,0.138258055040111,0.115483073157335,0.10704932305096,0.132045900738292,0.128951010162478,0.139830336789635,0.126562512697156,0.113190614341119,0.106699496121274
2074,0.138774165631056,0.116069547425471,0.107488700804432,0.132618436802862,0.129527438739548,0.140423728568688,0.127157025516761,0.113660698206289,0.107173348024884
2075,0.139341904362325,0.116639939661313,0.107961804448678,0.133125119539272,0.130115337397375,0.141002228838606,0.127738595265816,0.114178434806121,0.107626430726403
2076,0.139934267647863,0.117244999432478,0.108460066195008,0.133726939487508,0.130782464636794,0.141588033000562,0.128234105221252,0.114712458757196,0.108206364300522
2077,0.140481320342329,0.117839962636991,0.108987599554082,0.134367368672714,0.131470915885055,0.14223952328665,0.12874871787364,0.115213578091256,0.108748160626222
2078,0.141045017970967,0.118425914110305,0.109471551269708,0.134953613650821,0.132077251367304,0.142855052409878,0.129297934756939,0.115748226275083,0.109298221823744
2079,0.141634397887916,0.119119432030912,0.109979843768399,0.135500803489153,0.132550628767749,0.143429471440707,0.129776597741251,0.11636133292193,0.109872513596405
2080,0.142169017686802,0.119720260951557,0.110455339712738,0.136055526699465,0.133164023038673,0.144024254903108,0.13032546801973,0.116884374063521,0.110440032130823
2081,0.142643659260509,0.120171723443947,0.110843138939532,0.136619338366147,0.133853557456246,0.144644408218063,0.131040505696628,0.117354282403875,0.110996971673539
2082,0.143194452207115,0.120754883808634,0.111300722615679,0.13715506844553,0.134494615979948,0.145248278276874,0.131602891744796,0.117851425691178,0.111554093157893
2083,0.143741554859592,0.121453276523307,0.111823311478275,0.137607052883478,0.135182732121029,0.14582413803767,0.132016533283517,0.118282065698179,0.112110936682811
2084,0.144290871730263,0.122058362274414,0.112294654287015,0.138171651198247,0.135829469818216,0.14643757994097,0.132554744422665,0.118794672935056,0.11266628190393
2085,0.144941137435656,0.122604084249843,0.112741778953302,0.138827404806745,0.136369982501399,0.147094954687463,0.133138706317646,0.119405096175886,0.113229602972136
2086,0.145500051274517,0.123215218147806,0.113220686992508,0.13938599656944,0.136978104089389,0.14771049888382,0.133662230638201,0.119943244290326,0.113782451059476
2087,0.145990209712804,0.123832039440728,0.113708985119814,0.139890815594945,0.137604262935279,0.148323961404665,0.13414060191399,0.12049899089419,0.114337386262354
2088,0.146466200510388,0.12446718069971,0.114162105204027,0.140552091979083,0.138317337032053,0.148926630190435,0.134804777845986,0.121014873665253,0.114873066047322
2089,0.14697430254496,0.125035600280746,0.114628417017124,0.14111973709894,0.138934262134483,0.149466155408991,0.135374491848865,0.121464064671577,0.115423931833412
2090,0.147562781044133,0.125661441896949,0.115116468635197,0.141596418819659,0.139567665345612,0.150017043044572,0.13580049180106,0.121935329783857,0.115939224442879
2091,0.148156894795902,0.126256821196484,0.115578667815976,0.142184559550783,0.14017945567752,0.150672664950578,0.13630698819057,0.122441318048786,0.116436176882813
2092,0.14867024793774,0.126701373895667,0.116007080289561,0.142736897844344,0.140728535321485,0.151271211684807,0.136837527819329,0.122946780999922,0.117027073420723
2093,0.149204284699452,0.127275627643012,0.116493892154686,0.14325809221595,0.141325198154107,0.151831861456637,0.137362758624566,0.123436852525839,0.117575512723549
2094,0.149684280417088,0.12795980605583,0.117055263030113,0.143710612577903,0.141967993062962,0.152363133132563,0.137864272492048,0.123899460730422,0.118097993236119
2095,0.150230815953584,0.128569074543577,0.117551705524467,0.144245744313498,0.142566919649089,0.152965015688581,0.13840661523312,0.124412312742183,0.118665037700649
2096,0.150854635228568,0.129157575976518,0.11802827109186,0.144809435676001,0.143138264382625,0.153540356491947,0.138987432917801,0.124955460533344,0.11927183231752
2097,0.15138319217988,0.129767484705809,0.118503579811553,0.145341165633292,0.143732100229963,0.154148685317926,0.139541460212756,0.125473774545658,0.119828686618418
2098,0.151864737172069,0.130396838168336,0.11894676211641,0.145881552812118,0.144286679670626,0.154895055656582,0.140110099798311,0.126034940858902,0.120405744319535
2099,0.152368061555478,0.130973819553306,0.119404286965631,0.146431732018042,0.144930290545971,0.155510119775327,0.140650647427833,0.126560594166683,0.12095510634994
2100,0.152798332418628,0.131502387327532,0.119905778729228,0.146951150944316,0.145663009718296,0.155986391082803,0.141153633568543,0.127002441143883,0.12143744085933
2101,0.153316442557182,0.132090029264957,0.120354826824554,0.147512201166159,0.146326253813726,0.156554579523824,0.141685254567096,0.127497360486702,0.121961837450983
2102,0.153945909068285,0.13267983898828,0.120756609733061,0.148129221992839,0.14703298967616,0.1571476696758,0.14217699067293,0.128018175168365,0.122504703226396
2103,0.154493350979359,0.133239662341264,0.121162037763362,0.148729954947863,0.147688842711073,0.157725910900136,0.142749371213429,0.128571414184833,0.123038473365644
2104,0.154988107809164,0.133946935800804,0.121608115818679,0.149319177277066,0.148244933986017,0.158286317339011,0.143349638984187,0.129010154321016,0.123614832854119
2105,0.155545123224288,0.134636839167362,0.122090193303459,0.149845652221815,0.148809881430377,0.158899878933145,0.143918583510223,0.129538006781212,0.124142764916166
2106,0.156092595386438,0.135162969692632,0.122649154886232,0.150289383489793,0.149374680150013,0.159453128232201,0.144485719628872,0.130149860187658,0.124631936118399
2107,0.156607978255786,0.13574491561712,0.123181521208169,0.15079131920452,0.150016642911631,0.159968428762572,0.145052516385535,0.130622621255721,0.125177704846749
2108,0.157169652871137,0.136332348101123,0.123634407715008,0.151351565398611,0.150646735194485,0.160547545822169,0.145616855929935,0.131108346059696,0.125727139831857
2109,0.157838106815418,0.136856591511072,0.123968541269454,0.151950677231313,0.151285575839362,0.161175077395151,0.146202511208049,0.131631440141021,0.126299941595168
2110,0.158349541205589,0.137410188427444,0.124450139675103,0.152513533291585,0.151930459289511,0.161772304235919,0.146736069940563,0.132124633478165,0.126835897094969
2111,0.158760021904206,0.138054200492664,0.124960557226231,0.153135739571201,0.152626073024944,0.162401955929309,0.14720906042486,0.132505380303424,0.127372532228983
2112,0.15926335586745,0.138597518610712,0.125430035177415,0.153728898558795,0.153240345713356,0.163001889753807,0.147737234106904,0.133019678585792,0.127881700298353
2113,0.159727156541447,0.138989342400346,0.12600154345783,0.154293861256863,0.15384923954898,0.163596313328792,0.148274589593256,0.133699810860214,0.128312443907947
2114,0.160217867724464,0.139558725789714,0.126501066848901,0.154842742113525,0.154436784793893,0.164162606095075,0.148802121641797,0.134189545949866,0.128824049032325
2115,0.160791926047038,0.140239925920325,0.126884727014572,0.155411568741771,0.154899581952717,0.164679681210373,0.149368098905061,0.134563117579524,0.129418397730298
2116,0.161328243932469,0.140839050803428,0.127323012106118,0.155932679799273,0.155466013287734,0.165215641714465,0.149903171364728,0.135030679397245,0.129953996891671
2117,0.161843994713348,0.141481586841798,0.127833277718715,0.156383940011447,0.156052029849711,0.165705416256174,0.150383844136507,0.13545144487487,0.130511031689515
2118,0.16233115405445,0.142131022538015,0.128227745799534,0.156846322734131,0.156710324359767,0.166282640716234,0.150880484119064,0.135895502467042,0.131004658937259
2119,0.16286954023671,0.142595214964342,0.128570832141318,0.157327978746103,0.157371059848665,0.166913820028422,0.151460957084352,0.136416870001676,0.131434632632128
2120,0.163413487865569,0.143056722513102,0.129058350409928,0.157826125036415,0.157998066581048,0.167498037261268,0.152054661420327,0.136935018284759,0.131938618111171
2121,0.163931642883053,0.143672844610847,0.129568736132458,0.158347927938056,0.15859585156374,0.167992314370693,0.152593368498768,0.137348740011605,0.132530717322511
2122,0.164421171607222,0.144251248884535,0.130032598419643,0.158880095334952,0.159095350171907,0.168480809416461,0.153118826521012,0.137766852682832,0.133009004176716
2123,0.164889593480024,0.144825771007522,0.13049993990513,0.159380181471486,0.159577583497916,0.168985183806149,0.153615145921548,0.138255631960467,0.1335086516452
2124,0.165372146632157,0.14548007520254,0.130957804155502,0.159915055397199,0.160182289284381,0.169467653383831,0.154120269546083,0.138743790308696,0.134086890932077
2125,0.165861488686288,0.146001257505554,0.131380576376879,0.160417429241782,0.16071993612439,0.169998997872378,0.154654700576176,0.139195174564342,0.134569187804312
2126,0.166383652835072,0.146331995745335,0.131706232473238,0.160874314738956,0.161221569241094,0.170653616402819,0.155251818582081,0.139629056628012,0.134979794772313
2127,0.166843784633726,0.146848843014348,0.132126279516105,0.161351384071824,0.161765742450146,0.171186055959423,0.15579988521865,0.140072764068977,0.135443854117369
2128,0.167277427843559,0.14746303013809,0.132619130717243,0.161840029981558,0.16232332541045,0.171653978476566,0.156346768357693,0.140515152111316,0.135883931305575
2129,0.167707911992235,0.147960659360525,0.133024878525582,0.162306999557352,0.162860895644478,0.172158146656682,0.15687021192763,0.140908518471547,0.136309667458215
2130,0.168086106546185,0.148500966982504,0.133426096144362,0.162811836792977,0.16344876389567,0.172651019802256,0.157378844729993,0.141288278850691,0.136770967008938
2131,0.168508308826854,0.149000080967442,0.133801046216137,0.163249142977645,0.163979442618861,0.17312907491319,0.157868660920316,0.141672274445608,0.137207457584745
2132,0.168969712359664,0.149328629978009,0.134077020541233,0.163601606930014,0.164465273510462,0.173621457904922,0.158334651903397,0.141979312068851,0.13761232824661
2133,0.16940007524885,0.149764703619987,0.134420784824663,0.164015474221126,0.164937474366241,0.174073793161468,0.15879554320574,0.142347855237252,0.13802054562028
2134,0.169846673668183,0.150261503996189,0.134778614274249,0.16444022425653,0.165354431200492,0.174478939068797,0.159217325306177,0.142805695635713,0.138410661683802
2135,0.170231802186946,0.150803577847844,0.135192254613264,0.164812333170254,0.165820266845169,0.1748991659879,0.159683668214247,0.143177368619488,0.138811116113817
2136,0.170611529350894,0.151275356679696,0.135588406605544,0.165233932898878,0.166270816128878,0.175325235644315,0.160208672733214,0.143482885315424,0.139243372492208
2137,0.170995222127796,0.151748047488671,0.135914031078543,0.165618410442588,0.166720845959226,0.175724433099581,0.160604806256465,0.143860159409436,0.139629905990248
2138,0.171312490569915,0.15219826264618,0.136198256145023,0.165977915436632,0.167279134332856,0.176139139171962,0.161011788286889,0.144200577028637,0.140024815065529
2139,0.171635704935714,0.15257008295879,0.136492264241573,0.166357831394612,0.167701232882857,0.176495460490379,0.161515564160709,0.144504103847689,0.140400781054664
2140,0.171998808996224,0.152855714880314,0.136780174724646,0.166721039269779,0.168079658526298,0.176839406539354,0.161955316062666,0.14486239544096,0.140731398930683
2141,0.172314879296392,0.153173802615643,0.137075917420286,0.167058119709977,0.168550958359274,0.177270901453313,0.162412549096741,0.145189104570347,0.141079996454683
2142,0.17260269408949,0.153530732404712,0.137371082299249,0.167363026386569,0.16889349183336,0.17762365695908,0.162848756080064,0.145500414200118,0.141398960325797
2143,0.172884697404116,0.153891870893894,0.13769267862324,0.167609442763391,0.169080810779545,0.17795909117604,0.163250570292988,0.145790436421249,0.141688681125358
2144,0.173160883743211,0.154199068222138,0.137964158665155,0.167876836676942,0.169428297210273,0.178273065657774,0.163700983146011,0.146067991663547,0.142004962566116
2145,0.173358461945891,0.15455686606397,0.138212449064537,0.168118915651546,0.169847650173602,0.178521319726951,0.164196899655076,0.146315969018526,0.142325254480629
2146,0.173625455621616,0.154860834106652,0.138436875528401,0.168378630393192,0.170126408810532,0.178805582982424,0.164638185627661,0.146591725753887,0.142618892340455
2147,0.173992894888205,0.155008754645336,0.1386305337271,0.168667359703432,0.170410507429229,0.179147655464155,0.165139012099962,0.146903873876202,0.142964682057155
2148,0.174245725514454,0.15531604240537,0.138837056907241,0.168903893090805,0.170700165572968,0.179409221609708,0.165538407536395,0.147129456703564,0.143225117397807
2149,0.174436495901813,0.155801849797189,0.139012403254771,0.169138721006183,0.17085607898952,0.179601691682433,0.165733446385375,0.14730381233165,0.143357490506804
2150,0.17465898323935,0.15609767235927,0.139222949151064,0.169344333597238,0.1710757427897,0.179827424167584,0.166107698818526,0.147503898424509,0.143583209630117
2151,0.174877494302592,0.156331685934002,0.139530849192493,0.169515380107816,0.171355553222426,0.180007503722053,0.166560773099814,0.147659026693779,0.143852373978482
2152,0.175017808605145,0.15657790159202,0.13964732155485,0.169641223298083,0.17165465535596,0.180214718067046,0.167005608944827,0.147805145727639,0.144049349387942
2153,0.175155430229455,0.156789648556165,0.139781980826871,0.169790722242884,0.171927305276815,0.180477815197985,0.167410720912038,0.147991216367042,0.144260821711037
2154,0.175339374798199,0.15699909152938,0.140010395859974,0.169957361119188,0.172214903289876,0.18078300712541,0.167798261023743,0.148245399630068,0.144558911944403
2155,0.175459428380025,0.157300221225083,0.140127910609523,0.17019523664337,0.172486650233678,0.181010286069798,0.168044356698039,0.148422735946822,0.144810691132629
2156,0.175581513781589,0.157636239634532,0.14028370291912,0.170409542530551,0.172689563617352,0.181145406633195,0.168324774447372,0.14853021837835,0.14498974147481
2157,0.175775854723348,0.15785250669882,0.140481011106831,0.170509513192321,0.172819812345837,0.181214774079412,0.16881669022315,0.148735952641208,0.145156323990581
2158,0.175896945187791,0.158040298470394,0.140604463980297,0.17065854914474,0.173017434771769,0.181337170848422,0.169255681572018,0.148934262957376,0.145322670021845
2159,0.176024899078924,0.158225095488946,0.140699745309172,0.170814926917703,0.173223258781206,0.181510288487332,0.169609521035111,0.149100049944412,0.145481262821373
2160,0.176124289551948,0.158374280095177,0.140744803018065,0.170930719475624,0.173513827629202,0.181749815866114,0.169928404093347,0.149302551143998,0.145558475151379
2161,0.176252155254841,0.158545134779463,0.140850484658419,0.171059543656412,0.173658286447193,0.181894492391325,0.170269486661385,0.149450488499039,0.145732444408157
2162,0.176432874380019,0.158699993877123,0.140931857389843,0.171271917489079,0.173691946072717,0.182051045268715,0.170531904722345,0.149495441299814,0.146027568769256
2163,0.176514889189958,0.158875198797973,0.141026022494489,0.171380337045641,0.173832425764351,0.182190421191635,0.170828772134197,0.149597285332026,0.146170401372854
2164,0.176517470129034,0.159138680823278,0.141189301399329,0.171361523849737,0.173958903684279,0.182244773948493,0.171206705286661,0.149756192602403,0.146231315036528
2165,0.176568344793178,0.15927532828541,0.14131880164175,0.171456663795179,0.174104797270447,0.182348285124086,0.171497067935269,0.149833991229125,0.146381699784441
2166,0.176548327393145,0.159269744843238,0.141432474275257,0.171645684198264,0.174355391787681,0.182526090321385,0.171689862685298,0.149854867783347,0.146518649546119
2167,0.176611382499894,0.159417963533891,0.141493546611067,0.171714471023824,0.174523186695847,0.182632012666358,0.171949386059907,0.149938419449535,0.146615221009193
2168,0.176816224411464,0.159605086533723,0.141461598297244,0.171705139336644,0.174636338210019,0.182658886574306,0.172214074933263,0.149997857512373,0.146749836300759
2169,0.176916517888593,0.15974325010118,0.141560971207038,0.171786845197532,0.17472375371897,0.182740463711952,0.172477601808719,0.150049640445275,0.146880617568765
2170,0.177025850080415,0.15997240696889,0.141705565074116,0.171917863677846,0.174742377633336,0.182885050284742,0.172750558510303,0.15011222323132,0.146965919618218
2171,0.177018822214284,0.160153600654964,0.141846784252975,0.171894959288864,0.174867317131904,0.182917726282747,0.173050872488475,0.150263772134666,0.147022562316028
2172,0.176973956863891,0.160225820616031,0.14200787244919,0.171848890135044,0.17496093734173,0.182895527482336,0.173309709546328,0.150309367039174,0.147165882689187
2173,0.177009199807574,0.160304164829533,0.142080864210931,0.171993951502167,0.17497961153435,0.183008718978331,0.173575963289704,0.15028890575687,0.147275180810467
2174,0.177022354179239,0.160424016723352,0.141927279926392,0.171967997328491,0.175037372978305,0.182984639037542,0.173890137230269,0.150343362226593,0.147263375714586
2175,0.177075404191661,0.160561609347773,0.141859463297562,0.171893771838511,0.175140426493847,0.182878037171158,0.174192508049441,0.150388819600174,0.147312612867458
2176,0.177209764531888,0.160598079375183,0.141979506659504,0.172015157784775,0.175203822264139,0.182911605224164,0.17449030943163,0.150406147009241,0.147424297036206
2177,0.177187456157555,0.160578770869878,0.141982312095654,0.171982517469356,0.175195442142079,0.182864178321429,0.174806385746773,0.150420331609035,0.14747282407026
2178,0.177167381971013,0.160628409218053,0.141961287229859,0.171918939682455,0.175225328849937,0.182857134072504,0.175117340633369,0.15044627469251,0.147524031335157
2179,0.177129517901164,0.160700296715274,0.141944584755814,0.17175131179853,0.175293656564086,0.182935429361049,0.175420981191671,0.15046801661757,0.147624673119552
2180,0.177088071269353,0.160706376342986,0.141938395992572,0.171719512361945,0.175268817157808,0.182904318160812,0.175720401248602,0.150455476523255,0.14764651179395
2181,0.176999322170123,0.160678533330375,0.141863621724851,0.171752613449208,0.175196561047777,0.182825228671991,0.176010662920586,0.150459452749518,0.147583889898872
2182,0.17691912704622,0.16074402064138,0.141825282866704,0.171650294486838,0.175145915759051,0.182700523043182,0.176321351311401,0.150430608453454,0.147584448938878
2183,0.176842983337102,0.160841211301198,0.141882817047591,0.171516298659648,0.175007773344819,0.182448313212612,0.176659093099335,0.150337994492859,0.147584911382604
2184,0.176748934532301,0.160844141227796,0.141830427108851,0.171420239881715,0.174957473198489,0.182321525653447,0.17694603128087,0.150272570644921,0.147572823701078
2185,0.176607489336401,0.160911469752085,0.14163874638754,0.17120535330012,0.175024793248276,0.18226849719156,0.177180390038298,0.150220735299155,0.147591383008432
2186,0.176507685629235,0.160920293925932,0.141568290241613,0.171074862461168,0.17496860501153,0.182135219157186,0.177508195327628,0.150130441616254,0.147564075045956
2187,0.176469805826746,0.160721677561461,0.141563060153432,0.171125541292199,0.174824705416169,0.181998661982244,0.177861088661017,0.149969795322573,0.147555449007369
2188,0.176349822080306,0.160657019937446,0.141491385888847,0.171025910620157,0.174752081820755,0.181869479946662,0.178169038808643,0.149904656698564,0.147465094411678
2189,0.176210086869051,0.16070407620745,0.141452999303044,0.170810487843175,0.174649395280784,0.181693255093402,0.178499347164657,0.149894224452292,0.147284755961169
2190,0.176037211127493,0.160751062417617,0.141390832338533,0.170653747784713,0.174612389960362,0.181520441647503,0.178936006464195,0.14988766238516,0.147085233228179
2191,0.175800036873066,0.160593332131635,0.141164064441728,0.170444153850803,0.174485680828439,0.181349390539265,0.179045048934347,0.149757810594725,0.147045620852773
2192,0.17558847587336,0.160502642659562,0.140964116167493,0.170227294940506,0.174349163977286,0.181136646141922,0.179238339381365,0.149542740642369,0.147002501614267
2193,0.175409856270408,0.16044904802684,0.140843325342999,0.170099409822629,0.174168716374655,0.180830262616285,0.179646717684242,0.149320562440701,0.146972565400803
2194,0.175203591164764,0.160281208309665,0.140700714461722,0.169894532773408,0.173891144460998,0.180573382616341,0.179843721066769,0.14919771900863,0.146993619907503
2195,0.17503194898054,0.16025129197531,0.140571548804005,0.16968528618035,0.17374501841338,0.180464573390887,0.180125531860684,0.149197177264484,0.146910305106843
2196,0.174935884864699,0.16023471582172,0.140438768584609,0.169516936889663,0.173749641448844,0.180229514685959,0.180470141050884,0.149147642329083,0.146767008572032
2197,0.17479984809415,0.160106937541187,0.140309589907023,0.169283654829367,0.173588801372959,0.179997027673729,0.180710442106361,0.148979544737298,0.146682506883582
2198,0.174725314123538,0.159840845439138,0.140153194141918,0.168971298174383,0.173330833001213,0.179801080478512,0.18080204096336,0.148617485192747,0.146698940204538
2199,0.174522572004622,0.159718048326445,0.139979024891675,0.168745854131301,0.173162107578621,0.179529645233079,0.181013340067968,0.148414519293081,0.146586320406684
2200,0.174205226395315,0.159645748309837,0.13982824179574,0.168565891988308,0.172978652710489,0.179135340970874,0.181265404185289,0.148232024241942,0.146389978368988
2201,0.173978928882621,0.159487200623894,0.139644766083665,0.16831284802203,0.172769405535234,0.178854696730476,0.18148998985635,0.148075672053274,0.146231316913849
2202,0.173711161369934,0.159290280074262,0.139340478073824,0.168017417777957,0.172608382690919,0.178577434783474,0.18168884416685,0.148016583534209,0.146037637115548
2203,0.173510169812949,0.159192455254524,0.139181514329144,0.167809364845399,0.17244821425113,0.178297311805223,0.181928403280116,0.147857317755814,0.145863404594242
2204,0.173420278144384,0.159076258137946,0.13916820237312,0.167556490621628,0.172176776271507,0.17803890438356,0.18226346985945,0.14759046312349,0.145661120352651
2205,0.173258875950905,0.158996590505873,0.139033724346786,0.167381909968772,0.172036492946712,0.177867240704418,0.182459450271582,0.14743975872576,0.145555065312838
2206,0.173001092816677,0.159086153034956,0.138825185925033,0.167369961704235,0.172084385499583,0.177756664461242,0.182556802454442,0.14729358777381,0.14547050421981
2207,0.172890317090766,0.159038608280911,0.138733967588033,0.167278379517031,0.171973012127793,0.177596730367532,0.182754231016819,0.147225140725401,0.145427092166342
2208,0.172846814215331,0.158780023680447,0.138620603366957,0.167095778021976,0.171715068521097,0.177429865028292,0.182918256937029,0.147256675712197,0.145512846071943
2209,0.172799693622242,0.158748292237801,0.138557719536565,0.167034876616571,0.171645645129193,0.177349031159088,0.183074528982334,0.147273525487355,0.145541652701851
2210,0.172806571386025,0.158793469649365,0.138607706415776,0.167047484440621,0.171640821614031,0.177282430767895,0.183320978391869,0.147321279115398,0.145559493650182
2211,0.17289046207189,0.158909663839477,0.138699383501925,0.167032466873503,0.17160226693888,0.177225538391743,0.183517165811699,0.147392869381161,0.145569675774307
2212,0.172947303908456,0.159088120401638,0.13869882423272,0.167066683436516,0.171593224177634,0.17727377914415,0.183614962570889,0.147406715328745,0.145619282402753
2213,0.173034968136587,0.159195143607682,0.138701997529333,0.167184834005736,0.171679951285695,0.177338957583465,0.18378950695354,0.147505906908011,0.145712204703333
2214,0.173208091017115,0.159171475405916,0.138795378870278,0.167326331886844,0.171675460232842,0.177306071854415,0.184021336594781,0.147638630341681,0.145747921879718
2215,0.173335177931915,0.159123010949049,0.138923197652594,0.167501567396129,0.171608642287208,0.177336785748836,0.184196888686992,0.147679521809226,0.14579372614206
2216,0.173386058177854,0.159169655308082,0.139066969088224,0.167681059462668,0.171666978853862,0.177440343608438,0.184258697120167,0.147757362864772,0.145957236888057
2217,0.173488411732873,0.15922974032854,0.139205884911274,0.16783494304952,0.171816596206916,0.177506751589615,0.184321003484569,0.14788859998065,0.146128820453441
2218,0.173634254283562,0.159317627527663,0.139316677996022,0.167986461229982,0.17181951515027,0.177530384864048,0.184431794665969,0.147955971804301,0.146228627763925
2219,0.17381785781446,0.159477304072018,0.139421510936969,0.16811498928622,0.171685629146509,0.177524924252559,0.184512149183048,0.147947024742425,0.146397927222878
2220,0.173967565893548,0.1595766959276,0.139439284647193,0.168187164008094,0.171707315025771,0.177554979787513,0.184621163834468,0.148053024210077,0.146461358929677
2221,0.174192226098384,0.159655975193322,0.139380023568625,0.168257337074775,0.171764411424742,0.177560378590179,0.184820741659069,0.148215602557715,0.146335025563252
2222,0.174306475470263,0.159749294426051,0.139415052512107,0.16829610183046,0.171787357390776,0.177557307272724,0.184928339359882,0.148299535433786,0.146389445953669
2223,0.174305838568106,0.159843289746741,0.139416675057323,0.168210390806969,0.171892712317929,0.177586335748471,0.185025574968104,0.148434325592012,0.146557649337178
2224,0.174399975987682,0.159893985065923,0.139446886879331,0.168250179195301,0.171946693235941,0.177601799998679,0.185047949367968,0.148494584193843,0.146648922403001
2225,0.174527047557021,0.15992985305847,0.139596951481051,0.168383050118743,0.171932899867834,0.17749472343063,0.185016680327615,0.148437984873978,0.146761610769429
2226,0.174568737493158,0.159994991329787,0.139631389936409,0.168438155450214,0.171919032847011,0.177567938212509,0.184940778303244,0.148469111214107,0.146827323863842
2227,0.174615075304985,0.160048307066064,0.139521670491439,0.168472680453286,0.171915472143887,0.177857772238532,0.184704387440125,0.148519303346191,0.146811034063771
2228,0.174666856240418,0.160064889108841,0.139555506743366,0.168514680164819,0.171915354581847,0.177933014458638,0.184610183498757,0.148545736847291,0.146850441491093
2229,0.17461982029598,0.160101642792194,0.139678074907828,0.168522318331697,0.17185751467034,0.177966078528357,0.184664068356622,0.148608386092827,0.146961179003115
2230,0.174629771839205,0.160110673013905,0.139706849348598,0.168570655932125,0.171839133894478,0.178034285740558,0.184550772470395,0.148629892605419,0.146994162303995
2231,0.174725353040894,0.16004397992741,0.139783612980232,0.168739862167759,0.17189995810553,0.177996799690745,0.184404685795083,0.148576771328439,0.146998810960494
2232,0.17474846870926,0.160011143815198,0.139815198544911,0.168765370643173,0.171906708376623,0.177968322802657,0.184217009659153,0.148622593389092,0.146975274261082
2233,0.174701695704557,0.160032984411143,0.139715922658916,0.168632526765122,0.171865658775113,0.178003733164239,0.183911853960023,0.148769677579741,0.146830518782794
2234,0.174728744582886,0.1600002924679,0.139684619530183,0.168613075469606,0.171849349977223,0.178021930895974,0.183598036044467,0.14878153191597,0.146784858903715
2235,0.174786561642521,0.159887091876012,0.13973519547277,0.168571707643754,0.17186464336171,0.178001498991428,0.183272644016461,0.148751088420975,0.146783685355359
2236,0.174837281991247,0.159826514643593,0.139690191711174,0.168548476629645,0.171817817023604,0.177919291106151,0.18295844601844,0.148753314058648,0.146818771543085
2237,0.174875851326374,0.159937222093606,0.13957659684946,0.168699966045037,0.171654821662859,0.177948137964396,0.182585445306643,0.148649793915109,0.146811881778939
2238,0.174872829865957,0.159971569690531,0.139587759026087,0.168792701511739,0.171614810868298,0.178032974071202,0.182059607862977,0.148531321754804,0.146771346087972
2239,0.17488772981882,0.159900725859411,0.139551870939591,0.168675217741083,0.171584959221379,0.177948714749169,0.181668016320794,0.148551276130261,0.146708476983747
2240,0.174830128615512,0.159921706599433,0.139450668868669,0.168627836673049,0.171460711535339,0.177859963274875,0.18133335480856,0.148583719125733,0.146661529117669
2241,0.174744351859741,0.159846063354284,0.13946302758596,0.16863070596001,0.171449547154709,0.177821370382043,0.180829698926322,0.148514283066203,0.146584052298792
2242,0.174777734489893,0.159639326784902,0.139482424951854,0.1685868758156,0.171414438350843,0.177715767469194,0.180275543864344,0.148471573649379,0.14649034115776
2243,0.174734319943655,0.15953191095308,0.139440589878783,0.168559312232862,0.171292008216396,0.177688761477251,0.179723714924621,0.14846297132664,0.146399309679629
2244,0.174601361558781,0.159534930047624,0.139361155696349,0.168623296670413,0.171008102227383,0.177815743119161,0.179038862177329,0.148458370433891,0.146212976048521
2245,0.174565195099191,0.159446939404327,0.139328665577339,0.168603095596195,0.170931457238118,0.177747905160144,0.178434354156784,0.148397718938126,0.146146312927776
2246,0.174623122176558,0.159292985147111,0.139286322365881,0.168457078456201,0.170948132121513,0.17754624226999,0.17796721160235,0.148374044314035,0.146193125776493
2247,0.174554908191793,0.159193136181657,0.13923863397856,0.168458050546226,0.170862004922365,0.177473238192406,0.177305079715975,0.14831187345219,0.146144102209589
2248,0.174415362969937,0.159118686131974,0.139209895791003,0.16857294368945,0.170824039891423,0.177390004831189,0.176506990739899,0.148143367017509,0.14609436259406
2249,0.174388468693194,0.159022008774949,0.139200038513654,0.168565125156994,0.170747534530934,0.177308794776912,0.175751519764971,0.148067615156741,0.146034035600301
2250,0.174376230924041,0.158899742514908,0.139176086393712,0.168530268832495,0.170554324267934,0.177331725597695,0.174903313049252,0.148069872254994,0.145942025066262
2251,0.174308425169194,0.158824189551163,0.139142136979002,0.168535490320537,0.17043085924427,0.177259121473015,0.17411185940435,0.147995822392319,0.145812172618851
2252,0.174284694061992,0.158777192211703,0.139188128720362,0.168479296411806,0.170390430486554,0.177047200125748,0.173417767742762,0.147859688183581,0.145614905073183
2253,0.17428232832504,0.158711164065031,0.139144742379948,0.168479760379424,0.170310265134493,0.176960799300074,0.172625269948627,0.147813138179239,0.145527327303664
2254,0.174224987077174,0.158696577810729,0.138951023967633,0.168648252210165,0.170190671609478,0.176958376942758,0.171780802137109,0.147848428106536,0.145470520013755
2255,0.174150932581781,0.158612432164641,0.138887616387021,0.168609162141802,0.17006978594692,0.176883595778543,0.170888909015362,0.147782769416461,0.145391940696673
2256,0.174128736667034,0.158471898243925,0.13890267433976,0.168356538979219,0.169991910177489,0.176837890096453,0.169906942182087,0.147686745012171,0.145450956198398
2257,0.174107000641193,0.158346964164156,0.138858078754781,0.168321227743051,0.169860985990645,0.176762379716245,0.16896922900711,0.147610164681463,0.145361685004791
2258,0.173993917924139,0.15815687800082,0.138864554077735,0.168311468990097,0.169626006714529,0.176578952904901,0.167973840015407,0.147447335061382,0.145052231038618
2259,0.1739623168037,0.158030354285792,0.138840535146055,0.168281353714104,0.169490292603108,0.176484271053351,0.167078057735806,0.147336843718146,0.144936891423283
2260,0.174067136006868,0.157951498575094,0.138795308053434,0.168485183095086,0.169450855102001,0.176483388090021,0.166317578813132,0.147257626880796,0.144930449164996
2261,0.174077682689489,0.157878466138402,0.138627573827898,0.16847545396679,0.169268214811072,0.176409611759003,0.165411158684324,0.147296832095064,0.144831406364104
2262,0.174045466757519,0.157760969804748,0.138505902027314,0.168119916281005,0.169108181484101,0.176239338063725,0.164485123625337,0.147271642631028,0.144788476120935
2263,0.173978211048628,0.157589398075468,0.138499835343982,0.168013375887163,0.169035750896901,0.176212103239729,0.16372733945705,0.147041759657707,0.144712412289073
2264,0.173812369605381,0.157393337397185,0.13859861962119,0.168034441947836,0.168830906978065,0.176179194110686,0.162888956349543,0.146922713738313,0.144521061621971
2265,0.173709366664143,0.157185471271752,0.138572206080636,0.167887344039641,0.168601359820451,0.17596534868059,0.161953851290299,0.146946612784653,0.144338364249673
2266,0.173697375254495,0.156966284343076,0.138361102677472,0.167823433197354,0.168479355300831,0.175876245938234,0.161173088147712,0.146807164206226,0.144221801220615
2267,0.173646646718382,0.156840291551588,0.13818766353915,0.167822524233509,0.168334026413102,0.175786978388441,0.160501879743343,0.146642503084948,0.1440759004041
2268,0.173538259670607,0.156641421906508,0.137995466701067,0.167757604353957,0.168128116294144,0.175658296325438,0.159736104099229,0.146520941028021,0.143926287055229
2269,0.173431939379668,0.156403088008602,0.137591835229764,0.167631357061315,0.167927029735048,0.175530643759758,0.15896809716257,0.146351273468611,0.143755345259837
2270,0.173299466676493,0.156180063699964,0.137440590124036,0.167439150322779,0.167670341277526,0.175316247524238,0.158235014805906,0.146152527963855,0.143590175898892
2271,0.173078272432645,0.155959148777125,0.137537341846473,0.167214920632208,0.167316257973607,0.175020167841906,0.157438626279747,0.145988827519164,0.143478539377987
2272,0.172884862614473,0.155710721800906,0.137347262979519,0.167036841890534,0.166989569813652,0.174768624344792,0.156773787545586,0.145835962141843,0.143234321911184
2273,0.172757136045621,0.155424450167049,0.137022065259008,0.16676689645026,0.166629781752867,0.174466773450174,0.156277916337288,0.145611666736397,0.142840688141405
2274,0.172534417323504,0.155195556828877,0.136861340348275,0.166540539413829,0.166350735311884,0.174205152531385,0.155655468310521,0.145401833792099,0.142614904519445
2275,0.172180771123815,0.155009352974714,0.136680004637519,0.166426874491904,0.16610747199764,0.174023405712674,0.154932634023709,0.145276031136139,0.142429449775741
2276,0.171970813423353,0.154763511958422,0.136497365876957,0.166220694708687,0.165836133058672,0.173750522929692,0.154401638288027,0.145101127121239,0.142195409828937
2277,0.171836757224606,0.154525922317322,0.136496282014509,0.165942790219531,0.165666304005385,0.173401898487322,0.153976435633327,0.144850570045213,0.142075582164725
2278,0.171573364771473,0.154249855475508,0.136295724649666,0.165664984523531,0.165323458884242,0.17307991343454,0.153451637060491,0.144616770432338,0.141829924703881
2279,0.171289795168237,0.15391872652561,0.135856555490632,0.165365200853305,0.164805066435684,0.17275005635751,0.152998769300764,0.144444676038075,0.141385814896174
2280,0.171065427550443,0.15357215278015,0.135576079512027,0.165082033936404,0.164427614869486,0.172401080710553,0.15252628060014,0.14417408821314,0.141093831226408
2281,0.17081741350209,0.153220018501458,0.135358663777385,0.164747151753126,0.164063555390068,0.172041097088118,0.151946907837093,0.143730330868876,0.140927687240242
2282,0.170527314466465,0.152866582536991,0.135081318762155,0.164455853236273,0.163676727350167,0.171691865805686,0.151429381045699,0.143486412939764,0.140643952168558
2283,0.170305273992981,0.152442121338054,0.13484203647561,0.164265530705067,0.163364378386305,0.171397278921732,0.151054830732067,0.143410864172199,0.140317826672246
2284,0.16999217632582,0.152063730679462,0.134567800139432,0.163993446718053,0.162969329479054,0.170958242940135,0.150583151344425,0.143141585329546,0.140020839273984
2285,0.169446849411833,0.15172095785768,0.134196419606628,0.163605057884128,0.16243823184237,0.170340257933589,0.149959652915496,0.1428503919839,0.139654867729041
2286,0.169114065124546,0.151368242569484,0.133876620695987,0.163325504168702,0.162025397663974,0.169925313825174,0.149439806675878,0.142592917374036,0.13931330889051
2287,0.168977981212895,0.151016382881501,0.133607355817513,0.163172919476357,0.161728028601327,0.169561481297443,0.149025713250382,0.142182455965391,0.139093890505646
2288,0.168694736448016,0.150684217921806,0.133298213984872,0.162863450647247,0.16130881942488,0.169129978486713,0.148515845681322,0.141832808001231,0.138762070523622
2289,0.168421969435285,0.150396318142202,0.132957173897973,0.162511271090235,0.160840499532014,0.168841989612641,0.147989460128743,0.141664481581893,0.138233966899609
2290,0.16812667464595,0.150045174090726,0.132648931067257,0.162189510030888,0.160404853272819,0.16847912991304,0.147479734382017,0.141374179989433,0.137883505324356
2291,0.167658797098203,0.149653740121665,0.132319503825079,0.161721444529538,0.159890486557902,0.167902815236773,0.146920220686153,0.140946539598485,0.137658517335524
2292,0.167317966016353,0.14928863214858,0.132013838126727,0.161305498942744,0.159420873221972,0.167453643243839,0.146328615931327,0.140555826587535,0.137335225105049
2293,0.167174705460422,0.148871412980311,0.131729292589328,0.160908026869742,0.159119370724067,0.167168367552682,0.145767951065371,0.140133981142508,0.137101865985843
2294,0.166864889788241,0.148514180993754,0.13149015250851,0.160707828782058,0.158623930583985,0.166789278234447,0.145192527215241,0.139748126491397,0.136796283864235
2295,0.166385481663869,0.148170599544749,0.131286782834259,0.160317804570306,0.158007489246271,0.166256037226875,0.144434326999718,0.139352852083065,0.136255188956793
2296,0.166016364810922,0.147778006905877,0.131054813860541,0.159731924390316,0.157567330218244,0.165815110847365,0.143673399661986,0.138984970434877,0.135751624154711
2297,0.165689018248115,0.147242901059581,0.130718097904906,0.159242363244149,0.157131093463504,0.165363448748472,0.143004831951609,0.138634607825277,0.135474064734545
2298,0.165302116920702,0.1467749370622,0.130404674080638,0.158840011725096,0.156627380939263,0.164886451945588,0.142356300203999,0.138204568277322,0.135137662646014
2299,0.164925785419734,0.146355674122906,0.13005233329012,0.158443518282301,0.156138629314462,0.164361846245366,0.141638500252206,0.137827044634016,0.134757191835086
2300,0.164681062122594,0.145939932323972,0.129601367994343,0.158133240701199,0.155692960104765,0.163834221030696,0.140917864799131,0.13743788268177,0.134433552851849
2301,0.164299989419975,0.145554211982254,0.129217080681427,0.157772392772425,0.155182293565399,0.163406084973263,0.140280802398276,0.137112228517234,0.134103420491979
2302,0.163749416918612,0.145270201034818,0.128883808814506,0.157418721230092,0.154599604638092,0.162932997363329,0.139598675334729,0.136870746382337,0.133693696735838
2303,0.163364155112293,0.144871190426053,0.128511644606054,0.156992689205171,0.154123677502727,0.162502074596167,0.138942884624788,0.136499198059212,0.133305702268545
2304,0.163103244933749,0.144423238341622,0.128081536262048,0.15652384805938,0.153696599772313,0.162275138232544,0.138433390400374,0.136093699604959,0.13301506321772
2305,0.162665447137358,0.144008914532662,0.1277377117545,0.156131045509456,0.15321575232636,0.161826101947279,0.13780415370861,0.135721455708373,0.132595095445256
2306,0.162122406400163,0.143562966474076,0.127496327041397,0.155736214490767,0.15273895266476,0.161172695772377,0.136971800680985,0.13528169610811,0.132020647347489
2307,0.161762652786699,0.143145996935376,0.127071244075679,0.155288078488592,0.152257996065196,0.160712121565056,0.136462651884682,0.134877743283913,0.13157204898301
2308,0.161451386259124,0.142811463890365,0.126551600802346,0.154858651838242,0.151798181875731,0.160296194589345,0.136154260086084,0.134549975948444,0.131170701095429
2309,0.161034826163219,0.142324469914448,0.126167497126312,0.154452223105408,0.151257824746286,0.159847743820851,0.1357107562362,0.134151943925417,0.1307619089394
2310,0.160743557238945,0.14174676124021,0.125715029421016,0.153992114121735,0.15067319684201,0.159533111800709,0.135379194404809,0.133666942400927,0.130384616803739
2311,0.160291307072687,0.141216447155106,0.125318735978975,0.153538542559413,0.150105172312581,0.159032135418248,0.134985381090844,0.133260494850615,0.129971231809162
2312,0.159537918874608,0.140563298997796,0.125139821090593,0.153183216368482,0.149451524543822,0.158369264879481,0.134407905926156,0.132907140692886,0.129535211279847
2313,0.159038020701987,0.140048453039883,0.124767949817932,0.152706966992743,0.148866494367781,0.157806192690707,0.134035579348484,0.132502333461788,0.129118502250686
2314,0.158711740861326,0.139657631900747,0.124198438067315,0.152106468472662,0.148427404640037,0.157205696290019,0.133857272882538,0.132061423395815,0.128670976313602
2315,0.158253687565739,0.139221414082235,0.123785555684613,0.151587369307672,0.147798346542308,0.156614811112968,0.133558370130105,0.131703046930418,0.128293056004788
2316,0.157770069126931,0.138813278120637,0.123421613148806,0.151069586513692,0.146929736494069,0.156091807161532,0.133279807084634,0.131387844728148,0.128032385262153
2317,0.157348966380188,0.138391438845447,0.123029915935302,0.150565335749408,0.146358317919807,0.155508884930709,0.132977396764006,0.131021246902886,0.127626803842729
2318,0.156897494698737,0.137966346492793,0.122692623231168,0.150084535531043,0.145903916875741,0.154744456821201,0.132576250021736,0.130737259265348,0.12716691014501
2319,0.156449140934462,0.137527632790717,0.122327787866055,0.149582580545492,0.145350880942267,0.154243753571486,0.132271113109139,0.130348336033412,0.126729739374824
2320,0.156132593841965,0.137117852424547,0.121954931389225,0.149091414687215,0.144960388861772,0.154025885230335,0.132098058444371,0.129754994766302,0.126155883371213
2321,0.155693457039745,0.136648941384812,0.121527254732233,0.148574656114736,0.144501523467764,0.153515380033407,0.131772705608464,0.12934948358354,0.125703631608739
2322,0.155064949563508,0.13608702974129,0.121003390254564,0.148008966037357,0.143862412112479,0.153006314847449,0.131403676271118,0.129111293122023,0.125431294076164
2323,0.154589613615147,0.135610153089199,0.120622488386032,0.147498993472963,0.143296317493306,0.152470035503262,0.131034215754569,0.128710002288765,0.125017611308855
2324,0.154218118415274,0.135155693756164,0.120301291821473,0.146945970515418,0.142885289409138,0.151638658716825,0.130502418109621,0.128247053581262,0.124555848487211
2325,0.153750652334192,0.134688243338003,0.1199111207401,0.146487522357929,0.14235185820551,0.150964510004619,0.130088091708908,0.127866439673499,0.124086007310257
2326,0.153299748754708,0.134287893710814,0.11964983272788,0.146226538448758,0.14161321216179,0.15039464913935,0.129833900564478,0.127469107349156,0.123471055039173
2327,0.152861789570881,0.133843125143317,0.119283654840249,0.145804606863239,0.141074041817397,0.149878419411941,0.129441852765599,0.126994375516864,0.122981102416975
2328,0.152332536241261,0.133311979541108,0.118752453120961,0.145329687865429,0.140635582842595,0.149469760457222,0.128962158826346,0.126509515799854,0.122557337185291
2329,0.151830353300637,0.132832415020959,0.118274065190376,0.144880281316741,0.140170232583304,0.148959934478773,0.128560774307843,0.126116108765309,0.122167450954425
2330,0.151389953854059,0.132352253228369,0.117749279434736,0.14428515551532,0.139886337621305,0.148475033209924,0.128205585172605,0.125639461791876,0.12191819431104
2331,0.150947166403818,0.131926788167806,0.117290924837984,0.143770635797746,0.139452759021174,0.147993958093607,0.127721034997053,0.125235708132404,0.121561864140372
2332,0.150465631613662,0.131639908409133,0.116931278222661,0.143396294266745,0.138823583971,0.147339722711717,0.12719862515315,0.12510096529395,0.121186024816194
2333,0.150021238495944,0.131221327415227,0.116507860764499,0.142941391315801,0.138322191330237,0.146816341347155,0.126697002080752,0.124795993748278,0.120784871701647
2334,0.14954080006882,0.130734483390966,0.116194166364501,0.142382571737806,0.13787421949345,0.14645330517246,0.126073123453444,0.124527914240663,0.12025801016381
2335,0.149239762379821,0.130286077018691,0.115638554999821,0.141969524802254,0.137349943089239,0.146077747402163,0.125423054211907,0.123917879022712,0.119799711798612
2336,0.148961894541514,0.12969125466758,0.11518455433818,0.141539003096808,0.136971408392399,0.145564927834782,0.125093007994685,0.123253725101576,0.119558725000003
2337,0.148487632252986,0.129175313195007,0.114769136934452,0.141056231160122,0.136535141893893,0.145136965050818,0.124740146667405,0.122876863704894,0.119160824602192
2338,0.148061977604997,0.12890391188528,0.114387162696179,0.140620500564885,0.135995592201629,0.144629536932314,0.124136021212639,0.122541589358123,0.11863190867847
2339,0.147703491116799,0.128453831844092,0.114225645667765,0.140096320950159,0.135476231113245,0.144126174504498,0.123579323476393,0.122152154823033,0.118188540048513
2340,0.147222069630473,0.127972637452415,0.113920764178322,0.139608207244323,0.13493116877725,0.143639052717563,0.123012000008169,0.121724387199878,0.117747495991317
2341,0.146633775418416,0.127470746829171,0.113645222411285,0.139042700683934,0.134283698784108,0.143157959160635,0.122209194982343,0.121313486613525,0.117154449790764
2342,0.146213806329233,0.127014879890484,0.113225055820776,0.138606137052168,0.133896418085039,0.142786022806979,0.121773628859918,0.120897728574291,0.116728769297588
2343,0.145817380348344,0.126427976205424,0.112647176082094,0.138253667767047,0.133651327772127,0.142471948993663,0.121629134958075,0.120396473450728,0.116480376060515
2344,0.145370667420193,0.126034367077612,0.112348899962478,0.137844589586878,0.133266795130851,0.14211578201502,0.12124091531945,0.119973498755312,0.116158236482825
2345,0.144957807939515,0.12584557938467,0.112133590663967,0.13745227971592,0.133002576251806,0.14187274216234,0.120896139262439,0.119610285788476,0.115780606081783
2346,0.144657812281568,0.125422827430154,0.111773084578067,0.137084914857676,0.132617747276917,0.141514841362117,0.120458133818786,0.119269766239381,0.115508692964239
2347,0.144423861895382,0.124967756519355,0.111552382236135,0.136702229660346,0.132066167943999,0.140983996117529,0.119848635780332,0.118923323293746,0.115402681902659
2348,0.143988880146271,0.124504457631422,0.111181413188022,0.136356206716972,0.131601861169583,0.140673884531225,0.119406717732048,0.118624575076697,0.115061952638886
2349,0.143498823278369,0.123859758919557,0.110490078041871,0.136131197192423,0.131147133813815,0.140501817846607,0.119027311482683,0.118459572887148,0.114601252989352
2350,0.143243819362346,0.123449755121735,0.110156346318101,0.135698028731178,0.130781969975975,0.140202465447913,0.118624132079939,0.118125181554049,0.114275929627616
2351,0.143011313011107,0.123200953130028,0.110066299294566,0.135060481371223,0.130473255597824,0.139935625447066,0.118224193652216,0.117671761208196,0.11392525946096
2352,0.142574727585129,0.122829478030672,0.10979348877561,0.134732656374834,0.130070945052426,0.139664154860837,0.117925099755757,0.117368361398286,0.113521204171372
2353,0.14221107412117,0.122495418133872,0.109521447499796,0.134474021726532,0.129687880077653,0.139301649384423,0.117699945749946,0.11709903705309,0.113138184081115
2354,0.141963745951743,0.122150136804789,0.109313963961708,0.134169348750262,0.129368366930507,0.139003076135978,0.117406087437483,0.116742439010084,0.112843654361743
2355,0.141544379142717,0.121782919765322,0.109078793362518,0.13411434107228,0.129042911220018,0.138776075815201,0.117201477355818,0.116390574928436,0.112518088441182
2356,0.141109166471559,0.121345279251284,0.108836388943485,0.133824296487133,0.128608240998205,0.138534228099474,0.116893882848831,0.11613273922026,0.112157854560482
2357,0.140928977041976,0.120865035631957,0.108799562017971,0.13323560544612,0.12816703197038,0.138243789594527,0.116467906550331,0.115881229016287,0.111999908685101
2358,0.140664284640815,0.120461375491776,0.108437203568058,0.132911198370273,0.12782885650184,0.138049452261825,0.116082834138658,0.115530610845786,0.111616196507755
2359,0.14011248183956,0.119979437475733,0.107642234958923,0.132791638047945,0.12744033212547,0.138001898764601,0.115746867924621,0.115259313889109,0.110803749007371
2360,0.139682575147039,0.119575412955705,0.107354397612412,0.132420309817889,0.126996908642732,0.137780239443535,0.115295903452399,0.114928619444884,0.110503100947943
2361,0.139503119326193,0.119359592600051,0.107317385604004,0.131871018113451,0.126583863109792,0.137494317023672,0.114695145830835,0.114342275272215,0.110640057829972
2362,0.139193740139108,0.118983500169972,0.106972287550812,0.131612364687944,0.12632724456001,0.137236358632346,0.114250388780102,0.114003520121073,0.110260137445212
2363,0.138619365018665,0.118454897824337,0.106716477758936,0.131454834738259,0.126099157253824,0.136862826664749,0.11387445260371,0.113921671759928,0.109821792019425
2364,0.138290312300489,0.118077886729501,0.106492308741251,0.13111069018031,0.125736357798032,0.136608391547399,0.113388074292935,0.113639654133655,0.109434994902605
2365,0.138269191976961,0.117726132563814,0.106034897922825,0.130897098702691,0.125584757624088,0.136568217012477,0.11280436717615,0.113304659976676,0.10858173059837
2366,0.137959955622095,0.117398636164676,0.105614729355252,0.130635559037135,0.125233042475111,0.136238679879122,0.112483666833243,0.112996094636873,0.108124810741549
2367,0.137490839859501,0.117291126888365,0.105410437426625,0.130079500858024,0.124376127521499,0.135698986670237,0.112284231781943,0.112628359474643,0.108185233853325
2368,0.137161568582363,0.116899898650546,0.105108915997323,0.129695709623968,0.123980705017464,0.13533729667744,0.111943789779076,0.112270872361884,0.107883715620892
2369,0.136771798919318,0.11621610100599,0.104529682750706,0.129599034766833,0.124035384883117,0.134887355238705,0.111836375079869,0.111914314293326,0.107361602929156
2370,0.136414530853729,0.115818080121665,0.104132931937169,0.129288564959512,0.123679582980935,0.134505936047165,0.111520920560158,0.111608775888713,0.107035135972706
2371,0.136259399442074,0.115478436531683,0.104028678971624,0.128815134546985,0.123230197178206,0.134367992972903,0.110887988948242,0.111346855979854,0.106817052980679
2372,0.135915845397313,0.115058720566203,0.103683136431125,0.128380934864598,0.122841031736386,0.134037147956013,0.110373036884006,0.111001574914625,0.106401449326049
2373,0.135370666262545,0.114812205020829,0.103069946641827,0.127877364776035,0.122165637179621,0.133463275871361,0.109857340664265,0.11071123394939,0.105934434615147
2374,0.134942904921391,0.114462927618113,0.102723586265832,0.127464688746874,0.121697474916828,0.133112910856727,0.109423852760806,0.110332381044093,0.105546894416673
2375,0.13449884087339,0.113833248484577,0.102491131814963,0.127012502026333,0.121518506367449,0.132883179547708,0.109043678344787,0.109733462615101,0.10500403617533
2376,0.134096311427603,0.113424754584278,0.102177187565041,0.126693395993628,0.121181519497006,0.132571883719689,0.108591624964776,0.109308094560307,0.104537962826603
2377,0.133725854704233,0.113259807226606,0.10201056303135,0.12667715426994,0.120805670194814,0.132421407609683,0.10819079097449,0.108999684464546,0.104274658746112
2378,0.133411809446605,0.112929578051064,0.101759103172493,0.126348525431984,0.120378281492079,0.132076771024719,0.107776725858234,0.108611278309073,0.103913471293191
2379,0.1332688696085,0.112552170852588,0.101290996845984,0.125800781154803,0.119829981538027,0.131468243754108,0.107288011004491,0.108202861004337,0.103383977458193
2380,0.132906069369661,0.112204161642792,0.100991121664106,0.125467073625558,0.119401976617352,0.131024985381556,0.106788453391186,0.107875743308584,0.102993237371057
2381,0.132349312895096,0.111874477586361,0.100914375680222,0.125113537170096,0.119055849908668,0.130645821581371,0.106256448633409,0.107668137087719,0.102642171823502
2382,0.132008153649174,0.111412560406568,0.100638800838925,0.12469927321787,0.118591993347888,0.130171056445117,0.105835676816866,0.107244578125304,0.102399728372329
2383,0.131768362767788,0.110807344176181,0.10014451583855,0.124469671538843,0.118085085211954,0.129629132284152,0.105517796213825,0.106597153720911,0.102418354624685
2384,0.131315257462433,0.110369964320534,0.0999313173314083,0.124137489994956,0.117664788064432,0.129228526291967,0.105041631969892,0.10626297372985,0.102181409624762
2385,0.130812737029917,0.109896363042479,0.100015438591174,0.12350445957954,0.117172520497824,0.128803859833873,0.104602385896221,0.106082323586419,0.101902660831361
2386,0.130461401121868,0.109454155301088,0.0996854215752325,0.123076748728632,0.116725278000526,0.128432986214622,0.104107491610171,0.105661898817597,0.101586517162222
2387,0.129933590315397,0.109281026000155,0.0991741488083912,0.122880360607782,0.116430558817992,0.128373343026864,0.103341700254792,0.10529732231408,0.101001239923234
2388,0.129513027990566,0.108914565095841,0.0988834261133642,0.122546617396344,0.116096821664517,0.128061859090657,0.102743072121785,0.105026121589795,0.100556892750572
2389,0.129366446936702,0.108367703591016,0.0983429728623399,0.122098412943515,0.115741799000406,0.127482650310643,0.10228881147439,0.104382050884103,0.100198079583103
2390,0.129208334563065,0.107862368533993,0.0978974404796045,0.12181370843749,0.115348379451868,0.127076520548759,0.101795124699433,0.104066394379714,0.099856904681953
2391,0.129154779927396,0.107210379011718,0.0978572771935011,0.121627047166461,0.11486214758637,0.126715165430026,0.101205978758517,0.10449811168666,0.099521220890143
2392,0.128846015585211,0.106749919024327,0.0976587624168283,0.121357625455185,0.114539525869472,0.126281174440502,0.100819172762036,0.104341299403567,0.0992434403799071
2393,0.128359691148004,0.106457397113637,0.0971641912535441,0.121280433937482,0.114383604025483,0.125819022011159,0.100815742944455,0.103716521906623,0.0992420428793987
2394,0.128077395661466,0.106084712044885,0.0968451040314677,0.121001581000638,0.114048155201448,0.125495931253727,0.100401654712022,0.103400682120423,0.0989033515511212
2395,0.127792790386209,0.105800072989709,0.0967985341425449,0.120430980969924,0.113771658145945,0.125151529805866,0.099739670561949,0.103003991635798,0.0982836122595444
2396,0.127331430146548,0.105491269390736,0.0965439232716929,0.11996870527884,0.113415702080099,0.124854350819459,0.0992866538197092,0.102568581230958,0.0978266823035899
2397,0.126800081956194,0.10506782299645,0.0961768804652796,0.119425716169477,0.112805681752416,0.125068150746599,0.098621176837646,0.102433270393308,0.0970841432831745
2398,0.126534562732827,0.104722808964652,0.0958437039211664,0.118998037197581,0.112268482898171,0.124740190534178,0.0980448699715433,0.1021222347833,0.0966217728522718
2399,0.126382265286037,0.104570340498599,0.0953319289128206,0.11872224056954,0.111756450253497,0.12371306898641,0.0978188609422969,0.101253640822712,0.096696296463726
2400,0.125954824916956,0.104243124145479,0.0949601324865559,0.118384386741677,0.111297892464415,0.123200214374786,0.0974693939212345,0.100886439670318,0.0964156538264903
2401,0.125690748087854,0.103759727530589,0.0948295715579321,0.118075433777034,0.110807610623798,0.122766965807771,0.0968689082184262,0.10110450205229,0.0959446946700305
2402,0.125348660337381,0.103349119769701,0.0945163775944853,0.117756330843056,0.11038684458046,0.122232529413831,0.096445056339302,0.100907455769419,0.0955894835114803
2403,0.124502220119239,0.102818288301452,0.0940913091192999,0.117503371095666,0.110198532475332,0.122081770160587,0.096433206461593,0.100766974303815,0.0950584155561665
2404,0.123848867334232,0.102405705467734,0.0937432242451583,0.117068910849527,0.109815639436846,0.121795699412532,0.095981786534817,0.100537817102828,0.0946161229087096
2405,0.123381734748315,0.102306905143844,0.0932129169671868,0.116411750574916,0.109306570594179,0.121242254200392,0.0952161508013572,0.0997823644417407,0.0944126361470343
2406,0.122986114238462,0.10192036235287,0.0928769398483126,0.115930678932055,0.108838336536353,0.120643213591755,0.0945743784229933,0.0992925131118268,0.0941140405733517
2407,0.122618629786297,0.101217590913072,0.0928996642009313,0.115388360588114,0.108213555936609,0.119982779123614,0.093459945050129,0.0990872609993834,0.093841295357472
2408,0.122270501926498,0.100776035883396,0.0926934347676612,0.114911161367136,0.107691139815868,0.119482608332217,0.0927542883079719,0.0987742011244925,0.0934066080314394
2409,0.122126730882183,0.100397123879126,0.092348879845603,0.114726187261471,0.107288196111262,0.118870630524232,0.0925578814516961,0.0985367941436741,0.0925942240198217
2410,0.121889317484814,0.0999159477239984,0.0921253060282395,0.114376603987109,0.106886474734636,0.118370393873181,0.0922232819962404,0.0981834302347021,0.0921846968948758
2411,0.121603578215001,0.0994751334989397,0.0919881127573273,0.11373053520374,0.106613173079241,0.118234522696849,0.0922018516141355,0.0976410856307406,0.0920478983987135
2412,0.121280108219307,0.0991882870527887,0.0916222349628451,0.113356123193845,0.106185098490356,0.117934420622631,0.0918151290145584,0.0971911440867505,0.0916973324033068
2413,0.120878249436495,0.0989054386299205,0.0910887147797167,0.113370183283917,0.105673403030643,0.117535801404358,0.0909456289917467,0.096586545840422,0.0915105651451747
2414,0.120514416333372,0.0985675311569294,0.0907700825623935,0.112977513491885,0.105153973553886,0.11715488759141,0.0903749942020514,0.0962210646674965,0.0913249560816048
2415,0.12013768936534,0.098506405298179,0.0903428154955861,0.112266432096468,0.104353344194457,0.116743604116658,0.0898689597280022,0.0962064313359736,0.0909607986811114
2416,0.119733161360731,0.0982942771647639,0.0899442461595031,0.111906905855544,0.103789707162347,0.116294711475885,0.0892323453824258,0.0960204469809076,0.0905337478653897
2417,0.119211167703936,0.0979023981669556,0.0897641379229846,0.111619035873948,0.10336259359444,0.115676026241279,0.0885188353690805,0.0960206730765749,0.0902039900097721
2418,0.118984410138357,0.0973551009734269,0.0897292846557318,0.111034707629879,0.103119833524682,0.115310078739261,0.0881767533175105,0.0957913089600644,0.0898495028640667
2419,0.118767482344718,0.0969595740109724,0.0891900913297303,0.110678147378671,0.102434539151049,0.11518416278275,0.0877991939511581,0.0951414729738624,0.0892993771015987
2420,0.11814182369736,0.0965002729520342,0.0887397062281318,0.110590913196698,0.101856146541867,0.114851242064246,0.0870956888182785,0.0945542072824124,0.0887019968161468
2421,0.117309040619211,0.0961847033791453,0.0886075865618148,0.110334293760485,0.101701881173668,0.114157767546951,0.086783915398354,0.0939876324480354,0.0885330136014757
2422,0.116904193377317,0.0956990184671946,0.0881602757924921,0.109873894961786,0.101432504763302,0.113561653614754,0.0864662792737817,0.0933944336559536,0.0884587514211319
2423,0.116701189179093,0.0950902029158936,0.0876582664082632,0.109308165106791,0.100966554822199,0.113098397320899,0.0859863856597015,0.0930922578926428,0.0878900222282921
2424,0.116135665100265,0.0950297557425,0.0874707134456279,0.108947812308258,0.100876667265509,0.112442561280411,0.0855568934581235,0.0928293595191642,0.0874104800354579
2425,0.115898527435507,0.0949690844030868,0.0872518465319439,0.108466851336168,0.100339113192363,0.112200988603278,0.0849856947171701,0.0924571211316077,0.0871371286830597
2426,0.115984991860388,0.0948368636956205,0.0869835604538487,0.107848281886787,0.0992675402524509,0.112123056584611,0.0846027098166948,0.0919295877986914,0.086709860801059
2427,0.11553206739594,0.094737800821218,0.0868002014538464,0.107576165148971,0.0992374986462994,0.111303751383312,0.0843247571331958,0.0916044454074158,0.086511632137985
2428,0.115225760758556,0.0942945359912247,0.0864271199302306,0.107350221037104,0.0993688603475981,0.110546182972572,0.0837544090868005,0.0912517355549656,0.086313793414693
2429,0.114993123118403,0.0934097597763231,0.0859056502143951,0.106918224219603,0.098365417804053,0.10998865805174,0.0830093654423904,0.0905196287810363,0.0857193846561759
2430,0.114161253944088,0.0925221988409693,0.0854889880582704,0.106586122013597,0.0976175070588355,0.109212636757535,0.082456620066645,0.0900928316481021,0.084970665182839
2431,0.113541445972559,0.0920542321259989,0.0852916669975158,0.106410599309791,0.0977667804354068,0.10878922179027,0.0819679334061392,0.0899181587818891,0.0847364876106211
2432,0.113410038006114,0.0916256351727387,0.0850231238433917,0.10580853985847,0.0976003380961478,0.108750141499307,0.0814725638640846,0.0896366264378517,0.084752867595942
2433,0.113131718632595,0.091493454713209,0.0847067715153398,0.104842843090925,0.097087035607991,0.108648249336252,0.0810067156843064,0.089370141797772,0.0843333196283199
2434,0.112721554792231,0.0917018305856247,0.0846138110257252,0.104331360700627,0.0970028061050828,0.108454442149671,0.0805325084108656,0.0891432514049169,0.0841890570729462
2435,0.11213963618721,0.0910081961582019,0.0845088365287797,0.103982260236111,0.0962363340991217,0.108038509509305,0.0802053586589622,0.0891009278927244,0.083993414037858
2436,0.11145329062934,0.0897077021208339,0.0842100770240573,0.103479022246193,0.0949827310509298,0.107244136440993,0.0795183412650594,0.0888691990100644,0.0830848650952257
2437,0.111255098648226,0.0891903531362558,0.0834061526029824,0.103300103280978,0.0949591979680822,0.106551506855256,0.0789662821301763,0.0884286162021239,0.0825033580205401
2438,0.110952141154026,0.0889864056223018,0.0826106210147726,0.103141203861846,0.0951267033435351,0.106123330577557,0.0787428793236822,0.0884151170560464,0.0823777964811556
2439,0.110329134510702,0.088763574642808,0.082387772620585,0.102763933059858,0.0944013368860077,0.105910728066616,0.0780663536906039,0.0880631266833154,0.0818915545800117
2440,0.110081644821247,0.0887213008802852,0.0820851333906086,0.102770618237458,0.0935581336570938,0.105797009676873,0.0775613717777087,0.0872084309395036,0.0812711547702897
2441,0.109962290469451,0.0880138402588231,0.0819346634034649,0.102371669267237,0.0931822847875842,0.105596803973437,0.0771242242391149,0.0870178882294865,0.0808807343122775
2442,0.109533564686018,0.0869023761710443,0.0820836950282234,0.10128444084677,0.0929821661830638,0.105292537273636,0.076470320183552,0.0869142624805412,0.0803827197846571
2443,0.10921948250435,0.0868561702594121,0.0816794957506162,0.100982747852853,0.0924680555362451,0.104555569904024,0.0760539800634267,0.0861010532343346,0.0796330784283941
2444,0.109071283565429,0.0875097146443576,0.0808504144471766,0.101062189213121,0.0922603756754626,0.103943221951362,0.0754746716726555,0.085621954447289,0.079428368730007
2445,0.108541381857746,0.0872994861222883,0.0802873411187159,0.100722944586447,0.0920755718106438,0.103852362812421,0.0748982433291026,0.0858688331624786,0.0797956542912259
2446,0.10829687412717,0.0865305866805153,0.0799626651120869,0.100513034238782,0.0911497605938017,0.103416211720609,0.0741377624307045,0.0856156576479898,0.0794503542061074
2447,0.108309726229024,0.0858952539101102,0.0797162634228128,0.100271200415713,0.0907007970283368,0.102741691856567,0.0731776784193099,0.0849253896069584,0.0788588927883022
2448,0.107828740270738,0.0851675945657927,0.0797837958838741,0.0993650338364831,0.0905873825097197,0.102373402720441,0.0727621196205991,0.0846632239253069,0.078766206100431
2449,0.107209194775105,0.0848180526196215,0.0796667207051193,0.0990280980911807,0.0901507569338542,0.102029584622957,0.072399795359785,0.083975637092943,0.0784913792629829
2450,0.106377086859532,0.0847052485497726,0.0791067074546295,0.0994441608919487,0.0899089844556426,0.101604741462638,0.0720488059289083,0.0832015589163431,0.0781657510121665
2451,0.105792496028011,0.0842684443247463,0.0789040341923028,0.0987065339305618,0.0893743476926763,0.101316277898722,0.0715548088185872,0.083230099453828,0.0780712371871479
2452,0.105833901274831,0.0838289180834613,0.0786978600471487,0.0977737467142491,0.0888501109013357,0.101103859582631,0.0708065459932839,0.0831552303139837,0.0778189798641825
2453,0.105608901579831,0.0833624165142702,0.0782765694764115,0.0972687840950548,0.0885212496053223,0.100653447984659,0.0700882223876245,0.0831692245682064,0.0770763130872327
2454,0.10520577820681,0.0829792358660682,0.0782139832933001,0.0965403036976197,0.0877239434817921,0.100024371197189,0.0695786850480927,0.0831076656053194,0.0765166521830098
2455,0.104992754160534,0.0824055542485771,0.0773511029529817,0.0962142005790618,0.087860892358177,0.099908259089911,0.0692171784136816,0.0827488044502964,0.0771639111969047
2456,0.104707243446507,0.0821427108565216,0.076824853474529,0.0959608025879663,0.0875692981555486,0.0995824250988796,0.0686912325898669,0.0825062361788442,0.077004467943355
2457,0.104752797826068,0.0829310980074615,0.0770249840289901,0.0960234287111828,0.0867275140156309,0.0985050362908598,0.0682366654762886,0.0821970341996153,0.0762298301560372
2458,0.104433102734917,0.0829700388916479,0.0768143735644109,0.0958560961553725,0.0864034764656871,0.0980990777126196,0.0678121608065856,0.0815946068920754,0.0759571131946622
2459,0.103431938202863,0.0823523853515994,0.076119820518671,0.0956061731288601,0.0863161505312215,0.0989176749153199,0.0671323637016098,0.0804653181340939,0.0756295273392187
2460,0.102959129087259,0.0820394886796165,0.0758685009359856,0.0954323275680378,0.0859713853583725,0.0984141479621961,0.0666351926696676,0.0800417279708283,0.0751408954076739
2461,0.102840901113535,0.0815346791447144,0.0757242857849073,0.0949227294234961,0.0858942777429865,0.0966865105792254,0.0664219467834253,0.0801032079618524,0.074684262044337
2462,0.102356264256896,0.081020796870578,0.0755581010370865,0.094647137425519,0.0857051326704245,0.0962719758782066,0.0660871073571827,0.0796368924568256,0.074738318901625
2463,0.101646543091891,0.0808996843274124,0.0762126024181707,0.0952175265585239,0.0852417573171716,0.0960093289866132,0.065724951899496,0.0793561790607981,0.0751680450060683
2464,0.101528249635628,0.0805380043637938,0.0760361488092383,0.0948745598917411,0.0846621567050455,0.0953327098079586,0.0654517571964227,0.0793217406831334,0.0749882776701068
2465,0.101981580457023,0.0795313041944161,0.0744883775576012,0.0934518683038948,0.0837664505527336,0.0953864243751199,0.0652618123664454,0.0788511841508882,0.0754032886207135
2466,0.101521182955195,0.0790201719862044,0.0741637262363739,0.0929938720117688,0.0833759225926202,0.0956381225273242,0.0649101439716908,0.0783711733467509,0.075218919985059
2467,0.100741622772056,0.0789549826498726,0.074555818623539,0.092831672359514,0.0834562451840095,0.0956758788678877,0.0644085562401336,0.0783252471221489,0.0730339359895398
2468,0.100547485335218,0.0786293265316953,0.0741615574345189,0.0920841768356499,0.0830162184834078,0.0950334046730081,0.0641208976791784,0.0783179144510562,0.0722749195310995
2469,0.0997286581602505,0.0784681303458079,0.0742249985765524,0.0916379299483771,0.0822566693498,0.0947813893776044,0.0639091188575162,0.0781389035156063,0.0727299045976258
2470,0.099089904750463,0.0782078234901671,0.0742846933405927,0.0913732882491112,0.0820664910762325,0.0943637571532456,0.0635620205719967,0.0777976203099929,0.0725597407479842
2471,0.0994207131353649,0.0772370497055293,0.0732909992947324,0.090183505101504,0.0821937980313335,0.091916168393634,0.0632214992476181,0.0776780190583722,0.0727623880478402
2472,0.0995786002900366,0.0770570688728015,0.0726656785167342,0.0896835790235304,0.0816194954953669,0.0910369593519784,0.0630893735271272,0.0775598380602575,0.0729744355106124
2473,0.0994370765914323,0.0781105376503803,0.0726572733976982,0.0905473307918729,0.0809407251630214,0.0921440196568895,0.0629165313899236,0.0769833975301116,0.0729925498369725
2474,0.099173737470694,0.0780138325709538,0.0727429078205055,0.0906463556311177,0.0808454444841492,0.092153188092484,0.0628358911810997,0.0765298987937682,0.072513812286675
2475,0.0994519157467811,0.0773045587715676,0.0728551964700434,0.0904438004190845,0.0807508528079316,0.0922855711367181,0.0631545890892842,0.0768062901159686,0.0716292974496334
2476,0.0991534512870456,0.077076853146256,0.0727099875709799,0.0899965389740285,0.0797807692331815,0.0921942873706947,0.0630887652318523,0.0763535747959473,0.0713750662635231
2477,0.0972264355382928,0.0761908629446697,0.0727060434651671,0.0888788983568589,0.0782341991223468,0.0912174401858619,0.0627490749217181,0.0747052425199291,0.0708376331961576
2478,0.0967287602998957,0.0756721546085488,0.0729024338345834,0.0883995661831325,0.0780580734463832,0.0903711335257889,0.0626056404268159,0.073955958551669,0.0703413608870529
2479,0.0976699955955316,0.0760799152362215,0.0729805550715385,0.0883250810973645,0.0779743282605181,0.0894534874656004,0.0625499293704994,0.0732559953195515,0.070824718895031
2480,0.0974491056999006,0.076367941722566,0.0728273583714902,0.0878519446048451,0.0773722149346504,0.0889839806813555,0.0623233928627216,0.072984153691505,0.0709869130956843
2481,0.0971518213646465,0.0766803940387301,0.0730759300061269,0.0872523111845369,0.0783363209683833,0.0885596952751567,0.0622369808067956,0.0741718557304463,0.0708793099514778
2482,0.0971761870974558,0.0763733523540878,0.0728558476556806,0.0870037166635867,0.0787807000900721,0.088384067051278,0.0617409222197995,0.0743233262105281,0.0703065879970149
2483,0.0960242948522908,0.0756791697645167,0.0716744487044362,0.0867211538353377,0.0775589247092113,0.0890066566587336,0.0601130715102182,0.0739595256581884,0.0690027141453915
2484,0.0957350467295284,0.0755768498854295,0.0710547579499781,0.0861965223828724,0.0769859304005807,0.088945426842832,0.0597337983991286,0.0735520324598102,0.0685803097623161
2485,0.0974764035396222,0.0750392324669803,0.0704502202238732,0.0861589895938278,0.0776120424242913,0.0885720652281607,0.0605052812356142,0.0720979558440779,0.0681875055326433
2486,0.0975557950266411,0.0750457919293022,0.0703915765208804,0.0859167430781056,0.0774255468883424,0.0883426905671902,0.0603172629414149,0.0716233861357703,0.0678534864196273
2487,0.09621149739261,0.0766523156134392,0.0711572950071359,0.0847063289323415,0.0759705243745757,0.0878219970462145,0.0602598561600133,0.0717935823334683,0.0685221746660417
2488,0.0960512789188711,0.0765570321878682,0.070801614647182,0.0844164468062059,0.0755354161928681,0.0873004117291347,0.0600630990991582,0.0721414390110673,0.0691194903391474
2489,0.0958530206033931,0.0751612717674754,0.070468472561176,0.0848648606310788,0.0758154310161678,0.0868276573718059,0.0585304609542775,0.0736338882113178,0.0694860423345284
2490,0.0954811529452191,0.0746057294966955,0.0703423522540604,0.0853705080035364,0.0755402236689989,0.0866395876189348,0.0581505211056769,0.0736886373815429,0.0690603156301654
2491,0.0959712085505841,0.0736399138163423,0.068768123485093,0.0865699250257467,0.0755063644581307,0.0867403242826867,0.0596021357797587,0.0728030511405295,0.0682942240220692
2492,0.096145937736517,0.07287483666189,0.0684685820086931,0.0867596447128676,0.0753685367384548,0.0864955674663828,0.0595309254836038,0.0725464477376962,0.068660396428395
2493,0.0953493418872922,0.0722301062592032,0.0697538968138532,0.0867715512774572,0.0747202196301184,0.0853654088900679,0.0580833139477723,0.0716535860514047,0.0693736548013558
2494,0.0947674351365729,0.0724477543963934,0.069760838600198,0.0867237144786527,0.0747227974038576,0.0858598574614772,0.058028660869153,0.0714087845939722,0.0688391476174136
2495,0.0949739341683102,0.0738181030165551,0.0696588393162522,0.0858186228199457,0.0753013785313503,0.088398129436228,0.0585000700934,0.0722576127449165,0.0681388282691711
2496,0.0950648664383566,0.0734491383764426,0.0696795516205883,0.0852114981724327,0.0748591930732283,0.0882202286059046,0.0579262520208485,0.0727758365393842,0.0686943694524796
2497,0.0946765532391559,0.0729201681561516,0.0691049308747816,0.0844407958642283,0.0739586398801686,0.0874288409144018,0.0579711046280429,0.0729724779924643,0.0687900363223159
2498,0.0942487450766797,0.0726761477441413,0.0687688787974271,0.0845540877156634,0.073836473151069,0.087155013156159,0.0579087854650298,0.0727775004017552,0.0680002744765082
2499,0.0942252629676689,0.0707183449258386,0.0688355259283836,0.0857698102890856,0.0735340987026562,0.0843026336433741,0.0554789611458669,0.0728340718846487,0.0687583485813521
2500,0.0935571276089171,0.0697468290397613,0.0682685079293105,0.0856005624415092,0.0733903819687936,0.0832402730064029,0.0554326189233263,0.0723959783044818,0.0689359248498929
