"wavelength","102","104","108","111","114","117","120","123"
350,0.085877972901664,0.091293148162643,0.0773321044457699,0.0781445060401563,0.0832814732578321,0.0923687334179999,0.0891900076104662,0.0834776825825913
351,0.0869561271481795,0.0910329967097612,0.0790221754691304,0.0807933433113266,0.0832412667838283,0.0894864807804634,0.0923149579809305,0.0854389269676762
352,0.0858245512170521,0.0849291645442883,0.0740649479032554,0.0787820693237658,0.0807337857881122,0.0825374154131076,0.0905877054604912,0.0814828428488754
353,0.0851119059466208,0.0860948935685331,0.0778328032106864,0.0773457649447828,0.0850919721640532,0.0855575081651169,0.0879544861483296,0.0837994090772216
354,0.0826401772951196,0.0863838500880535,0.07441845436978,0.0760305264769744,0.0844209069311798,0.0854382699472415,0.0874987929938699,0.0823849222376937
355,0.0801306425704357,0.0861228016399744,0.0697297601106015,0.0752219400014348,0.0814661936133103,0.0837524044337055,0.0880361278015313,0.0807178269620925
356,0.0797395030006638,0.0868018841063828,0.071666983375799,0.0750860657068346,0.0810685788635443,0.0843577570705531,0.0878421352072679,0.0830555506185387
357,0.0811265582027427,0.0854533865503089,0.0709256051554594,0.0738614094532817,0.0798962581988983,0.0843516920253372,0.0888518474849229,0.0805187897036813
358,0.0833766153022317,0.0857539118801649,0.0708827234171869,0.0751499514536666,0.0788754769137761,0.0848647392475833,0.0891493873446766,0.078514831859897
359,0.084473251154068,0.08786862956842,0.0721199852126857,0.0780305611180805,0.0780014532675479,0.0854162836409568,0.0877193737734172,0.0791009618143628
360,0.0792497270215503,0.0843112846884374,0.067729870998355,0.0715433705594199,0.0741821830385134,0.0812453672468786,0.0849154764874502,0.0763942122550814
361,0.0784166450297976,0.0837590362923331,0.0680955441492652,0.0711577287874295,0.0749502731205432,0.0812580279559845,0.0843439570947722,0.0770313237101858
362,0.0819828472154677,0.0863038391738608,0.072176625556914,0.0763429970843279,0.0791320464269884,0.0844437813533226,0.0859133203464133,0.0799393921210928
363,0.0839641347035995,0.0873713291056434,0.0727509148917759,0.0778567515536731,0.0806904156404577,0.0844149100642555,0.0873399904516793,0.0800240662835787
364,0.0843954916953628,0.0867261636925203,0.072709058050443,0.0775201752446849,0.0799893680392007,0.0851847205234285,0.0871792382984236,0.0820543510495988
365,0.0823888350891847,0.0857235078524232,0.0722693592251052,0.0757945546553101,0.0778711898433683,0.0845291549649905,0.0860607854551016,0.0822691712768895
366,0.0783656051370964,0.085666696377062,0.0712068944092334,0.0736581013629132,0.0759817846159454,0.0810605187873734,0.085018443358036,0.0781329407389273
367,0.077798940035471,0.0859451645314844,0.0687781497123305,0.0746509925085005,0.0786984871494893,0.0815591334522317,0.0843142440999274,0.0790300380767488
368,0.0794411029510176,0.0851446186599966,0.0682455435519434,0.0752444297094423,0.0793717009393188,0.0837839493901542,0.0852148495319034,0.0804866554846655
369,0.0813791280633618,0.083851202564661,0.0703432111827559,0.0744007859528964,0.0768909402696092,0.0856338746850986,0.0875350317747171,0.0803217334080214
370,0.080859715072121,0.0862125904956233,0.0723178614012207,0.0753322527482771,0.0793161388654989,0.085520880737321,0.0891521232666515,0.0804812023740004
371,0.0792211653890802,0.0869317357307767,0.0716403789584784,0.075088010272315,0.0809842528574252,0.0839485295193558,0.08754423546392,0.0803597502825902
372,0.0785482079183036,0.0861641555779972,0.0696987349170571,0.0740048089727313,0.0803849887082124,0.0825607123089123,0.0849587371378343,0.0798999817232498
373,0.0810447181319059,0.0863879518016553,0.0698642658688941,0.0738377459005758,0.077984968635288,0.0834138938367349,0.0857736901438639,0.0793507903689491
374,0.0815375859987149,0.0861729308305527,0.0719086810424203,0.074632420514588,0.0789478812835659,0.0834955749126653,0.0859539127719477,0.0807040427309297
375,0.0807781219022154,0.0863849833499168,0.0728716337539136,0.0749277464357505,0.0804820534716385,0.0826646191080334,0.0851399366143015,0.0807919637049499
376,0.0801509687426207,0.0874759988871687,0.071109382336245,0.0739082323073663,0.0799891372199419,0.0816952205017376,0.084233522931639,0.0779939854356169
377,0.0794333049195186,0.0873891735326073,0.070993716232667,0.073846863238879,0.0806606583673668,0.0829790791658045,0.0868335592903771,0.0792027768202893
378,0.0778970095589518,0.0860636557552465,0.0701417012105286,0.0735318831466264,0.0800743543768014,0.0831127177171296,0.0869702757604486,0.0802333807736234
379,0.0765862131352393,0.0847139515462431,0.0688330546340384,0.073001217960476,0.0783542304398949,0.0816737847807338,0.0842772818863908,0.0794254142979396
380,0.0793049477247211,0.0864728394447117,0.0712051146110192,0.0740686717746468,0.0791359646539289,0.0821640335684683,0.0858439125851773,0.0782623351120696
381,0.0796075491915699,0.0870318079649413,0.0723142206234938,0.0750255922630386,0.0790872553794493,0.0823856407548894,0.0861058566602228,0.0779779479761281
382,0.078344544580103,0.0863720761140202,0.0720333998799095,0.0751240605951411,0.0785498476363752,0.0821959791699834,0.0854115093305046,0.0784214513882521
383,0.0789585122642695,0.0861078933536104,0.0719428742734468,0.0742019969560421,0.0790285663787761,0.082117256230969,0.0860204905423783,0.078772848216579
384,0.0798599665272052,0.0865304917045029,0.0706937578212068,0.0743694231927009,0.0789982522417585,0.0815715217905675,0.0864698136420858,0.0782703523053231
385,0.0805745585881646,0.0865318365885436,0.0700721627568705,0.0749669082544775,0.0788225032699363,0.0822849314663382,0.0869273313683186,0.077938685869586
386,0.0807284029717907,0.0856136901510347,0.0708615661103044,0.075036667974745,0.0787934694053253,0.0843362558865997,0.0872995377154688,0.0783955257335589
387,0.0795861792435016,0.0856358095163918,0.0694429612030333,0.0736646684990361,0.0780817458897628,0.0814856743458483,0.0856361142535112,0.0782481099819777
388,0.0786474101718093,0.0860247560020754,0.0698157980338176,0.0735361416588571,0.0777861006546655,0.0809138159829797,0.0857920824533822,0.0784156793240191
389,0.0786723279642531,0.0864369846469194,0.0720539167935152,0.074761997991688,0.0782565795437233,0.0836010752872974,0.0876455793205112,0.0790666281958024
390,0.0797620583524628,0.0867317343901746,0.0718505966272226,0.0745832127632597,0.0790720342536349,0.0837371302377889,0.08654229691876,0.0795646848643648
391,0.0804294157257921,0.0878060399700041,0.0717303577295398,0.0750253430935302,0.0800996768107915,0.0841082216760948,0.0868589071352053,0.0798612179650793
392,0.0807562204940835,0.0886002289316491,0.072062724904155,0.0758791032749981,0.0808078331457106,0.0843994728397396,0.0880260050407626,0.0802587475442223
393,0.0811456792480773,0.0876523207137915,0.0723995263180689,0.0761763809429836,0.0805962077977649,0.0835760127345563,0.0879754558675238,0.0809515689571067
394,0.0789655416408958,0.0865392158838817,0.0707004206448293,0.0748896537821437,0.0791811767198975,0.0827923090108706,0.0869950322391134,0.0793344981991756
395,0.0774013760047236,0.0865043752674141,0.0699104634792209,0.0741531665888826,0.0788043930515085,0.0826939559316374,0.086338685051081,0.0785204423605343
396,0.0785144849588782,0.0877281162793541,0.0716050684780939,0.0751187409657739,0.0803647754317296,0.0833539414555149,0.0866695309741558,0.0801111828707742
397,0.0797198398653215,0.0878124773424468,0.0721202668476261,0.0753109196517181,0.0804473704069007,0.0836742695196503,0.0867574793043498,0.0797236867631308
398,0.079557437379399,0.0875056016432849,0.0718118460403969,0.0749392126820385,0.0798324560647165,0.0833750262528982,0.0870042472105194,0.0787583862373794
399,0.078516691581807,0.0873585723903164,0.0713294254568554,0.0746393404631306,0.0793414210169039,0.0829161033672812,0.0876076232730593,0.0784108943537436
400,0.0791860352668348,0.0877989940953084,0.0717114652770157,0.0756373659704998,0.0799697471105162,0.0836514226256517,0.0886640570868334,0.0799100721826376
401,0.0795176644293261,0.0878164215266518,0.0716000127413485,0.075529581352903,0.0799067794557932,0.0831942126302502,0.0884093729678767,0.0797259732995075
402,0.0797933592807795,0.0879581075512222,0.0718138070256357,0.0750939006610635,0.0798073170117429,0.0828697323074773,0.0876051364470214,0.0791753728436213
403,0.0808132779769035,0.0890468116676887,0.0735022238280725,0.0759477418024977,0.0808939911720553,0.0847318885501574,0.0877458213653683,0.0807455891683952
404,0.0810043220935566,0.0892653120623774,0.0738261345761983,0.0767330125774496,0.0814216422409562,0.0851068518034009,0.0881109829853411,0.0811842420060963
405,0.0807714002364505,0.0888127069269447,0.073247848868644,0.0768640150057783,0.081372692679076,0.0845985774805318,0.0883120771501261,0.0807153965053187
406,0.0806988978904333,0.0883188333169195,0.0727257812570861,0.0763902423476881,0.0811018865144558,0.0842425225115964,0.0882693571339067,0.0801134459730837
407,0.0813252268818124,0.0889617669123138,0.073464458060416,0.0768915293606052,0.0813501954306564,0.0847885943413102,0.0887108321153002,0.0804502435016475
408,0.0810092782732809,0.0891647825159309,0.0738354898876041,0.0766851700449231,0.0814322497995454,0.084745445005492,0.0887557093971177,0.0804773943466111
409,0.0798663253651598,0.0887111299102805,0.0733972473047185,0.0757898742580198,0.0812011004129643,0.0840329964017663,0.0884040428588232,0.0800394938391846
410,0.0799196179795186,0.0888514793269014,0.0728795065719719,0.0761056822241643,0.0810445255831002,0.0840874898052275,0.088615030920205,0.0801634299785422
411,0.0804639380087125,0.0889618187714721,0.0731172942768759,0.0765097542216581,0.0814388567839231,0.0844423027527604,0.0889418427383775,0.0802966361025882
412,0.0808319873527525,0.0889444835322901,0.0736047518426724,0.07663988574876,0.0817847634931416,0.0847713683559565,0.0891066880758499,0.0801993963574671
413,0.0804480541855901,0.0888843388697705,0.0734166647185671,0.0764201225616242,0.0812501064801468,0.0848052152159809,0.0889270628461081,0.0798069830083628
414,0.0803874240559711,0.0890318462350452,0.0732135246594064,0.0763040290430403,0.0812448600927588,0.0849116684254031,0.0888768516545735,0.0799515538266547
415,0.0808988933279621,0.0896318975034055,0.0734539315179907,0.076662402586232,0.0817179811285595,0.0851839649880425,0.0890647492057542,0.0804926946433768
416,0.0817748726017234,0.0905604589894726,0.0742207854261863,0.0774627955643228,0.0823245243090788,0.0855788067803565,0.0894406413799201,0.0811093011460526
417,0.081883996579511,0.0906114207508541,0.0746796203919339,0.0775463387171329,0.0825456945205041,0.0858297015587878,0.0897354496696158,0.0814866132875963
418,0.081619671288167,0.0904073263617561,0.0746728038025013,0.0775712029363759,0.0825873999219979,0.0857199642945595,0.0896977834327557,0.0812813323462913
419,0.0813830728816652,0.0903501789772859,0.0744538486455326,0.077737707053901,0.0825658508090178,0.0854216268426934,0.0894364332075238,0.080772047145955
420,0.0815983215159215,0.0906009801900558,0.0748225736768258,0.0776294634424038,0.0824390268244016,0.0855990570376395,0.089494961636803,0.081071335734563
421,0.082213302241004,0.0908814925933715,0.0752077055416614,0.0777028825058754,0.0826221024511982,0.0861091037055898,0.0898894555777214,0.081459764385195
422,0.0828337489871917,0.0913086306414518,0.0755966607002443,0.0780583781610731,0.0831281103208078,0.0867208796441113,0.0903897108161396,0.0817819901544406
423,0.0829428325847626,0.092099397145683,0.0761534862623165,0.0786254087813738,0.0837581273040039,0.0871231948969575,0.0906549207049972,0.0820677920276272
424,0.083077059857046,0.0924331323529675,0.076531619597784,0.079008762037982,0.084003124222132,0.0870096669442256,0.0909361315204771,0.082126427522387
425,0.0832224082978346,0.0925559727603907,0.0766761814033498,0.0791729341831948,0.0839870207268856,0.0869051473780536,0.0911213562261188,0.0822780730168001
426,0.0832998141593286,0.0927823082134025,0.0766521749195626,0.0792165789973975,0.0839508781872666,0.0872273718367539,0.0911221190310588,0.0827208652876171
427,0.0833051785358389,0.0928867379380703,0.0766919215155821,0.079431278968372,0.0840641265463795,0.087442217644771,0.0911238881739336,0.0828648483741591
428,0.0835751355243295,0.0931967235242694,0.077000666638424,0.0797425053279567,0.0843440007094557,0.0877042858641157,0.0911999801832042,0.0830005571444438
429,0.0841034598138858,0.0936672774740671,0.0775239554566349,0.0800325334078893,0.0847042711865289,0.088037732936195,0.0913823567445981,0.0832167663360832
430,0.0843186983129954,0.0935476889176948,0.0777898177793342,0.0800491037167163,0.0849017646813841,0.0882114054404367,0.091641778104747,0.0831960967688249
431,0.0845472165453256,0.0938086246549925,0.0780981925059199,0.0804912957772789,0.0849557998622205,0.0883681761941184,0.0921335465019731,0.0834114202860123
432,0.0848882173497138,0.0944703837335692,0.078528828688227,0.0812600600348624,0.0851652083814978,0.0886361770963502,0.0927331652132045,0.0839128159038034
433,0.0853432963142677,0.0950515333692401,0.0790557339686085,0.0818094557987848,0.0859798882906876,0.0891351547477445,0.0931536270342101,0.0845156758660935
434,0.0859165483490171,0.0954951485024416,0.0794454782819723,0.0820561118835392,0.0865099592024257,0.0893856023952254,0.0934034565390431,0.084866318378587
435,0.0863319884871826,0.095749932644183,0.0797295565111509,0.0821006826765045,0.0866913398980964,0.0895442834700561,0.0935755328439397,0.0849934670227214
436,0.0863769981163659,0.0958310672325363,0.0800201563698728,0.0821408043521272,0.0867070761609672,0.0898538169304393,0.0937696876529353,0.0850595859001533
437,0.0863817716491327,0.0958963707385047,0.0804832468516327,0.0825032446855387,0.0868742621220434,0.0901791287870455,0.0939318395771718,0.0853096222402318
438,0.0868262594473684,0.0963947601591794,0.0810099469024543,0.0831696031648641,0.0873517589737738,0.0905647918314629,0.0943192976839251,0.085868317691299
439,0.0876836071294965,0.0972725849528765,0.0814326938230201,0.0838882812208174,0.0879851907027844,0.090977098110599,0.0948891195273723,0.0865287633048305
440,0.0878489804641011,0.0973514716020733,0.0813724383566248,0.0838765848764783,0.0879160677626315,0.0911659168436113,0.0948681417100511,0.0862924620033803
441,0.0880477662255709,0.0975986300364622,0.0818403033536724,0.084079524706648,0.0881503133368397,0.0914187181570362,0.0950916777359066,0.0864239120027498
442,0.0884963762606894,0.0982169524004405,0.0827663510978675,0.0847056173537702,0.0887652644365009,0.0918215133180844,0.0956911708737375,0.0871236320049756
443,0.0890705203066963,0.098864914944082,0.0832163880472325,0.0854283824997132,0.0891320910315559,0.0923193706459751,0.0962798151064722,0.0878016769781
444,0.0895456722047805,0.0993676618172025,0.0837218066942867,0.0858966635976064,0.0895043190845998,0.0927480044072168,0.0966015919851287,0.0881192542301493
445,0.0900173208170661,0.0997510269974206,0.0842263634556152,0.0862680598733299,0.0899471858064064,0.0931695707895564,0.0968643148837781,0.0883506853945553
446,0.0906294533448352,0.100120005370406,0.0845637131124989,0.0868259180566561,0.0904578370964288,0.0936841270786443,0.0973648543894946,0.0889042438374525
447,0.0910095123546172,0.100526635194926,0.0850250755998733,0.0873389235972667,0.090863129474082,0.0940630750540702,0.0976803422016101,0.0893559675939849
448,0.0913097837188272,0.100921176038462,0.0854651558381231,0.0877599618713469,0.0911182734246012,0.0943826274658963,0.0979684558338886,0.0896872555246451
449,0.091695037520319,0.101277977899937,0.0858103695493588,0.0880872894034191,0.0912875464785733,0.0947268163695468,0.0983595226455201,0.0899709113780228
450,0.0921876832434632,0.101663876258157,0.0863418959344917,0.0883283828345457,0.0916742696459156,0.0950818759673237,0.0986825751564623,0.0903713451575793
451,0.09275838692897,0.102171151645405,0.0869448130700836,0.0888567848310727,0.0922525638294122,0.0955368173020428,0.099220082726648,0.0910011520575148
452,0.0933389129355405,0.102767776626151,0.0875038602540394,0.0896009526650227,0.0928803219781854,0.0960875431227486,0.0998987189069888,0.0917068893603956
453,0.0938068552745785,0.103271303145514,0.0878716381789707,0.0899229229887436,0.0932470360206961,0.0966300028276097,0.100185627596811,0.0919747781572012
454,0.0942059724244914,0.103723473254286,0.088360122030959,0.0903258724991382,0.093610460164379,0.0970512958022169,0.100565045478049,0.0922392154609187
455,0.0945572275808274,0.104110362593868,0.088886979974631,0.0907747711567935,0.0939586021336455,0.0973796202552972,0.101028856538502,0.0926466308260988
456,0.0948893136103611,0.104423161690091,0.0892209593676845,0.0910535461700897,0.0941992545861205,0.0977199568685371,0.101381697479694,0.0932105653030433
457,0.0953300058655595,0.104912749113453,0.0896529691803022,0.0915890674160435,0.0946773035401315,0.0981284934053936,0.101744426157145,0.0935274140248796
458,0.0958446751967766,0.105491597378062,0.0901238981185885,0.0921610717292661,0.0952074434836152,0.09857324761144,0.102149371294554,0.093878777891824
459,0.0963506138821858,0.106011377902409,0.0905464024003383,0.0925337421564933,0.0955713041901118,0.098995790595954,0.102570876482123,0.0944934803992621
460,0.0966765972860005,0.106342052064165,0.0909650790202289,0.0928925000124797,0.0958034914480254,0.0992857400531821,0.10274597944956,0.0947833395492219
461,0.0972284830329105,0.106778783272228,0.0916154310507469,0.0934661047286646,0.096296395599059,0.0997483008248345,0.103259856745733,0.0952626855441109
462,0.0979916948972772,0.107363616283331,0.0924071002108666,0.0941986887439809,0.097022671463977,0.100406315349518,0.104125774067595,0.0960092524587496
463,0.0980807172405568,0.107635764067868,0.0925891803858222,0.0944828996355886,0.0971057253659495,0.100737343810383,0.10420902584569,0.0962039566713881
464,0.0983947143621766,0.107941133094225,0.0928396236908746,0.0948365753216984,0.0974477678691872,0.101033807273384,0.10440600395348,0.0964373818460034
465,0.0989806472407872,0.108347176183783,0.0932830871808118,0.0952714946367042,0.0979986591755338,0.10139755281031,0.104837024850878,0.0968082693889811
466,0.0993574083299607,0.108762088047146,0.0937190380719367,0.0954949144316498,0.0981096732147781,0.101836907294419,0.105167283426916,0.0971342249465799
467,0.0997805774753493,0.109219267666061,0.094259153762429,0.095951815996876,0.0984707260794589,0.102225815981569,0.105575461421193,0.0975416709526027
468,0.100174400808906,0.109599885560205,0.0947230575529898,0.0964897047984268,0.0989221208154127,0.102533522591001,0.105966592905078,0.0979048593424974
469,0.100420517515948,0.109799008948572,0.0949189978993119,0.0968324171374736,0.0991498427019009,0.102770287244657,0.106209793230023,0.0980852165031432
470,0.100665417118324,0.110079858484316,0.095079763819649,0.0970530035587668,0.0994503591407658,0.102979216998002,0.106395316437128,0.0983192667093785
471,0.101016480960503,0.110388964463253,0.0954836329921593,0.0974087142192451,0.0997737669465066,0.103346928643134,0.106687943668871,0.0986047301383208
472,0.101486673712549,0.110687209262592,0.0961481850161551,0.0979725489005597,0.10006662135502,0.103906074064471,0.107145763870842,0.0989274359955657
473,0.101849577087998,0.111055137637104,0.0963869030777827,0.098281098373817,0.100333666800118,0.104258944395756,0.107547575924037,0.0993013869286202
474,0.102329928300321,0.111555675453997,0.0967382486587866,0.0986555715237058,0.100757928250466,0.104640032397516,0.107981102792875,0.0998650120101166
475,0.102872226025844,0.112078513732886,0.0972793694206259,0.099106716874256,0.101263359598363,0.105038703518183,0.108379751844267,0.100459373002587
476,0.103082842130005,0.112279430026225,0.097575888779375,0.099279486013147,0.101456745978797,0.105143393777582,0.108463656739465,0.100537806228912
477,0.103409572526488,0.112663813024473,0.098039057949676,0.0997401884575718,0.101720966768289,0.105568829286194,0.108907578450861,0.100806490427815
478,0.103853273638625,0.113142863351359,0.0985865750617883,0.100290766340135,0.102118894554833,0.10614206037021,0.109473289611006,0.101188599761778
479,0.104247069058022,0.113408650010411,0.098957554329302,0.100472246039688,0.10257573061278,0.106397508644946,0.109593864640488,0.1013294765555
480,0.104723168601946,0.11373178838463,0.0993377072145615,0.101007730261808,0.102874058666065,0.106801867982966,0.109986597367754,0.101719132850473
481,0.105159042698247,0.114137436840005,0.0997389682836861,0.101564136096102,0.103146352633306,0.107218301230298,0.110424444370847,0.102158525988332
482,0.105450723350744,0.114563401580352,0.100139722790342,0.10178709315746,0.103515765346694,0.10748039675171,0.110652326289891,0.102425337166156
483,0.105712735371242,0.114740225166257,0.100490392858611,0.101996993586935,0.103754493268876,0.107712963286775,0.111013779822423,0.10271795567054
484,0.106162601200502,0.115078692074861,0.100941852617915,0.102416220025338,0.104103313174153,0.108124384670479,0.111412662022934,0.103049650936725
485,0.106784374304616,0.115686724695651,0.101499077075227,0.103025805485556,0.104637023078526,0.108706956072089,0.111772687800776,0.103414525121315
486,0.107136718037611,0.116102696500287,0.101895707705101,0.103366920501884,0.105141070579291,0.109053548327693,0.11206553885512,0.103794339050968
487,0.107372050986734,0.116391735848709,0.102181874108273,0.103760369544551,0.10542477559159,0.109371176206631,0.112418889734076,0.104148732903151
488,0.107679974517699,0.116682977980467,0.102514683109636,0.104260427120318,0.105641390838506,0.109785403057792,0.112826265982798,0.104507143814335
489,0.10831675944215,0.117186981081633,0.103155055730322,0.104761647620081,0.106213934008939,0.110396687827163,0.113186835736347,0.104952031638633
490,0.108790663734864,0.117592615174678,0.103620179214852,0.105182061645257,0.106542680436175,0.110742663556214,0.113593231688956,0.105277315733922
491,0.109118948047297,0.117933130685294,0.103963473327682,0.105574686816258,0.10676392309278,0.11102363510752,0.113981824124145,0.105585378446056
492,0.109471316920559,0.118328049981026,0.104376148603432,0.106015531110366,0.107173571930058,0.111557402134125,0.114277849406111,0.106024888540015
493,0.109953519467586,0.118751596101177,0.104801577971076,0.106376485241443,0.107551258662222,0.111932811443844,0.114684490645795,0.106363743228583
494,0.110407867856328,0.119138643324808,0.105249440138544,0.106761230824874,0.107921336733578,0.112234240152539,0.115057191576925,0.106624047815307
495,0.110760602715178,0.119481286236536,0.10574092423722,0.107254335068832,0.108323033589927,0.112584670805555,0.115342244850692,0.106907816014782
496,0.111269375673255,0.119949927947199,0.106343047780541,0.107829824773346,0.108758907672053,0.113059113245516,0.115871901905901,0.107494612385011
497,0.11182016169657,0.120464920660246,0.106845549933427,0.108407025453457,0.109244103777568,0.113570099382003,0.116450602301589,0.108037817582389
498,0.112332393214299,0.120931026420422,0.107226984718297,0.1089316889117,0.109725257597863,0.114046145845877,0.116944062955229,0.108399596493301
499,0.112746813816391,0.121183202678775,0.107702567575978,0.109364488970776,0.110029304190051,0.114413184490077,0.117255236471635,0.1086628956048
500,0.113191425734376,0.121665593791314,0.108230297583067,0.109818664007345,0.110455500105655,0.114822684726666,0.117639780625851,0.109078504637056
501,0.113692341170854,0.122261400466978,0.108788343324955,0.110305622219926,0.110974476839948,0.115282678637946,0.118111488545651,0.109631679812727
502,0.114217730068252,0.122590740667254,0.109345179268862,0.110785781168585,0.111397003556211,0.115730454500335,0.118560021360988,0.110157478987005
503,0.114503197462913,0.122865865015149,0.109739987783347,0.111199679720177,0.111610780490479,0.116080721116939,0.11876047736799,0.110379334667191
504,0.114873752880887,0.123265130921066,0.110198859248717,0.111658662159155,0.11189426079593,0.116487651955269,0.119022019451213,0.110623130948424
505,0.115605590033706,0.123863545659734,0.110897534583214,0.112244138242401,0.112470046938548,0.117073628631846,0.119613714815882,0.111193518093958
506,0.116058771949427,0.124229752721417,0.111313052237206,0.112690673945785,0.112816996141989,0.117537918397512,0.119973960625723,0.111567888356458
507,0.116450754309211,0.124641833486295,0.111677101142859,0.113118799560542,0.113129999778888,0.117921514426962,0.120347070164415,0.111921251519063
508,0.116943599856953,0.125222157138146,0.112156818689797,0.113624089977538,0.113572357433018,0.118301501139606,0.120875384423531,0.112381378929014
509,0.11746718025034,0.125658899967932,0.112686074828092,0.114221859886948,0.114185221215261,0.118793959294337,0.121387258809708,0.112889623739375
510,0.117963273798813,0.126055104812554,0.113213501067926,0.114723181628293,0.114632838079537,0.119264745179649,0.121805889191822,0.113374170222158
511,0.11841336149365,0.126454682444881,0.113715579517575,0.115133145590181,0.114898045491654,0.11968454683127,0.122143001360257,0.113798426744558
512,0.118830468341783,0.126861627739112,0.114191416754721,0.115640771616904,0.115251625325046,0.120112830689107,0.122495099944249,0.114149916799749
513,0.119342468176039,0.127318215279077,0.114700649096049,0.116105581498878,0.115697482007823,0.120556306226613,0.122927690853305,0.114549243055122
514,0.119889667106785,0.127806754511752,0.115255389334676,0.11658806148651,0.116205407067172,0.121032826658802,0.123398783655673,0.115005459242513
515,0.120346813328247,0.128278638433583,0.115835666551546,0.117191089187279,0.116704919483032,0.121545384964157,0.123825556101532,0.115475008127904
516,0.120733753101128,0.12861550741647,0.11626138675044,0.117632912263074,0.116974851593925,0.121884080826327,0.124239327009117,0.115827745571104
517,0.121218106304084,0.128998045461498,0.116744142960067,0.118063574502129,0.117322242031038,0.12227515771791,0.124691906082757,0.116232786733784
518,0.121875217192015,0.129560907464996,0.117427175608133,0.118628846265776,0.117958586433827,0.122879501659044,0.125194832718563,0.11680741264762
519,0.122328531198301,0.130083423794298,0.117938618225535,0.119185321938722,0.118388798504014,0.123325390093656,0.125575406796167,0.117280686863098
520,0.122825877625909,0.130583206770427,0.118455247278655,0.119715410669718,0.118844004143474,0.12379802708446,0.126005562727308,0.117737901992428
521,0.123457414433466,0.131086292741274,0.119065487115561,0.120250159280806,0.119410561300861,0.124369445861457,0.126551012526509,0.118242033599818
522,0.124004484175034,0.13162131972968,0.119681275864931,0.120921198508063,0.119876937084324,0.12488427152486,0.127092311600628,0.118811340009348
523,0.124549899267903,0.132136836005331,0.120285394257963,0.121506743341327,0.120341487173567,0.12538459660354,0.127549506531941,0.119324649769565
524,0.125120769425347,0.132640987066374,0.120897902387069,0.12201897381625,0.120830187682995,0.125903291039081,0.127985928933007,0.119829400272352
525,0.125715784479223,0.133182009294737,0.121569895398989,0.122629955029136,0.121328324360415,0.126476086425477,0.128579162316548,0.120496695671831
526,0.126432910180834,0.133762318463664,0.122265840532474,0.123311798470575,0.121944511646243,0.127097490419044,0.129207191784314,0.121103736406401
527,0.127173560756508,0.134360777858573,0.122956561180119,0.123999842748198,0.122586814518764,0.127728610967902,0.129797612640526,0.121669754751781
528,0.127810997797672,0.134955764625649,0.123626342006896,0.124634405616089,0.12313499044123,0.128333484807072,0.13031812700248,0.122288067294405
529,0.12853471009885,0.135604682243118,0.124360374428065,0.125355164519583,0.123805232591808,0.129006968515729,0.130968161749913,0.123022663818228
530,0.129318314778819,0.136283096170505,0.125142102082685,0.126108906286649,0.124476830230616,0.129700971178419,0.131673753067658,0.123791556939384
531,0.130123351293467,0.136964838823207,0.125942545226941,0.126856616716201,0.125065706749547,0.130378283637326,0.132350694425027,0.124524582156488
532,0.130960435958287,0.137637762889379,0.126725922826343,0.127686036197072,0.125720558765171,0.131086288199411,0.13297755862994,0.125227815106263
533,0.131849212986195,0.138391709140389,0.127584347932483,0.128531750901574,0.126463752964431,0.131839086487211,0.133693130194501,0.126030993293875
534,0.132776152162014,0.139227050857892,0.128529161101771,0.129378687813063,0.127268440550544,0.132641032210428,0.134521884498405,0.126954168642372
535,0.133665917994151,0.140007132067919,0.129450616431208,0.130290524747283,0.128024426941722,0.133489472219476,0.135317076150982,0.127854101674512
536,0.134616880963814,0.14079739461225,0.130388133191807,0.131208464162451,0.128847612371074,0.134342068666878,0.136166172444308,0.12880905802782
537,0.135629545013181,0.141621257159237,0.131370276320614,0.13213754531436,0.129721948229756,0.135190226558286,0.137030022067214,0.129785121333838
538,0.136652512964792,0.142487524478497,0.132425501423278,0.133115521551691,0.130562817982004,0.136046249100457,0.137807052624237,0.130693065501333
539,0.137745209609425,0.143402841026963,0.133475281460836,0.13415204271628,0.131496198687732,0.137015465466949,0.138728973684394,0.131698116431185
540,0.138900780633241,0.144380396314678,0.134574351950865,0.135242353890746,0.132494841855947,0.138070820252696,0.1397555609929,0.132806619426959
541,0.140101306794971,0.145425244627014,0.135789142221303,0.136373787433491,0.133500713306428,0.139152433161994,0.140785966047617,0.133984610599465
542,0.141380628225836,0.146492719102051,0.137031980477711,0.13751995446165,0.134528014431606,0.140250942571084,0.141814376544724,0.135233472140063
543,0.142690919974861,0.147581578559914,0.138297392962424,0.138721437828325,0.135603488414077,0.141383165408602,0.142921408825711,0.136504163123029
544,0.14401740345645,0.148703188142591,0.13960243782222,0.139998586680495,0.136745891700551,0.142562694337606,0.14413740999675,0.137782570205787
545,0.145454684864962,0.14989097096673,0.141008327279295,0.141294968655604,0.137958710645198,0.14378799291602,0.145341108003891,0.139158819580613
546,0.146947760910172,0.151105295162553,0.142428537392591,0.142678322519267,0.139180044643703,0.145036293641833,0.146553895607761,0.140565891566246
547,0.148473969575267,0.15235801292008,0.143859854377783,0.144142450332634,0.140415382805027,0.146317531569874,0.147808854706707,0.142007549305352
548,0.150047169363029,0.153736596787708,0.145405009653307,0.145588877115508,0.141759971460815,0.147686195635301,0.149164700344433,0.143583081973333
549,0.15167050989575,0.155117971617806,0.147013695578565,0.147053326208831,0.143135208280031,0.149114099150517,0.150574256373874,0.145207984825513
550,0.153345890376396,0.156503408933717,0.148649801372055,0.148587440150288,0.144549060503511,0.150588846287391,0.152032305033949,0.146879101966411
551,0.155072993318854,0.15794881749478,0.150280816024802,0.150249175903621,0.146042874607031,0.15210103184154,0.153547477003972,0.148626206553652
552,0.156849732027527,0.159395105521449,0.151998842852024,0.151872822194166,0.147528234571755,0.153649460664165,0.155037615585629,0.150395219682688
553,0.158714716387123,0.160897457026687,0.153806794549479,0.153507298338097,0.149057517492548,0.155226507503842,0.156585246263381,0.152215419557296
554,0.16069029593369,0.162507157801498,0.155681105761185,0.155239158790791,0.150688792338587,0.156833086536559,0.158272666748252,0.154126283060479
555,0.162670972521381,0.164122967399479,0.157588839307363,0.157089536771634,0.152335783518957,0.158525094740592,0.15996796668807,0.156108436436932
556,0.164726993590144,0.165788468169631,0.159543653938286,0.158975066365946,0.154043942240149,0.160289034023979,0.161704677948307,0.15819258983866
557,0.166890530902438,0.167531402787474,0.161562497007967,0.160859980243862,0.15583038820464,0.162102259657545,0.163510156822509,0.160369745826059
558,0.169072259197574,0.169314688561247,0.163665477042057,0.162838745655817,0.157617376312828,0.163924405925945,0.165374569345983,0.162523534039434
559,0.171307960392097,0.171170753409594,0.165813493007407,0.164861131640138,0.15946645498503,0.165840030434053,0.16726326631933,0.164758589999478
560,0.173607482755816,0.173074148221827,0.167988283377468,0.166902117478673,0.161387315772019,0.167827333608495,0.169184639271102,0.167095651469668
561,0.175957994436498,0.174930546106602,0.170189593875996,0.168954335166318,0.163339927055305,0.169744843463445,0.171196703786982,0.169473666239268
562,0.178385318133898,0.176863255347305,0.172457567760492,0.171093657465158,0.16533576792921,0.171731330952469,0.173259506231672,0.171914606483113
563,0.180850487548341,0.178859281783573,0.174784621032956,0.173295666834915,0.167357831951451,0.173779189764527,0.175345784663045,0.174395632744381
564,0.183292255021889,0.180851612261293,0.177139463692229,0.175493365269094,0.16938177054284,0.175826237359415,0.177434650963103,0.176882739590872
565,0.185778658418834,0.182857059617266,0.179467076786089,0.177699058980344,0.171437585135681,0.177910879050144,0.179555889230091,0.179427559056746
566,0.188273102628349,0.184857113110233,0.181788274790135,0.179899003347675,0.173500648106457,0.1800038990447,0.181671790399251,0.182004598578786
567,0.190753413470988,0.186852531790901,0.18414505168499,0.182101139264139,0.175561403604085,0.182085975184956,0.18376883895609,0.184594336315188
568,0.193349535505632,0.188949295744228,0.186588709781807,0.18442984269952,0.177727246121678,0.184234628883228,0.186010140179923,0.187270750323385
569,0.195967636391117,0.191060795668039,0.189023676160239,0.18671765141551,0.179881783372907,0.186375751073563,0.188240179568707,0.189995219938347
570,0.198540944436303,0.193135007606955,0.191407670834356,0.188901811059042,0.181972398930877,0.188479328046026,0.190391665640241,0.192720984104247
571,0.201068050530344,0.195201701423956,0.193821277326065,0.191165221831854,0.184096674415225,0.190624181914148,0.192613338724969,0.195376936575774
572,0.203617826397084,0.197312086725867,0.196229785889146,0.19344848482556,0.186245181725728,0.192763101299275,0.194832303275317,0.198062013257341
573,0.206197541856608,0.199438210308682,0.198631464084347,0.195717107639577,0.188395319127415,0.19487022080869,0.197032488705087,0.200788858862614
574,0.208758991285243,0.201472629563958,0.201052800451348,0.19794559092628,0.190504644149563,0.196929541449034,0.199243335530756,0.203496958261728
575,0.211328341284225,0.203484017301039,0.203459187378101,0.200179963447231,0.192597533490097,0.199035301095325,0.20143779815528,0.206202198324738
576,0.213886298008972,0.205519196199679,0.205825830081749,0.202412797017114,0.19469637816296,0.201153062730765,0.203620503210808,0.208909058438896
577,0.216409542150491,0.207616408411576,0.208148406246555,0.204628134883089,0.196823916051419,0.20320907323962,0.205812573184957,0.211625275230675
578,0.219022781332818,0.209746405096978,0.210624488718051,0.206950383214277,0.198973448339817,0.205312691509078,0.208065105203886,0.214394760042173
579,0.221699197934986,0.211886671584364,0.213147295022556,0.209351367194642,0.201184094220776,0.207461205933754,0.21034769574871,0.217214225877701
580,0.224395706188622,0.214029984463153,0.215606345576086,0.211780320866727,0.203470929326161,0.209641188528097,0.212635541221448,0.220066254228015
581,0.227140840721221,0.216241985599863,0.218111107635102,0.214230794773088,0.205740371511737,0.211894914977319,0.214998737013533,0.222931706637614
582,0.229845549781647,0.218413691637106,0.220608951638719,0.216656025114651,0.207999654669749,0.214138946885232,0.217376095728708,0.225773970011156
583,0.232474592496525,0.220513017449398,0.223074103097148,0.219041671915707,0.210250530949497,0.216325811752848,0.219733147848565,0.228569701507747
584,0.235114962513659,0.222677988673616,0.225568220130918,0.221467558800267,0.212498207699385,0.218495332618484,0.222112011535762,0.231334865139336
585,0.237685849980988,0.224781328257943,0.227950989101365,0.223742291058402,0.214672735837026,0.220594092722982,0.224414399999423,0.234005487978901
586,0.240108152506175,0.226767583975379,0.230184000053504,0.225806904865031,0.216716971946728,0.222521168330486,0.226566362164469,0.236564708348514
587,0.242290148710906,0.228621831065994,0.232298132720702,0.227691703411744,0.21857693523964,0.224124704262692,0.228503676127107,0.239030823230573
588,0.24427386550374,0.230322718585476,0.234227202871455,0.229313013878585,0.220224550347811,0.225595055805605,0.230260954882633,0.241333745467821
589,0.246078664604057,0.231882130094028,0.236004868259485,0.23073254052556,0.221704687950218,0.227005916447146,0.231847247829649,0.243457484911986
590,0.247711062825946,0.233313282877556,0.237673441967628,0.232040115832136,0.223072538869026,0.228372140903509,0.233267285605906,0.245396848587396
591,0.249176365123772,0.234608912989846,0.239114802190175,0.233154333299262,0.224279099590269,0.229545735529546,0.23461513308654,0.247173385968808
592,0.250518531404023,0.235720251389213,0.24038850323784,0.234176118761262,0.225324849724193,0.230675431972653,0.235883006531442,0.248822409501597
593,0.251813594365218,0.236650535018292,0.241597420794452,0.235217143991482,0.226259409735037,0.231898659410563,0.23706615407108,0.250393109461494
594,0.253212520928033,0.237582900740589,0.242878996219856,0.236306507039995,0.227261960294474,0.233134890223959,0.238215289114193,0.251966152623827
595,0.254661729971738,0.238470140237571,0.244168053393223,0.23751563619396,0.228255309629771,0.234391213012338,0.239348783823358,0.253485493790114
596,0.256170185184911,0.239369397203242,0.245492981122603,0.238909327083312,0.229302115502916,0.235761469932413,0.240534206299511,0.255003974514209
597,0.257884348478669,0.240547043936074,0.247072041583767,0.24059037777738,0.230769755062089,0.237564907020958,0.241964224914668,0.256798451140243
598,0.259604149567013,0.241891643715587,0.248742926480429,0.242215552537186,0.232283017409167,0.239221295256412,0.243358139674037,0.258617275882803
599,0.261240154534278,0.243282600216149,0.250379486827559,0.243648347820222,0.23367530813587,0.240557295450858,0.244631145877125,0.260324192551721
600,0.262773896284603,0.244564955164825,0.251861528612848,0.244893782396672,0.23489693086056,0.241669620708684,0.245825963666757,0.261842425094447
601,0.264004421839214,0.245618884934823,0.253078900384657,0.245974320844369,0.235882343254782,0.242659229794242,0.246849142739619,0.263192210197442
602,0.264953453703378,0.246370122654311,0.254037727837238,0.246832418343173,0.236640155580455,0.243503650816192,0.247749973382731,0.264322868984757
603,0.265750012949423,0.246797309941777,0.254816605177302,0.247453591183871,0.23724788086377,0.244202740465974,0.248627729762712,0.265200568797911
604,0.266639991252273,0.247013549839835,0.255613991440683,0.248319475583595,0.23801250926401,0.24526577595208,0.249551587729523,0.266049195382965
605,0.26770182074646,0.247364425117884,0.256527306500096,0.24946567309805,0.238973738867097,0.246622231558397,0.25054120354296,0.267017087261077
606,0.268898190755094,0.248057792149164,0.257563692170188,0.250783146813975,0.240057873320188,0.24805295948472,0.251576173467044,0.268134267927291
607,0.26995156842255,0.248811106720097,0.258541322724137,0.251960380961865,0.240985953309908,0.249178444841162,0.252551861405072,0.26913053741232
608,0.27087883473757,0.249563747008546,0.259383767508129,0.252995718941764,0.24186846328313,0.250050621478991,0.253491069110964,0.269988468982085
609,0.271703683189198,0.250290971133774,0.260112008631658,0.253918688826571,0.242741776567423,0.250750399564094,0.254397251938644,0.270734387407692
610,0.272451775190845,0.251015665087656,0.260905336688417,0.254804392540259,0.243525274786418,0.251406116751048,0.25523215757206,0.271454288874828
611,0.273114903283374,0.251686942841837,0.261582473387157,0.255573385282478,0.244213858831783,0.251927107207013,0.256045214381957,0.272122554876595
612,0.273695040156209,0.252316806254497,0.262134471315052,0.25621143712393,0.244809440204884,0.252286294712215,0.256835485286651,0.272749737662387
613,0.274205600592055,0.252960504421786,0.262653606802962,0.256744954808367,0.24533166400605,0.252493926447534,0.257576138859199,0.273365430407625
614,0.274740817523511,0.253614013873276,0.263265478469092,0.25722474835332,0.245872783741383,0.252770817865702,0.258226864801659,0.273957264991831
615,0.275263779886585,0.254302413679967,0.263934877406355,0.257689412268115,0.246403606209771,0.253068960472465,0.258793625695909,0.27454501278979
616,0.275736722636959,0.255068445453397,0.264598603495327,0.258190913006138,0.246891164155767,0.253289234128491,0.259310222816636,0.275164210147001
617,0.276333964159635,0.255999140335522,0.26532234232727,0.258877419488085,0.247490126465574,0.253523813762593,0.25984116228033,0.275858686182748
618,0.277011278625616,0.256977351668247,0.266081857677187,0.259608616771264,0.248111982761574,0.253744701840283,0.260344900664206,0.276583127619214
619,0.277672584359534,0.257877954657555,0.26683654747988,0.260222653058714,0.248649072429702,0.253899106095966,0.260784279653402,0.277282610089968
620,0.278148339496523,0.258610389523273,0.267527757176254,0.260585163591503,0.249007325723246,0.253886367518587,0.261167209049489,0.277889523280597
621,0.27841641319185,0.259104240121389,0.268108959116987,0.260616672136338,0.249172579438944,0.253806609735938,0.261453619469554,0.278474788505921
622,0.278621225185092,0.259517167048967,0.268630526226183,0.26049982491822,0.249249196154869,0.253689704186371,0.261658445220448,0.27907434914867
623,0.279148994653206,0.260333628982445,0.269282280026248,0.260763620113,0.249501380900435,0.253460023867128,0.261862163906564,0.279697360728486
624,0.279846717802532,0.261347558822792,0.270054840899312,0.261366240729377,0.249956139975421,0.253417031228873,0.262160841789491,0.280420933979981
625,0.280548751638343,0.262317107309135,0.270854604531594,0.262064848741932,0.25048621188038,0.253599735202184,0.262542313299985,0.281173855602964
626,0.281060534479131,0.262950868329513,0.271526430770789,0.262478327850534,0.25086732529062,0.253902368692062,0.262929627272633,0.281806665649629
627,0.281647956978421,0.263510779734551,0.272164362763943,0.262949295974658,0.251320932620762,0.254269438277375,0.26337481146226,0.282439017563685
628,0.28227687874821,0.264049982165491,0.272783379419674,0.263477710883366,0.251843036058363,0.254678485038596,0.263870888457712,0.283055981607462
629,0.282863301145753,0.264562644221198,0.273385540344988,0.263999936677466,0.252367415186561,0.255113652219788,0.264393840833193,0.283625022261351
630,0.283394841181921,0.264958994763285,0.273984534804658,0.264483434212011,0.252751685200749,0.255516479257574,0.264894781205422,0.28415607703392
631,0.283951487232114,0.265351334759799,0.274552236289474,0.265004245618971,0.253148637073379,0.255984678836368,0.265398620173196,0.284675872995837
632,0.284549365422989,0.265779232623083,0.275071515881191,0.265577800588646,0.253633664543962,0.25655575959202,0.265924956586567,0.285197121157523
633,0.285044590758665,0.266100515302357,0.275539394054193,0.266070029074656,0.254082609972076,0.25711462177726,0.266463315052727,0.285694901077125
634,0.285570531482866,0.266386534006422,0.276025768668546,0.266564222292652,0.254534064757384,0.257755326885887,0.267076468728985,0.286224762325498
635,0.286145637977984,0.266666346118767,0.276527242153029,0.267093684701608,0.25500545596452,0.258467735806205,0.267718009976832,0.286756166929414
636,0.286692411386891,0.266940121892502,0.276972317963727,0.267655684065454,0.255502568257733,0.2591516514627,0.268234406174649,0.287174372901238
637,0.287248672296167,0.267202771555294,0.277427326384257,0.268273468683796,0.256005232802284,0.259827990420748,0.268780599168915,0.287631038497328
638,0.287828885143723,0.26746723531473,0.277911176710914,0.268905768646131,0.25651975163119,0.260528985261894,0.269362342759138,0.288124950251477
639,0.288439831226443,0.267754527803832,0.278424772702535,0.26949415661508,0.257059109245504,0.261284243566621,0.269937298092527,0.288608368708618
640,0.289082554059653,0.268098715211931,0.278953090874011,0.270098488235289,0.257609715361722,0.262010353584477,0.270535229143316,0.289152123809541
641,0.289719902235805,0.268466164785833,0.279502524181137,0.27071906571303,0.258143043789511,0.262674077583962,0.271125752557014,0.28974695066961
642,0.29033453361356,0.268824256010381,0.280079172556265,0.27134283729685,0.258649057105563,0.263278458082702,0.271678074788068,0.290359965528672
643,0.290999763584607,0.269181781497728,0.280670840040536,0.27193831215407,0.259190824806627,0.263917982234203,0.272182651000558,0.290915490984887
644,0.291687782500911,0.269566418593251,0.281297139119818,0.27253093124379,0.259727778177123,0.264542612727148,0.272683241967064,0.291475245962295
645,0.292364229666521,0.269983451166755,0.28194846567312,0.273142466210929,0.260249433583119,0.265131917808896,0.273198512370019,0.292058850350749
646,0.292978856267201,0.270403024993648,0.282565241446378,0.273800814096073,0.260812146840056,0.265727463279346,0.273707055712463,0.292612343562608
647,0.293595851205417,0.270810914489821,0.283141108296174,0.274408351583162,0.261318455290181,0.266280051763239,0.274194700821216,0.293119097910478
648,0.29422095291275,0.27122514799126,0.283707239834631,0.274966296428102,0.261780912876767,0.266797086075782,0.274665518198443,0.293591067701655
649,0.294822551703212,0.271688784654311,0.284326361577712,0.27554191961601,0.262285257740268,0.26732252111401,0.275136940232248,0.294063598772063
650,0.29534153663916,0.272124156547089,0.28486694521894,0.276081479330421,0.262730816827459,0.267751339156157,0.275571845307856,0.294506512224083
651,0.295823506221178,0.272552885069461,0.285380158474199,0.27660218078511,0.26316526911979,0.268149627630778,0.276014418687042,0.294938196259997
652,0.29633378008181,0.273014749904779,0.285953030267465,0.277133002335728,0.263656894311288,0.268610611023009,0.276512589746252,0.295378959479797
653,0.296815000907213,0.273458055479229,0.286512188123324,0.277635505237625,0.2640876115272,0.269023849675079,0.2769557722365,0.295773797381794
654,0.297264941992381,0.273862779461046,0.287023425878399,0.278125407637633,0.264502207668002,0.269384434645846,0.277372521420547,0.29607051350355
655,0.297690171569348,0.274238666448396,0.287489635599054,0.27861587735839,0.26494342501165,0.269717596558383,0.277790559457265,0.296270778169621
656,0.298097625075666,0.274667407229314,0.288006131116176,0.279087748078394,0.265392243187666,0.270095841045211,0.278173298617755,0.296525783182088
657,0.298529578227264,0.275124695048373,0.288531881721119,0.279597955048259,0.265853176781476,0.270510951440262,0.278612614307762,0.296769864346908
658,0.298972354302105,0.275583244262398,0.289044306581065,0.280129013649709,0.266315705492539,0.270921765469308,0.279110602934985,0.296976472204206
659,0.299329329482401,0.276006207918889,0.289540219950118,0.280552330920151,0.266745607639873,0.27122966983507,0.279550796374303,0.297168928102668
660,0.299707746791039,0.276429215483906,0.290048625136661,0.281015345024526,0.267179022078776,0.271548450247565,0.279963480758751,0.297327365051324
661,0.300089442002049,0.276848678270399,0.29056282125106,0.281508631842036,0.267615140331673,0.271896685343489,0.280378486198383,0.297461832591358
662,0.300403439159666,0.277247567316537,0.291058704273535,0.281952734021189,0.268037748887147,0.272249939878929,0.280830551192325,0.29759804359989
663,0.300792625789234,0.277725616115486,0.291563601246944,0.282439276240938,0.268485983582864,0.272619423228519,0.28126367288152,0.297749724042515
664,0.301221199413842,0.278211978399385,0.292071707026516,0.282943371783098,0.268951571535852,0.272969892444981,0.281689336133797,0.297913365750114
665,0.301625527890456,0.278631518657239,0.292575185147912,0.283426747364161,0.269416148585113,0.273281345145117,0.282126388137645,0.298082353898414
666,0.30201434233404,0.279094564078396,0.293092197437976,0.283916204110671,0.269865619123566,0.273658427182808,0.282549016385242,0.298257492032375
667,0.302428699661366,0.279566887994824,0.293626712472162,0.284423434841518,0.270339841162448,0.274059528996835,0.282983036945457,0.298468652944536
668,0.302877847062438,0.280019725057097,0.294170137729032,0.284941993645362,0.270842084401546,0.274444002714299,0.283437417230496,0.298716691143866
669,0.303292243813459,0.280452619495997,0.294686551721246,0.285425751466319,0.271286706541138,0.274791103693056,0.283879971972121,0.298934086038975
670,0.303753510261457,0.280892621772079,0.295213974796764,0.285917918845863,0.271727453142885,0.275123818014219,0.284308145215893,0.299156416966276
671,0.304238974516199,0.281342962445339,0.295740935418065,0.28641027374363,0.272172187516507,0.275461582984636,0.284734717544388,0.299415974431973
672,0.304628867651951,0.281784810237615,0.296208464912776,0.286845593235702,0.27258990904563,0.275822559924104,0.285188835537118,0.299749561515022
673,0.305064511837795,0.282238670906877,0.296725913719985,0.287360880652341,0.273048262478446,0.276239312177391,0.285661792501924,0.300110635764366
674,0.305549425323683,0.282701770827569,0.297280031013268,0.287912952204501,0.273534564807909,0.276685396991282,0.28613268024371,0.300485036830303
675,0.306039959370317,0.283165595700234,0.297819680414754,0.288405649463564,0.27401166622252,0.277113666795706,0.286582729971435,0.300866470194972
676,0.306521003013941,0.283653522370646,0.29838802456332,0.288913779581553,0.274511740529212,0.27752525396774,0.287077551666153,0.301214309324556
677,0.307015069050485,0.284131456734148,0.298950102903844,0.289439323371859,0.275024995971207,0.277943597949518,0.287565306163086,0.301587961429292
678,0.307530529486306,0.284577900833468,0.299473824852702,0.289967503840446,0.275528458445967,0.278385214734288,0.288008142360343,0.302027173168403
679,0.307992249267064,0.28503567129461,0.299956310672471,0.290451214600473,0.275960034970183,0.278824901191472,0.288468890958464,0.30244960316973
680,0.308522781739479,0.285527866529998,0.300510656779113,0.290991769595594,0.276448227804303,0.279305353695443,0.288958074768287,0.302914290529796
681,0.309136151493634,0.286035979795571,0.301139967764359,0.291582804713684,0.277006757744538,0.279814507073195,0.289458096926165,0.303450605597201
682,0.309668965856545,0.286470165571321,0.30167145032667,0.292035545634087,0.277464876396495,0.280243819754024,0.289899412934257,0.304038999638045
683,0.310249486565746,0.286911877327786,0.302216295508058,0.292521252885298,0.277930132078438,0.280702965977056,0.290378127772385,0.304723713014101
684,0.310890041459886,0.287359090699652,0.302781459128437,0.29306192772254,0.278434229129369,0.281213232115766,0.290894215146119,0.30550363249922
685,0.311547886721707,0.287770818781437,0.303327210716839,0.293606514365402,0.278974211780773,0.281751973396204,0.291396470926211,0.3063507642085
686,0.312269178113852,0.288247896708335,0.303921148744498,0.294171904876054,0.27948209006238,0.282315474248383,0.291898476233823,0.307268309179631
687,0.313066412957519,0.28877544486989,0.304565020616371,0.294752968475964,0.280007069516789,0.282917587874308,0.292409151536095,0.308284226023026
688,0.313925410219978,0.289300081114903,0.305230609326883,0.29533433680428,0.280596429387098,0.283557676581009,0.292933029908871,0.309408151779843
689,0.314747922243378,0.289732066203538,0.305834204614907,0.295872614255308,0.281130195652685,0.284136074321498,0.293453370980804,0.310528854856164
690,0.315570338610249,0.290151662454848,0.306408359362203,0.296412437606782,0.281635813216779,0.284716505304501,0.293979866331452,0.311674033690308
691,0.316435415734088,0.290614058094337,0.306990288707223,0.29698799548949,0.282150704975872,0.285345946175,0.294514224045067,0.312867979868639
692,0.317382536713452,0.291097151586674,0.307608927009716,0.297602020246888,0.282714151889936,0.286011010510207,0.295035252887651,0.314103261757092
693,0.31835331588962,0.291564412415401,0.308236990170469,0.298222044255271,0.283274752861166,0.286699076797563,0.29555049200018,0.315369583360213
694,0.31931998203373,0.292016544744714,0.308858679938962,0.298818791268406,0.283818345245125,0.287372644733305,0.296063623360336,0.316642595649814
695,0.320276572368754,0.292488802038831,0.3094646257779,0.299360513287248,0.284360598769281,0.287964878098942,0.296576042070836,0.317881770455605
696,0.321252592902037,0.292958124428268,0.310080612967554,0.299923048264565,0.284913455523781,0.288611037343307,0.297072740501482,0.319108169349471
697,0.322255953205565,0.293422130229077,0.310699683874475,0.300505065750301,0.285463260070821,0.289265043528823,0.297573639551217,0.320335882346535
698,0.323282042447788,0.293881378128788,0.311306166679943,0.301079418442419,0.285986850886502,0.289836443074368,0.298104689475439,0.321576882440421
699,0.324293448539782,0.294305926286606,0.311925137796729,0.301653442198899,0.286471627226732,0.290457525948223,0.298623955688001,0.322823887836162
700,0.325308346909695,0.294723892512407,0.312524753570843,0.302224655322047,0.286967291314205,0.291091602207724,0.299129623045283,0.324087478023352
701,0.326350059604789,0.295162046924519,0.313095524112805,0.30279697051135,0.287509848041851,0.291702859276616,0.299630492940447,0.325367340902418
702,0.327444527087428,0.295619223341717,0.313728743793969,0.303403063191784,0.288073761081469,0.292338294184257,0.300152210755379,0.326637538310354
703,0.32850016178521,0.296079265586374,0.314345028738821,0.303991217021074,0.288617398687221,0.292963980371702,0.300670027496037,0.327819904643183
704,0.329490390645752,0.296538281735992,0.314923697599306,0.304557937175307,0.289130987553778,0.293564745984901,0.301164934908691,0.328899615995392
705,0.330478865447606,0.297012428903597,0.315529126830163,0.305174742471732,0.289646792129187,0.29415401122844,0.301618892114149,0.329945459054177
706,0.331405686826472,0.297459555497227,0.316083627518644,0.305728871109846,0.290159495151782,0.294684735451363,0.302098958479877,0.330951719842622
707,0.332265789007357,0.297874543627027,0.316593651066461,0.306220089141348,0.290644776573807,0.295160945601065,0.302581148760567,0.331912540835165
708,0.333085032806593,0.298275733904016,0.317109569283684,0.306705106326442,0.291074573929853,0.295617794768407,0.303003490410813,0.332821924938988
709,0.333955659071974,0.29875392437576,0.317705262685048,0.307234070674496,0.291573326107627,0.296139314779442,0.30348636909473,0.333738758796112
710,0.334832912707769,0.299227330777742,0.31830123359533,0.307782553151635,0.292086798835175,0.296680949183881,0.303968675318721,0.334622354880811
711,0.335659153043144,0.299617166781221,0.318821999404491,0.308313569726504,0.292553253251818,0.297190202039827,0.304388342219755,0.335436493760285
712,0.336455108735377,0.300018724448181,0.319362624889623,0.308810762155647,0.293055091494288,0.297717241210205,0.304846365715824,0.336257237914238
713,0.33725592016196,0.300459521176594,0.319904827602863,0.309336300649853,0.293547194750888,0.29822605963885,0.305323144859544,0.337055821556153
714,0.338063445585581,0.300929700859844,0.320433432768481,0.309902849436466,0.294016728904688,0.298701369759673,0.305798917082106,0.337813441297452
715,0.338814491205272,0.301355575160361,0.320942342553563,0.310424459552537,0.294527804290372,0.299171410285383,0.306262515405002,0.338529227738069
716,0.339528214365547,0.301765588151345,0.321470774721064,0.310931300018477,0.294993843044944,0.299612004503849,0.306716184030426,0.339249432174292
717,0.340223171830446,0.302167110967497,0.322009217722599,0.311422340737117,0.295421968670868,0.300044589661098,0.307159886121822,0.339977506580414
718,0.340922022680474,0.302557866387804,0.322514357451178,0.311880572009281,0.295880355845301,0.300520811718413,0.307592500388991,0.340686176345494
719,0.341640558626737,0.302953917093703,0.323026902374335,0.312373650864012,0.29633700062845,0.300991930089354,0.308010699494424,0.341332124951687
720,0.342377046148197,0.303370906914921,0.3235378871848,0.312881680506274,0.296809995245401,0.301465616583065,0.308437507420314,0.341978222737412
721,0.343113096464367,0.303813530446625,0.324032078600534,0.313370096492179,0.297315303665246,0.301956919637985,0.308895621633142,0.342693565887264
722,0.343775773533287,0.304233816904937,0.324542327434241,0.313885213742604,0.297791053000866,0.302443120852314,0.309365753255667,0.343396230885884
723,0.344420165586175,0.304620795168905,0.325042753627495,0.314374147912899,0.298230954926725,0.302890399764307,0.309808082596757,0.344038739608228
724,0.345088568701159,0.304985706130464,0.325526078491544,0.314822375280393,0.29865161131056,0.303296584217592,0.310211003346232,0.344619661360971
725,0.345770026498319,0.305378034571097,0.326041254734076,0.315327437611097,0.299111409306269,0.303728875195294,0.310626770296875,0.345229191122036
726,0.346454292264119,0.305806655446428,0.326563366626156,0.315818308924346,0.299575603135263,0.304193142313269,0.311058166853496,0.345868314712421
727,0.347113154231617,0.306247164683171,0.327067336500195,0.316278343914501,0.300016862191041,0.304662762011848,0.31148787609122,0.346493364841508
728,0.347697182331784,0.306639034892695,0.327521900759479,0.316734466213448,0.300407312693024,0.305075222120103,0.311875209200603,0.347010170574336
729,0.34829327964967,0.307051563250248,0.32799912625362,0.317188240385289,0.300851267266199,0.305472972796164,0.312283021377984,0.34752280985698
730,0.348917880929409,0.307470692723649,0.328501597717922,0.317655315096482,0.301334989004991,0.305894592209907,0.312712282693065,0.34805978933765
731,0.349551848131894,0.307856373989423,0.329002424063293,0.318142492530109,0.301800997821199,0.306361887767792,0.313136684322566,0.348618850341777
732,0.35009983284887,0.30819159883144,0.329449183366545,0.318558190282696,0.302202563644702,0.30675636210054,0.313485253974894,0.34915361902259
733,0.350623656147614,0.308534787791177,0.329878735822877,0.31896249275884,0.302599387080412,0.307139736625046,0.313850080244472,0.349674873875616
734,0.351176826071562,0.308930473896592,0.330323123063501,0.319407878574485,0.303030608878295,0.307560308246557,0.314285368888913,0.350187965593824
735,0.351732307383181,0.309371312312151,0.330764965097967,0.319876129964946,0.30343442302988,0.307961463432717,0.314682877521375,0.350656753089627
736,0.352301544015484,0.309777674294472,0.331228718874508,0.320343150321209,0.303862782977271,0.308386681100815,0.315092274025243,0.351119093196074
737,0.352861190408621,0.310133992082204,0.331702124105874,0.320795848935248,0.30431624637113,0.308823174493656,0.315505680131046,0.35159349679261
738,0.353342711501047,0.310493737477023,0.332128364362504,0.321232085233614,0.304738106219522,0.309191305238284,0.315848358028017,0.352082086525579
739,0.353877681355611,0.310887987905173,0.332593556076693,0.321680206346404,0.305169476186125,0.309592565990449,0.316211844759811,0.352536444829362
740,0.354442696701246,0.311297602462395,0.333082936054123,0.322124694643519,0.305615383794942,0.3100391698149,0.316610706508778,0.352984590015823
741,0.354957304758502,0.311682250201415,0.333542744969105,0.322534066122917,0.306061777419354,0.310497451981861,0.317026072580877,0.353475438165367
742,0.355436306352961,0.312050310918313,0.33395583485099,0.32291440115923,0.306434128010885,0.310837508854509,0.317410790937995,0.353927249392065
743,0.355903779396471,0.31242599141569,0.334371687918857,0.323295063648328,0.306825944530303,0.311161566976223,0.317796772111765,0.354376497677032
744,0.356385145564227,0.312823396053389,0.334823688068991,0.323709508923727,0.307294842338726,0.311565503041772,0.318203293538097,0.354838755644811
745,0.356906380866256,0.313219952545869,0.335260583764192,0.324209800767193,0.30769925291669,0.312019542353663,0.318562795671349,0.355193326319036
746,0.357415419951912,0.313588873022968,0.335681694173741,0.324646504977879,0.308107970334287,0.312421232285566,0.318932691149332,0.355563823445613
747,0.357893057921179,0.313929307316044,0.33609949931062,0.325001116700226,0.308536094685167,0.312770566562573,0.319323158226127,0.355991299543675
748,0.358362463989982,0.314272671587767,0.336549672449152,0.325425378103439,0.308928361908487,0.313204897100371,0.319683369883593,0.356417038082617
749,0.358788713060605,0.31461964058504,0.336930044381696,0.32582093616688,0.309325710867985,0.313592820168255,0.320032212670704,0.35679576831235
750,0.35920775630122,0.314981677243183,0.337301132399823,0.326210646410517,0.309730393309676,0.313946506214966,0.320389619520809,0.357172471345193
751,0.359683786319267,0.315371835045716,0.337777410428532,0.32665587759666,0.310133141463852,0.314332567591867,0.320775148455808,0.357622838317614
752,0.360204742010818,0.315779075906063,0.338191462173645,0.327077111814543,0.31056398614162,0.31471726486076,0.321152634049086,0.358020939846419
753,0.360693621069245,0.316145660316907,0.338551509346799,0.327442544263742,0.310969338923883,0.315090226921757,0.32151305570407,0.358376861901763
754,0.361105461268877,0.316450374520464,0.338901622203389,0.327764143372107,0.311319142595017,0.315455146919268,0.321856881073681,0.358719945438687
755,0.361532552901118,0.316815088588265,0.339298350414309,0.328166507442649,0.311699470112553,0.31585021985138,0.32219383566873,0.359060082858354
756,0.361991962487819,0.317205343434882,0.339741167966549,0.328616409595242,0.312138604690898,0.316272010683833,0.322549820629662,0.359402801186742
757,0.362467576395423,0.317588541740141,0.340190260001099,0.329067801504628,0.312607502097391,0.31669738913506,0.322926723276369,0.359748873829375
758,0.362901288034123,0.31793421244792,0.340547388089136,0.329456809963107,0.312997335777488,0.317076456609406,0.323293612489687,0.36008770499581
759,0.363254255368195,0.318238331310486,0.340868062990226,0.329776960387019,0.313345803827007,0.317388279207831,0.323663735902552,0.360500229342903
760,0.363590506353149,0.318527111289053,0.341196297618595,0.330053969751106,0.313696187019911,0.317685461820855,0.324028987394919,0.360918329901764
761,0.364015947989093,0.318843706744457,0.34157265967506,0.330341691202249,0.314094706313598,0.318052820303501,0.324374684045599,0.361220648261713
762,0.364459593929451,0.319214131224796,0.341973821881846,0.330756936226784,0.31449252874444,0.318465496742368,0.324717257929693,0.361547476566495
763,0.364910732406677,0.319585792690094,0.342375104890621,0.331211045732868,0.314886413643318,0.318875168495993,0.325049606107142,0.361867647839741
764,0.365354052018173,0.319913805194771,0.342754778521477,0.331605634954348,0.315277960255834,0.319249813159632,0.325365194456994,0.362147091458159
765,0.365724887519421,0.320221474217295,0.343103453156062,0.331932173496522,0.315660984852766,0.319630473646437,0.325667027479793,0.362432957762934
766,0.366082654410323,0.320546307273166,0.343422790272445,0.332247307771967,0.31603187230173,0.319990022292179,0.325991763644584,0.362739899638351
767,0.366463876144565,0.320894392560168,0.343737254007771,0.332585303028082,0.316393702389597,0.320338584686926,0.326344044597239,0.363065923613339
768,0.3668798181594,0.321232045974426,0.344104523416265,0.332956429681489,0.316757746821103,0.320738379619394,0.326686544679091,0.363388151665563
769,0.367281677005287,0.321566368121646,0.344477079517271,0.333311784034261,0.317124852687427,0.321134864856208,0.327040015654671,0.363706715138531
770,0.367667347414193,0.321887343753202,0.344834839289089,0.333650920638201,0.317505182736681,0.32150101826998,0.327399123563712,0.364019383374725
771,0.368052671555501,0.322182696044968,0.345168732503328,0.333989479361244,0.317905291771658,0.321825667072773,0.327748239477806,0.364327599600337
772,0.368414330188962,0.322471144926212,0.345480050362839,0.334271037956873,0.318257187970155,0.32215319423825,0.328075723446482,0.364672946869567
773,0.368797793336401,0.32280282294094,0.34583528922791,0.334592469278132,0.31860685036008,0.322536541145672,0.328388874891592,0.364989725579736
774,0.369226298748846,0.323191905154594,0.346256012579508,0.335010199167364,0.318992193339278,0.322989025562572,0.328703362133141,0.36524361071659
775,0.369632130184836,0.323542384908898,0.346605312709264,0.335406799592099,0.319375278082279,0.32341971055583,0.329055955238977,0.365552840986785
776,0.369983949611818,0.323811762416816,0.346889091620842,0.335681623517951,0.31973214283532,0.323755190079526,0.329384960389222,0.365816480307436
777,0.370311923921544,0.324039202380168,0.347154017829574,0.335886664497845,0.320070397852964,0.324028702197114,0.329691655996685,0.366042423191707
778,0.370723028487665,0.324362754219,0.347501006527173,0.336257142261785,0.320435326769756,0.32439985850757,0.330051227432041,0.366366395791538
779,0.371065116417097,0.324672231650746,0.347781611143236,0.33658486691015,0.320784813149135,0.324767943132619,0.330386803693749,0.36665940528364
780,0.371396397053604,0.324969728090708,0.348069590703215,0.336905775090042,0.321147128389108,0.3251346425411,0.330691592209328,0.366910396893466
781,0.371820241505403,0.325285316124171,0.348482840204182,0.337311471253015,0.32155703788329,0.325520945322259,0.330983670306097,0.367150951901313
782,0.372120832865556,0.325545447093189,0.348785159283921,0.337610977250455,0.321880301923781,0.325818451548356,0.331265318704417,0.367410398702384
783,0.372429252217941,0.325820514755776,0.349026349463238,0.337880747825761,0.322182524784344,0.326124806518289,0.331563824959326,0.367634831205682
784,0.372831073606079,0.326151317148733,0.349288153938585,0.338186269052275,0.322526055233954,0.326505617712797,0.331892184148438,0.36782499230991
785,0.373180120356659,0.326456667848285,0.349648646439495,0.338470964443223,0.322903684297311,0.326871903381903,0.332226586650511,0.368172174078218
786,0.37352839398776,0.326753241053985,0.349994815656648,0.338778285134506,0.323260855830725,0.327289744278099,0.332531128404967,0.3684511696121
787,0.373890927973039,0.327050212141885,0.350298898669546,0.339110513983001,0.32360397255882,0.32772746588393,0.332811561919401,0.368637528108187
788,0.374252741335752,0.327351871734405,0.350606321954161,0.339432878092907,0.323994748807478,0.328063401651282,0.3331125821475,0.368883729448975
789,0.374599074845982,0.327641271648729,0.35089280658865,0.339687535034322,0.324334030210848,0.328381490479607,0.333409617098844,0.369147322819441
790,0.374945043412859,0.327939249546982,0.351162824714634,0.339942605145109,0.324650671382259,0.328732307576335,0.33373430333076,0.369423891119719
791,0.375303019708745,0.328261407948667,0.351424121083534,0.340275698364431,0.32499962649635,0.32913580245429,0.334107301922582,0.369701164669127
792,0.375599634202101,0.328512929883373,0.351640669000668,0.340552218572393,0.325338396589004,0.329473542714408,0.334384698737541,0.369875552154255
793,0.37591329249403,0.328779785719193,0.351919641299492,0.34082962005147,0.325684232909912,0.329798308668692,0.334650798377038,0.370069006760298
794,0.376275035279372,0.329098789404087,0.352278958923839,0.341137573652022,0.326041074118585,0.330146591184281,0.33495450852407,0.370330246674156
795,0.376584958614446,0.32937392084724,0.35252271728698,0.341414450599375,0.32637737408543,0.330488098850028,0.335231708908693,0.370514097680882
796,0.376943776591627,0.329639228262175,0.352761320129651,0.341681861548833,0.326678459844839,0.330856128100689,0.335494636061205,0.370694697291249
797,0.377318982451397,0.329907673582124,0.353030636973772,0.341953313915559,0.326972440597742,0.331234296500475,0.335773153672505,0.370915942804013
798,0.377596427261891,0.330182547146289,0.353324635681872,0.342238801161791,0.327315248911305,0.331574505743569,0.336107174572086,0.371203608165312
799,0.377851922179169,0.330450369652502,0.353577691035962,0.342507369778416,0.327631664956208,0.331894089672802,0.336376951133591,0.37142943612107
800,0.378123231218804,0.330705776891654,0.353801795862678,0.342760914278278,0.327935286566362,0.332212194440266,0.336614237031742,0.371599241603344
801,0.37843535862728,0.330952087421704,0.354032611634848,0.34301371462546,0.32825692995996,0.332550175623271,0.33688201204161,0.371764076673555
802,0.378797314512175,0.331218640012307,0.354324760516143,0.343300024327635,0.328616181605406,0.332941530628902,0.337222973183003,0.37202439914748
803,0.379145282595397,0.331489907313731,0.354594106035973,0.343569976041631,0.328954537573715,0.333283362596047,0.337541010584527,0.372268170967875
804,0.379459329533622,0.331765789066616,0.35482381840885,0.343819489032181,0.329264269583803,0.333575830328448,0.337799668341047,0.372449031887483
805,0.379789496616075,0.33207651196414,0.35510701465776,0.344123277596064,0.329620279304368,0.333988763918285,0.338053286421809,0.372625075887767
806,0.380099466917684,0.332369386549714,0.355389779262794,0.344387581269776,0.329970351325743,0.334364035629269,0.338334249628672,0.372807705732779
807,0.380391764838188,0.332618624387501,0.355634007619395,0.344611778599375,0.330299464788979,0.334697631957798,0.338630680482985,0.373012551695204
808,0.380685465144469,0.332821025033531,0.355816827180138,0.34483999126386,0.330608221711046,0.335045585210576,0.338909832443822,0.373246360550729
809,0.380985792219087,0.333067447203776,0.356029392872949,0.345128223819041,0.330903592607758,0.335377678377145,0.339183085036406,0.373443399161625
810,0.381304992475672,0.333356671217301,0.356300780903657,0.345426399358794,0.331206722837944,0.335728453799801,0.339456719202326,0.373584367056149
811,0.381633014872455,0.333654003989555,0.356602734186499,0.345683539048124,0.331520028889553,0.336105139060678,0.339727376869863,0.373690360175513
812,0.381883136302547,0.33386434735001,0.356759180521252,0.345878721976679,0.331779180317494,0.336405509160241,0.339959898636121,0.37387483928189
813,0.382194617196761,0.334112350636847,0.356994986149223,0.346145179328724,0.332081524972518,0.336737967827458,0.340204279133583,0.374053867479474
814,0.382557194206446,0.334401646699187,0.357300239441284,0.346457735727007,0.332425487257865,0.337107410067289,0.340472359326211,0.374213357344258
815,0.382823751880189,0.33462602623266,0.357451563988669,0.346644682001022,0.332719104532684,0.337425193304544,0.340741672775937,0.374400973802076
816,0.383130954095549,0.334869688097307,0.357681033741049,0.346924606160638,0.333041978796336,0.33777818010736,0.340993665757123,0.374590817166851
817,0.383421414962887,0.335096154431079,0.357927452799291,0.347201814346109,0.333344458238925,0.338119097146255,0.34123947218771,0.374786098024324
818,0.383626755411545,0.335268192948777,0.358090902795847,0.347352656323726,0.33358012205579,0.338398643630623,0.341497364418608,0.374985115347659
819,0.383918567240474,0.335530570665521,0.358327545801118,0.347612897349395,0.333922045986979,0.338775866477157,0.341767509837985,0.375118602406396
820,0.384240709586037,0.335792855095995,0.358594508427812,0.347873562444508,0.334265297514267,0.33911400849942,0.342023090947044,0.375232388460629
821,0.384546073360844,0.336007243256346,0.358844641188703,0.348080192824512,0.334551035560401,0.339372524759139,0.34226023620163,0.375362411304285
822,0.384830721754187,0.33622582289161,0.359037106281747,0.348313290199771,0.334828142708757,0.339715454057587,0.342517361422503,0.375518630674753
823,0.385071912028033,0.336435612073435,0.359248529128423,0.348540196924461,0.335116670043262,0.340078983368266,0.342788450238697,0.375663884296108
824,0.385303082318229,0.336657682305067,0.359488824623714,0.348763470919775,0.335404381445336,0.34042847275188,0.343066496848272,0.375809192772096
825,0.385583941148729,0.336922861183692,0.35973115392591,0.348999825989679,0.335665621770397,0.340742720863521,0.343337622696955,0.375985748709406
826,0.385895884990965,0.337191627609188,0.359920974852154,0.349263536416548,0.335970805815041,0.341110958468127,0.343555547952217,0.376162725867106
827,0.386200954984352,0.337431057966204,0.360122499384873,0.34950253602328,0.336261927987816,0.341456070299395,0.34376929254674,0.376324117830602
828,0.386468533183791,0.337626143829269,0.360370337079733,0.349686470005427,0.336502524891503,0.341721877309821,0.344012938199418,0.376463351229102
829,0.386700526314612,0.337806074628923,0.360552664103594,0.349878530851155,0.336784451718534,0.341991964121685,0.344226876662742,0.376594505409268
830,0.38691364553437,0.33798896290673,0.360716972221611,0.350075624315004,0.337066826283342,0.342269515121215,0.344450422792109,0.376706800984463
831,0.387124870909507,0.338187447388003,0.360898483460321,0.35028873016862,0.337341110422648,0.342567704964349,0.344691130260706,0.37680840781033
832,0.387352622532074,0.338408751229484,0.361123172604469,0.350540997795059,0.337627527255384,0.342907829793943,0.344928351146587,0.376925325330711
833,0.387653873773398,0.338621705109573,0.361333205569828,0.35080214607998,0.337909869528618,0.343251402356863,0.345177368660357,0.377074798644119
834,0.387978295024352,0.33885941501996,0.361520173740605,0.351067673024807,0.338192030932272,0.343589549481365,0.345442421231707,0.377257256735892
835,0.388259106288756,0.339141194778215,0.361695627580923,0.3513248350175,0.338479634127528,0.343919165349304,0.345713361201375,0.377450263143735
836,0.388518108102822,0.339325749643699,0.361890560402981,0.35147963272816,0.338759747367524,0.344213965637646,0.345917424513417,0.377552503094256
837,0.388757262742318,0.339494204951792,0.362102665553127,0.351633920704573,0.339025081021439,0.344538654607151,0.346157567232919,0.377657477435617
838,0.388994926806222,0.339698852584746,0.362316897258702,0.351833669031536,0.339281718792578,0.34489997101794,0.346452443894651,0.377795457983318
839,0.38928257869265,0.339934803698592,0.362499900334751,0.352020715682041,0.339555336158949,0.345207626477178,0.346675368213843,0.377877829488109
840,0.389510599365075,0.340145983426583,0.362668213658672,0.352268836155508,0.339838798323799,0.345485271741502,0.346879674169372,0.378014793315295
841,0.389731458271216,0.340358413824654,0.362857918131986,0.352551807117831,0.340142794639184,0.345797859229872,0.347105964443008,0.378187049226281
842,0.390051257130692,0.340621247963335,0.363104815222652,0.352803906919566,0.340474806108331,0.346205907142947,0.347383510184172,0.378327657610985
843,0.39040302395308,0.34084708887445,0.363356132023044,0.353018072884726,0.340762637884008,0.346528246346872,0.347640119864053,0.378463152705993
844,0.390675771230594,0.341055598118026,0.363540562853015,0.353222009846153,0.341015760238665,0.346798217484084,0.34787295772827,0.378587661890311
845,0.390836413551213,0.341261785474102,0.363655888703262,0.353432867833467,0.341254722537362,0.347073190887734,0.348095749435468,0.378698876056423
846,0.391029530096077,0.34143641434979,0.363868830537871,0.353631518079371,0.341499366170225,0.347407317640577,0.348337989406683,0.378808021374644
847,0.39129806217128,0.341590897949278,0.36405511735085,0.353814698333393,0.341735564622795,0.347728954487956,0.348592006667958,0.378922443743278
848,0.391595033150452,0.34176302389646,0.364207067114364,0.353996233041912,0.341978862683421,0.348018439536849,0.348837539606325,0.379032489193398
849,0.391815451122975,0.342004148034474,0.364388690737115,0.354202346842554,0.342260850087605,0.34829099607836,0.349048166340921,0.37912295599593
850,0.392089420161347,0.342242368016415,0.364621997918244,0.354438881136423,0.342539905714982,0.348577904103364,0.349272454795186,0.379300264970878
851,0.39237536134155,0.342466037081604,0.364872395170657,0.354696192334931,0.342828091531584,0.348915951881476,0.349531609815158,0.37949452206849
852,0.39262844950391,0.342686069291939,0.36510319308718,0.35496006916714,0.343135487849966,0.349308959005936,0.349820701888577,0.379628238359828
853,0.392910752232792,0.342952312310112,0.365322327566865,0.355226989909703,0.343439910543851,0.349665860415072,0.35007696555641,0.379713020431936
854,0.393154565396969,0.34318645426371,0.365470094308166,0.355404951457987,0.343673778410809,0.349959346414691,0.350277503798402,0.379814971209418
855,0.393387726513279,0.34339530246539,0.365615536461172,0.355552574485826,0.343891262850043,0.350234961674397,0.350483920245785,0.379960598799838
856,0.393729589517714,0.343667739615054,0.365950284986478,0.355872947834577,0.344263200095138,0.350607934519111,0.350837890754972,0.380137000001688
857,0.394051646630393,0.343925073768889,0.36621000470467,0.356133040823632,0.344591724673411,0.350921014095002,0.351147789398035,0.380321823299891
858,0.394307203228419,0.344135683394136,0.366384967489008,0.356314546217446,0.344862779594078,0.351189761345891,0.351398939196813,0.380490869945949
859,0.394505592322973,0.344305404684642,0.366549060826584,0.356475459262724,0.345117832215008,0.35148242623868,0.351630945226907,0.380630415594779
860,0.394803636418994,0.344549416531149,0.366828427369169,0.356748994807169,0.345413140714985,0.351887041691853,0.351893635909541,0.380765405250303
861,0.395084696266545,0.344788594662174,0.367056553785251,0.356978768218684,0.345698879473663,0.352269653223508,0.352174906000199,0.380924146717116
862,0.395309395617455,0.344994797198638,0.36719514176169,0.357135345022242,0.345967466584446,0.352578763092694,0.352449407986694,0.381084944607444
863,0.39555310615018,0.345217560149608,0.367389072847647,0.357371956679063,0.346274778062801,0.35288055267467,0.352675686388278,0.3811555766716
864,0.395831357645363,0.345433792205698,0.367604372800751,0.35762829617078,0.346558739567761,0.353208483311029,0.352923555437722,0.381290315658715
865,0.39610757760881,0.345649803774024,0.367836475488778,0.357866291456887,0.346830482236055,0.35356757691057,0.353216095760324,0.381492901925067
866,0.396351067588725,0.345878998397243,0.368079017032947,0.358075274588119,0.347125675111866,0.353948563776514,0.353538583138118,0.38170196179096
867,0.396704257304975,0.346118848776188,0.368285830322313,0.358393805992373,0.347467639551213,0.35434922414363,0.3537480977362,0.381802934278999
868,0.397077785255626,0.346366886771878,0.368495202679279,0.3587086387481,0.347811210834397,0.354736455811283,0.354017196648685,0.381933604847846
869,0.397403134218738,0.346621508257144,0.368729606847062,0.358947863102967,0.348124955769682,0.355084787942179,0.354387112855196,0.382148386757082
870,0.397671902262979,0.34688588733271,0.368978781924189,0.359131246453172,0.348408545024418,0.355377096157334,0.354634821570826,0.382332575515083
871,0.397911578368514,0.34711794628391,0.369192317520047,0.359341767992474,0.348650990046641,0.355696243068906,0.354922979988389,0.382506537733875
872,0.398195406505253,0.347354888615697,0.369410811504706,0.35960964159597,0.348926875129776,0.356085603480357,0.355251387284056,0.382706248729916
873,0.398587896476866,0.347648001101199,0.369696480302167,0.359926322778018,0.349319865433435,0.356546035397592,0.355561790650083,0.382961030274808
874,0.39892589192118,0.347871350556639,0.369936057690059,0.360192356885218,0.349679884210378,0.356908685228206,0.355865348281012,0.383153830670064
875,0.399245329029864,0.348097582496349,0.370240773395131,0.360480959158613,0.35003365541849,0.357250749435008,0.356148240811115,0.383356362617198
876,0.399572884874522,0.348362051581978,0.370618419494854,0.360800641893133,0.350390061798701,0.35761714224436,0.35641969398137,0.383601857047215
877,0.399872026309762,0.348576981584981,0.370815313485199,0.360978147144955,0.350679827723497,0.35792086497231,0.356742390529591,0.383805159559822
878,0.400170324413042,0.348855004987601,0.371012927743046,0.361209967917661,0.350965185922722,0.358328918806521,0.357074587631928,0.384032110701588
879,0.400476534381304,0.349166795827937,0.371248946336305,0.361521403425829,0.351259984573704,0.358794813546045,0.357387305575069,0.384248745027644
880,0.400793879999041,0.349422457558082,0.371496902148221,0.361848806530807,0.351560559109772,0.359177735161518,0.357666289230691,0.384399115725493
881,0.401151053373948,0.349639725213621,0.371709635400646,0.362078856630763,0.351898378956765,0.359492921646723,0.358002765031311,0.384677239035838
882,0.401495790646921,0.349878205367632,0.371954120180897,0.362308655856218,0.352260487621526,0.359860457477948,0.358336171218377,0.384929391281126
883,0.401812860484144,0.350165515086008,0.372252383914431,0.362600425998881,0.352629710128755,0.360319656716639,0.358628712470061,0.385078957863999
884,0.402194116891645,0.350446711968758,0.372486046482396,0.362869181668951,0.352992099638242,0.360701134080888,0.35892714706641,0.385310745956328
885,0.402563609858485,0.350745605391921,0.372790339620614,0.363235909978799,0.353357598180541,0.361086124672744,0.359281942953939,0.38557769560629
886,0.402933565514362,0.351078636498215,0.373154701434001,0.363645937888538,0.353725031428105,0.36150774197293,0.359672269363235,0.385879566355524
887,0.40334913822137,0.351445049073927,0.373491879936579,0.36396184895815,0.35408650176494,0.361970465829224,0.360033247121684,0.386216209866524
888,0.403715836362123,0.351688166920474,0.373752560297113,0.364219093128301,0.354416284296642,0.362385947125863,0.360305680124245,0.386420583001513
889,0.404063102317342,0.351955612332756,0.374016423843024,0.364505731422874,0.354768329559248,0.3628014313063,0.360611525532736,0.386608815536506
890,0.404413218972996,0.352303190717654,0.374312868558441,0.364838180566804,0.355152831141284,0.363223225894074,0.361006008924925,0.386866212207649
891,0.404724392336898,0.35246151658834,0.374495954643086,0.365038191821565,0.35544649188624,0.363498715316417,0.36133040153639,0.387113037572169
892,0.405061678111049,0.352687487894167,0.374758496663003,0.365278797220383,0.355769582996061,0.363850297602381,0.361690112688101,0.38741118941655
893,0.405454261616113,0.353027749923837,0.375114622619742,0.365611574652066,0.356143031980288,0.364303190404535,0.362075683688678,0.387721447957276
894,0.405899064621443,0.353416524042175,0.375481756019359,0.366011407380891,0.356538045369108,0.364774463794526,0.36242599343994,0.387964990842472
895,0.406279947150334,0.353820663654291,0.375830660231901,0.366345024398702,0.356975963653816,0.36522379451791,0.362779011139879,0.388244505676678
896,0.406648103168765,0.354150293045932,0.37616461662348,0.366639132017908,0.357382394871711,0.365671616971222,0.363138880985968,0.388532632903839
897,0.407042121083274,0.354385693758389,0.376481708003519,0.366938391288504,0.357723493873193,0.366123913730547,0.363506163905632,0.388804532113848
898,0.407420369894577,0.354665959053919,0.376747173848974,0.367271668459673,0.358072808494614,0.366524221811938,0.363886173167001,0.389079957283784
899,0.407767020413965,0.354980368521269,0.377015964259782,0.367633660691839,0.358472819096389,0.366945294967277,0.364244322044078,0.389351802346922
900,0.408106055101661,0.355314827144976,0.377296765288954,0.367991027864893,0.358883740536828,0.367376406678866,0.364616673017604,0.38964595095235
901,0.408482092151548,0.355641986544056,0.377574777381559,0.368297082511982,0.359231474626566,0.367777240328967,0.365059877350934,0.389992289149033
902,0.408894711066679,0.355899047938577,0.377843561079673,0.36854035858612,0.359589872050674,0.368245403211236,0.365450517192748,0.390299174284542
903,0.409301825147438,0.356169881004336,0.378111539303481,0.368810444839768,0.359964389905105,0.36869592324965,0.365825189405023,0.390557676376216
904,0.409703691657169,0.356515817215563,0.378412707720807,0.369168335038656,0.360359955239286,0.36911152358847,0.366215034402041,0.390811866273457
905,0.410213266051446,0.356931755625065,0.378843230679205,0.36960856232571,0.360801324183135,0.369676535602584,0.366595339847117,0.39120182645921
906,0.410651327303015,0.35725447637178,0.379258267492785,0.369985016711668,0.361259171714977,0.370164759326829,0.366995629392729,0.391573890357528
907,0.411019152677745,0.357531541529736,0.379594323260442,0.370313112170672,0.361694290999162,0.370582611287033,0.367391920252344,0.391906492004123
908,0.411402401955654,0.357893780379127,0.379846279352888,0.370682083536848,0.362078499748325,0.371035530638734,0.367754841735896,0.392235243327783
909,0.411846145298124,0.358272995863365,0.380143538523324,0.371100814319012,0.362507193242419,0.37152940250153,0.368209858164056,0.392565033157926
910,0.41230888633142,0.358627070686575,0.380509925824283,0.371492344547166,0.362924463551109,0.372020314031991,0.368687900552882,0.392926633581087
911,0.412752426754187,0.358941350344708,0.380917418893032,0.371832528095133,0.363310042791159,0.372474485475131,0.36911463601871,0.393296367273083
912,0.413157225261475,0.359239630205586,0.381270494564834,0.372203909938046,0.363732288612431,0.37288186099888,0.369432802346514,0.393541547293827
913,0.413623215709212,0.359594705884894,0.381638017269171,0.372591612611036,0.364181477239861,0.373322700465061,0.369801763698402,0.393912791785394
914,0.4141024231849,0.359986205453269,0.382002714069882,0.372971869780946,0.364625586741074,0.373792409160436,0.37025481765069,0.394355141760141
915,0.414512034860361,0.360356130472122,0.382327703322705,0.373324538430186,0.365031666742869,0.374255060128906,0.37075360918137,0.39471691709514
916,0.414936779172665,0.360674697152966,0.38264457674147,0.373694924072287,0.365432137792575,0.374705407865659,0.371170469845642,0.395038099224719
917,0.415396281575683,0.361033006205498,0.383026269292709,0.374076373090903,0.36587164487316,0.375215799851831,0.37156239321415,0.395387922544575
918,0.415871664823245,0.361446973649503,0.383464276283281,0.374452150159056,0.366334806183735,0.375771670461912,0.371979961895063,0.39578756375459
919,0.416298539970495,0.361818606566288,0.383836933518406,0.374796650409254,0.366722019950352,0.376232770043519,0.372447149094222,0.396189570016607
920,0.416718501818245,0.36218141984606,0.38419024094291,0.375172230838211,0.367207219727542,0.376708990753389,0.372871325525982,0.396611979537918
921,0.417167627625535,0.36257334662643,0.384544338461958,0.37556702932087,0.367708204537529,0.377217961377371,0.373267214566173,0.397015208988788
922,0.41765854487809,0.363002966824164,0.384913557319316,0.375958850972447,0.368116270789532,0.377743741821526,0.373678263570763,0.397372430264874
923,0.418098767519204,0.363328251349525,0.385304832446864,0.376395065591171,0.36857688619119,0.378242953676546,0.374112960800183,0.397784473933316
924,0.418583983217413,0.363684521153144,0.385720036701485,0.376813812680321,0.369036834124143,0.378773509518744,0.374517677377547,0.398201119932777
925,0.41914553781069,0.364113001387751,0.386138006634333,0.377209093362268,0.369497691217423,0.37933738632554,0.374930883720144,0.398607988412957
926,0.419739932321281,0.364548788549578,0.386516398005404,0.377634402165447,0.370020185612109,0.379876993139118,0.375479333136402,0.399033271691287
927,0.420250606471767,0.364949140223148,0.386839853382953,0.378049721109608,0.370533074929237,0.380359522840604,0.375971002189893,0.399483746769069
928,0.42070563397427,0.36532243662027,0.387213777631251,0.378474652656398,0.370977788670111,0.380828757859658,0.376420761954979,0.399926191156382
929,0.42115936125662,0.365684522401446,0.38768606689223,0.378909180649186,0.371349110556917,0.381324506670068,0.376873231546677,0.400322961047627
930,0.421616063695575,0.366017942667214,0.388028125374527,0.37924091377576,0.371787817497977,0.381804946821038,0.377303400225418,0.400643509713109
931,0.422142693872602,0.366396940465632,0.388416228335654,0.379614385005093,0.37227016974687,0.382320589614683,0.377749236437068,0.401001289065442
932,0.422664758717868,0.366797848803944,0.388835496586081,0.38003385703722,0.372756269377351,0.382850710549892,0.378193790957362,0.401394318803004
933,0.423037512107293,0.367141260530279,0.389154031177211,0.380412228979237,0.373199472062661,0.383335729838002,0.378596454535515,0.401751978524286
934,0.423513171577968,0.367546245663343,0.389472959393019,0.380799529979712,0.373644270354641,0.383875798856161,0.379106580503909,0.402197398208351
935,0.424036811870971,0.367975055721824,0.389883604131872,0.381205678119034,0.37412142389489,0.384415795668333,0.379619288027668,0.402686642717125
936,0.424530908671097,0.368376598702128,0.390369446375663,0.381621983584573,0.374619270278872,0.384918885595853,0.380072603576912,0.403161622470293
937,0.42496297926871,0.36871373525384,0.390680009047483,0.382008849019905,0.375031950590101,0.385440724016102,0.380587637079011,0.40359014900592
938,0.425467863038377,0.36911484904474,0.391026575991204,0.382438772114732,0.375513231365404,0.385942810538226,0.381063031823817,0.404004367685383
939,0.426023787431815,0.369544358492815,0.391453903363072,0.382856861076749,0.376057686705882,0.38645163397414,0.381499554453314,0.404401350432096
940,0.426540888573713,0.369910008706994,0.391919486728965,0.383187088790895,0.376587405795963,0.387002951659581,0.38194733709152,0.404780618171721
941,0.426966214770147,0.370242919451065,0.392277408044919,0.383570627811084,0.377031672071863,0.387502859357748,0.38247929391702,0.405242964103638
942,0.427404331672356,0.370604545163167,0.392617152826709,0.384043295303114,0.377444804691651,0.388038008706615,0.383017379471275,0.4057043307523
943,0.427895797822111,0.371000897678258,0.392979527477821,0.384532339958236,0.377870073948046,0.388620024899508,0.383487877010458,0.406095221823608
944,0.428381181564154,0.371363349050622,0.393316888278091,0.384840892475686,0.378320332489476,0.389146965898538,0.383840728756922,0.406385433511968
945,0.428864907041041,0.371797836933182,0.393731544130419,0.385205425381609,0.378801874544723,0.389683817856034,0.38430367826987,0.406786131825031
946,0.42930646768549,0.372172288781201,0.394107586285263,0.385568701061218,0.379225239671181,0.390152289731261,0.384779617981608,0.407232714947165
947,0.429700502112586,0.37239583131708,0.394350884467518,0.385865220253708,0.379554222678912,0.390510693511334,0.385163799301619,0.407633717269297
948,0.43019595134202,0.372738250561855,0.394645020091905,0.386290761963728,0.380026478159898,0.390959813107964,0.385664777663958,0.40809959293343
949,0.430743778353024,0.373208818562406,0.395052362028019,0.386732078423235,0.380568477817985,0.391539854873336,0.386187884302819,0.408583457532104
950,0.431285331114631,0.37371308703094,0.39553294205761,0.387165745100629,0.381093149692735,0.392156772167913,0.386658293705137,0.409013012348964
951,0.431763768246507,0.374096335444353,0.395969403996936,0.387625662540833,0.381521475240564,0.392639341381507,0.387037280165306,0.409326244467925
952,0.432211636861785,0.374446775231368,0.396301273692655,0.387985032111597,0.381969972272163,0.393141311627533,0.387492785509913,0.409772732882695
953,0.432703600486597,0.374871563935153,0.396669512056839,0.388377218426146,0.382457593345067,0.393675316842238,0.387993171846092,0.410268189321495
954,0.433236916058648,0.375373130004981,0.397127594966382,0.388851285790498,0.382977167145131,0.394215774215394,0.388470971659013,0.410702424846949
955,0.43363638538575,0.375740824472252,0.397492270218334,0.38920890810921,0.383503518195702,0.394698640186195,0.388841173807748,0.411006215352173
956,0.434115343170689,0.376100215030902,0.397871858912942,0.389610953433519,0.384021845457695,0.395207135866964,0.389315280168312,0.411403962234917
957,0.434627684528652,0.376478858677774,0.398243511122105,0.390031166127998,0.384454126960586,0.395742180794433,0.389837535984553,0.411890038241886
958,0.435059227147672,0.376865202712644,0.398563203039955,0.390398045641305,0.384762628405935,0.396269158187916,0.390288537149469,0.412366339467208
959,0.435456719497208,0.377218573422599,0.398910777656302,0.390757433588088,0.385200316063219,0.396731415441488,0.390787324880483,0.412764340443944
960,0.435973561225061,0.377589859788709,0.399307750700391,0.391223718638196,0.385745161170036,0.397270859097321,0.391284597978939,0.41316076080501
961,0.436581615460589,0.37798812779418,0.399742307144249,0.391765669963524,0.386298115128295,0.397894062784303,0.391759861549968,0.413602788641709
962,0.437076753483362,0.378375272719719,0.400169136399156,0.392207980005235,0.386713276755138,0.39846605238465,0.392229097045382,0.414091405210504
963,0.43752146514894,0.378711060002932,0.400497442442893,0.392507127888639,0.387159619508005,0.398967649270049,0.392700141659411,0.414479534016772
964,0.437942672084161,0.379022158760773,0.400789560944849,0.392751145121873,0.387611142401626,0.399419212667021,0.393105797002462,0.414809554505251
965,0.438382919457038,0.379344972870482,0.401125331961434,0.393048083106701,0.388046123130817,0.399873859179401,0.393461144948123,0.4151653490901
966,0.438944561180999,0.379698176042795,0.401556479888673,0.393486655552842,0.3885596582554,0.40043674598423,0.394031995434679,0.41563782257737
967,0.439426163767247,0.380106123962349,0.401934617985232,0.39393082665996,0.388972305405189,0.40103960867208,0.394528925312189,0.416102202935941
968,0.439864010761793,0.380518309153838,0.402258261774603,0.394306483112158,0.38936091104582,0.401547029148393,0.394948836142737,0.416536834477638
969,0.440374365046755,0.380872483945669,0.402591957572431,0.394613777590883,0.389874222456808,0.40187931609455,0.395402207202513,0.416963207631291
970,0.440874282955485,0.381253488498096,0.402959353623057,0.395105832490409,0.390365851321909,0.402460024079332,0.395888207406638,0.417372384775284
971,0.441396561484096,0.381666210232585,0.403369009906327,0.395623021126312,0.390880752793709,0.403098480920484,0.396402606151485,0.417826035970849
972,0.441934830761101,0.382087880010214,0.40378863414068,0.39607158242181,0.391411228175645,0.403662500832401,0.396891175207348,0.418304299897942
973,0.442438565529226,0.382476833254831,0.404153519787789,0.396466147454179,0.39188648521009,0.404141567681411,0.397264714993518,0.418707049028721
974,0.442938101297826,0.382874061482478,0.404576624599013,0.396847500036845,0.392330339307813,0.404699171047376,0.397790851523232,0.419209288262119
975,0.443457916273195,0.383330396047203,0.405050153251855,0.397278499477987,0.392813936299714,0.405265149263088,0.398357183793811,0.419774462318623
976,0.443985400019951,0.383825149655079,0.405511646884452,0.397762253629708,0.393350018028873,0.405767654949812,0.398826769885054,0.420295092854422
977,0.444413661987315,0.384158112561825,0.405823218452943,0.398152893594686,0.393781059484932,0.406257688432267,0.399189828403396,0.420574870950628
978,0.44481222967234,0.384401997153123,0.406096550526955,0.398460900229927,0.394168376650466,0.406679621521453,0.399609863008659,0.420983656206573
979,0.445289293038917,0.384704886719665,0.406404145010544,0.39877434909184,0.394600723318839,0.407140973297999,0.400132109399495,0.421497033578643
980,0.445897773476765,0.385184201990803,0.406783383242752,0.399185390406318,0.395140306867184,0.407757101416105,0.400698622230371,0.421936297016495
981,0.446295315337621,0.385580294684332,0.407165062706686,0.399582154674606,0.395620571405289,0.408302986271217,0.401026622997705,0.422285354426142
982,0.446762346796564,0.385992550679415,0.407554063442557,0.400003820171499,0.39611054999609,0.408846080156702,0.401434099643337,0.422673582831947
983,0.447328883993056,0.386410564866427,0.407963600035121,0.400451824828801,0.396615029518824,0.409378769004262,0.401966465220291,0.423107434384031
984,0.447771045931623,0.386718076422823,0.408405719580923,0.400885682939805,0.39707300579222,0.409824646684927,0.402390940995578,0.423476792878961
985,0.448258983147256,0.387068970404265,0.40879944781933,0.401284222306912,0.397554995678706,0.410364850124098,0.402838779237818,0.423867683731026
986,0.448706545163754,0.387445056748396,0.409117731662395,0.401654448989014,0.397932260863606,0.410911302602704,0.403286877099344,0.424287301343308
987,0.449054063500088,0.387765645274846,0.40937490398622,0.401971880478741,0.398187805422649,0.411360706866654,0.403715059297349,0.424724649155919
988,0.449370177329907,0.38787521064357,0.409640399114047,0.402122764027153,0.398586589489191,0.411664330409611,0.404158533349714,0.425163293639438
989,0.449739643232215,0.388127955705059,0.409872288749928,0.402422372541481,0.398986397558931,0.412075296473563,0.404528074225841,0.425513413965166
990,0.450178018787411,0.388497871180729,0.410151182163461,0.402833125476717,0.399398733144696,0.412636116243879,0.40490068057253,0.425812507880391
991,0.450651367235558,0.388854206392347,0.410531987352937,0.403213710232914,0.399858850026441,0.413259590042671,0.405362670526194,0.4261378760798
992,0.451058385476538,0.389230763563894,0.410803392895749,0.403548318971227,0.400310300775496,0.413692263784978,0.405792482092873,0.426520954649179
993,0.451534416341182,0.389624436884651,0.411153111304825,0.403954604194759,0.400765815699437,0.414138793644201,0.406300125721352,0.426946580126234
994,0.451952736632457,0.389951988498048,0.411508596410585,0.404325173058247,0.40117356686599,0.414608856897118,0.406781904010338,0.427345655532705
995,0.452090663482624,0.39012791561915,0.411666187836651,0.404472076029947,0.401473821605484,0.415002230793121,0.407043696738922,0.427641203757628
996,0.452475528720929,0.390502267905816,0.411915290210353,0.404878793553431,0.401907946933347,0.415530361031375,0.407411913255576,0.427985679844418
997,0.452979802879385,0.390832372578682,0.412224795361844,0.405345923477209,0.402354800224019,0.416048153834836,0.40782519691675,0.428371726245674
998,0.453479221200758,0.391041461821329,0.412549628205526,0.405740569317618,0.402743786345463,0.416507557573626,0.408252535307089,0.428760991665859
999,0.453953848067631,0.391347555470158,0.412873710761614,0.406118329821594,0.403123231183499,0.417032377157468,0.408750893157647,0.429102350359857
1000,0.454275325600277,0.39154323611467,0.413138172339391,0.406352844956374,0.403381439582766,0.41745699067196,0.409064091435768,0.429447939422207
1001,0.454275325600277,0.39154323611467,0.413138172339391,0.406352844956374,0.403381439582766,0.41745699067196,0.409064091435768,0.429447939422207
1002,0.454621838723947,0.391795799984681,0.413373985892835,0.40665537579347,0.403692548169863,0.417887135835256,0.409395907579481,0.429828132293973
1003,0.454949820608981,0.392071898008257,0.413619327876994,0.406900980683253,0.403981208333477,0.418265048493864,0.409777739301066,0.430201893511053
1004,0.455229907962695,0.392369309294328,0.41380604950215,0.406995104618432,0.404159002614258,0.418556725858957,0.410144046647969,0.430633179189396
1005,0.455582234894237,0.392643267699082,0.414053143079135,0.407266003446319,0.404486598616097,0.418916857016225,0.410495345804965,0.43091125679659
1006,0.455983460125139,0.392936308247136,0.414362012753343,0.407644630420703,0.404879134307427,0.419311486480602,0.410887349639709,0.431065495328832
1007,0.456367842244921,0.393219259421979,0.414646925375287,0.407929298471786,0.40523462777058,0.419691218203485,0.41123737340692,0.431332522843412
1008,0.456811027015151,0.393470046349374,0.414953381411514,0.408234339529293,0.405687620457958,0.420087964943,0.411548933209483,0.431573150312141
1009,0.457195252305194,0.393728498144672,0.415232757813642,0.408541164721037,0.406061206859215,0.420481683615068,0.411878845104961,0.431842254345465
1010,0.457545153126359,0.393959359762631,0.415475433988704,0.408806150180901,0.40634168713722,0.420877160101648,0.412167247906997,0.432165826183029
1011,0.457954734024734,0.394258595276613,0.415786751946717,0.409118469676743,0.406670824606019,0.421239389839732,0.412589191202055,0.432516527843992
1012,0.458260072782629,0.394623789419936,0.416056175061251,0.409396791620585,0.407106600638797,0.421592511961118,0.41298127470402,0.432879910869896
1013,0.45853591797298,0.394950962291722,0.416291519337311,0.409710389126419,0.407479241397838,0.422033851572403,0.413197013387389,0.433170319918474
1014,0.458836084135186,0.395321631228385,0.416521428405457,0.409894093209631,0.407758776982048,0.422421221976442,0.413552058136502,0.433488117773664
1015,0.459069590633554,0.395623260009178,0.416669894433919,0.410066564999771,0.407995052584043,0.422647162935216,0.413858571082113,0.433807075749855
1016,0.459376688060851,0.395823158814723,0.416854590787768,0.410346358335342,0.408243644586334,0.422926740997451,0.414055539343133,0.434026600526723
1017,0.459727530637666,0.39608871979109,0.417104317918887,0.410496615517342,0.408465069589569,0.423237924400224,0.414375087228885,0.434289884027454
1018,0.460035267880133,0.396297283618277,0.417314392951993,0.410689883205245,0.408732947728674,0.423546473066589,0.414705918727948,0.434555360769333
1019,0.460325216721458,0.396424544087645,0.417538677536263,0.410887693290603,0.409082572720852,0.423844590130032,0.415076351122585,0.434852352951771
1020,0.460666410279333,0.396679398248225,0.417767695885961,0.411136829895079,0.409446355955628,0.424232809771871,0.415375722186186,0.435107746076984
1021,0.461007734506586,0.396988806128053,0.417961533433196,0.411369360659564,0.409840371046177,0.424701892327236,0.415675231423883,0.435334292716773
1022,0.461347923496386,0.397237814359178,0.418187523501638,0.411666047033773,0.410175818938646,0.425089753267826,0.415986529656351,0.435588820188016
1023,0.461764232188392,0.397541162703218,0.418476886039086,0.412092446760584,0.410548263215074,0.42554412807482,0.416250910388106,0.435855168376241
1024,0.46211387274547,0.397811781950893,0.418703007064796,0.412398373146262,0.410869888036083,0.425926724463342,0.416516925225228,0.436090017271882
1025,0.462421938695504,0.398042672776917,0.418912935184755,0.41269021255415,0.411137456577961,0.426267162916532,0.416808710639212,0.436329174455691
1026,0.462721357737,0.398231481083739,0.419101217695316,0.412934142816774,0.411325464803073,0.426458721038637,0.417117568407308,0.436547527458963
1027,0.462945088781943,0.398423941550554,0.419195554807542,0.413071978249949,0.411583298722099,0.426758670716783,0.417389628180452,0.436747886872473
1028,0.463204864965719,0.39866748527635,0.419410243164473,0.413247653924013,0.411954980741829,0.427064754888733,0.417645193201573,0.437014067399477
1029,0.463589058267172,0.398874878341173,0.419739729724818,0.413458764056491,0.41229348757014,0.427352189133744,0.417942028274985,0.437287140967582
1030,0.463872721084425,0.399091062655151,0.419995982127492,0.413701186778613,0.412663509665875,0.427755105300069,0.418315030883126,0.437534721329201
1031,0.464119585536882,0.399285935701788,0.420219529696586,0.413894943899417,0.412943382819733,0.428112870867143,0.418616707998082,0.437796368162429
1032,0.464366144968634,0.399491728344668,0.42049029725186,0.414097469828247,0.413135518927629,0.428473033337844,0.418884180550799,0.438068398830175
1033,0.464637980698102,0.39967920319233,0.420671106505832,0.414290110843205,0.413415029427849,0.428807319404531,0.419169170290665,0.438299496090175
1034,0.464831061477066,0.399801073491452,0.420709900952265,0.414404829231215,0.413704275731288,0.429141200218465,0.419432282511064,0.43852923305691
1035,0.465078923323017,0.39999200660849,0.420858865113109,0.414600634682023,0.41395921995539,0.429455889551953,0.419729415210171,0.438735363924096
1036,0.465443056611917,0.400248656853974,0.421067861856274,0.414866507544918,0.414271577032435,0.429762251924002,0.420085404764483,0.438876000037941
1037,0.465715976918383,0.400473983122053,0.421241567956567,0.415106141855438,0.414548504159702,0.430085532066571,0.42036427329345,0.439067434705081
1038,0.465916372636884,0.400715676186791,0.421453777636675,0.415409370184761,0.414762827750782,0.430399423959171,0.420570162541544,0.439278649487742
1039,0.466142744799203,0.400932459509219,0.421602302923696,0.415617876152368,0.414978608132982,0.430711039602304,0.420854629382788,0.43949472435326
1040,0.466388123796546,0.401148751239267,0.421717112925482,0.415770014045098,0.415178049172076,0.431053274655054,0.421137213676853,0.439765128600449
1041,0.466562561237385,0.401295986702342,0.421775025653674,0.415923940741695,0.415412711499179,0.431323653579621,0.4214302833108,0.439959796428655
1042,0.466791661398952,0.401501512701075,0.421891673661661,0.416048128704997,0.415676428059791,0.431578649441637,0.421766383578728,0.440074307797996
1043,0.46707235383135,0.401742013638682,0.422034445410329,0.416182640018175,0.415924755270485,0.431861386459547,0.422148839794757,0.440258219027509
1044,0.467391586238308,0.401957156526366,0.422223258310705,0.416427095718598,0.416305285189652,0.432229017648229,0.422535094375719,0.440482310747403
1045,0.467677801794821,0.402189490489935,0.422364504078272,0.416616233549848,0.416642966577059,0.432557314230086,0.422855222427896,0.4406675154563
1046,0.467918879777148,0.402365108390056,0.422482794480839,0.416812361673296,0.416921942302156,0.432890368157945,0.423115068164285,0.440828952769589
1047,0.468128908386036,0.402474662921783,0.422543356925254,0.41702746382208,0.417162387114896,0.433280812133819,0.423349178110565,0.441024969293078
1048,0.468340351117023,0.40263246051393,0.422671691250402,0.417198086958741,0.417426293630825,0.433629018785968,0.423599288175253,0.441187585172617
1049,0.468525764916145,0.402790158655503,0.422809035840181,0.417325643507262,0.417655904856925,0.43392832830652,0.423742274509009,0.441265305107635
1050,0.468714553579075,0.402951191341447,0.42295986399317,0.417505325260492,0.417901979421847,0.43424428091068,0.423990784513123,0.441405512723744
1051,0.4688964908732,0.403127521198145,0.423170230397927,0.417696044578922,0.418186622655104,0.434547888337254,0.424362197414935,0.441620378062973
1052,0.469073415373674,0.403292657318146,0.423295986020588,0.417868103853667,0.418416519195168,0.434889794471311,0.424619393013966,0.441752833702736
1053,0.469204389614977,0.403454870018025,0.423409430501141,0.418060741126116,0.418586377468859,0.435264873815159,0.424815342913047,0.441811421613183
1054,0.469391056511067,0.403607920801564,0.423486988232537,0.418238765044188,0.418798779390327,0.435606992980328,0.425062416640725,0.441941666200854
1055,0.46963763548959,0.403754778988793,0.423467846056625,0.41839732572801,0.41905852790368,0.435956489360561,0.425293663830819,0.442082729825951
1056,0.469846894483181,0.403914888208469,0.423530067927678,0.418552535048004,0.419238075309016,0.436310266158136,0.42553535964512,0.442228460837981
1057,0.470053830600149,0.404073782592337,0.423600407568345,0.418690056961159,0.41933281079736,0.436655484839924,0.425826256375901,0.44242826435344
1058,0.470270475800799,0.404224617490252,0.423680372397295,0.418853405753871,0.41951743811321,0.436964245509128,0.426075646931052,0.44260133293215
1059,0.470479430299409,0.404413777986693,0.423854385587093,0.41905987229159,0.419769970132186,0.437289742692464,0.426319668586681,0.442694157346043
1060,0.470625082308672,0.404554490981918,0.42397114438238,0.41919375089339,0.419975824797637,0.437644645381212,0.426594266704791,0.442812070809453
1061,0.470845581416738,0.404729598119711,0.424103796730575,0.419382940575869,0.420232416568458,0.437937732699979,0.42683868744624,0.442979053990621
1062,0.471141957278042,0.404931244455367,0.424260222116849,0.419646745331456,0.420643774929049,0.43818070478933,0.427106548167839,0.443159951336835
1063,0.471320812812512,0.40508554866415,0.424373743583183,0.41979650107271,0.420871900152811,0.438423870501284,0.427326217733736,0.443341414756165
1064,0.471475430351109,0.40523279657549,0.424457369878917,0.419896261548672,0.420985731510609,0.438643301486863,0.427495481788366,0.443594916253528
1065,0.471634584711701,0.40538195119773,0.424569512623323,0.420032007053504,0.421181525135725,0.438872457730034,0.427675061677156,0.443761691425451
1066,0.471661209960901,0.405487858187858,0.424648120948522,0.42009317725517,0.421350223544874,0.439067610717249,0.427784787671688,0.443857741222521
1067,0.471845976797567,0.40562916058279,0.424769660246437,0.420243711121355,0.421536010895415,0.439309238989578,0.428005199951063,0.44400560316359
1068,0.472123578316869,0.40577743485888,0.424965917736575,0.420479263240773,0.421768731022406,0.439587171148465,0.428330113043826,0.444152380177364
1069,0.472383898219034,0.40594622214427,0.425088300122923,0.420656761860233,0.421961373541734,0.439851616743962,0.428561550105925,0.444307329736918
1070,0.472763864927066,0.406140716918942,0.425176332680448,0.420861198555105,0.422090658047836,0.44013638233544,0.428822569384455,0.444497075211467
1071,0.473031371181898,0.406324856933072,0.425286478761291,0.421019587091759,0.422294704155109,0.440396242248709,0.429041282157614,0.444656616496661
1072,0.473230278633954,0.406590284797426,0.425337029791878,0.421124035612826,0.422573053922718,0.440679917496979,0.429132912787442,0.444776978496095
1073,0.473447865268936,0.406745814567808,0.425445762172855,0.42124609407552,0.422780633181095,0.440888742070976,0.429298026928703,0.444925268762
1074,0.473644169458778,0.406810585659978,0.425596403691817,0.42134969151459,0.422973624924346,0.441010229639386,0.429502977091156,0.445065847439221
1075,0.473791680671237,0.406881414090588,0.425763498254947,0.421459004058898,0.423187409778867,0.441184020749916,0.429723959520086,0.445252698539885
1076,0.473971506384298,0.406975681359362,0.425957306817193,0.421612483871699,0.4233881405462,0.441378861183372,0.429886774202052,0.44536720654401
1077,0.474173196369551,0.407094292796231,0.426184593296226,0.421739695069246,0.423521462586065,0.441537284841188,0.430127010076443,0.445551368993385
1078,0.474384796081653,0.407263273102093,0.426361427978523,0.421856290612571,0.423669694335152,0.441748682963187,0.430328116629879,0.445725325084345
1079,0.474590410645156,0.407552511346259,0.426536542860996,0.421970953538075,0.423816171951338,0.442054386572692,0.430523586668998,0.445887636253951
1080,0.474824490183557,0.407734648783899,0.426696007592,0.422088267252768,0.42400042667539,0.442262385704053,0.43068612113521,0.446040419096646
1081,0.475120385652628,0.407883614523104,0.426807628470691,0.422183100976204,0.424192640359917,0.44244877538139,0.430825771179821,0.446211941624968
1082,0.475340181972456,0.40804357096199,0.426956395394526,0.422295534997042,0.424354812218644,0.442603007779229,0.430987794075656,0.446382407153804
1083,0.475505492103152,0.408169974322889,0.42713072113623,0.422409835347397,0.424517018777315,0.442679979452296,0.431108288473355,0.446516699966221
1084,0.475724857390713,0.408330979420733,0.427288006394859,0.42254432311837,0.424715202208588,0.442833177043323,0.431284117200579,0.446697964466441
1085,0.475941511848532,0.408504370753002,0.42742494244871,0.422683980986671,0.424883246361781,0.442991756074012,0.431515160695784,0.446930388297102
1086,0.476155964694705,0.408682830328864,0.427594184723623,0.422829020969998,0.425075295109588,0.4431545519361,0.431721732217232,0.447132436718313
1087,0.476418480826377,0.408899380784492,0.427773443604096,0.423025431507481,0.425384370587884,0.443387518440099,0.431950179705948,0.447345930331
1088,0.476656435639089,0.409078595785098,0.427950736483268,0.423173687531844,0.425595375364024,0.443564202696701,0.432150325761062,0.447532528062992
1089,0.476854074122974,0.409237095392155,0.42816154527193,0.42327782556545,0.425703184423797,0.443690199299014,0.432349483862387,0.447678554326897
1090,0.477061190618041,0.409400571302093,0.428353585967973,0.423413278554919,0.425867031309906,0.443840085917537,0.432519742880514,0.447852609382923
1091,0.477281745881843,0.409543195441613,0.428540122840055,0.423566116169691,0.426035768007,0.444021745192333,0.432645641668314,0.448023639316771
1092,0.477473020865168,0.409686952576657,0.42869885807932,0.423666132539906,0.42618312801853,0.444132993277367,0.432780199862906,0.448194606477333
1093,0.477710055498454,0.409845360892156,0.428875937320222,0.423804890706018,0.426356890292842,0.444251261322139,0.43293913853004,0.448397940105113
1094,0.477963612141328,0.410010363597043,0.429056587399512,0.423985678472482,0.426582254275846,0.444367750098904,0.433082510157091,0.448655138159383
1095,0.478200247424876,0.410197526630115,0.429221922901129,0.424105792357077,0.426749722154952,0.444470533220114,0.433278648090916,0.448854519390469
1096,0.478447369609412,0.410406768774056,0.429390411319368,0.424195312077022,0.426874073806587,0.444536309991655,0.433558455620463,0.449045662876598
1097,0.47870832686328,0.410591247547496,0.42954923229366,0.42430433767686,0.427044510796072,0.44463745188289,0.433723335565538,0.449223934309759
1098,0.478991954244809,0.410811806772809,0.429688549726458,0.424386737121089,0.427227308905212,0.444746292457677,0.433860036448405,0.449360825541747
1099,0.479213795802983,0.41096567238496,0.429841254114374,0.42449268754256,0.427399059282269,0.444864712222191,0.433990798751054,0.449526768356706
1100,0.479409261188593,0.411036435305548,0.429968823292938,0.424612483438012,0.427583179155046,0.444990284540836,0.43401044436305,0.449686389868383
1101,0.479637182362333,0.411184908193349,0.43014737456837,0.424748452979109,0.427765520446272,0.445126758774106,0.434151042486593,0.44988257700997
1102,0.479810396662407,0.411327531330002,0.430378106543724,0.424900051693382,0.427928170642144,0.44526007925752,0.43439415407624,0.450142545589381
1103,0.480032816439198,0.411501214113366,0.430567102064503,0.425044193965186,0.428106740234764,0.4454224300818,0.434564189722232,0.450329351779815
1104,0.48034355936292,0.411755497731563,0.430764181590914,0.425205227962907,0.428301220639481,0.445642480369252,0.434728594448416,0.450492603534453
1105,0.480603586879025,0.411960706199639,0.430961534264737,0.425355888210233,0.428501494986531,0.445809213597031,0.434912323865809,0.450666634756787
1106,0.480868106443306,0.412168171645689,0.431150326935676,0.425506884691236,0.428731834666937,0.445991658033744,0.435073246162257,0.450787361616082
1107,0.481087527240456,0.412342891576043,0.431313431166027,0.425640997080805,0.428919686581952,0.446134193823363,0.435230905979032,0.450935503040713
1108,0.481260972022529,0.412470609139075,0.431481176377377,0.42579974952331,0.429101768580182,0.44624511546803,0.435411234947944,0.4511176809626
1109,0.481430629393947,0.412616364373145,0.431632130624301,0.425896532896079,0.429270429007676,0.446285361164755,0.435610971960128,0.451299732965458
1110,0.481627806309099,0.412760455785993,0.43177421796238,0.425988368972242,0.42941154567671,0.446387713794332,0.435764780908025,0.451478339628382
1111,0.481794076502666,0.412868246127651,0.431861132068655,0.426024590407944,0.429484985022254,0.446469626043753,0.435851767073288,0.451642312805248
1112,0.482014450874291,0.413040763863626,0.432017413118641,0.426137830123455,0.429640457799524,0.446618014047015,0.436026477021703,0.451835590226447
1113,0.48230481981978,0.413269940543159,0.43221286489331,0.426271928586473,0.42982062306828,0.44684143705162,0.436245401291639,0.452057343551659
1114,0.482529891833373,0.41344243216679,0.43238063696653,0.426394139825747,0.429992785720398,0.446985810977838,0.436422319977865,0.452251717957177
1115,0.482724796985395,0.413622872474511,0.432563607112425,0.426563944868704,0.430200713526873,0.447108066090022,0.436624189807935,0.452461202432125
1116,0.482957346128009,0.413791967656464,0.432734073998104,0.426690584239919,0.430387192641944,0.447268780352419,0.436804700105973,0.452635897632281
1117,0.483193485121734,0.413904450641927,0.43288460530016,0.426760740654441,0.430544231921339,0.447398994424824,0.436937087032936,0.452763559436028
1118,0.483420216266748,0.414068947320882,0.433044213925087,0.42687724966821,0.430727985291883,0.447561371977254,0.437093387333422,0.452926496000365
1119,0.483688498237442,0.414275635040791,0.433221429284963,0.427004879721005,0.43093833881661,0.447825103723687,0.437276035238749,0.453099960216224
1120,0.48391008051001,0.414457786331334,0.433375558768342,0.427143964197553,0.431130747148669,0.447991829319391,0.437441293972006,0.45326266065662
1121,0.484070857652619,0.414650417604791,0.433515417971309,0.427331102938468,0.431334419690766,0.448081124862702,0.437585204403288,0.453438257293834
1122,0.484268136491013,0.414832969378637,0.433656745628427,0.427474104953396,0.43151718246239,0.448212975934071,0.437748220567004,0.453602730969285
1123,0.484488810277539,0.415004458619308,0.43378145868905,0.427606987682674,0.431673845280617,0.448327330197984,0.437921956734261,0.453737792643948
1124,0.484680914468795,0.415170085436409,0.433914786788433,0.427728562873411,0.431837996009418,0.448446212082896,0.438089160734183,0.453891675120681
1125,0.48486588980243,0.415330704976333,0.434050987560707,0.427834262789827,0.432000065241397,0.44857457194794,0.438257866873923,0.454053223454679
1126,0.485057821585581,0.415494883779479,0.434183751486186,0.427909467124219,0.432157105003533,0.448732117928943,0.438438453303666,0.454221962724161
1127,0.485235984082689,0.415632762903658,0.43434152513215,0.427996313852131,0.432311830088815,0.448876395834562,0.438599753984759,0.454399172768509
1128,0.485378829207417,0.415743081873869,0.434535468388195,0.428074804554977,0.432461046788193,0.449003350218726,0.438739514136182,0.454589592341731
1129,0.485556397027654,0.415884920707799,0.434662259104667,0.428168465007736,0.432630178250793,0.449153484822717,0.438911992071154,0.454771192442333
1130,0.485747035184372,0.416004846797541,0.434770377126373,0.428250506469363,0.432808370407187,0.449335633513904,0.439095670048412,0.454959658882914
1131,0.485942994134348,0.416178010105387,0.434889344549596,0.428363233647539,0.432969789418243,0.449482096666855,0.439271224546082,0.45514048709173
1132,0.486158644301053,0.41641503276229,0.434963901593254,0.428520230752275,0.433146937281438,0.449619823447438,0.43946361860532,0.455321307824415
1133,0.486352199773742,0.416593125077968,0.435070403951311,0.428630077911028,0.433302209995839,0.449752593590448,0.439643312863289,0.455490729054775
1134,0.486552156790895,0.416783130746238,0.435204990750495,0.428732673242591,0.433414614598738,0.449858611640052,0.439813537353676,0.455670030702704
1135,0.486734630166113,0.416941902377061,0.435338221739231,0.42883282401964,0.433567620793745,0.449988131392838,0.439978474138492,0.455813268702362
1136,0.48688836227316,0.417034529133771,0.43546646296317,0.428901849670433,0.433745188377364,0.450115030186102,0.440133013795242,0.455908238297522
1137,0.487057525041731,0.417175620213073,0.43560060617366,0.428987336052474,0.433906449303378,0.450262901431629,0.440302740789846,0.45604328125378
1138,0.487231769810862,0.41732999398741,0.435780181060542,0.429081965613207,0.434092227412107,0.450428760612125,0.440453388292341,0.45616720769644
1139,0.487399093741849,0.417486923325699,0.43590851889314,0.429180080873294,0.434246087739536,0.450597776652007,0.440636102558143,0.456310815048155
1140,0.487554914605298,0.41768303049972,0.435992419446938,0.42927182893723,0.434349394057883,0.450804693410668,0.440900272034043,0.456530692526076
1141,0.487728686099104,0.417845405192295,0.436096895433263,0.429376744254213,0.434490378909605,0.45097603464105,0.441082693790063,0.456679964503879
1142,0.487908508095318,0.417994550625757,0.436197608243343,0.429490588103859,0.434640283589157,0.45113443654327,0.441236715139145,0.456801696576815
1143,0.488094689217593,0.418130729888236,0.436277672178263,0.42962942728264,0.43478807922702,0.45128272173504,0.441360491708301,0.456882303600971
1144,0.488263582121263,0.418267571912823,0.436373175592565,0.429723377318011,0.434948499901222,0.451431568160777,0.44152934319982,0.45702038358294
1145,0.488448900199986,0.418387387097697,0.436482237020224,0.429811148199547,0.435144598069695,0.451541113598957,0.44166514347262,0.457127534158718
1146,0.488598999840064,0.418512645579814,0.436591921062195,0.429886296534339,0.43530060365296,0.451716794416757,0.441825907247507,0.457293720232632
1147,0.488713783732896,0.418637866156148,0.436703965902639,0.429923982578795,0.435449810233533,0.4519452592158,0.442039923242585,0.457539889794472
1148,0.488848435253816,0.418766180845498,0.436801409709619,0.429991565886389,0.435576302096806,0.452113081856878,0.442222838297962,0.457721291260139
1149,0.488978564387601,0.418883831879441,0.436916999438899,0.430067223930516,0.435669676383083,0.45228972243772,0.442364762963288,0.457897978088707
1150,0.489112256118616,0.419019913276833,0.436997074661441,0.430144714177013,0.435792033332307,0.452445053477658,0.442543891438613,0.458054126509444
1151,0.489249860928121,0.4191838673355,0.437032573748748,0.430224785380734,0.435895690005057,0.45254380886743,0.442774118140952,0.458181395450891
1152,0.489384819723335,0.41931523978332,0.43709787888146,0.430311146587496,0.43603121142021,0.452679698046621,0.442952627475544,0.458320868069027
1153,0.489520911609475,0.41943233692331,0.437153095933141,0.430412373084379,0.436213162761596,0.452839357155433,0.443113535538153,0.458444564646845
1154,0.489652589301299,0.419560375254144,0.437228224795907,0.430497512357159,0.436361152730759,0.45298485098072,0.44326855467772,0.458584164860472
1155,0.489756320553377,0.419646328303326,0.437322308953688,0.430578320058852,0.436489970181263,0.453115797460572,0.443376785204275,0.458728111241727
1156,0.489905056873046,0.419789630021112,0.437418628325627,0.430661956079296,0.43664359787094,0.453267258165956,0.443525675503398,0.4588816490126
1157,0.490096000560732,0.419995845982626,0.437543196294221,0.43072966995173,0.43681551327897,0.453434331354072,0.443686725399984,0.459054827596133
1158,0.490253341451398,0.420164567662778,0.437637919583331,0.430811523997042,0.43695847234528,0.453591010164592,0.443857889695774,0.459214438083763
1159,0.490409797450568,0.420349389321757,0.43770512294702,0.430907880535695,0.437085165198252,0.453751156194117,0.444073253421278,0.459363479955526
1160,0.490582840635816,0.420521560391616,0.437795314542253,0.431000219463161,0.437238994326701,0.453914581741186,0.444258924929903,0.459528503223206
1161,0.490754344444137,0.420680058152608,0.437888496957691,0.431093974316592,0.437395415391327,0.454076866803356,0.44443493723486,0.459697807202849
1162,0.490898617899573,0.420808611685906,0.437968571534722,0.431197618043558,0.43753450697135,0.45423138934999,0.444601956152541,0.459859691278441
1163,0.491068712994238,0.420949283366252,0.438069186757833,0.431279437882987,0.437684970021135,0.454389083295992,0.444772880672988,0.46004020969753
1164,0.491285010024932,0.421091233472309,0.438194838519772,0.43134288340722,0.437869845242913,0.454559918367419,0.444922046652229,0.460251093108945
1165,0.491444398137922,0.421233176744526,0.438310958718112,0.431433454039794,0.438024456881033,0.454712670661757,0.445097324085672,0.460428763126282
1166,0.491578841631453,0.421373073713971,0.438440570731667,0.431527194588672,0.438155957626752,0.454854473133946,0.445296775725935,0.460596178325411
1167,0.491711574379791,0.421505217453101,0.438532449883323,0.431619132966616,0.43829172420399,0.454992744983796,0.445471408797879,0.460768916191256
1168,0.491793012163986,0.421618697964255,0.438596970709623,0.43171484171156,0.438409342014184,0.455104247710535,0.445626891460122,0.46092993608737
1169,0.491944196175783,0.421767925042419,0.438694425084867,0.431828172668892,0.438569319757991,0.455259590429843,0.445816940412423,0.461097303494848
1170,0.492137440897179,0.421929715877357,0.43877952084511,0.43195342305924,0.438753239668445,0.455438049703384,0.446027822652059,0.461264917620186
1171,0.49229988323737,0.422085069083921,0.438874500105513,0.432061921855296,0.438913623719839,0.455601556633504,0.446213910253018,0.461443876516034
1172,0.492492501622051,0.42227524988077,0.439005762381811,0.432214767820542,0.439095662013724,0.455792884016476,0.446411668702879,0.461627706771511
1173,0.492664144847763,0.422440334024305,0.439119704548313,0.432304842212603,0.439266807453399,0.455963660102674,0.446600764043012,0.46180902459637
1174,0.492775356227119,0.422576402601591,0.439221984184508,0.432293105007812,0.439412150500108,0.456095633384513,0.446746461564637,0.462009798063828
1175,0.492937589276494,0.422722658285576,0.43931692065746,0.432370661509097,0.439559057803697,0.456256220537407,0.446925788738125,0.462194215165567
1176,0.493147616948357,0.422868857149962,0.439389913697073,0.432481156168538,0.439701227875682,0.456432180700821,0.447153038228489,0.462343245682129
1177,0.493332596367713,0.423018159878733,0.43949849337135,0.432575452097284,0.439865728406926,0.456607864105524,0.44734531195945,0.462529152222966
1178,0.493520171365561,0.42315554495271,0.43962195149295,0.432702776083674,0.440037371137797,0.456800990008274,0.44752912035919,0.46275167627385
1179,0.493716474488602,0.4233257934736,0.439735340835574,0.432849343332866,0.440204587903438,0.456994706023911,0.447707229702356,0.462942122604861
1180,0.493893741160505,0.42347224013123,0.439864826080815,0.432961820902542,0.440368019658911,0.457145192730963,0.447877708036506,0.463129625123825
1181,0.494045360019046,0.423611774435952,0.440031859770076,0.433027308272127,0.440554132054419,0.457275589439025,0.448012833083665,0.463330544399396
1182,0.494220193480264,0.423767293095623,0.440163391018106,0.433138547607682,0.440712791694694,0.457406688507237,0.448195986786797,0.46351726110355
1183,0.494410776611836,0.423930101658072,0.440284551627364,0.433274316840934,0.440842994842024,0.457490374690266,0.44840362471521,0.463674462680134
1184,0.494575179558836,0.424072811293821,0.440397504070496,0.433392518255323,0.4409932638853,0.457637081426975,0.448594247084065,0.463848985932739
1185,0.494729524784216,0.424217398907672,0.440499540597386,0.433522415688026,0.441151894124177,0.457829609203363,0.448812889041962,0.464036725342991
1186,0.494889224097009,0.424361817147917,0.440602689139965,0.433627207852925,0.441305179680057,0.457979936885057,0.448987219100768,0.464219184137794
1187,0.495023874753449,0.424486920044114,0.440677165245459,0.433709761416442,0.441459315385835,0.458130995443061,0.449122061953962,0.464384944959105
1188,0.495190461720344,0.424623382237959,0.440790863217749,0.433806376414065,0.441602778000479,0.458278443242459,0.449283712097923,0.464577519664553
1189,0.495385939700709,0.424771991503311,0.44094107452624,0.433892126725773,0.441736970871732,0.458387374142315,0.449430692922437,0.464809024691934
1190,0.495565501801941,0.424918808391768,0.441060323516523,0.43398753790323,0.441881904248366,0.458539318927431,0.449598170894749,0.464992468135948
1191,0.495747403987282,0.42506437355862,0.441163767038672,0.4340942119189,0.442011775001167,0.458729132534871,0.449789770970672,0.465138578643107
1192,0.495931143471549,0.425205083039787,0.44129928968827,0.434199338020169,0.442168820789917,0.458902172540183,0.449972313997471,0.465331509481405
1193,0.496103896471344,0.425344801256727,0.441449810576471,0.434299878425188,0.442363128013132,0.459100563125442,0.450176367743043,0.46553891164279
1194,0.496288900453742,0.42549174980179,0.441578120133823,0.434408981760777,0.442526237092392,0.459259290056104,0.450346541472964,0.465722208521422
1195,0.496486859697759,0.425629796448956,0.441724193992135,0.434545560348789,0.442674643539261,0.459373993096503,0.450477855121603,0.465917902497962
1196,0.496685010490599,0.425778076190203,0.441862677099231,0.434652630841414,0.442842134556812,0.459517917388201,0.450641511842738,0.466121129645574
1197,0.496906563573439,0.425950771662212,0.441978308287226,0.434754360830825,0.443008405307924,0.459649544063691,0.450817924737547,0.466303986027992
1198,0.497099092549544,0.426109989333503,0.442084118592162,0.434836151679797,0.443174369168251,0.459806871751362,0.450961399610269,0.466483263238025
1199,0.497273564518578,0.426255897155237,0.442188353798967,0.434921683075847,0.443330648240232,0.459945884511181,0.451135274544527,0.466673386390811
1200,0.497439230027127,0.426397630006759,0.442311742902203,0.434986744066841,0.443503556302892,0.460099529286378,0.451354029673704,0.466903388916759
1201,0.497592308472781,0.426536068393847,0.442400438140701,0.435068260876725,0.443655360262102,0.4602443387608,0.451520200811966,0.467089593449553
1202,0.497693618929566,0.426642492239674,0.44243115009934,0.435143774570743,0.443768051447457,0.460362065566943,0.45165486972896,0.46724151793525
1203,0.49786881583888,0.426798145065436,0.442543442265358,0.435255476791676,0.443926602055611,0.460509262206096,0.451812705072463,0.467419094707124
1204,0.498082627762799,0.426989816587569,0.442692301241886,0.435393075813943,0.444116666659402,0.460689661207527,0.451956767813137,0.467596945880389
1205,0.498267965543348,0.427144670876803,0.442815828851785,0.435501528472836,0.444277275339356,0.460834299893672,0.452124304311879,0.467784975929444
1206,0.498478370639309,0.427306883901335,0.442974559296876,0.435632263764111,0.444443965502473,0.460971945669486,0.45230825211981,0.467975233491488
1207,0.498667374677261,0.427464871866571,0.443108374969606,0.435741120043866,0.444598581126942,0.461104804667856,0.452498682976826,0.468174192201783
1208,0.498823804925403,0.427598989258387,0.443212974874008,0.435815766936391,0.444724268305351,0.461219403464133,0.452715046248947,0.468396468741711
1209,0.498999853802897,0.427735338548282,0.44332197668109,0.435900603906106,0.444872886898463,0.461340937099328,0.45289644824697,0.468596357016191
1210,0.499194889710457,0.427866922731986,0.443431749657705,0.435993208936948,0.445038588385539,0.461464239476436,0.453073279641797,0.468797343818763
1211,0.499377337496495,0.428023583690141,0.443546431655988,0.436079722550861,0.445191459210209,0.461585053867544,0.453247387921005,0.468991039357766
1212,0.499555700663026,0.428185550206725,0.443650941160403,0.436131895712267,0.445328816143515,0.461688905660745,0.453375622766987,0.469146441918914
1213,0.499724147128851,0.428346975429041,0.44376322497893,0.436227863437314,0.44548984124404,0.461814193777155,0.45355147140048,0.46934042088035
1214,0.499873849685307,0.42853672527188,0.443897809978149,0.436370292566898,0.445668569224104,0.46194794829548,0.453771149235824,0.469568430319213
1215,0.500041726053566,0.428713179850777,0.444017557345613,0.436477219633638,0.445829657330978,0.462089786433756,0.453958661426142,0.469770748027859
1216,0.50021827785508,0.428879114790214,0.444129642219748,0.436594145223793,0.445999330752045,0.462255881104808,0.454153669914664,0.469977380030521
1217,0.500392181678679,0.429043856295051,0.444229130959799,0.436702787107012,0.446177667287878,0.462417064681915,0.454354793250858,0.470193175259047
1218,0.500543939296588,0.429180718151704,0.444340909749685,0.43674641855302,0.446293359973255,0.462553062286974,0.45447621681779,0.470370279290932
1219,0.500710988959234,0.429326739389649,0.444467243342898,0.43681186195604,0.446411878700321,0.462690928322286,0.454607694535792,0.470528740086983
1220,0.50088794874573,0.429473137116196,0.444581490686965,0.436901494656446,0.446546005260854,0.462823205823837,0.454761693722423,0.470710309174927
1221,0.501053414591815,0.429598624330548,0.444696314575796,0.437010073079335,0.446661085565541,0.462935758425552,0.454909019230612,0.470890707792059
1222,0.501234903608008,0.429739758535473,0.444812793787512,0.437090705802625,0.446821340116176,0.463066134640017,0.455076348688851,0.471095536557245
1223,0.501452719400616,0.429896212675589,0.444923714379683,0.437168400090728,0.447031275187578,0.463210994089232,0.455271190528384,0.471325508608189
1224,0.501633251608656,0.430055038850061,0.445040797515548,0.437270279152154,0.447193307700729,0.463334905467968,0.455455234380872,0.471531456425265
1225,0.501807099277364,0.430214103959322,0.445182253783097,0.437376101069488,0.447364182521826,0.463465311387904,0.455649109712062,0.471754703203981
1226,0.501959929368079,0.430373522063638,0.44528764820924,0.437463346096701,0.447508244084487,0.463563716543418,0.455824095668978,0.471943148933824
1227,0.502072102264177,0.430555876129829,0.445361298633332,0.437580367488356,0.447605081741234,0.463619604893021,0.456009315722431,0.472094251606741
1228,0.502228038345733,0.430706791320878,0.445457697900707,0.437662995703303,0.447737073263805,0.463716827012783,0.456165710795992,0.472270506828436
1229,0.502388782297935,0.430835791032693,0.445542513774737,0.437677360940816,0.447875959664291,0.463806129516166,0.456277647374474,0.472434626127955
1230,0.502550169126689,0.430969490949596,0.44564312194772,0.437748277007204,0.448016822207576,0.463915036270361,0.456419011053509,0.472619975582078
1231,0.502738024798713,0.431083957339428,0.445761244413614,0.437848922127707,0.448162477983103,0.464068857892885,0.456552871969081,0.472835304756149
1232,0.502925819188889,0.431219030406584,0.445884388849877,0.43794508604704,0.448317434354845,0.46419530863805,0.45670706625079,0.473025944284053
1233,0.503092879434222,0.431360104825845,0.446016246211749,0.438062389588974,0.448477212127586,0.464297617839387,0.456905253199293,0.473218131198732
1234,0.503278217765061,0.431507849591667,0.44614009576645,0.438164776069197,0.448643391362758,0.464424582456751,0.457067551425591,0.473403752293009
1235,0.503476119324381,0.431678191017039,0.446267616537689,0.438260738889289,0.448839476524943,0.464566247210218,0.457209571109742,0.473569913110187
1236,0.503709824434918,0.431827828446634,0.446411877024802,0.438357747201916,0.449011813150851,0.464709773610043,0.457350520315662,0.473735811259096
1237,0.503911311161344,0.431984271601964,0.446506845626069,0.438443391413299,0.449152054796887,0.464811006813606,0.457548073195774,0.473935411942374
1238,0.504091738310602,0.432140521499139,0.446589030389829,0.438542533707062,0.449279969582872,0.464908854098795,0.457727684048376,0.474137395132295
1239,0.504237660026139,0.432261303618583,0.446667276312818,0.438661305063389,0.449395305689788,0.464990487391719,0.457909495218548,0.474338311702713
1240,0.504364731154937,0.432418150280321,0.446749367346966,0.438758420004386,0.449518261774116,0.465070386092421,0.458121655187603,0.47455160690794
1241,0.504523475587331,0.432577743113176,0.446851744377741,0.438849367846446,0.44964532163231,0.465171276490962,0.458274108127981,0.474741610071217
1242,0.504679140191932,0.432743959011502,0.446974962268766,0.438937119829272,0.449776674610492,0.46530981239575,0.458350834053735,0.47489990654585
1243,0.504843931871928,0.432893377411165,0.447086667504854,0.439029524409075,0.449926793968112,0.465409725110281,0.458499554085545,0.475095380533486
1244,0.505041145829402,0.433049520312046,0.447206580555324,0.439113468066393,0.450088049668952,0.4654913662572,0.458667931488433,0.475316138760525
1245,0.505204186125489,0.433202727240021,0.447317370793177,0.43920193419878,0.450236772656945,0.465585766494152,0.458821940014064,0.475501496819216
1246,0.505339212218547,0.433335177520212,0.44742062713311,0.439294240209708,0.450405825958247,0.465677976458361,0.459001380723112,0.475689019226434
1247,0.505498500746206,0.433493768730708,0.447526571355196,0.439382116508237,0.450553229469208,0.465774109347444,0.459156585473463,0.475870477355434
1248,0.505673623591155,0.433684758761614,0.447645790331856,0.439464552554888,0.450688069047265,0.465881018936118,0.459278224085243,0.476019907946025
1249,0.5058230957636,0.433841157945314,0.447738683767597,0.439543921956848,0.450809597374085,0.465970492917768,0.45942888283034,0.476180408816388
1250,0.505958158990507,0.433989069562138,0.447794582069899,0.439630941707202,0.450903457971927,0.466031661193522,0.459597224058341,0.476358399192272
1251,0.506111542873581,0.434130692763372,0.447897642464213,0.439715720834821,0.451033148367847,0.466133706337444,0.459752071478408,0.476523769155658
1252,0.506254074051723,0.434250147938146,0.448026927788293,0.439788559133521,0.451163430063899,0.466262670640233,0.459922809669688,0.47667103690049
1253,0.506407631357939,0.434382894592616,0.448123429633574,0.439870253526505,0.451294144180325,0.466368293131283,0.460066012594972,0.476830492706556
1254,0.506582462345054,0.434514863470216,0.448239987087057,0.439958799635012,0.451456980044911,0.466486445595461,0.460159959597129,0.476992257936024
1255,0.506754962575744,0.434648257964153,0.448336788261145,0.44003773356596,0.451605404467818,0.466600592504602,0.460301298110947,0.477155724894437
1256,0.506934493451006,0.434782720089244,0.448396354749662,0.440123768765582,0.451738797139595,0.466697974321662,0.46045305692508,0.477332653438993
1257,0.507101670408597,0.434921789956148,0.448452984259702,0.440190207084677,0.451875751300942,0.466789783246256,0.460613770627893,0.477485827491946
1258,0.507238538189187,0.435058182614105,0.448527951009197,0.440240001930196,0.452006866885618,0.466895733162327,0.460803203031685,0.477636537204009
1259,0.507385369537433,0.435218659375578,0.448604882424313,0.440321218655196,0.452136985957207,0.466996067477459,0.460991632265586,0.477823086165203
1260,0.507549017209827,0.435378933417776,0.448704161569633,0.440400885791532,0.452261207101843,0.467102909431823,0.461146677806051,0.478027475556005
1261,0.507670783161607,0.43552146163854,0.44877970629413,0.440466786602677,0.452373569589975,0.46719460742945,0.46130790236693,0.478234152087485
1262,0.507793619681297,0.435664098387411,0.448848368717596,0.44053741241962,0.452508562977827,0.46728900316912,0.461472716298558,0.47842413545892
1263,0.507945023759849,0.435795994328181,0.448962595947524,0.440609024550069,0.452652372912765,0.467410664318134,0.461622462913955,0.478578891154305
1264,0.508095826774291,0.435941752297793,0.449059240052952,0.440682406036951,0.452793549474886,0.467509067929216,0.461790654290831,0.478762110607021
1265,0.508232235858924,0.436098920674628,0.449143953223076,0.440751547676573,0.452950156072157,0.467589926398623,0.461969288101215,0.478920857180357
1266,0.508378842157694,0.436240609926721,0.449244826132336,0.440827081236283,0.453077456656004,0.467679409959009,0.46214072570501,0.479114731402078
1267,0.508550378731588,0.436378234296783,0.449356690017946,0.440917791389515,0.453186412090908,0.467766902835685,0.46231813808221,0.479356198565013
1268,0.508706342394659,0.436517983062997,0.449466111920946,0.44098790865146,0.453308559170977,0.467856051993635,0.462493928599406,0.479564000238691
1269,0.508835660036659,0.436652068832158,0.449589660620637,0.441038847960307,0.453415382056609,0.467941760923362,0.462678272712336,0.479785650200931
1270,0.508992226331332,0.436776247842626,0.449690989459371,0.441110336001119,0.453533429557586,0.468038404359209,0.462833921257759,0.479952686778821
1271,0.50918665080952,0.436893253322834,0.44977847120988,0.441181374429035,0.453659379730039,0.468142546828683,0.462962415441268,0.480062472027482
1272,0.509346440411391,0.437029750285748,0.449884625152116,0.44125910017554,0.453802815718231,0.468249577053233,0.463123931022892,0.480220352979887
1273,0.509485837430265,0.437164216525796,0.4499974165431,0.44135617254004,0.453962166648417,0.468355655387586,0.463275112485271,0.48035844294707
1274,0.509639656714415,0.437295617444154,0.450084874185103,0.441442593417352,0.454108119470161,0.468475525955606,0.463435663879251,0.480512373416855
1275,0.509783486899293,0.437453472953597,0.450187010831697,0.441524436635241,0.454269443349668,0.468608270999421,0.463631025168691,0.480724929236582
1276,0.509930280194951,0.43758592137578,0.450258061725085,0.441603649098348,0.454409277162628,0.468732559728696,0.463814110521141,0.480898809450767
1277,0.510114217439371,0.437693541248215,0.450270814128863,0.441692742787773,0.454517464578018,0.468867244888199,0.463982565718027,0.481030190170322
1278,0.510255167520366,0.437810599107984,0.450324514255567,0.441761712705194,0.454646048737183,0.468993726075351,0.464162569927569,0.481192054565766
1279,0.510376732331891,0.437918745395937,0.450410928701018,0.441815472322724,0.454778245504542,0.469106330105206,0.464362976789831,0.481365454145604
1280,0.510478063405343,0.438041721218568,0.450452176294189,0.441871240688209,0.45492855612613,0.469235961356021,0.464548719508212,0.481538339572632
1281,0.510555342738333,0.438164510455407,0.450504497620602,0.441923614866959,0.455054462555633,0.469341909554417,0.464705038240454,0.481699163171594
1282,0.510621846161227,0.438267220591806,0.4505408133003,0.44195075609231,0.455160468581142,0.469476952934392,0.464873412040111,0.481860040383921
1283,0.510705578244554,0.438394569325908,0.450546053803223,0.441988988164838,0.455275618705609,0.469628708694088,0.465047113013258,0.482012756420282
1284,0.510812806716793,0.438513798085489,0.450584439773348,0.442060731955371,0.455407358691211,0.469767761091183,0.465209606055973,0.482161755967297
1285,0.510915723380645,0.438624309391914,0.450628548596058,0.442127835054293,0.455557415412125,0.469941543885177,0.46539584938579,0.482318382420374
1286,0.511017315894567,0.43875570611714,0.450675843965298,0.442192636315832,0.455696793991432,0.470079671697692,0.465591890407853,0.482450124519441
1287,0.511106944856766,0.438868922810129,0.450700008243552,0.442253646386083,0.455824543970872,0.470209393790527,0.465774197651822,0.482588622672223
1288,0.51116678624163,0.438956944430944,0.450695171583991,0.442315166023824,0.455935144930378,0.470315321388046,0.465956142516399,0.482719938224473
1289,0.511267314673886,0.439081150254397,0.450723677886637,0.442376935489556,0.456056707314988,0.470451369341585,0.466126294463512,0.482837307247017
1290,0.511404411094692,0.439233984289235,0.450765481413375,0.442435026201472,0.456186981691456,0.470601341200767,0.466290946177885,0.482953122612895
1291,0.511489745950844,0.439341689587601,0.450777435802566,0.442496249890735,0.456294568793475,0.470722155231476,0.46644319714384,0.483070337683566
1292,0.51156624284281,0.439453489579784,0.450801805799644,0.442570082523181,0.456389677400226,0.470847150464051,0.466574009353959,0.483169181615742
1293,0.511650766406761,0.439553655304777,0.450819810945309,0.442627880627488,0.456490222853779,0.470952970064272,0.466723235001615,0.48326803615804
1294,0.511686647408127,0.439583554928539,0.450770914529401,0.442669076732256,0.456562989307657,0.471007271337347,0.466874464485365,0.483367207152092
1295,0.511761839672432,0.439690748281823,0.450798852184938,0.442718957500897,0.456668922676334,0.471103434034339,0.467029576768959,0.483483270495501
1296,0.511874779122185,0.439852045556303,0.450897967224753,0.442760635401095,0.456802064731581,0.471222875873446,0.467195899239306,0.483588877217968
1297,0.511987725931989,0.439992252692867,0.450951802058364,0.442821833387916,0.456930747607643,0.471343070272124,0.467355425163712,0.483713400183214
1298,0.512106611830258,0.440158479524296,0.451015856129491,0.442896345529948,0.457077493076112,0.471494934852955,0.467513501011988,0.483868660226127
1299,0.512232265969933,0.440315503735402,0.451078498588799,0.442968646843103,0.457206103528583,0.471604859709284,0.467662175115466,0.484009232302725
1300,0.512394074505077,0.440479295417466,0.451117383985882,0.443073349166839,0.457339297918041,0.471711951430988,0.467792330632659,0.484146328883301
1301,0.512514830737862,0.440600709214804,0.451158508843319,0.443137022300401,0.457447829317454,0.471785424736716,0.467949208685826,0.484298483745988
1302,0.512601946121973,0.440676685867606,0.451195103965348,0.4431703668686,0.457518799518243,0.471800365109985,0.468111782534349,0.484471792820378
1303,0.512707119176442,0.44080742611316,0.45125712353762,0.443211121613281,0.457616732138731,0.471842115451885,0.468289132308236,0.48461362247355
1304,0.512838253677076,0.440925936558021,0.4513328017758,0.443252710431438,0.45772818045263,0.471906284073238,0.468464002175714,0.484775864104551
1305,0.512954439305945,0.441043040535558,0.451410282016968,0.44328887338127,0.457840144380515,0.471958564128094,0.468643607889853,0.484937422475474
1306,0.513054485035351,0.441189970474987,0.451497601084837,0.443349517942571,0.457973520448682,0.472027076572895,0.46879745820072,0.485049410930401
1307,0.51317323313956,0.441319305774237,0.451594179236334,0.443412441448679,0.458113116544304,0.472099156104633,0.468929430283563,0.485182199620303
1308,0.513302926937263,0.44141231285275,0.451668896679467,0.443435049232531,0.458218015434311,0.472129259500974,0.469046853803264,0.485333003777084
1309,0.513446768786725,0.441527409108435,0.451751598418346,0.443467742456904,0.458331197307648,0.47217542672807,0.469151443261109,0.485447302329132
1310,0.513621018865212,0.441657507989438,0.451889211309205,0.443535937350349,0.458467415377842,0.472236177567817,0.469274686385272,0.485595377807534
1311,0.513777504909276,0.441774025831996,0.452027905150716,0.443593472635963,0.458571337584705,0.472245909533057,0.469400101429498,0.485749352838668
1312,0.513927628918079,0.441898250566016,0.452127983893556,0.443634308138333,0.458671377350624,0.472264905518996,0.469522789203541,0.485871162414297
1313,0.514041229883134,0.442013477772431,0.452217590622065,0.44367554017517,0.458750625798089,0.472273705570583,0.469655029836742,0.485953869927897
1314,0.514177022401887,0.442150995041416,0.452306611455136,0.443722478836779,0.458865956181304,0.472284695703135,0.469791908663936,0.486085757754056
1315,0.51433725976253,0.442316995735322,0.452355176336587,0.443757709669237,0.459005541188137,0.472298542785899,0.469931950057547,0.486211118536751
1316,0.514482111091307,0.442454582241722,0.452446141576909,0.443794435353679,0.459109877937577,0.472308201474828,0.470063085614387,0.486367479431733
1317,0.514606172358793,0.442593742196163,0.452559155375695,0.443843541185474,0.459223222401885,0.472306720408627,0.470200248503922,0.486583287675311
1318,0.514743812631447,0.442722882579303,0.452669732617033,0.443885971855108,0.459321306207778,0.472314737069772,0.470322075015826,0.486746384258059
1319,0.514883451959147,0.442814385752918,0.452795384393134,0.443902267731091,0.459357649565683,0.472319114974396,0.470417662124636,0.486898870248643
1320,0.515030375317137,0.442938362738568,0.452906481670942,0.443937339658973,0.4594371876109,0.472324822130118,0.470532235503102,0.487046742514307
1321,0.515200165858523,0.443100910193298,0.453033634168516,0.444006726729795,0.459565711475614,0.472350653901169,0.470654513884498,0.487155321937259
1322,0.515339294546471,0.443220131937177,0.453138343037899,0.444048627029982,0.459661587985003,0.472359183230379,0.470784236770603,0.487299256503228
1323,0.515462337750614,0.443307136333572,0.453202519310385,0.444051188315715,0.459736450102829,0.472345088972926,0.470923226846566,0.48745855569234
1324,0.515589596247279,0.443434314494954,0.453289120738251,0.444096434773414,0.459829385214574,0.472343943490662,0.471058636245753,0.487619896195333
1325,0.515698376075618,0.443575621105484,0.453378246433358,0.444175663620841,0.459919353374073,0.472335732763564,0.471208460878714,0.487814344806687
1326,0.515816768737596,0.443686109215797,0.453471402166771,0.444221824873215,0.460009195558755,0.472340113764167,0.471331777977083,0.487980401553244
1327,0.515943083499928,0.443809802401488,0.453572785692868,0.444271439798195,0.460095199788018,0.472347858881506,0.471453585829817,0.488143624503597
1328,0.516072430289131,0.443914484619751,0.453687746899803,0.444331044886161,0.460222959379489,0.472387006570201,0.471544229392161,0.488275400270053
1329,0.516212334720865,0.444010794462076,0.453802891504057,0.444360744976522,0.460339800875785,0.47240594552343,0.471621660301804,0.488409433944387
1330,0.516319437896276,0.4441294928617,0.453901166136969,0.44436275504187,0.460403470535777,0.472443550181839,0.47173328328568,0.488543889568895
1331,0.51643536231321,0.444279688223826,0.454014071390938,0.44442259217062,0.460514016546992,0.472509818452931,0.471844617976284,0.488680478401997
1332,0.516610546060604,0.44447293808431,0.454136947976001,0.444509707496036,0.460661026128225,0.472551587052083,0.471964142183916,0.488842962838396
1333,0.516746013027504,0.444613091751229,0.45420498438327,0.444563606150502,0.460747004161499,0.472579275979573,0.472100152581381,0.489001293387697
1334,0.516873115200541,0.444691117697665,0.454272155242713,0.444626852326025,0.460859143394175,0.472621568121588,0.47220634471688,0.489109953359331
1335,0.517012943660256,0.444768130720829,0.454354796367794,0.444673698637891,0.460992319905576,0.472659822331541,0.472334487738533,0.489208346357278
1336,0.517095686004056,0.444850597075816,0.454424175512304,0.444693044450825,0.461063490133956,0.472711098655649,0.472486668091274,0.489327593127699
1337,0.517194196741389,0.444964407239455,0.454512842680436,0.44472734009551,0.461193337493203,0.47280186109723,0.472610509067988,0.489423144279633
1338,0.517312984788274,0.445085773410764,0.454579586598809,0.44476142707961,0.461351524303963,0.472870526174043,0.472756801183521,0.489535924422997
1339,0.517415689388023,0.445188842714545,0.454638874965123,0.444803354368377,0.461469351388246,0.472942303749799,0.472916836662815,0.489673649984386
1340,0.51752021813289,0.445303702004308,0.454683371368779,0.444874854011903,0.461570561695815,0.47301977962463,0.473105893965726,0.48985473435728
1341,0.517617556377121,0.445398002781966,0.454717193087848,0.444895915345559,0.46167851930799,0.473085247610573,0.473241050417778,0.489973914919373
1342,0.517700574939482,0.445439527764218,0.454733891214886,0.444881468981454,0.461763569078623,0.47312583224328,0.473367457464515,0.490088067255806
1343,0.517788316130904,0.445547588869067,0.45476564759477,0.44490213485077,0.461864180100704,0.473209844642455,0.473505590518637,0.490197541102456
1344,0.517878590228206,0.445718185146042,0.454786399706694,0.44490041863145,0.461978088247717,0.473313079690624,0.473603561511121,0.490262321498105
1345,0.517960799876379,0.445816534361453,0.454810596079435,0.444929982142325,0.462077908549221,0.473399404384398,0.473729878181972,0.490347490441341
1346,0.518044384224113,0.445910916059875,0.454852270796402,0.445024564163764,0.462181530308617,0.473510806326084,0.473892074026209,0.490447063629463
1347,0.518118248067057,0.445995268156697,0.454879729571063,0.445057720318365,0.462270558552265,0.473602467908043,0.474031108526625,0.490547183753559
1348,0.518178356005897,0.445995947557314,0.454880704521686,0.445054987699389,0.462331122813257,0.473657925233905,0.474171654222842,0.490663831969151
1349,0.518241105723758,0.446071381086196,0.454913010949179,0.445071091309098,0.462422979782343,0.473745658675951,0.474287902423211,0.490744995495557
1350,0.518318614427375,0.446224486781756,0.454988486016548,0.445079127369367,0.46254508426525,0.473873730204009,0.474373581810023,0.490804843608193
1351,0.518359222178169,0.446313462030795,0.455007023352818,0.445082538476205,0.46262444912808,0.473949731458188,0.474492657291469,0.490873552580161
1352,0.518383956208362,0.446391895854275,0.455019857073804,0.445094586162822,0.462684112816039,0.473998931373464,0.474609901958544,0.490926016998834
1353,0.518401674737836,0.446471675952853,0.455016342211648,0.445101905188972,0.462761732179784,0.474063986496019,0.474728777875287,0.49097114204586
1354,0.518386721456527,0.446519523097736,0.454966251108194,0.445107470263398,0.462825365545818,0.47410917366823,0.474875694159877,0.491015109699393
1355,0.518368015570909,0.446574365719543,0.454913260119302,0.445080652890582,0.462882665194098,0.4741498314514,0.47501861880761,0.491080677120816
1356,0.518391028711659,0.446631430144564,0.454887596891403,0.445064590480618,0.462954725609536,0.474208812167095,0.475131354210178,0.491127349054894
1357,0.518410304185119,0.446693640913549,0.454827878912677,0.445044193276769,0.463028179721695,0.474298104811717,0.475217831542358,0.491145964946251
1358,0.518424142724741,0.446720760330557,0.454773172255665,0.444983647471879,0.463051263523979,0.474361706562655,0.475290174977354,0.491148797830886
1359,0.518427632015193,0.446727879265653,0.454740545493665,0.444960728815855,0.463077418854628,0.474433736914761,0.475381659311907,0.491158753563983
1360,0.51841252640243,0.446784293601408,0.454709928128105,0.444978236415601,0.463139534642525,0.474544536555087,0.475490217483678,0.491169134431942
1361,0.518410908589965,0.44686059963512,0.454693671455007,0.444993269334446,0.463229650178086,0.474637423530497,0.475611115523094,0.491166340798107
1362,0.518432031616132,0.446947989772112,0.45466462810044,0.445031063667454,0.463321510612371,0.474721871421864,0.475748130630871,0.491182089768465
1363,0.518433290708858,0.447023492302219,0.454605071749271,0.445026322232581,0.463371273067103,0.47479710985742,0.475860734382482,0.491207117236905
1364,0.518406329775772,0.447051968978584,0.454534139292099,0.444970725179234,0.463404309089996,0.474851427966202,0.475940973167414,0.491208121615442
1365,0.518378039121335,0.44706158961633,0.454447574410362,0.44493670400887,0.463425757120596,0.474897702766984,0.476012770218566,0.491192147212348
1366,0.518332038183294,0.447076287818226,0.454361834790632,0.444882742226865,0.46345392956494,0.474955864907309,0.476080960792835,0.491183245370653
1367,0.518248522776908,0.447064188168613,0.45426717050549,0.444803660638142,0.463482460181472,0.475016531510755,0.47613833851793,0.491187584167118
1368,0.518197327332126,0.447085689946287,0.45417484020642,0.44474841606639,0.463511400860669,0.47507861915965,0.476200302673381,0.491154128064439
1369,0.518176423977569,0.447140183626848,0.454095253552461,0.444709616561038,0.463560082653061,0.475163796240475,0.476271514425422,0.491128584093365
1370,0.518091740812263,0.447148266879216,0.453975233931745,0.444628458260858,0.463563566235794,0.475204741274146,0.476312235584909,0.491045077179793
1371,0.517999969335827,0.447162873541038,0.453841729371216,0.444547510229301,0.463549660757065,0.475224508746207,0.476356077538781,0.49091895715193
1372,0.517876406791974,0.447130083243317,0.453690087168613,0.444440412270347,0.463511063861089,0.475236603513556,0.47635014553151,0.49076749338448
1373,0.51768676022019,0.447045845884344,0.453508393320021,0.444289398309119,0.463435299504263,0.475230810039624,0.476297057815849,0.490556993315058
1374,0.517533192599105,0.446978656654519,0.453325207619072,0.444157324487285,0.463362161631912,0.475214717508263,0.476249513515161,0.490376124010457
1375,0.517397204084452,0.446907215149287,0.453131765363917,0.444038190824368,0.463291504982812,0.47519991254816,0.476197872245858,0.490243572786657
1376,0.517221366708211,0.446811289834799,0.452924897591699,0.443887822429142,0.463188590469584,0.475148152914007,0.476102750399949,0.489984900985251
1377,0.517046726307939,0.446737199877552,0.452717745933293,0.443736923460787,0.463075777341591,0.475076777138708,0.475991947384217,0.489679848400022
1378,0.516833845609804,0.446581160764605,0.452471419276137,0.443537211372579,0.462922697876783,0.474976479791516,0.475853098691084,0.489340928605205
1379,0.516607388381657,0.44635585148905,0.452224259043847,0.443311121335695,0.462745942876208,0.474860225929466,0.475684121577293,0.488919828951514
1380,0.51632633338238,0.446139781148413,0.45192964910116,0.443054295952957,0.462532386213885,0.474703733928271,0.475478675751297,0.488466519653288
1381,0.516007801814168,0.445903114299475,0.451592074571932,0.442765872681304,0.462294996495866,0.474514425360627,0.475255681457446,0.48802132784402
1382,0.51565150203226,0.445625096649526,0.45122170563066,0.442447857040636,0.462006015885149,0.474297236470853,0.474988203720611,0.487491079392886
1383,0.515258645529532,0.445345209410676,0.450828559095321,0.442115771691923,0.461670381476985,0.474059562862499,0.474694296288076,0.486899140135454
1384,0.514808926728985,0.445014745701635,0.450378214602019,0.441717404926584,0.461307874047176,0.473765161741569,0.474333036940598,0.486218863298184
1385,0.514306576112444,0.444603876717565,0.449873768535366,0.441273464667721,0.460907525200589,0.473422064801463,0.473882542268538,0.485467901646202
1386,0.513782066465941,0.444169536272573,0.449372009866596,0.440834366654913,0.460477571804323,0.473054655180202,0.473437072315813,0.484705080581942
1387,0.513237440448688,0.443735321552755,0.448853914316238,0.440363808491881,0.460017388529033,0.47265029627301,0.472960976288575,0.483879457180919
1388,0.51265049830063,0.443286355746916,0.448301217952059,0.439843466024873,0.459508548027888,0.472211573617257,0.472412202033462,0.483013305076441
1389,0.51203124555021,0.442811602869256,0.447762207024957,0.439314045081343,0.458944541601442,0.471773324390104,0.471864791690331,0.482143225830096
1390,0.51138289024754,0.442284607004355,0.447186616554952,0.438762810073625,0.458339675495541,0.471292589873487,0.471294085583555,0.481192277964143
1391,0.510661599518359,0.44172220781431,0.446538954110055,0.438170180236046,0.457718700799807,0.470728902733258,0.47066206655662,0.480187417431341
1392,0.509888876715441,0.441131104461456,0.445888576494676,0.437553032372358,0.457072921312524,0.470137305117693,0.469976670300438,0.479151124011106
1393,0.509100291055595,0.440498098538132,0.445201979694705,0.436904532119883,0.456389512685606,0.46950487579448,0.46926097201258,0.478083717989071
1394,0.508313897183994,0.439876259754937,0.444504884959899,0.436235319554176,0.455681719100884,0.468852114433429,0.468521585531451,0.476988807427145
1395,0.507510765822791,0.439256995284205,0.443859504565824,0.435573984411882,0.454948765732779,0.46822663237299,0.467744949956671,0.475858311424598
1396,0.506672782307629,0.438599022573038,0.443178774682081,0.434895572863327,0.45418349933051,0.467573793326276,0.466945580869834,0.474703869955007
1397,0.505831897180395,0.437956165652356,0.442470392081064,0.43421147323066,0.453406256003716,0.466906562037332,0.466151553293938,0.473517307351917
1398,0.504961986555263,0.43729862274596,0.44176269747057,0.433517231956688,0.452620183376705,0.466218209666064,0.465336811013557,0.472310065409621
1399,0.504101630313842,0.436635830198495,0.441062638620071,0.432834545173068,0.451839912896294,0.465535027173746,0.464529086008258,0.471080342495042
1400,0.503232106505107,0.435956296906332,0.440338610433839,0.432140667100271,0.451052816384974,0.464824665387,0.463733840999758,0.469826450892329
1401,0.502361803248098,0.435280604358413,0.43963975304824,0.431458282823466,0.450258693551294,0.46414348625823,0.462894022715056,0.468539475049667
1402,0.501489865946948,0.434598301720747,0.438973464551854,0.430795324746746,0.449463482973489,0.463493588762606,0.462020417032492,0.46721973339537
1403,0.500630088855313,0.433934282364434,0.438288343979208,0.430121983420052,0.448678377122806,0.46280520063258,0.461179263946437,0.465909149553914
1404,0.499752647230922,0.433253837276613,0.437575661165691,0.429416625844249,0.447864784840489,0.462077596039202,0.460275016983706,0.464506281008383
1405,0.498903734687003,0.432607343706487,0.436895331366813,0.42875891117079,0.447106081400381,0.461394213897813,0.45948134025098,0.463255437623602
1406,0.498044751633992,0.431962936111192,0.43621093050977,0.428114297042285,0.446344375884842,0.460684356813238,0.458755110562745,0.462046341209673
1407,0.497271870758972,0.431381981385205,0.435584807407428,0.427511359171481,0.445671810116251,0.460061819376341,0.45805007975924,0.460912565690839
1408,0.496486509311245,0.430795739433753,0.434946159828808,0.426900219689797,0.445021158219846,0.459466099378872,0.457343946555521,0.459824297773684
1409,0.495847097944082,0.430330162602199,0.434429105633884,0.426391925893258,0.444476951326214,0.458962497676785,0.456776024628261,0.458903867716385
1410,0.495267561065034,0.429917426116389,0.433955217097971,0.425904214830333,0.443980157926707,0.458486850066277,0.456221551323062,0.458015031674493
1411,0.494836640375424,0.429626380865311,0.433600280612993,0.425550414281731,0.443622796910326,0.45814850639746,0.45584826792252,0.457340942273697
1412,0.494518123656442,0.4294103077564,0.433315047821104,0.425282925193824,0.443352928669041,0.457894549694832,0.455613104150023,0.456820367161838
1413,0.494334682428298,0.429325167315809,0.433177026255319,0.425138324559437,0.443221317214482,0.457765408222894,0.455502297646378,0.456497777190475
1414,0.494265744240772,0.429345480997927,0.433141834996787,0.425086976939303,0.443204868663624,0.457730547876232,0.455515015346269,0.456330230037302
1415,0.49434585489568,0.429484718692668,0.433249353847873,0.425161800444447,0.44332100744022,0.457834196441328,0.455654142986993,0.456365166838222
1416,0.494565051398623,0.4297402680989,0.43350096297137,0.425354467317121,0.443568139297815,0.458067050602131,0.455922468488894,0.456605895330927
1417,0.494892462169972,0.430119029117148,0.43386003328202,0.425660868903901,0.443919473940868,0.458403242907654,0.45630474986884,0.457005662015957
1418,0.495356005388748,0.43058873356367,0.434326523672561,0.42606520860266,0.444383957792846,0.458844622627561,0.456816411647526,0.457585471260202
1419,0.495936928490919,0.431143048123689,0.434852832680676,0.426557397999343,0.444963601570217,0.459397604480039,0.457432331439647,0.45826648987151
1420,0.496577359601373,0.431744686215342,0.435419087524486,0.427097140031999,0.445586463291235,0.459986153868909,0.458118706926618,0.459027534958397
1421,0.497279684142141,0.432417849754799,0.436055454872211,0.427683105835161,0.446262633071121,0.460626372782024,0.458871242192594,0.459895356015022
1422,0.498029494646087,0.433151675639442,0.436728754269138,0.428321934711514,0.447004973935225,0.461323023986617,0.45964195067504,0.460800198017463
1423,0.498813551799817,0.433880214639526,0.437387437091917,0.428972339260021,0.447763932639148,0.462026229049627,0.460428890422017,0.461772050703897
1424,0.499605943233397,0.434599715966004,0.438037953685741,0.429608834362708,0.448514216085635,0.462725859245153,0.461244070200308,0.462800443996553
1425,0.50036170259564,0.435323109728905,0.43868621311123,0.430242433846294,0.449277679510889,0.463402558436142,0.462066366212142,0.463849571619791
1426,0.501080961064322,0.435997262067954,0.439286073231268,0.430843565928049,0.450005428950664,0.464037230901042,0.462879353619374,0.464901876769643
1427,0.501766752049061,0.436626777819525,0.439862633802547,0.431407750234043,0.450683666502491,0.464670974091009,0.463676329368977,0.46592959600535
1428,0.502432775761547,0.437281489989868,0.440448589950384,0.431963071111646,0.451396545112434,0.465297346355567,0.464456775855394,0.466919752255872
1429,0.503110003560684,0.437913225929705,0.441024706985217,0.432492896057916,0.452104056295244,0.465895553085832,0.465199030592738,0.467881165558391
1430,0.503768870267952,0.438491080344562,0.441585177866808,0.432985929095612,0.452765808371287,0.466471232036659,0.465910421987121,0.468841386303439
1431,0.504396530370256,0.439081825627664,0.442116270818779,0.43346609824793,0.453420807546358,0.467020889864699,0.466612619674756,0.469778283891596
1432,0.505016243523525,0.439679688035244,0.442630771375918,0.433948969950286,0.454074227080145,0.467565893384242,0.467289609898533,0.470704914550778
1433,0.50560067956223,0.440233460216402,0.44311865466929,0.434403965316169,0.45469233344762,0.468085631694671,0.467943949813181,0.47161675658674
1434,0.506150190089997,0.440771714466993,0.443576992161063,0.434827647807017,0.455274587275129,0.468576534907906,0.468588578655207,0.472495693278799
1435,0.506675833399257,0.441329288474086,0.444011197818524,0.435228328024434,0.455841457002453,0.469045540053259,0.469237920049025,0.473344499792489
1436,0.50718737780909,0.44182447424904,0.444437830404967,0.435621895887503,0.456386498005561,0.469517583284958,0.469836283846601,0.474164847037676
1437,0.507647395532248,0.442246167488975,0.4448268817197,0.435969986915114,0.456858648981533,0.469964951140511,0.470389169264115,0.474955929572532
1438,0.508128421670605,0.44270534288844,0.445226027320464,0.436343560137625,0.457391382603038,0.470402274627643,0.470948122925892,0.475738689939913
1439,0.508629942813502,0.443166808726651,0.445641727326601,0.436748909336985,0.457975187323481,0.470856204932252,0.471484768286279,0.476496247999587
1440,0.509085106521578,0.443599607654284,0.44601819610918,0.437102770329213,0.458489155719725,0.471262332368732,0.47202029775809,0.477241413040883
1441,0.509510521970409,0.444036367695442,0.446370147157155,0.437435401909604,0.458994772338203,0.471612647625491,0.472566363929654,0.477982787402735
1442,0.509932888055565,0.444435545657429,0.44671215805851,0.437756719131449,0.459471971968462,0.471990653933508,0.473090120582971,0.478695900287963
1443,0.510347761083579,0.444796064562419,0.447034048325629,0.438050181964251,0.459896188306273,0.472372799632711,0.473595918499156,0.479373631848819
1444,0.510726876486306,0.445158541116333,0.447345962797016,0.438321905362191,0.460320625544676,0.472732860586478,0.474075977342618,0.480051155569158
1445,0.511086174057322,0.445507007622653,0.447656402849171,0.438582187815007,0.460749649128306,0.473104225749771,0.474554040177279,0.480744446361748
1446,0.511441246909685,0.445839102723465,0.447936185690491,0.438833247319935,0.461142710411782,0.47343509352364,0.474982766608347,0.481372078427905
1447,0.511755246122203,0.446158846907207,0.448183877865435,0.439048186416261,0.461504368598132,0.473711878119356,0.475367976126339,0.481980249193046
1448,0.512081802511748,0.446471818367469,0.448432365641526,0.439283501534357,0.461858979990197,0.474016945697914,0.475750803939091,0.482536374052302
1449,0.512426985847294,0.446762543217607,0.44865957948271,0.439526265993935,0.46219087629353,0.474331149884544,0.476092845074898,0.48301660872913
1450,0.512745818812465,0.44705737077322,0.448893163638038,0.439755958624632,0.462516922234583,0.474608991704979,0.476442401076341,0.483502984961445
1451,0.513065082299496,0.447374344878417,0.449145415943078,0.440006806041086,0.46284600938049,0.474891440147622,0.476812013019713,0.4839615942716
1452,0.513339827648137,0.447642113080683,0.449353468466155,0.440212722023014,0.463132727513644,0.47515290201809,0.477135794963019,0.48441154227883
1453,0.513566841532152,0.447880336767223,0.449535626965196,0.440383553802923,0.463387374323721,0.475366506945813,0.47742722673763,0.484864741806324
1454,0.51381133248186,0.44811687865273,0.449715178101499,0.440557548722222,0.463648260497487,0.475592679317739,0.477718777215637,0.485276919681202
1455,0.514032518064542,0.448331806320139,0.449861284617295,0.440712228399376,0.463889071487169,0.475824544832561,0.477994990940963,0.485659577226392
1456,0.514257323707195,0.448514724273423,0.450018147358492,0.440842062305947,0.464108031464614,0.476037013916068,0.478238760185298,0.486029716910028
1457,0.514517259720857,0.448738326446224,0.450198737786913,0.441010039016024,0.464356686368589,0.476246996514159,0.478475991672718,0.486343853616323
1458,0.514767581472243,0.448955144781724,0.450370207683636,0.44118673570041,0.464595531931008,0.476450612541566,0.478725475911046,0.486652039818857
1459,0.514975338039008,0.449125020451384,0.450508067229217,0.441323107338113,0.464805783029109,0.47664173602689,0.478942443961744,0.486963693249333
1460,0.515176534175946,0.449300605193537,0.450642420649228,0.441455856097161,0.465018887422207,0.476810469412002,0.479143303306282,0.487259618809609
1461,0.515379766005969,0.449473584171546,0.450790989971885,0.441593447907832,0.465240310387313,0.476976305729655,0.479370661109309,0.487586821198759
1462,0.515562339961177,0.449642635082176,0.450921221544907,0.441707734417148,0.465447162036337,0.477160951519567,0.479593380481012,0.487915773354797
1463,0.515747640638765,0.449824556270187,0.451070360640143,0.441828102702011,0.465641180175343,0.477348016902867,0.479842079495314,0.488251812212368
1464,0.515947594908536,0.450004756421519,0.451234455756995,0.441971039022946,0.465854668119994,0.477545709404959,0.480105275981199,0.488599033882106
1465,0.516146832399357,0.450186316307901,0.451359117306587,0.442112452634123,0.466086188875114,0.477749223644834,0.480330238781882,0.488911403235789
1466,0.516357006127346,0.450349382934853,0.451487655717047,0.442244319349076,0.466301357092772,0.477942864430388,0.480544621626017,0.489226698776654
1467,0.51657475307964,0.450503994864416,0.45165781069404,0.44238279730617,0.466507158769601,0.478132247349243,0.480750894339574,0.489549436857805
1468,0.516789294872407,0.450688171885203,0.451829406025177,0.442525677107173,0.466727542737356,0.47831926194025,0.480957218522769,0.489869360866566
1469,0.516973058385203,0.45085510236844,0.451962326649919,0.442639772470033,0.466927943789091,0.478486349826134,0.481190491047067,0.490227617381612
1470,0.517149957091159,0.451022057776841,0.45211125438455,0.442779092843175,0.467135867338246,0.478655518843549,0.481451902645818,0.490601080941843
1471,0.517370625889596,0.451245436168069,0.452302427100871,0.442965878113102,0.467393580658803,0.47886598973303,0.481712088259771,0.490964790463259
1472,0.51759642784288,0.451470943575992,0.452473072893047,0.443139610877754,0.467645435213367,0.479090417147521,0.481962803810012,0.491338163267903
1473,0.517844516024681,0.451697243810181,0.452680258711633,0.443325818893766,0.467902476382671,0.479340368919527,0.482242133030858,0.491719833152513
1474,0.51812179961204,0.451927212017456,0.452911194863752,0.443511113545409,0.468171763982971,0.479608129281291,0.482536801570138,0.492120479738441
1475,0.518347194997286,0.452118200101191,0.453053924928732,0.443652053014098,0.468404109099523,0.479826320544238,0.482811233779749,0.492511306297851
1476,0.518576453758796,0.452305053262385,0.453196446753278,0.443807992383409,0.468646835071132,0.480044841155351,0.48307098372677,0.492875756235806
1477,0.518823365462988,0.452482531900271,0.453360538171158,0.443977352131438,0.468889290956349,0.480268143205137,0.483325900295227,0.493251265320548
1478,0.519061999721777,0.452622874239461,0.453514088572297,0.444146544775049,0.469110138414583,0.480472096134687,0.483556728620192,0.493623742092147
1479,0.519317241671528,0.452811407162144,0.45369181445469,0.444329945352791,0.469354181046968,0.480700229143141,0.483808036018722,0.493987906344099
1480,0.519619106407084,0.45302390450184,0.453905753946473,0.444548018651006,0.46962947476297,0.480956637601088,0.484061996351843,0.494352882276894
1481,0.519868564660281,0.453221430547711,0.45409384757116,0.444726993080033,0.469870147305875,0.481184043591553,0.484328847717431,0.494722931276921
1482,0.520096011488902,0.453445887426271,0.454287131711221,0.444892898443337,0.470106416231358,0.481405401965929,0.484623092786508,0.495096546923191
1483,0.520328942979819,0.453636813056591,0.454466437673397,0.445057056220832,0.470333397861591,0.48163086513621,0.48487549884467,0.495445863003112
1484,0.520530844593337,0.453801632143274,0.454627966586048,0.445193054156557,0.470522388243923,0.481844217846978,0.485113465285043,0.495794529499756
1485,0.520752645019558,0.45396912154778,0.45479540664486,0.445356764736139,0.470753248708364,0.482062849330849,0.485354608090428,0.49612197261723
1486,0.521000409151545,0.454120774962655,0.454964097642988,0.445546335658689,0.471014238136899,0.482296364490385,0.485561612594128,0.496412211151839
1487,0.521225730546176,0.454295182700141,0.455124222215332,0.445715283510925,0.471246604092998,0.482516776325316,0.485800510412659,0.496721036031504
1488,0.521439401016358,0.454475774876598,0.455280859475628,0.44589055850059,0.471489614854173,0.482717505160084,0.486082895620948,0.497040178485679
1489,0.521660488005491,0.454647172581622,0.455434200314054,0.446044102425992,0.471716321828726,0.482933527121463,0.486310271649443,0.49733617109844
1490,0.521880279785377,0.454841452410597,0.455576296229374,0.44617398399029,0.47191433975004,0.483166245511409,0.486505964977042,0.497626286966853
1491,0.522085312526544,0.455004623179473,0.455724595497625,0.446303905744442,0.472117843786569,0.483372263868735,0.486733892711799,0.497908708356824
1492,0.522295803857853,0.455139182559166,0.455879390920415,0.446426062896911,0.472320982293733,0.48357235106224,0.486938929544672,0.498160394820998
1493,0.522490614278063,0.455286569619779,0.456026355783361,0.446551944015516,0.472526485248959,0.483776300402806,0.487169070461123,0.498442580828795
1494,0.522646535799723,0.455411427843208,0.456166119964284,0.446671652111471,0.472720048093349,0.483959563625361,0.487446130332218,0.498728238632008
1495,0.522837042661968,0.455568647635875,0.456311410852953,0.446796851177024,0.472930699525729,0.484151762270343,0.487695236424485,0.499025021006966
1496,0.523037281438849,0.45575696518312,0.456452776497822,0.4469131074468,0.473156923894343,0.484352580438301,0.48793453648904,0.499356949401506
1497,0.523239038352474,0.455919564723797,0.456593528883573,0.447040118288281,0.473372577897741,0.484547017685256,0.488169464172384,0.499653059387719
1498,0.523457892944433,0.456085882172754,0.456738761780656,0.447174858237051,0.473593682095507,0.484729711397203,0.488413146871323,0.499945300521322
1499,0.523677196427636,0.456244040057551,0.456884880936505,0.447316248132069,0.473806915692331,0.484929746413801,0.4886314764706,0.500228886955485
1500,0.523899488812664,0.456375718947487,0.457031634427922,0.44747691917658,0.474002492600634,0.485145278161251,0.488811936532102,0.500471512263868
1501,0.524115757239165,0.456532546990104,0.457178150278051,0.447626349859886,0.474219970251071,0.485353440948959,0.489016909614998,0.500744476320937
1502,0.524337069837782,0.456717528008676,0.457328948791185,0.447777494757826,0.474455041635696,0.48556754098696,0.489216272331592,0.501038655884834
1503,0.524561483548396,0.456884842316457,0.457475558124883,0.447925022941979,0.474679292664457,0.485781885186586,0.489427073957573,0.501319942151193
1504,0.524791433191405,0.457051127447428,0.45761939090064,0.448063900128803,0.47491504299857,0.486001131773379,0.48966329329736,0.501605592026931
1505,0.52500237307129,0.457199652865167,0.457758206020239,0.448201349225479,0.475134471627755,0.486201838007332,0.489886384410859,0.501888115451982
1506,0.525199380287242,0.457326995746004,0.457882786733634,0.448333631920446,0.475331164886893,0.48638201560608,0.490118844608963,0.502172128501494
1507,0.52540496818847,0.457465300685913,0.458026889359432,0.448470230123307,0.475536312380677,0.486580636238142,0.490329408210609,0.502439970287708
1508,0.525593092492741,0.457598648719003,0.458175278024139,0.448608078001628,0.475738052907178,0.486771129267929,0.490511547437586,0.502690408872909
1509,0.525797880764217,0.457738321332477,0.458327676991719,0.448742893056215,0.475943752015818,0.486977764072182,0.490716101544063,0.50296218926901
1510,0.526022371952029,0.457884455482381,0.458497039200142,0.448875589036256,0.47616187842247,0.487193910499102,0.490935843330477,0.503226682229249
1511,0.52624224993458,0.45800727817355,0.458660741229126,0.448997858920404,0.476366522652005,0.487393190207903,0.491117957688817,0.503462982935516
1512,0.526455136344255,0.458136399566909,0.458818619477413,0.4491346076013,0.476563349271705,0.487587253476244,0.491307796829665,0.503708827025395
1513,0.526683152983025,0.458298551889226,0.458973688598729,0.449306418811863,0.476786665943329,0.487787044362126,0.491531157693716,0.503968509932468
1514,0.52691413456636,0.458465364428169,0.459108351238944,0.449473369796843,0.477005892501552,0.487973852774778,0.491762529485611,0.504256788992154
1515,0.527125620604735,0.458622714918012,0.459256628795371,0.449628570765186,0.477211981239494,0.488183599349015,0.491986592882125,0.504550966680968
1516,0.527334461499259,0.458764370106825,0.459389912337721,0.449744634195877,0.477413590939424,0.488408430668321,0.492225000683892,0.504818559978182
1517,0.527517413323079,0.458911087213594,0.459504236355468,0.449856809807867,0.477616069470362,0.488593707893002,0.492457669642876,0.505088082890218
1518,0.527696801710809,0.459065348714251,0.459642222326739,0.450009239926299,0.477840059901937,0.488800486523236,0.492658457794956,0.505335071699974
1519,0.527912470065708,0.459222656300847,0.459773563823019,0.450161609529201,0.47805716142834,0.489030277396489,0.492857686748463,0.505552051324615
1520,0.528103136243877,0.459382062312648,0.459911230594255,0.450316747861076,0.478254047190434,0.489215836531116,0.493070397524796,0.505810098668341
1521,0.528294275276601,0.459532411621927,0.460060048029435,0.450480201024758,0.478469561992875,0.489407100748776,0.49329376297152,0.506091612289964
1522,0.52849166761198,0.459657882655433,0.46018505673037,0.450607473821554,0.478646785192746,0.489581981500338,0.493487995747425,0.506342866162531
1523,0.528660224701439,0.459788103008171,0.460323192066903,0.450735663349708,0.478818724639278,0.489736229613582,0.493677242624944,0.506592586869789
1524,0.528851280654714,0.459948500903574,0.460453187630047,0.450890782959633,0.479053455091692,0.489927933999307,0.493893902875088,0.50685725208888
1525,0.529045923745478,0.460095695042672,0.460549675045414,0.451001956278189,0.479264989686084,0.490119378388126,0.494074229361553,0.507087194376953
1526,0.529217312845798,0.460249611190882,0.460664841356317,0.451117280898602,0.479458462846862,0.490306155815116,0.494255027111457,0.507297010757511
1527,0.529375855855718,0.460413183493626,0.460785935899471,0.451261882833175,0.479658402138688,0.490507181784987,0.494464293202054,0.507529323745846
1528,0.529530630003667,0.460555745840822,0.460911455743259,0.451378004418166,0.479829829134485,0.490716458438294,0.494638427318697,0.507749517114281
1529,0.529696897797152,0.460687475209601,0.461055190394043,0.451513105524293,0.480005375632448,0.490912339979563,0.494812198910351,0.507977690104216
1530,0.529888840950996,0.460811743320387,0.461185252289471,0.451661748638515,0.480223705731158,0.491107927966652,0.495043850996713,0.508232469373412
1531,0.53010725198258,0.460950438767456,0.461316088252646,0.451774634178812,0.480460709321165,0.49132957053369,0.495263236172374,0.508469452640761
1532,0.530321125113562,0.461103958701192,0.461445140584746,0.451905995218274,0.480666046086767,0.491516610171819,0.49542688609116,0.508691783752972
1533,0.530535876490046,0.4612474362023,0.461550289590485,0.452064682708726,0.480854844260854,0.49168354168235,0.495646042043408,0.508916384025603
1534,0.530737719984225,0.461391575769044,0.461672955900125,0.452197661151276,0.481044787533139,0.491883116372405,0.495862986335947,0.509138014198795
1535,0.530911825915121,0.461530599133693,0.461801870392409,0.452343494408383,0.481226363826042,0.492063503432824,0.496011196185581,0.509375617801451
1536,0.531092157487662,0.461648927563059,0.461907636530827,0.452508145370603,0.481439918325765,0.492246351071587,0.496225576123698,0.509632279092429
1537,0.531271309507175,0.461770043660551,0.462032629883328,0.452641013794036,0.481679497657767,0.492451306407366,0.496433499664094,0.509872107408365
1538,0.531450409627816,0.461894319374259,0.462153646378849,0.452776238344487,0.481877728253526,0.492639779408633,0.496627254213407,0.510094037838763
1539,0.531628826345262,0.462021570637046,0.462266335923503,0.452917961615162,0.482046070692207,0.492825060307529,0.49681369858011,0.51030994494261
1540,0.531805525416842,0.462144359991318,0.462387294418485,0.453041104732514,0.482236599877321,0.493007694206237,0.497004742446357,0.510515214199682
1541,0.531971602578304,0.462260859836017,0.462516743083794,0.453137160412756,0.482415103773093,0.493175144166395,0.49717948591723,0.510688519865416
1542,0.532165458333399,0.462398670348551,0.462653683146583,0.453263302954592,0.482611103046879,0.493363400285292,0.497375960762167,0.510888021661811
1543,0.532385321291211,0.462554398618619,0.462810260056013,0.453401402927017,0.482833146349346,0.493568685741826,0.497581865548266,0.51109727113117
1544,0.532562842721234,0.462686741637986,0.462932202631444,0.453534491462791,0.483040434911892,0.493750672349297,0.497784837779929,0.511315573327689
1545,0.532738512659972,0.462817531183329,0.463035467977107,0.453677247209649,0.483243611489881,0.493933850502045,0.498012329569316,0.511547045562846
1546,0.532901023855027,0.462942884710663,0.463144241025604,0.453799707737,0.483433099858849,0.494104797790161,0.498197369587622,0.511757054369062
1547,0.533021299710265,0.463040908061528,0.463231571878362,0.45390470374552,0.483615839700024,0.494241198782412,0.498343738940482,0.511962436748545
1548,0.533173211797437,0.463173710163257,0.463345258110111,0.454023981853477,0.483805033288779,0.494415959115371,0.498524110220673,0.512171032176331
1549,0.533344757463926,0.463336048384888,0.463490789260778,0.454149470648263,0.483988596413165,0.494614563946079,0.498715652735188,0.512374297763908
1550,0.533513747773355,0.46347875833613,0.463609818744438,0.454271208986504,0.484174742813572,0.494804698722003,0.498893220836333,0.512573176668048
1551,0.53367948964552,0.463620776729532,0.463709826483771,0.454394099723657,0.484368561246949,0.495014727304431,0.499078259403156,0.512782273229845
1552,0.533850510442421,0.463763228628745,0.463820108791958,0.454513433786786,0.484548780959381,0.495193577609731,0.499259508229724,0.512971404043139
1553,0.53404857079765,0.463909681356708,0.463944257975326,0.454631508267784,0.484732002042453,0.495354814959355,0.499412761707991,0.513132667745831
1554,0.534199282864349,0.464029669967351,0.464035378315521,0.454736305360524,0.484882999924381,0.49551134431567,0.499581009621942,0.513311736122025
1555,0.534328758218168,0.464142396851577,0.464115307150087,0.454838950538824,0.485001636690006,0.495658836510994,0.499773316302115,0.513496802663035
1556,0.53446153575169,0.464254053108646,0.464202781432324,0.454939570350781,0.48515313016098,0.495801481449782,0.499953824112307,0.513675242974696
1557,0.53455025964527,0.464328266505353,0.464240806362048,0.455014107425511,0.48528288604413,0.495923510961432,0.500128863828897,0.513856535272604
1558,0.534680216351885,0.464441012352082,0.464333779227808,0.455113809677246,0.485447172065789,0.496063064067463,0.500299803006588,0.514034106144189
1559,0.534842422635039,0.464578517662941,0.464491900967524,0.455236958743545,0.485666371550692,0.496198760856494,0.500463906275441,0.514197667208921
1560,0.534987221120357,0.464708147009707,0.464593115708168,0.455343299666913,0.485845233262234,0.496349788364266,0.500635929770103,0.514379704851842
1561,0.535133972606776,0.464854165142865,0.464683853534399,0.455443944210532,0.486010070754421,0.496525774521621,0.500807951329512,0.514581165381697
1562,0.535284034798684,0.464982043419185,0.464779299487088,0.455557983447175,0.486183802268876,0.496686351768718,0.500981096415883,0.514755196320303
1563,0.53543030502742,0.465101445539381,0.464839497062712,0.45567705447398,0.486352533428186,0.496850762838321,0.501167434937541,0.514925864826341
1564,0.535575881154023,0.465221100152962,0.464921049236374,0.455779575658766,0.486514134837268,0.496997514940705,0.501331886983689,0.515088139328987
1565,0.535743537050704,0.465340561716644,0.465042991422459,0.455900089894689,0.486688075218184,0.497131181071684,0.501474671077106,0.51521590805683
1566,0.53587541563476,0.465444482751931,0.465123269676744,0.455984865082377,0.486836744638475,0.497268403008699,0.501637058344099,0.515382907080426
1567,0.535965883425479,0.465531389225058,0.46516107089563,0.456009012416349,0.486950374863255,0.49738058197342,0.501801175503503,0.515577782900986
1568,0.536097512899222,0.46563367491768,0.465240847606928,0.456097589258421,0.487092239098992,0.497528465326919,0.501964568704677,0.51575079447208
1569,0.536244737713383,0.465735541968237,0.4653346527636,0.456212363571859,0.487238093596998,0.497718238194261,0.502147758814283,0.515937233980597
1570,0.536364777575603,0.465831392217833,0.465407638024418,0.45631127821356,0.487385703655397,0.497858688687542,0.502309240652418,0.516102988092299
1571,0.536489760681515,0.465933073220675,0.465492171712019,0.456442006795241,0.487556360555263,0.497990167290693,0.50244169551834,0.516229822366891
1572,0.53662131278401,0.466032960583371,0.465579596731232,0.456551771469609,0.48770525239997,0.49812756338111,0.502600080691064,0.516392218064022
1573,0.536726551535567,0.466116055996763,0.465643441325034,0.456635348855897,0.487834938754155,0.498221477754387,0.502764848298434,0.516577233996293
1574,0.536846178726044,0.466215776784073,0.465723974482005,0.456722360995818,0.487973988871607,0.498346281838665,0.502929837598144,0.51674041329583
1575,0.536999958120302,0.466337084014452,0.46583835392907,0.456816469248185,0.4881096220512,0.498512818881762,0.50311074444166,0.51689790566674
1576,0.537132749174109,0.466446145622632,0.465927231137872,0.456903016612207,0.488248053448048,0.498654444043239,0.503282786855781,0.517070096671399
1577,0.537240682394732,0.466551968972241,0.465986784194927,0.456969430483381,0.488381497956424,0.498791994606222,0.503449711837966,0.517231660609598
1578,0.537359491765075,0.466652590816343,0.466068409227727,0.457046267165522,0.488533055097538,0.498915439299955,0.503621578276995,0.5174145803812
1579,0.537489396797857,0.466743120202284,0.466163631196312,0.457130600932583,0.488708775406866,0.499004247260357,0.503800036656153,0.517638637175396
1580,0.537612550737179,0.466845270431208,0.466248852595164,0.457216353625718,0.488857758999395,0.499139343769949,0.503967303047301,0.517828671390323
1581,0.537728022808166,0.466955413945992,0.466343893583891,0.457304390525471,0.488997985157382,0.499291423831832,0.504136261362614,0.518023549066651
1582,0.537846012939812,0.467054386854755,0.466424685789403,0.457386958275785,0.48914627321188,0.499436118326857,0.504284300180625,0.518173249404791
1583,0.53796091563989,0.467149015620412,0.466475735304757,0.457464256972097,0.48927160041076,0.499624135795158,0.50441120449686,0.518271012341881
1584,0.53808342299833,0.467253533216046,0.466557235504898,0.457553139388377,0.489422027466213,0.499772012522823,0.504544755738621,0.518404333829602
1585,0.538218399866965,0.467359736165678,0.466665484324522,0.457645517264161,0.489619630691675,0.499893478182074,0.504658229025553,0.518520782275103
1586,0.538345852682202,0.467467099348811,0.466751178637799,0.457744493552239,0.489777928183061,0.50001396848794,0.504798472867016,0.518655076509371
1587,0.538459589778229,0.467568907990022,0.466826050631919,0.457843821650204,0.489900478343609,0.500094154410485,0.504956724420302,0.518809746836275
1588,0.538594248576493,0.467688379200874,0.46691711275143,0.457957936003987,0.49005580079886,0.500222700491761,0.505109753778748,0.518975673207909
1589,0.538735784679699,0.46781483747877,0.467003377256288,0.458090499352161,0.490215986748928,0.500372914979873,0.505270472116796,0.519154388112952
1590,0.538876180768392,0.467938382774727,0.467091761950764,0.45821077663365,0.49037129457829,0.500511958737062,0.505434385578323,0.519322520230396
1591,0.539043731844861,0.468101415834686,0.467207397432545,0.458345257501488,0.490551416514227,0.500684824111452,0.505601490117214,0.51950578352365
1592,0.539186492851213,0.468222149003729,0.467304600181524,0.458468000304692,0.490716742908301,0.50083936744754,0.505766870785337,0.519682052084793
1593,0.539300784887266,0.468299510225991,0.467379186715506,0.458568749051846,0.490856520742579,0.500962603143471,0.505946783652227,0.519850811921303
1594,0.539440590619146,0.468404772369797,0.467465979901532,0.458677510845447,0.491011692154433,0.501108717147669,0.506107710302654,0.520006476240074
1595,0.53958502360473,0.46850333267684,0.467558703022707,0.458796010653776,0.491183406289634,0.501278809360267,0.506248267854355,0.520150029905754
1596,0.539733425433707,0.46861045824525,0.467647409139374,0.458905299545857,0.491346032167633,0.501429469106493,0.506398651481402,0.520311335873719
1597,0.539895130147172,0.46874121168791,0.467737648322365,0.458998184966224,0.491507846259955,0.50157912960935,0.506547148580796,0.520471219751434
1598,0.540054754338077,0.468858356403372,0.467823625572165,0.459109386536817,0.491660400888301,0.501718961593364,0.506697325982218,0.520628900676692
1599,0.540214711128124,0.468953079865211,0.46789836453587,0.45923397025672,0.491794837392565,0.501837412412507,0.506856993799948,0.520803471164196
1600,0.540375232467263,0.469075636716887,0.467986848501308,0.459343035615996,0.491948952445984,0.501970899883114,0.507003830525378,0.520966214144225
1601,0.540554487801634,0.469229788439807,0.468080414045658,0.459462015817801,0.492107186414514,0.502106726440121,0.507137481720897,0.52111538950027
1602,0.540709508300513,0.469350161259464,0.468175079890106,0.459572807709673,0.492269165157667,0.502243000807638,0.507275105985368,0.521258181322326
1603,0.54084665876703,0.469471213478004,0.468285235918929,0.459654853479133,0.492469458438705,0.50238594358315,0.507412635698942,0.521394510212601
1604,0.54098457432712,0.469580422774602,0.468382866288265,0.459753832853204,0.492623560423566,0.502528007497536,0.507550887356479,0.521545880400656
1605,0.541084517564944,0.469647734539333,0.468473763327493,0.459861706292516,0.492733452529118,0.502661381382169,0.507684840698678,0.521675562675423
1606,0.541233515694833,0.469744732277104,0.468567404643436,0.459971823523829,0.492876853335909,0.502808914268769,0.507830802298663,0.521836183513103
1607,0.541445226708837,0.469868105122836,0.468659982550384,0.460101285737812,0.4930142097553,0.502985944933239,0.507984600404286,0.522053160307704
1608,0.541588050601317,0.469967851432816,0.468742092950121,0.460205749521295,0.493150784537349,0.503128396267233,0.508129061395491,0.522225198046603
1609,0.541704745443029,0.470049839763913,0.468812045000777,0.460284118855483,0.493309611766141,0.50325417009558,0.50827599185715,0.522375108700407
1610,0.541848787921201,0.470156968556537,0.468899448142924,0.460392800031327,0.49346466257131,0.503388807123676,0.50842519397694,0.522546222404565
1611,0.541952932377783,0.47025723637477,0.468983878386744,0.460512822410249,0.493605786217651,0.503502050446698,0.508571872391324,0.522704943131881
1612,0.542081160837701,0.47037968981649,0.469076223208458,0.460615570363794,0.493752777638228,0.503622528278411,0.508717512616192,0.522865589939501
1613,0.54227998903562,0.470556911393992,0.469200020694291,0.460739082195762,0.493920146215252,0.503769245467207,0.508862632629626,0.523050519341485
1614,0.542422714799435,0.47068709506155,0.469295178972404,0.460842617230271,0.494072528157138,0.503889604871582,0.509012520059649,0.523222028978907
1615,0.542494885893131,0.470788638525176,0.469362987559096,0.460895135121769,0.494201251578203,0.503972984747964,0.509159094219982,0.523360496789001
1616,0.542628088867726,0.470908367358089,0.469455786149707,0.460988850239788,0.494344572584941,0.504089657584777,0.509308143600271,0.523534813633587
1617,0.542782465216291,0.471009979929409,0.469553194069572,0.461119152533786,0.494498370246149,0.50421951138845,0.509465062586697,0.523752308496652
1618,0.54293241279263,0.471124930091494,0.46964536868519,0.461220044388227,0.494646048487675,0.504343397279191,0.509625682274394,0.523931448332357
1619,0.543135196612459,0.471284943254386,0.469765129037348,0.461327374314945,0.494808548593002,0.504495477801392,0.509793007705404,0.524101444687539
1620,0.543290993337384,0.471396522282746,0.469850959955194,0.461419117258783,0.494949498653462,0.504617342204898,0.509950487302821,0.524275703362376
1621,0.543397843961411,0.471465877809721,0.469886182534431,0.461474795229365,0.495052805123037,0.504693538517662,0.510108606123181,0.524430887391792
1622,0.543533594799059,0.471565010124269,0.469968913888181,0.461555757460428,0.495189972268324,0.504812311181909,0.510262189828618,0.524580120267833
1623,0.54367622712381,0.471662077908123,0.470081057843757,0.461648248670037,0.495352829539432,0.504957992320958,0.510399244878372,0.524729740963286
1624,0.543804654773471,0.471749817274099,0.470161491698084,0.461735586468747,0.495484724931284,0.505078473270241,0.510546660776702,0.524891638473986
1625,0.543920949410345,0.471826685429191,0.470241581792969,0.461822639414819,0.495614376779247,0.505196294920032,0.510704747165934,0.525060371388475
1626,0.544063000157211,0.47194114031509,0.4703328501186,0.461916394258091,0.495751288734869,0.505330306854318,0.510857603313022,0.525207247616667
1627,0.544213273014618,0.472071153381026,0.470406795625316,0.462026449885811,0.49586607597322,0.505460387527884,0.511016315127437,0.525367047343471
1628,0.544358038961664,0.472190120398157,0.470482658605179,0.462108381477052,0.495985018149014,0.505583128101477,0.511158416451021,0.525494700800808
1629,0.544551855203264,0.472370198433449,0.470588277346621,0.462177074696477,0.496129331650985,0.505742155909085,0.511299186535088,0.525567590197668
1630,0.544685144612588,0.472487707490917,0.470674330299452,0.462258095267321,0.496258923970703,0.505861680044779,0.511419820632968,0.52566933077492
1631,0.544757639611867,0.472535588437257,0.470732069874783,0.462318623893797,0.496357685303088,0.50592003088589,0.511489978306065,0.525762250566921
1632,0.544848235180821,0.472609158949316,0.470792822281257,0.462388819053385,0.496473225033597,0.506015692686749,0.511617976796151,0.525885238852352
1633,0.544917374780705,0.472666305546878,0.470852224851303,0.462482958023525,0.496603533186461,0.506131662643341,0.511764621521056,0.526034694537765
1634,0.545006095961837,0.472744374070232,0.470920537778935,0.462566694587524,0.496728420309661,0.506229086827382,0.511912132732638,0.526177907125581
1635,0.545115428353771,0.472846905355258,0.470984568428739,0.462631308021634,0.496857681351444,0.506328309882753,0.51210164560736,0.526341043551462
1636,0.545211440812807,0.472930796047136,0.47105448002557,0.46271486654593,0.496978954907669,0.506427193352437,0.512275679657543,0.526497184420317
1637,0.545282900262978,0.473008693642307,0.471137731196431,0.462825526235415,0.497088517465709,0.506495279080547,0.512447791596776,0.526658864630276
1638,0.545391124071006,0.473089159304888,0.471214111928995,0.462905866203093,0.497211303764592,0.506596311013681,0.512602433906697,0.526795888582825
1639,0.545524365798292,0.473147896010034,0.471279870957386,0.46296289227556,0.497339570472531,0.506734828356766,0.512749936552729,0.526919001413105
1640,0.545647896023426,0.473242947241854,0.471363403737646,0.46304928905736,0.497462250858682,0.506850926058392,0.512898764623137,0.527047744228885
1641,0.545793235675052,0.473374314528554,0.471469759591178,0.463135008163061,0.49759623849672,0.506965301818172,0.513031761035981,0.527150900937097
1642,0.545929763480823,0.473479850433594,0.471549724377579,0.463220292863785,0.497716239341469,0.507082266168992,0.513159678509513,0.527274804243327
1643,0.546056879998711,0.473589801818153,0.471617359128341,0.463333882567379,0.497810837921423,0.507192690159939,0.513281165033527,0.527414294140275
1644,0.546176659397249,0.473698428967928,0.471697999642135,0.463431408512745,0.497930997625273,0.507302489211848,0.513420752645273,0.527554421279515
1645,0.546298063686714,0.473792490821087,0.471773224247079,0.463513606728805,0.49806848063456,0.50741376995155,0.513564265074507,0.527716419437387
1646,0.546418606071333,0.473892003129866,0.471846218512068,0.463597741283804,0.498192186878718,0.5075341000992,0.513700530451079,0.527850769198656
1647,0.546523018262253,0.474004572222702,0.47193425972372,0.463687225077192,0.498325132145037,0.507657158130272,0.513846469706252,0.527965785317213
1648,0.546632983825439,0.474104687828482,0.472009891436275,0.463765967816347,0.498446159159754,0.507768793818291,0.51399415088036,0.528092653029265
1649,0.546766487369406,0.474188173651977,0.4720692508465,0.463820488080546,0.498544203210436,0.507889697177457,0.514132358074861,0.5282041864476
1650,0.54686605621317,0.474282055968289,0.472128440571095,0.463897243030216,0.498657029728022,0.508001210859247,0.514268856757029,0.528326416744465
1651,0.546928057426018,0.474380045738683,0.472186884356416,0.463994228022893,0.498777593982588,0.508091627589987,0.514399585400493,0.528473667979541
1652,0.547023096771534,0.474476374378602,0.472245208190311,0.464069034852914,0.498893431912292,0.508192030670704,0.514564777740382,0.528607193379656
1653,0.547112573779048,0.474571506381035,0.472287213574076,0.46413226181464,0.49901148566794,0.508292092358124,0.51475173521793,0.528739432362536
1654,0.547216545299146,0.474675283304044,0.472350988647204,0.464218022448026,0.499128238798235,0.508401616853824,0.51491418801185,0.528852215644011
1655,0.547369065177826,0.474797401902566,0.47244045289262,0.464315558570921,0.49923621495568,0.508522083785331,0.51510589959567,0.528949369777269
1656,0.547471083161637,0.474887393833426,0.472504868821452,0.464383361707636,0.49935630601824,0.508631552943689,0.515268037863452,0.529053358027854
1657,0.547532614354106,0.474959850219428,0.472561778124986,0.464447645175987,0.499499525465935,0.508739208878877,0.515382739198422,0.52913208078514
1658,0.547628200546226,0.475044432966619,0.472625163743026,0.464522505427539,0.49961105121952,0.508855291376511,0.515518046334819,0.52923733676321
1659,0.547720372267454,0.475108896918711,0.472666615465222,0.464564512348156,0.499698742422989,0.508970958507758,0.515665199712363,0.529374513925802
1660,0.547816655846797,0.475189148452245,0.472736900153518,0.464634016165133,0.499811829740599,0.509081713437817,0.515799847300122,0.529484502868997
1661,0.547944343829037,0.475288644939363,0.47283937688153,0.464745660637601,0.499912300016228,0.509200854466277,0.515914462404451,0.529587126370771
1662,0.548046954501283,0.475386982098098,0.472922772134994,0.464837058050466,0.500029116714108,0.509315126481625,0.516055331431788,0.529698974605773
1663,0.54813105601065,0.475491917797446,0.473006489437407,0.464914820467496,0.500187123756225,0.509409578427561,0.516203965321408,0.529799856673021
1664,0.548213265734421,0.475580628557427,0.473090626085959,0.465002541680482,0.500314144667707,0.50952411534158,0.516358657543476,0.529908666583401
1665,0.548289557330943,0.475669095344335,0.4731737579276,0.465101968043201,0.500433251083306,0.509668298798704,0.516543447209739,0.530033210726437
1666,0.548367427885464,0.475754617702284,0.473246052927056,0.465188957123355,0.500537147850715,0.509777107975351,0.516700951557288,0.530147032936726
1667,0.548423836158907,0.475809527651547,0.473308587418258,0.465266427990996,0.500611589882265,0.509870422638524,0.516855842350688,0.530253462220338
1668,0.548511560867919,0.475900860983092,0.473385185762696,0.465354845407359,0.500714220995398,0.509971699967863,0.516988492834022,0.530362056096664
1669,0.548640767418894,0.476030958960024,0.473465681874965,0.465460194000984,0.500818083582172,0.510061387930921,0.51708798593786,0.530466372819913
1670,0.54871804852776,0.476122570999781,0.473532308282442,0.465526701801521,0.500922812396701,0.510144291186447,0.517211838803582,0.530581876457459
1671,0.548784505910404,0.476214780137019,0.473606631942054,0.465565389628199,0.501051746431561,0.510227850075653,0.517336282432991,0.530716060045403
1672,0.548847379473089,0.476293047503391,0.473671273948701,0.465636391691335,0.501161140735691,0.510315628222277,0.517456176059735,0.530817400980098
1673,0.54885258309186,0.476328405673852,0.473711596628268,0.465692208516934,0.501251182977256,0.510393053351647,0.517587065312323,0.530902805875501
1674,0.548919398861901,0.47640169869035,0.473764458073053,0.465762411083773,0.501352643059742,0.510469400330911,0.517709660314828,0.531001085881066
1675,0.549029281725107,0.476501692048976,0.473817421562354,0.465880677464895,0.501460575587188,0.510550802964495,0.517818062182246,0.53107514028026
1676,0.549120784914252,0.476575153598919,0.473887774897868,0.465956296065256,0.501558311359938,0.510639316810016,0.517931018814809,0.531174991613473
1677,0.549239437168475,0.47665029201801,0.473971032484575,0.465988696145822,0.501653298193328,0.510729183283295,0.518053186931612,0.531310081718782
1678,0.549321695312208,0.476718023948053,0.474041035669022,0.466062234686048,0.501745351821978,0.510803686999639,0.518162918276407,0.531417997697594
1679,0.549367322114055,0.476749947310585,0.474119301439289,0.466148953163452,0.501818429164705,0.510865977309566,0.518255869937913,0.531519654632852
1680,0.549450865541219,0.476829310733139,0.47419636430142,0.466231150662701,0.50192200814298,0.51096708436916,0.518365783124528,0.53161408242703
1681,0.549547630127692,0.476955762976735,0.474265347475746,0.466336783394315,0.502066052921484,0.511082037241457,0.518482222042092,0.531690227278892
1682,0.549621687336469,0.477022768536004,0.4743284376936,0.466418226367429,0.502143373794076,0.511171062462418,0.518593499736756,0.531786287645936
1683,0.549712525870031,0.477073833944461,0.474394230796319,0.466466213749134,0.502198976668564,0.511281442147325,0.518714679389703,0.531891011625058
1684,0.549777652412444,0.47714210530396,0.47446253238613,0.466559906042228,0.502264048273671,0.511383605164447,0.518821870939251,0.531984227494976
1685,0.549798014285749,0.477172601513938,0.474519789770131,0.46668735806829,0.502272194822463,0.511443463933375,0.518927711050756,0.532086065698975
1686,0.549853944129061,0.477241205133146,0.474580231994926,0.466768805564406,0.502340147520384,0.511536296395253,0.51900914103991,0.532174417029296
1687,0.54992397226575,0.477358866483774,0.474651822355784,0.466849527480945,0.502464652546567,0.511673018128682,0.519059074382108,0.532233653663399
1688,0.549990351351877,0.4774434997235,0.474718138547461,0.466930862467527,0.502548551913842,0.5117725870821,0.519149162858167,0.532330695925884
1689,0.550069847677443,0.477517648239282,0.474778259876044,0.466973585051881,0.502633168432579,0.511851195052026,0.519237594952227,0.53245097098746
1690,0.550128735188278,0.477587501979989,0.474831716490044,0.46704679242968,0.502699249479936,0.511936239429553,0.519335670798656,0.532549694451488
1691,0.55018460132681,0.477664881259046,0.474897077802969,0.467160354350096,0.502751894514581,0.512028291588945,0.519483371424752,0.532664026943905
1692,0.550225139584295,0.477706908125056,0.474931257060402,0.467232542465787,0.50279253428944,0.512089859810013,0.519566509352774,0.532750416750213
1693,0.550238468153671,0.477712061317024,0.474930909805113,0.46727923480066,0.502804668690849,0.512115297211687,0.519606361041841,0.532801973114095
1694,0.550281957250746,0.477754610715851,0.474959699184359,0.46734240153391,0.502854003633364,0.512197395136292,0.519676581859795,0.532883584258205
1695,0.550322020287195,0.477797293272644,0.474983501782965,0.467399215782358,0.502908299428944,0.512288217153488,0.51972727980915,0.532970488571308
1696,0.550387295420752,0.477831456829629,0.475021786533556,0.467465233978285,0.50296476621125,0.512375935114087,0.519810243918273,0.533056190010234
1697,0.550489059682208,0.477887669495639,0.4750837833737,0.467540123376975,0.503048352982213,0.512512184534309,0.519926054940912,0.533160502432294
1698,0.550551292892936,0.477920205657691,0.475124025633141,0.467612339310148,0.503107557817568,0.512590764924256,0.52001838978467,0.533231903398314
1699,0.550604029008142,0.477917130225147,0.47515498825465,0.467684176305811,0.503147913119767,0.512620580680465,0.520111285482191,0.533282092825943
1700,0.550668738391357,0.477948029067968,0.475197040948996,0.467760695449218,0.503200467409634,0.512689053262375,0.520199004480893,0.533347487212906
1701,0.550724919668549,0.477991017400193,0.4752313933312,0.467838739821923,0.503246976998971,0.512755450643021,0.520274113041394,0.5334013143781
1702,0.550775217037754,0.478042756390821,0.475290876578879,0.467925884232493,0.503324763788075,0.512844589939609,0.520368893466602,0.533471614919431
1703,0.550836940222783,0.478104606560427,0.475378981560816,0.468021444065533,0.503419816883987,0.512954526667732,0.520479210508073,0.533556967825055
1704,0.550885562202999,0.4781725183759,0.475423406951014,0.468105973852002,0.503504430092016,0.51305389091609,0.520557819421496,0.533634910833053
1705,0.550901950455635,0.478250794324652,0.475464004530602,0.468186591661199,0.503603504611586,0.513166960027836,0.520633656462688,0.533716726045032
1706,0.550969348461482,0.478330151372705,0.475493858655268,0.468288356319786,0.503704472845161,0.513257838694365,0.52070376941984,0.533782328933726
1707,0.551072694737935,0.478424909749955,0.475493384319415,0.46840247979692,0.50380204123556,0.513334462413739,0.520738476257977,0.533843894508378
1708,0.551132972416632,0.478454961500408,0.475503838004692,0.468464065811887,0.503887949012142,0.513432927804847,0.520853425081787,0.533888827013306
1709,0.551193899115704,0.478524720338428,0.475534904419802,0.468561543556048,0.503987301928895,0.513514204360643,0.520952670938048,0.533940492629765
1710,0.55122118982138,0.478568460952571,0.475528578635663,0.468617552583859,0.504047181046284,0.513564168995023,0.521057053323799,0.533993878923595
1711,0.551195662762477,0.478578884052058,0.475511224529854,0.468637466983583,0.504058705517639,0.513632913786683,0.521176475731022,0.534050308938694
1712,0.551194077418601,0.478661682205352,0.475568251899456,0.468740063672544,0.504094251814211,0.513720476718735,0.521224278332299,0.534090326778277
1713,0.55123579455289,0.478748955639369,0.47563443441931,0.468824422857935,0.504155374775598,0.513789353678288,0.521284090137286,0.534136936925463
1714,0.551308258481494,0.478808669883711,0.475687108567187,0.468866407635053,0.5042147393192,0.513887724699162,0.521361621414724,0.534145503084559
1715,0.551388925659492,0.47886078003768,0.475766556690823,0.46893573024269,0.504297609741506,0.513994924666076,0.521408620427351,0.534157150295897
1716,0.551441222806109,0.478842512922481,0.475764210328461,0.468939097319479,0.504318866325604,0.51404142319468,0.521575239798227,0.534264212210886
1717,0.551488159096766,0.478864381873861,0.47577635086782,0.468966915868905,0.504360368228297,0.514103375165173,0.521675502826601,0.5343034350671
1718,0.551495775625524,0.478924664625882,0.475802772360122,0.469023946176575,0.504405068690504,0.514161199662598,0.521749383240769,0.534338183081463
1719,0.55152324911388,0.478958637729595,0.475822255217099,0.469063418886328,0.504437530380712,0.514230352897748,0.521829094736414,0.534371291984238
1720,0.551598330023983,0.478996729281065,0.475843538079105,0.469107957047503,0.504479633634482,0.514328880883573,0.52184015653643,0.534319269065125
1721,0.55162132617844,0.479029591173095,0.475852413639689,0.469136775355904,0.504521339422433,0.514397234895809,0.521902318848147,0.534321108704954
1722,0.551583963704817,0.479016468739742,0.475820096434996,0.469117251406807,0.504512056132669,0.514445267380128,0.522014917912332,0.534391343018686
1723,0.551592379059432,0.479041315201717,0.475835777824826,0.469143685202907,0.504558699852209,0.514500217521432,0.522113186324693,0.534423685688883
1724,0.55160445429325,0.479101576904029,0.475902995982656,0.469188402387069,0.504661106945379,0.514525784563516,0.522235384238123,0.534451896054695
1725,0.551604559740828,0.479149369767471,0.475918455654052,0.469241165203868,0.504745434843645,0.51458065679447,0.522335498902772,0.534477722285268
1726,0.551644161504032,0.479223217810737,0.475934065425898,0.469344757217569,0.504860042910609,0.514671653004106,0.522412867224704,0.534473298436824
1727,0.551659144854271,0.479265635552648,0.475948398254738,0.469415011670927,0.504951942363819,0.514745270312366,0.522509210394601,0.534494087669985
1728,0.551599457868328,0.479243657170777,0.475888658327411,0.469448444493823,0.504992687192515,0.514808044982368,0.522598636821873,0.534530794762829
1729,0.551616299397822,0.479303086881071,0.475896306097,0.469517232411796,0.505090588544773,0.514893388419723,0.522698207013725,0.534561169656505
1730,0.551698307896568,0.479410629868581,0.475979005959555,0.469607352417682,0.505244054823397,0.514996936654264,0.522813594596464,0.534591143032519
1731,0.551741829226907,0.47949271159792,0.476018277383624,0.469678451227541,0.505348761009075,0.515079522845677,0.522926294266781,0.534638337507374
1732,0.55179674456141,0.479621619226894,0.476066478951928,0.469771853523822,0.505445569165757,0.515157796953807,0.523048311190003,0.534716302469095
1733,0.551856688561461,0.479716043370162,0.476095030290471,0.46983675689247,0.505559474206119,0.515251631801785,0.523164577489438,0.534752650251739
1734,0.551879356734823,0.479753805869129,0.476066148457745,0.469846559786088,0.505629806143824,0.515328499501604,0.523268586884183,0.534764771038601
1735,0.5519426777911,0.479829517981843,0.476101063501416,0.469906221471871,0.505749172122549,0.515429511886363,0.523396385517368,0.534805460352093
1736,0.552076037721859,0.479954980984853,0.476188028801744,0.470002456268983,0.505956056226615,0.515581774648638,0.523533711542709,0.534818252049103
1737,0.552150163197882,0.480024759731295,0.476228287803171,0.47006270289708,0.506089610453309,0.515693645421966,0.523665622333433,0.534867752030418
1738,0.552178015512489,0.480049933678857,0.476267750999799,0.470112546568371,0.506180312231559,0.515773895829305,0.523824624377484,0.534982509574838
1739,0.552261646603847,0.480110775793302,0.476313490233347,0.470188642576592,0.506298017696697,0.515881972428978,0.523958352341858,0.53504507855057
1740,0.552346525962937,0.480157570931348,0.476324873347773,0.47024308132498,0.506388836724488,0.515980075484881,0.524064315434341,0.535089673312789
1741,0.552435832107199,0.480220467358399,0.476365768570689,0.470326389540126,0.506508116691453,0.516102231104045,0.524190387271893,0.535129428796878
1742,0.55258233394698,0.480319250425172,0.476453319259971,0.470467468608482,0.506679960798539,0.516265880021794,0.524323689602579,0.53514116763662
1743,0.552675437864077,0.4804077337447,0.4765024870375,0.470562901164452,0.506803445368637,0.516399225367708,0.5244447274823,0.535182316728363
1744,0.552728332624957,0.48047062590312,0.476520911336978,0.470634653301355,0.506896237273193,0.516518023329958,0.524571279729739,0.53523753624439
1745,0.552809239387439,0.480576074605219,0.476570048540164,0.470723098365823,0.507015524010554,0.516661739753971,0.52468030715351,0.535282824563564
1746,0.552891805692148,0.480741289428715,0.476637263459158,0.470805990211386,0.507132932894812,0.516815896617407,0.524768313130348,0.535337861468854
1747,0.552969679786063,0.480826679991923,0.47667126874941,0.470899223024287,0.507243979542541,0.516946361014273,0.524877379919995,0.53538417332562
1748,0.553053273150285,0.480896963041,0.476698048664152,0.471020155566395,0.507375007006614,0.517093031966212,0.524984669858256,0.535412263031598
1749,0.553112434826209,0.480948654584401,0.476736947903524,0.471090803181943,0.507478125650287,0.517206221358087,0.525100673686527,0.535450536491552
1750,0.553154976431127,0.480924385553667,0.476756106544635,0.471137697071625,0.50754694262229,0.517277825602865,0.525237886751155,0.535498954385969
1751,0.553219313933317,0.480989630083709,0.476788985265615,0.471197806308923,0.507647240600027,0.517375482337025,0.525340708058816,0.535542113685272
1752,0.553270727216709,0.481099674629442,0.476844132665674,0.471226194299272,0.507751904024709,0.517466117651452,0.525427133956853,0.535577375643591
1753,0.55336027651164,0.481179041020955,0.476893049751178,0.471281814697708,0.507864599332037,0.51757612236132,0.525527113046004,0.535634103591125
1754,0.553492516266847,0.481281870105271,0.476939284636857,0.471357228040908,0.508000792611059,0.517701558098523,0.525614788230141,0.535708501544236
1755,0.553537908646597,0.481335562641188,0.476945876454704,0.471423791262585,0.508070944644876,0.517813512075636,0.525703502410364,0.535740968707646
1756,0.553612447549527,0.481401988161097,0.476990316947797,0.471514642702017,0.508175653734436,0.517942768278464,0.525818388934584,0.535788411579953
1757,0.553686836559922,0.481443951077832,0.477014862976219,0.47162223466786,0.508270917261508,0.518079959787878,0.525943030257636,0.535850486462361
1758,0.553728969789302,0.481486740181887,0.476997219442258,0.471727690551928,0.508360820184305,0.518196641088829,0.526091263911693,0.535906200302769
1759,0.553809723723536,0.481554441884258,0.477005441736663,0.471829989552766,0.508511512144308,0.518286209898447,0.526225887182052,0.535976212097265
1760,0.553874698193934,0.481610414333173,0.477008933704854,0.471933334302313,0.508650405303798,0.518361133135164,0.526318514409627,0.53603663793389
1761,0.553926951871404,0.481688404886767,0.477042755264439,0.472062544368382,0.508777145613355,0.518451069225016,0.526411256345023,0.536094402057275
1762,0.554006039537586,0.481763202508832,0.477081476489154,0.472184922690813,0.508900295294054,0.518543374332061,0.526465513148877,0.536147106416466
1763,0.554048677511287,0.481789603278833,0.477089215523537,0.472252431348833,0.508981989540684,0.518661655192651,0.526513162480117,0.536177161019971
1764,0.554105245507205,0.481811236338471,0.477124795818819,0.472329069933177,0.509104510395424,0.518789571902484,0.526645569680247,0.536229256937993
1765,0.554157249442847,0.481837752373307,0.477122358879236,0.472358089916643,0.509236055802282,0.518858334074289,0.526763453594345,0.536272797686454
1766,0.55418638639256,0.481890518159883,0.47711497385667,0.472376818269707,0.509364506985266,0.518939564336393,0.526860955780598,0.536271333458936
1767,0.554315654865688,0.482038389797067,0.477212711770989,0.472515979702427,0.509565058291096,0.519089473218694,0.527005052520648,0.536295048233653
1768,0.554482416278579,0.482206127803334,0.477310960414519,0.472649151314467,0.509740369929076,0.519251559752513,0.527136445286634,0.536380475049903
1769,0.554597754905247,0.482338255293305,0.477376970397795,0.472770383954106,0.509887452042454,0.519426645326534,0.527259038285597,0.5364538410512
1770,0.554701863940986,0.482455797648178,0.477434350554534,0.472918332380542,0.510059888180364,0.519579125353131,0.527402343638655,0.536548452735853
1771,0.554730451336936,0.482477430487967,0.477465340352656,0.47299329526234,0.510116911997108,0.519688152498372,0.527559588368876,0.536646889330359
1772,0.554800047452309,0.482525541170503,0.477499920902462,0.473077619797788,0.510236096710166,0.519804072662681,0.527688579910018,0.536714364188402
1773,0.554886471702061,0.482566122985231,0.477534919291544,0.473165730254325,0.510374899772692,0.519894467832268,0.527802428526447,0.53674996174659
1774,0.55498642473582,0.482653569506264,0.477591361559634,0.473263940668039,0.510518022189071,0.520036945570442,0.527927753097442,0.536806107669296
1775,0.555120999181415,0.482773586452291,0.47764512892287,0.47334502486323,0.510706212567312,0.520205360208022,0.528043125367831,0.536869220431735
1776,0.555238323851237,0.482883264386489,0.477702266722068,0.4734602757622,0.510897043314519,0.520365804304055,0.528159166940775,0.53693709553722
1777,0.555365443531997,0.483036622396282,0.477791435328996,0.47361409521769,0.511081357846293,0.520583806401995,0.528272737422842,0.537003779276196
1778,0.555460907051299,0.483133691437065,0.477848831181467,0.473721872195388,0.511260668902686,0.5207406740944,0.528408026155279,0.53708774002642
1779,0.555517342251629,0.483173848229904,0.477876456845429,0.473827988157469,0.511468152281678,0.520841179073806,0.528552969282788,0.5371730437706
1780,0.555608418421231,0.483262348815404,0.477935735379397,0.473933335286663,0.511636261717816,0.520968119274764,0.528690665207219,0.537273949456177
1781,0.555694970435512,0.483356134214616,0.47800516082597,0.474007263555731,0.511773369048926,0.521084640188728,0.528863606774275,0.537401768332896
1782,0.555820097829051,0.483470686792458,0.478084767584952,0.474134408818443,0.5119374333342,0.521241050375403,0.528996682493382,0.537524646674249
1783,0.555991044834832,0.483621711765015,0.478188132130445,0.474291175555397,0.51208969996313,0.521428425617954,0.5290892939126,0.537679679955708
1784,0.55612617032412,0.483747369516106,0.478269437512253,0.47443014223297,0.512253438578744,0.52159278149481,0.529185953394211,0.537773070635117
1785,0.556259509934548,0.483865802240613,0.478338792312455,0.474571668825796,0.512432217504511,0.5217601590032,0.52926046821874,0.537836803570468
1786,0.55637289433851,0.483969756458806,0.478407842848524,0.474713700341947,0.512587917051116,0.521909718989318,0.529369376191363,0.537899471890716
1787,0.556475037959391,0.484076940735075,0.478479810257959,0.474874392325095,0.512756105350692,0.522052091190955,0.529489719121078,0.537902272588114
1788,0.556587479089174,0.484161554871836,0.47853263764899,0.475008454161804,0.512891810458216,0.522191244772702,0.529617482244592,0.537956055388235
1789,0.556677522035146,0.484214310051454,0.47856185137219,0.475136667516556,0.512988683114933,0.522305813216042,0.529767676398752,0.538039622047647
1790,0.556839030188341,0.484332134717316,0.478641281587544,0.475263710723376,0.513163194940159,0.522483262996955,0.529872297222853,0.538119924158382
1791,0.55698562495757,0.484428870770481,0.478720155084052,0.475366365564776,0.513303068302906,0.522658717229889,0.530036678941533,0.538216419195243
1792,0.557101814877577,0.484527889178466,0.478788539471197,0.475458575549238,0.513449977171039,0.522830710597054,0.53020743445871,0.538298955849879
1793,0.557189800622425,0.48460167019049,0.478831781013364,0.47553573737991,0.513580772372498,0.522987941809256,0.530351761348541,0.538398910003271
1794,0.557263001128671,0.484655893844863,0.478841781525369,0.475646733195219,0.51374131831248,0.523098288941562,0.530512530054671,0.538514280236208
1795,0.557319839725513,0.484687742436778,0.478826700819454,0.475763676536279,0.513888807484261,0.523198949598612,0.530642040219562,0.538621881956294
1796,0.5574041746189,0.484768154180027,0.478852154515,0.475891993906206,0.514041001220551,0.523353686027064,0.530759999065307,0.538729595751228
1797,0.557559290644555,0.484894813448858,0.478927982174635,0.476057014594922,0.514262127567481,0.523537798783842,0.530901985243613,0.538832267641457
1798,0.557685361680574,0.484983500349,0.478973252314952,0.476162546168683,0.514417740341943,0.523687307301093,0.531052592921975,0.538942858056661
1799,0.557796457025927,0.485089099268801,0.479044257370879,0.476234321208577,0.51456968352293,0.523872407948874,0.531204470333296,0.539016120999869
1800,0.557914160408851,0.485183061448841,0.479128165372713,0.476362847809671,0.514773092741391,0.524045475981538,0.531318281758923,0.539061435873373
1801,0.557914160408851,0.485183061448841,0.479128165372713,0.476362847809671,0.514773092741391,0.524045475981538,0.531318281758923,0.539061435873373
1802,0.558010288643925,0.485324808345146,0.479263837479429,0.476503223356536,0.514952021096215,0.524225938289444,0.531424990293305,0.539157334747242
1803,0.558091988225946,0.485487806328173,0.479403214050777,0.476675555606661,0.515146232970211,0.524434223870832,0.531510473998442,0.539265911582475
1804,0.558245453108917,0.485604704906679,0.479488368943075,0.476864437413556,0.515358787877361,0.524682720816702,0.531644111780391,0.539444447921416
1805,0.558393884182722,0.485695952320069,0.479640031796947,0.477018177020657,0.515624245013626,0.524960163343809,0.531814134167456,0.539609960715272
1806,0.558433453364894,0.485823521553434,0.47980897115066,0.47715730526102,0.515929155954172,0.525260708164876,0.531945382237278,0.539748531226911
1807,0.558652678125034,0.486048038513432,0.480065660693974,0.477422030449629,0.516285579227587,0.525616800505269,0.532022196001369,0.539858461280388
1808,0.558980684553755,0.486183406509912,0.480325176665108,0.477704106049092,0.516529214447406,0.525874355554076,0.532109585711197,0.540023700438782
1809,0.559060234053478,0.486245311343977,0.48047406684109,0.477896082748474,0.516691429723934,0.526059995424426,0.53222319397943,0.540190882488062
1810,0.559067848551447,0.486408846664836,0.480616416942988,0.478052901982938,0.516921763839569,0.526375460811497,0.532336463086269,0.540316180813883
1811,0.559201767589362,0.486548420131602,0.480787677814197,0.478219717259708,0.5171577590927,0.526647992510368,0.532431205178123,0.540440739812054
1812,0.559384497609108,0.48664505703115,0.480891932865309,0.478368040696862,0.51734952519156,0.526877751191809,0.532566961161437,0.540612526934994
1813,0.559480828807942,0.486751690333722,0.480991214255906,0.478491410679101,0.517600152949308,0.527081024257544,0.532708747566932,0.540729611535358
1814,0.559577390726264,0.486977662650039,0.481184556259157,0.478615067255975,0.517886908681512,0.527297629603626,0.532764288629128,0.540775493507881
1815,0.559763216214394,0.487086781052955,0.481347070530442,0.478748284190709,0.518051882261513,0.527401771274417,0.532718454654858,0.540799629921208
1816,0.559899661298914,0.48708622077033,0.481383404575439,0.47882303875361,0.518155912472425,0.527471211045325,0.532743979550542,0.540836014656924
1817,0.560033091656568,0.487173359831648,0.481496371260535,0.478961610104389,0.518387670431057,0.527697792397324,0.532900991487269,0.540959601870095
1818,0.560098614241484,0.487255287191772,0.48165189299331,0.479070616927365,0.518601179220257,0.527913706840994,0.533043017612414,0.541081236802495
1819,0.560139421440358,0.487330295211933,0.481753456522326,0.479072583377546,0.518747404261278,0.528044188961284,0.5331884021414,0.541181037817673
1820,0.560362684420483,0.487484407860901,0.481875788629248,0.479182516776117,0.518934102342156,0.528211621944204,0.53336274061061,0.541287290467761
1821,0.560475116770048,0.487582632476702,0.481979142348908,0.479291421121555,0.5190618840787,0.528328412980726,0.533503694438654,0.541364276965465
1822,0.56045254289023,0.487672283436939,0.482047796968795,0.479395993874432,0.519114761948128,0.528371686764844,0.533602249038964,0.541390592809497
1823,0.56045181795112,0.487704807846858,0.482080794910083,0.479436496649688,0.519167973026684,0.528485631858,0.533673201475476,0.541392316994182
1824,0.560652799439363,0.487792166715488,0.482180039766342,0.479540001177059,0.519317551126824,0.528687779567695,0.533711626470659,0.541419123369984
1825,0.560719863890497,0.487894469800795,0.482346242791455,0.479678410846121,0.519509368773533,0.528782364566807,0.533793407712545,0.541503862384917
1826,0.560782353878028,0.48801276157379,0.482441547403867,0.479783883968647,0.519663091672301,0.528859192002989,0.533960101590278,0.541607737738109
1827,0.560869822086752,0.488138953412487,0.482452749799844,0.479845883212848,0.519761784149004,0.528971384845568,0.534044239760407,0.541675563356359
1828,0.560960556286465,0.488201090768985,0.482523358760323,0.479904606281214,0.519854415565051,0.529048224542749,0.534078007394637,0.541716487861847
1829,0.561078720833566,0.488218768532567,0.482589565464857,0.479999597918952,0.519908203431109,0.529115012452607,0.534211931989359,0.541735831208023
1830,0.561140118466783,0.488276518650836,0.482646965801584,0.480072036812845,0.519979311142349,0.529192378178642,0.534299808650747,0.541739826055274
1831,0.561158002866069,0.488332935191393,0.482680703294439,0.480079025411749,0.520041677412083,0.529304077891542,0.53432344173244,0.541702244030266
1832,0.561225417894807,0.488426419527363,0.482847471705754,0.480135278605496,0.520173656179479,0.529391000749897,0.534277473262536,0.541642926815583
1833,0.561323579966723,0.488494933408769,0.482966961602237,0.480268538351684,0.520248334224353,0.52943637115323,0.534375427513833,0.541588337416689
1834,0.561369218061032,0.488562299817015,0.482971353582607,0.480308328445459,0.520308432907419,0.529476298134905,0.534513024899177,0.541582910310053
1835,0.561423385624535,0.488675735357404,0.482986310745374,0.480337757207871,0.520399826204685,0.52944978424477,0.534593802519799,0.541654132685028
1836,0.561568780183124,0.488783027179809,0.483015058313335,0.48042070626752,0.520517810847122,0.529475228353808,0.534755134224319,0.541748891996303
1837,0.561667353221237,0.488820756663094,0.483063159882632,0.48047705326525,0.520632258014668,0.529551956660901,0.53485416605603,0.541738665785947
1838,0.561671613750348,0.488887859086082,0.483088640047644,0.480533074489509,0.520715921771731,0.52959582137381,0.534854203553784,0.541675175240379
1839,0.561731939069009,0.488971661832456,0.483151946607491,0.480615762766758,0.520823264843205,0.529682145629407,0.534937588525521,0.541686619209484
1840,0.561844763902884,0.48902625034224,0.483305124196543,0.480701762157667,0.520932409771465,0.529857870525867,0.535045760204104,0.541666115705174
1841,0.561896541559079,0.489049026419111,0.483379114584248,0.480784231134141,0.520990360522713,0.529952326498473,0.535098622096407,0.541617259774493
1842,0.561912670625649,0.489087922644998,0.483420341392529,0.480885891981421,0.521035317141496,0.53003820651661,0.535173824449297,0.541579466567017
1843,0.561965066537557,0.489145063700339,0.483458888568994,0.481037529705535,0.521114671736483,0.530081732843667,0.535247851642428,0.541677746724756
1844,0.561991862428908,0.489132730653519,0.483485206729387,0.481063164817394,0.521140376483104,0.530077667574118,0.535289709853242,0.541678593712915
1845,0.562037912243789,0.489256138281303,0.483521002783087,0.481083180576374,0.521156659843633,0.530140437152129,0.535291126620751,0.541568076212816
1846,0.562079764308662,0.489381775665596,0.483579643158904,0.481196799191545,0.521229488019481,0.530228408826157,0.535303933280728,0.541574320696207
1847,0.562153895651337,0.48943555532048,0.483620348277456,0.481227423655624,0.521388829712161,0.530335991410713,0.53531225592306,0.541597114989357
1848,0.562208653778372,0.489508883609968,0.483654791362018,0.481255249564195,0.521477172741219,0.530428402705606,0.535307015775524,0.541543972978406
1849,0.56227135516144,0.489571901855637,0.483685810234014,0.481335486787765,0.521526223333293,0.530572549034197,0.535227004561613,0.541415468235304
1850,0.562266089644857,0.48956690040344,0.483689120739767,0.48135501851438,0.521567843632882,0.530604952377107,0.535182476314847,0.541308019800814
1851,0.562223355030479,0.489493870559146,0.483639299653872,0.481287788131271,0.521598677017537,0.530550341929824,0.535157333349704,0.541204023597723
1852,0.562183415349484,0.4895136994902,0.48366186153437,0.481240836117845,0.521614838344562,0.530555115938058,0.535148596455991,0.541033256267349
1853,0.562166732952547,0.489592668586754,0.483739222434341,0.481296434118228,0.521654021378906,0.530562688425808,0.535132763721783,0.540876246212394
1854,0.562185953176845,0.489630807443656,0.483756966588125,0.481324167517301,0.521700524826358,0.5305594703948,0.535096120284328,0.540747731251677
1855,0.562154828281267,0.489641573639113,0.483717542166422,0.481372220559155,0.521734662084951,0.530553374272126,0.535067163999139,0.540584739866761
1856,0.562087791476006,0.489676226329025,0.48370333286187,0.481398580674679,0.521701834456465,0.53050525671403,0.535034068952289,0.540379910142755
1857,0.562017362767953,0.489677934611307,0.483687464593222,0.481386197393541,0.521679467228474,0.5304673300235,0.534951952661705,0.540179422399649
1858,0.561865199102136,0.489564533458917,0.483629492804183,0.481317800604243,0.521637495225281,0.530393199868004,0.53480868490154,0.539978923216265
1859,0.561754128338754,0.489509178328136,0.483569710636353,0.481275291746129,0.521573361663662,0.530320297872957,0.53468778307818,0.539707108058807
1860,0.561728081488647,0.489511046496057,0.483547561803187,0.481221488187415,0.521440112635272,0.530263005273372,0.534578852580135,0.539455272796695
1861,0.561583621438037,0.489485300896525,0.483490212620338,0.481157633950114,0.521394888499257,0.530182407072375,0.53442449824378,0.539106275213563
1862,0.561372997910656,0.489457317513328,0.483408905165145,0.48111812810565,0.521416673538929,0.530101856256591,0.534291896026879,0.538660480980292
1863,0.56113055257147,0.489367360057909,0.483267390075896,0.481015988443368,0.521337697838049,0.529956917542766,0.534040187752518,0.53814783682237
1864,0.560856865661615,0.489248205262256,0.483108992829927,0.480835514366857,0.521178908205095,0.529725146036907,0.533772533558944,0.537753242342677
1865,0.560632179061693,0.489186429555244,0.483010687289988,0.480728100313093,0.521149656110246,0.529550141498563,0.533513061814293,0.537265567537119
1866,0.560379222927685,0.489082653865471,0.482851172955859,0.480559299200991,0.520989094077634,0.529351924128339,0.533164960919218,0.53661924910935
1867,0.560208072093446,0.488968668747983,0.482665525430006,0.480355205863064,0.520680691696573,0.529157653634453,0.532765373421496,0.535932317497064
1868,0.559838943433384,0.488758661624111,0.48240362810176,0.480092870286407,0.520369042349924,0.528821472220685,0.532342455259512,0.535144313956325
1869,0.559366342710575,0.488514281644801,0.482098601363582,0.479818338070383,0.520061957818882,0.528422630333539,0.531868697921662,0.534129764061061
1870,0.558885234084366,0.488248621124936,0.481765398446203,0.47948734942513,0.519714841924202,0.528033993364508,0.531325087500323,0.53315236521626
1871,0.558360361032881,0.487926413630198,0.481362581010009,0.479086197277884,0.519322767757195,0.527585773846179,0.530695773861927,0.532168494914288
1872,0.55769612317679,0.487526960160776,0.480965833734396,0.478650417325487,0.5188413797012,0.527037517755424,0.530149926392072,0.531143914594405
1873,0.556992128285283,0.487142535695807,0.480474928734889,0.478264415647198,0.518317689095367,0.526493454630556,0.529514461772531,0.530009824950667
1874,0.556286079750185,0.486736855543899,0.479928519368124,0.477788349494408,0.517759753472776,0.525958779334872,0.52870886180048,0.528802465453417
1875,0.555512617432246,0.486266154184679,0.479383497552143,0.477192303337453,0.517129072007454,0.525334467670257,0.527964679876397,0.527501699843938
1876,0.554748483424604,0.48585345386483,0.478799447238004,0.476693739971844,0.516487108694486,0.524703985576881,0.527209620856843,0.526112456652935
1877,0.553912784549749,0.485344788177317,0.478158403458193,0.476108185954526,0.515770438383935,0.524000394745533,0.526313232486267,0.524654041436272
1878,0.55313692636316,0.484857450605918,0.477572477625979,0.475472665858688,0.51511381191534,0.523351618364597,0.525352406565362,0.523128159555626
1879,0.552169947257718,0.484227022740983,0.476835557935225,0.474756954505693,0.514257235941749,0.522531969771077,0.524294268754354,0.521475573398745
1880,0.55106093261098,0.483473309545299,0.475960766389876,0.474047966397851,0.513235738890385,0.521550032133845,0.523108167968767,0.519736725121274
1881,0.549906022594324,0.482697245497961,0.475055168512708,0.473194236937087,0.512176033772112,0.520540388750912,0.52187925854627,0.517898814321236
1882,0.548673906012243,0.481867484573591,0.474096998643379,0.472186633675407,0.511071701068055,0.519438621569243,0.52058386282356,0.515955716326053
1883,0.547353065366031,0.481007784641132,0.473072960305359,0.471194920531354,0.509841735977907,0.518358490129633,0.519221654061974,0.513891810719146
1884,0.545960654551171,0.479978694951092,0.471974978857909,0.470127392161493,0.508437600937738,0.517161983848541,0.517765165335882,0.511696396839427
1885,0.544474139631916,0.478814595548821,0.470797995237913,0.468906638553155,0.506946484996801,0.515832062895682,0.516157408260877,0.509345876880817
1886,0.5428509836246,0.477627960071822,0.469498510219968,0.467627658759581,0.505326090379132,0.514442166511609,0.514410927173629,0.506840752168724
1887,0.541096593260932,0.476334098424828,0.468084625494355,0.466251742965719,0.50352117102159,0.51298191379462,0.5124907500608,0.504124318643159
1888,0.539263702240559,0.47494978909293,0.466611784703013,0.46484246413006,0.50168205799276,0.511402510325143,0.510505906589422,0.501323720957491
1889,0.537338153179877,0.473562121525184,0.465048415044356,0.463425700380622,0.499802869644574,0.509750816005665,0.508381548765098,0.498414345919008
1890,0.535262915510191,0.471985620603896,0.463371215378933,0.46178254552091,0.497729572108405,0.50793813985998,0.506185708426089,0.495345691338691
1891,0.533032794420436,0.470182347953003,0.461581167572765,0.460002270019345,0.495476297326242,0.505983324909014,0.503897455263962,0.492082891697398
1892,0.530766339794953,0.468386601475745,0.459754336648112,0.458160942424306,0.493183578532892,0.503933466359928,0.501505568787234,0.488733386524892
1893,0.528414604255756,0.466498803222268,0.457870408508064,0.45612360402969,0.490758432183245,0.501713664351457,0.498999586470962,0.48519821940349
1894,0.525894579769762,0.464550311853243,0.45581089850198,0.454030101747074,0.488240029084731,0.49942254714266,0.496397240591993,0.481644012552991
1895,0.523336247065287,0.462602358668393,0.453734710699979,0.452005078346209,0.485696784913354,0.497201323801328,0.4937452613555,0.477995233326156
1896,0.520739369989895,0.460588411524914,0.451640429737825,0.449852921131859,0.483099827175095,0.494809261814421,0.491116532327247,0.474310741728061
1897,0.518115199703748,0.458566756535732,0.449505629580526,0.447652898458508,0.480469497836844,0.492393647425716,0.488482351468707,0.47066427752786
1898,0.515343072503538,0.456448320673861,0.447190783280446,0.445278095104151,0.477665984573832,0.489856787965281,0.48576243293303,0.466908403404874
1899,0.512701210392339,0.454463929246347,0.445102841868296,0.443091364821011,0.47508063967833,0.487485551993651,0.483247087618723,0.463382246214797
1900,0.510032113738282,0.452441120477968,0.443087438361906,0.440872772755302,0.472499686103085,0.485062706505513,0.48078405761441,0.459843493609434
1901,0.507522692908475,0.450579836872697,0.441116403646462,0.438777039833686,0.470061527512102,0.482743800905452,0.478421229746038,0.456596555238949
1902,0.504982536368104,0.448748996676616,0.439132589247548,0.43671806935656,0.46765957587005,0.480425717498642,0.476104214909457,0.453484096966851
1903,0.502723677755494,0.44714994835227,0.437394423836746,0.434857074469133,0.465520917968331,0.478377441092036,0.474034972825596,0.450655723301201
1904,0.500652900366525,0.445729678591793,0.435743587679392,0.433054723908671,0.463526574969919,0.476456258351735,0.472032621613996,0.447998037032137
1905,0.498694031848933,0.444406728629281,0.434228704054933,0.431444724632999,0.461682963530736,0.474624310636346,0.470237241338516,0.445650406715772
1906,0.49703018160897,0.443227774313652,0.432971070303412,0.430079255094627,0.46011674993866,0.47305577011697,0.46877063363048,0.443652443702243
1907,0.495608916196539,0.442171715425769,0.431948461958016,0.428962680024586,0.458808458316467,0.471755457063522,0.467629383478223,0.441960350394642
1908,0.494357345768381,0.441372188305496,0.431098063316793,0.42795416981151,0.457684581308122,0.470613419479905,0.466625880990961,0.440573953887554
1909,0.493301405648674,0.440718013760315,0.430447338319422,0.427087109676444,0.456735740508414,0.469601563953838,0.465871397304897,0.439546475937923
1910,0.492502240448365,0.44026522892351,0.429955484667954,0.426468208016585,0.456062515576236,0.468839684924149,0.465263381197681,0.438739700977472
1911,0.491957335240644,0.44011091397219,0.429675784316471,0.426055726044531,0.45571640516284,0.46836456658723,0.464782804954596,0.438193820000646
1912,0.491527961936533,0.440027589868891,0.42953810209883,0.425784091672851,0.455428883215229,0.467988933683495,0.464591868552013,0.43793961630016
1913,0.491332110913368,0.440070724630414,0.429588627151452,0.425786624022531,0.455305223929274,0.46778337195109,0.464702435062737,0.438064559877412
1914,0.49127565098043,0.440234468267179,0.429724716475426,0.425850866484588,0.455374158850579,0.467727936045975,0.464879485101727,0.43828095973452
1915,0.491366734872578,0.440535873504479,0.429991500128933,0.426035496361238,0.455625896160199,0.467869408649781,0.465247154658655,0.438728376522549
1916,0.491601440742205,0.441015942588311,0.430457931366517,0.426309428694106,0.455992939457657,0.468119476486451,0.465832569268915,0.439410171864628
1917,0.491931901470289,0.441512155376211,0.430906760528156,0.426712940809693,0.456444629497476,0.468430240492458,0.466403903995586,0.440118960733958
1918,0.492496516680404,0.442137507758849,0.431439137529665,0.427290110290025,0.457124476448423,0.468898472867215,0.467064909992663,0.44095011937698
1919,0.492988576809813,0.442742142502315,0.432027167109931,0.427854515714626,0.457767644653542,0.469358522417439,0.467764957957016,0.44186329548769
1920,0.49350490352591,0.443390145201689,0.432702592885023,0.428536062812359,0.458423198668743,0.469838101942706,0.46857784641175,0.442945809952866
1921,0.494107289104255,0.444085228510375,0.433371109393589,0.429196484277635,0.459172537172129,0.470434329859684,0.469364802273984,0.443986857645542
1922,0.494842251311253,0.444842360164657,0.434128030660053,0.429914947692472,0.460090824300758,0.47119117812187,0.470175989303207,0.44508890576796
1923,0.495494090450072,0.445592542770988,0.434850479408646,0.430599806301413,0.460929538605,0.471866125004266,0.471017130645922,0.446217688814529
1924,0.49617063800226,0.446453471712856,0.43555894282936,0.431303946381891,0.461793220817192,0.47259937314061,0.471939638951827,0.447438267899129
1925,0.4968455219846,0.447211470320664,0.436284554712673,0.431988055473273,0.46264010915946,0.473309398501823,0.472788232806024,0.448577108720854
1926,0.497460066159261,0.447875589864694,0.437000814404155,0.432628840000447,0.463441991838934,0.473955781928592,0.473552567614261,0.449692458982947
1927,0.498109956577716,0.44857361840523,0.437787848556899,0.433305642041038,0.464305254866706,0.474658977422788,0.474452070466396,0.450843711052856
1928,0.498789676701864,0.449332052490082,0.438513569513064,0.433983643742765,0.465106147198374,0.475320319307005,0.475314986396297,0.451964477622332
1929,0.499533764713707,0.450165629617803,0.439242451415342,0.434673120305099,0.465888785179057,0.475975453319261,0.476164613263347,0.453016538633299
1930,0.50022734725168,0.450826655709656,0.439944121318726,0.435353406222223,0.466688990257075,0.476660080772796,0.476991988860402,0.454116329552697
1931,0.500905622375571,0.451411463584503,0.440612015202074,0.436035642295129,0.46747731442215,0.477361915642285,0.477909425947834,0.455313031840234
1932,0.501603473873154,0.452106457521526,0.44128403621477,0.436722247752454,0.468245661274103,0.478010156451687,0.478681112554806,0.456369593780087
1933,0.502288873321571,0.452754599373153,0.441946336190385,0.437424689504145,0.469001184311282,0.478649868972542,0.479260114824858,0.457318327402241
1934,0.503001271258922,0.45337618220177,0.442606804182897,0.43809809211678,0.469787751315358,0.479313000353226,0.479996145855947,0.458333375721007
1935,0.503841601208528,0.454163407842372,0.443293327513138,0.43882625607846,0.470631513898509,0.479979473570223,0.480780292152351,0.459338141835594
1936,0.504519243537439,0.454818646521269,0.443925549434689,0.439452702636203,0.471370971831702,0.480584286634581,0.481522337923519,0.460309766496836
1937,0.505133214785375,0.455392623856203,0.444531256724189,0.440024716185494,0.472075506704503,0.481171779173649,0.482275123920759,0.461275223328097
1938,0.505666675514389,0.455754434726808,0.445116153200199,0.440502655368145,0.472773943348869,0.481772763838539,0.483132151121319,0.462295831499222
1939,0.506284771857807,0.456316110229972,0.445685122828126,0.441076449923579,0.473466055191561,0.482383044750975,0.483841079116234,0.46321748674633
1940,0.506820727667307,0.456974273975162,0.446200645039096,0.44163484136275,0.474069214095497,0.482930981591404,0.484448388452741,0.464054905947171
1941,0.507427722397562,0.457496308658177,0.446747535588257,0.442182859296605,0.474714371312473,0.483514170358773,0.485085789287032,0.464914219541398
1942,0.508176303768253,0.457973256101259,0.447294498945221,0.442798328162615,0.475418518199655,0.484179148102308,0.485674894483352,0.465771927998611
1943,0.508792612858363,0.458497956170251,0.44784432771949,0.443340714025836,0.47607089429356,0.484771804677217,0.486306211954348,0.46659140763172
1944,0.509305860550153,0.458986860332802,0.448428329774521,0.443807429623795,0.476675452063384,0.485273773771736,0.486962072662481,0.46734566747901
1945,0.509879689810518,0.459459615208094,0.448953073472634,0.444291790480695,0.477283484213228,0.485846228639785,0.487580814191881,0.468149215313208
1946,0.510452026006394,0.459997562375205,0.449465191014169,0.44476301269628,0.477882837728645,0.486502388576445,0.488224462652754,0.469004268277872
1947,0.511021722579507,0.460483554289547,0.449949464869509,0.445245131273529,0.478489349987066,0.487064275755067,0.488820564721419,0.469774203519116
1948,0.511596084762345,0.460931687690914,0.450403763295087,0.445725062845892,0.479091426920403,0.487596606502577,0.489384870457402,0.470515518825352
1949,0.512196839501348,0.461276709059249,0.450787660122173,0.446189438864726,0.479681667574477,0.488106508379768,0.489878826383084,0.471243731157776
1950,0.512767451541993,0.461711337482739,0.451244141660577,0.446663979051056,0.480257531713153,0.488644084194101,0.490445784442688,0.471989021955089
1951,0.513319201680871,0.462192676378689,0.451728088803703,0.447188285167734,0.480857503847518,0.489152886250513,0.491033708328277,0.472693690999309
1952,0.513875595602972,0.46261574472428,0.452165158717598,0.447614919627783,0.48139549032223,0.489635902699373,0.491581374757161,0.473383507542996
1953,0.514428790692655,0.463016263792153,0.45260904289663,0.447950069579269,0.481862763772169,0.490108121391426,0.492149173567638,0.47409848459385
1954,0.514981874979185,0.463432838312979,0.453036421769736,0.448377700345428,0.48237931387732,0.490629918932956,0.4926814674027,0.474794926067536
1955,0.515541978648865,0.463829749731305,0.453409604824217,0.448809632764886,0.482895297089958,0.491147331371953,0.493114517802993,0.475402674287157
1956,0.51607940278298,0.46423284316253,0.45381443659457,0.449227254969645,0.483403066424216,0.491634355155748,0.493647484581069,0.476077281143832
1957,0.516605985469057,0.464666440924613,0.454240027751144,0.449708357418147,0.483923192447108,0.492179975797313,0.494279703393549,0.476822974370432
1958,0.517130549296362,0.465072638462323,0.454659797181433,0.450151213803974,0.484439720896685,0.492690309795876,0.494822735994209,0.477534460071039
1959,0.517624027845444,0.465464136946642,0.455078480472946,0.450568970183448,0.484924313946345,0.493159605091643,0.495400210673925,0.478269698966922
1960,0.518127287574439,0.465825846884071,0.455489038484487,0.450916511617783,0.485437635402856,0.493538778078812,0.495882980742528,0.478955043139493
1961,0.518668511878578,0.466225393332296,0.455922606975992,0.451345310485536,0.485953255199951,0.49404433307356,0.496413057043357,0.479619150358352
1962,0.51925477336988,0.466626784499335,0.456379374833588,0.451815009728622,0.486485046714745,0.49464340367465,0.496876068549707,0.48023202223743
1963,0.519778162916527,0.467037111215627,0.456807015409652,0.45225379327246,0.487011348141348,0.495141383642881,0.497395924800385,0.480911962714245
1964,0.520277633020805,0.467487620398463,0.457203459891311,0.452699900972763,0.487521838311137,0.495612733910871,0.49799041944545,0.481590670978385
1965,0.520826233304936,0.467889991719958,0.457663912285147,0.453142826881525,0.488076233998352,0.496123996009123,0.498514790600077,0.482275812166187
1966,0.521361540704668,0.468259288115923,0.458172175540354,0.453587605808631,0.488687097112309,0.496615374294678,0.498975981390623,0.483022169000732
1967,0.521906371043029,0.468654391752335,0.458624631001396,0.454011830193891,0.489240188404362,0.497108221190869,0.499494760909263,0.483721753658134
1968,0.522522018757104,0.469037242357847,0.459101596084366,0.454428623744626,0.48980732386776,0.497650043756273,0.500055787056606,0.484353499634192
1969,0.523093841695964,0.469430527319586,0.459560002073112,0.454850010634735,0.490342282804631,0.498167368873993,0.500567192587923,0.48504603503178
1970,0.523609698117715,0.469865913079215,0.45995921371301,0.455221773000486,0.49078626484377,0.498635309652143,0.5010212799254,0.485804929366335
1971,0.524153811568043,0.470266533691024,0.460365259021318,0.455640474723264,0.491291597381371,0.499123346091355,0.501558024050854,0.486506249431003
1972,0.524705685079061,0.470652775188547,0.460774075428279,0.456082471206335,0.491816425307859,0.499620966686702,0.502118147686588,0.487194991671934
1973,0.525262163263412,0.471001508041887,0.461192133437423,0.456552912662641,0.492366800688328,0.500151164567132,0.502703049560843,0.487886636004905
1974,0.525841431898643,0.471409598533619,0.461639989582508,0.45703088025895,0.492905278554999,0.500652321481226,0.503209932838268,0.488578652093324
1975,0.526449817247533,0.471843939751249,0.462100769825872,0.457587606286884,0.49347430401428,0.501132823242777,0.503761280551308,0.48922632495201
1976,0.527035086137599,0.47224205450217,0.462539314772377,0.458027475566946,0.494015430397117,0.501633229317504,0.504262685043954,0.489913048615439
1977,0.527636745535605,0.472659660463955,0.463016027680795,0.458384310621226,0.494535322101511,0.502150487176402,0.504598705110855,0.490611193019304
1978,0.528211429668652,0.473061205905229,0.463453959462604,0.458820691970569,0.495065640725596,0.502640988847995,0.505087860850093,0.491342416504354
1979,0.528761829266645,0.473420706503235,0.463824378398774,0.459266034799632,0.49558833636746,0.503136787654381,0.505720401533718,0.492097672540581
1980,0.52931515787345,0.473793395800677,0.464238284228431,0.459666345624738,0.496125730624083,0.503615792065571,0.506248531666453,0.492844261467655
1981,0.529852530575589,0.474140767714951,0.464666588999448,0.460043348458796,0.496672380271035,0.504047227212252,0.506729748778591,0.493645522698517
1982,0.530407656981747,0.474553863641409,0.465105373118417,0.460495917745301,0.497218244233717,0.504510654850341,0.507268443314552,0.494416680838481
1983,0.530974082561352,0.475018635275919,0.465535024362318,0.460947556859581,0.497775367265816,0.50496409288718,0.507841939474999,0.495176969638524
1984,0.531507847316617,0.475448757677017,0.46602104595864,0.461379424621911,0.498328365877906,0.505443146309748,0.508342372371791,0.495919371852912
1985,0.532096248134809,0.475888283429568,0.466481345727628,0.461855518444999,0.498886152386107,0.505965059586373,0.508846489421107,0.496616077424144
1986,0.532732640802211,0.476389655311405,0.466951511365388,0.462482863603582,0.499427454042031,0.506553676733161,0.509368296944555,0.497227403094562
1987,0.533314878799928,0.476832913529302,0.467411941440937,0.462941075520389,0.500005844601612,0.507067935270528,0.509911091537652,0.497977662712846
1988,0.533875916111526,0.477206446410034,0.467857415551484,0.463217503901919,0.500619862864654,0.507562593582901,0.510429243849566,0.498794913053046
1989,0.534483665945391,0.477638530572993,0.468329046870051,0.4637109624153,0.501210346863217,0.508106045015329,0.51093844004331,0.499508401280097
1990,0.535114568389575,0.478108721347955,0.468810956033214,0.46433408898724,0.501819074308427,0.508655518659397,0.511497670166074,0.500268655087366
1991,0.535697275743181,0.478543647839575,0.469294288564808,0.464816152216184,0.502404700892544,0.509168820446678,0.51203026808757,0.501003955964308
1992,0.536268867401942,0.478961187601374,0.46985707580047,0.465350493686235,0.502971747736031,0.509750676914798,0.512505325015594,0.501570505737751
1993,0.536878775690796,0.479402485793658,0.470312733176964,0.465852170819846,0.50353167011853,0.510259639110442,0.512994393828328,0.502269892368862
1994,0.537462400740819,0.479796039557452,0.470669848129105,0.466219054291651,0.504074873318181,0.51064983687551,0.513502713371289,0.50312707434252
1995,0.538071724146614,0.480293673681856,0.471073511899804,0.466602036332674,0.504630676204023,0.511087928493783,0.514012007256182,0.503903329023881
1996,0.538639088178281,0.480742457529531,0.471517689830961,0.467040610368113,0.505172669192681,0.511549134424569,0.514528451025663,0.504628821116089
1997,0.539241985396742,0.481209167750089,0.471919817463862,0.467557425609558,0.505683675779125,0.512019189945333,0.515015199481894,0.505297961621349
1998,0.53981911575653,0.481653929465148,0.472375270166981,0.468021446821357,0.506250704743061,0.51247561291757,0.515538654954549,0.506063008707674
1999,0.540323035002827,0.482088867562109,0.472956155733757,0.468474430935267,0.506879260611423,0.512962011961467,0.516118995544847,0.506841764502894
2000,0.540879433577177,0.4825103278471,0.473427916240131,0.468921607817087,0.507419708985276,0.513430295504355,0.516644938448852,0.507570992199221
2001,0.54151373348226,0.482912692874545,0.473835511872563,0.469384328569945,0.507944354362962,0.513873883598497,0.51713864446727,0.508368347151737
2002,0.542070730986602,0.483345051016367,0.474258556144977,0.469814792641831,0.508463737993455,0.514322626490108,0.517651959314764,0.50910240524587
2003,0.542538193727722,0.483784464977985,0.474641540120349,0.470172409888415,0.508896909054027,0.514775416334068,0.518178127265742,0.509698643941883
2004,0.54308825504231,0.484204207147843,0.475073736102559,0.470605101807616,0.509392519387896,0.515220123453073,0.518677535877583,0.510386036568397
2005,0.543723011197518,0.484631650154321,0.475550039345603,0.471110950514601,0.50996704302328,0.515683686278187,0.519198331052935,0.511198175606182
2006,0.544264970770763,0.485064599429669,0.475998262509683,0.471553708183681,0.510487205011294,0.516118913993564,0.519674658298703,0.511884990320684
2007,0.544856965386534,0.485513224257506,0.476538462871187,0.472037764495241,0.511023017140214,0.516602932240977,0.520121189088962,0.512476683619507
2008,0.545284646121487,0.485903863072891,0.476907173233103,0.472423454607096,0.511461438720424,0.516918630689644,0.520484563576913,0.513120452720052
2009,0.545794371777823,0.486296916295343,0.477300861755368,0.472841139015032,0.511964033413673,0.517327143328159,0.520951024256862,0.513786920585508
2010,0.546246557643207,0.486680429429883,0.477628849614452,0.473206208692046,0.512486055112724,0.517729467269166,0.521474355890066,0.514449767064605
2011,0.54672543583623,0.487085226231378,0.478013073618481,0.473593980717968,0.512929629869763,0.518117001211504,0.521890741287674,0.515037639259758
2012,0.547252205779198,0.487451708941634,0.478396216412045,0.474000976859252,0.513330590297622,0.518510691061198,0.522290546696033,0.515635091757696
2013,0.547755370630779,0.48788703846452,0.478786090529673,0.474411467205132,0.51380417561896,0.518922138787463,0.522713668081772,0.516237344347058
2014,0.548240836275252,0.488472681522053,0.479209682196194,0.47483071299245,0.514263317136981,0.519346064260316,0.523028323894518,0.516745519137367
2015,0.548675728994932,0.488857423871796,0.479586342404018,0.475198052117702,0.514689260419452,0.519699303330104,0.523439045407958,0.51729212960145
2016,0.54910396345887,0.489071067365353,0.47991485176789,0.475543169805143,0.515166588884277,0.520038772399245,0.523978066771049,0.517921572789986
2017,0.549540977528929,0.489446622700866,0.480295133142402,0.475911744356445,0.515627513536153,0.520390071149921,0.524446462470368,0.518496144263307
2018,0.549917147128193,0.489825348375346,0.48074513209505,0.476246752714743,0.516023423193254,0.5206907275832,0.524904249029551,0.51903020738327
2019,0.550292917150037,0.490177091371337,0.481089069442255,0.476575045893883,0.516424033205635,0.520978537564037,0.525343068515442,0.519542385539999
2020,0.550695065782135,0.490648582511603,0.481358834860245,0.476906996240048,0.516904316901164,0.521272688356144,0.525747437129413,0.520010309823923
2021,0.551123349103257,0.491129348051773,0.481700725530642,0.477319518473294,0.517312859307646,0.521606671539385,0.526159738005731,0.520536091703154
2022,0.551425052563423,0.491419754131659,0.48200050176723,0.477607891694953,0.517636243517185,0.521857748434213,0.526584804789398,0.521040665311339
2023,0.551592078805644,0.491422714176055,0.482183160421783,0.477783359816892,0.517788508574768,0.522000713259995,0.527037047689043,0.52150971192051
2024,0.551933104499763,0.491772122610737,0.482496326535754,0.478076902889919,0.518170624764984,0.522266981173158,0.527402225444693,0.521977836162238
2025,0.552316632600229,0.492277026076527,0.482899057901521,0.478401531869797,0.518650795889795,0.522599888566834,0.527728061383925,0.522509278690977
2026,0.552610021582634,0.492589546409596,0.483242648917169,0.478654942904003,0.518988612132852,0.522822073325679,0.528085703010122,0.522938633792577
2027,0.552975382106753,0.492969994604599,0.483652257614081,0.478924941292064,0.519403443024492,0.523051689635829,0.528406444613771,0.523252443448274
2028,0.553284811511595,0.493320612941952,0.483962944817766,0.47920989169681,0.519745592336117,0.52325817943811,0.528710249036095,0.523650211977779
2029,0.553423112172738,0.49346788802769,0.484183735637061,0.479442218590159,0.519871459303393,0.52335546719221,0.529026318792135,0.524068597542579
2030,0.553667580361535,0.493714187380252,0.484444135261533,0.479678421371776,0.520130578326621,0.523508799293431,0.529350602486022,0.524445503793768
2031,0.553993063510787,0.494053928140636,0.484661582328385,0.479968268790473,0.520494043097136,0.5236874126452,0.529612341872727,0.52480544836811
2032,0.554345939051633,0.494450323127171,0.484893427609763,0.480224465041742,0.520841569554195,0.523883950268976,0.529928801207406,0.52522071981086
2033,0.55452055781896,0.494717194666701,0.485139930494162,0.480384837138746,0.521070118831171,0.524076678422496,0.530301979316156,0.525613590747851
2034,0.554670325921338,0.494932686749937,0.485422718466487,0.480584655146526,0.521336102809527,0.524264741521825,0.53067298678938,0.525935757133513
2035,0.554877798748681,0.495199668019013,0.485654050535922,0.480817327887477,0.521571187297698,0.52443065216847,0.530940894825293,0.526256558480134
2036,0.555035809049099,0.495486209998424,0.485809880375445,0.481082924601288,0.521727439906944,0.52459551051382,0.531100510935698,0.526579903919139
2037,0.555210724023495,0.495755993604143,0.486059978233765,0.481298505976719,0.521959120843801,0.524754539536069,0.531356141432728,0.526891497377784
2038,0.555504373019653,0.496036923150569,0.486408145074378,0.481553971302944,0.522275761436484,0.524922159606562,0.531600392197349,0.527137836680411
2039,0.555678937946864,0.496308087247423,0.48662498461791,0.481750008251325,0.522479795008559,0.525028620023538,0.531848250569564,0.527450905722778
2040,0.555708299365625,0.496593645186952,0.486790966952619,0.481859929089498,0.522600761167019,0.525089217983648,0.532178441731066,0.527881999759613
2041,0.555812720813423,0.496805066770428,0.486999125166761,0.482023231227759,0.522811900384911,0.525170710507589,0.532437441385715,0.528146658869394
2042,0.555956429087003,0.496939518014201,0.487140224169034,0.482195124457816,0.523040694526141,0.525163710868052,0.532580724567456,0.52826483803593
2043,0.556061003983452,0.497155228837814,0.487298569398987,0.48235001476109,0.523220009818682,0.525255468611505,0.532820918241329,0.528514992202143
2044,0.556091865421963,0.49737923745485,0.487471278411718,0.482453000462196,0.523376160981594,0.525409412878114,0.533108924436326,0.528753034607011
2045,0.55625967244647,0.497568448434997,0.487748128052901,0.482694808525137,0.52365622949831,0.525618120003572,0.533398280311698,0.529006756224156
2046,0.55651075998567,0.497882489076126,0.487928342205476,0.482897392784569,0.523913832154018,0.525794162228096,0.533637288798988,0.529279223788687
2047,0.556541365270009,0.498133925683854,0.488037160768475,0.482977091112683,0.523967350567554,0.525812288440529,0.533862333103652,0.529544127677149
2048,0.556618797018217,0.498234923650708,0.488232350005716,0.483114264768201,0.524080959340883,0.525748429170147,0.534017801646944,0.529680144146148
2049,0.556894388490335,0.498432572497534,0.488414118169362,0.483287019295553,0.52430039545252,0.525797706064263,0.534179517832076,0.529753325319213
2050,0.557003382058062,0.498614933163587,0.488589035673495,0.48343477879778,0.524468263391475,0.525899673844658,0.534425224310897,0.529946905851392
2051,0.556982531916391,0.498746816188853,0.488767861663709,0.483599575073122,0.524584582641526,0.526086776765367,0.534837411052483,0.530293148621313
2052,0.557069436823571,0.498940139035323,0.488929281236858,0.483729159690058,0.5247361330453,0.526215375084978,0.535017177713538,0.530454795993573
2053,0.557135081951783,0.499234331441711,0.489066584123767,0.483829680067209,0.524921483325591,0.526404913707297,0.53505968507579,0.530490840838874
2054,0.557276857785289,0.499434222981143,0.489232146825598,0.483929744096571,0.525095302528319,0.526523049993965,0.535253619391119,0.530671560584952
2055,0.557588618554289,0.499564878755179,0.489403357618674,0.4839907984208,0.525244948986651,0.526541764797498,0.53537119749403,0.530845131496937
2056,0.557740699108766,0.499773963560483,0.489559993593025,0.484101322128607,0.525412684293089,0.526640564215514,0.535576223282051,0.531022473478248
2057,0.557794552503486,0.500006601907807,0.489734902929237,0.484261134525042,0.525644247547388,0.526765661601156,0.536025320007194,0.531391296482325
2058,0.557906779224301,0.500195718350853,0.489886549421496,0.484368016596933,0.525798269719198,0.526893855293979,0.536292265683774,0.531617682195572
2059,0.557938780125718,0.500382362489952,0.489973782273481,0.484450826466957,0.525850953710024,0.527065673118774,0.536435925432351,0.531762064736468
2060,0.558054835215533,0.500653474787956,0.49014175912883,0.484549688802929,0.526010154867258,0.527234625083329,0.53659138598925,0.53173895212806
2061,0.558168456257316,0.500809669546013,0.490330210863857,0.484652327722973,0.526151409774825,0.527307400851182,0.536788745243324,0.531896830898653
2062,0.558351631625668,0.500939096647831,0.490492777880674,0.48479615951878,0.526306271118207,0.527362263978106,0.537029884781527,0.532153720827129
2063,0.558514962428748,0.501124259745296,0.490648646618981,0.484947975631154,0.526494204878001,0.527449648155307,0.53726065148481,0.532350207532168
2064,0.558663864221361,0.501394169818856,0.490844841707701,0.485204513814893,0.526768478052039,0.527485550601377,0.537567922246438,0.532642745857007
2065,0.55876339119506,0.501515006600476,0.490956022162786,0.485321951256235,0.526933826365973,0.527595774335555,0.537787297006334,0.532825080936287
2066,0.55884085074658,0.501520118624243,0.490963920593759,0.485322178252614,0.527053430830091,0.527798348812231,0.537937880709959,0.532880306590534
2067,0.559003285452624,0.501682139743172,0.491068718960124,0.485437383110121,0.527216880088823,0.527928283443132,0.538138970932158,0.533032384480536
2068,0.559167192692567,0.50184928566103,0.491176594068156,0.485591958444966,0.52736482849818,0.528022620759866,0.53833977839429,0.533216738991538
2069,0.55928332721539,0.501995818734775,0.491300168571878,0.485674604310704,0.527494924819593,0.528137149673234,0.53855529593713,0.53337695243568
2070,0.559482664973624,0.502309015377258,0.491534130553946,0.485792990950671,0.527640474506184,0.528272382910921,0.538831321064648,0.533569696674597
2071,0.559630964417078,0.502483620487165,0.491671854634344,0.485890096332753,0.527779463643086,0.528371406266173,0.539022693085327,0.533747616631521
2072,0.559661302945809,0.502539550796799,0.491769261250706,0.485915889961586,0.527866753206083,0.528467876262637,0.539169620787806,0.533901451882306
2073,0.559732612615619,0.502550616980041,0.491801474032803,0.485903164658771,0.527987193666328,0.528542427834589,0.539324756698259,0.534060936025376
2074,0.559960859455712,0.502683211158284,0.491894016082259,0.486020702390604,0.528207527357786,0.528601308126719,0.539447824460847,0.534195723717355
2075,0.560108496003453,0.50276098869149,0.492025985640011,0.486162336807476,0.528392055438409,0.528656376136135,0.539548583343209,0.534274534034162
2076,0.560043189597865,0.502760478944848,0.492141392460098,0.486194857770094,0.528414680249743,0.528701775585816,0.539730464456116,0.534393498818632
2077,0.56005853663338,0.502886292443491,0.492233925446362,0.486306966988569,0.528471216320137,0.528828219811391,0.539909013600564,0.534505609543946
2078,0.560160269711579,0.503020995528512,0.492376530930529,0.486443592498739,0.528593260162244,0.528969596011017,0.540052467295571,0.534605558567923
2079,0.560223120251837,0.503159086613674,0.492494346525192,0.486592547348539,0.52867784295769,0.529140823336642,0.540190432496786,0.534756465834697
2080,0.56032591466248,0.503300649424823,0.49264286168291,0.486700543912026,0.528779013997799,0.529272117259738,0.54033370891244,0.534838707654538
2081,0.560676402735452,0.503536239814971,0.492958705133297,0.486880362418647,0.529025870477988,0.529488479447409,0.540414226606237,0.534830835355424
2082,0.560793252589674,0.503680521459446,0.493075324400159,0.48699266814679,0.529166830327374,0.529593088519969,0.540565787191235,0.534899227911047
2083,0.560668814274846,0.503756892416286,0.4929871007004,0.486985488291386,0.529167035828844,0.529573236421026,0.540809660933992,0.535015612853112
2084,0.560735455141795,0.50385735999927,0.493059529041315,0.487077331856284,0.529268176759006,0.529624201960707,0.540956355198652,0.535076522944164
2085,0.560842416121143,0.503971450089702,0.493152553352366,0.487241326087574,0.529459110879029,0.529682208111843,0.54111256723283,0.535117070480019
2086,0.56091907169476,0.50404988457451,0.493213235218855,0.487332416480437,0.529560157020638,0.529714748234143,0.541218831903602,0.535179942749088
2087,0.561020971384031,0.504066998024346,0.493295281774694,0.487359827622749,0.529581115544191,0.529689602485586,0.541254364797546,0.535231368839513
2088,0.561232615886853,0.504129563468729,0.49348760125458,0.487516544377033,0.529714918693934,0.529794735246325,0.541238782889452,0.535270715675704
2089,0.561338711506342,0.504302537356625,0.493608554624671,0.487646793721792,0.529892847899489,0.529995366571436,0.541286100609549,0.535314894593149
2090,0.561366263091588,0.504406554774046,0.493596175248596,0.48765620459575,0.529948698043363,0.52997842603113,0.541400287457891,0.53538497716561
2091,0.561414943437586,0.5045451538575,0.49375433526426,0.487783706724354,0.530045800926937,0.52999953590501,0.541590833870764,0.535485966016222
2092,0.561521474153386,0.504731052454629,0.494018014017292,0.487976161462709,0.530239175364359,0.530239105207725,0.54170083082196,0.535544282318584
2093,0.561612516787219,0.504845841000459,0.494137505815383,0.488092192345785,0.53032488539312,0.530314204685424,0.541795960675981,0.535650305172822
2094,0.561695163262701,0.504862069389534,0.494165538050291,0.488171871831844,0.530293546340566,0.530245979621174,0.541851306001149,0.535817169171872
2095,0.561788131039424,0.504943606020126,0.494296041666053,0.488299504785862,0.530343735879939,0.530311955764933,0.541973355115647,0.535956131312405
2096,0.56187673090566,0.505032548801524,0.494405387536982,0.488412815832222,0.530376248845074,0.530414514857343,0.542106521534082,0.536134460415231
2097,0.561999373921523,0.505154623010081,0.494534331600591,0.488523234677299,0.530490100657009,0.530501993031885,0.542192812996027,0.536231006615686
2098,0.562185748844852,0.505287259781772,0.49480202070608,0.48869486652602,0.530700331963601,0.530664341589452,0.542302245547896,0.536262138222843
2099,0.562325207934037,0.505429940241919,0.494959389726963,0.488825726322874,0.530847641665739,0.530805951321433,0.542394570651865,0.536329798917886
2100,0.562441332752016,0.505644240076324,0.494966738870029,0.488862548539575,0.530999270504091,0.530881275901914,0.542388230163358,0.53631457857263
2101,0.562577197627198,0.505791978035495,0.495087001288789,0.488988411011863,0.531145731921881,0.530997722485311,0.542485131840936,0.536400575555461
2102,0.562712534412733,0.505866151166612,0.495237666671088,0.48918173739336,0.531226225060502,0.531135586871201,0.542710981249198,0.536571539693928
2103,0.562778081423762,0.506029326559238,0.495407232522573,0.489323383140382,0.531393985543895,0.531320049559085,0.542821917723957,0.536769247964369
2104,0.562957913917001,0.506199076880982,0.495593936741322,0.489454628769474,0.531574300644826,0.531395329351785,0.542818979148128,0.536880318884987
2105,0.563216907124306,0.506288063335084,0.495759784191888,0.489649032335179,0.531692222816689,0.531571116819142,0.542994568026919,0.536973574326274
2106,0.563455710769872,0.50640711015733,0.495916535465184,0.489764593354839,0.531806180942736,0.531733039713286,0.543260066240859,0.537152951070423
2107,0.563695382290809,0.506590277605631,0.496071722308784,0.489853786898216,0.531936692077523,0.531791806391423,0.543310730436096,0.537303831518374
2108,0.563893173376481,0.506754292267504,0.496223207842928,0.490026889420336,0.532106727761328,0.531945224570721,0.54347901060875,0.537546877782145
2109,0.564016034803675,0.506898482042223,0.496381453965456,0.490262345110228,0.532331651260452,0.532184956515586,0.543793585499693,0.537976988338222
2110,0.5642511844709,0.507083487932768,0.496586738535765,0.490460416309426,0.532537071450086,0.532345115586043,0.54397224966571,0.538233234329773
2111,0.564541373484747,0.507305339473357,0.496781130580572,0.490703595526789,0.532756832070753,0.532453407746214,0.544048835870285,0.538427467381687
2112,0.564779973885608,0.507506846718273,0.49700125988578,0.4909238622777,0.532974339359344,0.532664637858181,0.544230932002654,0.53866194399718
2113,0.565031854639706,0.507701734454076,0.497318347840279,0.491108494135147,0.53316102407091,0.532897448100571,0.544398326919407,0.538808058577938
2114,0.565320019798845,0.507942156888164,0.497574104054742,0.491320317053957,0.533400381741394,0.533134078329374,0.544562424763467,0.539030192839131
2115,0.565558790946892,0.508184764782421,0.497736041048055,0.491517560585365,0.53370482851431,0.533497047239662,0.544782263465588,0.539313928594204
2116,0.565848717294258,0.508452039282404,0.497991268096105,0.491753205140086,0.533949774103013,0.533733302385449,0.545017189761234,0.53962507950945
2117,0.566237173796492,0.50879189991789,0.49833047389061,0.492004149575509,0.534162901930296,0.53386062530766,0.545267063354973,0.540011419688107
2118,0.566614550701782,0.509101724932201,0.498616540192445,0.492302453059154,0.534447216915896,0.534034276189847,0.545509671115598,0.54034199943332
2119,0.566857592142484,0.509284688238203,0.498781585087641,0.492612434649172,0.534671202931621,0.534275667082679,0.545775304739401,0.54060690562698
2120,0.567128610159109,0.509530886879361,0.499053821953452,0.492867023696698,0.534882832389294,0.534516991152543,0.545880465172803,0.540840915702329
2121,0.567403792442823,0.509756604347029,0.499228150425491,0.493024523735659,0.535178909014385,0.534814379760625,0.545988699677959,0.541061174571375
2122,0.567646442469767,0.50994017646744,0.49937358709652,0.493229990040633,0.535493398280875,0.535078610923799,0.546242131157604,0.54136117529953
2123,0.567930308150627,0.510139091617502,0.499667062919361,0.493469009386419,0.535740085981255,0.535253692971925,0.546439990936053,0.541735292898486
2124,0.56820792613462,0.510301259222458,0.499926186825009,0.493631067839301,0.535944769714036,0.535419715364378,0.546607538640498,0.541999689298718
2125,0.568475324666331,0.510528947043252,0.50016031137145,0.493832608565331,0.536175526233883,0.535628742467896,0.546802146609159,0.542234615531269
2126,0.568720808544258,0.510796697423964,0.500385868005803,0.494096527796595,0.536383658830473,0.535899618291434,0.546987897339464,0.542361381022578
2127,0.568974144258171,0.510964837099907,0.500593533456262,0.494278532289489,0.536573713206885,0.536083029128153,0.547142227360911,0.54257410610414
2128,0.569246237973385,0.511130781764106,0.500784160991743,0.494402656647662,0.536801087349427,0.536229337952626,0.547310257247605,0.542781212690742
2129,0.569469896824913,0.511301221638481,0.500943789515054,0.494582173400127,0.536962066534178,0.536395984367524,0.547444402649636,0.543005304489015
2130,0.569702733756835,0.511391459500419,0.501063222909743,0.494754321929212,0.537023858580614,0.536521760927658,0.547547352147737,0.543298946013844
2131,0.569868895981369,0.511484612419901,0.501207265475833,0.494892988754554,0.537144840838036,0.536636100176733,0.547615305835254,0.543504950798277
2132,0.569960389094934,0.511662184106524,0.50137935173058,0.495080673745117,0.537316043527835,0.536822029060773,0.547657209490214,0.543686990805039
2133,0.570080385051815,0.511764341432981,0.501491917068437,0.495214947865458,0.537413951998928,0.536934447249289,0.547725598007498,0.543867427526752
2134,0.5702219160098,0.511798571376407,0.501643056376106,0.495294808662778,0.537501629371564,0.536999213313129,0.547844405239902,0.544054660555218
2135,0.570213385683925,0.511735740725157,0.501621631508365,0.495355494434296,0.537548735102845,0.536954434845416,0.547750989709198,0.544111869705674
2136,0.570319592029491,0.51184623842793,0.501656591397255,0.49550432110649,0.537601961632638,0.537081661122551,0.547734833204093,0.544173304993811
2137,0.570413331190335,0.511911421288178,0.50168907943074,0.4954266575402,0.537555077577003,0.537096861489825,0.547790438364481,0.544247718074241
2138,0.57036153726524,0.511872455554945,0.501706759661119,0.495341688577853,0.537492336832953,0.536986598391697,0.547724104526193,0.544270510863114
2139,0.570337251623577,0.511818860119765,0.50179924158845,0.495459599470177,0.53748456542854,0.537017752139484,0.54763454438202,0.544257694414536
2140,0.570284637703384,0.51168828209211,0.501747760514541,0.495421732198081,0.537399195988207,0.536929401980928,0.547522373486598,0.5442352364986
2141,0.570232709461049,0.511585530671173,0.501620482211796,0.495313597774773,0.53739527304504,0.536717330838776,0.547420273591431,0.544172370477341
2142,0.570158846370687,0.511478937966167,0.501504707160435,0.495179498107167,0.537327928721428,0.536573686664879,0.547305191284235,0.544111927905138
2143,0.570164859561738,0.511487326002707,0.50137178104393,0.49496901963045,0.537320237240429,0.536532066845675,0.547231086756093,0.544037916751124
2144,0.569984821100972,0.511294450719627,0.501149685897473,0.494732979684972,0.537124774567331,0.536296144232514,0.547034649651011,0.543923906675755
2145,0.56963417449306,0.510908973068248,0.500822677156569,0.494424539105818,0.536742195016027,0.535891494951191,0.546707489014521,0.543790728897893
2146,0.569396217881167,0.510682750504165,0.500607631154077,0.494204488666333,0.53651131420039,0.535650686477196,0.546479446927849,0.543636267117076
2147,0.569130142372317,0.510481566421705,0.500431034129905,0.494045974531054,0.536289954084034,0.535415425661663,0.546300680114575,0.543453463382953
2148,0.568884468999539,0.510224461998897,0.500176417415117,0.493775856881733,0.536053852358239,0.535129977601356,0.546000173679738,0.543224332978565
2149,0.568733848604674,0.510060292473128,0.499973741537562,0.493472812000287,0.535942580396589,0.534976337945205,0.545691895674124,0.542950070112109
2150,0.568471517860787,0.509799524620617,0.499700122403191,0.493196155024897,0.535662529736556,0.534686588995471,0.545390931911073,0.542695572513807
2151,0.568118050388479,0.509406608973877,0.499281184467856,0.492886989646512,0.53520751702776,0.534218107282806,0.545006868249408,0.542411620939377
2152,0.567784051678085,0.50899640461356,0.498877687746519,0.49250221428708,0.534814588417199,0.533797588570269,0.544528722952035,0.542123173680842
2153,0.567465428915625,0.508750991814768,0.498664416968414,0.492192703831342,0.534528513741408,0.533561804984676,0.544258176454477,0.541785695411117
2154,0.567093868306909,0.508473055301413,0.498400244061291,0.491864760941034,0.534182880323023,0.53315661074664,0.54400198515287,0.541442652769904
2155,0.566675968735049,0.508063141172371,0.498015493376957,0.491391053185005,0.533776140405655,0.532653661162128,0.543501293863678,0.541082463667659
2156,0.566199761448631,0.507675617772783,0.497658371924318,0.490985637092342,0.53334794804691,0.532203669102186,0.542946381253871,0.54057353708556
2157,0.565704495181159,0.507255877032424,0.497295698200266,0.490654887001367,0.532812597570504,0.531721120899649,0.542492788258519,0.540062921347884
2158,0.565279728584068,0.506795131756109,0.496896646208452,0.490224064502522,0.532261418754491,0.531320126648662,0.541946004825877,0.539617698467877
2159,0.564789038414657,0.506362078543245,0.496440607755796,0.489767799933422,0.531760612116688,0.530842992541578,0.541416676995091,0.539113712365691
2160,0.564294736826578,0.50603306144768,0.49599444122188,0.489252985066549,0.531341936724175,0.530458543329281,0.541014947326536,0.538552264851886
2161,0.563800411353252,0.505562767798131,0.495543912894123,0.488822742602991,0.53085502070335,0.529951627430067,0.540497606440967,0.53799966304487
2162,0.563261375455896,0.504944911849669,0.494945492737217,0.488366566994885,0.530364368058788,0.529213531407067,0.539857650839453,0.537487779331564
2163,0.562735876266269,0.504453133996098,0.494486459086108,0.487941240602974,0.529804030944931,0.52870565054392,0.539224935677323,0.536867457979119
2164,0.562273703949129,0.504006841257967,0.494223448020142,0.487665898234254,0.529196227119336,0.528408378390716,0.538528863433147,0.536138095118946
2165,0.561742651381476,0.503503011598592,0.493771697260357,0.487233801828613,0.528595047710759,0.527894301591393,0.537921243257879,0.535479664515315
2166,0.561123204385794,0.503031894789973,0.493209876764787,0.486670338908539,0.527930004247537,0.527321603716863,0.537323282814204,0.534827298407201
2167,0.56054499413787,0.502535032416142,0.492731288082003,0.486178880461341,0.527317696979043,0.526789921377968,0.536744289414468,0.534106023736461
2168,0.5599630078515,0.501959714866254,0.492223535727301,0.485606901406206,0.526740319406405,0.526136617183032,0.536295005077269,0.533370572909918
2169,0.559400543540725,0.501414670723897,0.491703409643351,0.48513045681795,0.526131457115181,0.52553955146115,0.535729571690039,0.532637690355085
2170,0.558863877794666,0.500899985510885,0.491215676433608,0.484705234816465,0.525544901618953,0.524984698272826,0.535116371660231,0.531876799116508
2171,0.558305723990804,0.500380983351523,0.490728375786438,0.484377433927296,0.524869208004735,0.524509598717102,0.534422309878559,0.531069105761577
2172,0.55781641370587,0.499806991351214,0.490243109098667,0.48405475497682,0.524231400450615,0.524070149018423,0.533702069239171,0.530230033179811
2173,0.557336013251467,0.499233607623139,0.489778860940102,0.483632533079591,0.52367137556199,0.523593232584311,0.533072133690307,0.529390192072828
2174,0.556707421084619,0.498722086443063,0.48928382632031,0.483010519940526,0.52298235787801,0.523115251419064,0.532336855036568,0.528406198824656
2175,0.556091236190824,0.498179955829385,0.488801554831166,0.482434330015493,0.522263149804358,0.522531600863522,0.531603742947529,0.527460514076408
2176,0.55549876378293,0.497585972142704,0.488240586547481,0.481945115183573,0.521531137485852,0.521831204936878,0.530933378130859,0.526610630612226
2177,0.554730497416605,0.496908946708399,0.487582921802264,0.481380786874669,0.520653670624447,0.521160418145078,0.530136395177872,0.525722838781694
2178,0.553986798466934,0.496204504202149,0.48694792737867,0.480765227196746,0.519800002301747,0.520472810969394,0.529339460937139,0.524710247317164
2179,0.553313276390567,0.495390224421373,0.486333702063416,0.480222509073397,0.518968620424091,0.51983260405391,0.528560004903366,0.52362144841122
2180,0.552520551233098,0.494611187006181,0.485651360159222,0.479519564872649,0.51806920754555,0.519110974131127,0.527718822030795,0.522507655739431
2181,0.551533639662153,0.493838828666531,0.484912350199733,0.47856344201846,0.517063630821589,0.518294049207126,0.526770221020689,0.521272700186728
2182,0.550694718645008,0.493040448556478,0.484171946234325,0.477847717058493,0.516135361444055,0.517522438121153,0.525867444065903,0.520077839587085
2183,0.549900101977877,0.492208282821945,0.483354855741932,0.477219569135345,0.515243692126518,0.516746793160157,0.525018418866765,0.518993207783483
2184,0.549064942270441,0.491345218686919,0.482587591008334,0.476523383462534,0.514274581059156,0.515976989868518,0.524045163608567,0.517692031458101
2185,0.548360814533199,0.490464714003473,0.481876833426568,0.475949697860162,0.513300895584293,0.515281099100056,0.522999930095364,0.516146837881981
2186,0.547473224746534,0.489568985371434,0.481087556052447,0.475209128232034,0.512287896234999,0.514445787139952,0.521997123808856,0.514773250829799
2187,0.546387775858703,0.488617674481236,0.4802905118803,0.474293645353835,0.511193068943272,0.513532995683539,0.520915189289825,0.51339917542658
2188,0.545395958055845,0.487673129475916,0.47946558020939,0.473488864284371,0.510096935198964,0.512613823352376,0.519833647469853,0.511980029841787
2189,0.544377532543741,0.486721214934437,0.478581692329172,0.472726172739721,0.508946482155316,0.511597688819411,0.518764258334405,0.510628573343136
2190,0.543328535023518,0.485807178103178,0.477666243359199,0.47184884364579,0.507898720986384,0.5105749054623,0.517717514809264,0.509286710842151
2191,0.542242399928576,0.484761338157801,0.476755745425334,0.470957227519128,0.506753557347204,0.509681914459148,0.516611892228282,0.507747086422231
2192,0.541276008232682,0.483730310680283,0.475881785355043,0.470099574338803,0.505604563469413,0.50878053340837,0.515505077873173,0.506157331215077
2193,0.540278993921165,0.482749473356973,0.47502068471068,0.469190355739817,0.504524963205719,0.507869951711988,0.514453094660523,0.504701673033669
2194,0.539150548394662,0.481629345312981,0.474044350111076,0.468205463193387,0.503312131002518,0.506991029163429,0.513358454312122,0.503217454059751
2195,0.538122540758555,0.480580835998796,0.473119604188434,0.467424270630948,0.502127031865858,0.506050888347984,0.512156619715369,0.501691571711984
2196,0.537087056350961,0.479620169484818,0.47217245678777,0.466637545064258,0.50100634475033,0.504993342890387,0.511052698499128,0.500211769948447
2197,0.536025697568161,0.478576133766871,0.471165631252061,0.465700196142526,0.499825948352586,0.503962336395425,0.509908843305473,0.498693848449759
2198,0.53488514168892,0.477456605058827,0.470079964737495,0.464657183058951,0.498559568633123,0.502879974514685,0.508695804713945,0.497107298284444
2199,0.533852227219468,0.476459861607916,0.469125358061311,0.463767042927017,0.497482592913835,0.501899097753579,0.507564805205661,0.495587588312789
2200,0.532907093574441,0.47548459147192,0.468165099823319,0.462829472768941,0.496503539405937,0.50093642954216,0.506468724527534,0.494071757401589
2201,0.531863910442469,0.47453058794576,0.467211259044367,0.461891437276032,0.495433198721229,0.499978674595284,0.505404582992044,0.492625177329631
2202,0.530722273281586,0.473677148262673,0.466318962789106,0.461062264087906,0.494406684268596,0.499069155944899,0.504385652294022,0.491246876544874
2203,0.52977686693128,0.47277276363585,0.46547467872875,0.460212506172631,0.493415278757847,0.498165820034369,0.503392491432651,0.489837015223736
2204,0.528842395319759,0.471720278298894,0.464582028791833,0.459143683680855,0.492294504928789,0.497165569227444,0.502367356077977,0.488371766746245
2205,0.527985990333363,0.470929018504824,0.463809498023638,0.458395931492058,0.491374605044512,0.496372708274012,0.501482910044199,0.487086916391048
2206,0.527242670342423,0.470223675547179,0.463069498970422,0.457870865826565,0.490576541372793,0.495682886100167,0.500661881391756,0.48584861181159
2207,0.526633963948856,0.46964390918457,0.462535394606085,0.457372200942717,0.489905186029173,0.495094390995287,0.499946766314554,0.484712694687486
2208,0.52608117844967,0.469304667445133,0.46212423180383,0.456956778833283,0.489387485561904,0.494618351151635,0.499348446756407,0.483727385121799
2209,0.525642364752605,0.468959179370551,0.461817535858932,0.456698535171246,0.488872034467299,0.494269868901453,0.498829130676193,0.482819998046216
2210,0.525423663070891,0.468680302824091,0.461765632360325,0.45662340863951,0.488459405943961,0.494124852722223,0.498409507241752,0.481970688211028
2211,0.525167885492019,0.468386780172944,0.461662396623289,0.456468801353954,0.488088328497925,0.493868206891447,0.498038740817889,0.481183961070292
2212,0.525047486068105,0.468367042657216,0.461609097433263,0.456503819738321,0.487814757417825,0.493760276069512,0.49777963409927,0.480646993553747
2213,0.525086128804382,0.468478744462434,0.461749571297596,0.456817403634594,0.48770638981955,0.49389460967413,0.497621767704804,0.480226121002832
2214,0.525087058575345,0.468508332597648,0.462026864780162,0.45703642713459,0.487732465625272,0.493990215417951,0.497552032132023,0.479717672457537
2215,0.525241272225507,0.468672407422853,0.462401925591516,0.457264129733971,0.487849324626684,0.4941346052189,0.497527737375854,0.479312605966461
2216,0.525421958064431,0.468896148049056,0.462725103153992,0.457625884486058,0.487884717702658,0.494266864360225,0.497520547196442,0.479044653344105
2217,0.525504556918588,0.469027786991574,0.463073763657453,0.458001876347036,0.487853467735084,0.494380398556914,0.497581185996794,0.478787361588147
2218,0.525755646349057,0.469278927381418,0.46340048240189,0.458334559803991,0.488004215456649,0.494650585769795,0.497670908879085,0.478608291408738
2219,0.526206700952616,0.469783144631023,0.463658150066112,0.45869037385254,0.488268868285475,0.495019811169084,0.497798062184534,0.47861835292967
2220,0.526534151727847,0.470027220778561,0.464002121762171,0.459098845377876,0.488472149320696,0.495332888772363,0.497968438901842,0.478576813890894
2221,0.526886757792754,0.470113649139957,0.46444127756285,0.459526625741124,0.488796044917099,0.49581832604159,0.498232183487533,0.478491366924321
2222,0.527166916803509,0.470323851830843,0.464753363235263,0.459846639092794,0.488990098733055,0.496084240254717,0.498402192622683,0.478499991583669
2223,0.527379777928304,0.470504347425567,0.465058873081644,0.460213847464839,0.489029218600719,0.496127405270226,0.498510945626195,0.47862939000981
2224,0.527620590345769,0.47070930758369,0.465335389258354,0.460517480549847,0.489226001976837,0.496361274368241,0.498725106371303,0.478712642775223
2225,0.527814377165691,0.470970408014232,0.465454585490621,0.460633179081513,0.489492299416781,0.496626852329392,0.498972249094098,0.478791872176601
2226,0.528077488258524,0.471238380980771,0.465745080966955,0.460881819180866,0.489730308890784,0.496851389269982,0.499199336462657,0.478913232753302
2227,0.528411412374388,0.4714767820819,0.466186970374841,0.461252868000407,0.490050193074188,0.497165618243234,0.499502932715099,0.479011112217849
2228,0.528684391200164,0.471746221515128,0.466459589362977,0.461501640245179,0.490267571216444,0.497415450004661,0.49978280770456,0.479219835871651
2229,0.528949577846247,0.472102016737437,0.466703463013622,0.461673536472617,0.490337927139512,0.497549749451667,0.499989891626578,0.479520980879972
2230,0.529212700888135,0.472428591729127,0.466987044016336,0.461917128726609,0.490577521742662,0.497779034522597,0.50026240591138,0.47980950643607
2231,0.529425404969186,0.472755984710431,0.467195137372536,0.462109560320886,0.490905884615252,0.498045495823573,0.500626677419205,0.480280239668573
2232,0.529695139609919,0.47304441427377,0.467404288857584,0.462375747039031,0.491186195591409,0.498301462262525,0.500916396870112,0.480566006150543
2233,0.529992526335933,0.473262204386696,0.467656598710507,0.462828520140618,0.491552347775545,0.498632517488801,0.501099398276414,0.480561628423497
2234,0.530297641494994,0.473551207348981,0.46790197575167,0.463108112635385,0.491857414619858,0.498901629494205,0.501422351601423,0.480851742008319
2235,0.530672242955044,0.473817148823533,0.468047793246958,0.463292665817234,0.492077725200211,0.49912344356195,0.50181862458788,0.481288486946064
2236,0.530973922407605,0.474185117812554,0.468302690020814,0.463504362232159,0.492312605671251,0.499367277959684,0.502227421092454,0.481653924310884
2237,0.531234493780017,0.474610627395266,0.468633101116378,0.463683740805123,0.492623091343716,0.499663984759151,0.502682151232941,0.481989004225721
2238,0.531484120783204,0.474888627697102,0.468932042732928,0.463809697229131,0.492891679888343,0.499771719884499,0.502968698821247,0.482465046440043
2239,0.531658155554028,0.475031391068579,0.469208396458518,0.464015826107798,0.493087829116947,0.499925203055669,0.503012031104914,0.482711910234075
2240,0.531895021794885,0.475264735232866,0.469358978732853,0.464284048722114,0.493370507773571,0.500214338255841,0.503231433099722,0.482886614787993
2241,0.532224802652291,0.475516858961113,0.469433334909813,0.46440092201809,0.493626734841182,0.50031530580188,0.503578403821756,0.483242885609642
2242,0.532573001519225,0.475794068101339,0.469718627566051,0.464497537102186,0.493884820735574,0.50046230898792,0.503819190288239,0.483549253520559
2243,0.532796444751555,0.47602644492931,0.469936325802193,0.464650895477145,0.494073310585363,0.500673369085663,0.504044212635048,0.483883918535082
2244,0.532951662866207,0.476245986783493,0.470128491735959,0.464771101357033,0.494191079903609,0.500906211244902,0.504280390383897,0.484193203968497
2245,0.533179383040362,0.476510302289647,0.470388381551403,0.464917420355133,0.494406470536863,0.5010967227904,0.504516307879689,0.484523418658734
2246,0.533358381065431,0.476793407569862,0.470750893220899,0.465132461182179,0.494642584147256,0.501406284242262,0.504670067112457,0.484907129531312
2247,0.533539477021548,0.47702015052149,0.470984382564998,0.465355268247572,0.494820431654798,0.501552168299233,0.504948696630686,0.485257235879114
2248,0.533818867634717,0.477279170628854,0.47118032413889,0.465577764019091,0.495041836611852,0.5014616912306,0.505354832330553,0.485537841482491
2249,0.534031056825069,0.477537145071771,0.471442041778551,0.46582178214979,0.495311519637185,0.501671987133838,0.505659367341823,0.485900487020554
2250,0.534090311136108,0.477646361707687,0.471629143055921,0.466143081491347,0.495502150990309,0.50205694426647,0.505905114837211,0.486300256244033
2251,0.534270675224892,0.477905605456489,0.471881833227026,0.466349523719216,0.495713431010649,0.502237094960087,0.506222530842192,0.486723549360563
2252,0.534514729960551,0.478321299678729,0.472222486938545,0.466405040792395,0.496001270781714,0.502390658796259,0.506553081116535,0.487171084831238
2253,0.534772595400834,0.478666949103941,0.472579198237676,0.466668441407943,0.496312538958935,0.502668993724803,0.506907342785374,0.487676441273701
2254,0.535100681437674,0.479034644235276,0.472954899145284,0.467054717334756,0.496614790751545,0.502836974491387,0.507304506391662,0.488167358978649
2255,0.53540009273586,0.479394041994489,0.473317044964286,0.467337332747552,0.496925355526372,0.503114421151822,0.507702915076493,0.488792580482368
2256,0.535682092702151,0.479743529865891,0.47373814082224,0.467691429470831,0.497330189281421,0.503684606933799,0.508101552815514,0.489618829455298
2257,0.536010263868576,0.480082294699335,0.474133553554945,0.468001530810755,0.497684639629233,0.50409540024746,0.508535770516096,0.490305347236632
2258,0.53633783634373,0.480436292486347,0.474445933392114,0.468183149727832,0.49792594811501,0.504354449649637,0.509050814164246,0.491012812171244
2259,0.536670473507496,0.480737919110938,0.474833418695488,0.468434995504395,0.498238716394441,0.504681494837005,0.509501468359577,0.4917251007614
2260,0.536956954095371,0.480946383594837,0.475238302543215,0.468752847997592,0.498559744076098,0.504976594840797,0.509950543649276,0.492386566402145
2261,0.537499887521121,0.481248818224652,0.475724348172139,0.469061635743171,0.499034003167093,0.505422026788043,0.51032569911103,0.492970134298677
2262,0.537890825302408,0.481610855313206,0.476212732182486,0.469403621899453,0.49942135687822,0.505829395517269,0.510736168266329,0.493811351182639
2263,0.538139844926365,0.481986651605241,0.476707699239774,0.46965554904908,0.49963563803297,0.506195217254486,0.511243875640474,0.494619213759556
2264,0.538584180274635,0.482419029455134,0.477228907778279,0.469947997705918,0.499980415171395,0.506615323305785,0.511698828830997,0.495190103329532
2265,0.538980383319322,0.482807020907331,0.477677140569839,0.470373827498465,0.500340198773579,0.506917886664226,0.512114769905366,0.495867598696066
2266,0.539358032128395,0.483095590901568,0.477996328316977,0.47073527320901,0.500609994213789,0.507207344462138,0.51249458740095,0.496515228312327
2267,0.539820001768302,0.483358231849484,0.478254983675816,0.47093074236404,0.500953245833665,0.507504987761606,0.512881860571371,0.496999235112519
2268,0.540064386231092,0.483522292578894,0.478512070323327,0.471153112486804,0.501156599359868,0.507781190984222,0.513189136990237,0.497549099735047
2269,0.540092516942703,0.483580084749251,0.478645351792289,0.471310919041407,0.501176054473822,0.508058516006718,0.513480421020598,0.498262034387649
2270,0.540297523743094,0.48371379440912,0.478886911771803,0.47151361055489,0.501348479589125,0.50826750856321,0.513698764613194,0.498661507641556
2271,0.540545418075461,0.483835222716949,0.479258633191316,0.471756589042038,0.501635967197602,0.508476743204724,0.51381641734074,0.498894225906124
2272,0.54062285653377,0.483877829756657,0.479407730375185,0.471876536227541,0.501676709297849,0.508538809046708,0.513923430724026,0.49903952062668
2273,0.540660922890278,0.483884081827778,0.479398110981829,0.471887452118677,0.501586691629796,0.508394015550104,0.514055645048596,0.498958108254031
2274,0.540745381169056,0.483983346926484,0.479520797672416,0.472013755958857,0.501634216801745,0.508464390703508,0.51407908499553,0.499043922530201
2275,0.540721422025584,0.484091237268305,0.479615743429873,0.472189566099857,0.501589512417288,0.508618446407846,0.51397244653401,0.499215895555933
2276,0.540692842233546,0.484057459542729,0.479679105097594,0.472203137299134,0.501551154815412,0.508613427217014,0.513905785387088,0.4991096979414
2277,0.540835035392068,0.484063274676107,0.479881215789399,0.472197835190217,0.501738290925139,0.508708705038354,0.513816485807223,0.498948482620109
2278,0.540730072254888,0.484026641994875,0.479907250694545,0.472213368529947,0.501662782497152,0.508612756938634,0.513633663189357,0.498669665618222
2279,0.540293406902573,0.483798856180847,0.479706547982747,0.472069941961479,0.501269549942049,0.508182102706754,0.513361018768009,0.498049799002575
2280,0.540095423871316,0.483623451921465,0.479625408549245,0.471988936527396,0.501100960216781,0.507998544116967,0.513215571958129,0.497635898757491
2281,0.540038333089823,0.483646257422163,0.47957416635805,0.472105207312345,0.501092772933689,0.507966722386102,0.513195392247959,0.497444755467414
2282,0.539797411591447,0.483403792384944,0.479505355288277,0.472030235261551,0.500807996612788,0.507753813939327,0.512904557883719,0.496921203621892
2283,0.539534280731701,0.482801678703619,0.47949576189973,0.471745626351371,0.500411875192395,0.507522835147892,0.512550829923691,0.496178186102544
2284,0.539237076694926,0.482465122470846,0.479360558163896,0.471535669116588,0.500055772643351,0.507237302838587,0.512136356663233,0.495504047065749
2285,0.538748246658619,0.482241280273611,0.479132809881425,0.471306576942263,0.499493826969653,0.5067236557165,0.511282127619225,0.494619088820067
2286,0.538353419748323,0.481880648615731,0.478901926394133,0.47106667624098,0.499046239895208,0.506409744858902,0.510794107175913,0.493858567909641
2287,0.538135806426957,0.481576345717971,0.478576627734186,0.470828499573837,0.498838314396378,0.506317297579349,0.51075304645407,0.493346940304795
2288,0.537726378038365,0.481270444448123,0.478306461502762,0.470627807463819,0.498399758794995,0.50600585349011,0.510333844956064,0.492585164795348
2289,0.537049444000463,0.480762160108687,0.478038780568862,0.470470628264774,0.497699915740018,0.505602553878302,0.509756015431425,0.491484488814555
2290,0.536601279241193,0.480348622342201,0.477803187999304,0.470219708410344,0.497181419277345,0.505244436005682,0.50927543505978,0.490713640335835
2291,0.536255379117999,0.480151360363186,0.47762234138067,0.469898267679016,0.49670582629413,0.504756006023499,0.508599850921596,0.490165953437995
2292,0.535806133893999,0.479804828939294,0.477377295738521,0.469629992826824,0.496163221432505,0.504325768735833,0.507984986152259,0.489372310974706
2293,0.535433918288366,0.479393443312184,0.477099257125351,0.469324340711804,0.495735249670276,0.504059016767981,0.507523618909795,0.488611186595903
2294,0.535114622130305,0.478895175727873,0.476881586695794,0.469061484585555,0.495211497239349,0.503649400211174,0.507051166928994,0.487875512382404
2295,0.534552636438451,0.478548991339021,0.476600161237189,0.46879630260303,0.494524362617957,0.503168119235369,0.506510671272879,0.486955052355193
2296,0.533992524424762,0.478146432255567,0.476274761395682,0.468439208522971,0.493946784485164,0.502814388083973,0.505978244844656,0.486132863825698
2297,0.533633954105807,0.477504074827106,0.475998623864991,0.468069768652705,0.493408431594974,0.502450745651998,0.505538193241604,0.485691883394711
2298,0.533278828889185,0.477024360800108,0.475710925333206,0.467733182122428,0.492799771358907,0.502093740952409,0.505164700279622,0.485238048675218
2299,0.532862593980765,0.476490103096293,0.475385857680065,0.467483502387708,0.492181546222337,0.501823641932449,0.504649666300721,0.484494700659119
2300,0.53242308109241,0.475680733608123,0.474964320285247,0.467369478022501,0.491460433820757,0.501640746565185,0.504016342736287,0.483462394895431
2301,0.532059429096138,0.475305306489359,0.474780420991567,0.467157128810074,0.490988535763133,0.501347180815708,0.50350556064357,0.482839702085511
2302,0.531705949159766,0.475328623574528,0.474719342384671,0.466924808214385,0.490641239701056,0.50109083869922,0.50297544375745,0.482270977598241
2303,0.531276738536343,0.474929222492043,0.474492379930812,0.466723959101977,0.490191832048575,0.500782216930664,0.502520763728517,0.48162713436864
2304,0.530925314951241,0.474502326153238,0.474396916022012,0.466580135390022,0.489924753602365,0.50040393092829,0.502205606690423,0.48121667184278
2305,0.530448718400534,0.474057524492618,0.474099604070878,0.466260605011512,0.48936028864179,0.499962625739838,0.501729068074271,0.480637725080318
2306,0.529754880379084,0.473329022383282,0.473504900821737,0.465858004361842,0.488462669226057,0.499471197950628,0.501121504945089,0.479778012317924
2307,0.52930735913497,0.4728888761813,0.473199538821346,0.46556067459405,0.487959419688022,0.49907467154785,0.500713253970418,0.479152565227511
2308,0.528936624635409,0.472669716434399,0.473000528529556,0.465149134986362,0.487549968288703,0.498567947195646,0.500331506334543,0.478779297475791
2309,0.528544506516537,0.472326141036218,0.472720303137759,0.46481741285541,0.487103914400644,0.49821539115178,0.500011408989074,0.478179358031525
2310,0.528291114199489,0.471935282659736,0.472578343513563,0.464681050721921,0.48681521278486,0.498118560097441,0.499873780898442,0.477389875934131
2311,0.527936422778345,0.471662890615186,0.472227274616459,0.464355667429676,0.486490313583898,0.497763632462638,0.499641181537998,0.47682931099337
2312,0.52748009865541,0.471487265468132,0.471676998219996,0.463819460493751,0.486096666802746,0.497239025869721,0.49938873270515,0.47638338257037
2313,0.527130678977769,0.47122226221924,0.471275402994706,0.463546034717336,0.48575895618481,0.496944013529715,0.499082545155479,0.475793551818296
2314,0.526848148632844,0.470975471965798,0.470761515580876,0.463421598499735,0.485506977813263,0.496689288672982,0.498839289994235,0.475233075915209
2315,0.526486006158368,0.470754463915772,0.470441692104813,0.463147360066555,0.485280273418577,0.496362607509706,0.498446531912418,0.474691357007981
2316,0.526170555257862,0.47050657743788,0.470441082451798,0.46290803860588,0.485063842237454,0.496163617649505,0.497736141995297,0.473992427739435
2317,0.525781014415311,0.47022260613767,0.470126469734176,0.462673114030198,0.484808560613271,0.495914508029282,0.497404075924921,0.473437415748072
2318,0.525213156198175,0.469941250796934,0.469654764927426,0.462348189949309,0.484665303461973,0.49556465879651,0.497332184048185,0.473117056129461
2319,0.524806463144692,0.469731044831149,0.469330381795707,0.462036150516955,0.484400409082561,0.495185933558772,0.496974197684815,0.472630753831095
2320,0.524510619352735,0.46944888125886,0.468844486003004,0.461794461716074,0.483880904920937,0.494808570659487,0.496653340665578,0.472025583079318
2321,0.524126128970797,0.469253238376604,0.468512846994305,0.461531407299598,0.483623511982473,0.494478827887409,0.496365915425623,0.47149321768183
2322,0.523798064458286,0.469287345958571,0.46848333223486,0.461204095102212,0.48362240030306,0.494076264143879,0.495814269090027,0.470993353675713
2323,0.523412986482847,0.469140765717998,0.468314626459306,0.460878509313688,0.483353279630425,0.493734723844547,0.495420149648868,0.470449314047893
2324,0.522925756882993,0.468897157210907,0.468176949281463,0.460670736535183,0.483096714551327,0.493609818406609,0.49537955134179,0.469937044555767
2325,0.522457826161651,0.46867472357913,0.46785210929711,0.46031372970263,0.482758412282889,0.493264738113569,0.4950551112653,0.469360708774609
2326,0.52196207971798,0.468439333337449,0.46727212380818,0.459667494648138,0.482096378369783,0.492688630572271,0.494449008235738,0.468729589112152
2327,0.521513397408731,0.468118180287276,0.466897708473559,0.459277003494968,0.481607017777719,0.49224493833674,0.494012149305427,0.468034198018777
2328,0.521131158672096,0.467729466553236,0.466596197348036,0.459098328929171,0.481312645597152,0.491804259265484,0.493633665125212,0.467243289636033
2329,0.520644538096615,0.467356868234584,0.466178913681737,0.458729383184395,0.480849135256222,0.491348306778188,0.493171668469079,0.466519087557089
2330,0.520107701223824,0.466906692979155,0.465849777593219,0.458402785964081,0.480253347594162,0.490936971878536,0.492769968461277,0.465679812038548
2331,0.519612344998984,0.466462162667414,0.465459118872034,0.458043712166635,0.479749445901531,0.490547401277176,0.492299400427472,0.46497566810481
2332,0.519035871614594,0.466065405847775,0.464767623785855,0.457478440754091,0.479252166541263,0.490161979351542,0.491577049653571,0.464464342125116
2333,0.518504696812263,0.465641535273745,0.464265220561163,0.456951194837472,0.478705534387035,0.489730044479207,0.491039421442625,0.46387007722991
2334,0.518012321808559,0.46517709454491,0.463906640405655,0.45648541262773,0.478170120873058,0.489290627787593,0.490560059690629,0.463294308516941
2335,0.517580855925106,0.46463495423045,0.463604827290256,0.456008778324984,0.477633797837607,0.488880793742001,0.490229065405731,0.462766425564619
2336,0.517273392759544,0.464396125487171,0.46330342889781,0.455629991635485,0.477228005297603,0.488564902527744,0.489951384183404,0.462020483260397
2337,0.516817856957285,0.464076042087045,0.462974279844564,0.455167379738689,0.476754512669378,0.488073559214206,0.489440866897553,0.461183281654818
2338,0.516235004758104,0.463625082103969,0.462607607743614,0.454757477155689,0.476329302689192,0.487762723990367,0.488971588030921,0.460530670139076
2339,0.515862544140551,0.463361498737829,0.462262045896402,0.454787834946726,0.475964092605368,0.487586962538887,0.488711177782013,0.459882965318499
2340,0.515407809076477,0.463029617891312,0.461855726029691,0.454399162218582,0.475487292601653,0.487214099975935,0.488292541271053,0.459408319755989
2341,0.514781163435506,0.462532104963775,0.461352544617843,0.453815912123064,0.474769096300959,0.486683011271424,0.487812868445429,0.459177396434068
2342,0.514481873664156,0.462271438144081,0.461084461270855,0.453509766123781,0.474435180256886,0.486452873346573,0.487646748685404,0.458821896676152
2343,0.514394633152385,0.462229672170585,0.460900543896409,0.453164400222748,0.474289208618619,0.486295411241708,0.487573006655377,0.458440999884261
2344,0.514237045247161,0.462042730437585,0.460680292047929,0.452953668536672,0.474067414064179,0.486096710984426,0.487410810159347,0.458236313879021
2345,0.514182432251451,0.461782538570256,0.460586110571601,0.45303722490882,0.47397210801119,0.486022922605058,0.487445200830528,0.45805182431066
2346,0.514133428448278,0.461713405769528,0.460472573259672,0.45289981620526,0.473872014822325,0.486007135118458,0.487456933928677,0.45804105942304
2347,0.514077358272549,0.461717860033089,0.460290676200038,0.452583678820211,0.473690623835639,0.485929673635964,0.487296492398695,0.458282416340875
2348,0.514082875181824,0.461715333297392,0.460156173667541,0.452515180883158,0.473679981452895,0.485952049330639,0.487325424347439,0.458377878672001
2349,0.514164940339951,0.461856143112988,0.460115187795113,0.452559951826048,0.473835152665798,0.486217331982261,0.487610968735426,0.45847198760641
2350,0.514278117066916,0.461950142819749,0.460108438817339,0.452599442531377,0.473974381184792,0.486331294209795,0.487792744152564,0.458696770273514
2351,0.514438160529663,0.461938571407746,0.460053328216291,0.452783782251606,0.474165621153634,0.486327239926807,0.487872987042616,0.458944708982098
2352,0.514565103034346,0.462095809264288,0.460072157314321,0.452833254416073,0.474353803835534,0.486407298915912,0.488077575426789,0.459212685189237
2353,0.514728681574816,0.462382869686138,0.460301782138105,0.45277240041205,0.474550817853372,0.486539444385082,0.488338973816761,0.459658769485749
2354,0.514905819841496,0.462651814202138,0.460309681845338,0.452867505723496,0.474852581530065,0.486682997140306,0.488775471032941,0.459969221417787
2355,0.51509841608622,0.463093602446199,0.460153600732475,0.453043173383976,0.475231191061958,0.486848337429928,0.489486495230593,0.460143513393338
2356,0.515228984750649,0.463273217661056,0.460145665978361,0.453141120131657,0.475581706212309,0.486980765988011,0.489813291792653,0.460465620812005
2357,0.515311584052129,0.463211205464707,0.460119625067709,0.453333242790845,0.476076118846038,0.487124302586455,0.490062083295443,0.460952768160795
2358,0.515514663913363,0.46346470199094,0.460133585739246,0.453385217176984,0.476397964179739,0.487282599010882,0.49038443743603,0.461186511814555
2359,0.515621443754884,0.463698603999703,0.460253699272421,0.453122692261038,0.47652333721233,0.487357878686235,0.490436228155002,0.461293634258025
2360,0.515961257600656,0.464036847224582,0.460341770005241,0.453316309675295,0.476856147279542,0.487583966942041,0.490674114438108,0.461522717928676
2361,0.516731576077102,0.464867111408506,0.460416026997258,0.453904330421948,0.477294654267843,0.488029758330502,0.491246393019882,0.461595114150668
2362,0.517039201792719,0.46514514665394,0.460475979162413,0.45401735174327,0.477595125607336,0.488218149301235,0.491538518515065,0.461821227631316
2363,0.517206285903024,0.465050857008229,0.460607447939482,0.454100037455092,0.478020284552061,0.488333905033699,0.491518629530731,0.462314193245771
2364,0.51737198343769,0.465134576125648,0.46061301312681,0.454226424202921,0.478224562982931,0.48846883503695,0.49180414741795,0.462623327699956
2365,0.517318578575987,0.464979320483477,0.460425698184116,0.454026268297701,0.478080359231519,0.48845105037704,0.492352986144757,0.462858772762137
2366,0.51724826637658,0.46505230979422,0.460456359999539,0.453948611258913,0.478206549057709,0.48848878697091,0.49254733583111,0.463076708096512
2367,0.517054966045801,0.465408045257024,0.460588448217465,0.454119194442264,0.478461107921591,0.488607330610854,0.492649489735341,0.463285813991664
2368,0.517133290128102,0.465552145937311,0.460624082642462,0.45417194894173,0.478566774335802,0.488680702383492,0.492813840314978,0.463406422816838
2369,0.51725357531224,0.465663353034343,0.460785906855216,0.454000745125464,0.478705057906343,0.488597883650235,0.492682514106772,0.463359511109701
2370,0.517349542001251,0.465727713075536,0.460819893116518,0.453962399197052,0.478809264144875,0.488711589901282,0.492764174474021,0.463480951088486
2371,0.517749542815808,0.465630869420113,0.460633357008645,0.454169979977912,0.478755263713314,0.48901104976538,0.493188054801885,0.463673570794812
2372,0.517952004493435,0.465651553297139,0.46058606949289,0.454124444587209,0.478763260524296,0.489192099744014,0.493349761132992,0.463774054631381
2373,0.517883235670865,0.465681856714647,0.460592652475275,0.453723537891146,0.478711529734749,0.489362216847001,0.493248147549646,0.463950239221063
2374,0.517970292911415,0.465765645436263,0.460598376711619,0.453729831241217,0.478896723248287,0.489610912479411,0.493399928735857,0.464065023762575
2375,0.518213135115361,0.466003458336545,0.46076794178402,0.454023509620154,0.479455042784935,0.489965917500803,0.493786604096444,0.464024751268242
2376,0.518314950295938,0.466089811178449,0.460679419532669,0.454014592585486,0.47951685859702,0.490097167282205,0.493849437445881,0.464052676916692
2377,0.51835642716124,0.466118610803375,0.460225790757941,0.45406332342837,0.479387212448999,0.490151078613713,0.493658746296926,0.464053902742078
2378,0.518385094246604,0.466155450743195,0.4601998381436,0.454116658257772,0.479418640259875,0.490251767484409,0.4938438504023,0.464194188524547
2379,0.518246244067466,0.466001778050245,0.460457514226175,0.453861431116827,0.479071918639589,0.490122076209315,0.494212302355998,0.464438222490645
2380,0.518285145415824,0.466057934520187,0.460358169841552,0.453757610821137,0.478956044490249,0.490131043641415,0.4942165901919,0.464637376277339
2381,0.518472011816779,0.466336158741353,0.460185764721623,0.453880567762059,0.479250475188172,0.490263659866663,0.494312768934571,0.465146002079294
2382,0.518562085867011,0.466466011173348,0.460276873729699,0.453960017420738,0.47939499571156,0.490465794925453,0.494404742772224,0.46524611205356
2383,0.518740110630355,0.466718887575399,0.460217457331579,0.453934746751663,0.479334975071096,0.49088277245483,0.493889801405103,0.464733862552151
2384,0.518823022201408,0.466774332815521,0.46017876088688,0.453998711351398,0.479459022011011,0.490992883420601,0.493811594376332,0.464800947642536
2385,0.518752617117618,0.466499698270361,0.46067760397465,0.454362683424798,0.479902939438795,0.490919788762336,0.494373598188393,0.465280695894465
2386,0.518737988534735,0.466444238803819,0.460802154008758,0.454403265171113,0.480046404299057,0.491031395112603,0.494570624215137,0.465253727438318
2387,0.518777923507428,0.466485322492483,0.460417248675195,0.454102308243226,0.480026571927895,0.491147934915194,0.494605477299692,0.465153508784387
2388,0.518726101594561,0.466410571215451,0.460239195686764,0.454071009287239,0.480085400548762,0.49104086152889,0.494696114080237,0.465255985647164
2389,0.518549588013118,0.466316025325256,0.460130161226,0.454070261080446,0.480008424206115,0.490795822662505,0.494728837616922,0.465000918534016
2390,0.518487713105113,0.466319111093174,0.459990902192999,0.453989412655639,0.479945027896556,0.490852174429391,0.494712764087978,0.464844876537577
2391,0.518380336374319,0.466212167269377,0.459816379559042,0.453980021571306,0.479939045161958,0.490963893099549,0.494671759279377,0.465290765022329
2392,0.518372180664729,0.46622685872102,0.459704381234523,0.454073267306524,0.479966208292288,0.490853625414389,0.494672795597934,0.465338444541702
2393,0.518743478401143,0.466622444891475,0.45959441220278,0.454218060746939,0.479968536949143,0.49102504491083,0.494586621851098,0.464601422807509
2394,0.518715965113768,0.46670119604567,0.459533717998428,0.454181228465256,0.479943249022507,0.491013767275055,0.4945549215441,0.464503342627102
2395,0.518205832172444,0.466563783124946,0.459628214714066,0.454221531456562,0.480003099051395,0.490276399288262,0.494701181987094,0.465126536274958
2396,0.518142600326198,0.466490652743292,0.459606376734009,0.454202723699096,0.480015097623304,0.490058196842608,0.494698277808629,0.465080259788425
2397,0.518350775203247,0.466241312262978,0.459521833488616,0.453950787211505,0.479987993817771,0.490457344533892,0.494624159882095,0.464881653221684
2398,0.518185171136148,0.466074369899792,0.459461061450316,0.453658644429068,0.479865442142113,0.490456080165984,0.494517237665997,0.46476209505781
2399,0.518087757341966,0.465936946473749,0.459347043427068,0.45331512550227,0.479696676180966,0.490486773491947,0.494293784850939,0.463962630214508
2400,0.518004235386155,0.465905983379803,0.459243739962545,0.453085562576649,0.479504901007753,0.490385604921773,0.494080615677746,0.463557967035931
2401,0.51744597833634,0.466088726185751,0.459307191116629,0.452654800656749,0.479177439974503,0.489798676215751,0.493890038769178,0.463891992235395
2402,0.517071719654789,0.466045491206235,0.45913301734658,0.452472270136809,0.478862773952562,0.489460897503785,0.493619612123994,0.463772990055145
2403,0.517235011683612,0.466005663427845,0.458692017144898,0.452876499902384,0.478432847933872,0.489319750073641,0.493375935226226,0.463336063517509
2404,0.516985069355942,0.46589378430531,0.45838895828588,0.452805073259686,0.478200684928115,0.489073133583118,0.492960223976021,0.463018105176974
2405,0.516051653061167,0.465429663476431,0.45789124174559,0.452332902135604,0.478225123267561,0.488754292228395,0.492042726615323,0.462591765280897
2406,0.515696241494788,0.465150679543164,0.457605540090728,0.452194704298519,0.478022346584168,0.488588615234706,0.491640111379379,0.462136962243904
2407,0.515879538047532,0.465079817933686,0.457736401928118,0.452190894039641,0.477833275426767,0.48875199641314,0.491816196718735,0.461855945593763
2408,0.515512770341929,0.464854374678258,0.457587071003718,0.451858088719419,0.477607658713648,0.48843709782485,0.491430488470204,0.461394338996703
2409,0.514976573743584,0.464642808616781,0.457307890140482,0.451448252279214,0.477116369012094,0.487813197097963,0.490734929965627,0.460542861190398
2410,0.514740597721837,0.464350022210214,0.457088307200337,0.451227387861411,0.476688566359543,0.487372304472447,0.490502596850626,0.459936054930469
2411,0.514306874184486,0.463759398918973,0.456842856943248,0.450760048309877,0.476420071411931,0.486580922102515,0.490232519387269,0.459344195666219
2412,0.513741788789958,0.463387768212322,0.456439487393785,0.450330944932443,0.476053210793318,0.485905185956392,0.489783715057541,0.458892134522817
2413,0.513529477839037,0.463287050626047,0.456042764610563,0.450350375265221,0.475440614444508,0.485630721409602,0.490016951901594,0.459191832178496
2414,0.513245979319393,0.462924497323415,0.455548985968727,0.4501457006578,0.475047261374077,0.485196801570233,0.48977962939378,0.458690369113666
2415,0.512546536095632,0.462376394348813,0.454651067366484,0.449603344778324,0.475124675538117,0.484479280339748,0.48843022830427,0.45722138516631
2416,0.51189607079946,0.462048957952859,0.453985612117359,0.449116512132884,0.474614114356207,0.483917535608473,0.487708796737458,0.456480938587646
2417,0.511318428989765,0.461720725726715,0.453282252186137,0.448536165634719,0.473704541564861,0.483508291686329,0.487306855981203,0.455858511967917
2418,0.510943579747989,0.461312136470862,0.452893909330067,0.448096488017702,0.472894223031043,0.482980257272844,0.486981641299489,0.45496627336384
2419,0.510619796155118,0.461227284327869,0.452921957143721,0.448015886129438,0.472480616517389,0.4825503828916,0.48659611929902,0.454230940516291
2420,0.510052761856125,0.46079375153932,0.452695388501725,0.447677901382416,0.471831056416721,0.482321619456461,0.486419612809617,0.454121557280729
2421,0.509257497432622,0.459814594681249,0.451999468568519,0.447012268763312,0.47117611336616,0.481838823009972,0.485764002999071,0.45350845277939
2422,0.508403212291825,0.459300158790887,0.451691526565166,0.446676775796273,0.470917738220456,0.481265622614687,0.484935296538322,0.452317657324056
2423,0.507693252722611,0.459059246775245,0.451350773209695,0.446298981833239,0.470368667556419,0.480823903038231,0.48403093885432,0.451494047580806
2424,0.50689610203804,0.458506889401055,0.450427684001909,0.445425211861307,0.469412568823816,0.480192289195235,0.483189541710943,0.45097780217369
2425,0.505985472449155,0.457878937581323,0.449773446302614,0.444965554655468,0.468923281767398,0.479483287913324,0.48291276547811,0.450368055368667
2426,0.505384552880159,0.457265124533721,0.449478672748307,0.444747263884556,0.468529649614149,0.47891810139257,0.482454305871166,0.449486204030446
2427,0.504423491955112,0.456646375543472,0.448941917062512,0.444161483638596,0.467418817339113,0.478152053964999,0.481748750832987,0.448712418736666
2428,0.503174811770485,0.456096502491163,0.448468010514428,0.443589328964686,0.466628652664582,0.477473716789637,0.481233593979644,0.448067878759593
2429,0.502622456556161,0.455539164105564,0.448067362759426,0.44320964387704,0.466362815349233,0.477260808948528,0.480333757927509,0.446782616357664
2430,0.502337184555148,0.454860734150359,0.447452341437422,0.442953212085034,0.465781287118438,0.476784911420064,0.47914852829621,0.44535300697135
2431,0.501637293890639,0.454174502888393,0.44706435462666,0.442436985761698,0.465368366570953,0.475874534000836,0.4781067275125,0.444482921655415
2432,0.500747080224673,0.453924784586691,0.446640683388753,0.441834950786343,0.464911562612145,0.475246954007085,0.477420081737854,0.443590087415514
2433,0.499843301082378,0.453720296483508,0.445846802247732,0.441286646315376,0.463828731526445,0.47482275664952,0.476856820399298,0.442620908787395
2434,0.498992012453486,0.453209164229264,0.445409494374096,0.440464893114382,0.463214285515157,0.474107605182074,0.476152692987889,0.442147769393379
2435,0.498274499575492,0.452838727401029,0.444999821694168,0.439973821822962,0.462700766894265,0.473560126378739,0.47594202598709,0.441683105334424
2436,0.497813147810631,0.452047746634864,0.444155659044935,0.439795102864873,0.461669726363895,0.473260585230322,0.47578043898453,0.44070448880272
2437,0.497357062793951,0.451213005467698,0.44386592341256,0.439113676911615,0.461140485390612,0.472482555396145,0.475003522128066,0.439677742368455
2438,0.496455599038805,0.451148963022168,0.443898513156653,0.438380022097701,0.46082701647805,0.47169572847626,0.474262916412801,0.439316541932509
2439,0.49563608543417,0.450671097754742,0.443435316893088,0.438197072194963,0.460309818952776,0.471451684539334,0.473447938260905,0.438944178478961
2440,0.4954434553125,0.449854239454876,0.443057612952544,0.438286292840868,0.459958971315851,0.471319577318669,0.472512834595296,0.437632619029056
2441,0.495389594145599,0.449576991600723,0.442691124505885,0.438312972152,0.459620677112392,0.470528277016497,0.472127515172528,0.436434425672929
2442,0.494756355881548,0.449372808101123,0.441824055795889,0.438050988505379,0.459025384550382,0.469592013166797,0.471862901236025,0.435671448142587
2443,0.493966488284543,0.449188933377695,0.441214788414553,0.437278874774344,0.458667447564145,0.46927567937377,0.471631066833019,0.435158405845928
2444,0.493288230803987,0.448775681863194,0.440902494910936,0.436197992586434,0.458488067911358,0.468566077404114,0.471402626854733,0.434821525225824
2445,0.492274750300535,0.447774788637433,0.440106071398568,0.435775718136868,0.457681649469445,0.467596316172571,0.470563394075422,0.434098887081197
2446,0.491581202254486,0.446880937727141,0.439386157114919,0.43583601545292,0.456698174606171,0.467370166035104,0.469959311024214,0.433529130353628
2447,0.491276592399579,0.446156646678191,0.438989009255386,0.435260519765131,0.455968631516133,0.466907872706902,0.469582885521422,0.432918986624497
2448,0.490619678174166,0.445695216856071,0.438697344599801,0.434620237906452,0.45524236078363,0.465686615921785,0.468806099188558,0.431790023016036
2449,0.489992831842101,0.446062416346356,0.438736359308289,0.434491089989459,0.454997327166166,0.465495227321743,0.468493167641844,0.431037721360304
2450,0.489850868651557,0.446077540906315,0.438745708811359,0.433993242876278,0.455181561329679,0.466064135379411,0.468043994480014,0.430805196642078
2451,0.489989659895787,0.44522639024653,0.438217355432928,0.433025225439716,0.454679009237934,0.465660486621975,0.466969058947742,0.430443992486032
2452,0.489515885892126,0.445047075338266,0.43739692807521,0.432936192128911,0.454179404879387,0.464853929603026,0.466288252852026,0.430030992392416
2453,0.488347799936021,0.445434596959272,0.437020730644367,0.433082592913459,0.454373968241602,0.464522106287665,0.465994635452075,0.429823255642725
2454,0.487500552378377,0.44505969633665,0.437089442888016,0.432367636410202,0.454041013351459,0.464052300753573,0.466030911471566,0.429415482198312
2455,0.486882431229138,0.444827592927727,0.438144089101035,0.432587091746298,0.453756089601041,0.464068949929804,0.465517148872319,0.428509388648141
2456,0.486273908748155,0.444742249366883,0.437996630891188,0.432603832227583,0.453534761287702,0.463992035808174,0.465274826529862,0.42794306617546
2457,0.486804298534694,0.444259846324654,0.436794984234563,0.432059990283652,0.453265880477036,0.463760534807653,0.464803703360451,0.428116699180229
2458,0.486614235270507,0.44379483036505,0.436399979117873,0.431706793149547,0.452739067289859,0.463466855546242,0.464352392726797,0.427783466230688
2459,0.485148785874376,0.443436427559299,0.435459404918157,0.431470286288555,0.451926658067479,0.463015585166223,0.4644902420748,0.427051192782003
2460,0.484588962950963,0.443369482804357,0.434857424133959,0.431461036910802,0.451443887154786,0.462728492133794,0.464418548911826,0.42643485040821
2461,0.484659889848203,0.443396431178517,0.435410935471512,0.431864580521775,0.45072336424216,0.462663820628985,0.463930826332595,0.425425094443372
2462,0.484293059317751,0.443125315377147,0.43551179303522,0.431573670011537,0.45015785065153,0.46239960737676,0.463360243737384,0.424705829641164
2463,0.484193346779513,0.442973301085415,0.435210703747933,0.430855206360483,0.450220995272778,0.462066733828005,0.46251932753701,0.424414557932816
2464,0.4840009047921,0.443144461452829,0.435021565864968,0.430627414520931,0.450101014675561,0.461818253267758,0.462232657445832,0.424009783343753
2465,0.483264346532508,0.443398659465012,0.434757276934133,0.430158286393797,0.449886353864851,0.461496262516945,0.46237887289828,0.423867182063954
2466,0.482871181253972,0.443226793447138,0.434805801472667,0.429699326909107,0.449579785676454,0.461070011951729,0.462240022161271,0.423349894718518
2467,0.482910595668493,0.44323801344982,0.435640072741759,0.42968240662842,0.449054482616773,0.460677541064111,0.462440947962112,0.422091157708281
2468,0.48273478151971,0.44319735954926,0.435372034677352,0.429761261063052,0.448852084224307,0.460402530239912,0.462358682517638,0.421465656203754
2469,0.482644517116917,0.442227571601973,0.434115113941135,0.429998250615195,0.448802467676948,0.460081884769476,0.461716905236368,0.421258586677528
2470,0.482230245230425,0.441869260103718,0.433776488272382,0.42967127938797,0.448456748169937,0.45951195526408,0.461278330613167,0.420768886406591
2471,0.481206425334465,0.442404021526252,0.432969626554117,0.4288003920284,0.448315293935985,0.458792153313812,0.460769136230545,0.420715445136525
2472,0.480786252236057,0.442427862233688,0.432405893379964,0.428703134857065,0.448157282050079,0.458403729135394,0.460513498546787,0.420323247626747
2473,0.480675317357282,0.442173666839792,0.433686478167344,0.428767944903575,0.447659883850503,0.458408336220422,0.460206262009135,0.419001022892734
2474,0.480342188007691,0.442047000995162,0.433553521297688,0.428420400104044,0.447283179303132,0.457621363695546,0.460333880279153,0.41846088463019
2475,0.480402791029151,0.441768427689647,0.431394678885339,0.428847198360738,0.446855549533304,0.456069035943833,0.461839853564773,0.418623510850727
2476,0.480192259443928,0.441665306390522,0.430709160548753,0.428925998522097,0.446687701694784,0.455634514363937,0.461765975229734,0.418241862130807
2477,0.479318758938573,0.441958945303191,0.430385309204683,0.427369658450898,0.446849860078854,0.454607958979825,0.46049234257614,0.417539544597329
2478,0.478860887472765,0.441870598066481,0.43014528203666,0.426950885523856,0.446627955621104,0.454643156294214,0.460044664982956,0.417530914720265
2479,0.478962313931664,0.441400115493878,0.431448219765427,0.428041504234446,0.446346313526129,0.457546836744236,0.458962507283882,0.41809431686711
2480,0.478537712146937,0.441319496353396,0.431660109657886,0.42828830006107,0.446416733673551,0.458216433830912,0.458245424960639,0.417936910866445
2481,0.477326623898624,0.44135146658186,0.430467208180924,0.428540053375116,0.446166891808832,0.457798017978823,0.458323927723554,0.417952554001795
2482,0.477262478128652,0.441226610653635,0.430487411964733,0.428596470185985,0.446233022816015,0.457808667219113,0.458454762002856,0.41800192674674
2483,0.478196568292091,0.44153560420258,0.431445029634547,0.427830288199847,0.447736090745247,0.456900372297953,0.458451284304354,0.417352205744676
2484,0.477916793518503,0.441210563079877,0.431140943437802,0.427514625736724,0.44759228028144,0.455874108933926,0.458280334855445,0.416533528726839
2485,0.477712150233388,0.440042015863311,0.430822003029264,0.428012031900017,0.445869825600772,0.454885845660351,0.459100271639722,0.415760610318048
2486,0.477838344823254,0.439360133594096,0.430465601233804,0.427378982821916,0.445214596832343,0.454180658297099,0.45920368575379,0.41550697816392
2487,0.476921863895843,0.438671149388501,0.428363760335627,0.425321117330441,0.444104214798161,0.452801857941025,0.457488577732737,0.414925650785833
2488,0.476165702986756,0.438145584625259,0.427620791236775,0.424925739672526,0.443428623043074,0.452167866482562,0.457558718072551,0.414399050504059
2489,0.476565602209263,0.437925656031106,0.428181414543142,0.425006479923196,0.443849567039829,0.452830948426786,0.459657201682235,0.415593357560285
2490,0.476419347184451,0.437588046136941,0.428406469176067,0.424717784905437,0.444032447512991,0.452904123031466,0.459219353115996,0.414615184654653
2491,0.475042940195189,0.436966506364316,0.429475270767449,0.425799294349302,0.444267591059889,0.452836489012271,0.457722817329413,0.410395537495033
2492,0.474023001164058,0.436726708177916,0.429017869536142,0.425838362795259,0.44369044494647,0.45245052871094,0.457524523422733,0.409778595024883
2493,0.47268964954863,0.437089583407531,0.427151345730017,0.424139572800638,0.442519427149329,0.451696773953707,0.455585864387413,0.411534716488461
2494,0.473046025115291,0.436997005837712,0.427111997601328,0.423809223117469,0.442467779900635,0.45132649911703,0.455083811467069,0.410423567880662
2495,0.475280223543773,0.436644084299467,0.426834816144821,0.42482946693774,0.441978516849139,0.450765844827182,0.458116213280331,0.408950991769355
2496,0.475266563294375,0.436926492103146,0.426429206896435,0.424618843552001,0.442006834548324,0.450821280131893,0.458321007664952,0.409482351890897
2497,0.475385360365038,0.43715333619495,0.42779257287531,0.423138680591982,0.443692069060069,0.451636129301719,0.456275630076693,0.408789606783167
2498,0.476108783046813,0.437340411520925,0.429078290033739,0.423644807411521,0.44498192050639,0.451600434242195,0.455623075483239,0.40779354253048
2499,0.475141527603297,0.438667527193515,0.429895309131912,0.425791394634496,0.446798741568291,0.451406157566921,0.454467995742591,0.41057835985595
2500,0.474013663531535,0.439383029421224,0.429804182670965,0.425724178228541,0.446617543886456,0.451735463968341,0.453956037157975,0.411115358415994
