"wavelength","102","104","108","111","114","117","120","123"
350,0.046725126128318,0.0587788008550444,0.0425469672650953,0.0440167360119213,0.0479461755652878,0.0342728619619754,0.0508851971970209,0.0401564617811514
351,0.0445923501573982,0.061470898161808,0.0455256341475418,0.0450840405040716,0.0482026640894154,0.0364612423659949,0.0548877634220931,0.0395368708095127
352,0.0412075563022831,0.0601680633141187,0.0430896249633138,0.0437853186048606,0.0420768248275216,0.036937956603096,0.0515328298127126,0.0390553101721124
353,0.0480194069579514,0.0613602522566016,0.0439065908143585,0.0450397142499062,0.0428834598277283,0.0397915982534496,0.0505325481950111,0.0386047135360185
354,0.0478723421825647,0.0585663457682771,0.0403329670307899,0.0435614559844275,0.0417919096359613,0.037700151825731,0.0496822858608887,0.0390637133848089
355,0.0447792886062928,0.0554680008453559,0.0369357829841868,0.0418267604453982,0.0413609519623652,0.0347381888950969,0.0491104907651821,0.0406400858549725
356,0.045594632011147,0.0564540268351627,0.0387090442136107,0.0427421038502078,0.0444757049123365,0.0358684330671298,0.0491208035147705,0.0425809558289682
357,0.0439954028120012,0.0570335257858797,0.0377132783370909,0.0412479721409659,0.0415040125424233,0.0358078624694906,0.0484894166144544,0.0394644135792763
358,0.0432233731784101,0.0575225057203232,0.0371304950979398,0.0417560231464138,0.0402133657175256,0.0371899225975332,0.0502706589487476,0.0396498600105985
359,0.0442132417037323,0.0577176011498048,0.0382530252198274,0.0446294970262269,0.0428507189711924,0.0392445375464879,0.0534323388615086,0.0442538620133322
360,0.0423516667671249,0.0551448845737877,0.0375271303591437,0.0412946695679685,0.0393605938010782,0.0328167653311538,0.047795010875616,0.039129354899437
361,0.0424570154568192,0.0562358780332144,0.0377186903129864,0.0410055408319999,0.038385777943705,0.0323216222061788,0.0466438959671721,0.0369383808115102
362,0.0445023006416324,0.0592701582688495,0.03932789395397,0.0440193978099704,0.0406504540374743,0.0367357288856536,0.0498731844446788,0.039110193212328
363,0.0458557015917048,0.0582074599117684,0.0415870585866908,0.045747084889019,0.0426178112018487,0.0366701147475433,0.0502509300183517,0.0411389571281259
364,0.0469354086772977,0.0594506224167667,0.0420702619431489,0.046444044273195,0.0431174429485049,0.0365601030337421,0.0517646033651493,0.0426661226698693
365,0.0463716643253761,0.0597898123516704,0.0406087459848112,0.0449368002192662,0.0414286997432296,0.035775761478966,0.0516812153423322,0.0419432455536706
366,0.0438381063137188,0.0564027889543588,0.0382659607041538,0.0413644558152157,0.0383401608117645,0.0338633734721099,0.0482293392086861,0.0388095419081529
367,0.0445914650741331,0.0561205447694474,0.0387906778430712,0.0418061628385824,0.040055719611351,0.034918684851659,0.0486203188295312,0.0401716449104401
368,0.044910400811777,0.0558454946147609,0.039846774469981,0.0431483323367407,0.0411936499475196,0.0357678041313277,0.0498925786781465,0.0420657264534805
369,0.0436479866516794,0.0548422547472013,0.0402995736992714,0.0436798240128813,0.0401904600817559,0.0354123090938465,0.05015582286384,0.042238651881377
370,0.0441446932959165,0.0568541865851635,0.0412843442164076,0.044259552432307,0.0421241769013794,0.0366314942364483,0.0493891822932801,0.0414142675148108
371,0.0434074418431432,0.0576601436508781,0.0403164640936369,0.0440241196950901,0.0417358007769863,0.0369051390138597,0.0495766457972475,0.0395013480401566
372,0.0423999075933761,0.0571486584976002,0.0388839615659532,0.0429669116942927,0.0396499204667141,0.0357833438236138,0.0501111796827931,0.0378974282085159
373,0.0436297275421189,0.057076678216161,0.0400674491191764,0.0417004649051882,0.0391714774170025,0.0339717583790962,0.0493244115689656,0.0385672248892753
374,0.0445553953403048,0.0587218186008472,0.0402198929444887,0.0438515220222422,0.0422156688440846,0.0358071512916017,0.0496657357688667,0.0396867038650174
375,0.0449380744025888,0.0591603716768361,0.0398120585804461,0.0454096357199667,0.0436100802026892,0.0369856237374246,0.0499038487414794,0.0404928515674265
376,0.0448823112936143,0.0566390749848383,0.0397497595543926,0.0433451583414888,0.0402509684906957,0.0346002520823144,0.0490433878448429,0.0406278416416271
377,0.0440981843620483,0.0556196039461745,0.0400526238768017,0.042141564945111,0.0400679120058205,0.0359794346441233,0.0491211507603394,0.0404928065857216
378,0.0428083505406605,0.0553277721083432,0.0395933632116003,0.0418227987393959,0.0397185489624667,0.0354726085377458,0.0491635883066005,0.0390586412690108
379,0.0418584067349602,0.0554030409520269,0.0385354138418814,0.0420910333532804,0.0386108569913196,0.032822464320095,0.0485055197981607,0.0372375519307676
380,0.0431554695547626,0.0562281979964266,0.0387478220296347,0.04240881190255,0.0400481003524782,0.0352591572042027,0.0466292463706989,0.038843480721739
381,0.0436995817739086,0.0568895493986749,0.0390982273878963,0.0425713420005273,0.0410363389606938,0.0351142155279208,0.047321330366468,0.0387345750341982
382,0.0432516427930108,0.0564976540928769,0.0394286319825121,0.0424720682322834,0.0408334988025053,0.0334349825607446,0.0494040732378194,0.0380041778844111
383,0.0426364923078376,0.0545622382772427,0.0398351634289081,0.0421873942808583,0.0396483246036315,0.0341978871023402,0.0497977933670203,0.0395817775762491
384,0.0416328994151464,0.0543155374790503,0.0394957030882569,0.0429447760986497,0.038176071505434,0.0350812057548494,0.0482988635597412,0.0386349431842506
385,0.0411850894226379,0.0550790594611185,0.0392520464700444,0.0433620063281288,0.0380521142882088,0.0357592087164341,0.0474419556659894,0.0379276616557161
386,0.0416494050126994,0.0556548297327793,0.0394870610231141,0.042434446861247,0.0395904672851607,0.0358265285920248,0.0485074033356756,0.0393301648826942
387,0.041267455355053,0.0548665173528315,0.0383076312309781,0.0409859225843574,0.0389739138321195,0.0333382802598045,0.0479068858168923,0.0388237830265081
388,0.0411953667233137,0.0551105303588918,0.0383043963872788,0.0408389307308184,0.0387887890280708,0.0320309714517098,0.047678499957118,0.0390886667295718
389,0.0416661440026225,0.0564997488371205,0.0395100309681606,0.0419708456032034,0.0393886284453516,0.0330065406624376,0.0484737519747606,0.0403361248103431
390,0.0418875657413829,0.0566300017869771,0.0390873373301901,0.0423330446703883,0.0385347997490678,0.0346873934885697,0.0495377415394526,0.0400223048012272
391,0.042483656796408,0.0566010464004641,0.0389889366419622,0.0432097341843004,0.0395540167134797,0.0358242017158407,0.0494072791406851,0.0395856416749931
392,0.043182177466027,0.0567891181690795,0.0397331868666846,0.0437690037336654,0.0412025071804193,0.0359429189684012,0.0492738906606785,0.0395793200770179
393,0.0433697679350197,0.0571615068909195,0.0410420381804727,0.0427449013008545,0.0408371881249745,0.0350275069134297,0.0507531078875433,0.0400735733544341
394,0.0420853090472196,0.0553152420868973,0.0394055100276631,0.0413718496233623,0.0384370483604045,0.033293842054573,0.0492103438290881,0.038858066620057
395,0.0413948476103844,0.0546498998139121,0.0379443486581563,0.0412807661823532,0.0376010619539964,0.0328176190979755,0.0479410217250679,0.038056582199303
396,0.0423171641536841,0.0567712077919515,0.0387359506689646,0.0427712447059375,0.0397855335871172,0.0343478488017137,0.0490758870475472,0.0389793686910429
397,0.0420191170283134,0.0565319094145332,0.0386880305891863,0.0425519835830929,0.0395050083545994,0.0346637709704606,0.0488301443339744,0.0393820767971984
398,0.0416878050868794,0.0554950979794642,0.0388302902330482,0.0419901747936688,0.0390378454027081,0.0345256036095294,0.0486635224051738,0.039162544930471
399,0.0417131368274957,0.0548167188918625,0.0393672528036669,0.0419340396661254,0.039248583042317,0.0345796493370336,0.0489345676007029,0.0387966158734399
400,0.0416856966802691,0.0553949294649604,0.0397204959193878,0.042844780726603,0.0396517835515735,0.0355034466412308,0.0488839405314498,0.0394778729836086
401,0.0416554411607525,0.055255979618826,0.0388236879118848,0.0429291329346625,0.0392896072724501,0.0350215407307009,0.0485822734335908,0.0390625954859438
402,0.0419279063255424,0.055212603248792,0.0380693880899677,0.0427400584888001,0.0390110813490063,0.0343776199616474,0.0485162595913341,0.038561926421444
403,0.0427331715141678,0.0566516326377665,0.0393006065387922,0.0434086492352605,0.0400122780981983,0.0355821271926912,0.0491803362490046,0.0396485804513777
404,0.0426903391205389,0.0568925784174596,0.0397073626974633,0.0432513618281958,0.0402546328694689,0.0355620291536234,0.0495292479986757,0.0394281237543125
405,0.0422599692239547,0.0566170844748252,0.0394598925625511,0.0428028021642388,0.0398884856380003,0.0349445149178301,0.0495001578520973,0.0389175144585275
406,0.0420399217373606,0.0565427142714663,0.0391946436412459,0.0427196861616168,0.0395371645285613,0.0346348343755362,0.0493525801841464,0.0390662208885163
407,0.0424465056788042,0.0561906313863855,0.0398403823305262,0.0433823122422387,0.0405742808469059,0.0350967217459017,0.0500125510416275,0.0393559283342365
408,0.042303106932998,0.0559032385177702,0.0398287869398335,0.043407360926264,0.04031389219358,0.0348780837639954,0.0497895265825973,0.0389802485701829
409,0.0416033575077074,0.0557024189162128,0.0390287477628923,0.0426359458762798,0.0387940460605382,0.0340744418514496,0.0487443315329482,0.0381402783013088
410,0.0416141299812173,0.0552197732065501,0.0388228078988822,0.0421470699180939,0.0390249283302884,0.0345068175154556,0.0488355110320547,0.0381492212742366
411,0.0417353051785621,0.0551654440160943,0.0391639108607857,0.0425605978310059,0.0396691873567196,0.0349478599069973,0.0493098101788286,0.038258857371855
412,0.0417284532554026,0.0554060302786591,0.0395167925344296,0.0431284210686596,0.0398428011274131,0.0348739266582216,0.0495867491485727,0.0384327759508999
413,0.0415112932158034,0.055517392489282,0.0392297844063668,0.0427194811742446,0.0389632593180991,0.0341150366900541,0.0492148063840197,0.0388102830460847
414,0.0416749666499738,0.0554456162459819,0.0390795612367191,0.0424706915940769,0.0389955509406875,0.0338743543751263,0.0492260375747616,0.0389709016051886
415,0.0420182633519954,0.0555952913355881,0.0394200250775246,0.0426370179999504,0.0395236215664786,0.0344168203808814,0.0494891226426034,0.0392143013023349
416,0.0423085975219799,0.056130977949487,0.0401635433977587,0.0431627616847643,0.0399428276887745,0.0354190108192663,0.0497200574292171,0.0396813212211815
417,0.0426755888821504,0.056356033850238,0.0401193868214351,0.0436007087804802,0.0402506424439365,0.0352579414453264,0.0497105982590236,0.0397407973204027
418,0.0424791752355086,0.0562005323569104,0.0399102389390056,0.0434728202525667,0.0402383006145833,0.0350695463780749,0.0496911628147131,0.0394617696496388
419,0.0418620070347707,0.0558658826145329,0.0398328382606745,0.0429603617417817,0.0399743937727407,0.0351611599268083,0.0497020146692957,0.0390359702268863
420,0.0419865748709843,0.0558981699760556,0.039781593053376,0.0431068808598336,0.0398563942208126,0.0347264410332237,0.0495159956846555,0.0387700271948113
421,0.0422307747946454,0.0561173959016991,0.039729632033163,0.0432117549820146,0.0399727622935868,0.0347158235656925,0.0494501298554346,0.0390528109543003
422,0.042471808065158,0.0563183135277384,0.0398382935933526,0.0432720115517583,0.0401916997323362,0.0351211758348648,0.049659299355125,0.0394926246254641
423,0.0427187089413677,0.0562865440588391,0.0403016489684903,0.0435223556272047,0.0402751010184214,0.0355154977228845,0.0501783547822746,0.039400169834629
424,0.0424317918165468,0.0563863263628778,0.0404640873846678,0.0437952526515303,0.0403106961786616,0.0353198021672404,0.0501642578588281,0.0394010372021427
425,0.0421369879595458,0.0564349796232334,0.040470035190207,0.0439795942584913,0.0403259776276194,0.035043217511479,0.0501376072597198,0.0396693228881726
426,0.0422862926938712,0.0563051600680791,0.0405266724779036,0.0439901205921934,0.0403239137035568,0.0351313380234125,0.0504943428201489,0.0400937289890004
427,0.0423404399446887,0.0564533635886816,0.0404760590354126,0.0436736648102387,0.0402045571549015,0.0349698792530474,0.05013585985871,0.0397397916274178
428,0.0425685191326982,0.0565953179465344,0.0405415845159897,0.0438611939281716,0.0402537136522695,0.035114763131452,0.0500567931672677,0.0394905085138782
429,0.0428913212066622,0.0565529988704244,0.0407085301960016,0.0444989358906221,0.040477825908816,0.0355610458369554,0.0504871748643046,0.0396611542593685
430,0.0425108762798208,0.0562446197461167,0.0404775159689222,0.0439604132545229,0.0403738105051336,0.0352805298548322,0.050339581866537,0.0395823164122931
431,0.0425899484186416,0.0563811603946311,0.0407780222328335,0.0439258887128966,0.0405682712018414,0.0352647872373979,0.0502858162745935,0.0398194085805715
432,0.0430990752467951,0.0568406314221516,0.0414231410461576,0.0444152392003191,0.0410376240480768,0.0356093144122156,0.0505649377287529,0.0403249121338886
433,0.0433770295505235,0.057041360243506,0.0416232801213553,0.0446040174589613,0.0414049433454192,0.0359533145467216,0.0512088651959604,0.0407252972741908
434,0.0434678201294979,0.057414330568374,0.0417279039903068,0.0447013327069487,0.0413185616419206,0.0360533348715838,0.0513890455017633,0.0406832455666758
435,0.0434519550847288,0.0576154809158472,0.0417328017380876,0.044704365265444,0.0411336510238012,0.0360311705393092,0.0512515049032636,0.0405151278196626
436,0.0434300822034281,0.0573541665993105,0.0416219233738538,0.0446283189266038,0.0412491128975372,0.0360654864723351,0.0511385939002184,0.040581782532791
437,0.0433945614907143,0.0574190344771909,0.0415848399021176,0.0446757825986018,0.0412953413984654,0.0360467444858384,0.0510138072666961,0.0405432083029181
438,0.0437117159056334,0.0578309120949758,0.0419657732939326,0.0450592773898227,0.0416341710255695,0.0362755946282869,0.0513069198009431,0.0406870645885214
439,0.0443000772237159,0.0583516820188337,0.0426279704792236,0.0455989800298421,0.0422025531890244,0.0367089547192894,0.0519681162852545,0.041032818124289
440,0.0440264055886603,0.058256807022736,0.0423224660177363,0.0452022652812396,0.0418449549258283,0.0364828381712342,0.0518624907139846,0.0409188069791233
441,0.0439315614775784,0.0583190950150905,0.0423150901472846,0.0449935368364527,0.0418332134730399,0.0363583942122451,0.0517961856317676,0.0409374549436683
442,0.0442393160213532,0.0586103009106843,0.042776953727349,0.045245195370517,0.042336071950403,0.036551634383908,0.052003939902818,0.0412435045309683
443,0.0445845056933502,0.0586709516110256,0.0430646709672258,0.0456148242813629,0.0426988289000557,0.0368969062254295,0.0523306552901249,0.0416848819953146
444,0.0448177377908561,0.0589485483734766,0.0432893669957574,0.0459937905071061,0.0427892906898245,0.0371899685810999,0.0526977532950526,0.0419594487010349
445,0.0449737695970554,0.0592910074658232,0.043421548767104,0.0462584384169414,0.0428741689999146,0.0374025098220795,0.05295579240997,0.0420644427059209
446,0.0451561752315006,0.059415083824877,0.0434552576296179,0.0463436777655165,0.04327215128527,0.0375588585459083,0.0529980459431022,0.04212264376545
447,0.0453864173416981,0.0595561126922372,0.0437490553844121,0.0465818335777441,0.0434014322798329,0.0375456708904623,0.0531887315761672,0.0423327416262406
448,0.045562309532972,0.0595804333412208,0.0440035454073544,0.0467189074446186,0.0434782014513786,0.0374980038643131,0.0533694504033092,0.0425477219459197
449,0.0456227016646779,0.0594872603369218,0.0440200161777677,0.0466201888442464,0.0436727265296879,0.0375513947881786,0.0534106013135265,0.0426467104015106
450,0.0456255604393795,0.0597893179231258,0.0440778213923562,0.0466443309475647,0.0437309454269287,0.0377607397221966,0.0533867714400308,0.0426726032337233
451,0.0458071135570408,0.060164928437688,0.0442686761316325,0.0469572670628809,0.043897472038184,0.0381752278685604,0.0537032258155166,0.0428577936170922
452,0.0461471094451455,0.0604071562966843,0.0445613671883557,0.047410020457777,0.0441769595841425,0.0386319705814209,0.0542573735716121,0.0431768068804905
453,0.0463080676221107,0.0603894431357984,0.0447723031258356,0.0474298608521108,0.0442763430140372,0.0386738882634996,0.0543002843668681,0.0432650539557785
454,0.0464934024701156,0.0606094582617388,0.0449788085106673,0.0475334726880198,0.0444160364859438,0.0386658134764731,0.0543367587255317,0.0436246259221065
455,0.0466259151540347,0.0608931756936061,0.0451532395275883,0.0477298171507775,0.0445882207984246,0.0387262568423346,0.054459971572516,0.0440214582913366
456,0.0465537345431185,0.0608056424872504,0.0452376723702065,0.0478307815430439,0.0447092000018971,0.0388752064826564,0.0546111285013873,0.0439517097607232
457,0.0467546203616393,0.0608287396205008,0.0452863395108804,0.0478522963197999,0.0449729437956713,0.0389730078269181,0.0547518056473338,0.0440203237170311
458,0.0469982073141522,0.0610017432147174,0.0454590140029172,0.0480477164652987,0.0452460468718851,0.0390967918287279,0.0548877521936676,0.044189929470212
459,0.0470325025314373,0.0612587453083669,0.0458007856443863,0.0485075809169024,0.0453797692682782,0.0392952852719107,0.055022800115874,0.0443354000155173
460,0.0470472900890968,0.0614642573058173,0.0457743879162309,0.0484161661587232,0.0453855635150196,0.0392761532672636,0.0550632799829423,0.0444521273952744
461,0.0473696868297389,0.0616850679064205,0.0459299153455864,0.0485425250218727,0.045563675677265,0.0395144593914072,0.0553855628441797,0.0448108473847105
462,0.0479299083052361,0.0619385587295995,0.0464134922705352,0.0490636028654741,0.0459298510340532,0.0400462083524079,0.0559404330436961,0.0453481347220149
463,0.0478953539817053,0.0621392421115908,0.0465843177358158,0.048934129417915,0.0459429195124535,0.0400348177238824,0.0558170046618622,0.045332929516347
464,0.0478653105886871,0.0623199019460956,0.0466792172197271,0.0490325179590033,0.0460549359209056,0.040066099130387,0.0557892819531341,0.0453399527608683
465,0.0479543325727864,0.062435126277135,0.0467603917360444,0.0493412406558915,0.0462802592366453,0.0401991835003299,0.0560135128064379,0.0454636848777637
466,0.0480047001193476,0.0623926391663972,0.046813147417131,0.049290893437835,0.0463673805569094,0.0401888479355402,0.0562842633568656,0.0455217902857445
467,0.0482549865143867,0.0625508315822969,0.0468905010614018,0.049405433403325,0.0465120965831013,0.0403865713862639,0.0563928706730332,0.0457142936053052
468,0.0484698307899195,0.0627978863347072,0.0470157350170738,0.0496084350043189,0.0466823646525412,0.0406267930249265,0.0565019357640032,0.0459130672398826
469,0.0483811690309166,0.0629095385776771,0.0471705172440247,0.0496866272389087,0.0467976314360907,0.0406447949532615,0.0567914578744273,0.0459450322355441
470,0.0484370734578533,0.0628755167292044,0.0471062470770129,0.0496281551271081,0.0468751106454107,0.040528904864722,0.0567093011404096,0.0459570506991204
471,0.0485761470974747,0.0629215048438881,0.0471661031864954,0.0496717059640291,0.0469410100798131,0.0404742505348865,0.0566765843812558,0.0460944768458518
472,0.0487137221037694,0.0631593259862567,0.0475155505097488,0.049908792576794,0.047040119467058,0.0405940041768896,0.0569518465390242,0.046376010455336
473,0.0488274508608754,0.0633510457637468,0.0477199505388293,0.0499622986643098,0.0472689699200836,0.040781761919139,0.0571298792218531,0.0464914963087186
474,0.0491154217472993,0.063601732584955,0.0479073011871854,0.0501999062182584,0.0475883237022126,0.0410161524714309,0.0573234860055881,0.046667262140768
475,0.0494448932113138,0.0638425963307973,0.0480780905243568,0.0505503696951789,0.0478716930903273,0.0412314450743088,0.0575413105189994,0.0468677756650544
476,0.0492563765630466,0.0637820661679617,0.0480810430800917,0.0504147749963694,0.047861746501347,0.0412987192583211,0.0576815934528206,0.0467354216705786
477,0.0493640087763418,0.0638637112667806,0.0482140113654582,0.050496046451514,0.0478466581988615,0.0413440438467951,0.0577872505067069,0.0468471342299872
478,0.04962320273218,0.0640698627239963,0.0484205950982024,0.0507601700450737,0.0479477542184315,0.0414389400130846,0.0578808677229602,0.0471060731107617
479,0.0495431286521653,0.0642026440401531,0.0485145224545603,0.0508932322927964,0.0482021415459068,0.0416320106265389,0.0579887425810153,0.0471609678644087
480,0.0497076253368201,0.0643808558438587,0.0487427928396857,0.0510801133641539,0.0483416680373335,0.0419163950526989,0.0582405180753468,0.0473131212335316
481,0.049933267735096,0.0645158587607681,0.0489823697142001,0.0512775835832241,0.0483914144705397,0.042029168754569,0.0584404621432518,0.0475021888449422
482,0.0499876460312311,0.0645472028731288,0.0490911536172424,0.0514148009384088,0.0484362775052744,0.0418352421522907,0.0584406119465407,0.0476335835996924
483,0.0499794738855526,0.0646507249115767,0.0491025962613693,0.051426498676449,0.0485340164059711,0.0418579800326459,0.0585035608573216,0.0477249265268992
484,0.050178037470712,0.0648658594456602,0.0491890213979213,0.0516048471334414,0.0487763366272915,0.0420945321276499,0.0587469179799482,0.0478597541634732
485,0.0505678138347003,0.0651617869862089,0.0494152353299667,0.051988239947814,0.049123399315794,0.0424154545923719,0.0591111744407244,0.0480676453177548
486,0.0505948736562391,0.0654056844495813,0.0496873860781523,0.0521509095524836,0.0493066497202813,0.0424860517587143,0.0592180953040986,0.0483136651416254
487,0.0505493994182313,0.0655481118194793,0.0497651554119562,0.052134655293193,0.0493152344239722,0.0425087298643007,0.0592616565405872,0.0483364192586588
488,0.0506292845448023,0.0656495773043138,0.0497784610438644,0.0521165027026539,0.0493197222668719,0.0426173520080989,0.0593714569438371,0.0482835553216812
489,0.0510132671308453,0.0658622569169535,0.0501368883947715,0.0524079624456176,0.0496495294627408,0.0429276120071025,0.059663207676367,0.0486082577512637
490,0.0511999310105925,0.0659820516106351,0.0503842578885811,0.0525724045475605,0.0498453097698785,0.0430481396920109,0.0597787026564767,0.0488109090822014
491,0.0512459731072303,0.066093541957201,0.0505048460231883,0.0526776630353321,0.0499576583329645,0.0430811899860561,0.0598552338174141,0.0489017605592989
492,0.0513589639983628,0.0663244714519988,0.0506066442043352,0.0529004198758596,0.05015778419198,0.0432374150080423,0.0601185505014479,0.0490199540858205
493,0.0515148439829396,0.0664603820132747,0.0507183602169751,0.0530785103026045,0.0503542319747129,0.0433317291706558,0.0602661640525525,0.0491139072008194
494,0.0516990833164257,0.0665865555417984,0.050860370948321,0.0531981773284386,0.0504754121617861,0.0434334256003612,0.0603872308499037,0.049223846842655
495,0.0518825256025193,0.0667729856049783,0.0510500755592498,0.0533011623997714,0.0505369154465371,0.0436030389663094,0.0605680122554322,0.0493867512029866
496,0.0519791327562818,0.0669446256721973,0.0513269496492312,0.0535490099989694,0.0508164635285496,0.0438053711275559,0.060758164579837,0.0496149225620656
497,0.0521694104446714,0.0671441649782719,0.0515726098227924,0.0537858272433873,0.0510454187221839,0.04401701915324,0.0609751039539109,0.0498763092904028
498,0.0524424514896752,0.0673661146617039,0.05174009336327,0.0539587995341547,0.0511530699889414,0.0441884312252939,0.0611904035251276,0.0501202417407158
499,0.0525193667785916,0.0675343074399856,0.0518523093104069,0.0541403605055326,0.0513057237461708,0.0442071034119863,0.0612940395364124,0.0502495729600454
500,0.0526956248849509,0.0677482364468734,0.0520496540139194,0.0542961233175136,0.0515405130974603,0.0443204451382405,0.0615078245486512,0.0504427684940893
501,0.0529557957157581,0.068012998178652,0.0523244185317063,0.0544903918703986,0.0518218141561054,0.0445424425476352,0.061789855932851,0.0506963341169939
502,0.0531424029387873,0.0682799796730051,0.0525863535097701,0.0548185220968313,0.0520599609599845,0.0447673142375488,0.0619719429002651,0.050913298733653
503,0.0532113922149211,0.0682971807975294,0.0526835923571689,0.0549444010579268,0.0520584565528382,0.0447882947256983,0.0620486174688553,0.0508961225873219
504,0.0533389017175367,0.0683636175339601,0.0528331779410137,0.0550453716959308,0.0521466143074004,0.0448736415255638,0.0621883282317976,0.0509393597261649
505,0.053651848715475,0.0687474953616672,0.0532059694277742,0.0553186224823333,0.0525868870035008,0.0452471474361738,0.0625052163430884,0.0513005241325901
506,0.0537621332075626,0.0689336913927945,0.0533012043656435,0.0554556388667644,0.0527028075316654,0.0453526731420376,0.0626352522555793,0.0514836225832192
507,0.0538541816076565,0.0690308732421348,0.053361554497053,0.0555998382718785,0.052737631363318,0.0453943698867749,0.062706673548239,0.0516320313417503
508,0.0540524672163595,0.0691784129100541,0.0535546535373926,0.0558373766425054,0.0528917259469496,0.0455396151108612,0.0628492568591408,0.0518557246988283
509,0.0542883987700246,0.0695239752981027,0.053793201772533,0.0560829149820914,0.0531668238541996,0.0457887078919679,0.0631521381168258,0.0521099158786238
510,0.0544773609029297,0.0697799147551614,0.0540477217178046,0.0562723304435584,0.0533756375219061,0.0460091742228807,0.0634188905199594,0.0523402920107923
511,0.0546043995974394,0.0699035232596531,0.0542877017411526,0.0564194769875329,0.0535124882805744,0.0461348679582782,0.0635884732892359,0.05249294697868
512,0.0547138246897377,0.0700638777542645,0.0544778938721693,0.056615890492701,0.0537396583793606,0.0461387045859254,0.0637082476751075,0.0524964194280583
513,0.0549125047555082,0.070315298891582,0.0546807906308633,0.0568133796080785,0.053987482868924,0.0463316808683231,0.0638723344163919,0.052624458688946
514,0.0551841703847285,0.0705950102614643,0.0549250754629837,0.0570379847743912,0.0542353424921231,0.0466384671833809,0.0641333855605231,0.0529055253366521
515,0.055450102548045,0.0707927406386901,0.0552111392554232,0.0573225544639885,0.0544681641537229,0.046839824265407,0.0644959111084746,0.0532532680062543
516,0.0555303933614537,0.0709092472528751,0.0553366755260355,0.0574652184587007,0.0545782431896675,0.0469218977963405,0.0646380547442783,0.0534213116879491
517,0.055653194462913,0.0710842818691708,0.0555094781761366,0.0576292005615546,0.0547337497208743,0.0470493158966604,0.064754233177967,0.0535656028942937
518,0.0559972914953333,0.0714072856052251,0.0558784982710113,0.0579479817868955,0.0550527380755428,0.0473207945965413,0.0650294247001056,0.0538393979125023
519,0.0563090305021626,0.0717070548781122,0.0561044050475532,0.0582169969113432,0.0552911607756953,0.0474537335287036,0.0652704309753025,0.054111754299303
520,0.0565469584093352,0.0719445636842798,0.0563290835325807,0.0584401413660098,0.055536949688354,0.0476084528939358,0.0655069030554143,0.0543885635133153
521,0.0567378135677061,0.0721428806850562,0.0566329541112211,0.0586551142982002,0.0558344060352985,0.0478672967720613,0.0657679772786001,0.0546695733178285
522,0.0570221054019822,0.072435316846043,0.0569829037311254,0.0589647323021454,0.0561492409019549,0.0481791800847767,0.0660837972598496,0.0549345480893255
523,0.057259209982236,0.0726693023196153,0.0572535403750738,0.0591822255678361,0.0563555486972126,0.048390885845847,0.0663240395721777,0.0551620678709484
524,0.0574653691276164,0.0728846400561972,0.0574739925950384,0.0593505461787072,0.0565246250115556,0.0485445910438317,0.0665228578073066,0.0553988443886532
525,0.0577622881670239,0.0732553181068268,0.057787855149503,0.0596750860758258,0.0568778283610449,0.0488287215718854,0.0668336117486175,0.0557459331850255
526,0.058098373999138,0.0736174514188655,0.0580966814593019,0.0600769108994656,0.057223219753547,0.0491384165536673,0.0671603653208885,0.0560865650242743
527,0.058404327049845,0.0739123212299826,0.0583973833979047,0.0604273732143325,0.0575013709134244,0.049409025337014,0.0674648912987344,0.0564114760469359
528,0.0586350834314622,0.0741368700507225,0.0587144915253311,0.0606234884710947,0.0577212598161345,0.0496089213888176,0.0677368336883296,0.0567462234950259
529,0.0590216943578901,0.074477805984394,0.0590793997500431,0.060967011753648,0.0581499617775317,0.0499128833923908,0.0680678378937781,0.0571247379566423
530,0.0594716920215849,0.0749119300612802,0.0594561574822557,0.061339774988216,0.0585813888968124,0.0502787901387472,0.0684612838129883,0.0575363714392554
531,0.0598791138329758,0.0753662361098494,0.05981923660413,0.0616479355833423,0.0588628542102345,0.0506343012169031,0.0688864716034664,0.0579504827479081
532,0.0602184459918683,0.0756911641095321,0.0601925134734874,0.0620442456485185,0.0591742223418139,0.0508898945948785,0.0692388000215286,0.0582706402273056
533,0.06058770340912,0.0760673496362104,0.0606325093802649,0.0624972679739459,0.0596091975374241,0.0511963341391786,0.0696236689005636,0.0586879630521726
534,0.0610153696254678,0.0765447396921891,0.0611328102048491,0.0629636820656562,0.0601439724435644,0.0515905923305617,0.0700696764779625,0.0592363727310377
535,0.0614217549729993,0.0769789295411219,0.0615894998886728,0.0633715346579939,0.0605709109923636,0.0519370571572976,0.0704865065054432,0.0597155424849967
536,0.0619032980299879,0.0774480307366894,0.0620653518383287,0.063804567186495,0.0610432726253396,0.0523384613780665,0.0709490169873281,0.0602126712186483
537,0.06242964678878,0.0779343346866602,0.0625540099835107,0.0642655491242766,0.0615530090446753,0.052763799211953,0.0714501695299407,0.0607438205857759
538,0.0629008217313536,0.0783744789391739,0.063017128986907,0.0647162755592875,0.0620129061266341,0.0531138998980868,0.0719408025813089,0.0612964347410694
539,0.0634053913794683,0.0788954712392375,0.0635476579932897,0.0652131280926418,0.0624936237633556,0.053558765846024,0.0724716938861582,0.0618424207463618
540,0.0639684139731064,0.079482713827167,0.0641431540796879,0.065748996557311,0.0630391182221882,0.0540520679503288,0.0730316352197054,0.0624075381526267
541,0.0645887820437179,0.0800901854034644,0.0647743154300526,0.0663082982598888,0.0636702601581627,0.0545163516024784,0.0736017230655341,0.0630320159855382
542,0.0652040344943477,0.0807326878325916,0.0654227745514629,0.0669419612341905,0.0643064327513906,0.0550599649390778,0.0742113469964764,0.0637522405598081
543,0.065833926600011,0.0813923620642813,0.066080258042187,0.0675832021995856,0.064958597989172,0.0556411700242565,0.0748789635431049,0.0644862672346091
544,0.0665048768845341,0.0820598345481106,0.0667519973864802,0.0682018552468838,0.0656458846753375,0.056219828535944,0.0755984868875138,0.0651954951795509
545,0.067245967686799,0.0827492552106842,0.0674776602538866,0.0688997106521808,0.0663917133169347,0.056792708296188,0.0763023384338117,0.0659889160552598
546,0.0679863085815283,0.0834848317727504,0.0682074083476863,0.0695868954471958,0.0671175276725996,0.057398985098695,0.0770243413887636,0.0667961107904704
547,0.068724918659413,0.0842597210052761,0.0689415067180245,0.0702542503137137,0.0678256990318087,0.0580411745582318,0.0777837834160031,0.0676047442171289
548,0.0695553624806849,0.0850222268646048,0.0697455933094499,0.0709912501913395,0.0686231749048145,0.0586738495246479,0.0785907734052533,0.0684745085535185
549,0.0703563814155263,0.0858576902653481,0.070567744257634,0.0717710431669828,0.0694370400258363,0.0593503602430714,0.0793942087245976,0.0693700927875811
550,0.0711713970515664,0.0867420110979729,0.0714105042869742,0.0725793357096229,0.0702704202857483,0.0600722141014026,0.0802261320665678,0.0703079853102976
551,0.0721144582541315,0.0876011814972845,0.0722978357628984,0.0734008318087527,0.0711567826567084,0.0608147286740712,0.0811546713356311,0.0713246421296347
552,0.0730110369860166,0.0885150838370782,0.0731893247352871,0.074204527912541,0.0720701287707748,0.0615329041953453,0.0820433475028396,0.0723531500637797
553,0.073933557252344,0.0894854420219077,0.074114462544476,0.0750492431788462,0.0730126487790726,0.0622740533365154,0.082959895034939,0.0734009877008528
554,0.0749696230260814,0.0904937428413416,0.0751034019598678,0.0759881432788452,0.0739947218004883,0.0630847557077761,0.0839872981201746,0.0744944593657186
555,0.0759818606793628,0.0915176100461886,0.0761054382796838,0.0769357699454132,0.0750479715333235,0.0638822835535243,0.0850348996232708,0.0756654538271993
556,0.0770159313963703,0.0925590865733968,0.0771444680973831,0.0778917475139789,0.0761150935052413,0.0647172241522855,0.0860880155682219,0.0768685159892392
557,0.0781151787896388,0.0936362353479092,0.0782383032513087,0.0788675840829399,0.0771771452052961,0.0656215063325459,0.0871599520133174,0.0780851366465344
558,0.0792936333620424,0.0948073774593657,0.0793786406349781,0.0798809360979273,0.0783202267464724,0.0665694002841509,0.0883174505579095,0.0793752757093755
559,0.0804918300352711,0.0960033630368294,0.0805707429244141,0.0809594663442417,0.0795027344875211,0.0675167198060279,0.0895304817265251,0.0807154838969481
560,0.0816971720405335,0.0971978441291328,0.0817820608341767,0.0820807510920184,0.0807140034115806,0.0684546415423566,0.0907718941714566,0.08209476455722
561,0.0829443948708276,0.098401820320569,0.0829277451782305,0.0831621806392564,0.0819744422855526,0.0694091457575224,0.0920089729088623,0.0835122130721263
562,0.0842461634793274,0.0996656900102846,0.0841683602322662,0.0842873930039784,0.0832584907895356,0.0704227475169452,0.0932992209382284,0.0849737820721935
563,0.085565718058535,0.100982396271695,0.0854756439603754,0.0854573298371572,0.0845647557620849,0.0714708709220543,0.0946271840073191,0.0864689797818663
564,0.0868486964364745,0.102317635939222,0.0867446028380779,0.0866390112455894,0.0858997730915539,0.0724985619487791,0.0959492037750726,0.0879827665873017
565,0.0881763429682984,0.103652192005876,0.0880157820814123,0.0878061896705984,0.0872279624376211,0.0735192609542267,0.0972889200837774,0.0895412246447805
566,0.0895018086476576,0.104968090069352,0.0892887758277086,0.0889555607946024,0.0885161543012946,0.0745018223132524,0.0986211961234505,0.0910927281607069
567,0.0907941374134537,0.106273490809852,0.0905710747504845,0.0901039840260614,0.089776078745919,0.0754516099427688,0.0999376257728784,0.0926092956448624
568,0.0922112939007166,0.107682511805511,0.0919333274176475,0.0913261479161496,0.0912194964825921,0.0765820355794364,0.101342859152459,0.0942411520684747
569,0.0936549892181549,0.109100134811958,0.0932938308870337,0.0925617407744925,0.0926577720149205,0.0776854409211792,0.10278206216015,0.0958890346366587
570,0.0950503657570025,0.1104779060926,0.0946070705858698,0.0937649585898441,0.0940066296020272,0.0786722136324676,0.104211371672124,0.0975021011276709
571,0.0963784850434575,0.111885061592274,0.0959062258590996,0.0949208775502899,0.0954488719336114,0.0797468530743052,0.105615848739469,0.0991547522755411
572,0.0977716440033602,0.113303845546852,0.0972521978170364,0.0961146679573635,0.0968769851827113,0.0808158232124948,0.107062695279419,0.100823282510802
573,0.0992198946912409,0.114719318121502,0.0986278518249966,0.0973438963884883,0.098256567195159,0.0818497950863893,0.108533028053755,0.102490504436817
574,0.100580318518015,0.116114532711224,0.0999380805375205,0.0985246403353541,0.0996056066280544,0.0828646829111791,0.109925083572741,0.104139515063472
575,0.10193353298887,0.117486386336044,0.1012752694682,0.0997218896542249,0.100995984019471,0.0838940663549448,0.111331471099769,0.105805213569423
576,0.103310375922003,0.118862897241436,0.102630933398563,0.100906406711652,0.102416879195307,0.084927912513863,0.112762224060175,0.107478758603458
577,0.104723628447334,0.120280558073159,0.103963855584011,0.102028666567176,0.103825890541769,0.0859403803079817,0.114201502384905,0.109139780084545
578,0.106128255982938,0.121692190702077,0.105299021062571,0.103216548256281,0.105244863471307,0.0869435241423347,0.115672570468257,0.110829503229267
579,0.107552685732967,0.12314346767082,0.106661897814601,0.104474990236739,0.106683565717533,0.0879913995897732,0.117166480318992,0.112558226779564
580,0.109020867688978,0.124668422420041,0.108057609384952,0.105775031141997,0.108144761290195,0.0891047524909958,0.118668162174967,0.114318289273325
581,0.110503064111302,0.126207849549911,0.109414329717154,0.107058713708466,0.109627238822334,0.0901551278093921,0.120168863358835,0.116069673364153
582,0.111930966361217,0.127721363063742,0.110764454989672,0.10832963195631,0.111040965312921,0.0911682877094326,0.121645320642147,0.117770774816513
583,0.113301567263831,0.129206159949476,0.112128087976553,0.109588186595692,0.112384511317234,0.0921733001919959,0.123107853278023,0.119431266468989
584,0.114744740966596,0.130744670374797,0.113512455279422,0.110836916515243,0.113841821824377,0.0932083006367604,0.124653787421742,0.121170762508791
585,0.116177337966419,0.13222492507155,0.114863861056371,0.112027887646436,0.115258583537243,0.0942123616398399,0.126115771590646,0.12287145342476
586,0.117523070760987,0.133579890321846,0.116136574002547,0.113114448823191,0.116571799058102,0.0951295488315834,0.127454923703795,0.124477575328276
587,0.118694077697343,0.134763544073604,0.117284584876575,0.114044813248842,0.117769852747079,0.0958976661538431,0.128720585446866,0.125968148565451
588,0.119809441325874,0.13585061416758,0.118359410267796,0.114878730964868,0.118859591558435,0.096641749649613,0.129873432607938,0.127372330199917
589,0.120835919486409,0.136839534829314,0.119347524983441,0.11563039024205,0.119871541011914,0.0973376495466675,0.130920544312721,0.128679270647052
590,0.121699767030333,0.137703273705957,0.120218255497409,0.116296213995795,0.120835399252317,0.0979199806219166,0.131880607131504,0.129863542732666
591,0.122489184139452,0.138465426282493,0.121032662027613,0.116872366495654,0.121725355135082,0.0984531233091263,0.132788503134141,0.130956408278277
592,0.123185145044486,0.139156573788484,0.121782213485852,0.117403786026866,0.122571347202572,0.0989738666738359,0.133642881570299,0.131959366892072
593,0.123795663111257,0.139809494051648,0.122475715871304,0.117939073838743,0.123407072741726,0.099514101988343,0.134448717626633,0.132892364322233
594,0.124469094275308,0.140442799442039,0.123215960043359,0.118507237130902,0.124243285036823,0.100104244911393,0.135249648513632,0.133851623319604
595,0.125156194538871,0.141094071663149,0.123930632366075,0.119092114458419,0.125049040701283,0.100682955167578,0.13602670466785,0.134765993026117
596,0.12585936825779,0.141831637615966,0.124624555088796,0.119725615088439,0.125847173548109,0.101263720859698,0.136807311162927,0.135658975768111
597,0.126690741679478,0.142816647998363,0.125450823435654,0.12055315618146,0.126774741372191,0.102021298071123,0.137717774718817,0.136745645708665
598,0.12753707039685,0.143785517902054,0.126316960766873,0.121363984435927,0.127652900996389,0.102706700190632,0.138621682861521,0.137832868704762
599,0.128351726484497,0.144663229383531,0.127174890642328,0.122079386875784,0.128445126405563,0.103271607628088,0.139469503153898,0.138851010558405
600,0.129128539683114,0.145498480506466,0.127996919045927,0.122703932039749,0.1292111345899,0.103802082469403,0.14026550626039,0.139803137950046
601,0.129782062872065,0.146179689927938,0.128672664232742,0.123224491316155,0.129904774513988,0.104246083265724,0.140974449828194,0.140632355952519
602,0.130262076283697,0.146674199736768,0.129181775967611,0.123643227651284,0.130500862819272,0.104607820352415,0.141567382488235,0.141273979288883
603,0.130566607876356,0.147009812582609,0.129560027636807,0.12398607063855,0.131001594296774,0.104931663505907,0.142043842665615,0.141700796407209
604,0.130926161274229,0.147424356611769,0.129971838639136,0.124380629587305,0.131577389275359,0.105431026612817,0.142587562746708,0.142164910033347
605,0.131389300433109,0.147981799560021,0.130473514539647,0.124913854338332,0.132191975230163,0.105999039413005,0.143208589427846,0.142716024650371
606,0.13193614414334,0.148660497287222,0.131048812971074,0.125581632496523,0.132779641626373,0.106504821274566,0.143862545981705,0.143324564430166
607,0.132439968373713,0.14927815468646,0.131520479010507,0.12613165150587,0.133288810463843,0.106902956426813,0.144425631690649,0.143818656073563
608,0.132885027894126,0.1498457858541,0.131944680798092,0.126633709572909,0.133721033735889,0.10718125919095,0.14493066286754,0.144256163168039
609,0.133283556208013,0.150371785133584,0.132359779127605,0.127123902392522,0.134112657622842,0.107400844124854,0.145408748073966,0.144669881895948
610,0.133691018870876,0.150855545267127,0.132781792696541,0.127589608063959,0.134567493624585,0.107764815520559,0.145891600615349,0.14505484400957
611,0.1340550187221,0.151293672838005,0.133156585876095,0.127983755720535,0.134938954091974,0.107999447973194,0.146328299542862,0.145387013367148
612,0.134381966691667,0.151660212177957,0.133470088927534,0.128288115446169,0.135225159537271,0.10809381259359,0.146714991121626,0.145676510214
613,0.134712510719883,0.151920615409881,0.133735950359376,0.128506905805617,0.135509334930948,0.108185590283894,0.147075884521032,0.145957778815267
614,0.135027708775814,0.152191721599035,0.134044350298005,0.128711629456863,0.135835422782937,0.108306588702768,0.147405854515536,0.146260286684562
615,0.13532498933008,0.152479651571926,0.134373881841277,0.128902144675172,0.136172249720988,0.108403126885658,0.147697703976949,0.146571007130933
616,0.135619907243863,0.15277914189777,0.134692157667556,0.129079044370931,0.136474535871501,0.108424836399875,0.147960487401946,0.146878895328876
617,0.135996688201267,0.153217783344835,0.135103135913713,0.129379244286182,0.136755711249468,0.108526672105013,0.148297433719498,0.147256619601361
618,0.136428731157538,0.153641815488482,0.135531848578515,0.129696749685867,0.137038256775867,0.108663124579456,0.148606986408795,0.147667587589343
619,0.136856286499177,0.153934139486867,0.135913338245287,0.129924350525655,0.13732643399719,0.108774009794404,0.14882287457952,0.148066732930618
620,0.137166007508327,0.154150301478823,0.136254906294894,0.130017025072616,0.137566547790575,0.108811347040046,0.149020468772031,0.148411193387342
621,0.137340458721183,0.154207935649915,0.136532757224454,0.129952869043373,0.13781180914662,0.108819081271078,0.14921944112666,0.148729971321881
622,0.137478188402697,0.15419568533179,0.136796798946465,0.129823605845849,0.138063171988639,0.10881355742015,0.149408679543876,0.149053383050234
623,0.137848137897725,0.154426028711106,0.137207519157416,0.129872540201319,0.138253999596464,0.108770714495861,0.149533716445411,0.149426157086622
624,0.138313508482717,0.154836355092188,0.137663551984992,0.130047178296964,0.138550719075263,0.108826299806818,0.149694153448875,0.149855923129915
625,0.138749822225304,0.155270965377925,0.138094709837043,0.130275282433203,0.138908732747137,0.108966258193783,0.149906455163676,0.150284632811314
626,0.139024332144301,0.155508184357489,0.138435472214834,0.13045450986686,0.139176830266539,0.109097922896288,0.150143930073396,0.150618123557222
627,0.139304594358306,0.155765111984497,0.13874804282833,0.130648910141547,0.139436812191841,0.109274986393552,0.150395028666654,0.150935974536529
628,0.139609933021998,0.156065375171755,0.139074096327198,0.130872650601305,0.139734102550658,0.109480524363927,0.150663164960712,0.151270675954802
629,0.139920122577617,0.156379028602111,0.139429951057316,0.131118184675038,0.140080390253285,0.109684949056905,0.150943382778059,0.151622895939895
630,0.140181301882532,0.156609714317331,0.139737044229131,0.131309573987434,0.140355239364302,0.109855726298571,0.151161885910972,0.151882333705396
631,0.140444458861538,0.156866128645948,0.140004270278657,0.131537871728687,0.140614257412925,0.110068659486928,0.151400794857001,0.152140924728948
632,0.140728416377578,0.157185853343598,0.140250904025975,0.131832640528046,0.140898641643887,0.110339678468018,0.151702330441713,0.152447429691313
633,0.140962592019256,0.157424012935819,0.140500294770986,0.132063945680477,0.141199633039998,0.110533621171868,0.152006886187713,0.152734537896299
634,0.14122588145944,0.157679900193882,0.140777073126643,0.132341786396854,0.141490251587696,0.110783739772288,0.152342863458496,0.153033493178527
635,0.141509610049667,0.15795911122773,0.141052770785302,0.132680802883993,0.141766419415183,0.111086103390423,0.152680327346444,0.153329136451514
636,0.141725437360378,0.158187333899097,0.14124281849637,0.133017102542709,0.142044442875669,0.111316462114355,0.152932842034254,0.153563585562292
637,0.141974388500966,0.158449713172512,0.141475352458869,0.13335944117471,0.142311843375393,0.111569343237282,0.153208403605912,0.153798650061405
638,0.142250631935559,0.158731277242561,0.141744210121619,0.133731130781415,0.142579475693554,0.111850383479074,0.15350659018002,0.154066092737196
639,0.142515445776592,0.158988891572746,0.142001606450893,0.134153398254646,0.142866034596047,0.112136119873178,0.153794019146397,0.154383021737189
640,0.142808741964556,0.159288917730572,0.142309585978927,0.134537801415542,0.143188815431394,0.112425879175994,0.154121066140258,0.154715177819446
641,0.143111870308545,0.159599034878805,0.142621611932644,0.134901684839902,0.14349065097633,0.112702909308107,0.154459188977484,0.155061092880917
642,0.143408358798372,0.159887598425254,0.142901165122072,0.135272219265018,0.143738620419941,0.112957949606256,0.154771967123252,0.155412641191937
643,0.143720284747646,0.160182001409858,0.143206086830304,0.135637726792496,0.14402687119096,0.113208349830092,0.155027534743754,0.155707053787299
644,0.144055810820726,0.160479119539457,0.143541503578319,0.136027198289859,0.144338298777197,0.113481489231314,0.155317129724008,0.156017318654693
645,0.144401468806859,0.16077747404337,0.143888488913281,0.136436908995377,0.144657402963101,0.113773922539503,0.155660367741665,0.156368945973142
646,0.144704391772886,0.161083646656958,0.144184071217788,0.136812093124424,0.144984772368686,0.114028563027456,0.155953046860285,0.156708189929521
647,0.144993885401687,0.161368802341506,0.144474309370232,0.137110494247103,0.145254639103695,0.114271004711919,0.156210339984825,0.157008826669375
648,0.145278397966314,0.161641314991434,0.144784068690226,0.137374060216537,0.145496117481332,0.114505332657443,0.156454733020792,0.157278373303332
649,0.145555851879942,0.161935294436515,0.145129067893924,0.137709668539046,0.145806169939623,0.114724401251218,0.156721645833153,0.157550957849725
650,0.145801178808985,0.162209068425893,0.14541529238493,0.138009707029878,0.146074154349601,0.114890061758311,0.156962226439338,0.157764889135863
651,0.146044901483219,0.162485478807348,0.145673301914174,0.138274840663643,0.146321172716868,0.115056699174456,0.157210200093597,0.15796044589911
652,0.146325274278716,0.162793556383215,0.145967021297676,0.138533346759408,0.146598704700186,0.115285575638651,0.157507652573522,0.158192263984059
653,0.146613494014619,0.163065140062016,0.146312629367121,0.138786806093588,0.146891279732404,0.11546889553311,0.157779319200997,0.158393219231054
654,0.146842931562604,0.163308952818143,0.146602913804995,0.138999297495916,0.147157048018265,0.115600392146342,0.158000703668189,0.158513475869947
655,0.146991802488941,0.163546357176218,0.14679049929331,0.139163328999478,0.147380587555269,0.115697626251631,0.158184482945404,0.158554725896312
656,0.147172134075257,0.163803001723729,0.147032760607419,0.139361236118101,0.147623149333156,0.115804127684206,0.158431476821481,0.158664732970558
657,0.14737173801303,0.164096673518299,0.147325404320307,0.139597657039826,0.147919024402747,0.115933816966898,0.158686841290661,0.158737909321376
658,0.147565440152638,0.164407507263334,0.14763619003949,0.139839321440905,0.148240435799998,0.116064893419622,0.158930720533511,0.158736487008875
659,0.147703555652908,0.164657827933294,0.147891111171571,0.139994840147279,0.148466425602665,0.116119300595226,0.159190440777213,0.158706673617611
660,0.14784592420586,0.164925382061907,0.148115867548928,0.14011941451309,0.148708978456273,0.116181720674062,0.159421489019648,0.158641630095663
661,0.147991912317933,0.165217432256745,0.148335480852819,0.140255022069755,0.148973683977921,0.116262291022068,0.159645632388409,0.158563295975622
662,0.1481138706188,0.165510021928092,0.148579593558651,0.140439895094141,0.149220907204248,0.116337367466803,0.159915459874313,0.158502701255052
663,0.148240538500548,0.165824184513783,0.148842186623127,0.140607473304192,0.149507619697354,0.116416378558978,0.1601741981002,0.158381900816418
664,0.148360081471153,0.166125567897186,0.149095794264672,0.140747484834021,0.149802722240715,0.116460223409528,0.160424243263474,0.158231574350072
665,0.148458110536742,0.166386636263274,0.149317573490291,0.14086881584764,0.150067957031423,0.116447972456609,0.16067504148609,0.158094898499019
666,0.148546264692372,0.166669986376658,0.149533665335232,0.141004752062836,0.150327061502482,0.116495908072082,0.160899271451515,0.157937393990647
667,0.148666109307376,0.166984428112336,0.149757225732982,0.141155632377564,0.15061490154625,0.116571258291419,0.161143217285267,0.15782092880963
668,0.14882315021707,0.16731521520028,0.149994612378152,0.141316466555372,0.150928242478122,0.116645919536341,0.161417190923532,0.157762127292697
669,0.148938269444832,0.167602237786149,0.150243748260306,0.141477005320377,0.151173951490448,0.116726713975551,0.16164120470729,0.157668319051548
670,0.149076241613513,0.167893915530451,0.150486415866444,0.141641050636849,0.151434831085291,0.116795097639633,0.161865546413858,0.157577996384912
671,0.149238916321907,0.16819684337589,0.150728044747103,0.141813919686573,0.151730463264835,0.1168567769962,0.162113416288111,0.157520551115193
672,0.149373464060814,0.168481718984053,0.150995387491134,0.14200310700537,0.152029713458514,0.116938820627912,0.162390303817875,0.15752568993253
673,0.149553715298131,0.168812234821317,0.151292787297023,0.142204175596539,0.152330515247572,0.117072209164243,0.162669167355775,0.15754398938349
674,0.149761934156057,0.169151421281423,0.151588805865497,0.1424233896752,0.152636307098537,0.11722993797012,0.162937624904473,0.157577407510331
675,0.149955367985649,0.169438546670076,0.15184842536134,0.14266708808418,0.152952911830333,0.117368155225357,0.16319243552272,0.157646927400591
676,0.150184142260532,0.169765094333805,0.152154133672577,0.142905121280474,0.153275344597734,0.117523157970654,0.163460791406622,0.157771290139793
677,0.150434995738363,0.170109212262906,0.152482791628926,0.143159498116583,0.153601483849724,0.117703380658573,0.163744248895773,0.157929756937921
678,0.15069376090005,0.17043500253868,0.152803138226399,0.143443368062227,0.153924377667315,0.117904147983081,0.164032420685536,0.158105858678433
679,0.150968850068014,0.170704843109424,0.153104219783216,0.143704378643653,0.154206656734486,0.118082290095043,0.164281999459313,0.158308539564038
680,0.151298324124752,0.17102554754124,0.15344789772397,0.144022815288816,0.15455043469562,0.118310482615352,0.164563127721401,0.158600360645636
681,0.151683541526573,0.171408644462674,0.153843666731505,0.144407901760069,0.154958998475562,0.118606571217418,0.164888163192461,0.158998969721953
682,0.152067445553684,0.171718269905484,0.154221134559567,0.144753541664893,0.155276597641318,0.118901538595345,0.165181589821403,0.159451857164875
683,0.15248395261496,0.171996455725981,0.154596853884519,0.145132378652024,0.15559774208782,0.1192394434534,0.165453271665131,0.160010136692345
684,0.152950581508042,0.172276623459873,0.154997336804359,0.145568468080815,0.155947664975225,0.119643159891381,0.165734465852385,0.160672524632127
685,0.153478980959751,0.172596084404894,0.155456825460814,0.146063437567845,0.156321214983601,0.120125530813103,0.166071133716846,0.161411330711925
686,0.154066682774761,0.17292765994623,0.155893361564199,0.146574792532786,0.156682668364404,0.120632459330847,0.166372685537979,0.162275597563737
687,0.15473717337936,0.173274458395065,0.15636862420883,0.147144626432731,0.157065806455483,0.121164668770521,0.166682547310361,0.163278177877761
688,0.155494850470425,0.173635671179948,0.156938771663869,0.147802361653731,0.157497578661225,0.121730989811317,0.167050977456956,0.164400327743956
689,0.15622258133437,0.173960481786651,0.157442855928361,0.148400413973821,0.157876244999154,0.122311239328314,0.167387980469539,0.16552734492344
690,0.156963070777486,0.174263677075011,0.157931036782599,0.149001492121275,0.158241295366723,0.122904934550674,0.167705152470443,0.166667599273497
691,0.157755659057778,0.174569257627483,0.158450750806225,0.149652204734678,0.158627159087878,0.123516669038175,0.168024048442069,0.16783940877378
692,0.158614750284423,0.174914046489328,0.159013038973036,0.150332801301769,0.159034192813729,0.124163331388723,0.168374337147832,0.169064206442712
693,0.159455676274336,0.175259759036067,0.159575511430251,0.15101133500667,0.159458972681499,0.124798903901593,0.168718425322366,0.170282989914381
694,0.160262256912427,0.175588981995108,0.160113083708296,0.15167688611765,0.159879242888028,0.125413274423818,0.16904736429006,0.171471830370243
695,0.161077580045179,0.175898947733643,0.160611709969097,0.152336924466259,0.160251991563937,0.126026845274962,0.169375943607039,0.172634361020809
696,0.161891839103553,0.176213263199721,0.161115915592223,0.152981701053979,0.160620272206272,0.126643370534943,0.169687346350757,0.173771338677542
697,0.162716491013779,0.176540061943334,0.161628844265803,0.153618359167438,0.161005074407857,0.127236928127751,0.169995558254476,0.174904109357782
698,0.163557136753211,0.176876201097097,0.162136985503657,0.154256377341832,0.161412342163743,0.127777457652015,0.170320848497168,0.176049464369065
699,0.164317978150621,0.177173397234888,0.162624200896671,0.15487061782374,0.161775852567263,0.128311482219521,0.170633198878963,0.177113285464172
700,0.165045700451181,0.1774623143278,0.163089132693995,0.155473534555547,0.162121538821753,0.128845651747662,0.170946708390111,0.178127860132024
701,0.165786646029401,0.177773548040811,0.163542685851783,0.156075715487904,0.162482953681836,0.129378500798162,0.171274880990803,0.179132441374652
702,0.166523767105905,0.178105702980786,0.164027224202867,0.156667855356814,0.162878568961505,0.129907839535779,0.171616593709944,0.180142424029044
703,0.1672322093984,0.178422249206312,0.164516881244763,0.157237688274593,0.163270195855178,0.130407186074636,0.171928747238953,0.181059774097089
704,0.167895602388265,0.178721816958645,0.164989630193801,0.157777607724296,0.163637778982809,0.130866873166951,0.172208928179203,0.181858837525228
705,0.168506234283515,0.179055013727186,0.165427343697787,0.158284552267503,0.163980853662995,0.131297334535208,0.172511524145989,0.182606358065066
706,0.16907238899007,0.179368076816519,0.165830970872191,0.158767284349456,0.164339055880123,0.131718687299638,0.172810574187577,0.183334522011899
707,0.169595879540403,0.179649017229388,0.16619687487208,0.159220584103906,0.164685668868592,0.132099756181744,0.173092404668717,0.184013961119088
708,0.170080298301329,0.17990899961095,0.166526363121752,0.159636422452481,0.164967285202455,0.132391635621924,0.173349716466233,0.184587999629178
709,0.170591483985826,0.180224186631597,0.166906579749545,0.160074161495721,0.165293421645055,0.132734619663213,0.173635435337488,0.185180593137733
710,0.171090476466092,0.180561004018785,0.167319172254192,0.160515267297718,0.165637780393483,0.133102846958154,0.173933921210196,0.185764198642087
711,0.171540060954369,0.180873467613182,0.167723191757147,0.160932057495895,0.165959508743221,0.133446316144743,0.174222249938749,0.186297832488731
712,0.17201183921405,0.181173062579723,0.168085101086802,0.161332886766919,0.166281864355443,0.133773531204604,0.174513995227485,0.186824193151428
713,0.17249464375257,0.181463477056468,0.168451986547169,0.161726662272461,0.166623999235646,0.134091819511355,0.174802725353188,0.187344350755052
714,0.172970033076336,0.181755569243938,0.168843148757436,0.162122513238906,0.16698005773011,0.134410914663141,0.175088944266197,0.187856871610186
715,0.173410976651096,0.18207935823653,0.16922389024826,0.162532075687034,0.167294248411263,0.134750756373979,0.175391616870995,0.188361330822587
716,0.173824001365369,0.182386440112361,0.169571636838011,0.162936920319337,0.167605997624695,0.13505875983545,0.175663064943883,0.188831813518582
717,0.174230634967882,0.182671219603815,0.16989274894903,0.163326388325686,0.167916551826023,0.135337518154933,0.175921142070532,0.189281810380275
718,0.17466498386519,0.182955109631065,0.170216224304998,0.163693712689003,0.168204525383681,0.135626588131321,0.17622743236417,0.189751535947389
719,0.175092635891006,0.183218019297915,0.170572573307669,0.164053538382158,0.168508304396543,0.135923990076289,0.176490231027432,0.190174987445224
720,0.175513717749122,0.183488866573555,0.170947249912004,0.164415746075614,0.168829700018613,0.136225921700845,0.176738497754187,0.190579603196679
721,0.175935132337647,0.183799797206875,0.171313574305592,0.164787756518911,0.169158637961804,0.136528322597106,0.177022613690204,0.191014249823398
722,0.176353414384429,0.184126037992857,0.171671286698146,0.165179334605656,0.169485136583462,0.136845378832545,0.177315595978911,0.191498794984897
723,0.176751097912041,0.184435393747833,0.172003209200328,0.165536686212809,0.169794876960547,0.137140671412309,0.177588389058905,0.191958585284121
724,0.17713026851476,0.184710941432457,0.172313880483687,0.165849684620346,0.170087052007497,0.137402971589557,0.177836667761498,0.192359166900929
725,0.177544152145356,0.184962070063695,0.172662362429875,0.166225269025179,0.17039036779892,0.137688811318286,0.17811517797961,0.192776791912667
726,0.177947183369068,0.185241581749803,0.173011459268091,0.166592629039807,0.170702594545611,0.13796988954108,0.17838653108813,0.193176007184208
727,0.178329459479649,0.185544393098849,0.173342824729891,0.166921784515623,0.171009653983851,0.138243550150731,0.178640792496495,0.193552450774568
728,0.178710580245516,0.185810905966194,0.173650021808477,0.167211027722246,0.171282885141244,0.138528100195085,0.178889883463498,0.193926620520731
729,0.179056665920019,0.186087925872573,0.173984556416275,0.16755608865952,0.171580175551591,0.13880169724734,0.179119621867601,0.194286003443311
730,0.179395961552944,0.186371243936195,0.174313320999749,0.16792657739726,0.171898695127301,0.139071206671834,0.179361379781532,0.194648081048172
731,0.17976570299133,0.186642926188624,0.17458531049242,0.168253831404292,0.172211511113875,0.139346725377276,0.179649005195071,0.195029877082492
732,0.180091987644902,0.186912030570261,0.174860908066133,0.168553586696552,0.172478152753414,0.139582286567972,0.179905346769708,0.195364092985623
733,0.180417343995396,0.187179978882089,0.175150741116559,0.168860159003148,0.172748790872048,0.139823676573786,0.180151423839243,0.195686511682179
734,0.180771112288194,0.187445832069269,0.175454058921421,0.169188556049715,0.173051407705415,0.140097250975155,0.180403621538914,0.196021146084781
735,0.181106865798944,0.187700243576958,0.175757821060863,0.169491038169254,0.173316333834185,0.140341536670536,0.180623310546451,0.196319775641068
736,0.181436203263716,0.187976752079209,0.176068065174407,0.169798263201972,0.173593545731076,0.140599633558518,0.180871082296943,0.196615948631357
737,0.181755211730946,0.188269002698874,0.17637371893165,0.170109643893202,0.173889856058939,0.140869818316442,0.181141214745519,0.19692224273499
738,0.182040191377827,0.188523399342584,0.17664159413589,0.170388465467202,0.174164783804307,0.141098847804787,0.181350747275446,0.197231630038954
739,0.182366627884962,0.188809498553873,0.17693442738239,0.170693755436283,0.174447964456241,0.141348831315357,0.181588727707688,0.197508030715688
740,0.182715600980303,0.189118542892343,0.177256371995869,0.171007880535738,0.174744285112204,0.141622526568945,0.18186161030184,0.197789752512905
741,0.183031272850598,0.189409965206876,0.177581280731708,0.17128857602758,0.175045934318149,0.141893948695475,0.182140570817253,0.198130408325476
742,0.183305600544812,0.189650300118152,0.177827980078814,0.17157697926561,0.175309944276979,0.142088780473638,0.182368920320909,0.198400830579895
743,0.183580606055876,0.18989268472525,0.178071386459993,0.171861566702052,0.175575225950608,0.1422850483876,0.182609171907549,0.198657177306177
744,0.183887634251087,0.190178971312289,0.178373651620419,0.172133791700181,0.175875130871205,0.142543912868293,0.182895433544786,0.198946004773223
745,0.184200113806075,0.190476051204125,0.178682555220875,0.172419317007249,0.176189873763635,0.142800574917659,0.183104708178871,0.199188066501463
746,0.184502635462713,0.190751241800519,0.17896948466106,0.172702541193699,0.176478372245146,0.143040826775556,0.183323459355906,0.199424728025748
747,0.18479130899223,0.191004961297743,0.179234704868933,0.172977851291179,0.176743771345142,0.143269831221688,0.183580856111278,0.199677579228212
748,0.185077329246963,0.191281069774456,0.179517050663273,0.173253241691784,0.177050104880278,0.143519442580229,0.183836044805433,0.199946962562063
749,0.185344005045203,0.191550417410865,0.179775086407849,0.173508604461392,0.177316631953815,0.143750552944596,0.184066528008872,0.20018492624024
750,0.18560275436251,0.191810154853689,0.180021250984421,0.173769050228677,0.177564016192882,0.143973544405411,0.184291947901886,0.200410610482579
751,0.18587747685665,0.192070226152075,0.180289668878271,0.174072866366165,0.1778512802523,0.144218063853982,0.184548949015759,0.200668150831724
752,0.186174795395096,0.192363904559856,0.180578777721817,0.174353716156855,0.178144953644483,0.144472964810907,0.184800188658785,0.200904521889727
753,0.186458247957095,0.1926450920598,0.180853364649913,0.174600846813892,0.178409433344923,0.144710793986511,0.185034629191944,0.201134009107401
754,0.186710564909141,0.192885621988913,0.18109630126426,0.174828975766615,0.178639787634211,0.144923993300996,0.185252844199744,0.201371283611802
755,0.187005923685178,0.193164297787308,0.181372664839044,0.175104886798975,0.178937278332584,0.145183399982019,0.185475970958801,0.201594178755552
756,0.187300890539136,0.193444648451978,0.18164290067025,0.175387078876471,0.179245449773828,0.145439679657795,0.185710633928926,0.201807569937511
757,0.18757690545579,0.193710556338268,0.181901235097957,0.175652429573524,0.179536079066208,0.145682844160546,0.185955621183342,0.202018150325754
758,0.187850434274277,0.193975048793725,0.182194353030391,0.175901625896474,0.179820738490391,0.145961654595325,0.186201077581648,0.202235539782659
759,0.188082471962717,0.194198944327294,0.182409623339245,0.176131603146237,0.180053375401263,0.146180162616769,0.18641781141225,0.202447347666259
760,0.188293252421552,0.194416583232099,0.182584062918239,0.176348330040863,0.180269212677818,0.146361052821314,0.186628920599455,0.202642113183701
761,0.188531068108215,0.194689754593744,0.182817604612201,0.176567799272673,0.180536504478452,0.146579162116767,0.186877567638889,0.20281411555809
762,0.188824904972821,0.194972669145766,0.183087273413793,0.176863343340942,0.180826260467519,0.146848436807111,0.187127701799227,0.203027322985655
763,0.189125963028661,0.195235720621311,0.183370974550484,0.177153146832735,0.181119049740395,0.147117644849373,0.18735882979468,0.203248553181982
764,0.189388099198725,0.195470252568997,0.183640907194352,0.177372143480493,0.181397727772176,0.147349030528167,0.187565900109942,0.203442547883997
765,0.189617486146927,0.195729057036675,0.183854689957175,0.177600861298966,0.181651791490347,0.147593827046241,0.187785297491489,0.203622952201156
766,0.189855091721714,0.195983905149775,0.184047781445623,0.177816850643089,0.181879728665023,0.147821381527336,0.188008726531719,0.203809171144067
767,0.190113381453716,0.196231761426818,0.184248446001965,0.178031771851346,0.182099380837657,0.148036706837596,0.188228221394392,0.203994474471899
768,0.190369060178882,0.196505668255585,0.184477271280768,0.178308137243873,0.182355353042952,0.14829431018199,0.188434384616253,0.204132650742922
769,0.190623692210776,0.196747265097808,0.184725776997295,0.178553832966602,0.182625408870852,0.1485429029695,0.188653685034484,0.204320071266105
770,0.19087934141278,0.19696833400928,0.184975934669852,0.178770773111549,0.182900165778847,0.148779995476147,0.188891035999043,0.204537182693309
771,0.191136428698812,0.197208317606178,0.185205938413411,0.178997265996418,0.18317254092508,0.149020630004026,0.18914086948844,0.204720718143896
772,0.191360638537746,0.197459084814727,0.185421213965698,0.179218445659264,0.183428644370671,0.149251458312006,0.189395468896518,0.204908017705581
773,0.191596566170262,0.197723268230933,0.185641481809093,0.179445790885147,0.183685442082244,0.14949244747368,0.18962996407238,0.205081089127415
774,0.191872585677541,0.19799554971952,0.185877183327393,0.179687373802848,0.18395731594903,0.149758324008125,0.189836288669954,0.205232353937715
775,0.192137165671771,0.198247093827858,0.186110307151989,0.17993582086007,0.184245816860089,0.15004317381524,0.190064651674782,0.20541282430541
776,0.192357517342171,0.198461673268045,0.186290438258466,0.180155951305625,0.184465550882797,0.150274629338284,0.190282569296133,0.205569348301155
777,0.192551624723044,0.198668440816373,0.186442277071013,0.180354861411941,0.18464112169984,0.150462316836858,0.190490817683669,0.205708709961423
778,0.192797720790253,0.198953459527394,0.186681048142982,0.180590230987579,0.184928195605492,0.150711092134026,0.190729182621511,0.20590836507882
779,0.193052302116612,0.199214871133802,0.186893156174477,0.180792603374216,0.185178171697859,0.150966775517771,0.190954887372176,0.206098598709008
780,0.19330376040192,0.199452100707469,0.187085733116264,0.180997408493175,0.185411731284741,0.151222991558288,0.191165123632223,0.206254542594995
781,0.193547076418398,0.199696215061118,0.187300986087543,0.181260112239363,0.185693014916338,0.151483129500362,0.191370900792889,0.206373053708359
782,0.193753537316809,0.199918979667513,0.187498872368033,0.181463586552731,0.18592058429115,0.151709140401319,0.191572641324394,0.206499397675046
783,0.193963766259774,0.200147189602008,0.187686476612349,0.18164513904781,0.186142451416724,0.151939799292876,0.191768749435661,0.206636337790272
784,0.19420188137647,0.200393259444636,0.187873811174775,0.181843877642706,0.18639427699684,0.152198031767451,0.191969843442139,0.206785900818619
785,0.194425361375786,0.200612326066475,0.18806267860222,0.182051430007788,0.186628267103935,0.152438593016734,0.192231715830491,0.20697590894464
786,0.194651171599839,0.200836381791623,0.188247851087859,0.182266706308933,0.186875046988306,0.152683064630158,0.192438607179037,0.207108707286127
787,0.194890714619445,0.201080777164221,0.188443405260393,0.182486771697039,0.187142437629906,0.15294352252014,0.192603376715243,0.207200030085851
788,0.195151471919207,0.201347119766834,0.188681299303766,0.182706358949339,0.187418418405926,0.153224601932058,0.192855715439718,0.207369599115297
789,0.195376394681173,0.20155730698571,0.188852907274046,0.182895692390433,0.187624531844886,0.153450512854435,0.193061604784656,0.207487584069008
790,0.1955914678407,0.201766078799537,0.189016257996379,0.183077716227259,0.187811374685065,0.153663309071446,0.193249041520694,0.2076067404086
791,0.195833284695408,0.202040808250588,0.189249112802462,0.183285042092046,0.188052946479558,0.153923948876441,0.193477921037419,0.207797844968016
792,0.196026954898996,0.202250734705839,0.189410058991191,0.183497263998484,0.18829235127746,0.154161102330084,0.193694785827817,0.20789324509723
793,0.196236360461362,0.202453939297721,0.189563515506976,0.18370917862707,0.188527756871348,0.154408210288514,0.193913873303135,0.20797931350743
794,0.196487832995217,0.20268931100319,0.189748385405111,0.183917701043843,0.188757868123816,0.154672988867886,0.194134752601128,0.208112599249545
795,0.196709431714274,0.202929886671992,0.189916236811652,0.184121991102924,0.188970399480134,0.154886819382157,0.194309954286154,0.208251807318028
796,0.196901973736366,0.203131929209526,0.190079792468731,0.18431006857553,0.189182430000251,0.155104592183612,0.194483926722616,0.208352199341876
797,0.197089763641336,0.203321175767922,0.190240241682037,0.184500461188038,0.1894070659254,0.155354512860656,0.1946786004165,0.208444850188468
798,0.197315006767757,0.203568377065126,0.190394067629881,0.184728172861526,0.189652615810671,0.155646176440093,0.194900896003454,0.208609053189824
799,0.197533457333318,0.203797266279183,0.190559219290029,0.184891906146544,0.189848562000071,0.155872594428882,0.195089225407161,0.208731427501286
800,0.197718780284349,0.204003092204218,0.190722362341512,0.185015346238671,0.190034738632031,0.15606735888678,0.195261707666614,0.208802734852952
801,0.197873866175066,0.204198500921412,0.190873311183795,0.185154024827571,0.190261109169394,0.156292097807663,0.195452012348245,0.20885949036502
802,0.198107605574745,0.204394510575668,0.191046421768677,0.185369432274716,0.190507548082252,0.156582925079927,0.195677156985225,0.209029967557144
803,0.198344261889853,0.204609426131686,0.191231507767255,0.185574984156314,0.190741640484186,0.156840627545941,0.195894428705402,0.209181270421577
804,0.198549498040944,0.204846152878687,0.191417530213991,0.185745974156123,0.190963806762007,0.157047594210517,0.196085477067045,0.20926484209354
805,0.198757514578673,0.205088348709752,0.191595462200858,0.185959278564126,0.191230030974088,0.157319284702501,0.196269233697623,0.209368835443513
806,0.198988633429001,0.205307315841365,0.191757816436149,0.186167121576516,0.191454633303656,0.157556189669596,0.196460610082515,0.209472627917938
807,0.199204250298755,0.20550367736085,0.191898613946882,0.186345429130933,0.191635612079016,0.157766276960054,0.196649432407868,0.209560606216232
808,0.199350288573814,0.205695712406365,0.192018321113416,0.186486145306954,0.191809549474658,0.157998632578519,0.196817658672643,0.20962161378993
809,0.199527569692393,0.205912927864199,0.192158029730835,0.186659828832842,0.191995115848437,0.158229104952272,0.197002074950526,0.209707868156777
810,0.199729328876987,0.20613106458604,0.192315438195814,0.186845535902204,0.192209950698718,0.158471731767964,0.197190608902744,0.209808656238414
811,0.199933786140076,0.206329024304911,0.192480603091386,0.187021417482998,0.192451291977261,0.158725997098929,0.197370478053814,0.209907517127844
812,0.2001211052018,0.206514919715876,0.192642331675536,0.187205453860122,0.192665654975087,0.158930487395586,0.197547414213296,0.210001640294006
813,0.200331073377596,0.206716517019831,0.192817240685793,0.187383024248272,0.192868113477117,0.159158689756537,0.197720525325442,0.210083657894424
814,0.200549092074879,0.206925429879267,0.192983594063063,0.187548573191358,0.193058038051818,0.159410949951006,0.197891750012245,0.210155332200008
815,0.200710515910423,0.207099542732988,0.193084079496867,0.187704608874954,0.193221826393876,0.159621267759444,0.198065707502039,0.210227134049088
816,0.200923426846652,0.207312730202116,0.193209777079118,0.18789215706598,0.193447547387933,0.159863458952931,0.198237959952085,0.210285623044303
817,0.201113076802714,0.207525606589483,0.193338611798981,0.188060351337581,0.193672264826137,0.16010536313684,0.198414014364067,0.210370694518904
818,0.20120167634845,0.207685975605594,0.193435680028264,0.18816385095159,0.193822273621491,0.160303704189048,0.198597370479525,0.210506259692904
819,0.201389582536207,0.207854672996162,0.193584162183807,0.188342363468962,0.194025672818113,0.160521045359268,0.19876203130877,0.210543153027544
820,0.201609484877472,0.208053587343923,0.193731970407909,0.188526479514658,0.194226478339263,0.160768665683102,0.198940352705589,0.210585900512771
821,0.201807323471171,0.208278012865285,0.19385558093369,0.188677471688552,0.194395840478888,0.161028106546564,0.199131465016248,0.21068471054568
822,0.201979972828914,0.208484553312813,0.193999203262993,0.188833684581216,0.194569966354038,0.161229258485417,0.199261996669287,0.210768055075451
823,0.202147558438959,0.208657613919486,0.194124186527946,0.18898422767128,0.194767756322417,0.161435113415313,0.199412510880761,0.210844465839958
824,0.202312470544574,0.208805272963857,0.194234749702863,0.189131797263247,0.194979553685457,0.161660917260833,0.199590474504846,0.210912602467355
825,0.202472383493639,0.208955646775616,0.194355848452733,0.189283129988383,0.195179361710511,0.161899832932743,0.199767892792969,0.210972841110553
826,0.202680295500673,0.20917983934969,0.194503296181475,0.189428647031458,0.195373809042519,0.162149306922615,0.199933007400449,0.211066175591598
827,0.202872522915876,0.209391746001294,0.194653573291726,0.189572732693694,0.195557751618538,0.162375501744033,0.200082589318676,0.211148228053214
828,0.203004273779201,0.209531896089991,0.194779048365516,0.189720754217214,0.195727262258615,0.162563699717584,0.200222112892949,0.211186952233122
829,0.203143251823223,0.209700036184456,0.194856979556228,0.189879027848778,0.195886699623567,0.162770336775455,0.20037683800778,0.211227459945358
830,0.203272244214182,0.209853622350311,0.194934111463028,0.190012296309716,0.196033260725213,0.162963493465005,0.200527469100849,0.211263022688138
831,0.203398035558349,0.210005921873354,0.195040002582658,0.1901377866887,0.196181241074379,0.163151085775485,0.200667983234437,0.211296883165085
832,0.203549046984577,0.210220015644042,0.195188556672944,0.190321525027549,0.196361129843374,0.16337717555428,0.20080472358361,0.211340928337596
833,0.203734123572742,0.210391385789822,0.195314043988674,0.190514795054484,0.196562938598793,0.163595637558001,0.20098704177494,0.21139815305697
834,0.203941806368374,0.210553033425954,0.195424265785898,0.19069105533915,0.196759376287198,0.163817769750089,0.201177236466428,0.211469176759222
835,0.204146645755123,0.210751827249399,0.195543339252562,0.190831151790759,0.196925942916823,0.16405723285928,0.201324512620205,0.211546782935713
836,0.204289828756223,0.210901877261797,0.195663366010384,0.190916191144103,0.197077705630876,0.164256273574874,0.201438042021545,0.211591274705584
837,0.204441053495372,0.211042418209908,0.195773688136165,0.191035429731621,0.197235651569814,0.164466093811946,0.201599486968827,0.211642761572533
838,0.204623671532375,0.211199073207339,0.195878408992022,0.191214850186194,0.197416497741622,0.164702634290849,0.201814857279161,0.211716077990012
839,0.20477848603373,0.211366765675695,0.196006786046526,0.191376867651152,0.197636019564365,0.164920464234551,0.201968130844737,0.211782932456111
840,0.204937935502176,0.211552913230983,0.196121297711645,0.191536258818758,0.197817710476382,0.165105718994906,0.202090132372988,0.211822718481318
841,0.205107988630872,0.211754013083988,0.196228062436205,0.191692171272237,0.197979484228866,0.16530675696195,0.202220634477643,0.211857905296114
842,0.205283705042191,0.211959684163363,0.196350319832182,0.191839618258102,0.198175285000126,0.165582473050136,0.202398774929007,0.211922312927083
843,0.205449907718116,0.212153328684375,0.196490300140812,0.191962405013774,0.198385976734873,0.165809821796206,0.202562726268703,0.211952794893189
844,0.20561635432179,0.212314152477735,0.19663015907268,0.192098740896533,0.198568886602331,0.166003927089258,0.202728565684081,0.211993534710779
845,0.205779401582401,0.212445358505893,0.196753723815607,0.192259988108287,0.198711586515865,0.166193562427568,0.202899820072997,0.21206749383566
846,0.205886763253674,0.212602299911201,0.196850051748241,0.192372738601885,0.198875962104285,0.166394774207142,0.203017870541291,0.212117898500974
847,0.206033792885719,0.212786888786029,0.196957491076045,0.192529347927882,0.199056638919575,0.16662197964862,0.20318820640934,0.212170252739042
848,0.206211613330796,0.2129650520207,0.197073128439381,0.192704614920774,0.199234238574346,0.166853868510242,0.203380026706113,0.212219075836395
849,0.206349686692491,0.213083743271093,0.197170562512289,0.192805128004162,0.199381460509685,0.167048938089428,0.203483034196939,0.212244454770896
850,0.206541094272151,0.213257041995532,0.197300203817926,0.192932387136742,0.199557177481733,0.167276073284142,0.203630276173807,0.212303383361681
851,0.206734899562234,0.21345140566552,0.197476112822712,0.193097712858738,0.199762182112373,0.167513997404259,0.203819396750975,0.212395178095239
852,0.206894357319926,0.213631035612269,0.197678405371964,0.193287550199789,0.199980414130989,0.16773992587154,0.20401623170435,0.21249737747671
853,0.207134901820095,0.213864277176793,0.197807999968785,0.193476517106947,0.200189274632988,0.167995831714081,0.204177004260282,0.212561144556149
854,0.207315420776803,0.214040607868326,0.197886865124087,0.193610338773204,0.20034347641262,0.16819222273678,0.204300724330006,0.212590835240005
855,0.207441056065224,0.214179853475582,0.197963047801584,0.193717615944416,0.200491134475015,0.168357458862625,0.204427766258733,0.212624966717728
856,0.207658563928024,0.2144273434171,0.198109757710025,0.193907231375036,0.200769314922678,0.168633563791561,0.204637816464598,0.2127344851778
857,0.207884582763288,0.214634155123963,0.198291205919662,0.194119349362686,0.20097244503365,0.1689081917409,0.204857365440161,0.212842615034434
858,0.208064321582637,0.214787216522926,0.198447633489372,0.194287409935841,0.201111616616357,0.169140861810003,0.205037727607062,0.212910061641457
859,0.208183334789349,0.214923632173524,0.19854222130851,0.194381021404789,0.20126104876043,0.169332847720768,0.205163819454925,0.212934832544971
860,0.208380787041798,0.2151335969057,0.198675967374291,0.194545971806815,0.201498219661968,0.169590790634121,0.205336885501607,0.213035635876674
861,0.20858577657689,0.215353029762957,0.198822668405391,0.194722386787825,0.201722359038851,0.169825047162226,0.205535652766111,0.213130144878431
862,0.208764014252993,0.215536498768797,0.198959113237859,0.194876236205742,0.201893320159694,0.170021398243324,0.205730485051497,0.213188240603784
863,0.208940630210961,0.215668292590303,0.199071467228836,0.195016732855327,0.202058344194242,0.170277169069323,0.20588554758942,0.213257656856609
864,0.209099377237701,0.215831454834867,0.199201426319237,0.195187038231757,0.202244946073572,0.170502818790512,0.206054621458087,0.213350264901754
865,0.209272406085597,0.216031633852051,0.199350070577881,0.195381490866552,0.202460728513299,0.170741781699269,0.206259973567693,0.213460499077084
866,0.209492369429292,0.216246952277862,0.199504436180127,0.195575249812648,0.202696218269536,0.171052348558018,0.206495346903465,0.213565729875809
867,0.209688270730915,0.216476735870066,0.199661401894655,0.195748959005418,0.20290372803232,0.171298597854697,0.206649761666329,0.213587863748437
868,0.209897610745097,0.216696872778205,0.199824349786246,0.195918889958855,0.203112623785162,0.171544576870412,0.206835786334823,0.213663392704597
869,0.210129775609499,0.21689404381083,0.199984436131652,0.19609843522393,0.203332361802562,0.171816277336546,0.207086782853637,0.21383084950982
870,0.210332823182812,0.217072455683708,0.200106170556673,0.196292951584445,0.203527374562171,0.172048998300186,0.207273613852298,0.213939533715487
871,0.210537638576966,0.217252919723251,0.200268203927263,0.196483469111719,0.20372976358366,0.172293706017924,0.207477241132717,0.214050223267003
872,0.210755585862888,0.217461901155149,0.2004536525891,0.19667841007305,0.203960240253153,0.172558646770694,0.207700125621187,0.214178304736563
873,0.210986096323699,0.217714236980595,0.200612037244627,0.19689271740895,0.204225812849052,0.172832809362065,0.207914866325987,0.214317644570133
874,0.21118834223602,0.217921260908878,0.200768646660046,0.197096914861743,0.204461887482975,0.173093080601696,0.208100252030774,0.214403152752846
875,0.211402909821381,0.218142616973819,0.20095080499773,0.197301074748117,0.204707278676182,0.173354206766953,0.208308494904101,0.214505291082798
876,0.211644807522683,0.218397808899833,0.201153776158113,0.197504970856261,0.204965632130772,0.173616890064443,0.208554502429655,0.214654967075415
877,0.211861157054933,0.218591912129056,0.201308063445782,0.197675240518784,0.205138079185796,0.173839221925543,0.20876478386265,0.214777463834407
878,0.212076977393637,0.218788749799892,0.20143942778883,0.19786249718359,0.205352277430969,0.174096057954627,0.208967024597123,0.214895522634423
879,0.212300934679532,0.219006328486944,0.201586265762967,0.198067769520069,0.205603748268464,0.174373764325378,0.209170805999006,0.215030204459357
880,0.212535504766125,0.21923937749143,0.201785673175308,0.198269117701708,0.205831627169538,0.174622892734542,0.20938260653455,0.215196759517832
881,0.21277955454064,0.219443822901631,0.20195945490512,0.198458070732922,0.206062847042408,0.174877657320668,0.209626753082755,0.215326369755161
882,0.213020898469576,0.21966442474304,0.202135609946849,0.198683412611367,0.206303209475248,0.175176381120577,0.209880060500513,0.215468156347415
883,0.213255540127747,0.219924725005273,0.202334439109368,0.198949469837669,0.206549326734395,0.175515035862245,0.210119037030756,0.215644564713417
884,0.213496742442573,0.220177910166271,0.202527727347193,0.199139886793722,0.20677688089335,0.175790326184301,0.210324334572147,0.215782360949341
885,0.213768070593665,0.220434051143372,0.202742596600565,0.199369047332216,0.207043883847124,0.176096405597464,0.210576277982958,0.215947601072764
886,0.214057719567459,0.220705554638809,0.202968913920876,0.199630068831952,0.207329959780165,0.176427948255952,0.210861573871662,0.216134157582582
887,0.214329828745717,0.220997227438543,0.203177412224171,0.199859435834727,0.207579069990715,0.176731873749317,0.211118558703794,0.216300114584412
888,0.214519196217084,0.22119908065085,0.203354153604921,0.200079315439484,0.20782540636269,0.177006374768673,0.211346872226726,0.216434225316615
889,0.214753767212935,0.221409018912821,0.203533124945528,0.200312186832909,0.20809797515214,0.177288094039331,0.211577487750232,0.216577269210788
890,0.215077518259477,0.221677559499647,0.203730646066691,0.200543254300766,0.208389437435516,0.17758137601631,0.211826323866957,0.216755136342029
891,0.215275750927649,0.221871886139057,0.203900039069039,0.200654557549002,0.208602803561384,0.177791746899009,0.212059631878184,0.216946236910752
892,0.215491325323781,0.222124133395216,0.204116997781456,0.200825369198321,0.20884033833615,0.178048402963127,0.212325587694003,0.217131915329534
893,0.21575956375084,0.222419717199656,0.204377765280984,0.201087295006601,0.209130125788621,0.178376365289187,0.212601799656242,0.217308562395343
894,0.216061291823307,0.222676938617416,0.204634380000251,0.201384270286452,0.209454087951313,0.178737792150218,0.2128367839458,0.217484692649647
895,0.216375964693931,0.222965516733465,0.204863790771074,0.201621599456111,0.2097340646737,0.179059588649916,0.213096272223947,0.217688913433986
896,0.216695395993664,0.223274351553987,0.205080220686967,0.201869708768228,0.210024741021567,0.179361205701174,0.213377718293065,0.217896366291612
897,0.217002166321299,0.223576612640968,0.205295077361477,0.202156789794092,0.210348353471382,0.179665936615494,0.213662616326218,0.218090127944716
898,0.217238570778214,0.223824493972885,0.205493468028352,0.202354287509736,0.210606679620694,0.179970946967103,0.213911724726146,0.218282816568097
899,0.217547761322123,0.224121550649317,0.205731989346156,0.20257433647284,0.210878116146639,0.180291066614921,0.214201691419143,0.218515600799005
900,0.217877545967323,0.224425594905625,0.205977919996516,0.202824656729334,0.211171618607897,0.180611088968078,0.214508879609147,0.21877596802977
901,0.218098304047767,0.224638721725737,0.206163591376815,0.203068561875349,0.211461519275308,0.180905120738749,0.214766694299715,0.219020703232501
902,0.2183613170899,0.224882885486312,0.206360468197502,0.203353604892404,0.211723094190882,0.181201259939462,0.215015681589248,0.219217685984559
903,0.218667872008608,0.225171856631846,0.206575652524102,0.203628204978496,0.211986592815381,0.181518015617057,0.215293505384322,0.219403017054405
904,0.218995841257766,0.225495053067952,0.206813112413843,0.203869674057849,0.21228109020027,0.181856536790318,0.215605480726132,0.219606183025668
905,0.219318169480156,0.225825814379143,0.207093581728455,0.204138753458415,0.212624017684779,0.182186492293037,0.215891654140423,0.219823628862248
906,0.219610434391683,0.226136690513473,0.207356172542636,0.204407561667964,0.212965942282427,0.182509429695048,0.21617283051623,0.220064650825175
907,0.21988196940668,0.226420792563251,0.207594596579784,0.204669280836151,0.213280556871591,0.182839148240597,0.216455242827551,0.220295094129684
908,0.220164074252591,0.226691234334198,0.207829363752785,0.204929292898896,0.213564190019764,0.183189229376455,0.216744028609458,0.22047771360746
909,0.220499601916054,0.227003676477093,0.208072720142617,0.205222615600425,0.213893094500573,0.183508732063612,0.217069090541962,0.22071732167534
910,0.220838732892758,0.227354670976948,0.208305499615613,0.205520808371504,0.21422593201531,0.183825313342304,0.217381160414894,0.220966764588589
911,0.221156086731177,0.227711019044864,0.208532220416249,0.205792624356388,0.214530855082774,0.184159402192282,0.217658233737573,0.221195694682984
912,0.22148739346742,0.227997310824701,0.208805239437481,0.206007078804472,0.214811382952873,0.18450733801908,0.217936431920177,0.221426432935483
913,0.221800583353296,0.228303304662431,0.209103967938059,0.206278561457363,0.215111968596798,0.1848439464786,0.218248638039909,0.221724311043182
914,0.22211554350727,0.228611991991835,0.209395820871982,0.206581931918383,0.215435937497886,0.185180677126959,0.218599371856048,0.222030816836896
915,0.222458815437868,0.228881548171809,0.209648560079603,0.206846977585416,0.215766124102739,0.18553167384716,0.218962733896642,0.222258481457951
916,0.222773026294399,0.229175774802285,0.20987311899326,0.207090377089165,0.216075549676394,0.18582820882156,0.219230797149375,0.222473106322721
917,0.223093360647292,0.229484008177205,0.210119958784892,0.207367849049426,0.216400683782442,0.186170288469048,0.219471324893865,0.222699959780933
918,0.223437103314571,0.229797807909642,0.210395837941457,0.207680730542779,0.216740537625077,0.186562112716744,0.219754537902632,0.222961332725811
919,0.223788966709266,0.23011960836098,0.210644739248091,0.207951994121378,0.217035518488473,0.186860600926216,0.220137812835872,0.223280796783033
920,0.224132070552802,0.230452779609501,0.210882655859075,0.208250773982346,0.217391710168097,0.187198397841186,0.220481519898323,0.223584518245137
921,0.224467428534818,0.23078166033524,0.211144524668812,0.208568156949409,0.217788032685964,0.187569369286051,0.220770058231555,0.223854270372398
922,0.224800399478211,0.231088612516345,0.21144920711382,0.208873694445674,0.218162082028262,0.187929699413444,0.221037042181329,0.224104002785758
923,0.225124324424101,0.23136786343016,0.211714583685477,0.209152170137397,0.218460637672778,0.188264474331332,0.221337773745074,0.224399546299545
924,0.22544245823574,0.231683318453721,0.211966379212842,0.209412789002375,0.218733768956757,0.188583970109135,0.221653354378454,0.224691257999126
925,0.225772106218233,0.232049229247965,0.212240077626151,0.209689229606646,0.219035851717508,0.188930435606423,0.221994684755994,0.224974043837662
926,0.226141629266189,0.232425175044529,0.212573299544134,0.210033655401264,0.219416408769136,0.189370321618462,0.222400673274446,0.225290187022988
927,0.226461083096877,0.232732537131484,0.212861825941364,0.210304250473561,0.219757206448279,0.189717411268608,0.222706541963043,0.225564019458368
928,0.226782551100348,0.233021543764135,0.213127074396754,0.210570227787877,0.220096440833229,0.190027446459437,0.222987730076762,0.225826972196408
929,0.227151718614505,0.233343949117775,0.213402067928303,0.210893597618637,0.220468169285162,0.190377599969461,0.223322115847161,0.226108604623076
930,0.227480582056319,0.233641228819478,0.213653992721192,0.211144117146909,0.220768508863261,0.190720128734566,0.223604937080899,0.226346170982205
931,0.227860607402684,0.234019725492817,0.213926700966094,0.211458635932735,0.221096455396676,0.191097456725875,0.223898269818497,0.226608888572133
932,0.228229325458395,0.234407953244748,0.214202240585493,0.211788148096259,0.221441486875757,0.191463579561421,0.224201740560264,0.226893316394909
933,0.228448825330673,0.234638531821064,0.21443108538184,0.211982121279942,0.221729871517812,0.191733037259798,0.22448211639352,0.227153615419864
934,0.228804905331761,0.234947465691015,0.214726186505509,0.212284182077299,0.222082029143222,0.192110504939756,0.224836947234276,0.227466802648823
935,0.229181854750794,0.235285972718439,0.21501875496818,0.212615910122477,0.222432269423438,0.19249314689988,0.225223895782189,0.227793943917013
936,0.229484026089283,0.235597566496051,0.215255300252985,0.212895430395666,0.222743264472019,0.192810779664189,0.225587780041048,0.228098621091099
937,0.229787716704974,0.235902497601968,0.215466717367422,0.213133712053435,0.223099800185928,0.193164072981013,0.225891752282416,0.228383699378076
938,0.230119950657654,0.236215274282166,0.215730878096053,0.213399296680878,0.223474978311476,0.193535569209839,0.226181637188057,0.228713050506182
939,0.230467338881371,0.236526629591395,0.216027428913719,0.213694669345226,0.223830204587546,0.193904871443933,0.226476626693025,0.229023782546332
940,0.2307939694232,0.236824377841291,0.21629588884903,0.213987524241825,0.22413156318261,0.194247574411594,0.22678557457883,0.22923331188696
941,0.231061099660483,0.237145005621125,0.216529210119158,0.214230375425825,0.224420087044482,0.19453786297245,0.227116420905615,0.229496142668172
942,0.231354703973054,0.237500686607036,0.216794165941961,0.214479530117622,0.224741107226668,0.194893769701145,0.227468218891939,0.229847100552553
943,0.23169162048717,0.237849531357706,0.217079415391182,0.214767258835476,0.225090150905219,0.195309774958852,0.227802304227128,0.230206470729553
944,0.231987473587776,0.238085077946608,0.217267011954516,0.215082994821576,0.225399233112644,0.195609954029257,0.228034713089511,0.230364847640745
945,0.232368572036648,0.238386848564126,0.217535938344912,0.215398499660709,0.225706476907057,0.195933538172821,0.228308597837567,0.230604618917376
946,0.232673185756715,0.238659782962655,0.217786520151145,0.215649200698603,0.22597984636328,0.196246163573047,0.228597690177571,0.230876717103419
947,0.232794070744815,0.23881750361545,0.217920182809865,0.215812240646786,0.226206265612217,0.196505668396118,0.228857863556975,0.231090736252519
948,0.233088003386368,0.239068988476589,0.218104249625813,0.216027385774297,0.226496323157525,0.196798265540602,0.229156764249669,0.231337751493697
949,0.233446851054477,0.23939751208726,0.218407560119337,0.21631916352968,0.226833562291565,0.197154881976819,0.229469087341955,0.231645615420054
950,0.233769785372877,0.239719418531843,0.218744792269184,0.216608628111838,0.227174782078871,0.197529966159766,0.229724671613271,0.231951334318195
951,0.233981246491242,0.239924082843615,0.218933973648874,0.216765046627753,0.227465004142599,0.197827927768648,0.229850416200624,0.232145954450625
952,0.234218656533377,0.24018252392216,0.219071312100863,0.216986367035529,0.227747481499698,0.198061024943293,0.230107972020321,0.232400672510073
953,0.234493674743626,0.240503125127512,0.21928501615667,0.217250684748074,0.228063176384372,0.198342464461174,0.230414114378868,0.232687640208763
954,0.23478800674806,0.240832188203297,0.219588307365933,0.21750155642694,0.228395720992543,0.198705802232088,0.230677150934184,0.232946528966141
955,0.235063614107292,0.241037303313621,0.219755454270357,0.21767426694525,0.228608835734132,0.198995026778207,0.230887087577806,0.233101605029016
956,0.235357172228675,0.241300788083437,0.219953460222744,0.217915053496065,0.22889876373586,0.199335796747412,0.23120867877382,0.233376483508424
957,0.23561642626813,0.241576577095823,0.220164371285225,0.218173779050667,0.229189330834225,0.199664511764942,0.231533138886019,0.23370453671476
958,0.235796854536429,0.241774993350512,0.220338226792759,0.218358537827878,0.229365640917995,0.199893954067323,0.231712411441795,0.233943186490265
959,0.236048857207785,0.242031134132225,0.220606893335395,0.218556426964559,0.22965372843513,0.200169349458131,0.231962912959488,0.234171154053922
960,0.236385516851699,0.242377368563232,0.220904581549261,0.218858101022263,0.230010395795464,0.200518372607504,0.232281006423062,0.2344391260386
961,0.236771156471159,0.242754317813523,0.221183626081028,0.219232421642807,0.23037828152868,0.200915797398461,0.232627744900698,0.234755787053497
962,0.237130610215639,0.243029840469431,0.2214267383334,0.219532974818587,0.230703589541928,0.201291641628906,0.232942742602981,0.235086958428765
963,0.237455676019824,0.243373341861137,0.221648830937198,0.219782117989103,0.231026876696597,0.201651334784088,0.233249114790098,0.235404947748068
964,0.237735218971832,0.24364434902318,0.221851447800124,0.220009388744506,0.231333529119865,0.201980043076383,0.233524790693178,0.235647138886469
965,0.238000331739982,0.243805871343858,0.222066854701041,0.220255084885708,0.23162824780149,0.202295194766151,0.233781020499919,0.23582094033914
966,0.23838830556543,0.244237763076836,0.222417877842867,0.220577117434536,0.231992013717508,0.202706461752983,0.234132077477482,0.236109435589721
967,0.238732521032346,0.244579917517497,0.222749933152828,0.22090995976356,0.232326997830977,0.203056060972689,0.234468322051117,0.236459995760228
968,0.23903761862959,0.244828558071341,0.223014110034495,0.221222759904924,0.232655937261769,0.203365220148931,0.234803173056457,0.236807596424501
969,0.239378640081008,0.245124906737414,0.223225619453598,0.221510910162608,0.233035418206843,0.203725749271644,0.235188040916662,0.237095354106134
970,0.239771925165683,0.245502837268673,0.22347422730022,0.221829371099092,0.233390504465726,0.204147335408466,0.235580773814858,0.237387643744999
971,0.240200984069534,0.245889887591316,0.223770124143088,0.222168701859863,0.233787533567265,0.204566284274477,0.235934343268498,0.237735866199094
972,0.240608600243632,0.246267380214599,0.224092520108808,0.222513571223193,0.234205035965012,0.204957612773224,0.236239025216034,0.238116747409969
973,0.240911973216263,0.246680289152996,0.224400219471052,0.222848717714127,0.234530861256029,0.205345933127235,0.236531868991663,0.23843791747815
974,0.241310423589489,0.247016345640507,0.224790333887286,0.223156887711319,0.234945590312066,0.205720000674427,0.23695201847189,0.238859970836895
975,0.241742708028071,0.247412828190585,0.225194222162003,0.223489934591023,0.235397857755074,0.206118185896775,0.237406047558502,0.239278571318188
976,0.242137838591156,0.247905288234241,0.225542000156594,0.223864271366311,0.23579950468161,0.206553899334707,0.237779559062511,0.239595181123866
977,0.242544505909635,0.248132655969055,0.225846250471562,0.224173371991384,0.236079471303031,0.206962318727598,0.238008618309117,0.239843618231418
978,0.242888555106174,0.248424215506775,0.226097006310117,0.224448490279934,0.236401924165315,0.207284820890217,0.238398195381877,0.240185637415251
979,0.243236662151762,0.248825484543568,0.226351285533126,0.224723697779697,0.23681822354705,0.207616672347497,0.23889584899079,0.240631401235139
980,0.243662343401581,0.249243495478101,0.226660941745734,0.225027300995512,0.23728528538641,0.208056077414393,0.239301366420082,0.241087522959319
981,0.243920179018175,0.249509168818141,0.226884638006304,0.225327768373086,0.237548960051386,0.208313852289286,0.23954536867529,0.241336375606323
982,0.244301409529876,0.249852029407716,0.227143013856814,0.22564135685768,0.237864315661839,0.208634660625459,0.239847944967338,0.241586896712334
983,0.244816454905648,0.250285750334598,0.227470430594946,0.225966628440027,0.238311086449083,0.209074300226425,0.240233706123776,0.241920669802567
984,0.245194953970703,0.250607983248228,0.227802976690375,0.226284094712219,0.238762288015667,0.209482560720084,0.240535229572766,0.242266226632896
985,0.245531475863792,0.250901093865856,0.22809707751575,0.226577251521776,0.239023885286977,0.209849638586586,0.240865914317374,0.242514565059613
986,0.24586791271872,0.251176593333551,0.228359166919503,0.2268970422606,0.239322056746372,0.210220621572176,0.241191882441008,0.242850324557338
987,0.24621402737325,0.251449267681029,0.228595901095756,0.227243836038185,0.239748453916932,0.21061255141118,0.241513356458463,0.243305520627927
988,0.246523721095836,0.251760905094339,0.228787191704793,0.227489012296148,0.23996541331297,0.210960820530951,0.241950287837589,0.243503186512698
989,0.246850011291025,0.252003590317041,0.228991045781543,0.22780359387506,0.240287753063101,0.211284663341885,0.242302455813971,0.24371145652045
990,0.247181614617683,0.252294556003077,0.22927308584427,0.228129501028457,0.240700122693558,0.211603627587413,0.242597496445552,0.243979519146588
991,0.247507872573972,0.252733419518751,0.229640950655775,0.228382934264739,0.241090968704865,0.211942585397452,0.242918026921868,0.24428811080801
992,0.247917812423619,0.253027288824972,0.229879091929712,0.228708600659612,0.241436232887794,0.212339172613054,0.24321173422243,0.244637702519293
993,0.248331591500354,0.253388529663012,0.230140202598323,0.229050417448013,0.241835467578502,0.212773780593507,0.243663280386835,0.245057315574679
994,0.248658233271647,0.253784020125511,0.230403266229916,0.229330884886736,0.242185238918393,0.213190943436326,0.244122049643405,0.24540755122032
995,0.248849877557975,0.254039661303822,0.230557031180339,0.229502794624833,0.242313314434838,0.213529557217339,0.244292363958037,0.245514716196054
996,0.249226799627637,0.25432474034758,0.230803099295341,0.229860981868958,0.242679200020681,0.21387741518427,0.244708220172711,0.245890694689114
997,0.249598942871181,0.254668313572646,0.231114335992152,0.230205263410447,0.243096771804083,0.214257208369165,0.245069718439852,0.246260992263177
998,0.249905099922993,0.25501596887241,0.231420807619988,0.230459287107196,0.243426945608043,0.214624286957082,0.245280636252585,0.24650210382336
999,0.250318690603044,0.255235057343896,0.231638777192253,0.230775512638509,0.243694729594355,0.214865796181704,0.245620042812731,0.246798987187752
1000,0.250588224144253,0.25548284823622,0.231846220425963,0.230978804502663,0.243965015068679,0.215138653417777,0.245945045321127,0.247054386673465
1001,0.250588224144253,0.25548284823622,0.231846220425963,0.230978804502663,0.243965015068679,0.215138653417777,0.245945045321127,0.247054386673465
1002,0.250859845732331,0.255675093000041,0.23204397773556,0.231146301197293,0.244211780710776,0.215494939556391,0.246199818072835,0.247391810698096
1003,0.251142278343312,0.255943540891543,0.232236351695883,0.231393892270496,0.244477043233869,0.215829758724964,0.246501839550682,0.24769617661253
1004,0.251338109442168,0.256319670320093,0.23235370317315,0.231766647116787,0.244752274327289,0.216148168658112,0.246849472170658,0.248041804544399
1005,0.251626522232027,0.256610722097716,0.232570914312535,0.232014557882049,0.245039705205044,0.216523953509766,0.247126906243975,0.24831702234206
1006,0.252012138728741,0.256862118581714,0.232833617076842,0.232257720675264,0.245356739941216,0.216939729058583,0.247375144414839,0.248585411328853
1007,0.252337468386549,0.257141142067117,0.233088084714883,0.232485533482119,0.24563822376498,0.21730562315771,0.24763915120032,0.248827564215057
1008,0.252625199394399,0.257423584896144,0.233422982635589,0.232570846865928,0.245921676597591,0.21771583775116,0.247852171864593,0.248982581244509
1009,0.252949823534422,0.257696583790399,0.23367636583493,0.232808641555253,0.246208102855571,0.218086678070012,0.248129092262656,0.249224031606188
1010,0.253252221014178,0.257950279656275,0.233884201616127,0.233138310783458,0.246456992692355,0.2184095592229,0.248408682534189,0.249463175353214
1011,0.25366249834575,0.258264599566989,0.234107569436819,0.233476883129029,0.24674092166882,0.218707038593352,0.248779611118927,0.249797028995317
1012,0.254028035165179,0.258597720578077,0.234268280637301,0.23380234763563,0.24712220368395,0.219018607700089,0.249157906451542,0.250144764441305
1013,0.25438317245871,0.258882951255259,0.234475492757108,0.234152673696583,0.247461349170962,0.219302152043993,0.249509997925701,0.250474643889054
1014,0.254710274675566,0.259077070616219,0.234659176285822,0.234363349743034,0.247728655337361,0.219544597350496,0.249793950637038,0.250742183929264
1015,0.254862208745113,0.259247983605579,0.234791201410503,0.234516499788015,0.248004552286922,0.219743943395716,0.250004722386909,0.250858899201478
1016,0.25506941999047,0.259359309709153,0.234969334945433,0.234749086123745,0.248234236795881,0.220002673003571,0.250240254203527,0.250986795202531
1017,0.255358166764595,0.259518209651054,0.235121665907537,0.234960496529061,0.24843354176994,0.220290383416588,0.250476643595621,0.251171281045372
1018,0.255644127796895,0.259762274816777,0.235301529401503,0.235156192611139,0.248672176066563,0.220561265033219,0.250749156711096,0.251398530853636
1019,0.255989686367777,0.260128268180494,0.235489274060656,0.235366723862109,0.248941730543782,0.220838427643862,0.251111373781006,0.251725624079346
1020,0.256310273331049,0.260417693670363,0.235718573545488,0.235591073066311,0.249223868765703,0.221148961257062,0.251390581072695,0.251992834900376
1021,0.256639406559465,0.260747027330759,0.235987793055427,0.235784772249926,0.249530427772003,0.22145640070393,0.25163384113257,0.252253428345822
1022,0.256940006109677,0.261016633389382,0.236226735220548,0.23599387245512,0.249815532567631,0.221778727161465,0.251884059360035,0.252493784453947
1023,0.257227213879017,0.261225435982812,0.236516614462976,0.236225177848655,0.25014150178963,0.222180905523322,0.252073840945153,0.252728119501328
1024,0.257484233859465,0.261476987858972,0.236723925208872,0.236449476904692,0.250410971806452,0.222494236577342,0.252340629224896,0.252932915640258
1025,0.257700538454014,0.261732690029513,0.236860369690538,0.23667283595452,0.250645403451689,0.222761870775602,0.252654194857797,0.25306495690857
1026,0.257944880709377,0.261983156470201,0.237031211009223,0.236899948884392,0.250833273775232,0.223028178615844,0.252966994785082,0.253312419129901
1027,0.258167658951029,0.26224629399185,0.237130109649082,0.237023685441608,0.251028549261805,0.223251975688079,0.253239415132658,0.253613980255983
1028,0.258459245822216,0.26250988835179,0.237304995580035,0.237272724228657,0.251317908438148,0.223511571230532,0.253514842787724,0.253799424524891
1029,0.258747153988651,0.262726451077962,0.237583102665765,0.237531497876725,0.251661946086274,0.223867942900334,0.253773742228822,0.254019749608121
1030,0.258982078987111,0.262938535755713,0.237796995024347,0.237694212181859,0.251959222357193,0.224160728237829,0.254043858864388,0.254296209196881
1031,0.259214793898556,0.263108555874799,0.238001577736083,0.237863534428937,0.252209262493697,0.224414101413181,0.25429718896232,0.254524610008465
1032,0.259395474099898,0.263197357387971,0.23823603891526,0.238038795628953,0.25244637103591,0.224645498110585,0.254587289343262,0.25472002705606
1033,0.259645848443841,0.263389689040398,0.238399545941782,0.238219871748181,0.252642011907299,0.224898793143201,0.254813348924463,0.254899483099551
1034,0.259924416553039,0.26360560280652,0.238502333405027,0.238348802704637,0.252754157506314,0.225092654482701,0.25495196327915,0.255065556012228
1035,0.260174484465092,0.263810242587077,0.238628532077172,0.238548969471764,0.252938398731619,0.225343869114279,0.255179481254795,0.25523352766511
1036,0.260473508378519,0.264087136374061,0.238741205935867,0.238844433633243,0.25315463507265,0.22567115444905,0.255469390117846,0.255361448692866
1037,0.260714062533658,0.264303725741251,0.238870852045461,0.23907039666951,0.253340218093319,0.225946212655805,0.25569722198134,0.255504631316125
1038,0.260908040647293,0.264469884999914,0.2390058024841,0.239258394601854,0.253516735263801,0.226215776310014,0.255931884187026,0.255648550997397
1039,0.261114988074759,0.264651888606009,0.239113961516166,0.239444894794089,0.253700930178217,0.226455217297807,0.256146697685318,0.255828870418489
1040,0.261309419939092,0.26482816655829,0.239196434586762,0.239606391377377,0.253866953445223,0.226675222355762,0.256325373800476,0.256030562552166
1041,0.261486208567721,0.265001543101958,0.239307781160432,0.239804436009479,0.25404223514395,0.226861256958591,0.256460162491314,0.256218494329733
1042,0.261689078627156,0.265217026670481,0.239439730172712,0.239937325305608,0.254250335209674,0.227091841421636,0.256651115017517,0.25638507087219
1043,0.261867608086639,0.265378161922866,0.239628528988999,0.240126671505367,0.254490382875909,0.227342537536108,0.256907591759612,0.256562522767836
1044,0.262116335570263,0.265534684709766,0.239884728131018,0.240312558463233,0.254727749080515,0.227661635281076,0.257189090537618,0.25669796523267
1045,0.262310855442681,0.265734300174185,0.240120222537166,0.240472689028353,0.254958758265176,0.227979887931083,0.25746443004071,0.25681836414233
1046,0.262524604997337,0.265942540072077,0.240277579220862,0.240681677176281,0.255173219314896,0.228216282437629,0.257692240726553,0.256980544105757
1047,0.262776528408581,0.266162792865026,0.240397900704147,0.240961921096678,0.255366809251152,0.228407596615464,0.25792698685465,0.257220936303144
1048,0.262967521853216,0.26636448863156,0.240500059726884,0.241151419047687,0.25558833283274,0.228611828580652,0.25811824278889,0.257366005330817
1049,0.263125086416704,0.266618147221613,0.240517792163157,0.24131575992567,0.255854154227779,0.228728977538997,0.258212689488471,0.257477300260566
1050,0.263294472646717,0.266775017223229,0.240594688246065,0.241484419314531,0.256017105100582,0.228951683858606,0.258399752833074,0.257574970440568
1051,0.263416088736694,0.266849276405632,0.240666802437135,0.241603329213034,0.256114598233767,0.229255913597108,0.258640285505707,0.257602715778024
1052,0.263582181508009,0.266966955394695,0.24077025400544,0.241758893383572,0.256278535411244,0.22949723557471,0.258841616065706,0.257688000817375
1053,0.263798011372385,0.26705349409721,0.240927717004794,0.241970911781204,0.25641605914967,0.229780752803728,0.259066060976866,0.257773188589312
1054,0.263966552851271,0.267175252397583,0.241047823027069,0.242118002684578,0.256555639236771,0.230003791764119,0.259264164358593,0.257899948045173
1055,0.264129906741852,0.267331423003821,0.241180526094049,0.242225391200925,0.256769552254561,0.230149073490414,0.259428684782655,0.25810843196334
1056,0.264285403528873,0.267470079341533,0.241280490043768,0.242340929814049,0.256934740148666,0.230324213030271,0.259593300846593,0.258247506639016
1057,0.264408398191626,0.267609929529488,0.241337725245482,0.242431201659239,0.257059473719803,0.230471179939072,0.259750851627337,0.258388229014172
1058,0.26451911430675,0.267737788484838,0.241398939741892,0.242518534101373,0.257118484699862,0.230643990462775,0.25990010863911,0.258486531070537
1059,0.264715063761204,0.26790174744107,0.241466405975109,0.242600053741085,0.25728211902509,0.230904481947845,0.260078993418815,0.258571993677974
1060,0.26490852142866,0.268039631263074,0.241574484075738,0.242746682139436,0.257493004678951,0.231145109020842,0.260229949682649,0.258638843824425
1061,0.265070687338911,0.268185793414258,0.24168342752394,0.242916774979835,0.257672680056156,0.231360162796372,0.260400550812264,0.258728199767016
1062,0.265247561692892,0.268352049523907,0.241821880413643,0.243150144474395,0.25790621396619,0.231607581602953,0.260616020371032,0.258832959009304
1063,0.265410256661368,0.268492061540515,0.241927877186667,0.243290584334689,0.258059529825592,0.231810864099348,0.260763019244262,0.25894230377227
1064,0.265556760177123,0.268622082422838,0.242037667922172,0.243423943181542,0.2581556957845,0.231962472012117,0.260856033273585,0.259052259055303
1065,0.265664655372251,0.268748899833791,0.24213344700086,0.243548382022879,0.258266575841346,0.232126429252127,0.260997497267445,0.259156480870114
1066,0.265732260959834,0.268864404483289,0.242204593627358,0.243596549639652,0.258316043581593,0.232286255511424,0.261116160915703,0.259270396917379
1067,0.265853946192658,0.268975133256026,0.242286020044,0.24369087333971,0.258440309493502,0.232444861013695,0.261255537780857,0.259381061701987
1068,0.265928993636808,0.269065569986789,0.242354387007881,0.243830569453887,0.258602667562946,0.232556254798141,0.261452976405643,0.25947697147365
1069,0.266076661590465,0.269171006473194,0.242443165821991,0.243953394149875,0.258767790786626,0.232735031632683,0.26161869434871,0.259595171158669
1070,0.266356965392484,0.269285209144774,0.24254502529444,0.244069828220328,0.258998025354634,0.232968816813159,0.261776205383034,0.259717187397765
1071,0.266535307864409,0.269395534216409,0.242648506364389,0.244178701853618,0.25917819099139,0.233180266370701,0.261911733918561,0.25985223396738
1072,0.266663578894228,0.269483906606228,0.242772211311783,0.244298211977781,0.259340147552443,0.233449931723067,0.262031593461654,0.260052822561857
1073,0.266814897780256,0.269612484554893,0.24288454378557,0.244399784476408,0.259485499921872,0.233640848713663,0.262148631680009,0.260163721347862
1074,0.266940388652519,0.269768497469942,0.243001453075257,0.244480244818202,0.259611510633357,0.233790182488393,0.26224439901608,0.260219162840419
1075,0.267052932105546,0.26992134853639,0.243078395570332,0.244542900634268,0.259697343023226,0.233899927706655,0.262327676516415,0.260306851146604
1076,0.267222737950262,0.270066056114224,0.243222681981312,0.244663247403823,0.259836491803899,0.233992505311716,0.262446086647015,0.260286472523515
1077,0.267436254428693,0.270223568206689,0.243343736313023,0.244769113080771,0.259993322888037,0.234165030011904,0.262570465087227,0.260341818875602
1078,0.26761165164303,0.270353765321235,0.243449253967327,0.244840182434178,0.260137697730801,0.234317407690811,0.262709022595334,0.260459616423883
1079,0.26779072516946,0.27044541378274,0.24356324237621,0.244906440034284,0.260302696846209,0.234495213373765,0.262877667710016,0.260654831907296
1080,0.2679568019346,0.270556139949533,0.243665376644351,0.24497207866525,0.260458655443411,0.234669448464751,0.263008911478619,0.260796998305329
1081,0.268120513127589,0.270677720415288,0.243737188227181,0.244982901425957,0.260608742007991,0.234845220803691,0.263150414969065,0.260978459038542
1082,0.268251997721843,0.270786733147976,0.24382150025494,0.245048364286945,0.260736041369248,0.235006782162075,0.263259363051548,0.261136645454596
1083,0.268356556248629,0.270869917114828,0.243881803925998,0.245153998786198,0.260865160576284,0.235177258042262,0.263329255055113,0.26126985563348
1084,0.268474164230198,0.270982026456041,0.243996913669228,0.245243075381406,0.260986882840749,0.235343387021793,0.26341159678195,0.261397651208685
1085,0.268546228062104,0.271124963613083,0.244138730673051,0.245344216384464,0.261044103902309,0.235481294771705,0.263457617331952,0.261542945978876
1086,0.268671539786289,0.271228880070439,0.244271410408824,0.245428013999782,0.261177549628717,0.23564571753995,0.263553513177816,0.261659810816827
1087,0.268854117532997,0.271318817827306,0.244474059877901,0.245515928534281,0.261379538446149,0.235840416491223,0.263683197057575,0.261724046760378
1088,0.268998740871011,0.271424569670939,0.244609993371108,0.245590380737581,0.261530804852656,0.236011838548117,0.263797065395362,0.26183059365024
1089,0.269137503362638,0.271489657718978,0.244691299660096,0.245624624906304,0.261688891209872,0.236205800981409,0.263931251073816,0.26194290838657
1090,0.269286038075302,0.271591568964569,0.244786089883358,0.245690637958565,0.261841458146194,0.236351185699303,0.264060801378022,0.262063982811412
1091,0.269417913508062,0.271752679782843,0.244866479955226,0.245787596037266,0.261963833680596,0.236471597361524,0.26418501277456,0.262213421477543
1092,0.269554536747066,0.271885407387858,0.244929031019551,0.245851399709482,0.262084327199349,0.236548841359071,0.264285521285329,0.262346543238203
1093,0.269701573034766,0.271991101216083,0.245018936450158,0.24591198148043,0.262216151289711,0.236661135757454,0.26441335501559,0.262486038167832
1094,0.269876436723235,0.272098441776298,0.245125348197951,0.2459781762801,0.262365079978067,0.236734735878155,0.264585452025813,0.262649919262734
1095,0.270014844446576,0.272174310088649,0.245220970723955,0.246042206888192,0.26250376641556,0.236891724017265,0.264684717335241,0.26275909935117
1096,0.270128835072517,0.272196222848806,0.245311057069371,0.246088744570817,0.262636146346976,0.237123388955222,0.264743734199384,0.262826954988095
1097,0.270269393351864,0.272270479063505,0.245424591931725,0.246141216467361,0.262769092242382,0.237282792951107,0.264838045779249,0.262945858820573
1098,0.270429468281251,0.272349490280739,0.245555712158019,0.246217230714006,0.262919986373243,0.237453842491879,0.264906783137846,0.26304826804681
1099,0.270553780482342,0.272436466077969,0.245664135068868,0.246260502895628,0.263037417790757,0.237598454570478,0.264991654645882,0.26317098886668
1100,0.27067220664632,0.272542290572111,0.245758889362607,0.246244496387193,0.263123980191592,0.237688420954995,0.265121874773904,0.263365948613893
1101,0.27078877574603,0.272644032727189,0.245890062828921,0.246299188963212,0.263232588113566,0.237806790160974,0.265212538948268,0.263486835099704
1102,0.270864685836333,0.272759051729804,0.246041787326164,0.246377294301427,0.263332148159179,0.237930761552448,0.265277396062697,0.263557752299565
1103,0.270967588671874,0.272856325889471,0.24616421034662,0.246458786627224,0.26344047927113,0.238063867058048,0.265349431066415,0.263655461287448
1104,0.271071437983208,0.272929375430363,0.246308133710051,0.246619123070421,0.263559499344035,0.238200569337115,0.26540835058065,0.26372924059264
1105,0.271210781091815,0.273035816748508,0.24643639892061,0.246709587906208,0.26368700902307,0.23834202661714,0.265475019844869,0.263824489556442
1106,0.271396117299223,0.273171274068553,0.24655438177148,0.246759802773159,0.263843592216649,0.238518280916571,0.265535404788033,0.263959323822157
1107,0.271546398428826,0.273271400075842,0.246633671572456,0.246808726485661,0.263959615329697,0.238658341258312,0.265606784316062,0.26406118915502
1108,0.271728732548901,0.273384627751525,0.246695702652918,0.246840177934892,0.264081922796402,0.238783800371665,0.265679700835104,0.264132152859299
1109,0.271877642815457,0.273486552038643,0.246748026299928,0.246840676167488,0.264160285088862,0.238893314306815,0.265773361140041,0.264229967338584
1110,0.271985508682786,0.273555799961746,0.246794063825835,0.246854136718276,0.264248873194053,0.23899836584858,0.265862156905283,0.26433380507628
1111,0.272015538743049,0.273559609095575,0.246768066208406,0.246855069287538,0.264276888843664,0.239067461951731,0.265966244725399,0.26442771132115
1112,0.272135069062631,0.273629448593617,0.24684498751087,0.246883916372279,0.264396853705524,0.239184771786254,0.266052261657885,0.264540438098372
1113,0.272286572794188,0.273714296942265,0.246982511000681,0.246924761841342,0.264578390143164,0.239324673752159,0.266130124114437,0.264689544969827
1114,0.272389775825198,0.273799654056196,0.247086630197812,0.246955458729172,0.264709704323072,0.239446358698727,0.266215959578416,0.264807451089959
1115,0.272511849325969,0.273926940324985,0.247241842434342,0.247010881772329,0.264889961346301,0.239588615351864,0.266301456490783,0.264912599780231
1116,0.272613533269464,0.274002149243601,0.247331641685422,0.247038140829176,0.264991091584267,0.239706602925181,0.266381331809906,0.265018358185946
1117,0.272649964501779,0.274037066812553,0.247368536037607,0.247020047825182,0.264981244020558,0.239797022852945,0.266483654019153,0.265124546148547
1118,0.272732425207942,0.274103744110353,0.247430838799459,0.247046906877577,0.26507338614972,0.239902234418597,0.26654060404711,0.265217983338102
1119,0.272864716774973,0.274174162980301,0.247469813949786,0.247104605132306,0.265211051199236,0.240017161667844,0.266553341658495,0.265302419618596
1120,0.272961743578997,0.274230656139187,0.247530865477806,0.247135387243251,0.265302199429085,0.240117256380485,0.266596006099109,0.265388358035903
1121,0.273047340842827,0.274298426795187,0.247630312428562,0.247177084074545,0.265421457072582,0.240213479314138,0.266639850314445,0.265465248156406
1122,0.273126721735176,0.274359695293422,0.247696763551422,0.247209045441062,0.265528366318441,0.240306234908662,0.266668877028777,0.265543075830485
1123,0.273205539443738,0.274410155981701,0.247750812232614,0.247223667074674,0.265604541824471,0.240397327133118,0.26671220243035,0.265641980129624
1124,0.273261291324967,0.274445087102865,0.247803013312249,0.247227636814552,0.265659620126666,0.240471693528194,0.266741502836715,0.26570578524729
1125,0.273303481337735,0.274473162740633,0.247846536314678,0.247225832139674,0.265706313594303,0.240536836332633,0.266757639867713,0.265752860236182
1126,0.273346631807935,0.274519081866535,0.247883383496495,0.247241492808077,0.265777006749473,0.240599890638229,0.266755521944193,0.265785470126199
1127,0.273345188467026,0.274505505723132,0.24788461075191,0.247199055469659,0.265795394751016,0.24064573961845,0.266730336876273,0.265812535738347
1128,0.27330810352403,0.274444226876766,0.247863789335997,0.247117220933212,0.265755342580503,0.240676137024553,0.266686810823119,0.265798254643944
1129,0.273275654389132,0.274411236346463,0.247861484603461,0.247047557299452,0.265751534752799,0.240697070559161,0.266657857433969,0.265839685116965
1130,0.273216170065806,0.274360804166026,0.247833358011975,0.246941039931551,0.265752302481588,0.240695005662284,0.266614419307979,0.265929006953008
1131,0.273165465180282,0.274317745982368,0.247820032391574,0.246871489215204,0.265743623031584,0.24071793050345,0.266561769192201,0.265949187886155
1132,0.273149156011401,0.274314549024168,0.247864347942572,0.246850921543079,0.265749700397323,0.240763118158285,0.266553328250676,0.265989713413002
1133,0.273051426607119,0.274239937604668,0.247821496789431,0.246754402107063,0.26571525304633,0.240757263218282,0.266459407328955,0.265958440816885
1134,0.272910984843338,0.274116242825196,0.247721717825033,0.246636671633357,0.265668253308233,0.240759216749402,0.266307606270881,0.265837650049949
1135,0.272767536824699,0.274011530016547,0.247638046113936,0.246507470794559,0.265596617136659,0.24071983778965,0.26615114334314,0.265754679577047
1136,0.272578034563251,0.273874584075064,0.247519844449353,0.246325586454185,0.265490224671916,0.240614591425373,0.265929828233664,0.265634225715689
1137,0.272384834233531,0.27375095122846,0.247409812765526,0.246156041230792,0.265381358660535,0.240527976606377,0.265751329215685,0.26555738783209
1138,0.272195116919661,0.273681827080866,0.24731205288013,0.245999470193657,0.26524953241921,0.240437324155693,0.265589647377266,0.265532391744948
1139,0.27198480434174,0.273539423589324,0.247201706038791,0.245823119337382,0.265123737350616,0.240339142394252,0.265410183138868,0.265461239772209
1140,0.271731977573183,0.273321603172465,0.247068479193238,0.245618476704347,0.26499572423904,0.240238061174352,0.265263146626228,0.265420267229558
1141,0.27149336122702,0.273147949849148,0.246946088876363,0.245422871468613,0.264858763377567,0.240124237202428,0.265069305017428,0.265319516905921
1142,0.271254828077012,0.272974201145457,0.246826074908829,0.245226179563601,0.264717049159196,0.240001238139155,0.264848751158552,0.265179969041278
1143,0.271008504884275,0.272771690386646,0.246707624502342,0.245023935115746,0.264577482454575,0.239860705165557,0.264593041677014,0.264965652815271
1144,0.270787282178161,0.272596546900104,0.246592522324977,0.244830905508571,0.264420931305971,0.23974713105626,0.264345165636405,0.264836895021157
1145,0.270577879669954,0.272452430939861,0.246492527531935,0.244642308106999,0.264232003976544,0.239624219776594,0.264040903134054,0.264696530484561
1146,0.270364012549541,0.272304818063394,0.246359136620457,0.244452359790249,0.264097204065696,0.23953155997454,0.263840338130705,0.264591999910127
1147,0.270156215626436,0.272153641961786,0.24619893552928,0.244258072727276,0.263978778255595,0.239473558909758,0.263678099966886,0.264544922309176
1148,0.269961419993559,0.271997808006924,0.24607744706963,0.244081557506084,0.263856355181973,0.239391180845603,0.263516300494894,0.264467816606473
1149,0.269761528347439,0.2718521163312,0.245953009908767,0.243912380827774,0.263766664448896,0.239306097551188,0.263424270886815,0.264369790371258
1150,0.269583225549577,0.27171492471607,0.24583589122522,0.243745591888055,0.263655469830227,0.239231660433247,0.263281111542556,0.264309553673155
1151,0.269430266195623,0.271541763420782,0.245738387840827,0.243572785507599,0.2634982058682,0.239135942116371,0.263085108003084,0.264272181106155
1152,0.2692744193692,0.271428503202883,0.245652643947943,0.243438259854005,0.263407392606168,0.23908441153791,0.262955699159034,0.26423281250786
1153,0.269099922422414,0.271364631745086,0.245554793151242,0.243321936535189,0.263341908489919,0.239072574454037,0.26284765316169,0.264216239179543
1154,0.268977052603945,0.271295257716637,0.24548542610692,0.243210730678004,0.263295498505265,0.239044902703574,0.262750684917945,0.264188253090333
1155,0.268853936273148,0.271235178198997,0.245440097036767,0.243111802347908,0.2632918321428,0.239016170419201,0.26268457715066,0.264128612838758
1156,0.268792691624839,0.271200580886324,0.245415114497779,0.243046547377838,0.263287997546459,0.239016249776853,0.262630462310273,0.264121009414788
1157,0.268822009682956,0.271199747938953,0.245423053105447,0.24301821414071,0.263316427715275,0.239018246936343,0.262564624382318,0.264141283788766
1158,0.268815470242733,0.271179772775962,0.245415275735026,0.242965264356028,0.263316447697428,0.239036190993649,0.262544472781477,0.26416317178584
1159,0.268813439049082,0.271147691245916,0.245423364212702,0.24290555044707,0.263278107195835,0.239078226611506,0.262582030623853,0.26422516486236
1160,0.268837079280458,0.271154079278516,0.245430120833203,0.242885967603461,0.263292643685263,0.239140486131077,0.262605170612876,0.264276814736699
1161,0.268869061822714,0.271174418035547,0.245432862237626,0.242878514075445,0.263324705460519,0.239217718344975,0.262636856711544,0.264326623947519
1162,0.268891732019166,0.271197084119572,0.245408325636671,0.24285774453518,0.263356653031427,0.239311310879279,0.262683438418203,0.264362855724278
1163,0.268930186295869,0.271222003887983,0.245429570181302,0.242861199295981,0.263405025837743,0.239391010236301,0.26274374901527,0.264424605192946
1164,0.268999660578728,0.27128198903895,0.245468117112394,0.242918786472481,0.263493636052536,0.239489057198072,0.262804625402658,0.264490036457866
1165,0.269061786358269,0.271321951786603,0.245522747786332,0.242941427858461,0.263579393599014,0.239576749234935,0.262879271122185,0.264579082370304
1166,0.269117026610248,0.271330709859333,0.245621490230093,0.242933311757657,0.263674920421609,0.239648293804344,0.263004465603829,0.264703697689492
1167,0.269178217565285,0.271376788737826,0.245670221218729,0.242960385234562,0.263744271836542,0.239727691709679,0.263065114636268,0.264792444626769
1168,0.269251125347198,0.271446873185659,0.245698237912753,0.243014589546508,0.263814156638308,0.239809737466551,0.263081124307934,0.264866474736326
1169,0.269330073161093,0.271516817336428,0.245751886693046,0.243051334591926,0.263897250386158,0.239903723419807,0.263139149092113,0.26497042659016
1170,0.26940612397439,0.271601820987206,0.245783731943192,0.243096372295969,0.263952577347621,0.240002471275074,0.263171958189142,0.265075311607503
1171,0.269486615858243,0.271678337018038,0.245844178081168,0.243126929208194,0.264032692980204,0.240097257744436,0.263246098187173,0.265177529211414
1172,0.269593420847893,0.271755083737978,0.245959516037662,0.243140845576105,0.264154743741989,0.240200584962005,0.263396608227546,0.265305133658625
1173,0.269677131431491,0.271836345463941,0.246033387195439,0.243164092152127,0.264258495444837,0.240307128913014,0.263481972336141,0.265424207857365
1174,0.269733062366003,0.271933645944368,0.246097767651698,0.243184455227511,0.264357205900509,0.240401668676386,0.263522614687503,0.265520616437007
1175,0.269811591325705,0.27200201398798,0.246149197389725,0.243208467117484,0.264445999548654,0.240509103863577,0.2636051550294,0.265629651144809
1176,0.269899066172623,0.272052842143209,0.246155240258358,0.243226449276688,0.264528358180237,0.240644374829147,0.263699081035127,0.26575926381755
1177,0.269983441384293,0.272114802017122,0.246201981841748,0.243263109824381,0.264618948580817,0.240761858545517,0.263770253852218,0.265882549041743
1178,0.27007418207083,0.272152285259633,0.24625847992734,0.243318968257891,0.264698781831697,0.240868711001738,0.263837485812954,0.266003255374612
1179,0.270169238621888,0.272200038999205,0.246324685159873,0.243362691609723,0.264784303116105,0.240981492495796,0.263938242208932,0.266120793542408
1180,0.270266543606309,0.272280288564284,0.246400887103473,0.243409357681785,0.264880842626434,0.241089400729012,0.264028942143494,0.266237997381221
1181,0.270355515463096,0.272403070583129,0.246514434185481,0.243470410572726,0.265001259178773,0.241188798234326,0.264088454272959,0.266351753756236
1182,0.270458435976321,0.272473674299626,0.246585166187032,0.243514517088126,0.265083300066973,0.241294517745099,0.264177050231401,0.266474154746119
1183,0.27058863177624,0.272540328505408,0.246641627014476,0.243544327999781,0.265148488230315,0.241403503590379,0.264307478368748,0.266595845517044
1184,0.270679704021352,0.272606852461325,0.246698141480091,0.243583665230392,0.265231075181613,0.241511172649241,0.264398664382825,0.266721937252267
1185,0.27075754612948,0.272642398646794,0.246736012146836,0.243625902009013,0.265295719420049,0.241619892580654,0.264462152233254,0.266867328613717
1186,0.270835207088492,0.272702094483361,0.246794527786079,0.243664824556438,0.265385024863755,0.241723829133994,0.264552371141691,0.266986341932304
1187,0.270877125898061,0.272790078586427,0.246862359275112,0.243702391488488,0.265501094044282,0.241821393652493,0.264657826138636,0.267090193547712
1188,0.27095921675513,0.272855415595881,0.246922130748991,0.243739302194185,0.265605889610402,0.241928741324294,0.264741542401942,0.267203673975244
1189,0.271054958201824,0.272888475992416,0.24697541142015,0.243774890849517,0.265720131181281,0.242037737076415,0.264812706275601,0.267303483565352
1190,0.271161861961693,0.272962490284282,0.247045903249827,0.243811251136323,0.26581331659936,0.242147155760605,0.264901246234198,0.267416249850121
1191,0.271297147380647,0.273063840874719,0.247128746026783,0.243833978055277,0.265881800651061,0.24226619440739,0.264986561193516,0.26754296435557
1192,0.271421397958948,0.2731444694921,0.247200278657904,0.243879297002956,0.265978879997491,0.242380851625136,0.265073428528153,0.267662582563458
1193,0.271555004710494,0.273243275675415,0.247274355745246,0.243945014649384,0.266082470078013,0.242487101589608,0.265171536988702,0.267770957485421
1194,0.271677168465197,0.273331085303841,0.247355877523667,0.243999307955515,0.266184932942013,0.242600763975213,0.265277227192197,0.267899374335874
1195,0.271778755810532,0.273380216843218,0.247431588423377,0.244061710825985,0.266299280968489,0.24271946215852,0.265377954292731,0.26802888559773
1196,0.271901251146794,0.273458500122098,0.247507736522828,0.244123842528508,0.266421134966291,0.242837242022558,0.265482342738873,0.268175587681869
1197,0.27203283531575,0.273550408995664,0.247602292586011,0.244177067474969,0.266543369621681,0.242952465496219,0.265612736034604,0.268366701631233
1198,0.272164191157487,0.273655421598397,0.247689984302425,0.244229979525448,0.26665473672129,0.243072189803599,0.26572430878142,0.268528560490605
1199,0.272296071436729,0.273757987882415,0.247757655660398,0.244290524588404,0.266789903590202,0.243208159209985,0.265835856513375,0.268666799502178
1200,0.272440999797822,0.273882423512572,0.24780070425054,0.244356647354964,0.266965945101627,0.243366445082713,0.265941335756469,0.268800846622735
1201,0.27258169743639,0.273974049857457,0.247872628041161,0.244428294432545,0.267076598448339,0.243487202324842,0.266050575535903,0.268922799418705
1202,0.27271386326031,0.274041774773312,0.247936633231345,0.244508106170219,0.267148029687076,0.243596855080815,0.26614916552892,0.268987567080129
1203,0.272854496825813,0.274138545629419,0.248030236818495,0.244574496727326,0.267271886323953,0.243725983189475,0.266274053993954,0.269129819191998
1204,0.273012901894119,0.27423288570666,0.248164203472215,0.244637570475212,0.267387858194046,0.243834156178293,0.266415366464209,0.269317716160205
1205,0.273152801886854,0.274334824130574,0.248252413634976,0.244712478798335,0.267516067388339,0.243960220598582,0.266539748741426,0.269468739915333
1206,0.273273553212662,0.274456012313609,0.248324602005951,0.244791580384433,0.267694975320793,0.244119138223572,0.266675967713755,0.269636107419556
1207,0.273417074437464,0.274572903265312,0.24841489614239,0.244855407748001,0.267835434520664,0.244262401185028,0.266802660273847,0.269794944326716
1208,0.273567069572039,0.274692887703518,0.2484953341381,0.244914608744975,0.267941472354443,0.244393727128811,0.266902732682671,0.269917542540696
1209,0.273711576371135,0.274802372426439,0.248579528825776,0.244989851696399,0.268064598079345,0.244533394176068,0.267026061400057,0.270070759853375
1210,0.273867734164266,0.27491237519081,0.248678065948542,0.245054862670077,0.268190749205289,0.244685579715363,0.267167972554771,0.270264542404214
1211,0.274020751059214,0.275023608857738,0.248777984403522,0.245127521272334,0.268323396532196,0.244828511062571,0.267304732754384,0.270427495075593
1212,0.274161390402897,0.275118776973314,0.248865238475247,0.245240631353232,0.268457026647738,0.24496854634779,0.267442745814555,0.270587208386333
1213,0.274313227258353,0.275224279753015,0.248962205580069,0.245319458167398,0.268598010879144,0.245098361861373,0.267582019929277,0.270737194250742
1214,0.274476008741706,0.27534470546028,0.249079257074361,0.24536061619886,0.268755403441211,0.245208495104292,0.267725469241413,0.270845047340764
1215,0.274633544922757,0.27545968514456,0.249191609505084,0.245425449973205,0.268901989320517,0.24534194644929,0.267864692232459,0.270988952536944
1216,0.27478524756718,0.275578796819377,0.249308931327021,0.245512102930975,0.269059515987428,0.245476326110799,0.267999435396711,0.271155253395597
1217,0.274954414995431,0.275686138181171,0.249407531260913,0.24555624225658,0.269187511890835,0.245629189919593,0.268148227193183,0.271315525875245
1218,0.275113992070049,0.275781594368938,0.249508693078484,0.245593590658097,0.269292355720729,0.245761501646836,0.268275452859215,0.271456166367605
1219,0.27526937140503,0.275900796769201,0.2496349103815,0.245686183774126,0.269448865672663,0.245903674321056,0.268395771370452,0.271634830672245
1220,0.275429572763565,0.27601864777134,0.249739504302675,0.245766166557389,0.269584828443303,0.246047747903797,0.268533712611244,0.271795781439835
1221,0.275589702447773,0.276140312363068,0.249829615952394,0.245841742078312,0.269709005641995,0.246173181825998,0.268672650754016,0.271927217900508
1222,0.27575182405418,0.276255501906755,0.249936041102608,0.245921434989586,0.269853048463116,0.246315671082985,0.268815434225888,0.272096379630139
1223,0.27592409644262,0.276374840369769,0.250049350089866,0.246025768028563,0.270013324524077,0.246489862231054,0.268975245185411,0.272308879625616
1224,0.276081640350611,0.276490574096673,0.250144985584304,0.246096765440741,0.27015657714009,0.24662804780186,0.269117671855868,0.272468276646175
1225,0.276233693386049,0.276604572261741,0.250245924347788,0.246141123801023,0.270312150634137,0.246749544599016,0.269259103764197,0.272609386094308
1226,0.276383490270407,0.27671215866021,0.250337378965713,0.246211804648641,0.270448803177414,0.246877210923127,0.269386704382,0.272765003964838
1227,0.276518685411536,0.276810988245541,0.250410089501909,0.246285375108027,0.270552371549496,0.246984821064499,0.269502030863313,0.272896483801168
1228,0.276665798296536,0.276923851364394,0.250487883220358,0.246357593147553,0.270690112298466,0.247115768418996,0.269621485007894,0.273050742457955
1229,0.276816594941437,0.277037861473023,0.250551947606604,0.246437293814548,0.270845565633514,0.247270635089569,0.269723249891005,0.273230920976292
1230,0.276969820289547,0.277147777604616,0.25064185953873,0.246513490556791,0.270981535905821,0.247395339736755,0.269839828201627,0.273397428521451
1231,0.277123096225714,0.277265844440763,0.250743855654161,0.246582589229526,0.271132027985301,0.247508229938803,0.269960211119813,0.273564143301313
1232,0.277284291908976,0.277385621492563,0.25084466834228,0.246660716862441,0.271267972406433,0.247637629372632,0.270096691603446,0.273720482540979
1233,0.277455143452205,0.277498310225864,0.250961274735274,0.246754083886543,0.271365349651658,0.247746091646806,0.27025633356187,0.273873077578071
1234,0.277622395506704,0.277614407767925,0.251079536904665,0.246836494836201,0.271491753941917,0.247876378913628,0.27039556726145,0.274028119380996
1235,0.27778991600266,0.277737479831055,0.251201791089182,0.246913128418878,0.27162825672337,0.248029227067295,0.270540462376889,0.274175081250913
1236,0.277974405437135,0.277866004291347,0.251317123265859,0.246993890760436,0.271782907654447,0.248198564084796,0.270676888353443,0.274316195585583
1237,0.278126140973054,0.277990302692207,0.251426964059802,0.247075756524144,0.271921106528383,0.248338790379695,0.270784459861523,0.274491031472086
1238,0.278269740503603,0.27810101776231,0.251534542754058,0.247127912347866,0.272041640179393,0.248478119204077,0.270900791087766,0.274670477898058
1239,0.278427591624549,0.278189873502638,0.251628985819087,0.24717503592758,0.272184109343854,0.248620788317272,0.271046310246675,0.274846950912762
1240,0.278555420413947,0.278294531557748,0.251695845525959,0.24722793618656,0.272306636251814,0.248742593423435,0.271185457382379,0.275011390305649
1241,0.278710521862244,0.278413585425197,0.251780903471834,0.247289514110676,0.27243597918834,0.248872564890732,0.271306160787533,0.275154006970028
1242,0.278888949528492,0.278541096416639,0.251872880523817,0.247348365879973,0.272580426999081,0.249007665980986,0.27141735441661,0.275252803929014
1243,0.279043836168287,0.278647158360357,0.251962897460469,0.247415054854727,0.272716514161843,0.249127692931593,0.271554026135853,0.275401961183587
1244,0.279192967366551,0.27876232770292,0.252044109280041,0.247498777768519,0.272843808248151,0.24924210344543,0.27168468523675,0.275564973031293
1245,0.279346671915378,0.278873933704689,0.252145022583564,0.247571158987206,0.272967186366768,0.249350335996499,0.271816163815306,0.275722065760781
1246,0.279492721448228,0.278960511866164,0.252261709253574,0.247636883788567,0.273085573763726,0.249438150058919,0.271985009852791,0.27590476389801
1247,0.279638199725269,0.27906128763746,0.252362255998521,0.247704904504916,0.273216067288047,0.249554793010758,0.272107921992689,0.276068571739025
1248,0.279788963131361,0.279190181246535,0.252470697830757,0.247773435860492,0.273347750997245,0.249677774137234,0.272189026997265,0.276214284741088
1249,0.279933394921514,0.279290121321768,0.252571205499957,0.247840667329961,0.273471257952573,0.249799733709975,0.272295788326298,0.276364962078581
1250,0.280064323891281,0.27936310909531,0.252651844856368,0.247907311140499,0.273604459287962,0.249937404879861,0.272393868995423,0.27651619772819
1251,0.280209769102175,0.279455015930593,0.25274855330534,0.247975159328748,0.27373055147116,0.250074400979726,0.272509599035764,0.276667930290929
1252,0.280367992256167,0.27954809205422,0.252872692400187,0.248045887532424,0.273839054876996,0.250222965274786,0.272657679175267,0.27683013645455
1253,0.280516576934215,0.279641081911455,0.252958725226481,0.248117594405512,0.273956709497386,0.250345831631632,0.272771189295058,0.276966949979499
1254,0.280673904620278,0.279733402746788,0.253015597268833,0.248192644243289,0.274079004261033,0.250455991366968,0.272869655540375,0.277083305300529
1255,0.280811122071299,0.279835396053259,0.253093601764686,0.248253624187103,0.274205704226629,0.250569019467681,0.272976570015004,0.277217421961419
1256,0.2809248490881,0.279948885232371,0.253166664663232,0.248312803651196,0.27433559227484,0.250656458942032,0.273078051307353,0.277349782861469
1257,0.281054561096763,0.280057009900609,0.253224969644521,0.248366339259099,0.274466741699031,0.250766259793105,0.27315430974392,0.27746496394476
1258,0.281169946283628,0.280134273546634,0.253315632390445,0.24839146904745,0.274594023485456,0.250875149522118,0.273270949004402,0.277597712844175
1259,0.281285939519467,0.280219431797461,0.253419585945629,0.248428199515705,0.274698644254978,0.250973425671723,0.273398912082451,0.277749808901304
1260,0.281420825072208,0.280289698332557,0.253483575423797,0.248487182348079,0.274809339250296,0.251079053461446,0.273499788643183,0.277891596257843
1261,0.281525148284055,0.280339129312753,0.253547248066283,0.248515755400382,0.274905667429326,0.251168229206809,0.273619297577946,0.278021288887853
1262,0.281617492883208,0.280435690520569,0.253602408774369,0.248544152566593,0.274971859691565,0.251268212555554,0.273725974462607,0.278140550478254
1263,0.281737868552384,0.28053852858674,0.253657996817314,0.248599046001198,0.275082350263421,0.251383641609792,0.273812837778543,0.278264443191342
1264,0.281849932442788,0.280622452942711,0.253722938873808,0.248633349336017,0.2751762171257,0.251480517125742,0.273911658851933,0.278398403158707
1265,0.281960365874094,0.280705802350684,0.253796669448562,0.248645323059576,0.275254983587814,0.251561489009138,0.274011019254187,0.278523531164624
1266,0.28207132462677,0.28077499518705,0.253861394563304,0.248687538637852,0.275337419795985,0.25165871485537,0.274112389595298,0.27865791055784
1267,0.282185409136977,0.280828326271181,0.253929943864184,0.248744064275172,0.275432187586241,0.251756875310628,0.274224250802309,0.278822884481716
1268,0.28228945280112,0.280885010861605,0.25399007858993,0.248785122790825,0.275511059390119,0.251853221118636,0.274313735349603,0.278961320412036
1269,0.282400207839099,0.280928473263005,0.254039867226319,0.248845670078434,0.275566544843394,0.251965245801752,0.274398678379008,0.279099119501346
1270,0.282478646633249,0.280991446182868,0.254089658563392,0.248874319074354,0.275653134207335,0.252052061162833,0.274477330351554,0.279205541058234
1271,0.282539028582697,0.281067324384247,0.254139893150195,0.248872356271112,0.275761368772081,0.252120339976821,0.274529289624385,0.279278932755764
1272,0.282609559827644,0.281127440213687,0.254190144002155,0.248887986174949,0.275851422533756,0.252203648129033,0.274604387503474,0.279371692833132
1273,0.282652238229888,0.281197938503328,0.254241270320695,0.248893404651884,0.275954360913401,0.252289210742851,0.274696048462773,0.279436765759915
1274,0.282711791182343,0.281251563904444,0.254283083401285,0.248908230476261,0.2760342343855,0.25235651156234,0.274762520406332,0.27953035680466
1275,0.282794837359792,0.281283649298997,0.254328249759444,0.248935160970772,0.276091824929181,0.252425535511322,0.274829983610306,0.279667915358696
1276,0.282857058745389,0.281317933788657,0.254355790102887,0.24895629360981,0.276147677256954,0.252484212373668,0.274892398365644,0.279772609545465
1277,0.282925341980841,0.281348117537875,0.254362556943629,0.248989672826429,0.276205203279359,0.252513241175932,0.274939200836264,0.27987894502444
1278,0.282970182256164,0.281374323002464,0.254377570922194,0.24900171249974,0.276247487880459,0.252561178446877,0.274983779461347,0.279963644362202
1279,0.283004149627846,0.281392616706595,0.254398151081803,0.249009421487333,0.276279124842492,0.252632037581894,0.275035023187899,0.280025650639023
1280,0.283014256090246,0.281419156426407,0.254397081992788,0.248997110023091,0.276294578481924,0.25267520441832,0.275064579000465,0.280079549210921
1281,0.283008721972964,0.281440316159331,0.2543951177112,0.248967835758277,0.276313062104817,0.252698560827334,0.275076972599875,0.280145266239423
1282,0.282984237532109,0.281454610398031,0.254376990072565,0.248938998297866,0.276318542012199,0.252722958602346,0.275108530751295,0.280193206170687
1283,0.282988143159585,0.281449079478829,0.254350651917432,0.248924012450072,0.276332616069719,0.252753247747356,0.27515989197941,0.280225042905034
1284,0.282995511282857,0.281450469028657,0.254332800097651,0.248923690641636,0.276346729865931,0.252802205786196,0.275195634400003,0.280260636880586
1285,0.282983065535922,0.281452478141762,0.254303115509547,0.248942630368219,0.276343384572007,0.252855593391871,0.275214408750041,0.280271195542154
1286,0.282972574451468,0.281439419406142,0.25427047669076,0.24894196641715,0.276328383935149,0.252898190485231,0.275209711854229,0.280282426516117
1287,0.282939483411265,0.281416720919369,0.254232319708716,0.248912266828575,0.276317579326769,0.252918264368915,0.275188067909863,0.280306273312997
1288,0.282868489321282,0.281389832127383,0.254170890952429,0.248853087558098,0.276300108752006,0.252907847398226,0.275123639312923,0.28035302329517
1289,0.282815163149938,0.281358019306611,0.254133794025745,0.248810438572055,0.276286881192771,0.252899355628169,0.275083940029801,0.280365678252098
1290,0.282772366069173,0.281306550782495,0.254123782587267,0.248761761611407,0.276287584436969,0.252883245127705,0.27505405656808,0.280376635008852
1291,0.282711827432788,0.281261616754766,0.254078980679708,0.248695614929485,0.276255873710366,0.25286102331107,0.274998550336011,0.280363225802356
1292,0.282642339474158,0.281228560021708,0.254031415247257,0.248624777027163,0.276204438546206,0.252830087417623,0.274922606407584,0.280318793784327
1293,0.282569416516725,0.281173708846278,0.253971509086124,0.248555947228628,0.2761546394383,0.252793407945157,0.274863600361329,0.280289294386221
1294,0.282480874527862,0.281100881424291,0.253861093440963,0.248456274524729,0.276078407083938,0.252743930299968,0.274799387500597,0.280247188940414
1295,0.282388431247614,0.28103959817246,0.253794560203413,0.248374676731374,0.276027889398787,0.252701749714208,0.274734947680374,0.28021588732463
1296,0.282307557232411,0.280979556203495,0.253752388472597,0.248327203962807,0.275997099392287,0.252659625688194,0.274693173715301,0.280192254174826
1297,0.282202934992575,0.280907075515523,0.253703673594014,0.24824861632899,0.275948622118969,0.252609552116478,0.274618246984978,0.280165855589513
1298,0.282059867648847,0.280820536565318,0.253677606230749,0.248151209217096,0.27590991139653,0.252554562810701,0.274511174844541,0.280133589388366
1299,0.281948328933222,0.280745530413436,0.253635151323952,0.248057437178503,0.275849812420331,0.252502864437808,0.274415469515971,0.280109932669206
1300,0.281856533377024,0.280682061939805,0.253593628672442,0.247963933006269,0.275770182259992,0.252457762494933,0.274321049059282,0.280111942425523
1301,0.281727721594016,0.280596985223564,0.253525347670092,0.247845210708261,0.27568847858779,0.252392336633352,0.274220251092178,0.280082835783513
1302,0.281582197975739,0.280512967998646,0.253426248956811,0.247713327390284,0.275594384427511,0.252314280519481,0.274141364664,0.280038738966484
1303,0.281466278366577,0.280421257621834,0.253349187769812,0.24757718656556,0.275497651504827,0.252248562276514,0.274004636268124,0.279990680716882
1304,0.281321179824506,0.280295426702189,0.253266768195651,0.247409462644699,0.275404777393878,0.252155368477423,0.273856011497886,0.279958166775619
1305,0.281158819077057,0.280156849410294,0.25317965980998,0.247262559293213,0.275299576032047,0.252056400156776,0.273704276386704,0.279922794871602
1306,0.281041348300117,0.280049744239145,0.253107648901441,0.247127548373854,0.275198526636,0.251970091455011,0.273528307726149,0.279870806257307
1307,0.280920354730341,0.279936136858585,0.253011990513071,0.246973433426801,0.27509745112043,0.251838731084232,0.273382098124283,0.279823229924149
1308,0.280753242099369,0.279813367638245,0.252894109098359,0.246812719504756,0.274973213703846,0.251693961552909,0.273210664416596,0.279731879695391
1309,0.280554753489048,0.279679043874776,0.252785633213583,0.246634209574773,0.274871800476322,0.251568770147994,0.272998782771308,0.279574640346744
1310,0.280348387513409,0.279499395986833,0.252672610155818,0.246444034335933,0.274774552711267,0.251438127092802,0.272810178172661,0.279457320903096
1311,0.280136575016246,0.279330685374874,0.252566780250707,0.246255334773446,0.274635294873359,0.251301804412441,0.272587238541303,0.279369881705662
1312,0.279906869484564,0.279165055943411,0.252454823621301,0.246067730698808,0.274488546923463,0.251149690136335,0.272356820934106,0.279244495656754
1313,0.279665576894616,0.279001588300107,0.252336581333136,0.245893615913053,0.274324862650212,0.250993418806679,0.272130889719831,0.279102804510206
1314,0.279423808197028,0.278819661740865,0.252214110968761,0.245679483549913,0.274161170833299,0.250813040249345,0.271886357489187,0.278984258905241
1315,0.279165005748707,0.278650249501928,0.252103502640914,0.245447633327346,0.273987614465085,0.250612472309509,0.271610260021766,0.278852584879728
1316,0.278909104195868,0.278445134806996,0.251962914843629,0.245216075110374,0.273803288115632,0.250414609807146,0.271345001188959,0.278725216623398
1317,0.278679074551246,0.27820427719147,0.251806886247344,0.244957593373791,0.273615406782501,0.250203243791863,0.271079256782609,0.278633159575581
1318,0.278396467711446,0.277973291502716,0.251644588402815,0.244706498739718,0.273415461068917,0.249987755141787,0.270799482488316,0.278509750637153
1319,0.278075864787679,0.277736846997309,0.251458007278885,0.244474497090473,0.273188074227805,0.249764403560461,0.270531423244656,0.278371658495248
1320,0.277763895164287,0.277483466369259,0.251278547264124,0.244210074366786,0.272980329449019,0.249543831472265,0.270216843775487,0.278213393146947
1321,0.27743797652093,0.277226942589495,0.251098823665708,0.243917637260377,0.27280143941148,0.249332901914816,0.26986896667095,0.278028403594278
1322,0.277089882867593,0.276959597266829,0.250912828029796,0.243630999843532,0.272574179429744,0.249094538309132,0.269523637553122,0.277854250520136
1323,0.276725999013166,0.276660173509299,0.250729884819433,0.243343928034488,0.272324490170061,0.248834234415021,0.269135579884352,0.277672403078861
1324,0.276366978052263,0.276374071999561,0.250525670674125,0.243038225582567,0.272062528185011,0.24857719549556,0.268775535906052,0.277483295762386
1325,0.27598813502288,0.276099817732694,0.250312510688777,0.242717799769826,0.271762384405685,0.248312268968736,0.268442939336653,0.277313886232125
1326,0.275611555251223,0.275807748152598,0.250094180654488,0.242400968821488,0.271478363032077,0.248042236677498,0.268086147986712,0.277118851290425
1327,0.275250177437701,0.275504302445115,0.249862188906967,0.242076949408508,0.271191303867928,0.247784899686723,0.267739643888891,0.276911912544974
1328,0.274885432175088,0.275218542368288,0.2496167044663,0.241736700530205,0.270922542436124,0.247500251485818,0.26735875998645,0.276660616901952
1329,0.274483546070982,0.274910633785102,0.249396899865279,0.241406563892035,0.270653939661466,0.247203072443259,0.266927225952416,0.276417643123345
1330,0.27404752426513,0.274571653154663,0.24915235959464,0.241094743882797,0.270338677172898,0.246899787318824,0.266533415188941,0.276172578006915
1331,0.273631128811771,0.274249880089878,0.248893607570027,0.240779869717352,0.270032179406448,0.246595135156999,0.266151369799799,0.275934113150871
1332,0.273239662923909,0.273926210409337,0.248666363045513,0.240464564427584,0.269736584429922,0.246316849686799,0.265743443827814,0.275716455645184
1333,0.272827677942395,0.273572730083888,0.248428361124587,0.240119473632819,0.269410359360577,0.246022597029084,0.265364316249852,0.275479372912324
1334,0.272409934460134,0.273244324473818,0.248163736191005,0.239767707407587,0.269105666849844,0.245716594069213,0.264955443419951,0.275212682906265
1335,0.271978412995598,0.272914122241424,0.247918773819379,0.239432026592859,0.268795497837418,0.245416215685914,0.264522240000034,0.274934190425522
1336,0.271532947759432,0.272543440018618,0.247669543030587,0.239069304066255,0.268457728560228,0.2451056173116,0.26411863967668,0.274657969799969
1337,0.271103131595727,0.272214492166653,0.247391647498751,0.238734160378074,0.268155072491611,0.244800835931243,0.263695932528685,0.274392719162013
1338,0.270668898725767,0.271910761927645,0.247116069493348,0.238408707722695,0.267836112244522,0.244504226838435,0.263264090637885,0.274133263656057
1339,0.270227094753887,0.271577178979124,0.246842636254729,0.238068839385891,0.267518153928883,0.244207384412213,0.262858177415753,0.273880838376969
1340,0.269781933077279,0.271241599328841,0.24657236297849,0.237718438923602,0.267213676730979,0.243908683020081,0.262465008627823,0.273646824622656
1341,0.269332310889838,0.270908892735352,0.246278890844898,0.237376795681102,0.266889054044071,0.243615910081835,0.26205735529723,0.273378954158075
1342,0.268865216287946,0.270553037676094,0.245965455937724,0.237034255995325,0.266545207429203,0.243339902076553,0.261670261797433,0.273107837659132
1343,0.268424873438613,0.270211969763792,0.245682279467326,0.236689482966309,0.266213736176802,0.243038269949241,0.261272164317108,0.272831280522483
1344,0.267998760047671,0.269900684204396,0.245397527372352,0.236340074250433,0.265877644993841,0.24272025827832,0.260839151260938,0.272510472435976
1345,0.267564030540289,0.269552877596535,0.245108849965958,0.235998644033403,0.265548523455658,0.242421128881925,0.260441257908283,0.272234191920925
1346,0.267141340486971,0.26918312327634,0.244848217705517,0.235658630849861,0.265227224423754,0.242122364877644,0.260073148120648,0.271989441682334
1347,0.26670647771333,0.268822349144573,0.244570707866986,0.235324037541227,0.264896844117772,0.241817248288729,0.259679879036346,0.271729515393599
1348,0.266252321707118,0.268433660936713,0.244265321859688,0.235007264643743,0.264566900604174,0.241512236973163,0.259298338784029,0.271497964233376
1349,0.265818056732022,0.268078006296596,0.243972227892069,0.234675609882685,0.264228528459566,0.241218091742046,0.258900961330091,0.271228793020961
1350,0.265409794593836,0.267773935064682,0.243707690602345,0.23434693908648,0.263883092706732,0.24093971419168,0.258467556500811,0.27093024783779
1351,0.264970198114033,0.267416893461564,0.243405770460762,0.233996834599934,0.263543274405766,0.240627512313822,0.258061230760907,0.2706310355439
1352,0.264528745261249,0.267038524344412,0.243074523329228,0.233624814506575,0.263222735467544,0.240310980059489,0.257683468568806,0.270310987401544
1353,0.264072813891905,0.266665423116393,0.242758205440131,0.233255006969004,0.262866419695102,0.239991140977994,0.257276321457959,0.270004271286481
1354,0.2635953653366,0.266271260164644,0.242435593921283,0.232865088386079,0.262487794236889,0.239645777400313,0.256864129734235,0.269706825823128
1355,0.263101272144897,0.265864048286236,0.242104174669677,0.232500391915079,0.262105464077151,0.239289231576416,0.256445035131252,0.269395916499725
1356,0.262612422696692,0.265481805887503,0.241785956633441,0.232129764889106,0.261739185727605,0.238967903174844,0.256028724485755,0.269101253957215
1357,0.262135840985183,0.265117448881801,0.241460385105545,0.231750661089937,0.261350774425141,0.238653262687165,0.255595334533163,0.268766191435493
1358,0.261638040818983,0.264710998337409,0.241101306874519,0.231353048833914,0.260965039299903,0.23831922660902,0.255143747579788,0.268400006262425
1359,0.261119993821435,0.264278466706371,0.240733094905063,0.230924911150949,0.260582651115951,0.23798233560522,0.254678646951308,0.26804833301488
1360,0.26057674401802,0.263838769596176,0.240348061016204,0.230492997206416,0.260158449468654,0.237620362030686,0.254186085087947,0.267656673221029
1361,0.260007492447493,0.263386880071885,0.239957840086462,0.230070996793221,0.259714329724825,0.23725348354777,0.253677934256834,0.267248884813748
1362,0.259405948987179,0.262918493265473,0.239572950168969,0.229635732423018,0.259269618380561,0.236854457092585,0.253162520506789,0.266851588740026
1363,0.2587825556448,0.262415760108914,0.239155826747586,0.229185509729845,0.258779375914246,0.236384985838918,0.252631937303849,0.266398269145225
1364,0.258122133525176,0.261884401495713,0.238722914848241,0.228705124913017,0.258253270028696,0.235886901887059,0.252057416569112,0.265895672556681
1365,0.257391726621331,0.2613128079607,0.238252141201832,0.22816641484614,0.257702289582005,0.235351202367647,0.251400718781126,0.265397424646762
1366,0.256624555771473,0.26070733642324,0.237738564684163,0.227592472442078,0.257095761605661,0.234793348738231,0.250696817351964,0.264867003156712
1367,0.255834471158676,0.260089508181391,0.237202729372761,0.226987262117275,0.256458433946113,0.234230446299546,0.249946002875418,0.264321854484829
1368,0.254938376789525,0.259395137403534,0.236602085146998,0.226328684765996,0.255756240328405,0.233595034569105,0.249142847618266,0.263700207565126
1369,0.254002402926571,0.258674578157099,0.235959975668807,0.225643967259768,0.255023279791987,0.232940689391546,0.248302117365374,0.263077867253544
1370,0.252948585161068,0.257844148994338,0.235250215739119,0.224870628257775,0.254187061333545,0.232176114052072,0.247361048253983,0.262329248674119
1371,0.251812051797392,0.25694143065702,0.234491324520223,0.224059255116547,0.253298262855881,0.231339234175424,0.246386553561878,0.261502268115589
1372,0.250553275574076,0.255946223910552,0.233653123013727,0.223127368230345,0.252304230353386,0.230421300783891,0.24526591313158,0.260581156691902
1373,0.249206666890395,0.254875950838551,0.232768377573405,0.222096661104512,0.251220494833441,0.22943809614562,0.244038084605123,0.259566935394857
1374,0.247738600329983,0.25371381128774,0.231788014531071,0.221010893269277,0.250042423105885,0.228359757251006,0.242716114553077,0.258486505460303
1375,0.24617188667089,0.252497928082663,0.23075058819677,0.219884607751201,0.248798183343656,0.227227757779496,0.241317825570233,0.257376307921416
1376,0.244456518433753,0.251129120685472,0.229581245371268,0.218603980680635,0.247419509642064,0.225956987024308,0.239759118867066,0.256073115331292
1377,0.242642081494409,0.249669049214225,0.22831444726336,0.217247871496455,0.245951838607324,0.224586176711788,0.238103483432427,0.25466849242585
1378,0.240659595118114,0.248055077611982,0.226950331171404,0.215752931831024,0.24434594437494,0.223087205184415,0.236288591823876,0.253131658372653
1379,0.2385329574354,0.246295775729942,0.225495181846008,0.214110167979622,0.242623853329295,0.221472808691415,0.234311876104042,0.251433708702597
1380,0.236252851930021,0.244424128399888,0.223916991748756,0.212357045820526,0.240766711258954,0.219738403310209,0.232220903673137,0.24961683466527
1381,0.233829763652409,0.242427045610962,0.22224224879607,0.210495409605086,0.238777613945471,0.21788919891982,0.23000647123199,0.247699231477679
1382,0.231259158921322,0.240310973529852,0.220441836437996,0.208532319099633,0.236674969254072,0.215924349261057,0.227660897929854,0.245652600188548
1383,0.228552349608373,0.23808686565164,0.218528120919309,0.206473360571364,0.234464276800137,0.213862559181403,0.225206800320871,0.24348765323093
1384,0.225681776704913,0.235731229039795,0.216483215916583,0.204269141925456,0.232112532957273,0.211652280298579,0.222601540232509,0.241168942444971
1385,0.222657122453676,0.233242086572276,0.214321508674458,0.20194757955495,0.229616342539602,0.209296787653567,0.219828437328618,0.238691577781098
1386,0.219516030971089,0.230655790961496,0.212119288581039,0.199545840721827,0.227035521073448,0.206864118861614,0.216971737115607,0.236125722602207
1387,0.216291067257823,0.227982149368265,0.209810287322215,0.197030740856141,0.224357500278032,0.204331804008244,0.214019940224989,0.233446784449602
1388,0.212995226874712,0.225222025427734,0.207409124315304,0.194430925636731,0.221572736970184,0.201709448502092,0.210977677819663,0.230688699494491
1389,0.209615823651001,0.222380202821513,0.204963736143181,0.191773937041164,0.218735012777455,0.199037249136775,0.207895883593065,0.22788688159679
1390,0.206168078147805,0.219451541481541,0.202393751935135,0.189023696793554,0.215801096372327,0.196269275487422,0.204718733961529,0.224995909805911
1391,0.20265590109826,0.216441971260657,0.199777568971631,0.186202264943023,0.212777634927193,0.193430966846487,0.201489004603044,0.222042580621427
1392,0.199093078213022,0.213385127384211,0.197168429085266,0.183342958712715,0.209743458005982,0.190563952528597,0.198252074255641,0.219037550457068
1393,0.195548719616319,0.210311468571681,0.194500144019308,0.180455622949413,0.206679951156591,0.187668772737103,0.194973631993867,0.216014494205041
1394,0.192039214018826,0.207266293181263,0.191861569782402,0.17759176439018,0.203627408507201,0.184790826096719,0.191734394404944,0.21302245119448
1395,0.188551753677578,0.204263108631878,0.189262984577723,0.174759349389239,0.200608226580152,0.181925654028938,0.188552863239839,0.210020133944613
1396,0.185092988483926,0.201258256209127,0.186619567327456,0.17192738286759,0.19757189578453,0.179052856195734,0.185362907649261,0.206990647644821
1397,0.181683073852451,0.198280821820529,0.184011965417789,0.169128683561472,0.194581920401187,0.176215035378045,0.182244146438872,0.204017225990973
1398,0.178335317624349,0.195348298840271,0.181452067966126,0.166363263354251,0.191651695536887,0.173418494489024,0.179213312626421,0.20108286075562
1399,0.175122831414492,0.192508431864989,0.178951969296366,0.163709669429715,0.188799239739326,0.170723732764784,0.176261586675832,0.198211125823885
1400,0.171994210135148,0.189703805869269,0.176469537192142,0.161115604985572,0.185987535389789,0.168093607579447,0.173354494176817,0.19538099224941
1401,0.168983550740968,0.18701041507005,0.174087192270565,0.158600263835302,0.183285333149288,0.165542328364885,0.170577114905054,0.192629920056427
1402,0.166086648685846,0.184405204439036,0.171771839741308,0.156173898285197,0.18065946590944,0.163063478347063,0.167894262684506,0.189913713401544
1403,0.16330303875786,0.181909453055276,0.169540246752775,0.153841893795132,0.178141604592767,0.160685018095627,0.16531804968975,0.187327188031062
1404,0.160591333617043,0.179480432930537,0.167361483724696,0.151555336078088,0.175701275835734,0.158359134392906,0.162815679915647,0.184804624255883
1405,0.158046964313221,0.177183803088257,0.165298266587559,0.149389009782069,0.173388020811424,0.1561598176599,0.160473881979375,0.18241441484565
1406,0.155642795253236,0.175010262463885,0.163324336203867,0.147336150928376,0.171165476754487,0.154067514527054,0.15825032795401,0.180129731938514
1407,0.153369954068617,0.172934103922091,0.161458413393868,0.14537657252628,0.169083435176803,0.152094574934578,0.156158953287115,0.177973912264869
1408,0.151222964829924,0.17094725023961,0.159681237435555,0.143494095516532,0.167125437694647,0.150221931361771,0.154217324698441,0.175909358468776
1409,0.149211540891678,0.169087697963072,0.158012832336788,0.141724451394825,0.165271352454853,0.148462242704594,0.152369783937935,0.174009339483311
1410,0.147327495045635,0.167337000266543,0.156443661433993,0.140043420335853,0.163527128006333,0.146804449043752,0.150617361994945,0.172241998338641
1411,0.145583777007581,0.165711555296801,0.154987212128193,0.138507799199029,0.161923656218413,0.145278498754202,0.149010323686121,0.170622343496413
1412,0.14399151911721,0.164199230293274,0.153637346585239,0.137093116597139,0.160434023851741,0.143879182595973,0.147534715334362,0.169150179825427
1413,0.142508275229989,0.162811826599262,0.152396625153518,0.135783634136142,0.159065409595255,0.142572950797276,0.146160729350108,0.167807037505049
1414,0.141148630018573,0.1615427530792,0.151250754762492,0.134615517553665,0.157835599926991,0.14137803756601,0.144911920122427,0.166603337524728
1415,0.139900616042137,0.160385046910402,0.150224130230159,0.133520453890108,0.156706192757309,0.140292822073948,0.14376491248796,0.165521263068371
1416,0.138783191664825,0.159344172190444,0.149323969816028,0.132511745522168,0.155691792968814,0.139315008464494,0.142727990124782,0.16457234176819
1417,0.137741115046991,0.158429145759113,0.148502307433209,0.131598941792158,0.154771098783042,0.138425588220449,0.141777553850072,0.163739695349377
1418,0.136786916375417,0.157594588319337,0.147752338487605,0.130767712202908,0.153927123845634,0.137612692712673,0.140918417954646,0.163004040518005
1419,0.135944776061803,0.156842907694897,0.147109828692541,0.130032769807866,0.153181937807894,0.136886337345157,0.140157179324385,0.162369955404707
1420,0.135154599407925,0.156143599033612,0.146524194422488,0.129371421305686,0.152478060919446,0.136202494692028,0.139445177606126,0.161827881069542
1421,0.134418744326767,0.15548787011647,0.14598069856728,0.12874392470284,0.151844650183741,0.135553716417866,0.138783672540324,0.161333016286884
1422,0.133742569796129,0.154893692740308,0.145519032213208,0.128168792451644,0.151294793911526,0.134984503618608,0.138185774267805,0.160906516003515
1423,0.133106609099682,0.154344475236609,0.145092009101575,0.127646267904015,0.150758696472407,0.13448955054747,0.137633060527602,0.160548465856414
1424,0.132544625510249,0.153838989909316,0.14466495678696,0.127157223025921,0.1502685059031,0.134027214464994,0.137134611923249,0.160214667238196
1425,0.13202647702474,0.153374091803667,0.144276135646409,0.126688607880487,0.14982552480774,0.133589363535724,0.136674910479088,0.15992522747843
1426,0.131523500310485,0.152917679128489,0.143905304224457,0.126238274053129,0.149406745764549,0.133180995814189,0.136228875901893,0.159670123028975
1427,0.131079367190846,0.152479610032116,0.143551380274137,0.125816609538448,0.149025392866398,0.132790074205626,0.13580864668244,0.159432709926265
1428,0.130653068079631,0.152071028341548,0.14322282508333,0.125418138536762,0.148671905518904,0.132432221230782,0.135419733639878,0.159226011886941
1429,0.130226614876073,0.151686437546294,0.142913632653186,0.125044503031605,0.148319576751461,0.132094282460735,0.135053561762542,0.15904811091154
1430,0.129846052151206,0.151338421980314,0.142637689088457,0.124692158815785,0.147984209557129,0.131766705237392,0.134713566235945,0.158879443213878
1431,0.129489208015952,0.151023324962711,0.142375143098142,0.12436030928339,0.147688443523613,0.131470565153657,0.134400973535971,0.158720290697819
1432,0.129141491880696,0.150741536298411,0.142147967973083,0.124059449761794,0.147420106511571,0.131204061414679,0.134109402381425,0.158591404790252
1433,0.128813268901746,0.15047258425056,0.141938737758719,0.123786059196449,0.147176935641935,0.130953608293186,0.133832773834419,0.158472301354202
1434,0.128517601774344,0.150221135231127,0.14173765176655,0.123532309968128,0.146948861311768,0.130719868231606,0.133579951392602,0.158371870735727
1435,0.128251369713323,0.14999213675977,0.141552292369144,0.123319291540612,0.14674646747507,0.130515743630937,0.133356077622819,0.158303429710825
1436,0.128018570670843,0.149781529447667,0.141385698077087,0.123105286812562,0.146558739211695,0.130328480593998,0.133154813226177,0.158238187312619
1437,0.127820653861253,0.149581206612265,0.141227358780516,0.122891549675054,0.146373249662647,0.130144111129961,0.132969465901944,0.158175179410589
1438,0.127630995744014,0.149406677049354,0.141096115219469,0.122711787046353,0.146235829735814,0.129995652580718,0.132807327533594,0.15813684112124
1439,0.127471135166548,0.149259993731094,0.140991483042328,0.122558103208929,0.146145014319221,0.129889769361894,0.132677963483151,0.158121296284093
1440,0.127316497501658,0.149118527570939,0.140889752829161,0.12242116906898,0.14604256002787,0.129778436737244,0.132551971442509,0.158117853306727
1441,0.127166341102785,0.148989741893515,0.14080478386421,0.122311220152132,0.145962990260473,0.129681112107417,0.132438198754238,0.158131843879545
1442,0.127040554582643,0.148886554452724,0.140727476096053,0.122206510229299,0.145889658317102,0.12959284669013,0.132344526348556,0.158149936559772
1443,0.126939499190039,0.148806676607365,0.140650046430779,0.122111566215597,0.145803824877927,0.129504518502209,0.132272346972641,0.158178113142239
1444,0.126853309955329,0.148727911179529,0.140606403781367,0.12203185508191,0.145759044192655,0.129448393796707,0.132206944953782,0.158221712768656
1445,0.126782453448785,0.148654633608629,0.140590501767468,0.121962880067066,0.145748623021822,0.129413212165917,0.132148447463019,0.158281511029059
1446,0.126722830044046,0.148609675066065,0.140565658927089,0.121914055881141,0.145738246928814,0.129392578412354,0.132108119108392,0.158334615266147
1447,0.126678699821244,0.148574674247323,0.140556035215715,0.121890664905933,0.145750418185057,0.129401922804499,0.132082360247888,0.158391958517084
1448,0.126648119649812,0.148565124160092,0.14055482294739,0.121867812565501,0.145760659501376,0.129406011336443,0.132066165689291,0.158464248021016
1449,0.126618984719057,0.148596925048346,0.140547403140216,0.121845446957374,0.145764173976517,0.129415368299972,0.132069276710796,0.158534771951034
1450,0.126620375383837,0.148624001792352,0.14056638582033,0.121852519398026,0.14579817907808,0.129432144518515,0.132083652433641,0.158618101528684
1451,0.126654982376948,0.148656915138378,0.140602741712671,0.121879521815305,0.145844537208654,0.129445973000351,0.132093425641306,0.158724082294068
1452,0.126691129573632,0.148699036372667,0.140655845723066,0.121912643540579,0.14591324826233,0.129493706439963,0.132135921918928,0.158834142069559
1453,0.126731426712868,0.148737840181803,0.140723309529734,0.121955846187827,0.146008113531929,0.129555702545725,0.132202963709078,0.158938406333394
1454,0.126809200379544,0.148813139206567,0.140807178379999,0.122028046962367,0.146113118269203,0.129635846703708,0.132285179793616,0.159068236124955
1455,0.126909771633738,0.148909572179634,0.140910834355304,0.122116135015276,0.146234168736212,0.129746041678359,0.132389075079998,0.159216740325988
1456,0.127014625148023,0.149019802784934,0.141028023377739,0.122214796845166,0.146363115104539,0.129854125158924,0.132512630144333,0.159372541070293
1457,0.127167025371498,0.149164688100703,0.141158852116556,0.122332952525842,0.146515152971319,0.129988680212801,0.132635583678009,0.159557547564678
1458,0.127351952352333,0.149340811856378,0.141320370759535,0.122497805749646,0.146702341417843,0.130168769399728,0.132798216817398,0.15976326474404
1459,0.127537391872052,0.149533320643866,0.141513009077963,0.12267606334129,0.146906915923926,0.130363957778764,0.133002935398966,0.159991451591163
1460,0.127752624417263,0.1497492626893,0.141730220602339,0.12286493067043,0.147137833017801,0.130590474656647,0.133221176517379,0.160262926967575
1461,0.127993506929487,0.150013984199668,0.141972618170629,0.123102582665521,0.14739448700728,0.130842243481254,0.133474826345598,0.160558028623453
1462,0.128266657035362,0.150311535249983,0.142231405046744,0.123383966158965,0.14768110664082,0.131114308990265,0.133751526667151,0.160874164071128
1463,0.128594954530761,0.150634285729223,0.142508964246638,0.123681363885304,0.148030427202375,0.131418450010397,0.13404892476759,0.16123566392218
1464,0.128953560466303,0.150998550894069,0.142840331185332,0.124002181085861,0.148414424153365,0.131765080222683,0.134387500222335,0.161616370994474
1465,0.129345265800256,0.151395837005632,0.143213362353665,0.124369109827718,0.148832877828838,0.132141163189347,0.134763790976798,0.162006121241489
1466,0.129785189552831,0.151813571036812,0.143602515178048,0.124759717545302,0.149291341691341,0.132535702833587,0.135177732519025,0.162446827997597
1467,0.130252001766196,0.152272948850019,0.144027517608039,0.125180074164995,0.14974356767825,0.132975082691793,0.135623595028542,0.162932384979073
1468,0.130750773938083,0.152783698365596,0.144476636211085,0.125646151904892,0.150235163252276,0.133451852194796,0.136098108415103,0.163441500269684
1469,0.131279923235743,0.15329852397471,0.144925626698399,0.126121729756108,0.150764130784467,0.133928556301965,0.136602807961562,0.16399725720167
1470,0.131835670461732,0.153834317273401,0.145412206205236,0.126614028549669,0.151316196683047,0.134446560676422,0.137136409994273,0.16460313908638
1471,0.132434133351472,0.154419395366123,0.145953823053836,0.127143293103184,0.151931904531763,0.135013912183755,0.137695991484633,0.16522306678174
1472,0.133060535479567,0.155020645112052,0.146511980976007,0.127704857676986,0.152564664216424,0.135584834271218,0.138288215469849,0.165860822359755
1473,0.133707740135525,0.155656202201969,0.147091722997945,0.128310487385866,0.1532108665664,0.136211357555206,0.13891451696352,0.166518478178345
1474,0.134384753918111,0.156338284990023,0.147711169389865,0.128938861242121,0.15390062807083,0.136869464268623,0.139565795502821,0.167194278005251
1475,0.135084357813343,0.157022195261618,0.148345314611382,0.129566092721824,0.154587801447261,0.137505541047528,0.140219011277242,0.167898945333918
1476,0.135804650583183,0.15771145852939,0.148976799178494,0.130223543403228,0.155290005586673,0.138177470909866,0.140882857495278,0.16862173923061
1477,0.1365430703118,0.158421134654042,0.14962182325718,0.130891035096924,0.156013290122932,0.138857496456767,0.141575485596261,0.169358081263155
1478,0.137313123208408,0.15914382820889,0.150291214022201,0.13157065246242,0.156749393375359,0.139537809237694,0.14228538898244,0.170119281136136
1479,0.138088807768872,0.159890723521362,0.150969333716234,0.13226192444877,0.157514522600362,0.140251196263001,0.14301279443177,0.17089275949101
1480,0.138879120702728,0.16066801960862,0.151646072016395,0.132969443959034,0.158317103042322,0.140999839412556,0.143771160548828,0.171674713482294
1481,0.139677586568204,0.161441768172939,0.15234268928585,0.133688038328156,0.159108105515034,0.141742772894447,0.144530870439659,0.172475201910881
1482,0.140489208957792,0.162230789797968,0.153071372492471,0.134419366281274,0.15991583388406,0.142503361148269,0.145307310242309,0.173306224152448
1483,0.14131967412119,0.163021817977043,0.153793136143967,0.135164740261817,0.160729353278062,0.143274322322292,0.146079978677266,0.174130720292981
1484,0.142157262422974,0.163802716910724,0.154515076537087,0.135932975871283,0.161532602117401,0.144048089363438,0.146853273655682,0.174963104878941
1485,0.143013416419812,0.164614130242907,0.155243629908744,0.136690747294697,0.162355537536173,0.144828005792815,0.147648533287504,0.175799588617792
1486,0.143901826243956,0.165453753244159,0.155972757838896,0.137447490835619,0.163208906447343,0.145620213587904,0.148445493317914,0.176638812360682
1487,0.14477854019226,0.16629531089972,0.156720998900961,0.138219405626017,0.164053393068399,0.146424664155885,0.149259685742761,0.177483118697219
1488,0.145661485474368,0.167161404175599,0.157485456347304,0.138995615787524,0.164892154900661,0.147246214650701,0.150108413978554,0.178336526594768
1489,0.146552539126454,0.168006161188206,0.158249460385258,0.139787020936351,0.165751371175934,0.148057515798685,0.15094450015895,0.179188476560778
1490,0.147437646778056,0.168835672804356,0.159039347521731,0.140604629135896,0.166626295618638,0.148871336823404,0.151773645718028,0.180038877115015
1491,0.148344726334871,0.169688444353789,0.159804652110941,0.141401204272504,0.167497877894605,0.149693808041118,0.152625064533426,0.180905094054428
1492,0.149274035842807,0.170545292218667,0.160543679611448,0.1421912225383,0.168383797009319,0.150510137007839,0.153493362605683,0.181783274230247
1493,0.150195254187432,0.171411824706538,0.161309693513626,0.142989077262079,0.169263902511897,0.151337040255112,0.154350298471721,0.182658010112023
1494,0.151120399386039,0.172302433484278,0.16207880784598,0.14377766140225,0.1701291493731,0.152178562730512,0.155203387728403,0.183532212016265
1495,0.152057484884044,0.173180466521863,0.162860409631351,0.144585363306467,0.171012721536012,0.153030426683614,0.156087298384193,0.184429065617284
1496,0.152993579830278,0.174047651848368,0.163676067364725,0.145413121997488,0.171909196251834,0.15389906340583,0.156985223564118,0.185341843800305
1497,0.153942051494119,0.174927208360888,0.164457427085547,0.146234734187659,0.172806287750885,0.15473966703736,0.157875304264914,0.186232235211163
1498,0.154913772638903,0.175816797765564,0.165215522414986,0.147059957017523,0.173715514933315,0.155573676692891,0.15879109836381,0.187133828643152
1499,0.155881655605983,0.176705218496666,0.165998858083934,0.147884983753816,0.174623558149009,0.156423835252365,0.159696662051268,0.188035973352244
1500,0.156854412990332,0.177596810173884,0.166779477457915,0.148712905926322,0.175538282267496,0.157252515381982,0.160577826999754,0.188914069619227
1501,0.157823079026815,0.178492671129509,0.167564421734475,0.149536288216745,0.176437382716172,0.158104758205791,0.161480096555565,0.189809181881087
1502,0.158785989691556,0.179387277971946,0.168373703588795,0.150353561383414,0.177322264328069,0.158998075035075,0.162406989168958,0.190733520291058
1503,0.1597627602064,0.180289199049454,0.169168214246094,0.151183760194604,0.17823056132436,0.159863767838095,0.163316665275175,0.191632023574631
1504,0.160758042897519,0.181218777575165,0.169951475808256,0.15202029224926,0.179146553205544,0.160725998184894,0.16422271664392,0.192499582323446
1505,0.161732674491617,0.182112704154784,0.170738957315593,0.152854448514463,0.180049201332953,0.161580719319333,0.165127709021178,0.193400571898427
1506,0.162698879616758,0.182973838405978,0.171533548748214,0.153701723898301,0.180963716374199,0.162410545169447,0.16602080787284,0.194329644296578
1507,0.163671441303993,0.183866075101957,0.172320642520796,0.154537296203222,0.181872227966777,0.163264552635053,0.166926199189392,0.195232339268356
1508,0.164631628976833,0.184763774806944,0.173110806216301,0.15537043044364,0.182758029422273,0.164131912258666,0.16783892218932,0.196134123598746
1509,0.165597553885329,0.185647299644974,0.173873775761029,0.156185792384316,0.1836561459635,0.164983235811345,0.168755138912296,0.197043318320411
1510,0.166573512827219,0.186541417826261,0.174630654726609,0.156996551060056,0.184582499191416,0.165840578974461,0.169655231029651,0.197928444589941
1511,0.167547754633914,0.187425894988607,0.175397548723365,0.157814945228845,0.185487739336522,0.166706196215973,0.170557612805031,0.198791684342492
1512,0.168530480503688,0.18828903504676,0.176173401915355,0.158643712007762,0.186394398450065,0.167552819661372,0.171453620957477,0.199672454519791
1513,0.169509630731623,0.189159281386038,0.176961872247787,0.159486051023319,0.187309504604687,0.168413723829009,0.172335488758287,0.200573088518026
1514,0.170473577631363,0.190045904026876,0.17774860398089,0.160314433355802,0.188198679644465,0.169283268680483,0.173254089241325,0.20147355607223
1515,0.171463157540348,0.190944351948943,0.178522941493533,0.161144783086871,0.189099489323847,0.170145960216458,0.174182445679152,0.202360653260904
1516,0.172456565620664,0.191836149132013,0.179303839904269,0.161963137087905,0.190001738710117,0.171014116741607,0.175091674142261,0.203247093872831
1517,0.173424279669072,0.192723616186809,0.180067237291521,0.162760043611955,0.190872932122516,0.171854396127612,0.176013574784777,0.204140880348026
1518,0.174410192738825,0.193606225758712,0.18079990967615,0.163573083055489,0.191744770704935,0.172694953292497,0.176929792787892,0.205028744538347
1519,0.175392195222897,0.19448204202075,0.181546503293124,0.16438289649442,0.192612856350446,0.173556494444644,0.177836393090917,0.20590490933119
1520,0.176338116300373,0.195344767121387,0.182283039091273,0.165185161412772,0.193470649068205,0.174390390611558,0.178755123244914,0.206779209444954
1521,0.177296980664165,0.196188761840912,0.182995614262263,0.165992399296114,0.194345400155149,0.175206921671769,0.179669184449244,0.207633719664382
1522,0.178252816244716,0.197030641905173,0.18372888928455,0.166789381908094,0.195211668011577,0.176023595041962,0.180555589543473,0.208449903169521
1523,0.179205591639107,0.197879397853696,0.184466790053455,0.167588958413742,0.196068702071027,0.176828891827486,0.181438574094955,0.209289143689945
1524,0.180184151071641,0.198736698441767,0.185196068015081,0.168395547111186,0.196923507488151,0.177639507763847,0.182343049068967,0.210152610611108
1525,0.181143657791637,0.199578760613784,0.185925328717959,0.169191036274093,0.197769047656968,0.178463257314144,0.183237912766783,0.210988495486981
1526,0.182090070085466,0.20040067267702,0.186653223389357,0.169985052793898,0.198620257106421,0.179266314737124,0.184116784362734,0.21182820028762
1527,0.183043136995805,0.201232520227034,0.187383446268638,0.170765690068937,0.199477362081715,0.180055515798488,0.185000470339422,0.212671132774793
1528,0.18398036978213,0.202060087958251,0.188094415754291,0.171523122925145,0.200323930856462,0.180862120439855,0.185863762306102,0.213502838446814
1529,0.184904262421911,0.202884286023189,0.18879090863852,0.172266960177861,0.2011421581707,0.181673177610511,0.186712910034231,0.214341818450826
1530,0.185837791971903,0.203729159377352,0.18949934003899,0.173006842440101,0.201971730696758,0.182477185755756,0.187590903918547,0.21517667688759
1531,0.186783435009333,0.204562015992214,0.190198462694817,0.173766723189736,0.202801315098116,0.183290136506782,0.188474791643049,0.215993925918088
1532,0.187715689152632,0.205368499508305,0.190876342983037,0.174518084320318,0.203597600928072,0.184086728978524,0.189346196989782,0.216791107624011
1533,0.188638137764627,0.206166301547242,0.191553671739103,0.175255123009226,0.204413511322014,0.184851729307337,0.190215577436824,0.217576374014453
1534,0.189550210092447,0.206948210118149,0.192232770812462,0.176006521374297,0.205225455876025,0.185631836259787,0.191055364480605,0.218372862824781
1535,0.190448165233895,0.207733972018055,0.192908571140238,0.176746485711116,0.206011215785204,0.186405949738266,0.191882037202217,0.219170781636729
1536,0.19134493523244,0.208537520813567,0.193576449947123,0.17747763449797,0.206813833400392,0.187145294091365,0.192733266247876,0.21996350883146
1537,0.192243523998488,0.209331012777691,0.194237583656561,0.178218194932788,0.207608126024961,0.187894621821276,0.193589415732168,0.220762712706745
1538,0.193130189501248,0.210107711243802,0.194890117732728,0.178935522723605,0.208383943553647,0.188638542057447,0.194431873074641,0.22153722160644
1539,0.194018668649949,0.210882291911162,0.195526731462287,0.179629461683379,0.20913508413035,0.189366088955745,0.195291765238205,0.222298085828569
1540,0.194889816774876,0.211644597841515,0.196160539250302,0.180326039415287,0.209898699325323,0.190103298002338,0.196112650818595,0.22305092224311
1541,0.195733645034461,0.212382089976756,0.196791824647779,0.181014669853196,0.210656459204118,0.190852220194583,0.196899207969405,0.223780618265911
1542,0.196603981525224,0.213126471731205,0.197417759612424,0.181702930235716,0.211414956144772,0.191585245791374,0.197699947989689,0.224519759603485
1543,0.197492880609326,0.213879986760314,0.198030397842273,0.18238928223172,0.212180369318366,0.192310197117459,0.198489445396982,0.225253940550061
1544,0.19835156428881,0.214611490433477,0.198646998989245,0.183074798236249,0.21293260082252,0.193041769971509,0.199288965378363,0.225998796749944
1545,0.199211423085991,0.215326864608942,0.199272270860078,0.183760621341375,0.213678523256936,0.193779114790758,0.200099107274155,0.226762334515271
1546,0.200045413705501,0.216039723217156,0.19987179774521,0.184430618223343,0.214413425718701,0.194486687983898,0.200891335563415,0.227491789016282
1547,0.200833523091516,0.216736682395218,0.20045403246771,0.185095396209339,0.215140034292927,0.195183881513814,0.201673901924369,0.228207554511341
1548,0.201660061619624,0.217441902248959,0.201044953928853,0.18574733230317,0.215859428912687,0.195880769015815,0.202458810061848,0.228922494199662
1549,0.202513320513654,0.218152104219009,0.201625452923082,0.186384841396586,0.216570152403758,0.196554208611379,0.203250904357003,0.229624099341682
1550,0.203329090527387,0.218851378362596,0.202205413463409,0.18702465560751,0.217277552890831,0.197242176558849,0.204011217362739,0.230311847805902
1551,0.20413689955135,0.219552979274228,0.202801597943984,0.187657837929526,0.217980668823354,0.197948116714415,0.204756487602129,0.231003880037836
1552,0.204942684283412,0.220234639069771,0.203368991537193,0.188285228428826,0.218667621914446,0.198620599347353,0.205502576684045,0.23167518246477
1553,0.205721506339739,0.220901447911488,0.203913738651349,0.188913299280399,0.219347083875011,0.199284304738289,0.206218229927118,0.232307547258561
1554,0.206505371733107,0.221559704833633,0.204462729171516,0.189523147345835,0.220013649772866,0.199928500119313,0.206948969514501,0.232962874962006
1555,0.207310401163605,0.222210388094472,0.204998103115816,0.190113321886235,0.2206645359534,0.200540611615866,0.20770130847795,0.233628401489693
1556,0.208085862283933,0.222850193250743,0.20553552739493,0.190719653704029,0.221315194908262,0.201174865831723,0.208428069500793,0.234279693341385
1557,0.208831648279068,0.223464772494113,0.206076090609717,0.191331419747712,0.22195467331739,0.201803490880251,0.209141021065759,0.234937616375609
1558,0.20958715047861,0.224097586995374,0.206608780525195,0.191917465092681,0.222591269494808,0.202430968637567,0.209848880862016,0.235567127397495
1559,0.210341935424482,0.22474405471667,0.207140981459925,0.192504626313661,0.223220745817993,0.203081192573469,0.210549514969866,0.236163760507356
1560,0.211080826060982,0.225355945203045,0.207654624856915,0.193079033221263,0.223853939438374,0.203695493170964,0.211238656979254,0.236780974790726
1561,0.211817392251921,0.225958070760938,0.208150500291263,0.193620436418301,0.22448817925288,0.204277586491082,0.211926194442455,0.237400359097696
1562,0.212536463709826,0.226563290897427,0.20865847175274,0.19417541677464,0.225115097858685,0.204883898017156,0.21259285716809,0.238007625897822
1563,0.213238446184191,0.227140530459762,0.20916459307379,0.194739346930933,0.225747710741451,0.205494723406581,0.213233160331161,0.238630456562407
1564,0.213938545095146,0.227726006450407,0.209661123382555,0.195286985326623,0.226357693480951,0.206079556891357,0.213876301921813,0.239221781634428
1565,0.214635531482567,0.228344301469104,0.210173592467285,0.195838388522106,0.22696315231196,0.20667594674825,0.214502241802141,0.239770198116504
1566,0.215307567229208,0.228916458603867,0.210648039746555,0.196361983275887,0.227543503027205,0.20723871579216,0.215141211738614,0.240347258158579
1567,0.215954610082606,0.229443060179349,0.211080480545574,0.196855240268801,0.228082055053254,0.207744878264801,0.215797483032474,0.240933899284822
1568,0.216614151859838,0.229998640793136,0.211538481985956,0.197366786323356,0.228649592643621,0.208289203774764,0.216428264206901,0.241502798484476
1569,0.217258704362332,0.230554220927071,0.211996453001741,0.197871391647571,0.22922044221139,0.208848946917825,0.217051206629325,0.242085718849245
1570,0.217910904288428,0.231094777734284,0.212446525980231,0.198366039100513,0.229775414813036,0.209391273926783,0.21766473864811,0.242637410343468
1571,0.218584090747046,0.231648229409442,0.212908127112581,0.198874029705155,0.230349592490391,0.209947921466499,0.218253987635172,0.243151856968447
1572,0.219229394651426,0.232181447160012,0.213345693035787,0.1993639467359,0.230897545775276,0.210480163468968,0.218851676667593,0.243677740434976
1573,0.219859142416805,0.23269521142159,0.213762849627159,0.199832439819794,0.231410205942142,0.210978080544717,0.219457484326392,0.244200302420471
1574,0.220487570620383,0.233197967866217,0.214180048705804,0.200296415434936,0.231934500379767,0.211487628122335,0.220045826372705,0.244715138114931
1575,0.221113369476009,0.233688146693588,0.214590849633425,0.200743570961015,0.232458763736252,0.212001274756399,0.220625808012054,0.245222128201362
1576,0.22171843609966,0.234177636661869,0.214993623951124,0.201207261464686,0.232974617572397,0.212499713470904,0.221198426332599,0.245734669094938
1577,0.222304330373614,0.234646941644711,0.215382919023073,0.201682002571795,0.233488461893009,0.212990618287012,0.221757715935262,0.246244193743694
1578,0.222894770444669,0.23512093247095,0.215774566427571,0.20212873145106,0.23398907837004,0.213481673314513,0.222320224001809,0.246750361844372
1579,0.223473664772562,0.2356045650035,0.21616577850809,0.202580259839469,0.234481211086166,0.21396933302658,0.2228792753436,0.247274771343905
1580,0.224049513391257,0.236073386053017,0.216549553067137,0.203014420741497,0.234968569695039,0.21444031458461,0.223431734042118,0.247767070483704
1581,0.224631795064555,0.236530940599455,0.216931566861737,0.203400262247909,0.235449063122206,0.21490378478016,0.223993878045462,0.248235327234523
1582,0.225195815398171,0.236987171580759,0.217308316121675,0.203819993216177,0.235916511012632,0.215365158760314,0.224521031943538,0.248700362974544
1583,0.225741514558916,0.237444182987841,0.217667674166722,0.204266584694253,0.23635695345024,0.215801554732059,0.225022971095411,0.24914365134309
1584,0.226289353777891,0.23788365634821,0.218037650174999,0.204685512586128,0.236821854653519,0.216252067303821,0.225531174518827,0.249592168428941
1585,0.226845203126188,0.238312039913544,0.218416063912217,0.205103767590015,0.237306734723599,0.216733675996371,0.226014126747844,0.250046820220289
1586,0.22737237081433,0.238739625954069,0.218786517602979,0.205512929889812,0.237764413066311,0.217170174235277,0.226508874832434,0.250484241161344
1587,0.227869504099342,0.239144434901467,0.219167680813799,0.205897260504844,0.238231615097379,0.217576446547655,0.227015066844929,0.250902716972635
1588,0.228383863378531,0.239564276047775,0.219526250663188,0.20628954057628,0.23867421853545,0.217998743750907,0.227511767676581,0.251331694620024
1589,0.228889356527989,0.240003449163498,0.219863796549109,0.206689556909109,0.239064188901429,0.21839826394782,0.228020385129452,0.251757328731445
1590,0.229391174554545,0.240417687634519,0.220208731318649,0.207076363146736,0.239487625156759,0.2188063890505,0.228491858941726,0.252182265994361
1591,0.229909831652126,0.240818666606537,0.220543091252821,0.207455904746552,0.239931340447751,0.219239743531553,0.228931158160384,0.252614102151654
1592,0.230411280784048,0.241226350811376,0.220875510440695,0.207832186139561,0.240355506066735,0.219650524289279,0.229388587220616,0.253043704942709
1593,0.230901618520406,0.241631797001413,0.221212337168411,0.208206000184055,0.240789704805716,0.220048902110714,0.229831818759834,0.253481160008787
1594,0.231375799114481,0.242020615919787,0.221543689662207,0.20856497224464,0.241198843471242,0.220439951158151,0.23027410296127,0.253888366728843
1595,0.231836020690949,0.24241073724781,0.221875473491785,0.20890677094467,0.241579952997857,0.22081889459659,0.230734588412677,0.254279935013933
1596,0.23229547818927,0.242788787222187,0.222190815485247,0.209257498250096,0.241968415093497,0.221197485406832,0.231178655759207,0.254672270261846
1597,0.232735875653703,0.243137301932447,0.222491343186115,0.209608022966489,0.242350094995877,0.221558492262488,0.231604323175207,0.255042149693699
1598,0.233178954667663,0.243499059231668,0.222799470436274,0.209949597356029,0.24272819947707,0.221934916113644,0.232028456598252,0.255413570495019
1599,0.233625312960617,0.243868332788394,0.223093309250985,0.210288885933615,0.243102035843168,0.22232895070127,0.232444068765387,0.255792167824102
1600,0.234067260816815,0.244229116150039,0.223394599992326,0.210628563963242,0.24347540143672,0.222703778526316,0.232865592773352,0.256161066258039
1601,0.23450867785809,0.244591112030038,0.223711755044568,0.2109683924771,0.243846985111311,0.223080913549393,0.233302140333297,0.25651326075386
1602,0.234936256178122,0.244940959709493,0.224017768796226,0.211288329826221,0.244212246172534,0.22344217982748,0.23369917142537,0.256868013849334
1603,0.23535246969983,0.245279899471983,0.224322587687725,0.211594870442225,0.244579126445177,0.223784529548619,0.234075754991794,0.257229549730277
1604,0.235775388773768,0.245618158238695,0.224616925021342,0.211911972281726,0.244934999594446,0.224126696306542,0.234460831076822,0.257582365308171
1605,0.236189252199224,0.245954793945259,0.2249064741044,0.212222331590129,0.245274144938724,0.22446382227215,0.234815425540263,0.257926853191103
1606,0.236603512602581,0.246281165942614,0.225188145830018,0.212523649506413,0.245622041965945,0.224794298643669,0.235178700231447,0.258269113070595
1607,0.237036693054821,0.246589027771369,0.225459094022605,0.212838784319262,0.245978434104133,0.225112252128145,0.235559323631745,0.258600300970159
1608,0.23744333120787,0.246912566469143,0.225723766317455,0.213136762420437,0.246312914307356,0.225430346842067,0.235934451170236,0.258939723188305
1609,0.237830618063072,0.247245057467503,0.225973988732558,0.213399424722807,0.246635214019922,0.225746410812558,0.236295845351899,0.259294582795941
1610,0.238215535388475,0.247560454426036,0.226231609280189,0.213682628511984,0.24696277706971,0.226058299442649,0.236664327319017,0.259621986124281
1611,0.238577773063755,0.24787938418616,0.22648111273286,0.213975244729344,0.247275993370462,0.226370753359144,0.237052776075214,0.259935524826478
1612,0.238954440585153,0.248192979677416,0.22673962360026,0.214259173769803,0.247594043461927,0.226676332908712,0.237417460402401,0.260253033034801
1613,0.239345097254734,0.248492361940692,0.227021955299744,0.21455100603436,0.247933026373375,0.226972747626698,0.23777489674697,0.260551081959907
1614,0.23971871436359,0.24878369205539,0.227279432655899,0.214832997357097,0.248243617691721,0.227268382746217,0.238117578649873,0.260852620796779
1615,0.24008860323335,0.249069930606198,0.22752589168751,0.215099473189843,0.24852785813267,0.227556249223725,0.238437017101548,0.261162489430352
1616,0.240452078290181,0.249357663190156,0.227771158508481,0.21537837634247,0.248824080520816,0.227847473399667,0.238761176532364,0.261471089933114
1617,0.240802231547262,0.24963493187848,0.227993273193711,0.21567912214333,0.249108314527658,0.228142306148309,0.239063186696748,0.261778229699352
1618,0.241148299730079,0.249913508768663,0.228228301099269,0.215939280450638,0.249405650614779,0.228431841469047,0.239392755463392,0.262076665884311
1619,0.241497679825212,0.250203696949236,0.228482658054581,0.216187238137088,0.249733699437044,0.228729005740102,0.239756258339557,0.262378404567721
1620,0.241833720181896,0.25047814949503,0.22871481154036,0.216422741338313,0.250022520336858,0.229005259495218,0.240080693063075,0.262671732632016
1621,0.242157121447085,0.250733697449416,0.228939667657088,0.216602202585075,0.250290678539813,0.229260182809955,0.240409259266287,0.262952653313334
1622,0.242474686988277,0.250997465746053,0.229161777887432,0.216820839778346,0.250559638080812,0.229527666895599,0.24071544956364,0.263225247216701
1623,0.242774367857148,0.251265685435721,0.229365406387043,0.217061565928333,0.250797976283971,0.229795485158385,0.240967286578134,0.26348455744996
1624,0.243085431675497,0.251523202893382,0.229573966643481,0.217293499731238,0.251057511945287,0.230050388793533,0.241251528375851,0.263754383506502
1625,0.243387791417159,0.251773522533154,0.229773587818156,0.217540069481725,0.251330581360949,0.230300758602819,0.241546494228549,0.264017803022467
1626,0.243703233146731,0.252027154076321,0.229990965555691,0.217777395790145,0.251600220380258,0.230553686900735,0.241835177737367,0.264289473537169
1627,0.244046469202666,0.252281509788507,0.230232100967799,0.218005223919715,0.251881985342981,0.230794411541937,0.242139255807016,0.264596985369509
1628,0.244364345899943,0.25252300098672,0.230447834827708,0.218233736897355,0.252148577157808,0.231040885909308,0.242428483356757,0.264856063149354
1629,0.244682380368385,0.252764251151461,0.230663166979969,0.218469832745218,0.252417134477673,0.231304201574617,0.24270583619613,0.265080240350199
1630,0.244984839077696,0.252997420006098,0.230875028379102,0.218688547786233,0.252667808084578,0.231552119687317,0.24298245046021,0.265316832024388
1631,0.245263952164986,0.253210142834995,0.231065641583896,0.218892976521958,0.25289175137184,0.231788541565995,0.24324920373872,0.265524000251092
1632,0.245538733629098,0.253428710908627,0.231256270442315,0.219096455107491,0.253123450071955,0.232017618298049,0.243519854937045,0.26575279104931
1633,0.245796708262377,0.253655206495642,0.231454028111445,0.219291450764686,0.253343173761022,0.232231518733336,0.243801302135544,0.266008084877715
1634,0.246068173540961,0.253868325983158,0.231644723407052,0.219483164161006,0.253575670341608,0.232460472619901,0.244061314946131,0.266249782793398
1635,0.246341481989343,0.254075037448996,0.231822727060357,0.219672077694839,0.253830142107883,0.232696425668186,0.244302024683169,0.266483156260868
1636,0.246610775973486,0.254273003773656,0.231999999399729,0.219858661321867,0.254056744949561,0.23292382070793,0.244555806486077,0.266724880834295
1637,0.246895997520019,0.254448765962212,0.232181449371487,0.220031536990115,0.254274967722725,0.233164362848861,0.244809944396915,0.266984300775637
1638,0.247157652580345,0.254644518572693,0.232353028085826,0.220216744511314,0.254488981432969,0.233382905573024,0.245052622551744,0.267210447432775
1639,0.247393228438904,0.254845782885545,0.23250528466414,0.2204068421768,0.254675342096258,0.233571781416096,0.245304320613496,0.267424871347329
1640,0.247641251589623,0.255046105001314,0.232673694982172,0.220600987134359,0.254881401580552,0.233778877207969,0.245541202723135,0.267634628867028
1641,0.247883549599555,0.255259260456012,0.232845357482338,0.220824032919034,0.255094795140869,0.233992662964871,0.245738866566123,0.267804801529
1642,0.248127581737101,0.255463905579135,0.233019231620983,0.221003531872793,0.255309082624273,0.234192668466676,0.245967029794885,0.268003791862937
1643,0.248383092060814,0.255674350774772,0.233218465832202,0.221157734474808,0.255542423516582,0.234397243839909,0.246220467824461,0.268223860611815
1644,0.248630323268791,0.255861808151611,0.23338468070054,0.221317957949126,0.255751339059777,0.234590487117687,0.24645532890252,0.268433469407356
1645,0.248881463289442,0.256041608343932,0.233527979272094,0.221443719266581,0.255957524667635,0.234762353302903,0.246712051846954,0.268664505395889
1646,0.24911194424572,0.256206885674402,0.233682139959166,0.221594291395359,0.256150374178776,0.234944377530954,0.246928167715836,0.268859430078482
1647,0.249334038219979,0.256331618347824,0.233816489593955,0.221771343717517,0.256310074742617,0.235125744554855,0.247093516159084,0.269018609293749
1648,0.249538949574367,0.256485823998905,0.23396566228872,0.22193141291822,0.256487481698308,0.235309315690622,0.247286849300712,0.269196947026305
1649,0.24971051015035,0.256640481441941,0.234145362619134,0.222090510612277,0.25666755536931,0.23550252943872,0.247468708135395,0.269360163469754
1650,0.24989964317161,0.256809128625701,0.234290454994474,0.222241517132754,0.256846109046483,0.235679951979254,0.247665079653227,0.26953576697911
1651,0.250093277439367,0.257016891865558,0.234419478055762,0.222379862516844,0.257035306391004,0.235852217291583,0.2478951168977,0.269734198256625
1652,0.250276043904481,0.257185543761459,0.234547923007407,0.222524129111618,0.257213369183687,0.236022153047187,0.248101189588028,0.269921457847899
1653,0.250451627570808,0.257348520369205,0.234650388182179,0.222666658052214,0.257387775191621,0.236176022625339,0.248300345588747,0.270110469291363
1654,0.250639808776465,0.257495509154516,0.234770612984985,0.222811057190756,0.257552075806788,0.236339418041887,0.248488331021567,0.270283906683979
1655,0.250829096008817,0.257593851485265,0.23490067356962,0.222973228230521,0.257714326099358,0.236525877071978,0.248653869827659,0.270454005006743
1656,0.251009844810437,0.257731569141461,0.235027634678843,0.223101793959493,0.257857943960083,0.236673288563851,0.248834930221683,0.270610437302126
1657,0.251199241205359,0.257893116611937,0.235159818465525,0.223189437654618,0.257978526093629,0.236791896028486,0.249022233268826,0.270732211821658
1658,0.251383400703618,0.258031518606043,0.235285879708332,0.22332287085008,0.258110009346129,0.236927782459747,0.249196602884201,0.270883930990643
1659,0.251558441525127,0.258178173684895,0.235417245803805,0.223473928841237,0.258224193322588,0.237043420433236,0.24937143846362,0.27105730768922
1660,0.25172699111404,0.258315798439962,0.235531560273618,0.223599989153237,0.258359423153432,0.237174063866648,0.249544709292617,0.271204791358822
1661,0.251905283594973,0.25842986901246,0.235632921556715,0.223756295479221,0.258522154259877,0.237331647866235,0.249713914651921,0.271351559612104
1662,0.2520594408097,0.25855137859926,0.235736323857984,0.223878207663054,0.258658926659884,0.237471575754225,0.249868792264432,0.27149740876936
1663,0.252176173291597,0.258678651776589,0.235825045516888,0.223950650783529,0.258793581786126,0.23759451801323,0.250020195648984,0.271623299059074
1664,0.252322308960211,0.258804752112456,0.23592239467771,0.224039132211046,0.258920816524918,0.237732580658629,0.250168660518584,0.271754785270404
1665,0.252479013842905,0.258937575201572,0.236029037114701,0.224127261561865,0.259030828287626,0.237892608800641,0.250296077633528,0.271903340529771
1666,0.252623448461744,0.259044754368403,0.236125736333027,0.224219000349207,0.259141014824723,0.238016853110459,0.250431221584758,0.272030621396905
1667,0.25278227083013,0.259131192954253,0.236218004816526,0.224310668289087,0.25924878374862,0.238136026334722,0.250585783726381,0.272145962898076
1668,0.25291920125913,0.259238752629424,0.236311783882036,0.224392705723553,0.259356674187163,0.238236363281953,0.250708697560647,0.272248843652323
1669,0.253037436626224,0.25934313083249,0.236408233615811,0.224485909042536,0.259466629590465,0.238298030157154,0.250809774206836,0.27233341283588
1670,0.253149006923603,0.259436849540258,0.236488926523026,0.224554826661932,0.259558493915261,0.238374004009231,0.250915235551218,0.272427754292273
1671,0.253246014531129,0.259547995394502,0.236559687210307,0.224581255835609,0.259639722980247,0.238444363398108,0.251004049836596,0.272511414551075
1672,0.253350655817704,0.259641863040852,0.236635114185193,0.224652794774742,0.25972501500117,0.238522930512714,0.251100541938445,0.272600713367744
1673,0.253447174069945,0.259705497605941,0.236701461783572,0.224744879370625,0.259791364476975,0.238610676332911,0.251194986402616,0.272699709811807
1674,0.253545992033746,0.259780253856451,0.236767998303911,0.224818062285068,0.259873815900909,0.238682024548508,0.251301104909546,0.272793521648996
1675,0.253658762971895,0.259858571763361,0.236842611850811,0.224906714538118,0.259982959332669,0.238752227242824,0.251420369258555,0.27288345796128
1676,0.25374969445976,0.259941602273194,0.236906984726142,0.224985327017259,0.260056953620122,0.23881566736606,0.251520186029493,0.272972799853783
1677,0.253831771275902,0.260031467348961,0.236959374058487,0.225051893925095,0.260115820497683,0.238858917817445,0.251630824340216,0.27306962439461
1678,0.253899997399802,0.260099492602711,0.237013776756705,0.225102521216655,0.260173751414096,0.238916521371456,0.251712348006277,0.273148711524741
1679,0.253944892284921,0.260165781534762,0.237064091194841,0.225147660591194,0.260205552132098,0.238980264630164,0.25174826581635,0.273208285276953
1680,0.254005876040784,0.260226396127024,0.23712149146492,0.225196312093359,0.26026078538613,0.239043604763395,0.251828307984966,0.273286787452822
1681,0.2540672587234,0.260273158644368,0.237185476002033,0.225228172940785,0.260342910605856,0.23912365923316,0.251926080778301,0.273373016822038
1682,0.254119250955034,0.260304908127213,0.23723475087571,0.225256558811672,0.260382646874932,0.239166761624255,0.252002808923131,0.273440771693116
1683,0.254180254772754,0.260330585546269,0.237287366511634,0.225293294877428,0.26040743803979,0.23918642577977,0.252102603204147,0.273514947427164
1684,0.25422179972884,0.260355848344047,0.237324664899984,0.22532473934458,0.260433095974099,0.239222801946175,0.252162832043165,0.27357270705259
1685,0.254245675846039,0.260356343441182,0.237340655029569,0.225333420788336,0.260434151675869,0.239244229331839,0.252187051290154,0.273605862511058
1686,0.254265537764891,0.26037175062533,0.237365374341723,0.225358574772389,0.260440931044214,0.23927036313369,0.252214455771678,0.273644172996129
1687,0.25426710249348,0.260404961204138,0.237383549939495,0.225401418415947,0.260458239680199,0.239318244925575,0.252219958976203,0.273678519510193
1688,0.25429370585643,0.260420851820593,0.237414387528279,0.225432614894552,0.260461127228518,0.239340814349563,0.252251604328504,0.273719506003497
1689,0.254327430088246,0.260435438150936,0.237459547292238,0.2254660561898,0.260451956383665,0.239339492513297,0.252296896624432,0.273761355509591
1690,0.254349985663475,0.260424563547531,0.237478381775754,0.225476381861957,0.260433321447338,0.239349588960261,0.252312897593827,0.273791671826536
1691,0.254393493324525,0.260395293320655,0.23749837349135,0.225474460864802,0.260402511520136,0.239371887178554,0.252338342502031,0.273831258295185
1692,0.254401768579539,0.260373581107571,0.237499357416538,0.225476365449272,0.260386744706583,0.239358307918696,0.25233498455938,0.273846392005857
1693,0.254382300043467,0.260331754731016,0.237470302031685,0.225456573754266,0.26036801114333,0.239317751914897,0.252282964396729,0.273837729109946
1694,0.254364565668787,0.260304594288687,0.237456780191682,0.225456688158978,0.260342469299988,0.239303930410615,0.252272332718426,0.273833197264083
1695,0.254329435257206,0.260292482433435,0.237443754542641,0.225476653393245,0.260326841403052,0.239281790816886,0.252278381077146,0.273821612672411
1696,0.254313861311059,0.260268197012812,0.237429159836135,0.225474517302576,0.260303105846474,0.239260538340474,0.2522658638598,0.273807478452482
1697,0.254313432878416,0.260240694608636,0.237417016381228,0.225474621162588,0.260263537922593,0.239264135083622,0.252262620311153,0.273792900274897
1698,0.254268144489306,0.260202751785551,0.237392498888166,0.225445512094173,0.260227583201124,0.239237743043173,0.252235378210546,0.27376077363843
1699,0.254216888115052,0.260159566756652,0.237368570122461,0.225390456339638,0.260200980968446,0.239188690904411,0.252187825447775,0.273712542536002
1700,0.254147459901226,0.260114056186633,0.237323025770146,0.22535249153472,0.260160856508547,0.239137129615547,0.252139847349452,0.273679306191206
1701,0.254034705643864,0.260060379696981,0.237256633295825,0.225299084557586,0.260110427995141,0.239080044349495,0.252083109876813,0.273642438296949
1702,0.253945161879614,0.26000131004967,0.237203576945463,0.22526331034561,0.260051083494658,0.239021353876439,0.252024627171956,0.273600479511359
1703,0.253865370259558,0.259940092447983,0.237141338170511,0.225249186050883,0.259987869648952,0.238945705716008,0.251960014796416,0.273569785605124
1704,0.253775177536923,0.25987774498171,0.23708725545784,0.225211674042091,0.259916766947626,0.238887082542987,0.251889237067909,0.273519368262476
1705,0.25367578810497,0.259808573566913,0.237044544237519,0.225168476638239,0.259829723995673,0.238838868269827,0.251816253000105,0.273453679172877
1706,0.253573829418664,0.259731939003512,0.23698763041853,0.225115597094027,0.259748986935458,0.238783869423696,0.251735751931288,0.273383188597131
1707,0.253471938196891,0.259660079261153,0.236930642414224,0.225055995038038,0.259676381939953,0.23873496539718,0.251648357026117,0.273299761227103
1708,0.25336287393026,0.259544360977017,0.236838138206942,0.224974058639391,0.259550215335552,0.238663356765748,0.251551896502521,0.273251592387547
1709,0.253250647297249,0.259437648494778,0.236751580247667,0.224886820700021,0.259446009376321,0.238576004727383,0.251434951020389,0.273190197791328
1710,0.253138059418637,0.259317504620715,0.236640022045452,0.224819781514385,0.259339794247452,0.238456275723553,0.251305817364335,0.273083932880913
1711,0.25299841820564,0.259198607215162,0.236524346427239,0.224729176635308,0.259212258048112,0.238333637418972,0.251202486266633,0.272981529839456
1712,0.252842328952954,0.259103498143112,0.236446031850725,0.224638747671763,0.25912270249908,0.238229094826881,0.251071792436694,0.272837909981458
1713,0.252695134093851,0.259001231595399,0.236357988444672,0.22455454209402,0.259017248366827,0.238128476292143,0.250939858791346,0.272663013240981
1714,0.252517095109729,0.258875830579053,0.236261875905506,0.224434511068593,0.258877991542974,0.238021108838503,0.250826990832458,0.272522973980562
1715,0.252342919083746,0.258733899649725,0.236174461917071,0.224308919543799,0.258723414589935,0.237920952732736,0.250669242229683,0.272411434639365
1716,0.252149757518235,0.258586697659912,0.23606721155278,0.224176283422216,0.258541212164484,0.237762528397115,0.250542623718583,0.272337561259042
1717,0.251959637914603,0.258433718305912,0.235944795574152,0.224036441587166,0.2583671794263,0.237616114242498,0.250380441611058,0.27220135871205
1718,0.251779716910024,0.258303234437079,0.235814893498857,0.223876495953088,0.258185565411665,0.237470080246468,0.25016421538178,0.272031990918997
1719,0.251587540351498,0.258141830441716,0.235676080768997,0.223726486597297,0.258018105122628,0.237315894004373,0.249969092556339,0.271868066213293
1720,0.251412252721949,0.257938936821157,0.235509090258228,0.223598632813971,0.257882834769874,0.237174573621232,0.249769274743011,0.271656587627252
1721,0.251190922502765,0.257750076105338,0.235354345129432,0.223435018047259,0.257708632303607,0.237009155439905,0.249563932376069,0.271454665332602
1722,0.250922648667199,0.257552899457732,0.235205661366511,0.223245481039972,0.257516326335028,0.236810365346629,0.249377585708191,0.271259895068092
1723,0.250664634854332,0.25735252261647,0.235050083951962,0.223065116969771,0.257324277781253,0.236623653011633,0.249166414239498,0.271076302957894
1724,0.250381398549484,0.257169886923449,0.234903748465837,0.22285040426097,0.257091322607555,0.236431684565271,0.248939917689774,0.270916880093822
1725,0.250099299656779,0.256960131270761,0.234737335337464,0.22266157554632,0.256883113729519,0.236236451419136,0.248694291517416,0.27071235833369
1726,0.249839192465926,0.256726032868396,0.234559240566425,0.222514826459719,0.256710609425322,0.236063105566507,0.248417361653376,0.270505883088705
1727,0.249548476259568,0.256493524742577,0.234370708691337,0.22233850707826,0.25650828307162,0.235855269823849,0.248153888092184,0.270278516549151
1728,0.249210727163181,0.256224589861365,0.234146858772685,0.222158258183084,0.256293589543902,0.235608914351788,0.247879623160404,0.269970677891603
1729,0.248908094663989,0.256001917112533,0.233955555851024,0.22196339956895,0.256079906551782,0.235384542705613,0.247607406565881,0.269718360240397
1730,0.248626012766159,0.255838535977173,0.23378394126144,0.221758370237346,0.255857563233263,0.235147414016438,0.247355044815025,0.2695147433158
1731,0.248313941078063,0.255606983305293,0.23359497145406,0.22153082877318,0.255625106448892,0.234923086869142,0.247079771375527,0.269270175592152
1732,0.248009974103501,0.25536376023302,0.233424362167626,0.221268482910973,0.255395264662004,0.234722809246965,0.24678986780506,0.269033349573592
1733,0.247686899440716,0.255111733714948,0.233226676235815,0.221029847760337,0.255147219583719,0.234506250494024,0.246492725768998,0.268773765035016
1734,0.24732567865062,0.25478491182684,0.232992990164082,0.220773385720959,0.254860762574705,0.234295252613788,0.246201476690893,0.268469571402458
1735,0.246977399541618,0.254512412193289,0.232775986952561,0.220537527601451,0.254607565333305,0.234060059529163,0.245863162597311,0.268185201211812
1736,0.246652700820991,0.254300482581156,0.232569661617916,0.220354449703614,0.254386089723628,0.233810808232816,0.24546615546189,0.267906812180951
1737,0.246282256988199,0.25403940298005,0.23234346109581,0.220118095317857,0.25412111508647,0.233556757763113,0.245124329170156,0.267619686703894
1738,0.245876662129811,0.253772261921612,0.232115439783253,0.219851105540529,0.253852385679417,0.233284166301926,0.244786582360362,0.267344908542297
1739,0.245482798649587,0.253487112017962,0.231870034597152,0.219598015631625,0.253565715489913,0.233008218703682,0.244434515916962,0.267032118786826
1740,0.245055402475164,0.253166106611164,0.231591966368461,0.219327594265228,0.253227629976355,0.232734463229679,0.244125852363149,0.266684350374227
1741,0.244658620161616,0.252845764903681,0.231331839928117,0.219054745518618,0.252920542152325,0.232438697568161,0.243766068371908,0.266360638619764
1742,0.244307319382746,0.252520739901876,0.231078201895717,0.21881321407237,0.252632098381994,0.232118540595657,0.243357515904921,0.266026046924974
1743,0.243896490269763,0.252189201102803,0.23081049452396,0.218510303215079,0.252327364692419,0.231806714271456,0.242955287469407,0.265692109716313
1744,0.243462650186152,0.251853089284355,0.230543220105908,0.218144182647549,0.25202760715189,0.231480479908859,0.242542860774658,0.265384990621158
1745,0.24303303355315,0.251507366213186,0.230269812832147,0.217830044049372,0.251704910361691,0.231172602262171,0.242135252549923,0.265037781643557
1746,0.242573080399594,0.251147799770467,0.229987592501293,0.217517522006959,0.251368790505807,0.230887471061482,0.241730297293238,0.264662358727521
1747,0.242112271172009,0.250786841847338,0.229689042634481,0.217189497354353,0.251022769271388,0.230564034599667,0.241293760466178,0.264288886916001
1748,0.241669968988066,0.250415314451308,0.229386824302222,0.216886720309487,0.250661030162696,0.230236061799042,0.240831743437757,0.26390388390628
1749,0.241184655118526,0.250042522551217,0.229074549629612,0.216550819229184,0.250286532722949,0.229883967424899,0.240392154433481,0.263512309614141
1750,0.240662646839301,0.249674873119366,0.228730589162013,0.216171436443701,0.249898432324705,0.229504156656697,0.239935661271149,0.263109370548682
1751,0.240157487919848,0.249296483794041,0.228421450098619,0.215818950210663,0.249509275126508,0.229122149431383,0.239486105928209,0.262710221518627
1752,0.239631715746934,0.248902608966897,0.228134030579274,0.215472886208947,0.249103076620184,0.228721058109938,0.239075036761837,0.262302167783655
1753,0.239131780054642,0.248517320773361,0.227814570319263,0.215133700272092,0.248705111899833,0.228336307949332,0.238619276512133,0.261902958840055
1754,0.23864587542955,0.248136955499117,0.227497112124955,0.21480510233688,0.248316395559433,0.227939225598744,0.238129594576584,0.261509294489592
1755,0.238128513311319,0.247715538468936,0.227139156192534,0.214444079546879,0.247896669027271,0.22754087091003,0.23764552375822,0.261095464565088
1756,0.23763525479413,0.247320828107237,0.226779680662964,0.214091710194642,0.247480935793304,0.227184081088002,0.237156677481547,0.260693201167931
1757,0.237139916617232,0.246909384999099,0.226441627205837,0.213737650917113,0.247071655548052,0.226809082088785,0.23673024231361,0.260288974436491
1758,0.236647281937902,0.246474797449539,0.226122986583824,0.213360795883354,0.246643120996315,0.226437178640256,0.236285508240071,0.25990339485861
1759,0.236182571771719,0.246072030029652,0.22578996469337,0.213007985578599,0.24624379748786,0.226081091847197,0.235825421603697,0.259525988836506
1760,0.235713387570878,0.245682981823687,0.225422993854033,0.212670472265524,0.245879978855848,0.225697161155352,0.235386490075567,0.259130563789574
1761,0.23522800369431,0.245304278140148,0.225067371923887,0.21233391268418,0.245529960279197,0.225314715368728,0.234904573315219,0.25873529787706
1762,0.234737142210939,0.244936986741441,0.224726406218222,0.211984390738146,0.245157863166045,0.224949463810401,0.234419186169809,0.258348334547754
1763,0.234212150099023,0.244571777527027,0.224387705443216,0.211639415406912,0.244788229069856,0.22457363405758,0.233964402815883,0.257959290022738
1764,0.233689210502874,0.244195366197296,0.224091362738801,0.211310787205952,0.244403665984302,0.22420556547416,0.233528249315666,0.257599710001319
1765,0.233208961712425,0.243789291307552,0.223794381237899,0.210989819738691,0.243977439958379,0.223833100340669,0.23310412579658,0.257250989513415
1766,0.232750256340653,0.243406670522956,0.223489101415824,0.210685853560013,0.243594543964187,0.223467555512989,0.232677488296486,0.256884345781721
1767,0.232317761925105,0.243072883966586,0.223235501881875,0.210410882605448,0.243246677497638,0.223155710405211,0.232270076632716,0.256530584594137
1768,0.231936687324945,0.242756826551308,0.22299029741579,0.21015895278993,0.242920751183258,0.222861709644702,0.231882029237005,0.256192877383681
1769,0.231562497314052,0.242471942581604,0.222736503143597,0.209900669107329,0.242621368135082,0.222584903013739,0.231492796029742,0.255857058931895
1770,0.231155836448721,0.242190734355123,0.222477362507126,0.209635603293091,0.242318655764838,0.222330715520517,0.231114079711375,0.255535537878765
1771,0.230758782549668,0.241862842867424,0.222176185448185,0.20934597040291,0.241988663442934,0.222027954060846,0.230779405618803,0.25525269707619
1772,0.23038634278901,0.241578227687043,0.221919135353841,0.209077010362403,0.241685295668012,0.22175089759785,0.230447575199825,0.254965722586625
1773,0.230003268390838,0.241324093577839,0.221666634756815,0.20878967259747,0.241397990475034,0.221474556802688,0.230149030327707,0.254716294874685
1774,0.229656257559416,0.241082334874068,0.22145982722494,0.208551492827929,0.241140520214498,0.22122605441949,0.229858005226364,0.254450453986073
1775,0.229335794565311,0.240869197515757,0.221317247241032,0.208353319786336,0.240903984169653,0.221005266810654,0.22955777710317,0.254147728938465
1776,0.229052488555881,0.240655547400098,0.221143078585249,0.208161334823144,0.240692890849765,0.220799559245767,0.229284563706347,0.253893593950186
1777,0.228826158670545,0.240435628218386,0.22099340050555,0.208007581899768,0.240522511226288,0.220616657231936,0.229036314024492,0.253647213908022
1778,0.228567940118641,0.240235326030646,0.220823803088823,0.20784369693337,0.240328179020494,0.220432395071711,0.228793479507263,0.253422849174141
1779,0.228309888938537,0.240062624693882,0.220604555810688,0.207678832602043,0.24014146235801,0.220262881358251,0.228565342366894,0.25323830306718
1780,0.228084033943279,0.239897446233844,0.220442969403913,0.207533254279726,0.239957960840781,0.220106325651818,0.2283518503685,0.25307310301571
1781,0.227845151637219,0.239736803640446,0.220288080539216,0.207388659292911,0.239741052350319,0.219946547715197,0.228137084079755,0.252919910565222
1782,0.227652805671676,0.239612408031565,0.220187373819116,0.20727395471373,0.239601833253904,0.219823939045029,0.227965440633206,0.252792987132065
1783,0.227516203434471,0.239499676585573,0.220167121330001,0.207188715389286,0.239513138299797,0.219734329845569,0.227828795752826,0.25272270395895
1784,0.227391419089363,0.239403551366241,0.220103469433387,0.207097682019284,0.239423428798654,0.219631260731563,0.227705457674819,0.252606763728383
1785,0.22727395223687,0.239346641997335,0.22004993005942,0.207010211883867,0.239379129667999,0.219540232303297,0.227623633334651,0.252469089366796
1786,0.227165326365999,0.239282592110299,0.21998572079927,0.206956630906861,0.23931742176332,0.219457237121687,0.227522772482543,0.25237233027479
1787,0.227095603403186,0.239227715523827,0.219880019849187,0.206918387062707,0.239256606115113,0.219365852535341,0.227408593776471,0.252267425237084
1788,0.227013369604913,0.239175748252767,0.219816340407239,0.206890149316505,0.239187161461577,0.219309354511295,0.227338142033196,0.252193430808359
1789,0.22692198622131,0.239124031353062,0.219788294361276,0.206898485067965,0.23911022807338,0.219280229526317,0.2272877325378,0.252167372069062
1790,0.226883504133264,0.239098407320922,0.219755423409098,0.206884983753539,0.239053079730846,0.219292615919485,0.227266554331167,0.252102647448981
1791,0.226860564555747,0.239098729943336,0.219744406751358,0.2068901988959,0.239012818387272,0.219303194435919,0.227255616716347,0.252069352649371
1792,0.226834058690167,0.239096409549893,0.219714976423223,0.206907511743992,0.239015445286969,0.219301436039899,0.227258462785956,0.252062964660411
1793,0.226803578338806,0.239077262242258,0.219689287395099,0.20691574633798,0.239007290218271,0.219295820130098,0.227255824895211,0.252090376647815
1794,0.226769842941331,0.239072466356764,0.219709494508682,0.206917498266081,0.239019126555055,0.219331784045053,0.227253777295613,0.252137567964063
1795,0.226718763927343,0.239044517034379,0.219721128040276,0.206900459736679,0.239018584322762,0.219341436292642,0.227266543414747,0.252140368593501
1796,0.226718252209859,0.239039887383391,0.219774962736385,0.206904279342606,0.238995466199739,0.219377512724526,0.227275981326601,0.252139259358609
1797,0.226769268145178,0.239081476569516,0.21985087463265,0.206936157357137,0.239049845715947,0.219461230367545,0.227274475320752,0.2521460374303
1798,0.226813438014296,0.239103264370736,0.219883652283836,0.206965295247925,0.239115073834929,0.219489360860389,0.227304233991021,0.252166059007469
1799,0.22686998562051,0.239158388329173,0.21991880530228,0.20703464581951,0.239153970637969,0.219538651286644,0.227368322868227,0.252234855439619
1800,0.226924424415556,0.239217729769997,0.219939226528093,0.20713894096854,0.239233992926146,0.219615338290542,0.227425344778872,0.252275701608373
1801,0.226924424415556,0.239217729769997,0.219939226528093,0.20713894096854,0.239233992926146,0.219615338290542,0.227425344778872,0.252275701608373
1802,0.226962927183171,0.239288038073697,0.220028622041663,0.207199460787956,0.239305933795155,0.219728476289425,0.227470689151772,0.252323649127122
1803,0.227029595098238,0.239346659598334,0.220145150204019,0.207276843187069,0.239313123365,0.219877203920284,0.227459798130506,0.252347532153821
1804,0.227132216060196,0.239365812209021,0.220288898754022,0.207368616284656,0.239424203275679,0.220026780181809,0.227480855619839,0.252455498614533
1805,0.227184549490196,0.239432903822126,0.220414842938971,0.20741974832057,0.239558980265091,0.220131624408797,0.22759660420534,0.252577307538576
1806,0.227217628135782,0.239530588433918,0.22052207290032,0.207564383571854,0.239640799944762,0.220217544843738,0.227714238316098,0.252689179556861
1807,0.227309711302636,0.23956800514718,0.22065740027541,0.207743726078245,0.239815797594597,0.220309237143188,0.22779034840077,0.252778818882542
1808,0.227407915939955,0.239563279676132,0.220747197335963,0.207828302507616,0.23999974337492,0.220448260187119,0.227794751399195,0.252776867679275
1809,0.227428136993274,0.239581081361973,0.22076071316594,0.207896443608704,0.240104175001027,0.22062702352278,0.227738191984079,0.252782359785103
1810,0.227432845491126,0.239628439931239,0.220831287562034,0.207952064763817,0.240215772363887,0.220722222676774,0.227708096727538,0.25289403510599
1811,0.227492343548486,0.239655957973297,0.220896600692244,0.208001634473797,0.24032569078181,0.220822834777988,0.227737537863587,0.252949183470057
1812,0.2275548885919,0.239658421334197,0.22091583764311,0.207975277563852,0.240404980024565,0.220869384912124,0.227818704914426,0.253020214454711
1813,0.227613190750689,0.239658245748951,0.220879186140115,0.207999722804471,0.240456572786578,0.220951567518814,0.227908812820907,0.253048778857801
1814,0.227659802300416,0.239727852651091,0.220945374184733,0.208100815439932,0.240541441703974,0.221030180179864,0.227939766251592,0.253056118561856
1815,0.227671071327472,0.239783802157912,0.220996886940668,0.208168869020332,0.240599508180363,0.221102148310122,0.227938014502128,0.253021410059927
1816,0.227607907244788,0.239734879786242,0.22098265544143,0.208168004293597,0.240563158177035,0.221120425586692,0.227856893554004,0.253018271071346
1817,0.227565315203868,0.239699672485119,0.221034262604361,0.208110631814885,0.240556467948161,0.221143483317331,0.227778722834081,0.253064185538665
1818,0.227566517530542,0.239662587935843,0.221021064036614,0.208070592356723,0.240608017751438,0.221147302561192,0.227784676495978,0.253065087537531
1819,0.227535644228713,0.239577759409118,0.220960558358157,0.208080604958596,0.240609625043542,0.22112596246821,0.227777696503865,0.253023937224664
1820,0.227506043017373,0.239538152617082,0.220984424822131,0.20807451598398,0.240575391811208,0.221170962069715,0.227686795628617,0.252972245704333
1821,0.227463041411481,0.239468705465298,0.22095106166774,0.208020576966545,0.2405506952951,0.221151003931402,0.22758715688298,0.252891318205122
1822,0.227403268220029,0.23944044066619,0.220870798858525,0.207972655372065,0.240495944790038,0.221108063520884,0.227452162292402,0.252783099625785
1823,0.227270106445543,0.239322929132093,0.220797449210983,0.20788571083334,0.240420715918649,0.221010401040715,0.227344246785549,0.252711348672958
1824,0.227115963745409,0.239190576148365,0.220745801979575,0.207839057233348,0.240361743998375,0.220943834196302,0.227198851850938,0.252656246950718
1825,0.227023564862447,0.239122149764066,0.220643780176754,0.207800243347217,0.24029715787064,0.220867634070795,0.227024318673507,0.252524993847011
1826,0.226937730425414,0.239033897426108,0.22056350019261,0.207619898470076,0.240189606698224,0.220745739736283,0.226911596479228,0.252389390120001
1827,0.226764307776396,0.238850238384155,0.220460613195939,0.207413002221302,0.240044690844342,0.220618187997894,0.226778486507413,0.252306370761693
1828,0.226531528209799,0.238625330012436,0.220363592737717,0.207289125289759,0.2398948040685,0.220470927631967,0.226571445348993,0.25218596591916
1829,0.226275401863454,0.238415622116601,0.22029535293111,0.207115452865657,0.239730247966439,0.220256797284662,0.226399008234339,0.25199366659608
1830,0.22602188540372,0.238198443202957,0.220156392885429,0.206873433472374,0.239536666987127,0.220053923882266,0.226164485999044,0.251760439848488
1831,0.225678523206633,0.237948784762028,0.219961163774109,0.206660564191197,0.239332888486597,0.219832774376343,0.225903040755819,0.251506377798626
1832,0.225389510480358,0.237766831228887,0.219770468304665,0.206480785027972,0.239087236957559,0.219646401285941,0.225514217590997,0.251197050398347
1833,0.225088843324009,0.237605312356396,0.219599009466157,0.20617938972502,0.238800616660208,0.219411542102628,0.225189436107402,0.250838398802562
1834,0.224698322811274,0.237281658668156,0.219284183550859,0.205828313470641,0.238527848123762,0.219118358414252,0.224864607475091,0.250495665999933
1835,0.224339557279334,0.236910735999003,0.218947325174213,0.205541849318018,0.2382579091506,0.218791511179571,0.224462825502821,0.250215394212229
1836,0.22395513845733,0.236573949506407,0.218720993172981,0.205259446842008,0.237913344829401,0.218480991328018,0.224057005391366,0.249920645279651
1837,0.223458358725316,0.236075011078455,0.218421373467909,0.204904136445978,0.237516814688793,0.218139842936627,0.223531387366204,0.249482131749589
1838,0.222934204256711,0.235557942465603,0.218032274672813,0.204482024207891,0.237066721260193,0.217684108433835,0.22297552951083,0.248979850843496
1839,0.222404305514778,0.235077851118573,0.21764479723996,0.204033770847342,0.236596648733035,0.2172328825552,0.222436430438474,0.248481461855469
1840,0.221796433334548,0.234575565562054,0.217240908744718,0.203608804724888,0.236105062006528,0.216766806848432,0.221934631780821,0.247898325763395
1841,0.221109893364115,0.23403066763915,0.216799656393217,0.203092927925296,0.235550333516686,0.21622218753197,0.221311715933552,0.247319608671643
1842,0.220419647786541,0.233532419444442,0.216325850975132,0.202515895296924,0.234960742916667,0.21561423273718,0.220676173530801,0.246754934315301
1843,0.219711917817352,0.23300330320199,0.215832449886204,0.20185464494175,0.234323891240392,0.215037885745845,0.219954306890591,0.246222031191418
1844,0.218877786905042,0.232286050643327,0.215338555294776,0.201171345186625,0.233624689423293,0.214361824876329,0.21913454379173,0.245547060478493
1845,0.217965501165941,0.23158722978933,0.214775362871904,0.200515931619191,0.232892286965208,0.213605222174491,0.218268816199944,0.244692969683119
1846,0.217073363141296,0.230853411647763,0.214093378810533,0.199808053856008,0.232130394318288,0.21286557782699,0.217345338661124,0.24389031811473
1847,0.216113681291617,0.229955081777951,0.213369742306219,0.198969564807062,0.231343667814536,0.212042049593286,0.21632518678253,0.243129288040349
1848,0.215040032366074,0.229006392310759,0.212601455190751,0.198094457080565,0.230433774078718,0.211137039566798,0.215260280102569,0.242188060859163
1849,0.213886000147451,0.227993490320033,0.211763632225466,0.197185179103374,0.229453023712711,0.210203111714563,0.214155344318275,0.241162609394685
1850,0.2126204092994,0.226913130658292,0.210869251953949,0.196167625935356,0.228359100093616,0.209127540261487,0.212929085908465,0.240105197416716
1851,0.21125816835199,0.225745341050114,0.209945102281261,0.195085781213232,0.227155019159781,0.207924553902054,0.211644070446732,0.238992034672156
1852,0.209779915369084,0.224521616474926,0.208965730875038,0.193886533148314,0.225889584549134,0.206681085317792,0.210225977116391,0.237695436498204
1853,0.208277677592985,0.22324689969096,0.207860469742274,0.192636486890015,0.224545843813493,0.205381594431123,0.20877707273745,0.236342516681866
1854,0.206620686978456,0.221895680675965,0.206629637462172,0.191333822241239,0.22308363082782,0.203962348412672,0.207222671949834,0.23500117204793
1855,0.204824486930966,0.220428611752062,0.205349849315954,0.189893287603106,0.22154297188637,0.202449938441919,0.205514183315717,0.233543911589725
1856,0.202997250365071,0.218834265500032,0.204004203777474,0.188359709973978,0.219954221676435,0.200843564292253,0.203801216409555,0.231880803383894
1857,0.201014571726741,0.217115182908961,0.202538362491828,0.186743874055778,0.218203819433044,0.199095178293605,0.201922876630992,0.230127158385866
1858,0.198885506855414,0.215286203351534,0.201006661279938,0.185049764392214,0.216343895030325,0.19717594827579,0.199873626787767,0.228310039657226
1859,0.196649831436544,0.21333099095309,0.199374156934519,0.183193581415959,0.214362099631525,0.195224970680727,0.197718198853351,0.226364979944808
1860,0.194342537348075,0.211213654501685,0.197640965946502,0.181244429885457,0.21225936786042,0.19324998620253,0.195479891915265,0.224275877338867
1861,0.191854473913312,0.209046843775543,0.195767748644487,0.179178974352258,0.210001605752797,0.191043246602974,0.193110578425328,0.222052889562082
1862,0.189214473468469,0.206839091215407,0.193819972510087,0.177012652119526,0.207574907975772,0.188710371867062,0.190611994612958,0.219707781082579
1863,0.186423942751214,0.204429082743108,0.191719038178009,0.174617439631917,0.205119222010989,0.186220114209118,0.187977147811098,0.217268419874453
1864,0.183579100019528,0.201891665836786,0.189437176981011,0.172152887149383,0.202523379492792,0.18356779772698,0.185222415439741,0.21472701846384
1865,0.180563967019425,0.19924169424335,0.187069715318655,0.169605084673881,0.199762032723723,0.180863181781583,0.18232499745323,0.211998283651027
1866,0.177395583429946,0.196424860947993,0.184581394299446,0.166891577794826,0.196861057213069,0.177986785072134,0.179300126075987,0.209117123019393
1867,0.174115438954215,0.193432180608802,0.181992071440676,0.164065008433942,0.193852372921524,0.175011599792254,0.176118227744557,0.206123988871624
1868,0.170714414273512,0.190324375052152,0.179251240185672,0.161058413722602,0.190656608427433,0.171886521561268,0.172835748243653,0.202978911349456
1869,0.167077326588549,0.187041400637815,0.176339729739307,0.157805796646929,0.187257014953393,0.168565169861319,0.169397137012469,0.199610296735924
1870,0.163429305494558,0.183690583412829,0.173369327810798,0.154574506408165,0.183772700064719,0.165162075545417,0.165912898051656,0.196181418988482
1871,0.159755540278049,0.180226142799819,0.170313626221965,0.151272709860903,0.180140165850699,0.161638999219899,0.162331440287842,0.19268311523958
1872,0.155919484484954,0.17666198611638,0.16711990572178,0.147823919122186,0.176407691579801,0.158056440269911,0.158662943727736,0.189020739119044
1873,0.151921095527342,0.172947940456622,0.163764055036388,0.144281341933535,0.172617911793296,0.154365131630214,0.154895358103196,0.185187905008205
1874,0.147950245045696,0.169169945404087,0.160374107772781,0.140736698401461,0.168756853576981,0.150561394207137,0.151057819372664,0.181327171160338
1875,0.143894240398182,0.16529279121643,0.156827361460571,0.137038322730445,0.164780900852774,0.14664969893078,0.147153662016823,0.17739748121538
1876,0.139779523858248,0.16142019296488,0.153211371429259,0.133239298002266,0.160748995073731,0.142683323965078,0.143213469546617,0.173352457628786
1877,0.135704719460076,0.157467289378035,0.149597288268647,0.129450259547138,0.156684849163135,0.138727483450691,0.139272383671244,0.169268124583496
1878,0.131615042880569,0.153433722102078,0.145974466058157,0.125619498888446,0.152499609161981,0.13469096652411,0.135297442741447,0.165103867008836
1879,0.127526697081063,0.149408879464117,0.142247457359246,0.121776779766763,0.148330660397002,0.130660706676736,0.131344551402666,0.160902540632758
1880,0.123385261918734,0.145275874111789,0.138381730761496,0.117816281861943,0.144100922275752,0.126583225875944,0.127301282737134,0.15653878009909
1881,0.119332855301267,0.141195943137166,0.134599264969931,0.113966863087711,0.139923614512877,0.122558595274281,0.123369772346665,0.152300551579742
1882,0.115277487219381,0.13706595739899,0.130768221050164,0.110143643292527,0.135694895611103,0.118479735812795,0.119449643805119,0.148077708683365
1883,0.111241197416252,0.133050221867362,0.126923148146346,0.106307131508099,0.131494815419602,0.114441181383118,0.115611041727179,0.143814298467766
1884,0.107323187925399,0.12904372919204,0.1231186683907,0.102489011780702,0.127351115369796,0.110453584833458,0.111801820636305,0.139564310050113
1885,0.103542520066118,0.125062820775338,0.119416705448885,0.0987895331508851,0.123264252870083,0.106572731447701,0.108057976072944,0.135394367809131
1886,0.0998398327137355,0.121172658863164,0.115777173364162,0.0951817152930068,0.119299517751046,0.10279626591124,0.104452947111345,0.131285608652949
1887,0.0961704166199959,0.117299745933726,0.112121864473176,0.0915959221793746,0.115361479239865,0.0990654373319536,0.10089967560802,0.127111974443548
1888,0.0927278601227038,0.11358671298827,0.108623564663641,0.088151050330115,0.111589345448735,0.0954560783641719,0.0974989919642078,0.123154003781594
1889,0.089371904526743,0.109873470880385,0.105206712558521,0.0847762972798002,0.107889759041345,0.0919036455101565,0.0941780334544504,0.1193211212966
1890,0.086218840159524,0.106417885786955,0.101923813795582,0.0815951465728646,0.104396154757963,0.0885602062222585,0.0910664242528461,0.115583471269174
1891,0.0832954387002482,0.103151969033902,0.098699446927526,0.0784907881350727,0.101033181215707,0.0852733225889064,0.0881313580185779,0.111865714682823
1892,0.0804817866903571,0.100019950589043,0.0956708384442937,0.0756007034151664,0.0978358744278396,0.082243799760853,0.0852856402356668,0.108413557044537
1893,0.0778022083726769,0.0970853859519959,0.0928297857680568,0.0729688265442102,0.094831137642554,0.0794526201106385,0.082553377500532,0.105168978436208
1894,0.0752625343291555,0.0942470162138392,0.0900735608681607,0.0703931341640886,0.0919563616086424,0.0768396349521865,0.0800149171081501,0.1020197672894
1895,0.0729712147065999,0.0915541910679643,0.0874296448662341,0.0679221078757082,0.089228971480373,0.0743425848445409,0.0777283083606951,0.0989766603445372
1896,0.0708445303426244,0.089039334359248,0.0850068729430904,0.0656767614132364,0.0867394898085108,0.0719742140774624,0.0755054529277528,0.0961649321031507
1897,0.0688447133550106,0.0867201871791454,0.0827578626705018,0.0635880471086725,0.0843850133391029,0.0697774204646453,0.0734325357768399,0.093553056995245
1898,0.0670583806654442,0.0846397996812325,0.0807180521443011,0.0616818957423042,0.0822231300104518,0.0677126455549209,0.0715979598024931,0.0910946998726965
1899,0.0653841338167343,0.082652232150373,0.0787533747760196,0.0598860695614245,0.0802184002809409,0.0658261142236129,0.0698577718481988,0.088797777850312
1900,0.0638378592695552,0.0808255902750486,0.0769502878153111,0.0583054122525804,0.0784105078646058,0.0641467656364617,0.0681879872250273,0.0867934876399251
1901,0.0624175461712145,0.0791521958698208,0.0753075290447608,0.0567974626560061,0.0767072597985637,0.062584186226656,0.0666889995441152,0.0848676943234532
1902,0.0611960079198693,0.0776916727286906,0.0738045771340534,0.0553772608565619,0.0752107354445743,0.061242384352843,0.0654479742588827,0.0829986283381704
1903,0.0600613659021261,0.0762732772060693,0.0724244141976141,0.0541086312824749,0.0737939184406224,0.0599303494056361,0.0642346460566541,0.0813589030215412
1904,0.0590923714095426,0.0749802420425269,0.0712635618395672,0.0530196250279737,0.0725085582935904,0.0587235240316395,0.0631156373248929,0.0799777147027837
1905,0.0581306699298499,0.0738038573560955,0.0701801486337839,0.0520010838811442,0.0712788760997745,0.0576176471058911,0.0620517379291134,0.0787009790795994
1906,0.0572535512125337,0.0727451819101619,0.0691683821151644,0.051080623634764,0.0702255567571588,0.0566477704783546,0.0611486286637889,0.0774863112142026
1907,0.0564805832143756,0.071770676418053,0.0682320699110121,0.0503039505578692,0.0693285484589624,0.0557799173763369,0.0603992513629042,0.0763940587648978
1908,0.0557758907545162,0.0709058334901447,0.0673983014733693,0.0495574645472078,0.0684901947259047,0.0549817110353267,0.0596768944101161,0.0754453399099399
1909,0.0551181560321386,0.0702143374913762,0.0666831466779571,0.0488989302675449,0.0678123129211481,0.0543430296382162,0.0590792920156826,0.0746121952732709
1910,0.0545537322924581,0.0695444863721274,0.0660298787828766,0.0482766243437871,0.0671504338780908,0.0537301261165815,0.0585049519177575,0.0738478925216716
1911,0.0541422733182931,0.0689487911562781,0.065467722365302,0.047709435320884,0.0665596411605619,0.0531912186485891,0.0579842813935652,0.0732315539997463
1912,0.0537033922902958,0.0684036432749853,0.0649551109895035,0.0472098575229921,0.0660091992916847,0.0526701258472305,0.0575067149391066,0.0726854844826011
1913,0.0532658987392964,0.0679539074978443,0.0645636818202729,0.0467891881056932,0.0655407168029286,0.0522085299569452,0.0570948522707553,0.0722489116747483
1914,0.0529203715248333,0.0675326671389323,0.0641556041580816,0.0463915558055682,0.0650912500029639,0.0518009686686185,0.0567235426077301,0.0718128540858029
1915,0.0526655305193763,0.0671750749627962,0.063747053421358,0.0460546794899503,0.0646671459188473,0.0514313960541835,0.0564250587337416,0.0714447900832962
1916,0.0524075463794547,0.0668293532220852,0.063423347777744,0.0457474974286673,0.0642848077884359,0.0510929117023228,0.0561124422095725,0.0711590976645128
1917,0.0521592168713844,0.0665023848355209,0.0631524484041798,0.045480957274702,0.0639827445147834,0.0507861595459839,0.055835376651032,0.0708867305818898
1918,0.051967238086501,0.0661925335505392,0.0629399501377768,0.0452558153603761,0.0637509418102461,0.0505433874730083,0.055591512242504,0.0706011204351066
1919,0.0517767271802956,0.0659462316727245,0.0627127857789896,0.0450482593107961,0.0635284336522303,0.0503183584566978,0.0553956543909509,0.0703965359328028
1920,0.0515685311243398,0.0657290136217361,0.0625342214785567,0.0448758867106506,0.0633944735437589,0.0500830092394617,0.0552266222777631,0.0703053033521152
1921,0.0514021359092486,0.0655436028039046,0.0623838329772856,0.0447345267893164,0.0632245944104998,0.0499266003364044,0.0550770733863703,0.0701739454881334
1922,0.0512591011778487,0.0654369827055695,0.0622284057139013,0.0446463382934534,0.0630124571339265,0.0498851806617526,0.0549945115018972,0.0700340646824752
1923,0.0511674155139899,0.065318723099218,0.0621058587129239,0.0445224870028604,0.0628872312786084,0.0497908420081324,0.0548997386714993,0.0699453605665109
1924,0.0511558435895583,0.0651947677162628,0.0620635479514794,0.0443797027242069,0.0628311363748592,0.0497005858178406,0.0547737233876553,0.069890178848454
1925,0.0510811295511659,0.065109342936753,0.0620021456472271,0.0443043989737734,0.0627563116894266,0.0496325704917045,0.0547131757197854,0.0698439902910194
1926,0.0509805670095573,0.0650664013016059,0.0619238375401573,0.0442451811947437,0.0627306320364306,0.0495228619754322,0.0547475285014999,0.0698384982370828
1927,0.0509451225998033,0.0650246846746377,0.0618550232364103,0.0442013984201132,0.0626883757747418,0.0494876270270765,0.0547344502725151,0.0698307326088197
1928,0.0509326873741426,0.0649907153434131,0.0618419490957308,0.0441695716613368,0.0626745224734969,0.0494713051657116,0.0546823803877142,0.0698598404295135
1929,0.0508901603954999,0.0649707076612759,0.0618585877005871,0.0441957854820696,0.0626274582430611,0.049510246418322,0.0545797719934616,0.0699103236027679
1930,0.0508963565137093,0.0649741736667455,0.0619034154982904,0.0442183824515385,0.0626574230146327,0.0495348000007907,0.054597246349539,0.0699669863005433
1931,0.0510028574488524,0.0649572301112287,0.0620164127155486,0.0442251996766149,0.0627599762748747,0.049569741089103,0.0546344054680202,0.0700291249035863
1932,0.0510577594863677,0.0650147008714168,0.0620887159220782,0.0442561709583698,0.0628393527114176,0.0496249106084388,0.0546524819280179,0.0701457839776436
1933,0.051057475582484,0.0651742046896314,0.0621381014615372,0.0443265847692444,0.0629339529781161,0.0497050386311221,0.0547230465456437,0.0703179738587811
1934,0.0511171028484293,0.0652586970988043,0.0622400044349289,0.0444030086408961,0.0630396958495658,0.0497822175553404,0.0548312894961668,0.0704444296796923
1935,0.0512175663309499,0.0653002741799779,0.0623436036335814,0.0444764356868835,0.0631491038816926,0.049837201003565,0.0549396038860055,0.0705674166507518
1936,0.0513213801921807,0.0654217978196167,0.0624808782484658,0.0445644981414358,0.0632771171364798,0.0499571424217401,0.0550254800232188,0.0707401385023537
1937,0.051439805721202,0.0655653966034382,0.0626500240494391,0.0446687018915436,0.0634202600185633,0.0501074927287108,0.0551279623956459,0.0709248212045883
1938,0.0515917699438938,0.0656883672592697,0.0628962285013177,0.0447993724034306,0.0635698827962359,0.0502831695620865,0.0553064327941659,0.0710677212850403
1939,0.0517105304874867,0.0658575724617341,0.0630664155454913,0.0449443791615684,0.0637679844744605,0.050451700510357,0.0554655714101657,0.0712898078530298
1940,0.0517999275753686,0.0661265842791757,0.0632123112139713,0.0450782903841574,0.0640119770495767,0.0506674580560116,0.0555671470724612,0.0716126278677205
1941,0.0519567567997224,0.0663236383173358,0.0633924012743593,0.0452712233593695,0.0642221686091736,0.0508706634304891,0.055724849096422,0.0718676258444303
1942,0.0521481150360566,0.0664596813148035,0.0635315043538587,0.0455405420928062,0.0644529882338207,0.0510500601961132,0.0559677825405702,0.0720848246569473
1943,0.0523117592585511,0.066667426528435,0.0637488425316129,0.0457577252381329,0.0646838021970464,0.0512563134387282,0.0561679533077407,0.0723618924324286
1944,0.0524864804039255,0.0668906618969558,0.0640597202398092,0.0459898583125261,0.0648607428052265,0.0514958409128215,0.0563106329414253,0.0726732546892591
1945,0.0526910550254932,0.0671464801079244,0.0643100201350659,0.0462074621431495,0.0651137617315496,0.0517335681163859,0.0565178608270855,0.0729670925781631
1946,0.0528892393936924,0.0674828534842291,0.0645347640526914,0.0463464475107627,0.0654295629071199,0.0519736093679418,0.0567988169472659,0.0732815132061305
1947,0.0530929690236475,0.0677660373408411,0.0648094781100531,0.0465753906527453,0.065736850384358,0.0522141059736758,0.0570326662104805,0.0736029207006679
1948,0.0533139028730974,0.0680408255259972,0.0650978868455285,0.0468411896327923,0.0660599014201544,0.0524601318212764,0.0572608540576673,0.0739254474644861
1949,0.0535823828452067,0.0682999599987067,0.0653614517516895,0.0471638980913041,0.0664173993937092,0.0527145394413153,0.0574802993565723,0.0742239705124193
1950,0.0538432035956406,0.0686167810648115,0.0656864795591205,0.0474237432187065,0.0667563597750313,0.052986983528142,0.0577473773856826,0.0745617351480263
1951,0.05409234875826,0.0689297640429099,0.0660987528134148,0.0476958735325094,0.0670930463196401,0.0532535593467673,0.0580197318324726,0.0749283814565672
1952,0.0543551244822475,0.0692627313268071,0.06644234853918,0.0479874569960237,0.0674381312176558,0.053552685492986,0.0582850756350274,0.07529643802818
1953,0.0546623622617547,0.069649609355308,0.0667480578422451,0.048244608061739,0.0677676210824271,0.0538885882135032,0.0585573062935589,0.0756599595923538
1954,0.0549375813758513,0.0700278361221874,0.0671106436298127,0.0485319158383022,0.0681464822720463,0.0542174707681984,0.0588853377180348,0.0760581260895359
1955,0.0551636751456319,0.0704025980991263,0.0675149395392663,0.0488577093020621,0.0685803825965447,0.0545472796439049,0.0592564561998061,0.0764899734737393
1956,0.0554441910397208,0.0707758470918751,0.0678707446546239,0.0492007173466589,0.068964762545262,0.0549001046082101,0.0595706086049562,0.076916965910995
1957,0.0557643687315482,0.0711866541510754,0.0682144389804717,0.0495772106451865,0.069322760127685,0.0552991613831542,0.0599132835414173,0.0773868298174938
1958,0.0560653775121434,0.0715705568537191,0.0685899721270191,0.0499071158048363,0.0697350075354544,0.0556550439186589,0.060253721058883,0.0778198628402581
1959,0.0563782093437254,0.0718874753867633,0.0689380448508181,0.0502428287737695,0.0701521741137276,0.0559656479942413,0.0605555213799243,0.0782447028523074
1960,0.0566962918143758,0.0722507183181915,0.0692854272570557,0.0505607661241249,0.0705664561153594,0.0563338548500997,0.0608091166650889,0.0786282338140441
1961,0.0570100669385992,0.0726846133505669,0.069711630926445,0.0509422784903283,0.0709996109778431,0.0567206520979604,0.0611497627912772,0.0790877407983197
1962,0.0572943756127779,0.0731996852848607,0.0702535295364318,0.0513085982432931,0.0715121000672979,0.0571007432278922,0.0615644396436279,0.0795540777497862
1963,0.0576288195877706,0.0736132947402139,0.0706740872585888,0.0516882101612601,0.0719444926860206,0.0575020904072964,0.0619390620902082,0.0800386238306331
1964,0.0579910207970345,0.0740022449330121,0.0710544905869544,0.0521511283057083,0.0723065799380532,0.0579602397427844,0.0623037099017731,0.0806037291967868
1965,0.0583544448724321,0.0744759717303476,0.0714864200958151,0.052560100597748,0.0727392339831043,0.058399613796931,0.0626990526009893,0.081096545929154
1966,0.0587455302050456,0.0749686690875238,0.07189033781002,0.0528961926888675,0.0731705392971183,0.058836598303658,0.0631409362057891,0.0815191792235239
1967,0.0591245782506356,0.0754030769009995,0.0723144167355956,0.0532913890904207,0.0736388702879242,0.0592615604309006,0.0635322789862176,0.0820187572581136
1968,0.0594900346194026,0.0758733029704413,0.0727801329283783,0.053732358238852,0.0741554526384489,0.0596842751232593,0.0638740699421894,0.0825465643749791
1969,0.0598849679972204,0.0763613617938761,0.0732582876451192,0.0541609986843509,0.074669345033951,0.0601261573412085,0.0642873404140432,0.0830653684230923
1970,0.0603208387763297,0.0767455084247319,0.0737092322035969,0.0545803404559978,0.0752207396821956,0.0605554429368557,0.0647303835271949,0.0836085543042937
1971,0.0607206933054816,0.077195907227154,0.074198295815053,0.0550209816540149,0.0757497568714648,0.0609938206582399,0.0651434754194942,0.0841681816317975
1972,0.0611137368670809,0.0776949146989438,0.0747175870888296,0.0554738934849838,0.0762745747580425,0.0614456055197452,0.0655671387926639,0.0847345503493253
1973,0.0614968373204944,0.0783264578170027,0.0753163513012811,0.0559485381302418,0.0767919483741331,0.061932168032101,0.0660562208594061,0.0852883725782354
1974,0.0619186365039758,0.0788546928194629,0.0758352837084056,0.0564051523132011,0.0773270928315207,0.0624081431412857,0.0664944284406384,0.085863827267052
1975,0.0623468948526535,0.0793457349593211,0.0763400059253836,0.0568619554098309,0.0778616149857143,0.0628672313020781,0.0668539262357584,0.0864982117618407
1976,0.0627585384198308,0.0798629897022182,0.0768510209799637,0.0573407429787639,0.0783985217233912,0.0633586475417241,0.067298672858584,0.0870670516688488
1977,0.0631712097381252,0.080358077176418,0.0773256296892675,0.0578263435733709,0.0789632993413029,0.0638887838161759,0.0678131624579262,0.0875634675367057
1978,0.0636307348510961,0.080903768069825,0.077828046271808,0.0582989522728528,0.0795009923999921,0.0643979889020183,0.0682759474724265,0.0881457104707305
1979,0.0641044577935427,0.0815118565228724,0.0783345550530177,0.0587657209216884,0.0799713518875319,0.0648932742254367,0.0687311012693421,0.0887661419079847
1980,0.0645544413228104,0.0820628779138345,0.0788686652089013,0.0592690427169042,0.0805292022124241,0.0654128918652262,0.0692003096576757,0.0893612743997943
1981,0.0650699005772647,0.0825990001757526,0.0794348973288478,0.0598080836095028,0.0811560054305454,0.0659543845420743,0.0696254851115444,0.0900062953295704
1982,0.0655382999013951,0.0831589910787402,0.0799856564492592,0.0603018526101896,0.0817401661459514,0.0664775861718621,0.0701050218442525,0.0906198500737958
1983,0.065923850529197,0.0836926611702819,0.0805673799130119,0.0607937433191001,0.0823424533691722,0.0669652154104543,0.0706492752022278,0.0911693881959089
1984,0.0663239387520772,0.0842198450799792,0.0811169879822695,0.0613008154807165,0.0829697741631789,0.0675420677112309,0.0711835479619113,0.0917343773144801
1985,0.0667875814270977,0.0848103084900642,0.0816732465003012,0.0617947259256112,0.0835546635740905,0.0680846365755491,0.0716819706769424,0.0923656153139598
1986,0.0673061630530871,0.085487468423269,0.0822042051950482,0.0622292053009043,0.0840733417522823,0.0686188523076832,0.0721713724351582,0.0930628027787266
1987,0.0677785349454056,0.0860840004101859,0.0827608393952716,0.062721546129471,0.0846494058251569,0.0691520153153174,0.0726835071355951,0.0937007920032414
1988,0.0682475798155479,0.0866621540548269,0.0833179712255219,0.0632429044171377,0.0852380045656954,0.0696848808472469,0.0731826898584739,0.0943497318734382
1989,0.0687615929651071,0.0872639571237004,0.0839051225742761,0.0637832061125529,0.0858426368699419,0.070238971653402,0.0736733529925209,0.0950025328522109
1990,0.0692804128525968,0.0878427257662383,0.0845321521449352,0.0643565478756954,0.0864771297076573,0.0707875421504901,0.0741842182425078,0.0956218094094337
1991,0.0697914521062078,0.0884340723095793,0.0851210344459021,0.0648986740830993,0.0870946089243633,0.0713532680575807,0.0746916145267101,0.0962573150064106
1992,0.0703426206564057,0.0890603229736984,0.085702036493061,0.0654603256147714,0.0877136724774909,0.0719687060682232,0.0751475466437597,0.096909409103067
1993,0.0708990948742342,0.0896768048955623,0.0863003841213107,0.0660169853211957,0.0883432686281502,0.0725517119003439,0.0756469985423566,0.0975914014221886
1994,0.0714550082290327,0.0902794034623744,0.0868656517155907,0.0665466628966703,0.0889687697394948,0.0730960495617526,0.0761678215271213,0.0983174487939918
1995,0.071989426369976,0.0908816587454687,0.0874725223793205,0.0670713681110159,0.0896024483694539,0.0736829441299675,0.0767282176277751,0.0989800619409734
1996,0.0725099655337058,0.0914971105285308,0.0880769075120207,0.0676212867418218,0.0902274573528295,0.0742741944692065,0.0772951262644081,0.0996426025916666
1997,0.0730417458925012,0.0921221920832912,0.0887265131955315,0.0681935214597102,0.0908543516193669,0.0748788672984504,0.077889260743742,0.100310045329862
1998,0.0735764509749898,0.092749951451629,0.0893328818136812,0.0687489142956394,0.0915071124402584,0.0754516193960804,0.0784522857983395,0.101008291562144
1999,0.074074431640519,0.0933715239335535,0.0899013400035943,0.0692895625104854,0.0921635875652037,0.0760239886851458,0.0790189548752261,0.101691933687521
2000,0.0745997240450529,0.0940224976954251,0.0905081509859604,0.0698737742444974,0.0928125412356742,0.0766024963516603,0.0795902284499793,0.102372628801663
2001,0.0751610156489873,0.0947306452343138,0.0911249898616285,0.0705007630743275,0.0935002923418715,0.0771411951998147,0.0801557980610132,0.103092741377261
2002,0.0757137049696192,0.0953732470144433,0.0917457789110499,0.0710829268776663,0.0941505599088623,0.0777273263721329,0.0807126088064687,0.103803524726438
2003,0.0762610078681185,0.0959863750896961,0.0923918301110867,0.071643895271893,0.0947224710358941,0.0783860060719296,0.0812794251936398,0.104489618876653
2004,0.0768008950188861,0.09661919228793,0.0930258962559221,0.0722487019860503,0.0953880471072511,0.0789775032891518,0.0818439687993578,0.105168114590886
2005,0.0773410673661645,0.0972084967993852,0.0936391131278556,0.0728810070272426,0.0961400460533717,0.0794988489353038,0.0823423510634609,0.1058628301021
2006,0.0778952454722796,0.0978270014479794,0.0942755040230241,0.0734648340994072,0.0968180980394111,0.080098038716626,0.0829083616448176,0.106561187679643
2007,0.0784412829550597,0.098459130039682,0.0949252211414486,0.0740727189538621,0.0975080668421742,0.0807205928131843,0.0835158812838192,0.107203569824217
2008,0.0789826308502781,0.0991358525988482,0.0955949844745338,0.0746480439659924,0.0981838817645318,0.0813406323583683,0.0841904798839903,0.107887433010852
2009,0.0795536902232381,0.0998037235209224,0.0962178742996325,0.0752174360391521,0.0988404674442237,0.0819649848649514,0.0847517839502485,0.10861607000089
2010,0.080162854466452,0.100490352769718,0.0968437773262505,0.0757065840682837,0.0994037037650155,0.0826512346291658,0.085289671262147,0.109456240971524
2011,0.0807592581365735,0.101145664481038,0.097450192209773,0.0762966835113027,0.100068169229905,0.0832845837921969,0.085855948690015,0.110123276090159
2012,0.0813798133543585,0.101802613398305,0.097966233350222,0.0769492324799611,0.100821395535192,0.0838593184375491,0.0863368149826612,0.110697279062554
2013,0.0819506333888514,0.102456669963239,0.0986000728364534,0.0775534476940511,0.101480012845054,0.0844871710610406,0.0869005106493527,0.11138101005942
2014,0.0824767407565673,0.103068339773818,0.0993281622700306,0.0781586870918065,0.102097922324423,0.085165509164023,0.0875799042048358,0.112011230873815
2015,0.0830535233224298,0.103723877201269,0.0999620481914992,0.0787718510228368,0.102768784214023,0.085790379974807,0.0881666815147415,0.112693274284607
2016,0.0836167576372956,0.104437604673415,0.100597402106723,0.0793853620879582,0.103393132762961,0.0863855551206468,0.0886797639017794,0.113507902258869
2017,0.08420737432326,0.105094973096253,0.101253861440898,0.079997332761507,0.104068870621381,0.0870082842833162,0.0892728634686026,0.114254330604933
2018,0.0848858064820572,0.105709313622981,0.101849824659425,0.0806298886598201,0.10488484076331,0.0875983597046747,0.0899089596349807,0.11497048206567
2019,0.0854996733604825,0.106366920789929,0.102477400691309,0.0812411177851509,0.10558291238541,0.0882244718659047,0.0904981384618243,0.115668401641597
2020,0.086103823211049,0.107020110318944,0.10320989499481,0.0818287261387458,0.106205131088378,0.0889096319736083,0.0910758859460509,0.116361032949929
2021,0.0866297745119689,0.107680884255012,0.103838916544555,0.0823998303719569,0.106836850222623,0.0895865399645466,0.0917149118412311,0.11702836615088
2022,0.0872241387985313,0.108345482867163,0.104468507706596,0.0830053161795877,0.107513666059724,0.0902084261803245,0.0923257021900188,0.117731221390691
2023,0.0878099909448903,0.109053678364688,0.105042910233145,0.0836297697859268,0.108160147865149,0.0908003117839583,0.0928784076960721,0.118397315732462
2024,0.0884261446873652,0.109731096210907,0.105694356053309,0.0842305013431727,0.108829759447202,0.0914227853927097,0.0934703921702944,0.119103802397462
2025,0.0891294379642939,0.110372679487383,0.106380257633182,0.0848371767406681,0.109591886361246,0.0920168889605034,0.0941410065886509,0.119899700112101
2026,0.0897170374554694,0.111038388324684,0.107012799362594,0.0854461831065796,0.110271264149153,0.0926125167853282,0.094719428790039,0.120610249595091
2027,0.0902025782594333,0.11173504829734,0.107646934316254,0.0860563416602766,0.110852370002728,0.0932078626821661,0.0951984312739832,0.1212524446902
2028,0.0907855324918233,0.112406776886784,0.108292595784176,0.0866443100311033,0.111519704854867,0.0938424589180978,0.0957803485469951,0.121951048731801
2029,0.0913838454770942,0.113071066151124,0.108899590745809,0.0872070363520216,0.112248437163202,0.0945102320759473,0.0963703267374463,0.122647619775113
2030,0.0919655868816341,0.113731342157619,0.109528052680644,0.0878021805373736,0.112923603339933,0.0951325209387103,0.096975140669045,0.12334234288554
2031,0.0925975790287146,0.114392914668732,0.110229158759195,0.0883935987583855,0.11359297511482,0.0957809994367251,0.0976234754514384,0.124033553949318
2032,0.0932168367966814,0.115015127960855,0.110852194099646,0.0889832267425908,0.114266423829272,0.0963916612074171,0.0983192326118138,0.124804154839909
2033,0.0938030304938665,0.115661344221103,0.111418098472777,0.0896139850213918,0.114975643097684,0.0969671575501396,0.0989371484378962,0.125492158954776
2034,0.0943647201267724,0.116323446184337,0.112055483304275,0.0902547312904774,0.115638417674904,0.097609720156003,0.0995583152952184,0.126185279747719
2035,0.0949686298183317,0.117009557923296,0.112694753964318,0.0908827133906646,0.116334609626905,0.0982679075800413,0.100183680638663,0.12688745766929
2036,0.0956178406261426,0.117746993166336,0.113367949695366,0.0915124487679063,0.117099853447628,0.0990172195977533,0.100796946651468,0.127583921535632
2037,0.0962567264297298,0.118416618974613,0.113984792448366,0.0921193005604159,0.117815496699031,0.0996727152819872,0.101423487724941,0.128280549336523
2038,0.096917458822315,0.119064247438125,0.114575348207806,0.0927169862250607,0.118500421696802,0.100289978059421,0.10207370757375,0.128992005092736
2039,0.097521862802465,0.119733680445207,0.115204925712199,0.0933192228242295,0.119185288130912,0.100913151959058,0.102690018787354,0.129692113074885
2040,0.0980966802592419,0.120375239283417,0.115808023619303,0.0938828527831136,0.119880022407233,0.101506178988563,0.103286724037439,0.130397484872603
2041,0.0987130181540649,0.121030943297442,0.11643123770617,0.0944798222970634,0.120538016910702,0.102116801396732,0.103887131812296,0.131090267496049
2042,0.0992851916364872,0.121734964840867,0.117134430468306,0.0951082969759498,0.121121193581014,0.102721723043405,0.104452783342481,0.131767710156501
2043,0.0999026891870435,0.122395468106219,0.11777674201266,0.0957328676136613,0.121786826121028,0.103351346154796,0.105068961389606,0.132438099721095
2044,0.100593544293923,0.123025100663674,0.118349436194823,0.0963765291201498,0.122492272866609,0.103980846818412,0.105727426331318,0.133090414676811
2045,0.101265012547926,0.123641518055045,0.11897915797189,0.0970061557866556,0.123175784647973,0.104636977537831,0.106360044490967,0.133747474538581
2046,0.101897209470859,0.124261874144476,0.119644379541608,0.0976013787450774,0.123879830721025,0.105316663276455,0.106995394767129,0.134410927868432
2047,0.10250954582242,0.124941190924294,0.120253501295783,0.0981585561506173,0.124600292421473,0.106005308304771,0.107630616268168,0.135140816339786
2048,0.10310863430346,0.125673169168401,0.120868758407961,0.0987635423890449,0.125292603685015,0.106644767500245,0.10823211795877,0.135861538836138
2049,0.103735921818644,0.126354491500098,0.12151278434184,0.0993524449135005,0.125989789649892,0.10722569158157,0.108846487475727,0.136538469568546
2050,0.104356816345116,0.127044860387643,0.122143267266721,0.0999541508868414,0.126676251636792,0.107836848134684,0.109470572289569,0.137206442422412
2051,0.104974678671309,0.127756624377296,0.122759962969022,0.10061485549421,0.12738502137257,0.108407019884712,0.110127328697868,0.137832996209545
2052,0.105620994754336,0.128437143305281,0.12336924582289,0.101218441186912,0.128063720803794,0.109034959222046,0.110740930488753,0.138491789211897
2053,0.106286811877147,0.12909070552506,0.123964520261466,0.101766677074301,0.128686790673073,0.109714112377749,0.111333068713042,0.139152228967431
2054,0.106923510838896,0.129752255091294,0.124588290012055,0.102357556652083,0.129371108862572,0.110351575147534,0.111941694524996,0.139818764547023
2055,0.107580972327985,0.130401449446853,0.125234036951487,0.102966516916298,0.130103820657079,0.111001431468837,0.112518587063443,0.14047918509101
2056,0.10822198740623,0.131053526259149,0.125846926480654,0.10355821959229,0.130789780319199,0.111628836319819,0.113129249550385,0.141166262295676
2057,0.108835841524977,0.131693930984738,0.126448456486711,0.104104355220011,0.131466691971389,0.112186774485698,0.113771198001954,0.141892487201792
2058,0.109448418423194,0.132350706560804,0.127071479114301,0.104731404613853,0.132153553103202,0.112820696062378,0.11441100905993,0.142580195373396
2059,0.110059773965294,0.133032019644167,0.127694603556992,0.105436159468405,0.132831167081198,0.113517043441616,0.115073284421607,0.143258204160088
2060,0.110647120227947,0.133675609063224,0.12827790963409,0.106074812051939,0.133492674036388,0.114159150554793,0.115738300954946,0.143974357945075
2061,0.111239236617917,0.134334139103366,0.128860242442414,0.10669686443251,0.134152375222487,0.114829784016769,0.116340789117722,0.14460993009864
2062,0.111925226013011,0.135085741646853,0.129553497089229,0.107377107833375,0.134858968325286,0.115535830283026,0.116912499153683,0.145217403925257
2063,0.112568823809405,0.135755826372148,0.130175429776441,0.107992544732763,0.135528009989105,0.116183744769205,0.117548207622413,0.145891749585529
2064,0.113234509489281,0.136404433204959,0.130741962507994,0.10851420752024,0.136140716469603,0.116785693449564,0.118187283312023,0.146614572004165
2065,0.113885188190571,0.137068059026493,0.131355455793284,0.109100868421756,0.136826985612378,0.117419671343699,0.118834990739663,0.147268848942055
2066,0.114508074058913,0.137691818359069,0.131989475249208,0.109693027296589,0.137555684908586,0.11804717237133,0.1195595239756,0.147916405372693
2067,0.115156294644759,0.138335877196622,0.13262036737887,0.110326140255488,0.138256000720325,0.1186727303897,0.12020493950022,0.14859175147461
2068,0.115848974002493,0.139035434513722,0.133288074770565,0.111016167689338,0.138992992893652,0.119301508786619,0.120757783562705,0.149223290580388
2069,0.116501630987017,0.139691558657115,0.133907556340099,0.111630241961568,0.139702033500824,0.119929672420702,0.121390132954242,0.149880192915094
2070,0.117111415709135,0.140286801188676,0.134493117484731,0.112242909007995,0.140381549742098,0.120555175092239,0.122074337697246,0.150616139983776
2071,0.117757577364878,0.140943340309063,0.135097317175633,0.112862282749289,0.141060689559345,0.12118081441486,0.122716965315264,0.151297022384001
2072,0.118410645050501,0.141623725244628,0.13569003611292,0.113410200958109,0.141745645011553,0.121817278794562,0.123369035115154,0.151922485830695
2073,0.119071202888634,0.142282621428308,0.13625699577998,0.114000749290884,0.14240355011276,0.122438290791579,0.124007853803135,0.152588257076215
2074,0.119676237641317,0.143041059234283,0.136896935848263,0.114694081567723,0.143035575142957,0.123055502447783,0.124650839789145,0.153265657326763
2075,0.120354984757505,0.143744762090284,0.13755504802812,0.115300226027276,0.143681814831225,0.123677731816766,0.125296592842334,0.153861906266025
2076,0.121105563915312,0.144271845543258,0.138147512593776,0.115901659871909,0.144348290077403,0.12432264653865,0.125987043957173,0.154437382738303
2077,0.121756949745868,0.144854378013674,0.138782325170993,0.116547712248479,0.14500155083169,0.124972071045523,0.126658806943455,0.155022274209347
2078,0.122397733513151,0.145521976677951,0.13938760912457,0.117166402893498,0.14565876336317,0.125600493223209,0.127286356883394,0.155688671758846
2079,0.123069242635788,0.146186160328002,0.13995401880669,0.117784661907873,0.146316781519712,0.126229853338573,0.12784548938527,0.156445714115693
2080,0.123721255581119,0.14686377650188,0.140531178050863,0.118394796756965,0.147017059095932,0.12684998510634,0.128472305703101,0.157087056988226
2081,0.124275611839055,0.147705146058595,0.141107536096673,0.118985994822176,0.147749123138438,0.12743253534009,0.129106370967901,0.15772937106318
2082,0.124906978228474,0.148392764944838,0.141704804400542,0.119582834134926,0.148447627316906,0.128065521266574,0.129737022915264,0.158381914694371
2083,0.125610761847129,0.148922641142865,0.142304199522919,0.120190684487527,0.14917892455154,0.128716403599903,0.130404601524251,0.158920217026353
2084,0.126260974912939,0.149560866028673,0.142914384631875,0.120774183604772,0.149859153603196,0.129354719008371,0.131034120061559,0.159541277143951
2085,0.126881473486311,0.150260713336001,0.143568977024792,0.121320051842366,0.150466468342842,0.130061651655374,0.131630013411681,0.160328963829993
2086,0.127532429039226,0.150904699451155,0.144172833564127,0.12191236805309,0.151125761440308,0.13069266658418,0.132241032407053,0.160970516729586
2087,0.128215255189456,0.151541305901513,0.14474606898334,0.12251216721456,0.151783036081447,0.131256770268114,0.13284802391458,0.161517063678105
2088,0.128848425175913,0.152171720552005,0.145325453753124,0.123114776836967,0.152493173718442,0.13183847141248,0.133471070876929,0.162073198919286
2089,0.129477082926194,0.152833544409192,0.145888084000796,0.123754802624539,0.153213720406658,0.132497989270017,0.134059931276307,0.162674647170509
2090,0.130137737219707,0.153442182259735,0.146472726475459,0.124382022403597,0.153809321768018,0.133080055111678,0.134661503297879,0.163311784223525
2091,0.130764291505787,0.153978000915442,0.147074434160917,0.12495989667107,0.154416158413321,0.133676589944034,0.135361365604995,0.164002998892099
2092,0.131464748856609,0.154649467522269,0.147666962053473,0.125508086121306,0.155082650295013,0.134407394854224,0.136009148919655,0.164676148363449
2093,0.132137272330494,0.155324355216485,0.148272498834062,0.126125348289235,0.155735931578728,0.135042893342418,0.136652367346635,0.165317146227321
2094,0.132828084764807,0.155982526839706,0.148913341396163,0.126804128581134,0.1564064000743,0.135595268406648,0.137341694018781,0.165894083912577
2095,0.13347967786834,0.156623740677681,0.149479137365169,0.127407481163844,0.157057097195435,0.136196599782449,0.137978957244479,0.166495631257245
2096,0.134122872526325,0.157360762368931,0.149973282414853,0.128005656553805,0.157700941849696,0.136835571794403,0.13853191530044,0.167077486369579
2097,0.134758126751361,0.158013617003784,0.150567931203267,0.128611372111472,0.158348787764513,0.137446597176421,0.139152626101239,0.16772715375949
2098,0.135384718857713,0.158569763921117,0.151190603567382,0.129156765149162,0.158993747431329,0.138045517822641,0.139817106725083,0.168452592978619
2099,0.136007927644987,0.15919879647895,0.151775003295888,0.129728843119455,0.159655660498215,0.138666575302104,0.140432742076458,0.169080047312052
2100,0.136566667394933,0.159850049872829,0.152433676286952,0.130366759883994,0.160340467471725,0.139278405049528,0.141043445202141,0.169680707190125
2101,0.137194718768313,0.160473774957084,0.153027086428531,0.130970974786666,0.16097293406035,0.139871853788832,0.141655268508605,0.170297572029038
2102,0.137859300482408,0.161065001501213,0.153532987853902,0.131544656878224,0.161555347053304,0.140434884533973,0.142244301877847,0.17085990803908
2103,0.138545665581656,0.161722039250101,0.154045698714994,0.132096943122626,0.162209434753723,0.141078905743959,0.142816273908067,0.171419987040812
2104,0.139207943544407,0.162373780565269,0.154591285591763,0.132722735710843,0.162797130341153,0.141738670076081,0.143453384246907,0.172040154761146
2105,0.139832247653916,0.163018741119479,0.155176434181607,0.133308235200247,0.163413800999482,0.14237547725993,0.144087110319167,0.17273440962097
2106,0.140409422551786,0.163669371232269,0.155775388729103,0.133875830773279,0.16412247317325,0.14294867814766,0.144669262084818,0.173319475551575
2107,0.141044391898193,0.16427286289571,0.156321161093733,0.134457775296092,0.16476396624346,0.143536420391225,0.145286052766068,0.173828114020314
2108,0.141676367360577,0.16489274215377,0.156880217718718,0.135053964630802,0.16539360359157,0.144092525493259,0.145939060517287,0.174448842352114
2109,0.14235166479689,0.165487551582851,0.157419249966272,0.135643318376034,0.166017675802524,0.1445319418604,0.146618767134935,0.175110889837125
2110,0.142987140093703,0.166115778834331,0.158001446625657,0.136241539564827,0.166659806293138,0.145097849828464,0.147243636785716,0.17571401753855
2111,0.143606793576239,0.166779264328681,0.158625614476774,0.13689604158695,0.167272236631066,0.145756366800956,0.147907900648544,0.176380360571851
2112,0.144223418767408,0.167406894987796,0.159200563200842,0.13747468653652,0.167890122773737,0.14634198995053,0.148527251396299,0.176998771773396
2113,0.144834114400773,0.168003848221498,0.159781313674809,0.137980625695082,0.168551365849057,0.146954098979057,0.149047088575346,0.177506830532154
2114,0.145466696432922,0.168630299759861,0.160343034380535,0.138550549895997,0.169176420942059,0.147522092195605,0.149639184319234,0.178089341539153
2115,0.146094447582563,0.169266499089374,0.160824834192384,0.13912440131539,0.169730190879569,0.147976199117211,0.150284094209835,0.178745424345321
2116,0.146708299240645,0.1698893295951,0.161376758694005,0.139690022229286,0.170342948530584,0.148538154266372,0.150893595069987,0.179341713121533
2117,0.147312247652181,0.170508655680434,0.161964224939162,0.140302894948749,0.171005345977301,0.149155582407994,0.151502772214539,0.179957420225784
2118,0.147951518679429,0.171171820389086,0.162583312082563,0.14086261821096,0.171619916869903,0.14977599938863,0.152100391056302,0.180467801245773
2119,0.148579689233557,0.171772248805721,0.163155420229513,0.141387795080931,0.172191197722479,0.150313323251813,0.152675892876342,0.180953543920334
2120,0.149220861238953,0.17233119540101,0.163669117650755,0.142026942970223,0.172879814963964,0.150901084482766,0.153255535022997,0.181545248573427
2121,0.149838193810045,0.172910231755645,0.164190380555526,0.142619124658863,0.173499816977708,0.151485673706674,0.153834078532598,0.182159032288187
2122,0.150415098297522,0.17349672028135,0.16471215433836,0.14314694316844,0.174008155816613,0.151991992199458,0.154388529340328,0.182832716537555
2123,0.150966801728166,0.174036227941466,0.165185098933622,0.143663199764685,0.174571435892766,0.152559617210871,0.154932321971186,0.183452127464573
2124,0.151515449648283,0.174557248147853,0.165697698604388,0.144089220439773,0.175143924204537,0.15316865390778,0.15545891381525,0.18388767218095
2125,0.152087105523593,0.175096464694238,0.166223823791106,0.144570212154098,0.175717763394322,0.153683006221993,0.155992500526526,0.18442194252277
2126,0.152694885751815,0.175591663121154,0.166721204964773,0.145059632996869,0.176339358075376,0.154055310629731,0.156504559235595,0.184883682701414
2127,0.153268221995027,0.176133912420462,0.16722664793604,0.145569422415156,0.176873844548922,0.154552080697638,0.157051933148181,0.18543795252126
2128,0.153835923616177,0.176770406964187,0.167816738364597,0.146103706402136,0.1773334917325,0.155103743520418,0.15764332946216,0.186139810202129
2129,0.154389113344776,0.177297409319879,0.168316935394476,0.146605945063059,0.177843269240673,0.155598590859754,0.158168204161512,0.186687840403187
2130,0.154932236355101,0.177736704920599,0.168749808205119,0.147106286212933,0.178331498882737,0.156125500697038,0.15867742910065,0.187129119885499
2131,0.155447785109393,0.1782585418107,0.169203758629815,0.147589749298899,0.178833924959031,0.156626284270023,0.159188405360462,0.187618099080377
2132,0.155932133746459,0.178808604967532,0.169672561701899,0.148069725882603,0.179389635803159,0.157068274416569,0.159639067833911,0.18809724446772
2133,0.156446647142851,0.179296211411571,0.170082691494263,0.148530669065735,0.179912386733776,0.157504112942731,0.160135469365065,0.188575515902842
2134,0.156971788981172,0.179818504150443,0.170450022489459,0.148991120393012,0.180427566939533,0.157923613647803,0.160702615073736,0.189123647881911
2135,0.157452643592709,0.180290969088822,0.170775461729272,0.149404966563437,0.180886145565957,0.158372631092334,0.161188600804084,0.189542386765043
2136,0.157978671464261,0.180704380151296,0.171256612889172,0.149798336258206,0.181330665832642,0.158791837858586,0.161645840929914,0.189944008391423
2137,0.158454373932078,0.18106685793177,0.171652502029551,0.150163836631183,0.181810492942115,0.159217569561862,0.162097412246271,0.19041147382755
2138,0.158878813811552,0.181519342068969,0.171986519963681,0.15054243497378,0.182255108463792,0.159695770448038,0.162487561834853,0.190807999963727
2139,0.159310486670263,0.18203520550804,0.172411479955956,0.150912604947581,0.182592163163499,0.160107585689383,0.162854823934887,0.191203177014454
2140,0.159704924711825,0.182419221125631,0.172723376360858,0.151265210140281,0.182933870751917,0.160441547927644,0.163204679795267,0.191636581919734
2141,0.160128315612481,0.182789134757692,0.173019404678328,0.151636509972254,0.183359822413814,0.160838571868404,0.163596098824684,0.191955811966985
2142,0.160539848096322,0.18316724172687,0.173316093363644,0.151974397168747,0.183755651544016,0.161159571410654,0.163994676786134,0.192305166993466
2143,0.16095562057692,0.183505928007498,0.173655869970259,0.152273221672204,0.184201540894908,0.161366491974638,0.16442753619203,0.192674735501896
2144,0.161340015767786,0.183825930113328,0.173960277403003,0.152601216721377,0.184516501355092,0.161691726126661,0.16480614416254,0.193047737456588
2145,0.161710751445704,0.184156890046001,0.174207227587641,0.152946581508418,0.18473518556577,0.162078748134685,0.165166067459657,0.193396246083956
2146,0.162062502266373,0.18446285237271,0.174471714117472,0.153244106310354,0.18504145729981,0.162374958063049,0.165525469088568,0.193710248779662
2147,0.162408900210246,0.184708109019968,0.174806622947873,0.153532417534377,0.185296468536433,0.162719081939027,0.165890961091683,0.194062438942291
2148,0.162735112863954,0.184991987292801,0.175049133730412,0.1538082450318,0.185604426934726,0.163000054139284,0.166195304982862,0.194335991299192
2149,0.163013255432384,0.185323683829624,0.175192403333967,0.154047656911904,0.186068184840502,0.163114729781555,0.166462997879266,0.194483721680286
2150,0.163323016266009,0.185604486248548,0.175384339302638,0.154291589223372,0.18636683229519,0.163357165617172,0.166763236170131,0.194739474358199
2151,0.163650512132394,0.18588366567785,0.175550105854877,0.15453455361939,0.186524869500493,0.163674254384604,0.167045576203079,0.195053376050925
2152,0.163923268945473,0.186083633068809,0.175752315327674,0.154771524971194,0.186768827993849,0.16396998165765,0.167256009926237,0.195275281520285
2153,0.164213342202403,0.186306065480923,0.175938299463854,0.155007575386325,0.18706512035498,0.164205846163368,0.167595672628825,0.195519141418281
2154,0.164553724029469,0.186571412196826,0.176089079721733,0.155175963151572,0.187300716560408,0.164422406714692,0.167911140090686,0.195853507201095
2155,0.164794049863582,0.186788231387022,0.176248781960869,0.155377992608058,0.187566523247906,0.164617854975781,0.168120822101178,0.196050310185636
2156,0.164968915804661,0.186967410495812,0.176395257171589,0.155595707499907,0.187840262193234,0.16477656048749,0.168320305756127,0.196106857827684
2157,0.165178775340319,0.187091605774103,0.176534018738922,0.155775813249546,0.187958084401955,0.164984790038137,0.168505011205359,0.196217043947377
2158,0.165382554794454,0.187178811885538,0.176706125608563,0.155927387481755,0.188067342924576,0.165232985074068,0.168698776180322,0.196314141364294
2159,0.165552665821881,0.18733743324291,0.17683359599906,0.156082346869259,0.188256552741174,0.165406578362586,0.168910195349519,0.196432919442656
2160,0.165709962150869,0.187557195278026,0.176892958984219,0.156199379809596,0.188520198886332,0.165498795750967,0.169178442482074,0.196597279802264
2161,0.165887156653337,0.187705722224455,0.17700563194724,0.156378197500876,0.188670072072653,0.165649420917513,0.169374045606807,0.196707949770786
2162,0.166030078423198,0.187864499757788,0.177151773174006,0.156611084091963,0.188818790767474,0.165843871368995,0.169558365235324,0.196821686186597
2163,0.166189072727421,0.187996266308408,0.177265803152391,0.156765213319703,0.188959269607349,0.165957833247506,0.169712799495228,0.196867488363944
2164,0.166394717315103,0.188042440523172,0.177393547024313,0.156906211442146,0.189013384196928,0.166023147160297,0.169811198003758,0.196815658232009
2165,0.166563394250604,0.188149076041946,0.17748347712981,0.157027129434241,0.189102027562352,0.166135255054836,0.169932277256339,0.19686218953187
2166,0.166719791416729,0.188328703080505,0.177515580567784,0.157086360360937,0.18925398706141,0.166180109719293,0.170038533154817,0.196929766170889
2167,0.166852489669144,0.18842900501371,0.177588029363092,0.15719046146255,0.189347421366282,0.166274317286641,0.17014491597146,0.196963801428292
2168,0.166959199475891,0.188465087323099,0.177690634336737,0.157316137466503,0.189347168944567,0.166495889329123,0.17022453392465,0.197064119990724
2169,0.167070509715299,0.188557631046869,0.177756639145167,0.157430097152641,0.189410177193145,0.166621774056192,0.17035351184821,0.197087520671552
2170,0.167155067129168,0.188671958202376,0.177824728979625,0.157536508445154,0.189487185197096,0.166671205293625,0.170568618943165,0.197040874858807
2171,0.167218786824379,0.188724999727194,0.177849255145984,0.157638249705615,0.189588541470606,0.166767850419697,0.170684321100441,0.196981110408826
2172,0.167404409198857,0.188796233238726,0.177943150392842,0.157784909090097,0.189705233432626,0.166918652105113,0.170677805779521,0.196908257420968
2173,0.167622710012643,0.188930625933744,0.177978958159888,0.15794159019505,0.189860648653737,0.167012877959857,0.170781831158804,0.196890761801005
2174,0.167706176611822,0.188919402070699,0.177922375733548,0.157998603113178,0.189904382778767,0.167068406499711,0.170808049823848,0.196827068402889
2175,0.167746257600975,0.188884165375141,0.177948296925105,0.15799705657847,0.189869280411256,0.167093671287243,0.170784078481466,0.196718109082582
2176,0.167784964725548,0.188995930289912,0.177960957716517,0.158007086233164,0.189813017658498,0.167055666558511,0.170930237372532,0.196609585057934
2177,0.167775883443792,0.188984619254853,0.17791923536224,0.158005103193894,0.18980667375248,0.167040174682479,0.171003525319436,0.196404879452464
2178,0.167785474567273,0.188939253967502,0.17787800103521,0.158008941089408,0.18982739041026,0.167062893924806,0.171032658971235,0.196276519338733
2179,0.167877627705106,0.18890213059178,0.177909046446323,0.158075586188135,0.189956688347117,0.16721527948122,0.171047136464468,0.196225271416747
2180,0.167903298667323,0.18883202276277,0.177841420705393,0.158090347547523,0.189930153591448,0.167181692022137,0.171017216581541,0.19603457195439
2181,0.167876932572948,0.188600658738293,0.177639249757463,0.158038336141025,0.189821398705035,0.167042190330093,0.170872386740747,0.195794196896383
2182,0.167807333627221,0.188539927068155,0.177545640446302,0.158011006500923,0.189770314853428,0.166971000109032,0.17082939315775,0.195562730355879
2183,0.167694114934792,0.188612841312972,0.17752825001676,0.158021700861784,0.189704997082047,0.166822180457069,0.170817298478366,0.195204488527296
2184,0.167636467003766,0.188553703554422,0.177429004264985,0.157996653406861,0.189580264822718,0.166746766632014,0.170772943631563,0.194915519740445
2185,0.167518402873018,0.188508941666126,0.177316156229526,0.157945235665617,0.189451465714797,0.166799907787786,0.170786961244693,0.194737020435773
2186,0.167462502380273,0.188423138380827,0.177193294895755,0.157884410408175,0.189341656401911,0.166716227954198,0.170734795831258,0.194476990104061
2187,0.16757344162139,0.188251049581144,0.176993142909194,0.157814759112142,0.189159356052263,0.166531781670005,0.170615855674229,0.194157671174131
2188,0.167517110552734,0.188091854273071,0.176826835513385,0.157712479970265,0.189000294235664,0.166432256449184,0.170493175920055,0.193835059591312
2189,0.167370909100755,0.187940438315049,0.176685739614844,0.157550651731563,0.188939929342097,0.166356652769896,0.17030209469442,0.19350860272119
2190,0.167223172347097,0.187757592739256,0.176573706832965,0.157452240779934,0.188783174789237,0.166211601189297,0.170206576937596,0.193128388763671
2191,0.16702819000396,0.187561178191418,0.176296284921144,0.157360466924476,0.188491999441421,0.16610767249659,0.17012242726438,0.192700025940759
2192,0.16686204019903,0.187331260663067,0.176083085966065,0.157192635849805,0.188274664065362,0.165996161434459,0.169982935113212,0.192329176443677
2193,0.166732296471445,0.187085808038873,0.17593302727453,0.156989587765783,0.188101022628275,0.165772680441725,0.169884411016867,0.191961249340219
2194,0.166564985916948,0.186789966301409,0.175653306427985,0.156822044356625,0.187884802167106,0.165615012508569,0.169697406415458,0.191508660329561
2195,0.166377870083799,0.186545131931691,0.175501688418556,0.15672931464981,0.187704418173828,0.165569109328972,0.169439069379384,0.191076651627065
2196,0.166121057374932,0.186384880833492,0.175322031049749,0.156560761240205,0.187489290057288,0.165310256916872,0.169235361625985,0.190697015566417
2197,0.165905859479259,0.18615234004687,0.175012695391985,0.156365829739489,0.187255630733111,0.165070115101572,0.169047539101952,0.190242402923312
2198,0.165686289215082,0.185966366186512,0.174526242277311,0.156205107067761,0.186982192857941,0.164780567129374,0.168888479325725,0.189736359097267
2199,0.165499457511492,0.185720699073125,0.174255240987211,0.155998673751033,0.18670859947116,0.164563857251774,0.168704226688935,0.18924418870433
2200,0.16534048663125,0.185342656928334,0.174042111136466,0.1556497079427,0.186386631434018,0.164348236019187,0.168545908641587,0.188709944341822
2201,0.165153171631044,0.185064781817583,0.173742674215219,0.155466142384609,0.186152886689455,0.164104247976319,0.168322328151599,0.18823590956721
2202,0.165005271891591,0.184862398309199,0.173482937648623,0.155399117994645,0.185955908298851,0.16384887943805,0.16799997743014,0.187778272511016
2203,0.164783120598746,0.184635403184821,0.173221456373378,0.155225608258733,0.18571228391728,0.163623054421102,0.167794531422771,0.187334643634173
2204,0.164447549794762,0.184413156295126,0.172827797848655,0.155045398077108,0.185506139809377,0.163341629659085,0.167613670734873,0.186911502085759
2205,0.164233630898523,0.184199177522487,0.172561770148851,0.154881138217336,0.185301585266158,0.163162569448347,0.167462799299549,0.186492806713711
2206,0.164019102758617,0.183925455482397,0.172424895631048,0.154661120074759,0.184980576244106,0.163108441206314,0.167429169658832,0.186096136149031
2207,0.163859065635417,0.183744915110076,0.172290984844464,0.154502388724737,0.18481770635192,0.162996269346587,0.167308839141601,0.185736172769566
2208,0.163826422873836,0.18364237166061,0.172141967228399,0.154330746054243,0.184817930503844,0.162857698881376,0.167118666643694,0.18535988922774
2209,0.163751747478555,0.183557445273857,0.172049220151389,0.154298071368632,0.184729208722069,0.162770023154785,0.166996845380182,0.185048662172852
2210,0.163682967287002,0.183556017053688,0.172013007120682,0.154425566569039,0.184655749867185,0.162672137690012,0.166923240299275,0.18481116063991
2211,0.163570158112104,0.183491509907767,0.172037720788329,0.154397352834458,0.184574243200536,0.162651296704238,0.166747239462036,0.184548269624822
2212,0.163572818101712,0.183516489449557,0.172075066004806,0.154470144722949,0.184529610133398,0.162702836140188,0.166665582049747,0.184286349315166
2213,0.163625025500066,0.183563918307633,0.172185891580397,0.154658823026251,0.184578765228006,0.162773695271335,0.16670072771228,0.184134972368577
2214,0.163629321188712,0.183584325372035,0.172230424591139,0.154671960455628,0.184613162535112,0.162878293466633,0.166672732410617,0.183970564733936
2215,0.163654863454277,0.183684477845525,0.172285428199518,0.154740720697725,0.184668915955895,0.163003673636031,0.166687394754104,0.183760988581604
2216,0.163710246096313,0.183737467608721,0.172441241533697,0.154932681303114,0.184697235865714,0.163026173912102,0.166833399449925,0.183592533106388
2217,0.163763965411978,0.183745421721456,0.17249452407107,0.155060762025338,0.184721787845369,0.162998267089905,0.166865646661086,0.183509848539681
2218,0.16382416320466,0.18380926554524,0.172589164508631,0.155176396139496,0.184780033644415,0.163035609496215,0.166865421421452,0.183427725326286
2219,0.163972200519381,0.183928577526712,0.172758112311595,0.155308124095531,0.184921130823301,0.163023516700534,0.166870403679218,0.183362871289556
2220,0.16403920268613,0.183985045115489,0.172888180446732,0.15543302635159,0.184991993182911,0.163080755592259,0.166876342013608,0.183330296126349
2221,0.164032938958616,0.184040381359188,0.172952457499398,0.155534166935036,0.185026020709801,0.163255806447991,0.166770026039619,0.18336291768414
2222,0.164048121672531,0.184089111561071,0.173080646743224,0.155587362121688,0.185036173498758,0.163316162142799,0.166765816777638,0.183325065024766
2223,0.164066804059555,0.18407444639403,0.173333152472134,0.155632305020696,0.185034079942309,0.163330088725853,0.166841235477522,0.183252300665243
2224,0.164114195111379,0.184127525826073,0.173387368196727,0.155684158673824,0.18505501121913,0.163379892889459,0.166875239507807,0.183254507925452
2225,0.164202042678692,0.184269221701555,0.173289733039274,0.155662734987011,0.185055281064295,0.163416631110919,0.166935280222394,0.183268935669704
2226,0.16420231896453,0.184297985258738,0.173341682532046,0.155687473302743,0.185052950793602,0.163431099819219,0.166955752248566,0.183280974324077
2227,0.164138042840973,0.184267281237214,0.173384925855716,0.155794978370365,0.185051239057686,0.163427782218859,0.166953617223657,0.183370269114711
2228,0.164139927985565,0.184285293914335,0.17339099587832,0.155810482170527,0.185059564041488,0.163442610571778,0.166951820804902,0.183413694607753
2229,0.164102675880009,0.184255290126201,0.17346870537675,0.155759394890598,0.185082803594505,0.16345289423478,0.166879993498843,0.183375185429335
2230,0.16409201840713,0.184243477170722,0.173533151256624,0.155756087947755,0.185076287253916,0.163477888749939,0.166884028087053,0.183399438439084
2231,0.16421910734371,0.184305115735326,0.173513022709615,0.155715813069038,0.185059278742221,0.163545937197778,0.166989367826066,0.183479115093609
2232,0.164234413707278,0.184335511670762,0.173516106700221,0.155707933913404,0.185058961843202,0.163571417052596,0.167004974907259,0.18351172741197
2233,0.164093449796467,0.18431137653428,0.173619732798283,0.155803333998538,0.185007251067983,0.163571874139183,0.166996067701326,0.183542974435935
2234,0.164074367393742,0.184320616793547,0.173651964549587,0.155790455966654,0.185002072086179,0.163542924419655,0.166994831311891,0.183592309487645
2235,0.164115518928346,0.184360626062629,0.173612932867015,0.155715064768349,0.185089688104287,0.163431829307004,0.166948694516823,0.183607035082448
2236,0.164123892265992,0.184375134197414,0.173538854268699,0.155643805864867,0.185118004597515,0.163448306919555,0.166889132199869,0.183676086269244
2237,0.164122918367772,0.184415487975087,0.173592866807524,0.15560142991629,0.185070827584855,0.163488933180457,0.16685834764888,0.183809851121769
2238,0.164113377443439,0.184369800232667,0.173608635991991,0.155492937811724,0.185041083936871,0.163391873100186,0.166898978495511,0.183774501545789
2239,0.163995711063974,0.184265417137506,0.173556957997419,0.155415092133107,0.18502016175534,0.16331363268828,0.16684484632691,0.183767353558913
2240,0.163895158587018,0.184266781613517,0.173607505844064,0.15540793308376,0.184964965391371,0.163262654068591,0.166714305439655,0.183866769036625
2241,0.163849343693393,0.184272755600508,0.173530419537342,0.155268358129259,0.184842854415585,0.163156811817792,0.166675909672415,0.183801767049997
2242,0.163771348041782,0.184214189916334,0.173317981075649,0.155177226165754,0.184821454333813,0.16312510824187,0.166646861624824,0.183782866768549
2243,0.163682603392394,0.184148908331057,0.173253645940102,0.155107030687554,0.184752787594852,0.163038949869913,0.166574221985332,0.183803810087905
2244,0.16353891452201,0.184049744426772,0.173244107510856,0.155092891347188,0.184586243313052,0.162977824351544,0.166513379691291,0.183816818981828
2245,0.163491974011754,0.183997984730886,0.173209096140111,0.15497262035068,0.184533678332962,0.162876690474049,0.16647087927568,0.183783483139124
2246,0.163531156789753,0.183966349601614,0.173223278766789,0.154781559916943,0.184609859601644,0.162691006380822,0.166385537226489,0.1837956345819
2247,0.163455630738768,0.183895076055702,0.173203294710716,0.154681657803725,0.184543572357667,0.162570324863835,0.166314600172956,0.183821147667145
2248,0.163366201105423,0.183846185987575,0.173157984066995,0.154584023652987,0.184443947787538,0.162523555107364,0.166337538859641,0.183793174230865
2249,0.163275067799987,0.183754722154472,0.173116723450516,0.154489059024797,0.184354526242624,0.162386920831986,0.166269410649305,0.183789180333165
2250,0.163084104319037,0.183544149852467,0.173110007084673,0.154508345670029,0.184181811935938,0.162193905439663,0.166082129198044,0.183848366625949
2251,0.162967455315905,0.18346427498709,0.173063249320508,0.154404280526865,0.184061010755925,0.162064754188569,0.165980961396208,0.183860745095935
2252,0.162950496449356,0.183500510808096,0.172941396722099,0.154134301586315,0.183969858812518,0.161884239686447,0.165900014067866,0.18382891711591
2253,0.162867915612492,0.183431626611307,0.172854979316865,0.153993251842117,0.183893744125037,0.161761322905257,0.165822462416968,0.183822001568065
2254,0.162742876726468,0.183355271423929,0.172774804330359,0.153926879299979,0.183872278124324,0.161780163345009,0.165814142199728,0.183796495359349
2255,0.162608118643642,0.183281770075453,0.172704590368423,0.153808927010683,0.183754616701403,0.161683313786935,0.165746318864486,0.183823669506052
2256,0.162468158406923,0.183124250417053,0.172652068496224,0.153737358205131,0.183573021490774,0.161488764404589,0.165593362326426,0.183886071656437
2257,0.162327072090433,0.183036683096521,0.172628002323524,0.153618907498102,0.183484938995179,0.161375429962851,0.16552748445237,0.183921529512958
2258,0.162133231767113,0.18305667602132,0.17264188292664,0.153371263624851,0.183415503636417,0.161284071907871,0.165535557456619,0.183993998402751
2259,0.161984832030949,0.182974864021197,0.172595639450387,0.153224481161332,0.183284134345741,0.161147868978516,0.165454139146731,0.184086052327894
2260,0.161839185207694,0.182838173174148,0.172513677362398,0.153127939550119,0.183226323340157,0.160989864305931,0.16536954834002,0.184227461625175
2261,0.161751263566651,0.182730509407333,0.172497345433302,0.153063767280107,0.183071755692748,0.160940898084953,0.165290506580448,0.184201974304628
2262,0.161676802320301,0.182531664163704,0.172437132478975,0.152980256311877,0.182761918266814,0.160832956118971,0.165145310847731,0.184332808202921
2263,0.161537008458908,0.182321860791229,0.172296357208041,0.152813848759152,0.182560667475956,0.160614885133167,0.165003909597741,0.184454662720157
2264,0.161412102518011,0.182277475750143,0.172258157517437,0.152640714186992,0.182549886065092,0.160502020980106,0.164966077186412,0.18437325451783
2265,0.161226126682975,0.182180996122673,0.172196154538202,0.152525264720055,0.18249036226055,0.160447018438602,0.16493921221215,0.184385801186057
2266,0.160957617079991,0.181967846922355,0.172042686762918,0.152415038080192,0.182263876336327,0.160306711332233,0.164835869225569,0.184398204381182
2267,0.160885569599494,0.181856535214721,0.171982919352408,0.152323623562417,0.181985173785778,0.160060408358241,0.164724415270312,0.184346630911883
2268,0.160691113705403,0.181697494018532,0.171889769317006,0.152138674633356,0.181782550129071,0.159873414578942,0.164570075283732,0.184326300976746
2269,0.160433433018671,0.181443248173212,0.171798398456998,0.151866741665903,0.181437382212338,0.159674607869532,0.164363448211233,0.184411229335606
2270,0.16023573695607,0.181226584908652,0.171629618644529,0.151634427383046,0.18123350172664,0.159440663391477,0.164130531726073,0.184324456746047
2271,0.160086008515333,0.181125461865812,0.171467358282799,0.151395501240047,0.181284139588568,0.159223035421223,0.16384260030044,0.184142516636003
2272,0.159829063684222,0.180844829613312,0.171221305128256,0.151108670361168,0.181043461867285,0.15896541715674,0.163614233708118,0.183920937536357
2273,0.159569935062522,0.180377259906146,0.170816961351684,0.150765266809438,0.180564532943156,0.158593099102193,0.163406541416965,0.183586935439193
2274,0.159312160417547,0.18008742552327,0.170596185170094,0.150519764397619,0.180336582072239,0.158325032706332,0.16313970223101,0.183350035330352
2275,0.158922202300029,0.179808381041951,0.170439101706392,0.150302657734295,0.180209361681854,0.158150767099153,0.162903077015306,0.183126319537592
2276,0.158615218779225,0.179545056878026,0.170205961287818,0.15001635879163,0.179910425923343,0.157870360318218,0.162584198624942,0.182860481739397
2277,0.158461909214237,0.179469219853473,0.170050757983099,0.149774283287039,0.179697223807977,0.157602778287158,0.162095492315572,0.182661984698882
2278,0.158117328902731,0.179156629015821,0.169799862546863,0.14950778334197,0.179333998908521,0.157261893977547,0.161764777667903,0.182307809596478
2279,0.157633311665945,0.178629042452122,0.169422208517111,0.149145403847338,0.178620248097841,0.156705586110977,0.161544564036164,0.181800159084513
2280,0.157245455428136,0.178257853927503,0.169142808768427,0.148821577876444,0.178195889202284,0.15641188010271,0.161215210840393,0.181382025891091
2281,0.156827751066666,0.177862950841913,0.168971312575164,0.148596164221541,0.177998312298542,0.156379029516182,0.160935150761279,0.180938412007164
2282,0.156392396830753,0.177500514081969,0.168613889961912,0.148251211949417,0.177628371908321,0.156014659548657,0.160568932386719,0.180492380332109
2283,0.155990258544767,0.177314534715106,0.168094569703191,0.147759446667407,0.177271286864318,0.155556107168669,0.160003418386673,0.180078777603304
2284,0.155600117989991,0.17693789652923,0.167717446827361,0.147394246140598,0.176861999760734,0.155175411268231,0.159581850538274,0.17962152915181
2285,0.155182067935033,0.176356841090283,0.167325397212442,0.147072328305273,0.176230909906117,0.154545026647261,0.159235314340366,0.179150523430381
2286,0.154735040912999,0.175918223146914,0.166919787781734,0.146710998636298,0.175767389347996,0.15409660629315,0.158844129824347,0.178624600246255
2287,0.154343674726635,0.175523822767058,0.166619933526192,0.146406190914985,0.175519492478623,0.15399055203406,0.15853083339903,0.178037921592343
2288,0.153881558498204,0.175094870418183,0.166272529443736,0.146046928728201,0.175089962892795,0.153634796291104,0.158152642844377,0.177477233770294
2289,0.153253655804847,0.174720199016245,0.16582779591471,0.14560052288354,0.174560509789319,0.153046428982624,0.157711173313155,0.176858436697202
2290,0.152779277982066,0.174315136837952,0.165426303630772,0.145198347208549,0.174124516297278,0.152600114574517,0.157239902054173,0.17628241449421
2291,0.152382143624946,0.173815683609826,0.165069851559147,0.144839540980961,0.173607183785917,0.152178858931587,0.156687007535736,0.175769974867801
2292,0.151963425212699,0.173352840447283,0.164705753223776,0.144442707391991,0.173109451176966,0.151737930489919,0.15618582519472,0.175225790968104
2293,0.151695020711264,0.172936689831642,0.164348181634857,0.144035969205581,0.172696245294009,0.151349994491115,0.155578725108242,0.174699165802188
2294,0.151294806943948,0.172531187985388,0.163964086347236,0.143599666349192,0.17233869746109,0.151008359303741,0.155204427502267,0.174094490476924
2295,0.150694685733526,0.172089738998054,0.163451925798826,0.143174505776391,0.171875832378881,0.150573788109696,0.154884016544781,0.173466768550424
2296,0.150142815664251,0.171538671006789,0.163030775511614,0.142714465492239,0.171435961401135,0.149948068330195,0.154401264062428,0.172953476337962
2297,0.149592786646868,0.170978214498933,0.162746480777427,0.142238493085135,0.170983398724453,0.149522496934453,0.153994733071561,0.172508094813712
2298,0.149007925758426,0.170543160034771,0.162267565713547,0.141788223502801,0.170423298456155,0.149178641086364,0.153650920272509,0.172027891624837
2299,0.148482815990956,0.17002916069508,0.161795184444578,0.141336488424442,0.169934972988392,0.148705549477049,0.153151340769802,0.171532411372986
2300,0.148039528345406,0.169510740863287,0.161378537547913,0.140864864735849,0.169428362080004,0.148251036490461,0.152535531956007,0.171100911811273
2301,0.147569796092099,0.169017485500029,0.160943044498148,0.140433325258199,0.168904233182881,0.147788397463993,0.15209584944029,0.170529643562818
2302,0.14707978381285,0.168463683041521,0.160328965610465,0.140034595730831,0.168407384804306,0.147214948809161,0.151619567987574,0.169795284646027
2303,0.14662514097258,0.16801512154392,0.159927340013985,0.139622804683747,0.167905726398497,0.146680266542527,0.151186725014743,0.169312268108116
2304,0.146234502312927,0.167720402673953,0.159757474284642,0.139235091929685,0.167366480783973,0.146181767352167,0.150981644302178,0.168923816602634
2305,0.145780519691173,0.167214900892593,0.15932818586693,0.13879784838517,0.166794709584566,0.145717420330617,0.15049261371634,0.168385269872441
2306,0.145311737964844,0.166638670044649,0.158833959390113,0.138336054489319,0.166189695067515,0.145215271859115,0.149791503470592,0.167919048174168
2307,0.144798562381809,0.166130098591761,0.158369783485146,0.137893429001342,0.165708966835895,0.144798477174183,0.14927685673903,0.167394574967978
2308,0.144253266203246,0.16550959110944,0.157782924364232,0.137440897604624,0.165313661779736,0.14453927421194,0.148715484338998,0.166683106316659
2309,0.143719333215242,0.164975383661592,0.157258783967318,0.136964593066163,0.164731135779015,0.144108130309449,0.148234895875503,0.166159412898216
2310,0.143117100168825,0.164604945859503,0.156807895286443,0.136506153040195,0.164041933079234,0.143598280440763,0.147930317518545,0.165832595847275
2311,0.142610198760028,0.164077958642661,0.156304080283105,0.135998375792302,0.163614734508042,0.143130419538503,0.147468809182425,0.165288332544699
2312,0.142184717694585,0.163369290602164,0.15570650074735,0.135387564974815,0.163218222745835,0.142625105143523,0.146869263526665,0.164597332181342
2313,0.141653674785931,0.162874559575779,0.155247360506508,0.134898161283918,0.162730452341266,0.142122879270079,0.146424395328716,0.164055374631703
2314,0.141069437888544,0.162485619840702,0.154939890726308,0.134462689071511,0.162476204834661,0.141581290544201,0.146123147958204,0.163537706281371
2315,0.140609705883479,0.16201000204369,0.154450560925237,0.134013344653045,0.162083907327971,0.14114587871699,0.145632406618538,0.163002465644418
2316,0.140220541346478,0.161595075359446,0.153875861894979,0.133638871311112,0.161383364498421,0.140827834945912,0.145064424213761,0.162599433748219
2317,0.139703386955874,0.161198388677937,0.153410705586852,0.13320193009359,0.160879591260878,0.140363114063557,0.144577388599953,0.16204604190026
2318,0.139180219295733,0.160807714395337,0.152909767277583,0.132711044412755,0.160630880893998,0.139918148606409,0.143950674142599,0.161283109727088
2319,0.138697988553152,0.160299146027916,0.1524118333877,0.132239101441505,0.160173480995409,0.139420412834993,0.143437848502914,0.160700464001336
2320,0.138102626619124,0.159742911939405,0.152011436282903,0.131766376283146,0.159551153507476,0.138626970258157,0.143174078120149,0.160151444952231
2321,0.137563676502731,0.159261356201907,0.151581078630795,0.131301886661166,0.159043819070942,0.138131220843591,0.142732753899956,0.159637823870874
2322,0.137197090907947,0.158711437426888,0.151044672916131,0.13081946114543,0.158520907442173,0.137966503132666,0.142144973960092,0.15932428019518
2323,0.136720766575258,0.158136407755051,0.15057865561508,0.130365257287965,0.158015109661923,0.137546923307209,0.141638347822591,0.158814521221865
2324,0.136125113826239,0.157621805561055,0.15030804571164,0.129962737335195,0.157636908969031,0.137087580079969,0.141227689303972,0.158148544603585
2325,0.135569819965899,0.157144152469289,0.149852922378695,0.12950880739056,0.15714756600001,0.136635705021995,0.140647341804993,0.157609360941889
2326,0.134985512539276,0.156530374296907,0.149222847455432,0.129027098569346,0.156507336695458,0.136025357460398,0.139801124205844,0.157062774847185
2327,0.13444570402255,0.156051382532254,0.148698826615655,0.128569915516817,0.155990680643181,0.13545391911103,0.139283090398081,0.156471821421184
2328,0.13402107671965,0.155946532019959,0.148135688540462,0.128122317708181,0.155556019278468,0.134974460948519,0.138921093293783,0.155989767477809
2329,0.133463135103901,0.155485211969164,0.147577018200345,0.127624389085553,0.155028145485981,0.134482759072528,0.138409333614227,0.155422836987212
2330,0.132788217441361,0.154708102928674,0.147125396574053,0.127139130124735,0.154529620657661,0.133906925986425,0.138147764855517,0.154616890510692
2331,0.132224452376807,0.154148519411419,0.146626475734714,0.126621824311988,0.154015093640053,0.133361867075552,0.137746121951879,0.15400182989865
2332,0.131627877835566,0.153504358850814,0.146014964777067,0.125999678744869,0.153354363838733,0.132893933785053,0.136982256302498,0.153553265686217
2333,0.131024354022953,0.152905010127661,0.145479327772355,0.125436718357382,0.152786033774632,0.132400144967524,0.136383988803138,0.153011968825839
2334,0.130398934549256,0.152544288467715,0.144987055548892,0.124890886958896,0.152326910441535,0.13191552042471,0.135886464022924,0.152438660857493
2335,0.130006348164408,0.152085704408759,0.144494958963135,0.124324724668766,0.151797624892625,0.131351511417518,0.13542262125391,0.152040881733753
2336,0.129618853434234,0.151569446233369,0.144179705047681,0.123978057590069,0.151353853146855,0.130920474651652,0.135035330104487,0.151583758882338
2337,0.129074848341797,0.151028403312896,0.143735613986902,0.12354453035892,0.150874240438682,0.130346570865964,0.134504386902157,0.15079834909716
2338,0.128645282668533,0.150590073496889,0.143061673765822,0.123099910615975,0.150274647315945,0.129771863297806,0.13398620861808,0.150182569079044
2339,0.128230448205464,0.150201867221493,0.14257529900263,0.122763676357611,0.149843175749169,0.129444627012388,0.13370242429029,0.149790049826291
2340,0.127648924673192,0.149695611350384,0.142068126973156,0.122177896517987,0.149298711043044,0.128880564776212,0.133249873813109,0.149158660732797
2341,0.126810090894197,0.149137110492367,0.141432225651317,0.121339819780174,0.148663143092399,0.128182442275661,0.132751629020764,0.148397214098531
2342,0.126366458136524,0.148622289651087,0.140998087802114,0.120846324282353,0.148174143335903,0.127736031346892,0.132332115953498,0.147901549808517
2343,0.126096829071745,0.148051668231141,0.140877555645109,0.120397330248976,0.147740996499168,0.127319533673354,0.131948696704052,0.147412098200008
2344,0.125571563791155,0.147531687787269,0.140289402851984,0.119912306340428,0.147295902759508,0.126899491467788,0.131418221044556,0.146975724814449
2345,0.125115944965797,0.147099793564412,0.139402389637263,0.119641678480694,0.14693298166595,0.126692771075868,0.130825225970241,0.146829890960901
2346,0.124674167168427,0.146551538398383,0.13895139967644,0.11919436653917,0.146522632793464,0.126310291978274,0.13040243745041,0.146394542711533
2347,0.12399557733387,0.145849113735281,0.138493782959238,0.118488657224786,0.146062889134181,0.125744321365541,0.129939138058045,0.145676131176387
2348,0.123529526351886,0.145439766590712,0.138031416825581,0.118100838829407,0.145660784647168,0.125337813511516,0.129496225433857,0.145326930049994
2349,0.123364628254458,0.14520269279602,0.137920283048987,0.117973795848487,0.145381194044296,0.125062952297356,0.129255860546414,0.145145726162961
2350,0.122942433842986,0.14474301326115,0.137545026494361,0.117533683659827,0.144870830798915,0.12462390907418,0.128857693283625,0.144806619474278
2351,0.12232612811547,0.144335920176859,0.13681000260979,0.117025190364038,0.1441778273522,0.124081636900618,0.128244353534155,0.144603241289102
2352,0.121894073914271,0.14393126799283,0.136418613368031,0.116608240911274,0.143700566121437,0.123669379718508,0.127849091220385,0.144283363426858
2353,0.121557328326598,0.143336805819468,0.136299151111457,0.116045195947084,0.143186349818716,0.123286532469012,0.127603883038543,0.143743622208646
2354,0.121104575961162,0.142879471282925,0.135946998671144,0.115587585302047,0.142720092673281,0.122800613579321,0.127268559038072,0.143362630505635
2355,0.120672724258418,0.142625196298148,0.135557613507477,0.115292174896885,0.142405786671462,0.122357638433502,0.126969390614054,0.143078200762009
2356,0.120190202431247,0.142238630930717,0.135180681883809,0.114936882153012,0.142107149822325,0.12189262497302,0.126608600649935,0.14278915567738
2357,0.119523322970978,0.141697966368883,0.13474079842568,0.114561643785409,0.141841541272659,0.121242241608636,0.126203411028303,0.14257056342076
2358,0.119083976246682,0.14132065758026,0.134279334369081,0.114115368331303,0.14144014502933,0.120779352912152,0.125789044689042,0.142199950621124
2359,0.118810129012898,0.141103535525208,0.133797141112184,0.113630795472612,0.141069663316086,0.120418895526063,0.125324137388172,0.141679439081085
2360,0.118406605108601,0.14071794472958,0.133388186106411,0.113263764331846,0.140691250110895,0.120128763666545,0.12491249270501,0.141424576628446
2361,0.118056843408626,0.140267981656001,0.132909575730682,0.112902504530505,0.140136221069749,0.120059924128478,0.124546811532372,0.141319680578918
2362,0.117645125846573,0.139880011183792,0.132538808220124,0.112449425229709,0.13967436340322,0.119667048373188,0.124081974086852,0.140946645439585
2363,0.117142616822069,0.139493259596728,0.132403828836243,0.11208567210394,0.139344816476148,0.119211628964594,0.123515728741544,0.140639397876578
2364,0.116644748036239,0.139008922723849,0.1320308859168,0.111664878484239,0.138963656125715,0.118741868021116,0.123123733998221,0.140288766914981
2365,0.116080249153586,0.138477164739602,0.131492054471646,0.111020824391841,0.138533922272767,0.117909139129719,0.122784443659649,0.13957105803041
2366,0.115647677795541,0.138039932957819,0.131110750065755,0.110559182097295,0.138077640492546,0.117404895937227,0.122384354699899,0.139108430875862
2367,0.115287372769708,0.137510031364143,0.13079935785121,0.110282109667837,0.137653554154952,0.117178313470966,0.122110590779007,0.138921087801
2368,0.114844850586364,0.137060987024552,0.130303339324464,0.109894527290815,0.137198595316726,0.116792542567099,0.121758045688477,0.1386065563614
2369,0.114451482011075,0.136788086931399,0.129754142980083,0.10949272032078,0.136617282219888,0.116419689952217,0.121193212471791,0.138276860219344
2370,0.114065447242605,0.136452353758108,0.129286808484931,0.109065380889938,0.136142221258617,0.116062809904424,0.120827261305652,0.137875035792875
2371,0.113552174584223,0.136103313669959,0.128545886829637,0.108571029725825,0.135763035600274,0.115756968319181,0.120756329253859,0.13738668941257
2372,0.113157589740148,0.135693892003941,0.128136428375121,0.108141037276938,0.135326947292274,0.115270498489519,0.120356580028242,0.137013116546603
2373,0.113000387163875,0.135276537460928,0.128278781145105,0.107727308729041,0.134851825449208,0.114553364706592,0.119722209950207,0.136682055177855
2374,0.112620072066276,0.134862130646429,0.127915629860529,0.107315027101012,0.134457621256997,0.114148412800791,0.119313207507055,0.136247339779388
2375,0.112089013212019,0.134412490009925,0.12726080276306,0.106977521844844,0.134107284038365,0.113916091128511,0.118817512907412,0.135839506083639
2376,0.111645210754328,0.133893629554769,0.126845892836114,0.106560868924085,0.133728502888379,0.113426315057134,0.118388276212732,0.135433434884207
2377,0.111083928698991,0.133238711304545,0.126313797387012,0.106049311504586,0.133443651182936,0.11291798341119,0.118254004127889,0.134860669074287
2378,0.110649390078332,0.132809332214391,0.125799073452003,0.105620803976545,0.133062331350484,0.112582237189496,0.117942641242181,0.134406335583246
2379,0.110450913437373,0.13245216777012,0.125506037520762,0.105228295975029,0.132580933888079,0.112101995577862,0.117495885874757,0.134121077077699
2380,0.110048912949647,0.132060929541622,0.125150207951022,0.104794391451037,0.132127131682628,0.111648875333642,0.117040572483154,0.133750602486548
2381,0.109517228483382,0.131928386884742,0.124628933028416,0.104295217090525,0.131663043845367,0.111607434691356,0.116469369589445,0.133287522918433
2382,0.109077950891178,0.131604224779495,0.124163849541918,0.103959047482427,0.131175957037161,0.111262464103692,0.116057445032335,0.132932871368231
2383,0.108544581884758,0.13103214487387,0.12381161177197,0.10379895859893,0.130563380811962,0.11035223678826,0.115664472716661,0.132750017156753
2384,0.108100429565504,0.130580257494542,0.12344572476377,0.103433502342665,0.130147108723324,0.109914857468148,0.115317097217959,0.13235452701378
2385,0.107859979070334,0.130155413413914,0.123067870348798,0.103089777705106,0.129956231709551,0.109889706059017,0.115264539925822,0.13172424774541
2386,0.107477617057462,0.129733597163975,0.12262199999389,0.10271844159872,0.12954141946058,0.10953830598336,0.114948201586966,0.131394299048806
2387,0.107039032342018,0.129303077649206,0.122095129519897,0.102048333248989,0.129102286654605,0.10925889618136,0.114401616072972,0.131240051052504
2388,0.106577832295864,0.12894141496396,0.121719827364838,0.101584072387222,0.128702076442928,0.108893850764168,0.113978729424623,0.130850331130626
2389,0.105974157481914,0.128777932454667,0.121455680242155,0.101391940169504,0.128155011700227,0.108146037856323,0.113495183850343,0.130611928145148
2390,0.105491440895742,0.128351727842595,0.121023890447064,0.10102573272104,0.127617901874626,0.107590142792404,0.113029456835452,0.130254898558487
2391,0.10504246665458,0.127680104788073,0.120487924473043,0.100524103449128,0.127090574477495,0.107160901577528,0.112665629190777,0.129362810967214
2392,0.104639057999801,0.127243752404747,0.120193494638205,0.100175600323888,0.126703251468984,0.106769101805506,0.112270941873335,0.128867624939586
2393,0.104430077478731,0.126804905374467,0.120094208093726,0.0999855316668056,0.126473937035252,0.106502093298267,0.111782678882873,0.128790895129696
2394,0.104055247201152,0.126309228649127,0.11964862541703,0.0995579209460311,0.126006375981566,0.106108474805168,0.11136479629473,0.128491183022099
2395,0.103572309094566,0.12597238543672,0.119097879291571,0.0989576010345436,0.125464564640773,0.105734250046794,0.111026632762289,0.128343463108712
2396,0.103138385563825,0.125628722196875,0.118745486733578,0.0985783565474678,0.125053123217813,0.105310482594641,0.110674189374328,0.12796013294089
2397,0.10263816078608,0.125214065732249,0.118093693283454,0.0982151042420725,0.124522028344132,0.104676403660945,0.110340837927316,0.127157378532573
2398,0.102146391472372,0.124717501484256,0.117607249513056,0.0977435563186455,0.123970445759383,0.104182195346533,0.110002908677292,0.126603766457098
2399,0.101616173391369,0.124201044348948,0.1176836374064,0.0974106344156292,0.123537946336082,0.103848921057632,0.109718611640614,0.126168187341162
2400,0.101230817011217,0.123778307726302,0.117455645131882,0.097083848693324,0.123174474674263,0.103387714020877,0.109345007924149,0.125601021384775
2401,0.100998679231391,0.123331595949673,0.116887794285761,0.0965308294266151,0.122828075185726,0.102852635829141,0.108855935533724,0.124940787976291
2402,0.100627126162166,0.122794946357626,0.116480845569451,0.0960640321703622,0.122325713003198,0.102403530788703,0.108474165607152,0.124510919704846
2403,0.100282230183635,0.122304981192938,0.116212249165158,0.0959247438464553,0.12183411763884,0.101948254000189,0.108166514993205,0.124181953169231
2404,0.0999576779806661,0.12185662374966,0.115735791524726,0.095544537121042,0.121387949863401,0.101447783915351,0.107728194524046,0.123719730329305
2405,0.0995880585368171,0.121220837942335,0.115042204970594,0.0948972370321247,0.120707038475994,0.10091454852557,0.107353714644924,0.123473464262273
2406,0.099115001677125,0.120725325556842,0.114587955031087,0.0943483087653331,0.120152146586999,0.100516571978498,0.106867885745948,0.123122144409997
2407,0.0985270224318607,0.120626625517659,0.114216450115994,0.0936254768063227,0.119916987769238,0.100213491897495,0.105905226410434,0.122413036328283
2408,0.0981183116796876,0.120187251080506,0.113704940919641,0.0931060902310828,0.119496330806474,0.0998322791110859,0.105398389062668,0.12189870310833
2409,0.0977017558285702,0.119225306387002,0.113257297691507,0.0928665844433821,0.118804455844991,0.0994778523854261,0.105302492437175,0.121627846841977
2410,0.0972736323648607,0.118802650052361,0.112894996232567,0.0925067774546238,0.118356516738737,0.0991930487644103,0.10497559048227,0.121204346238335
2411,0.0971682105027505,0.118800488075931,0.112610801234882,0.0922544355229003,0.118010984171182,0.0989326457034887,0.104957393025324,0.120647505984834
2412,0.0968273420044698,0.118391488369268,0.11200958035896,0.091879022013856,0.117620813182515,0.0985641529754641,0.104676129180879,0.120236389113421
2413,0.0961940870456779,0.118120572061153,0.111095606497996,0.0911582678199254,0.117490701256049,0.0983688344864071,0.103776208927064,0.119919687773487
2414,0.0956490020543019,0.117846968038322,0.110554053584386,0.0907415550795243,0.117188064357031,0.0979776770002582,0.103243025256903,0.119477194696598
2415,0.0950301401877365,0.11711763961788,0.109926402120559,0.0906815244371972,0.116697195169528,0.0971345506933506,0.103042736160528,0.119188069426257
2416,0.0944530977134775,0.11646756775075,0.109362244897602,0.0903181864196578,0.116244577444636,0.0965285852316949,0.102604296902236,0.118729738045562
2417,0.0937817742676497,0.115865668241976,0.109290523554329,0.0899868548202771,0.115779325695769,0.0959931586679168,0.102312987459006,0.118034718437677
2418,0.0933570894470631,0.115585272011468,0.10912516694868,0.0895294757732615,0.115220452981153,0.0954877894911935,0.101705060492048,0.117206951263003
2419,0.0932621907176044,0.115418230271461,0.108815417353568,0.0890466320787862,0.114825528928365,0.0948994048661526,0.101442996988484,0.116701431919829
2420,0.0930449993173899,0.114921238528674,0.108221663258899,0.088428472352079,0.114221520816805,0.0945314565915176,0.100900226525936,0.116330179458677
2421,0.0924675790716249,0.114406826773454,0.107629478155187,0.0876173005151716,0.113771951088104,0.0940214026359578,0.100415377979794,0.116047406067172
2422,0.0919370360041569,0.114048836650755,0.107356659786285,0.0872798461096264,0.113414502458738,0.0934131909599114,0.100558522108081,0.115553240929139
2423,0.0917775404857051,0.113484418851228,0.106847502212266,0.0870967739070231,0.112875326250237,0.0930539420006084,0.0999390024544763,0.115130608783354
2424,0.0913331078990346,0.112934056945706,0.106344503314124,0.0862495407595552,0.112323477371507,0.0925831367760089,0.0988156007850336,0.114657906662966
2425,0.0909132812480795,0.112661854229039,0.106037307623705,0.0857889481613006,0.111587798748091,0.0919103027434425,0.0985188879198785,0.113867266627599
2426,0.091106945514287,0.11216208572055,0.10546883688419,0.0858793318270823,0.111063657408491,0.091468041804093,0.098349685557626,0.113560785413094
2427,0.0906682249968503,0.111433724603414,0.10493002713135,0.0854482182588475,0.110856521731927,0.0912096298340379,0.0977045148005028,0.113282157264019
2428,0.0897718883845604,0.111079480182672,0.104441732637066,0.085044063862034,0.110306391221963,0.0910918132537595,0.0977017923680069,0.112491770391385
2429,0.0894845389577044,0.110824483695829,0.104036708023801,0.0847655564707748,0.109943585685941,0.0910128529485256,0.0978098310496911,0.112018161723328
2430,0.0890186603916998,0.110450991055407,0.103751626391219,0.0840757308297771,0.109796254237036,0.0905776737142471,0.0968551775781011,0.111718908688068
2431,0.0884407933425596,0.110114362450302,0.10295814014008,0.0837535008367353,0.108886242311085,0.0900455695614,0.0962526843762062,0.110853337676116
2432,0.0882049458889927,0.109650786846504,0.102281239941562,0.0836891554932994,0.108203903995091,0.0895927644346484,0.096327412660773,0.110058542802397
2433,0.0876280899999881,0.109243437550005,0.101957658905668,0.0830139262389195,0.108057225660118,0.0890827441466009,0.0955775256975149,0.109594046927679
2434,0.0871843582696547,0.108931606975508,0.101372899614462,0.0822830706051656,0.107315828364593,0.0888265347150578,0.0946705319809362,0.108978213349424
2435,0.0870324424772469,0.108231283174198,0.101135301097341,0.0817620217991574,0.106964646074728,0.0881198802106684,0.0947203339399145,0.108797312993297
2436,0.0865195442553642,0.107526986564273,0.100896903192527,0.0811470184458493,0.107130984893126,0.0870042409450773,0.0944126597186944,0.108731819090848
2437,0.0862336567281115,0.107140545340123,0.100338144477828,0.0807383204679272,0.106524258079369,0.0866024948959942,0.093853198208649,0.108174892790508
2438,0.0860025441400209,0.10637028625476,0.0998733848754649,0.0805693838279422,0.105260203825053,0.086259810613805,0.0940682842243279,0.107892137660562
2439,0.0852671879040361,0.105652831269689,0.099040496702389,0.0801769477597895,0.1047339402476,0.0858802847741288,0.09384109185358,0.107673167183319
2440,0.0846292003081862,0.105410174138726,0.0985744017563491,0.0796186942066354,0.104869437177742,0.0859224728219422,0.0929209231742871,0.106790380061003
2441,0.0841607354516334,0.104700829267479,0.0985171299290003,0.0793656974247245,0.103993507330821,0.0856027644164139,0.0921472363519354,0.106169192922124
2442,0.0838361908756553,0.104047336907634,0.0979278667388523,0.0793618812109112,0.103374460447653,0.0852198939641235,0.0915822705199309,0.105883009196245
2443,0.0838902706677855,0.103975913415009,0.0973924372480206,0.0791466097938042,0.103120541503526,0.0853975563258289,0.0912041672130114,0.105041817564664
2444,0.0837919753956406,0.103414621498675,0.0972157930507563,0.0784332025135979,0.101836646685505,0.0850284578380617,0.0908997542395226,0.104591917048635
2445,0.0832897183048532,0.10278264415506,0.0967633118532124,0.0779647676873443,0.101627600018865,0.084149708752725,0.0905747183865711,0.104490921228157
2446,0.0824159673198233,0.102509644189597,0.0957016134733406,0.0778258697799049,0.102174155937391,0.0835268881162642,0.0902323367339114,0.103578553903623
2447,0.0812404378288045,0.101839282680691,0.0954230652749491,0.0771260430632176,0.101338774626016,0.0828255120797692,0.089648004741386,0.102963143057646
2448,0.0803533897868317,0.101601195533459,0.0958117461750017,0.076466796223426,0.100331660763035,0.0824894655643988,0.0891407291681171,0.102909125527566
2449,0.0800627339922637,0.101829585729835,0.0954600595542286,0.0761365567424473,0.0999610888792152,0.0821410851928531,0.0890430935877836,0.102141914900538
2450,0.0801644488102453,0.101433737043024,0.0952735588183668,0.0754388220641129,0.0995494114554006,0.0817506046749447,0.0885846913754678,0.101481502917845
2451,0.0803686276632646,0.100727384840521,0.0949734364528981,0.0752392491305381,0.0991040377114914,0.0814677747904331,0.0875855824396752,0.10104892284786
2452,0.0804244124277726,0.100010032450341,0.0939477559565289,0.0755665641774737,0.0989398190524135,0.0806195577021896,0.0870956084206575,0.100389038575434
2453,0.079833165552484,0.0997802013913115,0.0931043212332264,0.0754530728233011,0.0986893154572002,0.0803031734274621,0.087434222676197,0.100330106908197
2454,0.0790653912579045,0.0997344744643212,0.0927341186084367,0.0749487854591001,0.0977723990793689,0.0798919218269211,0.0875531507157474,0.100041385555965
2455,0.0786333530076716,0.0991898147776106,0.09259137102682,0.0743291579957498,0.0976283961876602,0.0798299877739304,0.0874163366393032,0.099182775130847
2456,0.0781769481860711,0.0989818280044152,0.0922421186768003,0.0737420004255677,0.0972673068437696,0.079534736350015,0.0875059828752433,0.0988290232046928
2457,0.0784002301566864,0.098425680827166,0.0919231898582918,0.0729954096964014,0.0964147722635575,0.0791260074063044,0.0871402074144189,0.0989204156263147
2458,0.0780963702996148,0.0978396627428538,0.0916491821799027,0.0724556225197942,0.0960069931577667,0.0785753529310018,0.086514586115605,0.0985431812756566
2459,0.0766397776956033,0.0977784842750111,0.0913706760925698,0.0718687932348634,0.0960257553394102,0.0771859316741863,0.0862905958241609,0.0982463386460814
2460,0.0762409120223613,0.0975584341944821,0.0909078083607817,0.0714199587794964,0.0956014466594163,0.0766516607455485,0.0858705043301881,0.0978548011215082
2461,0.0770626290435136,0.096786566411342,0.0903853131739247,0.0714798539126625,0.0948892423872221,0.0772310965798943,0.0841504595994366,0.0967434023460298
2462,0.0766688661730103,0.0962599835000901,0.089790019139436,0.0711785973109636,0.0946845354463779,0.0768660959664317,0.0835116675445459,0.0960526677693208
2463,0.0755363725612265,0.0962135563966548,0.0885768474215381,0.0705482530605526,0.0947400181406736,0.0760449493300198,0.0844213091708674,0.0956034965657081
2464,0.0754502951134669,0.0959371060146423,0.0880946271135376,0.0702819369752091,0.0944720769093901,0.0759371368116581,0.0841294498998465,0.0953594019340481
2465,0.0753577624796084,0.0951116033257981,0.0887051599186396,0.0700885316654286,0.0948313246394082,0.0756965419280386,0.0831284528877859,0.0959311884591725
2466,0.0748216426356846,0.0949513535562742,0.0884029846842743,0.0697336621910131,0.0945134244536925,0.0752131860961221,0.0829146418781457,0.0956332266101042
2467,0.0752916272996605,0.0959227852731387,0.0875278508244924,0.0696065978288587,0.0927024068483827,0.0755104837487522,0.082421439847912,0.0943268065622615
2468,0.0753882381665348,0.0956002108159018,0.0872007958727336,0.0694789362128975,0.0919141039594696,0.0755024226880292,0.0819238075710028,0.094065645128505
2469,0.0740389026279391,0.094204987703403,0.0864251681735322,0.0693450942557419,0.0917120816126325,0.074655454047857,0.0825307392777677,0.0943339045212361
2470,0.07336299488757,0.093835052477105,0.0858477074624623,0.0689080382736467,0.0911514337298619,0.0740468590615898,0.0826226372297296,0.0937934178266038
2471,0.0736230052870769,0.093323946650823,0.0865436604599993,0.0677221368812728,0.0909847457488119,0.0738639121031788,0.0815680656487035,0.0935585203008078
2472,0.0734166870056732,0.0927572284065326,0.0864889720950522,0.0676259229973161,0.0908087575905945,0.0733808588497893,0.0813180616361166,0.0934835890234844
2473,0.0728035453406149,0.0934608405902138,0.0853541876063131,0.0686910962730835,0.0902699364354902,0.0721766918967755,0.0821695569984067,0.0921953343158858
2474,0.0724997570268411,0.0935201562308354,0.0849332334080477,0.068335207365077,0.0897631484580724,0.0716414517357883,0.0819862285203277,0.0915065095810273
2475,0.0724508834142668,0.0922263113492138,0.0848983593670929,0.0677642796302328,0.0895186001628745,0.0716954128695755,0.0810553229678806,0.0921074414278586
2476,0.0721580548437172,0.0914036791912682,0.0844412853171258,0.0676447786154549,0.0892310035394078,0.0713973742803575,0.0809364295857001,0.0923411004588832
2477,0.0715803570634416,0.0909806653025992,0.0838499205188371,0.0660528141526854,0.0883986162983956,0.0715382185118263,0.080817321493439,0.0924763029051889
2478,0.071421409634202,0.0907594751821234,0.0836782483010452,0.0653133146750119,0.0882414770893662,0.0711800856534609,0.0801523299488368,0.0920929628679233
2479,0.0714485494742233,0.0909473928154341,0.0834974687420504,0.0667341591418207,0.0891438561734403,0.0696413175194592,0.0803197467789746,0.0913143240771655
2480,0.0714821357389313,0.0905142822445125,0.0833337112379022,0.0665603277866546,0.0891528269776016,0.069410919628236,0.0796681136366384,0.0909299639969058
2481,0.0724166509129552,0.0893749420092392,0.0838518368137497,0.0645472390419434,0.0887375009164726,0.0704083627990977,0.0767083543279595,0.0899056548835822
2482,0.0723277485513952,0.0893601414773049,0.0838930753381566,0.0641402057919641,0.0886879636713027,0.0702241297721797,0.0759702088856984,0.0894710857067285
2483,0.070893135411624,0.0902923539346334,0.0834034543170918,0.0646419836360669,0.0887011951322637,0.06999892054228,0.0768182132736858,0.0899953553068705
2484,0.0704654606696046,0.0898073511392818,0.082975046422368,0.0642254853199054,0.0878129417745848,0.0697018952992337,0.0767711207272661,0.0903504117977313
2485,0.0701535101348072,0.0894621759275642,0.0826812226374677,0.0643146751554164,0.086233928349318,0.0681300766853541,0.0780767071120284,0.0911540805115493
2486,0.0698038015022409,0.0890700660733683,0.082212127139796,0.0641055804709379,0.0858767795197947,0.0672977024699262,0.0781826935618064,0.0910120680019008
2487,0.0700507143460473,0.0862425527470603,0.0809386396536424,0.0620374684721749,0.0853348656564774,0.0673793498873023,0.0758421736998762,0.0898165676884088
2488,0.0703977715655867,0.0854222028318657,0.0808196191383118,0.0614179945671245,0.0848542269358671,0.0672542117310739,0.07549540758294,0.0898555680220497
2489,0.07091917608316,0.0869211877429662,0.0815616496228795,0.062537374136638,0.085757854625687,0.0667843688044478,0.0767271672904818,0.0908770716647862
2490,0.0706327285798908,0.0872895891586822,0.0814623197062643,0.062811629009441,0.0862833504155083,0.0668766418211695,0.076675415620439,0.0901525362109711
2491,0.0704838225479217,0.0880424497749563,0.0817276889163137,0.0628719038854233,0.0863530018477651,0.0677093118785813,0.0768310613730835,0.0884166793561054
2492,0.0699683250599212,0.0880469746190882,0.0819695855136396,0.0631220150819763,0.0854526524133392,0.0678586274136846,0.0769129700039229,0.0886544631488215
2493,0.0673966148273474,0.0870623227882415,0.0813917951775723,0.0636805547697528,0.0836272686819472,0.0684979033634642,0.0758104348087578,0.0883374309783432
2494,0.0669665882902034,0.0869201715633083,0.0812131670429049,0.0633062887135115,0.0838230709566843,0.0681230072856275,0.0751723298638073,0.0877565394452716
2495,0.0683002252017212,0.086712356639126,0.0821924491084507,0.0625198165060997,0.0849048891128146,0.0657785420018958,0.0751659597830115,0.0903547105514707
2496,0.0687338446832604,0.0862214773292295,0.0820703761986682,0.0619881740512912,0.084404221657562,0.0656502191307403,0.0755396100935543,0.0907839459696619
2497,0.0703965225098791,0.085907023659073,0.0807245978171581,0.0598986222783951,0.0850860585078679,0.0664251336490294,0.0762746443527057,0.0875370524707722
2498,0.070409670069643,0.0861115807226794,0.0802029353108503,0.0596561698704652,0.0850540088176682,0.0667626138144362,0.0757281156949566,0.0861777008721222
2499,0.0681702772610047,0.0866170530432677,0.0800474959390571,0.0617649855482797,0.0811845855100584,0.0689598970888408,0.0739538590165157,0.0863101503839938
2500,0.0678513288063541,0.0861374195141924,0.0788871791728552,0.0618788969647897,0.0804457933820742,0.068853233139804,0.0751153305423395,0.0860977283524602
