"wavelength","103","106","107","110","113","115","116","119","122"
350,0.0361608476844633,0.0436640778414675,0.038170275118823,0.0304990101613008,0.0409681441889005,0.021800637827508,0.0565733701835264,0.0549020737464977,0.0694598016294723
351,0.0388259171284348,0.0428163764585955,0.0387974186501506,0.0349557794991588,0.0437126312956186,0.0246318809935465,0.0577836242745524,0.0583090763149531,0.0709545386645618
352,0.0333295369867621,0.037922092809416,0.0346861447629864,0.0332261316769455,0.0383346633184967,0.0163748574539824,0.0523308837547246,0.0552039508733724,0.0640218578211921
353,0.035363379079704,0.0427389894349597,0.0370099313227589,0.0344758769894286,0.0443228185803795,0.0154971454898478,0.0549144315514811,0.0584716429725031,0.0664749051718817
354,0.035459588736703,0.043129950429111,0.0369262297470673,0.0342614432157853,0.0422548231490818,0.012987487691621,0.0556601571247084,0.056272473270507,0.0662346462379905
355,0.0350532013804273,0.0403600317621053,0.0352875042895542,0.033846845080946,0.0383536169488417,0.0118404942407298,0.0550098165286573,0.0527350564327533,0.0661397717804858
356,0.0366265629481756,0.0388657277953966,0.034648762506599,0.0346376936747237,0.0412916979933044,0.0156892269410697,0.0550860003995818,0.0536588921589694,0.0700080142498621
357,0.0349070964291553,0.0395806445658569,0.0341774365321279,0.0315383602395879,0.0399907672911048,0.0182931898414305,0.0539405855699501,0.0530167607519559,0.0684008244742117
358,0.033563452725862,0.0424139457324297,0.0344294140443291,0.0311114010834357,0.0395960139257152,0.0192534562683149,0.0540078777379523,0.0531636664638535,0.0674863165243238
359,0.0339780868496643,0.0450596647740515,0.0350115814354329,0.0344259470828764,0.0412270386618697,0.0182225146120759,0.055049978529549,0.0543201123942185,0.069070604797653
360,0.0319199766740203,0.0404221061385824,0.0332993226785687,0.0309832174620549,0.0357457248469647,0.0129069801421433,0.0508075321548406,0.0513639353200057,0.064726324324469
361,0.033388758030994,0.0392498477957232,0.0332250932811028,0.0298248622122021,0.0362332604595698,0.0126741226768174,0.0497988569382535,0.0496729209791097,0.0638432134591519
362,0.037305867084605,0.0417358103228193,0.0350387447229895,0.0323823581245085,0.0412927822571199,0.016019309983726,0.0519003116946698,0.0514958400828992,0.0665162300689013
363,0.0387713107579215,0.0423302282394934,0.036923276989241,0.0359102471516409,0.0417189907160934,0.0154730490794404,0.0523019595551945,0.0571003662124239,0.0678183426394387
364,0.0393188684951362,0.0431607947761997,0.0381199824773422,0.036494164125888,0.0416238743905135,0.0170749186440119,0.0532915461372677,0.0577368315621315,0.0675307637781339
365,0.037505868902418,0.042726744447749,0.0368896182552874,0.0334032723227881,0.0399901942512659,0.019010341342994,0.0531764864585685,0.055068290638029,0.0658390701440523
366,0.0331830810655944,0.0404244473879372,0.0331763348819259,0.0284303599708367,0.0367082509075746,0.0186933015022193,0.0509309414599662,0.0528852844773549,0.063906323866635
367,0.0334156856494917,0.042292226247089,0.0343542716106439,0.0302254812032128,0.0395762301946175,0.0166026946462362,0.051161428916981,0.0543962571578347,0.0665216996366258
368,0.0349210699828326,0.042688556211105,0.0355025210083775,0.0326022177571835,0.0408546882497094,0.0146616525852317,0.0522426473715566,0.0543020400184491,0.0670848375246099
369,0.035598472437079,0.040623503560722,0.034714266066481,0.0327494345287143,0.0384917774567137,0.0138932750261645,0.0531820814146697,0.0519496865514351,0.0643723700917183
370,0.0354934003845751,0.0432105891867932,0.0352863634590697,0.0336383009922877,0.0398476000133404,0.0142859330995237,0.0544822749974461,0.0548492750961287,0.0662690886480837
371,0.0350694620175294,0.0432738376674464,0.0348686328334428,0.0329795339647794,0.0406859972991117,0.0143636416608236,0.0536837760990865,0.0545539264325649,0.0663352147292909
372,0.0346071684789656,0.0412883693680653,0.033866692313433,0.0316244779849262,0.0403852594226464,0.0130153569012477,0.0515564568445325,0.0518076125321712,0.0648672864586426
373,0.0344102565735747,0.041033587107121,0.0339031414673724,0.0317239443955275,0.0398110898276534,0.00990185013145604,0.0505286797274899,0.0514362716412885,0.0650106419515625
374,0.0361837720472539,0.0425613893875572,0.036053885691427,0.0323998543470796,0.0405263753578409,0.0139373378761491,0.0525788059376811,0.0540348766378003,0.0668522672172948
375,0.0370040447967775,0.0423455189305546,0.0368896254483978,0.0319670302810144,0.0410378253689449,0.0171925704156116,0.0542787460680514,0.0553147992558203,0.0683989879205394
376,0.0351593612839346,0.0390761662367869,0.0345348951693999,0.0299015923087441,0.04011723369651,0.0137672959930529,0.0531106575639784,0.0527440237870484,0.0681377137751206
377,0.0358970203870583,0.0416815625261863,0.0349821779906425,0.0300925425956104,0.0391732076826164,0.0147068786271515,0.052809337428106,0.0529287039958816,0.0674783385355484
378,0.0349072068508633,0.0418073327816218,0.0348643637408491,0.0304435199689011,0.0384533490401777,0.0141754962023081,0.0518405370945859,0.0519378362055349,0.0660766106717664
379,0.0321646235170877,0.0383629155304399,0.0332677548450707,0.0302760021678975,0.0381360783385766,0.0113983306861373,0.0504674631667584,0.0501681303530421,0.0645504685899002
380,0.0334830122359246,0.0398971732074674,0.0323960980848728,0.0307881003244345,0.0383358567451198,0.0125124299809472,0.0515747652431673,0.0543311616241214,0.0649928312902214
381,0.0344355980312384,0.0413964750902597,0.0335888443102774,0.0319147914072458,0.0399472366136589,0.0135150766549634,0.0518087153440756,0.0555828937308359,0.0655376559707439
382,0.0346382530346755,0.0419086441369684,0.0350703909173946,0.0327136190804276,0.041501525789208,0.0135655587931415,0.051753386201104,0.0539832157069869,0.0660410557018386
383,0.0349950833296565,0.0418834599666473,0.0341505775410024,0.0320348274296567,0.0409052044726182,0.0130181659694978,0.053172680505054,0.0529481304985557,0.0667882460077899
384,0.0337488926695961,0.0417024805345486,0.0340892158060728,0.03080626335006,0.040360706666515,0.0128180484964925,0.0534959938737086,0.0531091721205375,0.0656905162282715
385,0.0331556729468363,0.0411949559058138,0.0342438624968357,0.0304316034799962,0.0399073340659837,0.0130490997742256,0.052911274879173,0.0532206111145054,0.0649711309046812
386,0.0344035555970001,0.0403024585455326,0.0337711350208842,0.0312710492933338,0.0394395176177546,0.0137155320736162,0.0520215254749105,0.0524790129014818,0.0659133513760237
387,0.0339484788391654,0.0393239246159857,0.0327158317389902,0.0303621371169153,0.0393675342933532,0.0155332376242642,0.0512698118788361,0.0522014208463278,0.0650514043319864
388,0.0338109672942607,0.0398998148446753,0.0322118847783568,0.0306600811550721,0.0398540077983532,0.0149043754516333,0.0513169043341478,0.0527962195107918,0.0657331788960882
389,0.0344623350393779,0.0416449228063863,0.0327234741299242,0.0322681005857671,0.0405205181683015,0.0120921866737446,0.0520476448348654,0.0536487708249858,0.0676326493331837
390,0.0346796305950859,0.0419366317615206,0.0341071275466297,0.0320784634589186,0.040286126253419,0.011492475897544,0.0524534824441721,0.0528640106457191,0.0661524592575346
391,0.0349155056257897,0.0416503184411175,0.0350803601334312,0.0325048975763291,0.0411818895658403,0.0138304280708161,0.0539160253559632,0.0534138857836866,0.0664178166044458
392,0.0353884679066759,0.0412914097880892,0.0357418744804069,0.033051303088592,0.0418151505059058,0.0160161856558405,0.0550568300110022,0.0545348734266621,0.06756597360282
393,0.0360793829411663,0.0411781917650467,0.0364142229860897,0.0323897005908386,0.0400805460232991,0.0141097524716255,0.0538613251071402,0.0543270396047213,0.0669490961254982
394,0.0351288492981024,0.0398704684651496,0.0339463381420267,0.0305444066423283,0.0391293143469098,0.0116016643079077,0.0516151066672617,0.053194665551687,0.0653498558849744
395,0.0342901321935943,0.0396804455950573,0.0326844425025117,0.030233246523218,0.0388133247572242,0.0109437976901539,0.0509512492437874,0.0523199069981485,0.0646990463114334
396,0.0347181465696169,0.0415163707845277,0.034820981946776,0.0323976703797302,0.038727286426798,0.0124038710692138,0.0527335791150179,0.0524532732574558,0.0658506025083711
397,0.0347371769486216,0.0412219541757896,0.0342155787740565,0.0323846563141255,0.0391666489982191,0.0107157975432695,0.0528807294816569,0.0531463773732696,0.0667435109619826
398,0.034471390257644,0.0407104965473314,0.0330861546342169,0.032086767150921,0.0393006370259578,0.00945427397288748,0.0523050423894902,0.053311577743972,0.0662160840347172
399,0.0343891582467329,0.0407749476039834,0.0327342978563366,0.032137538901021,0.0392765154903715,0.00984048153064758,0.0518323658355448,0.0529807743532419,0.0649570905027322
400,0.0354705484102306,0.0411334297887405,0.0336956643852312,0.0319196298955132,0.0403815177650953,0.0108665436367368,0.0523052066503141,0.0534110981640184,0.0657193385379535
401,0.0351448068521849,0.0413211298044109,0.0341245089435327,0.031230452698124,0.0399527265099574,0.0108649006366292,0.0524053570114758,0.0528196343055281,0.0655678730790995
402,0.034262247174446,0.0414802503302919,0.0341757580921386,0.0310121087758299,0.0392897880990062,0.0103502037202219,0.0524754024884526,0.0523937956395082,0.0652184279655051
403,0.0346333934900594,0.0419202634659358,0.0346120109654145,0.0322787436568545,0.0405718910994689,0.0105747455016401,0.0532562245445398,0.0538695588488783,0.0662977910203833
404,0.0350997602786551,0.0424257158623274,0.0349552235104003,0.0326965017367112,0.0405011822545941,0.011483530250512,0.0537538038873557,0.0541861918440892,0.0671746743050078
405,0.0352768957408719,0.0422020487065493,0.0349991027613438,0.0323984427255834,0.0400294233591213,0.0120190974989884,0.053744752676555,0.0538303152287411,0.0672457297594201
406,0.0351591873935703,0.0412264582738149,0.0347505556105407,0.0319579289761063,0.0401802701120896,0.0116597759604686,0.0533891242927292,0.0536075654848887,0.0665615682281181
407,0.0356370373107558,0.0419184084304782,0.0347316749887045,0.0323083277885722,0.0408600655219142,0.0116895765198009,0.0535984847666921,0.0540291102994171,0.0665316527025766
408,0.0351966426962983,0.0418643375961872,0.0344077044305381,0.0320091675872078,0.0404971606318403,0.0113805467488048,0.0537794671634581,0.0535202516889073,0.0663348516820829
409,0.0340133724883549,0.0408888925724974,0.0337096500608803,0.0310298400231609,0.039253468921649,0.0106687041645038,0.0536047647765577,0.0522928762152217,0.0658288148844474
410,0.0341215335590299,0.041269952719103,0.032987292210958,0.0308270976399543,0.0391645700854185,0.0102135099266332,0.0529259377258828,0.052527792290964,0.0655732749044487
411,0.0345933089084405,0.0416992101265533,0.0332367049711376,0.0314653548632981,0.0396337553156976,0.00964111782748843,0.0530157397269713,0.0531458359310427,0.0658119793652951
412,0.0348500832495882,0.0417039585733779,0.0338839729585936,0.031986963142011,0.0399465926672089,0.00916158188702479,0.053438348514107,0.0534448668101311,0.0660207366135221
413,0.0344870191388545,0.0411808791150037,0.033870360567014,0.0312580416478068,0.0394370732147813,0.00912038657542741,0.0532124496794318,0.0529475629817283,0.0655256560454155
414,0.0342201184733296,0.0412908787880435,0.0339322083319818,0.0312651000725923,0.0393549800324602,0.00906617672523116,0.0527727066908081,0.0528517586930892,0.0655237496605907
415,0.0348375439872174,0.041844021427256,0.0342604776770431,0.0317667220110736,0.0396739634504008,0.009468887753137,0.0527857986003366,0.0531444903732269,0.0660634880912873
416,0.0362786594817162,0.0423966138936584,0.034754870584212,0.0322477289161985,0.0401340210663031,0.0104472278855342,0.0534992405598578,0.0535710721542756,0.0668152220389665
417,0.0359112101506444,0.0423505505365011,0.0346524245626304,0.032429386709245,0.0404284070025545,0.0107574982749219,0.0539779840246556,0.0537584647033182,0.0668883036174427
418,0.0354692767895911,0.0423429420717853,0.0344559046925509,0.0323616705831314,0.040471988399157,0.0104316702524701,0.0537540850516017,0.0538669200999839,0.0665649665380545
419,0.0355896960055204,0.0424772623177575,0.0343913979587128,0.0321897806856843,0.0403862437389238,0.00995822402067334,0.0531211102655323,0.053916363399448,0.0662089656880499
420,0.0355663426201319,0.0421181652503396,0.0343560381694379,0.0321964446114019,0.0405782430550573,0.010562733607468,0.0533862419537751,0.0537016697964895,0.0663237288797852
421,0.0353643333151451,0.0421344071012466,0.0342554001871759,0.032131215420889,0.0406603376336453,0.0103169349493417,0.0535191262228607,0.0536474563821105,0.0665620714310594
422,0.0353081750125508,0.0425110715647811,0.0342499985856407,0.0321491618634973,0.0406417303381851,0.00969877929856501,0.0535546817293787,0.0538323354418498,0.0667725896811105
423,0.0358130018830729,0.0428539735048055,0.0345729554229598,0.0325286529338662,0.0406886000091497,0.0100686626735331,0.0538893176812569,0.0541581596099344,0.0668675618591761
424,0.0355939328909516,0.0428056363315882,0.0347367011194969,0.032841165986312,0.0409114049995417,0.0101781154284851,0.0540405525514377,0.0541309585637088,0.0668288451333
425,0.0353588069883435,0.0426499218975556,0.0346991089410947,0.0329849133230617,0.0411076982952639,0.0101191523000202,0.0539281104751128,0.0540066155989576,0.066854337063666
426,0.035739905074895,0.0426402670908353,0.0345550177650071,0.0329439838989453,0.0410912362232486,0.0101130372454,0.0536532914444061,0.0540538242529205,0.0670072120021215
427,0.0357277364130702,0.0423745741836812,0.0345384731223516,0.0326991192260187,0.0408815279950682,0.00988210305183417,0.0536741668795282,0.0540330034029157,0.0666456166341522
428,0.0358285800255396,0.0424203707547199,0.0347735895231705,0.0326915619346179,0.0409232783629242,0.0101994580297187,0.0539391686892401,0.0541748208899675,0.0664395851368512
429,0.0361371574141656,0.0428278913261739,0.035149562478849,0.0329661791408578,0.0412130994985651,0.0109009349011388,0.0542428031119988,0.0544080112945071,0.066638336679524
430,0.0359584703737147,0.0427602140587369,0.0351505884843118,0.0329024785003344,0.0409369668168653,0.0101606088321916,0.054075239944759,0.054034796738343,0.066824777283447
431,0.0360784930780936,0.0428056710083177,0.0352437409087968,0.0330124277250225,0.0411561267684409,0.00949662909443887,0.0541831731561958,0.0542581810206691,0.0669449340001753
432,0.0364598087311098,0.0430701574765984,0.0354976796295931,0.0333443511029386,0.0417229752888329,0.00943764633967994,0.0545583423560455,0.0549195174195341,0.0671096130060037
433,0.0366403443250728,0.0434244088637332,0.0357788873178201,0.0337074279940055,0.0418525864456712,0.0100351370172068,0.0547928903292568,0.055134830922389,0.0675289444744072
434,0.0368722926626425,0.0435704612883121,0.0358852204904512,0.0337662732720657,0.0418297645862917,0.0101106689088076,0.0548766388614023,0.0553331222955788,0.06768679214088
435,0.0370219996289466,0.043500521129859,0.0357298197819497,0.0336836951059348,0.0417533844685826,0.00977360314840633,0.0548098682723777,0.0554148022420027,0.0675252315246038
436,0.0369576988636213,0.0433432732544622,0.0353889651707264,0.0336898891633356,0.0417127993901105,0.00943744971483384,0.0546740496842482,0.0552496124949289,0.0672083532977156
437,0.0369001868096059,0.0434612777977636,0.0355154802675437,0.033609341091726,0.0418611713993983,0.00928413379302965,0.0548768408458282,0.0549786021363603,0.0673909248331263
438,0.0371992325161232,0.0438855616543882,0.0360606893821255,0.0339232488708464,0.0422403321957703,0.00951070944623527,0.0551770911750327,0.0552367919578442,0.0678729033845454
439,0.0377845472100182,0.0443742188339153,0.0366847165079651,0.0346119411667126,0.0426794880993508,0.0099333827221795,0.0553319682745875,0.0560005372263802,0.0682912478790615
440,0.0376724423588677,0.0440734809318626,0.0364534601420939,0.0345037701934657,0.0424976578876758,0.0094889614443289,0.0550753594291646,0.0557629467086139,0.0679534730763063
441,0.0375369440078114,0.0439452949869448,0.0363434870387009,0.0343463997930432,0.0425324123656142,0.00931542204099746,0.0552135047039599,0.055732815304276,0.0678315650602535
442,0.0376494839644114,0.044216498590905,0.0365455912389043,0.034424808257438,0.0428974724967168,0.00955720061286436,0.055707077485168,0.0561115934773455,0.0681097534991198
443,0.0380278949617915,0.0445822405625936,0.0366727573276439,0.0347277927411453,0.043162901160081,0.00961101861435755,0.0558418661759964,0.0563716164619196,0.0683878118032109
444,0.0382292792770405,0.044758632274156,0.0369882078731844,0.035039121427116,0.0433830420252735,0.00996858206587526,0.0559288646590955,0.0564906362759949,0.068542920926121
445,0.0382591562655123,0.0448250853356267,0.0372751596255435,0.0352709047067701,0.0435636264065188,0.0101265383362466,0.0560341524648334,0.056650106209944,0.0686309011750744
446,0.0382949594559765,0.0449787436011477,0.0372596536838375,0.0354066700922617,0.0437118044217781,0.00951489333478754,0.0561695408388993,0.0570377574126645,0.0687748747483141
447,0.0386263292119202,0.0452500678906342,0.0374273767006075,0.0356567882334545,0.0438207657237753,0.00952636874806302,0.0563711599188983,0.0571816512969565,0.0689982772978581
448,0.0389104001875917,0.0453862120986404,0.0376040652164813,0.035799019292998,0.0440183173430081,0.00976360088752462,0.0565396169055396,0.0572488644855037,0.0691972158980891
449,0.0389038537353379,0.0452901210310144,0.0376533706241988,0.0357216364406375,0.0443050858540946,0.00974256681361622,0.05662348864076,0.0573959577867267,0.0693107740888368
450,0.0387973627559324,0.0453722088385248,0.0377408607149541,0.0357351241482579,0.044231561937006,0.00924325268470128,0.0567110628591288,0.0575120709198773,0.0694116035037365
451,0.0389463625103234,0.0456359219027106,0.0380607212413112,0.0359319271755858,0.0443616701771094,0.00921744305215589,0.0570543254860981,0.0577410337638987,0.0697054542214575
452,0.0393169035410755,0.0459543214776938,0.0384684290802005,0.036258100115259,0.044737339948742,0.00979327983805917,0.0575336074242642,0.0580363280306505,0.0700894238215411
453,0.0393757561653808,0.046006810598999,0.0383444155443965,0.0364732920988388,0.0447551639591714,0.0101481652069856,0.0575336008827365,0.0580994957516415,0.0700470124574352
454,0.0396682099504048,0.0461736546268193,0.0385610457761878,0.036712343808118,0.0448970517395879,0.0101964666065573,0.0576996473038745,0.0582637012741591,0.0701205571558874
455,0.0400220209914637,0.0464299055690039,0.0389309982476413,0.0369407279967772,0.0451438292072749,0.010041188757467,0.0579470865654157,0.0584879750853203,0.0703346835044984
456,0.0400011672889842,0.0465823972604522,0.0388615954827993,0.0370644541328316,0.0452836307279633,0.00991299680753424,0.0579203556174444,0.0585866472386704,0.0704998731790273
457,0.0400590520163524,0.0465947111441813,0.0389707471973779,0.0370849530125306,0.0453739713739171,0.00970033183518916,0.0580046732279329,0.0586991297978721,0.0705392979758
458,0.0401811523379457,0.0466470220524436,0.0391671614645011,0.037243704199243,0.0455320558488739,0.00964188840177702,0.0582155658471183,0.0588143530681913,0.0706407985236791
459,0.0403013812147328,0.0468617636701272,0.0392904576798823,0.03765111627153,0.0458075106093375,0.0098912610204949,0.0584671776998312,0.0589231006800053,0.0709385755336455
460,0.040512109293875,0.0468979558650805,0.0394334301306467,0.0376692440994256,0.0458857984982081,0.0100544898762722,0.0585294945342181,0.0591126824005521,0.0711140314849205
461,0.0407841549071413,0.0471919316162454,0.0397233895833707,0.0378111527579702,0.0461419736920775,0.0100698467601954,0.058718288532405,0.0595134679098017,0.0713707380858857
462,0.0410405824671806,0.0477377169077595,0.0400877163067068,0.0382159889316853,0.0465898977232392,0.0099794059298315,0.0591180744589964,0.0600076433139128,0.0717013628712797
463,0.0411086592773566,0.0476319288912817,0.0400529796911313,0.0382554329308954,0.0464953288673862,0.00997653803206905,0.0594053873431361,0.0599645853728862,0.0716380012264192
464,0.0411058589995632,0.0475525823094546,0.0400174399837833,0.0383731043286405,0.0465133031385537,0.0100624710093688,0.0594071510310751,0.0600062089659909,0.0716399305186607
465,0.0411230019813387,0.0476293273488837,0.0401110111930575,0.0385466245268566,0.0467025045835806,0.0100648641328916,0.0592490172240082,0.060194615994089,0.071758940878984
466,0.0412497929404734,0.0476793200939649,0.04031510661622,0.0384722675389058,0.0467618655612471,0.00967735110990565,0.059292907375647,0.0602528766872859,0.0718015644932973
467,0.04144110607426,0.0478889754354486,0.0405069611178253,0.0385227817759979,0.0469992963202496,0.00974416163327263,0.0596532010045722,0.0604168675665798,0.0721252891933412
468,0.0416416149033251,0.0480705118351849,0.0406193989172651,0.0386920382048728,0.0472832648665205,0.00988896747739583,0.0599925037155714,0.060603309250406,0.0723873473892316
469,0.0417947830348961,0.0480074338001416,0.040631587623473,0.0388594317766313,0.0473836770993541,0.00956404312924046,0.0599404750003063,0.0606635686110681,0.0722007523133716
470,0.041884988242481,0.0480082927351128,0.0406806871114113,0.0388850168244192,0.0472355376615978,0.00955557887959881,0.0599062646919685,0.0605953381928776,0.0722484922689702
471,0.0419645059118095,0.0480943086524071,0.0407966122959748,0.0389128678378171,0.0472200968253892,0.00967886787591401,0.0600550644992307,0.060603419814214,0.0725000536819287
472,0.0420519798968888,0.0482536518737314,0.0409716003121778,0.0390618110679576,0.0474867675724284,0.00973850515142585,0.0603786349130845,0.0608158627525435,0.0728035128444793
473,0.0420232255543414,0.048485507329869,0.0411475020310709,0.0393243972738698,0.0474282746603674,0.00973668358955997,0.0604895578401618,0.0611466032444245,0.0728696425710963
474,0.0422029628063015,0.0487573007576236,0.0412870435896293,0.0396217687801403,0.047649623695243,0.00997512398079099,0.0606197831104764,0.0614573738945543,0.0730427652583356
475,0.0425271304544851,0.0489472947876348,0.0413866081063847,0.039846273242054,0.0481308332257012,0.0103235643398749,0.0608040618280004,0.0616523917361591,0.0733158412030864
476,0.0424636466312321,0.048781623530624,0.0414737562276335,0.0398205775370465,0.048141727641338,0.0101202087352696,0.060856569897916,0.061645590795013,0.0732713583323328
477,0.0426143615829175,0.0489221460623314,0.0416614174436495,0.0399851713752273,0.0481709114634319,0.0100694317480411,0.0610085997361204,0.0619145156504257,0.0733703687200167
478,0.0428577469781705,0.0492624944282714,0.0418718389700404,0.0401845438356065,0.0483194486516905,0.0101248077751185,0.0612184059321218,0.0622295177915469,0.0735869325714603
479,0.0428200048987103,0.0493922684687258,0.0419573955110542,0.0400689828082509,0.048545389874803,0.00998354733754113,0.0613455897028433,0.0621100162677439,0.0737166846188065
480,0.0429833197416151,0.0495625471579998,0.0421008369653001,0.0404044783289962,0.0487663141514722,0.0102016274618761,0.0615587100737141,0.0621997897700847,0.0739758306052496
481,0.0431439655355625,0.0497071721452285,0.0422454389045149,0.0407264072088043,0.0489309742978374,0.0103566968938214,0.0617447474410247,0.0624498436218403,0.074213761347104
482,0.043108771739679,0.0497573885972014,0.0423281011424617,0.0405954587039556,0.0490077761831832,0.0101197524101883,0.0617925048113385,0.062675075005002,0.0742811245739332
483,0.0432226053051949,0.0498257393279093,0.0424217813374965,0.0405689902846591,0.0489565163798713,0.0102704460337773,0.0617594386311463,0.0626392118628073,0.074252328657365
484,0.0435035011680782,0.0500200937080764,0.0426306369901027,0.0408063230285697,0.0491057024329892,0.0105879962559122,0.0619469329521663,0.0627746427067995,0.0744380745742835
485,0.0438576466452115,0.0503008668533539,0.0429305012726279,0.0412328290332563,0.0495001183633854,0.0107919970248769,0.0623458123548051,0.0631764885596039,0.0748416001210916
486,0.0440057403857265,0.0503500646605154,0.0430665714303025,0.0413823623453302,0.049659096505887,0.0104762584561678,0.0623388525407189,0.0632955401488536,0.0748816187986179
487,0.0440555855691823,0.0503536725227122,0.0430832063415045,0.041434531691617,0.0497356358871094,0.0102748234358046,0.0624017926967627,0.063288050545064,0.0748964887833433
488,0.0441633779500218,0.0504538256911241,0.0431493541734073,0.0415294719614007,0.0498265339114996,0.0103362519263902,0.0626473009734877,0.063316864912053,0.0750089120538997
489,0.0445489460835434,0.0507906149350698,0.0435507731112752,0.0418176405174306,0.0500232912325089,0.0104986410499869,0.0629722850821211,0.063592468148307,0.075229960981279
490,0.0445893137217554,0.0509230542432427,0.0437400080819348,0.0419382511472263,0.0501668350105597,0.0105495176624815,0.0630761692752022,0.0637730476939465,0.0754839782395867
491,0.0445023814764834,0.0509624357032321,0.0438191544149329,0.0419784548147404,0.0503145847887385,0.0105153212787336,0.0630905101144868,0.0639053028778447,0.075659481836018
492,0.0446812159129869,0.0511365451682696,0.0440264360594731,0.0421274790931338,0.0505488919214954,0.010492353341304,0.0632464411443308,0.0641204137890807,0.0756847698532246
493,0.0447905714823035,0.0511946392669354,0.044065544969032,0.0422541286547229,0.0506304339304686,0.0104417952744949,0.0634076602905147,0.0642786583495377,0.0758604655583233
494,0.0449058495567685,0.0512591869578467,0.044107234627859,0.0424231373273261,0.0507197559194613,0.0103559875137633,0.0635475911262455,0.0644305559824888,0.0760568240314878
495,0.0450964131720185,0.0514444095111792,0.0442995840539669,0.0426749574709769,0.0509417885818555,0.0102900909295993,0.0636879891602528,0.0646188805783049,0.07617223522572
496,0.0452862668723088,0.0517535786472839,0.0446090483667575,0.042928917468025,0.0512023830444572,0.0105059635728613,0.0639775079375974,0.0648000802082644,0.076320940745336
497,0.0455005084812156,0.0520042206307633,0.0448811479793003,0.0432106793967173,0.0514754285961008,0.0106968949995586,0.0642008688519269,0.0650211902419661,0.07655881400736
498,0.0457191462778416,0.0521494547431175,0.0450349974746584,0.0434394168211311,0.0517039481307611,0.0107253142560727,0.0643164672656887,0.0652658695988243,0.0768352956368507
499,0.0458579035033757,0.0523044958445682,0.0450404699926611,0.0433302898099839,0.0517616028486723,0.0106174891068109,0.064503510579241,0.0654287785372531,0.0769379690744145
500,0.0459502052935807,0.0524780675235097,0.0452260798724243,0.0435332004637457,0.0518798093806786,0.0107257843725386,0.0646567679683065,0.0655746505672934,0.0771128626034138
501,0.0461003096820383,0.052667945917914,0.0455368859710178,0.0439652650612384,0.0521104629112084,0.0109613488232415,0.0648418295487317,0.0657751519660823,0.077379814674335
502,0.0464311422250473,0.0528539995725696,0.0457268809642611,0.0441896143690013,0.0524102083638451,0.0110117989339331,0.0651793074138474,0.0660932999718165,0.0776480252558704
503,0.0464192223282188,0.0528898760259429,0.0458132058843252,0.0441945196013229,0.0524990034821275,0.0108525130806573,0.0651791789500217,0.0660884432726698,0.0776976594908424
504,0.0464462467884844,0.0529743190129506,0.0459398200436645,0.044266067569212,0.0526076228372197,0.0108326052704579,0.0652269203324412,0.0661327069848354,0.0777508517971674
505,0.0468802022112895,0.0532721721443715,0.0462107818332228,0.0446211415556763,0.0529430377069633,0.0112055629710562,0.0656830214238307,0.0665671218902426,0.0780255514439355
506,0.0469730203333211,0.0533767292954752,0.0463571281693398,0.0447417657931319,0.0529687541732575,0.0113051267511717,0.0657745729454921,0.0666263736109629,0.0782034388176559
507,0.047038681760267,0.0534863738332372,0.0464995133069245,0.0448195506928701,0.0530206993478466,0.0113611368064549,0.0658171063394979,0.06669017283085,0.0782997507789314
508,0.0472706072479887,0.0537110232371478,0.0467183568033072,0.0450139882817495,0.053289346469436,0.0115411402601572,0.0660206170867714,0.0669786525700158,0.0783977743727574
509,0.0474578929472674,0.0538957844961822,0.0469699000146237,0.0453481917551904,0.0535534871488284,0.0117742161375949,0.0662184610826626,0.0672139068129245,0.0787027181964375
510,0.0476262010074815,0.0540054730566152,0.0471529202902682,0.0455903771411262,0.0537744617800258,0.0118714617798128,0.0664369239692339,0.0674720290868758,0.078980728312636
511,0.0477858242192657,0.0540911983282284,0.0472610530017035,0.0456991526393897,0.0539429410241627,0.0118867559768121,0.0666429943029624,0.06771693175624,0.0791486551298302
512,0.0479395638947975,0.0543007365208245,0.0473720017032544,0.045797056452168,0.0540781337175131,0.0121182935297781,0.0667437659930865,0.0678044542368482,0.0792367572395678
513,0.0481086583165319,0.05446652212984,0.0475545985196191,0.0459785636820179,0.0542753709180702,0.0122100424901105,0.0668893747868824,0.0679374166343051,0.0794196165810476
514,0.0483121694063842,0.0546443700458548,0.047825118402783,0.0462319865356824,0.0545250092907877,0.012331777089047,0.0671023233616212,0.0682023172878224,0.0796528043362094
515,0.0485531306360973,0.0549421189064517,0.0481506730895758,0.0464878725560599,0.0547701912451615,0.0127773346369287,0.0673471894731092,0.0686044552307948,0.0798144444734564
516,0.0486580359161343,0.0550657564715362,0.0482318035088115,0.0465929202824186,0.0549308059552502,0.0128908534285298,0.0674715071903833,0.0686815911003746,0.0799544264686509
517,0.0487701163182044,0.0551977418413271,0.0483350170317559,0.0467425355628913,0.055114911458549,0.0129457141040283,0.0676547562306004,0.0687794861832457,0.0801898944380968
518,0.0490121072975705,0.0554906104001088,0.0486741520119671,0.0470833286422142,0.0553999615040175,0.0132352165873266,0.068012726892672,0.0691802536695508,0.0805496497091507
519,0.0492263605982247,0.0556777018418535,0.048900101409842,0.0473630082088994,0.0556228920260521,0.0135410503966444,0.0682072681343691,0.0693954084485452,0.0806697707052025
520,0.0494391612519276,0.0558396835038578,0.049075535725455,0.0475895464149286,0.0558403695513006,0.0137794773491531,0.068357844362001,0.0695839410383572,0.0808273414221421
521,0.0496705994775712,0.0560399028632934,0.04928120368846,0.0477978996124392,0.056100914914554,0.0139645151606357,0.0685590955338777,0.0698375677906697,0.0811331873477258
522,0.0499253487525925,0.0563071252104711,0.0496340070666154,0.0480568261824573,0.0564513255426605,0.0142890176177536,0.0688634754417401,0.0700970452869804,0.0813859520793313
523,0.0501492310725453,0.0565406695116217,0.0499047268720242,0.0483063421905992,0.0567049662457546,0.0145431776594077,0.0690814544083016,0.0703721786223048,0.0816005190056159
524,0.0503406163095345,0.0567260326280966,0.0500972380189115,0.0485530609428816,0.0568887375716379,0.0146972406008976,0.0692351815129304,0.0706521408317544,0.0818135859182411
525,0.0505336210945598,0.0569059419661876,0.0503753715193363,0.0488472141511704,0.0571819364948386,0.0148360735168179,0.069496552499612,0.070911582238458,0.0820906800290113
526,0.0508575365260686,0.0571539286852145,0.0506818959112695,0.0491496453424157,0.057510451580231,0.0150226984524568,0.0698113207523484,0.0712162597212379,0.0823921918692357
527,0.0511967514451387,0.0574246650868021,0.0509610235967557,0.0494331261945733,0.0578260489753806,0.0152480385173985,0.0700978895436926,0.0715435445520099,0.0826978611809509
528,0.0513961096072401,0.0576515878792158,0.0511809339018738,0.0496903058935754,0.0580997987536437,0.0154792935077829,0.0702944074204171,0.0718528987387684,0.0829980679319887
529,0.0516708501337876,0.0579473075995495,0.0515526908337211,0.0500533443677167,0.0584408225569781,0.0157226759903618,0.0706316498386298,0.0721919644745336,0.0833411036510873
530,0.051997825328801,0.0582607934025708,0.0519521311127677,0.0504488218798085,0.0588306645026544,0.0160238469717032,0.0709820291909522,0.0725740960158895,0.0836778443213045
531,0.0523250483705385,0.0585433999131927,0.0522683381235703,0.0508045776573309,0.0592243783533841,0.0163642612885554,0.0712503095286016,0.0729863081606437,0.0839815544147877
532,0.052595528464775,0.0588085915469228,0.0525510322289414,0.0511228048834247,0.0595308497540711,0.016490153758835,0.0715821381254216,0.0733394603296503,0.0843274697912243
533,0.0529331000353442,0.05911664623745,0.0528921430337829,0.0514994701778149,0.0599071908835704,0.0166292185045295,0.0719562545206067,0.0737313820437761,0.0847131635803777
534,0.0533538057497804,0.0594680048154263,0.0533033528589908,0.0519423125738659,0.060398051319792,0.0168839538677663,0.0723442294537446,0.0741843973847,0.0851197202727454
535,0.0537064151920196,0.0597665951896161,0.0536725649601303,0.0523199555916701,0.0608910416682369,0.017190895685105,0.0726964911197647,0.0745994871527942,0.0854925648663393
536,0.0541041667554038,0.0601033705652823,0.054103792537327,0.0527459731573117,0.0613834661599885,0.0174958560918973,0.0731118340170384,0.0750931725898938,0.0859304328291226
537,0.0545337993717031,0.0604821297370488,0.054563677082562,0.0532176625111411,0.0618656233007977,0.0177685038219341,0.0735581343126245,0.0756206125796206,0.0864113580016192
538,0.0549191648367134,0.0608627237228692,0.0549472175434482,0.0536737439031492,0.0623324796149773,0.0179953825233639,0.0739311831396252,0.0760501840427084,0.0868472210410819
539,0.0553659124064799,0.0612908410479933,0.0554268052084314,0.0541772325596677,0.0629074293144202,0.0182622006942361,0.0743734378390115,0.0765831706340745,0.0873474544405241
540,0.0558591909536479,0.0617189527058658,0.0559670705128002,0.0547292790136858,0.0635378095248144,0.0185705648571295,0.0748743837032041,0.0771850676352763,0.0878856693853821
541,0.0563589755363246,0.0621035923438442,0.0564898345779521,0.0553112636994744,0.064140121086945,0.0188914676067484,0.0753893997958469,0.0777787107432931,0.0884192832913161
542,0.0568731334792675,0.0625851888155003,0.0570023845272431,0.0558848931899674,0.0647626921467263,0.019165478121349,0.0759238069326808,0.0784280279341807,0.0890305631178187
543,0.0574299036983756,0.0631093254120815,0.0575875290290663,0.056479446670894,0.0654202242595057,0.0194050697893703,0.0764920163088045,0.0791117177175216,0.0897054095937661
544,0.0580388520890858,0.0636234519336857,0.0582645616118312,0.0571186287236939,0.0661165877292891,0.0196567760735633,0.0770918156034388,0.0798162240292124,0.0904093229298566
545,0.0586592308258668,0.0641271058294431,0.0588619652026595,0.0577977854202225,0.0668325155731348,0.0200578195737434,0.0776639587919753,0.0805722045497525,0.0910756047817772
546,0.0592815954039565,0.0646583556526027,0.0594750356175185,0.0584814274580468,0.0675983022318873,0.0204175428060525,0.0782963195434422,0.0813529209738908,0.0917571101445097
547,0.0599109186429958,0.065220197628462,0.060151507514736,0.0591807516727049,0.0684153510165022,0.0206829427885328,0.0789888109888619,0.0821481363172895,0.0924789408992906
548,0.0605704584087165,0.0657706061511092,0.060897941594991,0.0599750228389301,0.0692512947377332,0.0209608638236305,0.0796281952258995,0.0829690698946151,0.093239107650275
549,0.0612642488311523,0.0663524809040683,0.0616212068820855,0.0607527063690095,0.0701059956847896,0.0212199073440947,0.0803026182775503,0.0837884796270672,0.0940168180843471
550,0.0619946961888452,0.0669632525699055,0.0623322885975347,0.0615291368251229,0.0709852663430102,0.0215054349351408,0.0810311062077566,0.0846486432356119,0.0948425970076444
551,0.0627595894533341,0.0675796160630836,0.0630932312485157,0.0623752840785925,0.0718992862784852,0.0218895362084112,0.0818017107066619,0.0856206523404763,0.0957667907346952
552,0.0635216247626429,0.0682092913652206,0.0638851750066001,0.0632013456218296,0.0728398484648069,0.0222281291662768,0.0825658987055999,0.0865523535501829,0.0966410238160177
553,0.0643008342959165,0.0688680550318992,0.0647089463005242,0.0640643657532712,0.0738348906663987,0.0225289236590109,0.083328166735704,0.087510245176863,0.0975414775319942
554,0.0651281435059713,0.0695668853424913,0.0655658071902432,0.0650217333757217,0.0749037494655836,0.0228262417187545,0.0841123698730239,0.0885772374112651,0.0985613335494618
555,0.0660233902228108,0.0702827200394111,0.0664500962642223,0.0659492228488734,0.0759823290339748,0.0230850936371781,0.0849720631672149,0.0896373979963532,0.0995983654044857
556,0.0669381892070915,0.0710227453295455,0.0673543616596326,0.0669390965465603,0.0771026975339241,0.0234010201731304,0.0858738847833445,0.0907631533859222,0.100642525678782
557,0.0678473834242196,0.0717897317494836,0.0682854817852198,0.0680284082423743,0.078286664866153,0.0237883144170817,0.0867904971058738,0.0919792702479889,0.101711302494924
558,0.068786719407792,0.0725727617440572,0.0692870106550302,0.0690885035574133,0.0795163785798566,0.0240406257398278,0.0877236787899153,0.0931613860324215,0.102876723063136
559,0.0697664826586533,0.0733559854691529,0.0703288814322287,0.0701585030828138,0.0807909730642235,0.0243098059669653,0.0886755785758521,0.0944050579429118,0.104072259808245
560,0.0707845283532504,0.0741432342927243,0.0713810673837188,0.07126174425231,0.0820961596262499,0.0246262083891964,0.0896493053704684,0.0957151679696157,0.105274282994387
561,0.0718256399540292,0.0749605466857826,0.0724035401036331,0.0724117838496224,0.0834002397657762,0.0248992749378931,0.0906487113646302,0.0969995272377513,0.106495330322767
562,0.0728823982173822,0.0758066925429488,0.0734926966080671,0.0736304311687074,0.0847498899869014,0.0251991346110856,0.0917028178433877,0.0983778170405097,0.107799314359611
563,0.0739653858767964,0.0766697164347323,0.0746189881540038,0.0748711465766558,0.0861482968859462,0.0255087215633183,0.0927878900884642,0.099808553381623,0.109162233390684
564,0.0750909888741147,0.0775320779714356,0.0757057122631079,0.0760630571685444,0.0875797939511435,0.0257771166688856,0.0938583708367095,0.101190023348172,0.11052221466672
565,0.076206276069429,0.0784019810304287,0.0768517052311415,0.0773016055843222,0.0890206962736173,0.0260148183988396,0.0949372851497098,0.102610338800057,0.111899137164202
566,0.0773096097288797,0.0792422409120181,0.0779979853164192,0.078547817602236,0.0904616106390968,0.0262163039458063,0.0960104222450107,0.10405184451325,0.11327162926459
567,0.0784239688604133,0.0800451025592206,0.079100894587612,0.0797707312445897,0.0919143610032314,0.0263921466300914,0.0970770336846969,0.105499076264082,0.114632088228464
568,0.079634990973083,0.0809745615044901,0.0803356307749911,0.0811008101315399,0.0934682148469213,0.0266370396024508,0.0982277818549814,0.107044353949544,0.116060233727403
569,0.0808335961182311,0.0819227698182775,0.0815664649927624,0.0824359939173876,0.0950204912574126,0.0268694455515218,0.0993718718424719,0.108591405564944,0.117520715519793
570,0.0819655758994154,0.082817987789673,0.0827219194469662,0.0837197341639066,0.0965234111682345,0.0270523388541543,0.100471139557958,0.110101156248403,0.118986722945848
571,0.0831007879824428,0.0836826303961,0.0838910594619651,0.0850059791012654,0.0980561789375059,0.0272605306588433,0.101617026121227,0.111674011510379,0.12045676480245
572,0.0842736501581456,0.08457557761207,0.0850729626816486,0.0863261432937052,0.0996343034015091,0.0274812312801268,0.102768758752038,0.113248664475152,0.121953256799594
573,0.0854705749724712,0.0854882790890151,0.0862729938176174,0.08767325300787,0.101228235895908,0.0276738126812595,0.103907124352554,0.114810617685692,0.123460667331234
574,0.0866274380811034,0.0863472273605821,0.087501337574177,0.0890030604231213,0.102756805697297,0.0277563607364021,0.105025364325894,0.116382563025213,0.1249255131916
575,0.0878074445842177,0.0871991256233666,0.0887044059718594,0.0902903897221556,0.104316079417592,0.0279395429093325,0.106150055726695,0.117970344488662,0.126409945886035
576,0.0889853446251354,0.0880605821957643,0.089892171198863,0.0915753532738295,0.105905135607364,0.0281941116475667,0.107290541851317,0.119563795799796,0.127911921027318
577,0.0901152820915454,0.088938379835071,0.0910993756056702,0.0929199735838576,0.107492932156408,0.0283995158230977,0.108448701159703,0.121152022379823,0.129409995496999
578,0.0913164570942441,0.0898220663247535,0.0923262622452304,0.0942692655691944,0.109137968458371,0.0285385431849349,0.109616114778542,0.122798102885434,0.13093574064566
579,0.0925507611432007,0.0907307122481344,0.0935800352939139,0.0956420566076202,0.110795323540141,0.0287040282365303,0.110812567266545,0.124486103854775,0.132485618755177
580,0.0937689308195447,0.0916781552567711,0.0948689764889035,0.0970543947578505,0.11242863723639,0.0289681540347673,0.11205422896978,0.126188721420098,0.134061029209457
581,0.0949970167676494,0.092649288555996,0.0962178016226895,0.0984731826457128,0.114116969740635,0.0292591242427691,0.113334164203159,0.127901212427889,0.135715839878659
582,0.096220419183031,0.0935984507129324,0.0975610788561731,0.0998716393435765,0.115783572204476,0.0294556776524926,0.114613782169069,0.129606705736828,0.137400673006839
583,0.0974382423004161,0.0945172572187711,0.0988627633036537,0.101246171392612,0.117409594929699,0.0295652030872706,0.115873473050052,0.131305113793494,0.139072245538858
584,0.098691519567346,0.0954777779631758,0.100149752689719,0.102648223221941,0.119110744667098,0.0298391545838832,0.117139444666064,0.133047020149626,0.140711351165384
585,0.0999201886735596,0.0964006542395592,0.101412446157293,0.104008893755336,0.12076755308721,0.0301259725610818,0.118377299856152,0.134721567144905,0.142308879614275
586,0.101060717328252,0.097250955995034,0.102595903931839,0.105284689422635,0.122322817365224,0.0303660665645395,0.119511146414633,0.136288257387305,0.143805611056592
587,0.102036242416397,0.0980197780254614,0.103603228634962,0.106443158720974,0.123753525041999,0.0305484400154016,0.120422884920038,0.137753607716356,0.145099940315957
588,0.10298039600513,0.0986802852368898,0.104502689152332,0.107514399134976,0.125066168463669,0.0307030834219565,0.121246835106639,0.13910891790973,0.146277499134266
589,0.103878530951732,0.0992416347321391,0.105321580409032,0.108491493998393,0.126264396283387,0.0308621887787636,0.122037816864956,0.140327822393242,0.147395871765152
590,0.10466927508702,0.0997241353115762,0.106066789824019,0.109358339119892,0.127348532067399,0.0310476361473916,0.122814933356264,0.141385229086661,0.148496504317267
591,0.105373021697663,0.100145642025699,0.106681334113246,0.110168834548844,0.128343478471156,0.0311745872430441,0.123518656262544,0.142392560552697,0.149571897578948
592,0.106034721579416,0.100527006335758,0.10726189270852,0.110934466472718,0.12925220034922,0.0312714805343412,0.124175491439421,0.143315654044097,0.150600505993089
593,0.106692821102048,0.100891376610024,0.107898850578252,0.111673760026536,0.130092897303386,0.0313838006562944,0.124817467514352,0.144138473506683,0.151565141058987
594,0.107340118273362,0.101265231422368,0.108571554244412,0.112450168158645,0.130936277170097,0.0315572281245126,0.125437072427573,0.144981425694523,0.152465859666141
595,0.107961516261943,0.101640194204731,0.109273758524144,0.113203921844145,0.131754658295628,0.0317342422629932,0.126035364747367,0.145804935467346,0.153287313072183
596,0.108591423155179,0.102064003633788,0.110040078007724,0.113954074859942,0.132597791201205,0.0318952103364308,0.126674961093997,0.146650350035628,0.154097074291468
597,0.109374082886727,0.102716918124906,0.111009981836613,0.114878109279314,0.133688205265645,0.0320893338791982,0.127558362403212,0.147731882337614,0.155143013479648
598,0.110118649623303,0.103362818822181,0.111915083375242,0.115823243058356,0.134762655734394,0.0322850352989356,0.128456964498766,0.148851424903167,0.156149243679612
599,0.110787230473322,0.103942284667549,0.112687634161495,0.116714425637991,0.135756169929367,0.0324988835857851,0.129283254593771,0.149919946685982,0.15705155652504
600,0.111443938027862,0.10450885391759,0.113396232598684,0.117518079823204,0.136731409259534,0.0327809731842189,0.130033767512689,0.150908056867497,0.157920224688507
601,0.11201281189533,0.104920432756384,0.114003748774406,0.118194327659648,0.137514967058181,0.0329368216579102,0.130660399261458,0.151734627968678,0.158662274664286
602,0.112478446482613,0.105186920699731,0.114492687594099,0.118723132257478,0.138131068172343,0.0330389109369721,0.131139226556634,0.152355941790492,0.159238953455489
603,0.112867605989201,0.105381846189731,0.114880374282107,0.119124756628529,0.138675803510495,0.0332195869105419,0.131495055352376,0.152782667333999,0.159676042420337
604,0.113368136035351,0.105608651378224,0.115389551223313,0.119628653081363,0.139215525406301,0.0333104121593657,0.132020350953987,0.153281023912453,0.160332071588258
605,0.113936276976899,0.105945837367417,0.116037288077789,0.120224979273439,0.139852565143799,0.0334052009573581,0.1326763192322,0.153889135746356,0.161147365961079
606,0.114498886685559,0.106403245312876,0.116767683084029,0.120853309790993,0.140608673976818,0.0335697113441388,0.133364904341165,0.154576261991041,0.16199739094035
607,0.115011880449803,0.106810348002626,0.117418254629844,0.121430122620539,0.141263554779116,0.0336721559376512,0.13397161300804,0.155230027257155,0.162773187927282
608,0.115470521484764,0.107182283253888,0.117968970126408,0.121915280007686,0.141849281431794,0.0337457357456836,0.134541278687613,0.155799327292965,0.163441959648778
609,0.115889713583582,0.107537788811848,0.118440403274017,0.122321961751351,0.142400582618236,0.0338162212709206,0.135082338349411,0.156302482073963,0.164016880416715
610,0.116317223653103,0.107905850318918,0.118920206210755,0.122747351265643,0.142964126965958,0.0339057748512684,0.13554349560179,0.156872138085327,0.164583050743327
611,0.116695137653602,0.108206511259068,0.119301561605548,0.123114300458079,0.143425515526438,0.0339336397352993,0.135923997116855,0.157371174600552,0.165051241430357
612,0.117031898829158,0.108453986925124,0.119592496192894,0.123425092529767,0.143796769958958,0.0339480147176584,0.136238005490745,0.157797495176931,0.165440235418612
613,0.11737503373728,0.108720114896265,0.119867165156838,0.123727679562369,0.144168316740677,0.0340716686489328,0.136517174616115,0.158223608302627,0.165831721936175
614,0.117688064258018,0.108967448283615,0.120084448048372,0.124073229562857,0.144542887877983,0.0341049101849292,0.136796201187209,0.158606184152842,0.166191791222398
615,0.117974918859371,0.109182030891208,0.120261305941679,0.124403244856881,0.14491177983252,0.0340894665271183,0.137038699880297,0.158960003777053,0.16653334176042
616,0.118255444144698,0.109374721778821,0.120441117209956,0.124671903576547,0.145273602576617,0.0341242927579525,0.137215186825596,0.159322582212836,0.166880756973537
617,0.118566344234354,0.109669932333069,0.120725728670951,0.125122759004061,0.145698454591273,0.0342406661610225,0.137468163650679,0.15976067901678,0.167256572167404
618,0.118874231377961,0.109986128243006,0.121050616689654,0.125558316009428,0.146146763544036,0.0343310361681144,0.137722242767545,0.160189293772524,0.167554455757689
619,0.11915153767075,0.110236214982554,0.121329341929957,0.125850074461956,0.146563992756765,0.0343311517142934,0.137895676214695,0.160531841698216,0.167702946054588
620,0.119409854189266,0.11037068844314,0.12146355140539,0.126173013906928,0.14687861557777,0.0343179473806191,0.137945935166308,0.160763858224819,0.167738440920749
621,0.119598474214895,0.110407709514923,0.121461143215424,0.126421122888297,0.147134316304721,0.0343367102274345,0.137885566906498,0.160942567754301,0.167741604926215
622,0.119739344087449,0.110413039590452,0.121407997776351,0.126614214713828,0.147385710374171,0.0344004250246966,0.137770104306128,0.161118122384682,0.167728310272234
623,0.119948146001048,0.110518460226805,0.121492881886544,0.126931367178452,0.147713713690898,0.0344832336724489,0.137710048636851,0.161341297212452,0.167631728178642
624,0.120237878656169,0.110754859878044,0.121775188632257,0.127347794660047,0.148155597490414,0.0346219100617201,0.137725288450717,0.161646045200045,0.167492411199837
625,0.120545785013411,0.111037219000026,0.122152121427481,0.127793364615412,0.148626052440716,0.034768248114107,0.137827211354858,0.161980454131529,0.167410215077264
626,0.120763571700715,0.111210286315982,0.122419999233301,0.128158096669421,0.148970303365454,0.0348364428255713,0.138007179860488,0.162246266915798,0.167512556060768
627,0.121001335457327,0.111370410225141,0.122692488966057,0.128478224462147,0.149317424417868,0.0349518971089556,0.138215588358648,0.162559811113573,0.167671608410951
628,0.121270621473135,0.111582105153008,0.123017845259953,0.128812522023984,0.149670456179971,0.0351201048844378,0.138452373844724,0.162905570650473,0.167865393835303
629,0.12155315952425,0.111867093825834,0.123403225972197,0.129195390134834,0.150008073356,0.0353182027282593,0.138719451525981,0.163235964933692,0.168093379755362
630,0.12178517940039,0.112063182052877,0.123714322003563,0.129509597330678,0.150312262765053,0.0355372207036321,0.138960095425949,0.163481984397227,0.168344709942033
631,0.122039020422567,0.112280088304113,0.124004239364746,0.129812343898629,0.150629974395153,0.0356913050062882,0.139238843965472,0.163726446409483,0.168644522881558
632,0.122339801863643,0.112556835633419,0.12431117137796,0.130130926413795,0.150968621513753,0.0357338549988441,0.139581007381023,0.164022544964224,0.169002237330221
633,0.122590752517838,0.112736438131427,0.124606431975034,0.130396515086129,0.151232685075805,0.0356782611600135,0.13990890235716,0.16434785528173,0.169384837780441
634,0.122862303923015,0.11295109414445,0.124965095533799,0.130699588208698,0.151531183921539,0.0356913215262364,0.140288259221432,0.164688224253887,0.16984384322733
635,0.12315221000395,0.113211137413336,0.125372319780634,0.131027011599351,0.151868838584359,0.0357322561382176,0.140717097479433,0.165012353803075,0.17035564004241
636,0.123395068730645,0.113423269991441,0.125730641647272,0.131270747346177,0.152160087529883,0.0355669617239038,0.141134757157532,0.165267148104713,0.170826868269051
637,0.123651325799388,0.113659424223197,0.126090276584221,0.131539653283547,0.152456371693007,0.0352940107734737,0.141575919208713,0.165562643931386,0.171314995028561
638,0.123920609477016,0.113919573569749,0.126459285877203,0.131834546126274,0.152759159905599,0.0349696918204054,0.142053469888773,0.165898176473856,0.171814031179739
639,0.124183554095942,0.114180978381603,0.126834294212253,0.13212354476354,0.153058941991816,0.034637819770068,0.142568604228714,0.166235143936857,0.172295124741669
640,0.124460682951284,0.114452357121658,0.127228177065583,0.132453919415062,0.153415772850648,0.0342620421691766,0.143082242500512,0.16660001000939,0.172724131641262
641,0.124716353353242,0.114732541246112,0.127611718050508,0.132771909051543,0.153744977657745,0.0337717374298093,0.143543625490741,0.16696097415335,0.17312781488221
642,0.124934921873114,0.115012544712514,0.127965772575809,0.133038043311476,0.153993990769876,0.0331441476150608,0.143934644511591,0.167293405242702,0.173525481383271
643,0.125205148792123,0.115251524432127,0.128327585712421,0.13331101852385,0.154303324568397,0.0325342994948728,0.14434745299822,0.167624117348557,0.173860045097087
644,0.125479469593953,0.115507197273802,0.128696900302271,0.133634206786157,0.154663598898708,0.0319575099412369,0.14477062328371,0.167967044676118,0.174187138736577
645,0.125731797833299,0.115801659538599,0.129072160750212,0.134001702070035,0.155047529766115,0.0314213053556578,0.145194352354267,0.168319916091257,0.174531954656122
646,0.125971308590416,0.11609943561518,0.129456806213647,0.13432639991786,0.155405482341231,0.0309354010228617,0.145624862291132,0.168652477515323,0.174873869026239
647,0.126246747679936,0.116373052284658,0.129815364757453,0.134621353185938,0.155741685956867,0.030471252278372,0.146008726854933,0.168982924342104,0.17515208323745
648,0.126535430941621,0.116633516842341,0.130157504485489,0.134920256302254,0.156064683513493,0.0300346347268371,0.146349545638359,0.169312292590796,0.175382621077955
649,0.126763042106254,0.116920888037956,0.130524119994775,0.135278872175513,0.156389937371119,0.0296554710555888,0.146690176064109,0.169631219820934,0.175636817708016
650,0.127012537903443,0.117149134261543,0.130818409395416,0.135588809883706,0.1566787809604,0.0293501221417237,0.146989211145345,0.169915323466832,0.175874174332595
651,0.127283772253698,0.11738222535766,0.131114560840205,0.135875899659426,0.15698339199527,0.0291538315169664,0.147281661679108,0.170199765907644,0.176119916559635
652,0.127552556275871,0.117698002129866,0.131508400019653,0.136198077706106,0.157360104766007,0.0290815424813481,0.14761222442046,0.170525080566125,0.176405383786254
653,0.127806340865133,0.117921329106683,0.131856109768013,0.136539820785122,0.157686722173291,0.0289895298789799,0.147927460939388,0.170832136952312,0.176679094252908
654,0.128041259911564,0.118128447662412,0.132157556673624,0.13685574994999,0.157981281003315,0.0288578445667422,0.148216352261952,0.171093769734221,0.176919308012901
655,0.128268828323739,0.118384675323534,0.13243850044363,0.137126473991811,0.158275776264444,0.0287041721390461,0.148489172605823,0.171314509191308,0.177126517546827
656,0.128541428630791,0.11863490240461,0.132743705932635,0.137409716228353,0.158590141877194,0.0286072032285172,0.148799536916158,0.171571684196576,0.177342614643162
657,0.128830663421874,0.118911320559837,0.133075087580778,0.137734876658761,0.158924516190723,0.0285061158712096,0.149148206681555,0.171870073629609,0.177618867701852
658,0.129110745479459,0.119198516104868,0.133413063000394,0.138085898334801,0.159257479005482,0.0283518521546369,0.149500854877992,0.172181746072883,0.177934927484727
659,0.129351876353226,0.119407704889639,0.13370364883606,0.138379994497053,0.159528979283063,0.0281034232391231,0.149762936089283,0.17242575947632,0.178166267262689
660,0.129606974205743,0.119649017020566,0.13399865069588,0.138691518845612,0.159834944916344,0.0277782160711672,0.150060863648815,0.172692225072173,0.178422696058153
661,0.129875039517183,0.119925969027197,0.134301035154342,0.139014886658871,0.160168888664403,0.0273870626195297,0.150388956688012,0.17298196268531,0.178700428405341
662,0.130129682472317,0.120192673513176,0.134594928675923,0.139310306793598,0.160476641297067,0.0269426751007905,0.150681593050318,0.1732561402044,0.178947096959147
663,0.130387418931092,0.120475281536461,0.134949312497849,0.139630749661311,0.160809225803094,0.0264572796753184,0.151012026141879,0.173552974363609,0.179226139836992
664,0.130658967919699,0.120744700466846,0.135317574070087,0.139956822293871,0.161149909536508,0.0259840660083,0.151332546574749,0.17384776037104,0.179495178601949
665,0.130947739261847,0.120978313353301,0.135644879000082,0.140265817396066,0.161473442722204,0.0255589338523944,0.151600283131119,0.174113367796027,0.179713054544423
666,0.131227461257794,0.121237035819078,0.135975485389927,0.140605703749923,0.161782239837227,0.0250881121549936,0.151933853880127,0.174374320297913,0.179961734848375
667,0.131504979001477,0.121539101146501,0.136305058180394,0.140936182528856,0.162119619199509,0.0246276095569493,0.152278000831139,0.174668673335937,0.18022748224311
668,0.131782679484185,0.121866597771866,0.136630748731447,0.141241939158017,0.162491509386836,0.0242261215642716,0.15259514467546,0.174998995135809,0.180499991995055
669,0.132048243293677,0.122127012166402,0.136956743456986,0.141575248716498,0.162814522473506,0.0239026239520432,0.152911380594168,0.175290969331009,0.180799411316039
670,0.132301411082095,0.122381827744433,0.137311002227362,0.141907027884755,0.163151882598637,0.0236149422900088,0.153205885475745,0.175570238891544,0.181057821880891
671,0.132559235379658,0.122651018393818,0.137677907649465,0.142222494179356,0.163511488572153,0.0233684288790259,0.153488127711219,0.175855755379991,0.181286592391733
672,0.132857455803058,0.122922975261358,0.137998750889657,0.142513532411194,0.163855284382975,0.0232126438976976,0.153794041218134,0.176165902251484,0.181570148880617
673,0.133143323834666,0.12321617657225,0.138335068065347,0.142850035801469,0.164198346107238,0.0230676368179266,0.154134411416969,0.176490428971207,0.181830911960312
674,0.133420238670481,0.123520966690763,0.138697414192849,0.143209042479644,0.164552454114399,0.0229504819737145,0.154486919604054,0.176817173098052,0.182081910034723
675,0.133709874176582,0.123818255612511,0.139075624695894,0.143537754442734,0.164923947813208,0.0229037572911299,0.154818422176082,0.177134563729054,0.182360105002805
676,0.134010584560551,0.124107207163017,0.139433307342708,0.143859487533322,0.165261248284014,0.0228558396832809,0.155146285107543,0.177452810320698,0.182616510856875
677,0.134307446508492,0.124399885033675,0.139786001225565,0.144175763251442,0.165607708338815,0.022851563319699,0.155462309466537,0.17778204260809,0.182883175770457
678,0.134588693973596,0.124699499936417,0.140147426273835,0.144489398881852,0.165989185737955,0.0229315247355133,0.155764195995694,0.178119379051404,0.18318013757848
679,0.134851304774694,0.124964137437826,0.140486794716371,0.144811845627906,0.166313838778763,0.0230540421402989,0.156073277473226,0.178411049468129,0.183443988664845
680,0.135158240999842,0.125265665591296,0.14088024992089,0.145167297532274,0.166688803865405,0.0232873271204861,0.156425435486892,0.178726085184302,0.183723622269074
681,0.135507850249088,0.125606177475383,0.141319732362129,0.14554114160982,0.167124955661298,0.0236698520338925,0.156809832625457,0.179086002494501,0.184020568903329
682,0.135796251682353,0.125873706638154,0.141658831836356,0.145850922049243,0.167475511775736,0.0242008637199597,0.157141856916631,0.179445189899469,0.184255222655751
683,0.136072858555862,0.126145916098717,0.141991812885346,0.14617756968522,0.16784571410075,0.0248404740482398,0.157457652804189,0.179772801431436,0.184502142013439
684,0.136356521893987,0.126436884241567,0.142352782312432,0.146523664768837,0.168259103397632,0.0256644821443062,0.157764846758644,0.180087511951841,0.184774533816259
685,0.136655939498323,0.126730845454881,0.142749871206896,0.14685231572291,0.16869946963001,0.0268135280916529,0.158061572479104,0.18043804190516,0.185054079230044
686,0.136977384216615,0.127004951345249,0.143133770613326,0.147178447992272,0.169100706272533,0.0282138573640835,0.158380444016132,0.180784601694,0.185298678383664
687,0.137314395337563,0.127301009638572,0.143517408640309,0.14751193119372,0.169504526434941,0.0298845459112289,0.158723354998024,0.18113575554261,0.185554692988844
688,0.137651112455555,0.127649645603952,0.143915141152461,0.147855379628277,0.169958167536097,0.0318626846947426,0.159076320041918,0.181500136773977,0.185865326200411
689,0.137945385740571,0.127935592391248,0.144260088531801,0.148182807739306,0.170387051578381,0.0341843064943713,0.159391582535193,0.181830113992998,0.18613654678606
690,0.138233389417706,0.128199560793554,0.144614952781949,0.148478472922533,0.170805570690937,0.0368400693543068,0.159701902090037,0.182144332036011,0.186373873789064
691,0.138541392091036,0.128481712311261,0.145013004417151,0.148757107026148,0.171231842600977,0.0398579508881876,0.160033299231983,0.182468104247589,0.186606543569859
692,0.138860888294873,0.128797044672741,0.145405865591468,0.149102147282637,0.171677933101771,0.0433752351744996,0.160387350962193,0.182833829458301,0.186905672206688
693,0.139199935070293,0.129128137387546,0.14578678264585,0.149461087492683,0.172133153637872,0.0472286571747182,0.160737129172746,0.183212881322607,0.187200520263886
694,0.139542367446936,0.129452607692149,0.146153818673208,0.149806685269716,0.172582817064994,0.0513585477578476,0.161074530050917,0.183587065054701,0.18747364829132
695,0.139847693202051,0.129739196493798,0.146510427654888,0.150127589066693,0.173005269201061,0.0557892176758465,0.16140737391289,0.183944478488331,0.187751905816552
696,0.14015028256967,0.13003492167376,0.146869511942004,0.150441820814724,0.173446342649397,0.0603933227980972,0.161730799563841,0.184264256554468,0.187976451243776
697,0.140463481906835,0.13033708502287,0.147243080855426,0.150766791924158,0.173895404466582,0.0651439196965845,0.16204796959382,0.184579937055578,0.188204781646184
698,0.140790709715504,0.130627641009766,0.147635096488597,0.151112674553103,0.174323442557265,0.0700313873706856,0.162363439406704,0.184935405764997,0.188516774366581
699,0.141106423542484,0.130914863673545,0.147985913832257,0.151420832728015,0.174732977009753,0.0749045724483716,0.162664949623473,0.185261321556479,0.188786233204767
700,0.141408869757376,0.131199592736029,0.148331445995644,0.151724857935905,0.17512941164498,0.0797170742856095,0.162981096854158,0.185587542972319,0.189042287624724
701,0.141706017658207,0.131490538672251,0.148702427387671,0.152056397443882,0.175526374803103,0.0844395674247055,0.16332864558909,0.185941473206423,0.189319409391174
702,0.142026321914551,0.131830274360049,0.149069164466583,0.152403125431564,0.175967674658739,0.0890502843872329,0.163673658659073,0.186302895218746,0.18960174476112
703,0.142340463355168,0.132162977703359,0.149440730092628,0.152738202233115,0.17638800098096,0.0934549493583072,0.164011573111105,0.186654391816877,0.189866825202585
704,0.142647887038645,0.132466976508281,0.149820888888963,0.153060635697352,0.176772963689738,0.0976181608902848,0.164344694560215,0.186990974722991,0.190117333242096
705,0.142993026281994,0.132764219990037,0.150209246151223,0.153408020484811,0.177178184205766,0.101579612971925,0.164686540038525,0.187323672032987,0.190393958696352
706,0.143312651157852,0.133064173036602,0.150575856343585,0.153736086341757,0.17757883374623,0.105331602024895,0.165010995511656,0.187652961275307,0.190652195389385
707,0.143594238683938,0.133356877284455,0.150907647707757,0.15402931051185,0.177957744231114,0.108852723110517,0.165314156594648,0.18797467818943,0.190881869589481
708,0.143852906359882,0.133625039144716,0.151206447307885,0.154290437669344,0.178302623277817,0.112123873247656,0.16560564673419,0.188283281970571,0.191092390758902
709,0.14415572187209,0.133926841172825,0.151571886752674,0.154610658128807,0.178676046521041,0.115273924845262,0.165930472923856,0.188602026087801,0.191359640248084
710,0.144475219812894,0.134234077031141,0.15195406434677,0.154955220568409,0.179062143784415,0.118264555896905,0.166267591542411,0.188919501617766,0.191633858061224
711,0.144776271238722,0.134516348715635,0.152293784405916,0.155278178544585,0.179435993350584,0.121046562477565,0.166589382942909,0.189225694304326,0.191862359128915
712,0.145088570845461,0.134816785445264,0.152638135656817,0.15561620027524,0.179811401718276,0.12367314575689,0.16690479355395,0.189545433859751,0.192101843710932
713,0.145397007191212,0.135120681483173,0.152993432156257,0.15593621887863,0.180182658964197,0.126168741650173,0.167227766265468,0.189892630710305,0.192351208424274
714,0.145697563527958,0.135420588480218,0.153358149287389,0.156230186232277,0.180546980832068,0.128551525923278,0.167561547930262,0.190255590701063,0.192608600523447
715,0.146012612703301,0.135729911692169,0.153721924208134,0.156541789224408,0.180906279663641,0.130827316184156,0.167890868962239,0.190573673694989,0.192880619805256
716,0.146308499217181,0.136015367180851,0.154067814465461,0.156843569150908,0.181268640589883,0.132991182139617,0.168201107046966,0.19087149907204,0.193126174693021
717,0.14658768899072,0.136284904834921,0.154396123640512,0.157133148865841,0.181622589139887,0.135038535989717,0.168504297603366,0.191164259744437,0.193355948817317
718,0.146876374876019,0.136574445776529,0.154720039895229,0.157423220344191,0.181943037433466,0.136963597126792,0.168831829326758,0.191464812641645,0.193615830589068
719,0.147174154844775,0.136871458016447,0.155071445559491,0.157755036997852,0.182293397900948,0.138856861646159,0.169152945124143,0.191757444002739,0.193855018390425
720,0.14747847867823,0.137165327457995,0.155425021005978,0.158079952941579,0.18266168408256,0.140696040092375,0.169473608468901,0.192054316855432,0.194079386352414
721,0.147784224214795,0.137450321586483,0.155749587310038,0.158348691323189,0.18301947961965,0.142441837129409,0.169804510202504,0.192371502318146,0.194309516678192
722,0.148087133603044,0.137756653257726,0.156092455518392,0.158679891274507,0.18338251278105,0.144176405766105,0.17013005915073,0.192703888608208,0.194561762150383
723,0.148368240827124,0.138061847302284,0.156415029488564,0.158996346182781,0.183721289463835,0.145841244424412,0.170431251681981,0.193034545794211,0.194795191256831
724,0.14863008826841,0.138351810696394,0.156712157014952,0.159260988221066,0.184031006222305,0.147407482629996,0.170711038595344,0.193348201021542,0.194998113757233
725,0.148928000189111,0.1386413390617,0.157078508967883,0.159568250131746,0.184371159023445,0.148937279967104,0.171022242962346,0.193629989068662,0.195241062999743
726,0.14923654854827,0.138928922572705,0.157445645073059,0.159890720059468,0.18472368749742,0.150435917201881,0.171353505880907,0.193913149129678,0.195471482999701
727,0.149535943896211,0.13921480181599,0.157784142093701,0.160203428535824,0.18507028482652,0.151893715216981,0.171679866430783,0.19420276989109,0.195685290149552
728,0.14980655692038,0.139499778788915,0.158092414158856,0.160476560545714,0.185387187514622,0.153280958351661,0.171958239750536,0.19447892227756,0.195920343816777
729,0.150086278737739,0.139793714413465,0.158427956133564,0.160772333508174,0.185726557751611,0.154661837854488,0.172248125348128,0.194750615011367,0.196106735567627
730,0.150376622402569,0.140089154866165,0.158768879239052,0.161081584646507,0.186071895154638,0.156049412902531,0.1725591421455,0.195026824543554,0.196291414084291
731,0.150664109616069,0.140373423162383,0.159071165836192,0.161371149807757,0.186387930319233,0.157426612028624,0.172880087037459,0.195313754884797,0.196542634354837
732,0.150919532185872,0.140647956970783,0.159354614721209,0.161624952594393,0.186692107146867,0.158697514738925,0.173173330691602,0.195588773584697,0.196757798861808
733,0.151185231731318,0.140922975249957,0.159656459498967,0.161881892509623,0.187001696363407,0.159938386707543,0.173468900205684,0.195872802078424,0.196954913616775
734,0.151483858835619,0.141204782656639,0.159987109030245,0.162165057307426,0.187320871066969,0.161207102551772,0.173784825679074,0.196173182010699,0.197159858764473
735,0.151756083660426,0.141483646269196,0.160269047764108,0.16243086916289,0.187611627170268,0.162450334321915,0.174074350255443,0.19644265184839,0.197378125837342
736,0.152044909819265,0.141779947944051,0.160595337285453,0.16272123908925,0.187931392163185,0.163667856416049,0.174408460458964,0.196714837234339,0.197600331088033
737,0.152345018883773,0.142084173723038,0.160958484124111,0.163027403352649,0.188278023957446,0.164868814170669,0.174768693065262,0.196989230159478,0.197822323863595
738,0.152595503241874,0.14235119207059,0.161235074705129,0.163282012271618,0.188582084724298,0.166076398196191,0.175031106304009,0.197225564762857,0.198048001321174
739,0.152855505492032,0.142630792134751,0.161543242194567,0.163542334240593,0.188890555345483,0.167298088245383,0.175323667932136,0.197485729337866,0.198223972185202
740,0.15313668170034,0.142930465158114,0.161878740377557,0.163821711594636,0.189213083493019,0.16851105148792,0.175650363339395,0.197777503854749,0.198386070188006
741,0.153428276279945,0.143238145287169,0.162192602327561,0.164112432300019,0.189541619934987,0.169678559429281,0.175967788518658,0.198081110610551,0.198597220400608
742,0.153674229817137,0.14351425224302,0.162470833676845,0.164356109602972,0.189822332299432,0.170783471616299,0.176244703976254,0.198324510860065,0.198785161453629
743,0.153931685666574,0.143782861342695,0.162754616744562,0.164599887670709,0.19009721646065,0.171911944782966,0.176536313626254,0.198570608344514,0.198985164159591
744,0.154236608169483,0.144070982506424,0.163074609153507,0.164882212444613,0.190404781491725,0.173113193182228,0.176875623350797,0.198863651863029,0.199215428958568
745,0.154500129609498,0.144386337653903,0.163404010561061,0.165164129366705,0.190729097743717,0.174277312188377,0.177180696762688,0.199117411823274,0.199385776323302
746,0.154759344770715,0.144683260650372,0.163711026988788,0.165430185242583,0.191029878789628,0.175376735959589,0.17748176397058,0.199378410737258,0.199555087675514
747,0.155030549034631,0.144957214524748,0.163998862839349,0.165679248352037,0.191307787409914,0.176433887096104,0.177787294954459,0.199651229121504,0.199748501814098
748,0.155305823915414,0.145257274443051,0.164319055079904,0.165928299192963,0.191618415237079,0.177537967854144,0.17807691619608,0.199883590196287,0.199952650568543
749,0.15555984005129,0.145554822661708,0.16460454129101,0.16616827670072,0.191910147124607,0.17864707293718,0.178371761777208,0.200126533472223,0.200115979058405
750,0.155805026353916,0.145845741230487,0.164874771446584,0.166413211623334,0.192187811638818,0.179754677208779,0.178673991237229,0.200387681203527,0.200261799746778
751,0.156070760993961,0.14613671548879,0.16518229884154,0.166681646320804,0.192478809248616,0.180866636199267,0.178978212147131,0.200655281175405,0.200443872884651
752,0.156357810752825,0.146447569556229,0.165500336605556,0.166916311487874,0.192784575074401,0.181965915061472,0.179277196593417,0.200895333440903,0.200628699611089
753,0.156625100765974,0.146746434472249,0.165798118145426,0.167144481477184,0.193066603431319,0.183047906747852,0.179566959484989,0.201132333883325,0.200812551129356
754,0.156853464583989,0.147014186737067,0.166062893901404,0.167396174147912,0.193310309955811,0.18412034956556,0.179852064515818,0.201381283370991,0.200991867181821
755,0.157119976909081,0.147299969384345,0.16634179181819,0.16766440018454,0.193605250583585,0.185220527992052,0.180160756988262,0.201581800250089,0.201144137567574
756,0.157401026865924,0.147612932388323,0.166639276069509,0.167921929035991,0.193907254168496,0.186347372702195,0.180489350666548,0.201805986008795,0.201309659162472
757,0.157683026172055,0.147938903330189,0.166942498142486,0.168161644944752,0.194190256703815,0.187472816917082,0.180828792822476,0.202069960032917,0.201496535092848
758,0.157968961678197,0.1482317253687,0.167215604195907,0.168405847792983,0.194451242709906,0.188525764784878,0.181165530151795,0.202314635569992,0.201670478008435
759,0.15821021546992,0.148495768693759,0.167448657151434,0.168589123348388,0.194694634869066,0.189557230777429,0.181450960447996,0.20255129006255,0.201827794391779
760,0.158428784767828,0.148758224976387,0.167672331347781,0.16875558473016,0.194929654552179,0.19059237785071,0.181704389788497,0.202776472234668,0.201961070732346
761,0.158677929120527,0.149057580119131,0.16793505228393,0.168992543710149,0.195171629980666,0.191647874540127,0.181978045705554,0.202986153824815,0.202070663626197
762,0.158956862282974,0.149386879120872,0.168216746404107,0.169257043663159,0.195468600030758,0.192722794675417,0.182287703583075,0.203214740641518,0.202241545223946
763,0.159221489095062,0.14971552107896,0.168500099751306,0.169508994029851,0.195760370868077,0.1938007924361,0.182605658185174,0.203445295545131,0.20242454126083
764,0.159444082806731,0.150020445495274,0.168770860504663,0.169724254977058,0.196000995003989,0.194868103152059,0.182908604144634,0.203659171568641,0.202571322755655
765,0.159676529312139,0.150317577621262,0.169024603003443,0.16993152890197,0.196257786941707,0.195927406481253,0.183221308213454,0.203861768094917,0.202716232484278
766,0.159912164911027,0.150613398247418,0.169274086347317,0.170126061331923,0.196487983829843,0.197004340752444,0.183511799447412,0.204060453362637,0.202859826031185
767,0.160148989479753,0.150908388594425,0.169528304196871,0.170321732720945,0.196700727473405,0.198091513238389,0.183783573675488,0.204265231127779,0.202996063419119
768,0.160390258650212,0.151194402323026,0.169792955339041,0.170560948718708,0.196977314447529,0.199134575429776,0.184087948672947,0.204491623506309,0.203107319269539
769,0.160661078120329,0.151487190191507,0.170050143724436,0.170785712292234,0.197243515914988,0.200198650905065,0.184386152360471,0.204710255952702,0.203246048417109
770,0.160937388516065,0.15179316600157,0.170290749979868,0.170989584422702,0.197489843908109,0.201276937621392,0.184683048048459,0.204923978457225,0.20339925552132
771,0.161178826113108,0.152112110036366,0.170513449102945,0.171185539604287,0.197730772144354,0.202334897784269,0.184994932889132,0.205147702442429,0.203529517892833
772,0.161420802484617,0.152417980175771,0.170754063569562,0.171354611908607,0.197959026338314,0.203368387008001,0.185271582040782,0.205376692436357,0.203658711158135
773,0.161686622419514,0.152722112927037,0.17100959703889,0.17154369584226,0.198187505960674,0.204428640102074,0.185553084047429,0.205583904585165,0.203807516445254
774,0.1619737921578,0.153036700135304,0.171271964786684,0.171779591945074,0.198429538396162,0.205534313448185,0.185873075186404,0.205761682042612,0.203976528773569
775,0.162206682644254,0.15336207047392,0.171548023628831,0.172008285542203,0.198703524966701,0.206576996044969,0.18621238660565,0.205972755327044,0.204108067547795
776,0.16241952939266,0.153656882672397,0.171761977285665,0.172179553995214,0.198906347356167,0.207600135416991,0.186501741348647,0.206179819571441,0.204209928864376
777,0.162639950491921,0.153939364537469,0.171929331814348,0.172319102372567,0.199056421121769,0.208638991468889,0.186752707812859,0.206374907748037,0.204299661757085
778,0.162891955336441,0.154300049270046,0.172172365661853,0.172544282471382,0.199314946595582,0.209724183264197,0.187071800677028,0.206582789365926,0.204406664716469
779,0.163118348947121,0.154634798068228,0.172416570847842,0.172738444558468,0.199559406144845,0.210807784874367,0.187382036943909,0.206798398515164,0.204542490482074
780,0.163345109836083,0.154947324804725,0.172659136857718,0.172919078301571,0.19979582171409,0.211878845504316,0.187682587853426,0.207002245025962,0.204686069262233
781,0.163615946362517,0.155272005395401,0.172913139493342,0.173137181312655,0.200058845646235,0.212938439580995,0.187990932560402,0.207172963083749,0.20480460621214
782,0.163843366948083,0.155553211183106,0.173127250428824,0.173305428901451,0.200243150666538,0.213960816597493,0.188252790141247,0.207332572297143,0.204903876708212
783,0.164061465482874,0.155836849923065,0.173334286122784,0.173451959863707,0.200407799601078,0.214998811736542,0.18851726332156,0.207485641223123,0.204974586218867
784,0.164299348892462,0.156158079087399,0.173561321645879,0.173612270127723,0.200607114746793,0.216082394879205,0.188819598580077,0.20764340152599,0.205031243339007
785,0.164533330794846,0.156498571205401,0.173794423990048,0.173806405176088,0.200833159625232,0.217158193738504,0.18912681278074,0.207847328423507,0.205158972294466
786,0.164756414245378,0.156806984050321,0.174017985894082,0.173995326848574,0.201046070121589,0.218208895765138,0.189438067041427,0.208027391201002,0.205283189688884
787,0.164988283722356,0.157097501182473,0.174230873548295,0.174171168500762,0.201256627018586,0.219249072498689,0.189747073420763,0.208193082050407,0.205388541195939
788,0.165274148105312,0.157444818700858,0.17444489310633,0.174353033078474,0.2015221322525,0.220322079679881,0.190042259517097,0.208425929440487,0.205510474048192
789,0.165500146317105,0.157746464340272,0.174655467240249,0.17449899625926,0.201710419107768,0.22134597027125,0.19033188943087,0.208601249899886,0.205602494316169
790,0.165703457477337,0.158043463394239,0.174867213662509,0.174652699846041,0.201864355717132,0.222379596963768,0.190628095103709,0.20875473202623,0.205699518891677
791,0.165948405451669,0.158399117297468,0.175081350017134,0.174860594390861,0.202065376896835,0.223489455079248,0.19093846904815,0.208949875897404,0.205839322942644
792,0.166153910099594,0.158736553159774,0.175260870866344,0.175018293476772,0.202274452094466,0.224509171844864,0.191236752281601,0.209102039614306,0.205915647892498
793,0.16637730841522,0.159051643933581,0.175447438727879,0.175154566425322,0.202481292770371,0.225530531648985,0.191515706715536,0.20925035335528,0.205998561631855
794,0.166640097143449,0.159353657972297,0.17565953883986,0.175297141393396,0.202673873009795,0.226600554422789,0.191781940218921,0.209414598891263,0.206118663771456
795,0.166868554984513,0.159664491666857,0.175855022116479,0.175447977443769,0.202823404387648,0.227619671745339,0.192064731908555,0.209548546632934,0.20619258664837
796,0.16706951459367,0.15998459421649,0.176043010271075,0.175608294890711,0.202998779038205,0.228688071377846,0.19236764391338,0.209704662968779,0.206263173132693
797,0.167266322230384,0.160317656371424,0.176229856885823,0.175772954731829,0.203202825908507,0.229784051269405,0.192683451917755,0.20989596906489,0.206344957300971
798,0.167495545247982,0.160665065315569,0.176421816014299,0.175930866485744,0.203394562378962,0.230810115998794,0.192993425931082,0.210106892559039,0.206435884008022
799,0.167704506615828,0.160953444842288,0.176608701454134,0.176056593526417,0.203552569676327,0.231807341338247,0.193244835453446,0.210237426694951,0.206486526675754
800,0.167905096532532,0.161225930070284,0.176784940862479,0.176162895319227,0.203704546506205,0.2328064650725,0.193471413079664,0.210332022068132,0.20653308180198
801,0.168120773040804,0.161537212308016,0.176950989500025,0.176278731268887,0.20388109199739,0.233833641044386,0.193722159297285,0.210460161129549,0.206612375609253
802,0.168362017667634,0.161868889324392,0.177124193191835,0.176461703764875,0.204070842218334,0.234900807642754,0.194014861345869,0.210642513736656,0.206671326746917
803,0.168594975775217,0.16219122554403,0.177313919676816,0.176639775305233,0.204247248544007,0.235954798932397,0.194315229823666,0.210813535275174,0.206744281046211
804,0.168807840617339,0.162504997927527,0.177518330826314,0.176782028353962,0.204411169419051,0.236983519748901,0.194611737838796,0.210949012024954,0.206841130268522
805,0.169023290044944,0.162861565069785,0.177720597638463,0.176923648352098,0.204608119504969,0.238044500335851,0.194933072707846,0.211089707190172,0.206933778157171
806,0.169242608018537,0.163203614703024,0.177923582288282,0.177061845917904,0.204794174441091,0.239085301715692,0.19523183944376,0.211222485707984,0.207001050059151
807,0.169454027838747,0.163514119850525,0.178112715746868,0.177190073247516,0.204954264490558,0.240087914875963,0.195506758932084,0.211358044991492,0.207060641830523
808,0.169643373542619,0.163798969514022,0.178271543263258,0.177302202475138,0.20509047140645,0.241059796532879,0.195777990865817,0.211510294743146,0.207142904101278
809,0.169846087460611,0.164109773096589,0.178435358457755,0.177424513821641,0.205251372838821,0.242098482003163,0.19605155320905,0.211621422253822,0.207186395543428
810,0.170058331751913,0.16444571991037,0.178619853446551,0.177579244887237,0.205431188598134,0.243164726402313,0.196345291873682,0.211741230873661,0.207229867144761
811,0.17026922703429,0.164787578248309,0.178814133933289,0.177753813438411,0.205610166293234,0.24421037698787,0.196650845296465,0.211902954649677,0.207302365593619
812,0.170460622175603,0.165086251266872,0.17893031980618,0.17783148188889,0.205748817690368,0.245217975656945,0.196874296534325,0.212052007314551,0.207365704445983
813,0.170682234790755,0.165389543313154,0.179103195797318,0.177942367805894,0.205915462271508,0.246233056947401,0.197123047906671,0.212179517846104,0.207422559552266
814,0.170912800108425,0.165705731132199,0.179325739721204,0.178100716292808,0.206097632960421,0.247260323195837,0.197420822917286,0.212291873389581,0.207469526450926
815,0.171065487531317,0.166007823986514,0.179461354030603,0.178216251046757,0.20620880876831,0.248266939252618,0.197716167573493,0.212411076401134,0.207498493867398
816,0.171284503553447,0.166331004497642,0.179627959611515,0.178320881434077,0.206356632489799,0.249278099481569,0.197994627999866,0.212524813304521,0.207549389971009
817,0.171515463495412,0.166648856107097,0.179794337058711,0.178428304169281,0.206510692925962,0.250269125754725,0.198252075265974,0.212663233777792,0.207613050653635
818,0.17167650824027,0.166931448717915,0.179910954656841,0.178544841242434,0.206622531447538,0.251219867326783,0.198496006169284,0.212842926874656,0.207666931231883
819,0.171866106472044,0.167224916351054,0.180057145746014,0.178651375302582,0.206769792290703,0.25220797894687,0.198760339708149,0.212940696111473,0.207700634206367
820,0.172060101166555,0.16754881173319,0.180226358475085,0.178759155072292,0.206921963926766,0.253211735741575,0.199045167274821,0.213052319811316,0.207746623234116
821,0.172246774293904,0.167896437905533,0.180403224104523,0.178875981500357,0.207063066119967,0.254200304260365,0.199336194536992,0.213204608347305,0.207807236118227
822,0.17245380186225,0.168220853973669,0.18057066986276,0.179002678533412,0.207216330916895,0.255127236196459,0.199595729403585,0.213269994097862,0.207819778941415
823,0.172639896223169,0.168511484963049,0.180691963153101,0.179120568244995,0.20736224417326,0.256115133522963,0.199855725682824,0.213354170338304,0.207867171725569
824,0.172813216039585,0.168792768567253,0.180798305719417,0.179229782400036,0.207493568871497,0.25713452699304,0.200117661546165,0.213472325286102,0.207939604121312
825,0.17300599653779,0.169105766523328,0.180953603597768,0.179341606111859,0.207612783177544,0.258086891003819,0.200372283461196,0.213598502649578,0.207984045782986
826,0.173228017750784,0.169416486933872,0.181136471848799,0.179480895349821,0.207779157997233,0.259058363118369,0.200659060223119,0.21373189873312,0.208010060411779
827,0.173445742504702,0.16971574570759,0.181295913277419,0.179602561782682,0.207917925443118,0.260035616703747,0.200944078596658,0.213837708115927,0.208038680042873
828,0.173632452974151,0.170005114511486,0.18140786370076,0.179678634029544,0.207987762057595,0.260995586600463,0.201193359766058,0.213904284866199,0.208079566351368
829,0.173806878591967,0.170312922132677,0.181545302302008,0.179763594600395,0.208112319373477,0.261942444264095,0.201406644364427,0.214000169766235,0.208104282789902
830,0.17394741131384,0.170586723963252,0.181661783689667,0.179856455815096,0.20823747336538,0.262859269924725,0.201615372392424,0.214102486335641,0.208096995998268
831,0.174084170270071,0.170847156563599,0.181769376698112,0.17995610879471,0.208354526868957,0.263756303415312,0.201845873585261,0.214197062196736,0.208081642452282
832,0.174295220276323,0.171182433942102,0.181933360632384,0.180060347633916,0.208494755828299,0.264671113650174,0.202120018951197,0.214276997529186,0.208119735273005
833,0.174511153075287,0.171506051373179,0.182113204198002,0.180149405750047,0.208629574027576,0.265630879561243,0.20238313920689,0.21440110035162,0.208174223034146
834,0.174707588971241,0.171817607602564,0.182275882136508,0.180251470258623,0.208769240874879,0.266590782856246,0.202660623899567,0.214539735485129,0.208231547944811
835,0.174879326457189,0.172129205738117,0.182400622646651,0.180388237598487,0.208917994199114,0.267497557275122,0.202976115749651,0.214641725516929,0.208280200069257
836,0.175053414868171,0.172388753783967,0.182517265645389,0.18047521312161,0.208991100305115,0.26835698519956,0.203229642129408,0.214674559570226,0.208288983708485
837,0.175229718665516,0.172670566425026,0.182649766458366,0.180579491682899,0.209081526003606,0.269258938200543,0.203465449996932,0.214756323158085,0.208317329084525
838,0.175407832523555,0.172994617547181,0.182800301234163,0.18071704435508,0.209228692091471,0.270233804005308,0.203706327995518,0.214907958065215,0.208381889947338
839,0.175590042660586,0.173288350735001,0.182938430780852,0.180812395896415,0.209380824240177,0.271221850430873,0.203926573248825,0.214987804167099,0.208427436665651
840,0.175759430681719,0.1735584969823,0.183071424728679,0.180892481935619,0.209497212650265,0.272137358308367,0.204183403547736,0.215058727797524,0.208464313820846
841,0.175948004903689,0.173851920352454,0.1832149557859,0.18099055928596,0.20960818822787,0.27302747508236,0.204464486801052,0.215157488218567,0.208496456146009
842,0.176193413280342,0.174218431431205,0.183384335969245,0.181135667536764,0.209766059167627,0.273985892188642,0.204730080870234,0.215302368144838,0.208523761919282
843,0.176388579519088,0.174541405179272,0.183548936074007,0.181265490174883,0.209893782478371,0.274923251585436,0.204987611396543,0.215397833696879,0.208509160792847
844,0.176548520944915,0.17482198823177,0.183677286389601,0.181364724147904,0.210020107875689,0.275808419140862,0.205233116067568,0.215486067531649,0.20850315932295
845,0.176700532018076,0.175083752181544,0.183768123870911,0.181442295818844,0.210158133900054,0.276648900425538,0.20547101991818,0.215590261129168,0.208532451056167
846,0.176861825470921,0.175365355728568,0.183887511957154,0.181549490287938,0.210248995504269,0.27752359904246,0.205729469284386,0.215636832469314,0.208539073307724
847,0.17702880964738,0.175646949761473,0.184015256393447,0.181652244639083,0.210355842224683,0.278397660436124,0.205974790697959,0.215745805640133,0.208592857157602
848,0.177203659623362,0.175929247826702,0.184142011931456,0.181738626781706,0.210473820679129,0.279248456065078,0.206196726062706,0.215894865181899,0.20865981008856
849,0.177391358643991,0.176226038232019,0.184265615873491,0.181813852865213,0.210560399216946,0.280066700826701,0.206405187720367,0.215974412223798,0.20864768822197
850,0.177592273412875,0.176560645600192,0.184439092830109,0.181957186928267,0.210697024948849,0.280990760400979,0.206694054899751,0.216050302280117,0.208690763523526
851,0.177800479976577,0.17689822500164,0.184597700775305,0.182100594269616,0.210861686282912,0.281908826059074,0.206994674379086,0.216153196141979,0.208744596951684
852,0.178008559959684,0.177209373873936,0.184704146990146,0.182196410448767,0.211023992434105,0.282733979183645,0.207243488334325,0.216289006874039,0.208760716965988
853,0.17821369908243,0.17752781910168,0.184897946008723,0.182378411645881,0.211207014153992,0.283639759082939,0.207508828826513,0.216407514266395,0.208798292110785
854,0.178377264457386,0.177802491946231,0.185051083281343,0.182486835574643,0.211327048703147,0.284500880687185,0.207759590406335,0.216493111852059,0.208815993797989
855,0.178535039496112,0.178064128789904,0.185164037844487,0.182528455846658,0.211421709914992,0.285329872815848,0.208006959073439,0.216571316327351,0.208831450502781
856,0.178793887365874,0.178421835368477,0.185361121589766,0.182671647726269,0.21164486049258,0.286271236278033,0.208302610081745,0.216707382330899,0.208918661497415
857,0.179020882519673,0.178761502631438,0.185525953543443,0.182852867897915,0.211797889668267,0.287159945020717,0.208611150570845,0.216873066705627,0.209005014665555
858,0.179192550750721,0.179061443628772,0.185636443772369,0.182999585521032,0.211889356365936,0.287969656838125,0.208881108668367,0.217010973564786,0.209027887932192
859,0.17933897841094,0.179339534729413,0.185720282083195,0.18307522644721,0.211989193915424,0.288740332762228,0.209090951956602,0.217088354554568,0.208975175763692
860,0.179595212582189,0.17967480856932,0.185915675636313,0.183238905663309,0.212182189265577,0.289636390795321,0.209374100092285,0.21722601763753,0.209045068427582
861,0.179812222131472,0.180006167689499,0.186080270255145,0.183372069408567,0.212336336526265,0.290464827561281,0.209658634370718,0.217364025515865,0.209131432189637
862,0.179953262006927,0.180309472844317,0.186176791778807,0.183437353054774,0.212428726529735,0.291213064863713,0.209906057250419,0.217467471262038,0.209175599898465
863,0.180143917209127,0.180617241119979,0.186320320409223,0.183515824986734,0.212592881454061,0.292134366132472,0.21013089165565,0.217540681003224,0.209195369572826
864,0.180338011763008,0.180905762382571,0.186478779454922,0.183642662910608,0.212731789469869,0.292895700845211,0.210373863160396,0.217649806321614,0.209215511580066
865,0.180536600586354,0.181205034238575,0.186639491467056,0.183804535175861,0.212879468152811,0.29360386920369,0.210649173969828,0.217819216330082,0.209282423237114
866,0.180749461134338,0.181552677168203,0.186796330299523,0.183965042035911,0.213088713605465,0.294466685027527,0.210953954316306,0.218031090395357,0.209416919492465
867,0.180962188232222,0.181920361707743,0.186965971296794,0.184088103027573,0.213255413111867,0.295323493648778,0.211255564595987,0.218124688901546,0.20944886377402
868,0.181164851998981,0.182266737819589,0.187138990146337,0.184231091845237,0.213418970792329,0.296180256322904,0.211555175915901,0.218224512474603,0.209478900472732
869,0.181370076731077,0.182582333574104,0.187307876315778,0.184402139286745,0.213594993088009,0.297028296555236,0.211850271226485,0.218386695841228,0.209559318902245
870,0.181633414670121,0.182911063098695,0.187469703966551,0.184511388473449,0.21373838425691,0.297810194223099,0.212124750091524,0.218515073314957,0.209626906331838
871,0.181863888072797,0.183251330079508,0.187650536166956,0.184633790812159,0.21389884037131,0.298608718808166,0.212419018198201,0.218676741954868,0.20971733819806
872,0.182079622568361,0.183581871422437,0.187847648540016,0.184802546590267,0.214091245554975,0.299425893015082,0.21272211252249,0.21885204715485,0.209811934015959
873,0.182331878977815,0.183881726425787,0.188042693214725,0.18502058345827,0.214307679144921,0.300229869068426,0.213006326456533,0.218994819329823,0.209877332964171
874,0.182551119106479,0.184219261862662,0.188202120488856,0.185187102751876,0.214480724760256,0.301002017758179,0.213295414938092,0.219137967434043,0.209940852560426
875,0.182772380941757,0.184559875356931,0.188379529009314,0.185339353442569,0.214662861678976,0.301787995929401,0.213600058928032,0.219285824029183,0.210023620043109
876,0.183008082071606,0.184884081137921,0.188587084395904,0.18550150050397,0.214876892555969,0.302597516759458,0.213916165481815,0.219434933117689,0.210123677262175
877,0.183198414159921,0.185225558075842,0.18872854384583,0.185638315363931,0.215061180551218,0.303352193063126,0.214215259593741,0.219567668890531,0.210190175184836
878,0.183426894533579,0.185567794690574,0.188914599326766,0.185788882200228,0.215239550902452,0.304123473256938,0.214489528266787,0.219735089240898,0.210288555541853
879,0.183665428970212,0.18590860314096,0.189132490759364,0.185951881794912,0.215422850753083,0.304926542241091,0.214774642015901,0.219927343828042,0.210409181331282
880,0.183848693753039,0.186249402161705,0.18931665907971,0.186110135377073,0.215618127185395,0.305746316396191,0.215115723640077,0.220108409746814,0.210509671772917
881,0.184090086167537,0.186566393343826,0.189479104647287,0.186283644766425,0.21582902730909,0.306535326897694,0.215411077117287,0.220298800563121,0.21059225943594
882,0.184348822724651,0.186904458329091,0.189666141802378,0.186470442922262,0.216037200404613,0.307291887223066,0.215706301655978,0.220495801664389,0.210696490721443
883,0.184591766157412,0.187280460105845,0.189892260192866,0.18666237424656,0.21623427263136,0.30802569621634,0.216040816943319,0.220685994312471,0.210834512876958
884,0.184843324757799,0.1876307860544,0.190087925085787,0.186843219146514,0.216438421621275,0.308749259365881,0.216406426317652,0.220829577396049,0.210948219735381
885,0.185116612340954,0.187984914129812,0.19032184973173,0.187022943782527,0.216644957121337,0.309503261564552,0.216746675640331,0.221009398807604,0.211060871550173
886,0.185391970343574,0.188361841159787,0.190581733991236,0.187206019128016,0.216880636184013,0.310302104689961,0.217065029929717,0.221228500348979,0.211169687084865
887,0.185635946011057,0.188768965220659,0.190813131079262,0.187391965771813,0.217173348851075,0.311130904993153,0.217396542072529,0.22144238730735,0.211262140163354
888,0.185880795757646,0.189125858185131,0.190981224965019,0.187547569239977,0.217391674588846,0.311846845656024,0.217730120709261,0.221585265039125,0.211348791527967
889,0.186125161752008,0.189478679413269,0.191169318872659,0.187730073326749,0.217593556368619,0.312563128288941,0.218071626148779,0.221723662817425,0.211435977708855
890,0.186358859060727,0.189851499933794,0.191405696232789,0.187950891756093,0.21782015783121,0.31334361666508,0.218406693195248,0.221908044662706,0.211528529061644
891,0.186553781017414,0.190174130818732,0.191546838277674,0.18807873789105,0.218008115638199,0.314051688351549,0.218656310065284,0.222110750925533,0.211627489168752
892,0.186779616438358,0.190478318392468,0.191717048962671,0.188255710302845,0.218207570432335,0.314759734245211,0.218966221123395,0.222323706413661,0.211750992322238
893,0.187056116309743,0.190821634230681,0.191941085974313,0.188482958740198,0.218444466985686,0.31552728756447,0.219339719984125,0.222546222126638,0.211885025201115
894,0.187369849395099,0.191260275378775,0.192190082635471,0.188692159317109,0.218728181444785,0.316385913423074,0.219706992562668,0.222782367803123,0.212003213360701
895,0.187674481076851,0.191656595651105,0.19243144994262,0.188909720069026,0.219028861551738,0.317117520328454,0.220097761930303,0.223034035761058,0.212152619545936
896,0.187954050941811,0.192034320108084,0.192680949215416,0.189116377806569,0.219306500392464,0.317813852815358,0.220462544076293,0.223279541277082,0.212304163010507
897,0.188209390452062,0.192411081325815,0.192939146584664,0.189305596560736,0.21954798359582,0.318559715092134,0.220776368755693,0.223502529048822,0.212441629971046
898,0.18846220110601,0.192726871171521,0.193149637949513,0.189509436895748,0.219795586932227,0.319337376623913,0.221081271495881,0.223695367084625,0.212602025041283
899,0.188729655745522,0.193100626829623,0.19338650644435,0.189720798518961,0.220074898696905,0.320036426522451,0.221419628701987,0.223943674372363,0.21275538695276
900,0.189002120670914,0.193516956079857,0.193627996072193,0.189934507360823,0.220344938995897,0.320672012919757,0.221778362141877,0.224230386233959,0.212909442152488
901,0.189258647237364,0.193897269953204,0.19381816114341,0.190142690467041,0.220547482199919,0.321331659950347,0.222117962847798,0.224483872957985,0.213087055740338
902,0.189523178661923,0.194271148797537,0.194061680976922,0.19031661931876,0.220828942197585,0.322087050351884,0.22247025647908,0.224671560552359,0.213270154280072
903,0.189796521436559,0.194615223834273,0.194295697877506,0.190488234641024,0.221119126110554,0.322794806951261,0.222806759491821,0.22487010025431,0.213433813660443
904,0.190078816916233,0.194948429427517,0.19450457493998,0.190696905760523,0.221383803987309,0.323429100567045,0.223133336390582,0.225112783246849,0.213563842013763
905,0.19037944087742,0.195396928221914,0.194824464605649,0.190993514990362,0.221728070863852,0.324281957055723,0.223551784977121,0.225308537051715,0.213658164339001
906,0.190650309222079,0.195831984274669,0.19509184054633,0.191256154564506,0.22202881292387,0.325055773026433,0.223915829894417,0.225551550612457,0.21381569694458
907,0.190906696550676,0.196215131051641,0.195299723785852,0.191475605729149,0.22227430547117,0.325725522608857,0.224239577509846,0.225822363814825,0.214004258759476
908,0.191191646612738,0.196559348798605,0.195516601878415,0.191693321889916,0.222510325695067,0.326391263903619,0.224602334007415,0.226061836059269,0.214144157788572
909,0.191507289385493,0.196952692042459,0.195812081289558,0.191905307389405,0.222805338109026,0.327138627639574,0.224982824779789,0.226316217277483,0.214307806495797
910,0.191833227176783,0.197354177020349,0.196111324208084,0.192128097934517,0.223129281672008,0.327820167363271,0.225362452855425,0.226615564408107,0.214499998318026
911,0.192145386546064,0.197743140450136,0.196370885760185,0.192367096018073,0.223448624962657,0.328409527565042,0.22573581943088,0.226926292297573,0.214691810200513
912,0.192415010677419,0.198161186766627,0.196627099491411,0.192603690557617,0.223741534781189,0.329138488938764,0.226123846283321,0.227097155289111,0.214800871054865
913,0.192707347362022,0.198565221251076,0.196901042276539,0.192903703602268,0.224060102005143,0.329842055059819,0.226485775782861,0.227358909696835,0.214962874609052
914,0.193012019256198,0.198966084908188,0.1971785229186,0.193202875724981,0.224395383163975,0.330493272261242,0.226840440071601,0.227696897971956,0.215198070448427
915,0.193297134604178,0.199382305443327,0.197431039075616,0.193411355441001,0.224713782579644,0.331118947065418,0.227224776863348,0.228004916967726,0.215463789627657
916,0.193589928791318,0.199748624991089,0.197641590721012,0.193616449742118,0.224988827799228,0.331762762823607,0.227638572868615,0.228245876716944,0.215640891442825
917,0.193913613623221,0.200130491892284,0.197887533128747,0.193824004108013,0.225274567775047,0.332411771032763,0.228034589102408,0.228471358899204,0.215793535348255
918,0.194248174827816,0.200554788489537,0.198177423776889,0.194040847106571,0.225595309881228,0.333059584006513,0.228406536898026,0.228729960086931,0.215978809744128
919,0.194514530129887,0.200985218670201,0.198416381828616,0.194282266971209,0.225927624657847,0.333716592400036,0.228809653252626,0.229057336995031,0.216226149140499
920,0.194821255519901,0.201354585272835,0.19870258189605,0.194580246113171,0.22624617155204,0.334342666125099,0.229185728029199,0.229370387616542,0.216440114576052
921,0.195145600461678,0.201721744747121,0.199014158461684,0.194885504645632,0.22655742717512,0.334987044072067,0.229557368136292,0.229633047937465,0.216602735631888
922,0.195442496529591,0.202155545113751,0.199300912466453,0.195141093463792,0.226878449545286,0.335686834146119,0.229955234155593,0.229849066123448,0.216733361035218
923,0.195757163513001,0.202576192567337,0.199557569001525,0.195377428749106,0.227222367904792,0.336296669755973,0.230329081081998,0.23011575159665,0.216885265219693
924,0.196073994706074,0.202983351893227,0.199806169941415,0.195621588937307,0.227545201343737,0.336901643757632,0.230719668690338,0.230398925220658,0.21707669166143
925,0.196398443244134,0.20340149658147,0.200092098963494,0.195893332847911,0.227862306126778,0.337550094902019,0.231144458314359,0.230700763668329,0.217299558620062
926,0.19675644035668,0.203873155177538,0.200475079756413,0.19620116699598,0.228246812628785,0.338240673278612,0.231591392789505,0.231061221405294,0.217520909010851
927,0.197050783091725,0.204248664050886,0.20073890079506,0.196434144263061,0.228568081613002,0.338820511474983,0.231943208946519,0.231359963705027,0.21772416868315
928,0.197347104803448,0.20459391983537,0.200976254001857,0.19665551100208,0.228899070039868,0.339379546935883,0.232301779819917,0.231628398596374,0.217932137712287
929,0.197692729717685,0.204990008347962,0.201287694386665,0.196935282551672,0.22929508000066,0.339993276372212,0.23274399371108,0.231910437667993,0.218154117885154
930,0.197943222531634,0.205396566092998,0.201555126449107,0.197232954924226,0.229597556426003,0.340493053980176,0.233086560548135,0.232165816115953,0.218313571303075
931,0.198250687740953,0.205831591261173,0.201856133214067,0.197518544284175,0.229940609093051,0.341024540602343,0.23351976615643,0.232439454525813,0.218541958893739
932,0.198616343949005,0.206250853510338,0.20214692397021,0.197761224954639,0.23030459544119,0.34158692815024,0.2339826616392,0.23270795035965,0.218796332649801
933,0.198940482836954,0.20658333618837,0.202323406456934,0.197943914246841,0.230576450127105,0.342085546142165,0.234273647812672,0.232915809886311,0.218935550928639
934,0.199237110236756,0.206964706790469,0.202596077930685,0.198192545160708,0.230846047362988,0.342576502917917,0.234684022409534,0.233198995022569,0.219163782445342
935,0.199549103186618,0.207380538895491,0.202884039324934,0.198452957069614,0.231174337389302,0.343058358557515,0.235141598910018,0.233560281280077,0.219422324374743
936,0.199886958695522,0.207792010131017,0.203126897664876,0.198677566442381,0.231559664861001,0.343537124803158,0.235551230850901,0.233954317461656,0.219646227586572
937,0.200179271400917,0.208154002646458,0.203405421084077,0.198887318764263,0.231874290229817,0.344056742356275,0.235877788381836,0.234289530996234,0.219841903939079
938,0.200479482641456,0.208566515258005,0.203694681808188,0.199162156685025,0.232224260286547,0.344572615433501,0.236264975431438,0.234529716449902,0.220033840180398
939,0.200779322799786,0.208984541347212,0.20398380841046,0.199469875839192,0.232592669704781,0.345052626145537,0.236695973459658,0.234728089364406,0.220232529191919
940,0.201055158354282,0.209327173467736,0.204262727498491,0.199733924238355,0.232923319857269,0.345491055187879,0.2370903689215,0.234973146838796,0.220437668220546
941,0.201343048174643,0.20970325129187,0.204502264856669,0.199941106471389,0.23324467977904,0.346018559508938,0.237443475478772,0.235256767234844,0.220615146727643
942,0.201662140327652,0.21009659628784,0.204747983858458,0.200191715477003,0.233563033317115,0.346481302840574,0.237803602371106,0.235588630596173,0.22085709348397
943,0.202002038818948,0.210469533865109,0.205017601015942,0.200490290461555,0.233872404091777,0.346823378756241,0.238193381647191,0.235908922318239,0.221137479619169
944,0.202316853736683,0.210769963239958,0.205284961368219,0.200707957110879,0.23415254359512,0.34714182650249,0.238595324466187,0.236071909759521,0.22126970178743
945,0.202603685606309,0.211171562370984,0.205603118931511,0.200933677733736,0.234512790097031,0.347611652409511,0.238987816228562,0.23629281583959,0.221450123862533
946,0.202850284506668,0.211544996626868,0.205859256721531,0.201140253493365,0.234854509568571,0.348017392928787,0.239340187669725,0.236555563242636,0.221625201570586
947,0.203065907517284,0.211785176485139,0.205989772358964,0.201306907173529,0.235094076770446,0.348178760950013,0.239646151058695,0.236803170558473,0.221732701223646
948,0.203324008814394,0.212181175702253,0.206259600100109,0.201540267302874,0.235408850117389,0.348429334908968,0.239972486322305,0.237070752721586,0.221918697055793
949,0.20368293860006,0.212584846016675,0.206582068105982,0.201799511295961,0.235766172630199,0.348810064745923,0.240424161234659,0.237365123931124,0.222159033729447
950,0.204055744327358,0.212940029112852,0.206858564736492,0.202048448354595,0.236095939965482,0.349208769128308,0.240873575268644,0.237624203392019,0.22237466045902
951,0.204271605017976,0.213262889613293,0.2070067982046,0.202259613195947,0.236320780249218,0.349423145504767,0.241068182759318,0.237756402983416,0.222467667516046
952,0.204488948938766,0.213551932457523,0.20721613605443,0.20245421727509,0.236592393551788,0.349611163186491,0.241382269458316,0.23792385099722,0.222598430836427
953,0.204772326937326,0.213881213058876,0.207480601463164,0.202672207880748,0.236953396848102,0.34980851908914,0.241804373631753,0.238125391948823,0.222778055848992
954,0.20510401315989,0.214270165506258,0.207746772682144,0.202907174707694,0.237367130841984,0.350032122256964,0.242253110376872,0.238339676869117,0.222967629550211
955,0.205327897460933,0.21461441031514,0.207923535090916,0.20304819323823,0.237677974981598,0.350300653749885,0.242629157620538,0.238553084551285,0.223066566506014
956,0.205615358720704,0.21491867086847,0.208162996167205,0.203279709009799,0.237977759024954,0.350538272562258,0.242988267228471,0.238841273464605,0.223296675065351
957,0.205889216051319,0.215204618269454,0.20838467487169,0.2035269802637,0.238248852800981,0.35076805946114,0.243330191721618,0.239137706685126,0.223530854133381
958,0.206050706789497,0.215505377614065,0.208494640120035,0.203674396140016,0.238468233494417,0.351031017883227,0.243649737183337,0.239351391667775,0.223592307991679
959,0.206370082171626,0.215837244429728,0.208790373748253,0.20392261312867,0.238768595948956,0.35125047291313,0.244000171883801,0.23955642665666,0.223757807173193
960,0.206753030361394,0.216269425315989,0.209117709099525,0.204203552960745,0.239118845015255,0.351469528660339,0.244406132551697,0.239821338202662,0.22398541813105
961,0.207102174451843,0.21674830579931,0.209410245020478,0.204458858928264,0.239483445906762,0.351732483239113,0.244835265061739,0.240132206281105,0.224225170727958
962,0.207346081158256,0.217108904672043,0.209708667701714,0.204660583576985,0.239833530770477,0.352074545885967,0.245206189227801,0.240398502255372,0.224436517167089
963,0.207603574237179,0.217465384885566,0.209972429604862,0.204928945194286,0.240206643715283,0.352470386051729,0.245574731371401,0.240675692313404,0.224633725187208
964,0.207877903226894,0.217782740135156,0.210200235047862,0.205164702014295,0.240504763429904,0.352823774778916,0.245884022273808,0.240906383046873,0.224799301502887
965,0.20817645154034,0.218081105943942,0.210412456967006,0.205333462117591,0.240715066993928,0.35311673698941,0.246155319499159,0.241089147100223,0.2249477407954
966,0.208589856905687,0.218601876938352,0.210654573648738,0.205677259388494,0.241096693683804,0.353557505595433,0.246666064968962,0.241410591768697,0.225177845253003
967,0.208932518823648,0.219021791428796,0.210969614777726,0.205988674563083,0.241494748095057,0.354003991030977,0.247124084073234,0.241751543154753,0.225496444317823
968,0.209211503542162,0.219374364423333,0.211291151018358,0.206223805163036,0.241851950929311,0.354412118267416,0.24750545570246,0.242096481915206,0.225814406897212
969,0.209513887730527,0.21981412047579,0.211541183495772,0.206428559428284,0.242161717666854,0.3548066826697,0.247892955224428,0.242448794938504,0.226021018209499
970,0.209842940267923,0.220225884196036,0.211888302856712,0.206729591903797,0.242477153694683,0.355383992901444,0.248269145906026,0.242659284368823,0.226164544312187
971,0.210197324932201,0.220633284616818,0.212316917399642,0.207115082798431,0.242864010610456,0.355866480291353,0.248670519841449,0.243010342914441,0.226414686337693
972,0.210560854412499,0.221041850314849,0.212724378059704,0.20750138662024,0.243298231081317,0.356215794171933,0.249099160369528,0.243468159407952,0.226732407589369
973,0.210906948748806,0.221434691067371,0.212946981143971,0.207753774225874,0.243667722008304,0.356678903829993,0.249523052620015,0.243659891325748,0.22686743670151
974,0.211272508279171,0.221910357784792,0.21318317830621,0.208020881907113,0.244067861648222,0.357189269131261,0.250037929417953,0.244027102700253,0.227142826632989
975,0.211646424629841,0.222358284243741,0.213519877174427,0.208331561176861,0.244460986699611,0.357765041507702,0.250558393491025,0.244458193320542,0.227443668151906
976,0.212008556049204,0.222712786836807,0.213920379178254,0.208654444817968,0.244815251302532,0.358374716270584,0.251006187159152,0.24480782164741,0.227651262685388
977,0.212348576401184,0.223129850299512,0.214092512345419,0.208870413992575,0.245175262808491,0.35883405125595,0.251407993638434,0.245125732125644,0.227854822644695
978,0.212569999098391,0.223491809852311,0.214312795312189,0.209038705052816,0.24552555837774,0.359211724632952,0.251802293157576,0.245471410079067,0.228104764592354
979,0.212814006169743,0.223851542441834,0.214607897017348,0.209290358294214,0.245918801749807,0.359642178169907,0.252233578202445,0.245860726139417,0.228400773722578
980,0.213248384853656,0.22429098839249,0.214900776857254,0.209699944229452,0.246393323025408,0.360228594585124,0.252701942787613,0.246259248681588,0.228690252864256
981,0.213597836194876,0.224645288459065,0.215140738067122,0.209853012322975,0.246769119421456,0.360732376213517,0.252966201605895,0.24649721090062,0.228794350817473
982,0.213909575035793,0.225080884740583,0.215448365643274,0.210071912746495,0.247113280444052,0.361136317805612,0.253317104352671,0.246788816455322,0.229005081469257
983,0.21421610935245,0.225592894749536,0.21582485498264,0.21043650686061,0.247493604464239,0.361571970434891,0.2538146170422,0.247156933821046,0.229329558054303
984,0.214522742051602,0.226006580301165,0.216151756496154,0.210757309308037,0.247946874107886,0.36226468695985,0.254275002060449,0.247436895818718,0.229496685900221
985,0.214876401685967,0.226371937271708,0.216427154150213,0.211014884800999,0.248240683416623,0.362856215541886,0.254734438054326,0.24780507031494,0.229663628067005
986,0.215181042005924,0.226723776971692,0.216661692395381,0.211254566501,0.248498819624575,0.363356021170892,0.255179416875484,0.248156360316649,0.229871294688354
987,0.215410892190245,0.227083471975021,0.216874123330536,0.21149008728488,0.248818548270812,0.363827605743974,0.255585377528189,0.248438928976025,0.230109053051361
988,0.215725190316064,0.227442778650688,0.217085513179895,0.211633535469153,0.24910952274925,0.364297381621889,0.255909660618299,0.248804759280396,0.230291618163393
989,0.21607196792663,0.227816870223757,0.217299154984397,0.211860848665606,0.249451730375819,0.364852929648663,0.256265816419638,0.249074421430614,0.230645505354934
990,0.216375185867659,0.22818651531016,0.217546180479813,0.212143353156799,0.249835958831075,0.365424408893829,0.256665941910815,0.249348125431984,0.231003593924972
991,0.216602684740429,0.228555273443795,0.217845334005907,0.21240721728152,0.250211777136969,0.365940704727204,0.257079689952246,0.249743465866821,0.231171718119617
992,0.216940715635456,0.229086765967794,0.218135833363643,0.212713165691786,0.250491341546244,0.366586084169585,0.257462690263273,0.250047964796448,0.231421389122614
993,0.217339166639784,0.229500868635381,0.218471144777938,0.213003015232652,0.250847521365849,0.367141400621813,0.257929988762005,0.250422611703705,0.231698719631236
994,0.217665094881377,0.22976520229771,0.218764535541486,0.21323654234048,0.25120387260227,0.367605601711635,0.258371431900064,0.250774996976344,0.231916625383008
995,0.21779540160916,0.230039140666549,0.218889814942665,0.213412094967959,0.25136539434931,0.368134565002893,0.258592947226499,0.250905579979641,0.232009367809718
996,0.218133837400106,0.230476632503746,0.219216057799291,0.213704947599584,0.251665073725493,0.368822456709662,0.259056275744144,0.25125259250969,0.232257396725342
997,0.218483247712797,0.230930391138895,0.219559862703788,0.214011657345379,0.252043121276848,0.369396000428962,0.259501763203841,0.251602118746374,0.23245318515162
998,0.218742135841046,0.231314300043156,0.219795611145334,0.214254931135686,0.252416239001897,0.369867202106646,0.259847581170985,0.251862582520076,0.23257239452633
999,0.21902249391083,0.231672639764505,0.219962083439551,0.214437117531245,0.25273297406468,0.370644374535079,0.260336274217496,0.252191110557887,0.232884494585082
1000,0.219297892828361,0.231993139756445,0.220172538219702,0.214529838901539,0.252978865380659,0.371048476998657,0.260662840676979,0.252431646128827,0.23307822673241
1001,0.219297892828361,0.231993139756445,0.220172538219702,0.214529838901539,0.252978865380659,0.371048476998657,0.260662840676979,0.252431646128827,0.23307822673241
1002,0.219626928783066,0.232270599223,0.220416331173432,0.214770746523488,0.253228884810045,0.371401983255439,0.261009251439526,0.252725679173499,0.233327203738925
1003,0.219903400318997,0.232557658842625,0.220648840559225,0.215014872217414,0.25348715066367,0.37188094403581,0.261363849361727,0.253001442516653,0.23356133531081
1004,0.220072275979894,0.232821299199712,0.220880679911219,0.215277229188596,0.253654689336828,0.372338271391836,0.26174744842384,0.253204957176269,0.233874957133504
1005,0.220331664137666,0.233128455758713,0.221114567728238,0.215533376578067,0.253915558994785,0.372879608056025,0.262105510005749,0.253468543335263,0.234091366794341
1006,0.220599840997795,0.233463413203214,0.221339230258387,0.215786384842839,0.254270187212241,0.373598667220902,0.262458660044948,0.253771137294813,0.234244038145081
1007,0.220859301557393,0.233761349251289,0.221527031049161,0.216007646790451,0.254528563500284,0.374162445468618,0.26281243678987,0.254021075771379,0.234405512363179
1008,0.221126464322097,0.234031168567636,0.22168806776874,0.216219930146123,0.254742130957392,0.374658166602957,0.263152893907287,0.254257473616106,0.234557807138501
1009,0.221433578091179,0.234360484769213,0.221903778813202,0.216395637187402,0.254994476412802,0.375251621243915,0.263509478860979,0.254511076413314,0.234701542487486
1010,0.221741300530901,0.234676050727995,0.222121651972513,0.216506024119935,0.255215535511279,0.375846277597312,0.263881765704441,0.254697835051514,0.234820124103267
1011,0.222074017641529,0.235062415686738,0.222294429319265,0.216668089787068,0.255447715469373,0.376399857881839,0.264267368166277,0.255003639141926,0.234946465109774
1012,0.222470375452451,0.23548541821728,0.222566764418976,0.216868491139145,0.255735064743521,0.376983550120261,0.264645254248138,0.255307294934937,0.235023932586157
1013,0.222767831322104,0.235877488939752,0.222862705731963,0.217128354904287,0.256037432135184,0.377642968063539,0.265018150756718,0.25560018789509,0.235121332107735
1014,0.222934806136036,0.236183214110676,0.222952759306541,0.217371681654308,0.256307222399755,0.378087137523982,0.265322059654512,0.255899290520996,0.235319649565235
1015,0.223110904984564,0.236386251026242,0.223062443568947,0.217563528891104,0.256525476900707,0.378462741028328,0.26563902315532,0.256103511054178,0.235460361363937
1016,0.223308664312516,0.236626315747991,0.223220329677771,0.217777036525782,0.256794111719754,0.379156501447147,0.265940786508037,0.256324306338211,0.235600074899523
1017,0.223529447541224,0.236968905744427,0.223283313391877,0.218008591486731,0.25711514433286,0.379672244766568,0.266223562084114,0.256508814923937,0.235793692988418
1018,0.223734351360001,0.237314959508377,0.223442833164374,0.218221771565231,0.257380705796485,0.380157894312208,0.266538054767174,0.256703010725521,0.235946079405566
1019,0.223987517794712,0.237752097501655,0.223715029064414,0.218498734275988,0.257627569759194,0.380656844773452,0.266873699707517,0.256858937516212,0.236048116706758
1020,0.224209651501236,0.238113004250363,0.22391671744663,0.218699531035018,0.257906430403263,0.38117740317745,0.267216574591217,0.257088000756439,0.236157849071485
1021,0.224359300426225,0.238466910424388,0.22411269016744,0.218801201116849,0.258193208689084,0.381629753230962,0.2676036127411,0.257352949386055,0.236261291993454
1022,0.224569777019865,0.238780735807653,0.224297030977952,0.218973590731387,0.258427746439519,0.382112880155507,0.267924306049107,0.257609181218699,0.236396065964682
1023,0.22483729890012,0.239068688139266,0.224471901983481,0.219185120707363,0.258668947508433,0.382690665225561,0.268238134636111,0.257893166313993,0.236555883576725
1024,0.225084610497895,0.239343390639753,0.224636636743733,0.219346647100478,0.25889473674389,0.383180806374836,0.268527229790643,0.258165256636873,0.23665120794414
1025,0.225331308730212,0.23957250355341,0.224796484202194,0.219523239903402,0.259075505370358,0.383640544990238,0.268765452450054,0.258446493663491,0.236738366124298
1026,0.225607847514153,0.2398099798212,0.224923759652582,0.219657203204297,0.259253460808697,0.383938113663979,0.268992169250397,0.258695997937605,0.236834055932704
1027,0.225772330278648,0.240113091332393,0.225050252168037,0.219744205110013,0.259362682530187,0.384274707903458,0.269233707643088,0.258940419683545,0.236851803199664
1028,0.225928641919434,0.24043166295331,0.225173151228748,0.219882202546474,0.25956474221834,0.384778274747019,0.269538043827065,0.259175880483583,0.236917841650669
1029,0.226142842513109,0.240808538146165,0.225332851093567,0.22002406231934,0.259847462377363,0.385365283745811,0.269936080870152,0.25937153238827,0.237071338811828
1030,0.226354755179015,0.241187112099209,0.225528971931875,0.220208512905044,0.260076917936966,0.386031018871422,0.270308052608829,0.25955195557139,0.23716763781728
1031,0.226605647235658,0.241502688315757,0.225700806212235,0.220365250298866,0.260315197722716,0.386599116084875,0.270619589564868,0.259733332854175,0.237314638285118
1032,0.22697059542384,0.241760898177845,0.225888921976645,0.22050772135906,0.260641427198003,0.387216002990248,0.270934561022283,0.259905350325697,0.237527405455741
1033,0.227220821958339,0.242052984532184,0.226070202334774,0.220657348349327,0.260858690674378,0.387726863102402,0.271221249543432,0.260086362166593,0.237637557942435
1034,0.227398780620874,0.242339980390995,0.226259170680844,0.220802748311106,0.260991253868118,0.388070768240256,0.271420200726726,0.260252872271792,0.237709909512059
1035,0.227631171232689,0.242601655931471,0.226388957669294,0.220960791687906,0.261172326163365,0.388562998918792,0.271679340002051,0.26044721812109,0.237832275617306
1036,0.227907988014946,0.242854829780788,0.226496104984746,0.22114281420028,0.261367484390263,0.389212147839244,0.271974060592829,0.260668780000826,0.237889363225272
1037,0.228116623574669,0.243123259968,0.226625787270024,0.221305848941129,0.261537097042736,0.389661773286664,0.272261830946641,0.260877337569251,0.238012677007653
1038,0.228292965241491,0.243377484832337,0.226702128813505,0.221460952235044,0.261687528691357,0.390051627311077,0.272569418933202,0.261089973400294,0.238237323401891
1039,0.228476261945707,0.24363859155364,0.226817034172455,0.221619391064062,0.261825991030464,0.39044513089143,0.272831399174897,0.261296228082368,0.238382864655361
1040,0.228609510132605,0.243929725539014,0.226981257565731,0.221774923198286,0.261912035694668,0.390684045419017,0.273084416061689,0.26153693858954,0.238500928227332
1041,0.22874307765101,0.244185739333713,0.227122174383221,0.221926537397696,0.262056768411202,0.391006762696489,0.273310020731751,0.261696901586665,0.238619378070117
1042,0.228968505921085,0.244442268214806,0.227255005039189,0.222075142234509,0.262283747981191,0.391406989783616,0.273526896307025,0.261790127518932,0.238704567676024
1043,0.229244008700341,0.244690761320428,0.227427653237783,0.222211559928311,0.262503647860966,0.391822580695864,0.273790897014731,0.261955632269138,0.238864852580839
1044,0.229506993626233,0.244985847979576,0.227556417460487,0.222319888025365,0.262772701685283,0.392361045232643,0.274159678354193,0.262126655101003,0.239038251829334
1045,0.229723503171567,0.245252595477225,0.227656426108532,0.222375842523573,0.263018344502258,0.392782776448273,0.274537536322569,0.26231424740397,0.239210095107205
1046,0.229917476686576,0.245491799564595,0.227766614705318,0.222455333288156,0.263176377726925,0.393215724159115,0.274871099483389,0.262501186139379,0.239404297992818
1047,0.230073333896565,0.245715839288921,0.227840907493103,0.22251074650493,0.263235745439354,0.39372107066276,0.27523154676015,0.262769542158029,0.239633415064145
1048,0.230228740997634,0.245941258014734,0.2279365444233,0.222610320484228,0.263385697193321,0.394087606033904,0.275535289878215,0.262926597122508,0.239808570893358
1049,0.230337829456925,0.246107269192507,0.228059777942622,0.222749138757675,0.263521936223182,0.39438044531033,0.275779460562274,0.262984792247605,0.239988373047801
1050,0.23051473544588,0.246352161676614,0.22816218965927,0.222845053276454,0.263668600934019,0.394644762263691,0.276043960915813,0.263114700752043,0.24014235031227
1051,0.230726537554622,0.246664927217303,0.228243572384299,0.222919052638008,0.263858545766378,0.394792977384525,0.27631102719388,0.263251452047244,0.240256913325695
1052,0.230894547405709,0.246915687767367,0.228329746521865,0.223024615038839,0.264022542396797,0.395052329916569,0.276550185837954,0.263396773280219,0.240389418090767
1053,0.231099501853281,0.247178121351801,0.228434094502674,0.223135880927365,0.264178933762766,0.395315288463601,0.276767306435907,0.263589484556133,0.240506829519394
1054,0.231273762288416,0.247432667080242,0.228511776748273,0.223225052400037,0.264312011277039,0.39556854508172,0.276997191899954,0.26374352142993,0.240641194893951
1055,0.231350095653787,0.247615021274586,0.228545688727348,0.223341898558627,0.264434957904545,0.3958473220518,0.277219837154246,0.263870201338797,0.240775477719459
1056,0.231512672618831,0.247846600907389,0.22862799025979,0.223442993921061,0.264569932285005,0.396155697466404,0.27743549742164,0.263993181457287,0.240917964229437
1057,0.231757754809018,0.248105518765745,0.228711241676865,0.223477028191079,0.264676620457802,0.396397141206698,0.277650023368451,0.26409637109285,0.241085682104855
1058,0.231927056780511,0.248392486079188,0.228813204169805,0.223562972759519,0.264784247850852,0.39679804850727,0.277851602359468,0.264220942022947,0.241252694398394
1059,0.232124811693539,0.248640176726373,0.228957207512295,0.223740876932192,0.26497164827455,0.397241332707808,0.27809255135334,0.264339897107411,0.241371971522168
1060,0.23232627035394,0.248925374145339,0.229105603687504,0.223853623519245,0.265118335588317,0.397621070107819,0.278305177423653,0.264387762778877,0.241487546545292
1061,0.232482414290133,0.249147159340838,0.22920773806016,0.223968977827348,0.265251124087148,0.397978348524818,0.278554174700853,0.264462599969524,0.241599808839507
1062,0.232597107831721,0.249327222497653,0.229294634639733,0.224110407806323,0.265382399576998,0.398351249728708,0.278868281979344,0.264513830753655,0.241689465455254
1063,0.232731264317264,0.249509497618195,0.229361949703005,0.224204308107886,0.265489241821153,0.398609177805632,0.279095681309064,0.264608070909255,0.241787827551096
1064,0.232841102079024,0.249667272885528,0.229381671552248,0.224257237512352,0.265561596804059,0.398802583711754,0.27931195975169,0.264730644670951,0.241895712972749
1065,0.232981516145903,0.24982533789559,0.229441678371297,0.224322193600407,0.265659356510047,0.398980858032117,0.279485622540364,0.264826825450545,0.24198407679758
1066,0.233134576265196,0.249962562673955,0.229500217964169,0.224348992867516,0.265747774748091,0.398979715704372,0.279546598301423,0.26491300064407,0.24206068717106
1067,0.233272615199487,0.250131353204394,0.2295662406637,0.224437736544391,0.265859689933653,0.399202227242474,0.279727334837591,0.265018319154345,0.2421230371038
1068,0.233423310612578,0.25029326188022,0.229634519369499,0.224571778407926,0.265971670926888,0.399552995998666,0.279954889622504,0.265117066971389,0.242189441799081
1069,0.23356873250401,0.250484779847941,0.229734968860885,0.224661543578043,0.266105723079984,0.399844391223182,0.28015597780974,0.26522991594286,0.24222954043757
1070,0.233680966446072,0.250742559999142,0.229885287270958,0.224725879792642,0.266292680339364,0.400253169145504,0.280426729943116,0.265387022772736,0.24221938995318
1071,0.233837186034395,0.250939283388204,0.229987300332164,0.224849867137788,0.266427326972559,0.400547361241263,0.280647597994638,0.265508315127472,0.242247140388825
1072,0.234064972486119,0.251115364531442,0.230105566197929,0.224989018707792,0.26654046238861,0.40070540648671,0.280816014640164,0.265624302516213,0.242304122961013
1073,0.234209571783538,0.251288422994064,0.230177563983239,0.225108388397949,0.266669084057489,0.400935817410269,0.280986531849503,0.265715783218358,0.242318715089413
1074,0.234321272625281,0.251436564502787,0.230195226570336,0.225261018486275,0.266786992932063,0.401145642586324,0.281167967044997,0.265766076461347,0.242338421845945
1075,0.234430724707322,0.251547284852913,0.230192693438064,0.225458394300275,0.266880861226374,0.401449010255653,0.281313038178764,0.265832911614224,0.242351037281359
1076,0.234542170491169,0.251745020226081,0.230207934919828,0.225534726298214,0.26701636875731,0.401779505516916,0.28143748771039,0.265938600278561,0.242247244338018
1077,0.234635028586161,0.251967896580014,0.230284941325767,0.22558538900976,0.267155037218351,0.401941615859689,0.28156134915081,0.266035424289137,0.24216691902984
1078,0.234766020244752,0.252159192880349,0.230337498251725,0.225684031369701,0.267277619096861,0.402189868748655,0.281713903911281,0.266117217995058,0.242116290289395
1079,0.234967818607309,0.252391348166542,0.230392297013904,0.225796033070093,0.26738132036527,0.402455139343519,0.28186906802923,0.266222806772439,0.242066179072429
1080,0.23511086677974,0.252549396445894,0.230480487968911,0.225887543639265,0.267506518358848,0.40267530732147,0.282045543255168,0.266299429114808,0.242008033051379
1081,0.235225858560938,0.252628598767176,0.230594370348114,0.225999234789182,0.267639650907611,0.402920320449088,0.282286881481224,0.266323811357455,0.241980800763775
1082,0.235347974052902,0.252771932040051,0.230679516165654,0.226090327126683,0.267768434146946,0.403099576754708,0.282438840635973,0.26639717609695,0.241934645838904
1083,0.235453845334963,0.25289690883441,0.230798780474422,0.22613436333275,0.267905289308644,0.403162843538325,0.282551410394991,0.266500534756283,0.241876375275995
1084,0.235579821047654,0.253069749481489,0.2308765721369,0.226230221701864,0.268035758081193,0.403311308475673,0.282679788377311,0.266589522273321,0.241796641001727
1085,0.235707471039325,0.253289465327897,0.230871414806029,0.22635537026401,0.268152275601197,0.403468087084097,0.282738094929882,0.266660629288131,0.241725045440211
1086,0.235846440837202,0.253502747978231,0.230938215513752,0.226463515812432,0.268275958040059,0.403630075277567,0.282863892980584,0.266765899211714,0.241628890802546
1087,0.236019512094917,0.253769895164606,0.231052969484744,0.226613748016308,0.268407868864828,0.403823686235411,0.283069486198231,0.266914278834749,0.241475187883246
1088,0.236157728875489,0.253971803363222,0.231139593384253,0.226710584259159,0.26853852829156,0.404036654552315,0.283218174149853,0.267017888592813,0.241362965456981
1089,0.236280779001331,0.254143872200184,0.231233122177351,0.226759318563426,0.268659777445271,0.404313201084864,0.283337146062405,0.267129684490237,0.241291764153084
1090,0.236403362493443,0.254313528644788,0.231336007321686,0.226827350437456,0.268795323715534,0.404490463222625,0.283484287273264,0.267226293741967,0.241175947014885
1091,0.236506472731416,0.254456698069852,0.231450666573203,0.226880348899781,0.268962192784107,0.404595734531975,0.283657480812802,0.267283304816265,0.24108000433244
1092,0.236613260783607,0.254570811157042,0.231520575553458,0.226900465436649,0.269074510573671,0.404762839620825,0.283773692502233,0.26732909581057,0.240896729087501
1093,0.23672409014405,0.254708125215321,0.231601472242848,0.227013199875356,0.269225164694775,0.404908475780206,0.283877856803057,0.26740206694333,0.240769932252252
1094,0.23683458353812,0.254860967451854,0.231705235859325,0.227195350143293,0.269411734549992,0.404990393565172,0.283988383797401,0.267486058613301,0.24062110171502
1095,0.236960523471241,0.25500426145895,0.231774549701545,0.227309544003288,0.26953864240845,0.405102760445815,0.2840995243379,0.26757395603179,0.240511673682954
1096,0.237092988208062,0.255135175732563,0.231815240294439,0.227447610992612,0.26965082665933,0.405239775303067,0.284154116834824,0.267661102830255,0.240448921622293
1097,0.237228795999214,0.255283880159819,0.231859388622964,0.227562476606855,0.269753277190126,0.40538864513369,0.284263581743422,0.267771924052711,0.240351859084912
1098,0.237385521488093,0.25544833115383,0.231881078926094,0.227634871829539,0.269814052265211,0.40551952959874,0.284427685866942,0.267935495060357,0.240261386654161
1099,0.237518714697907,0.255589743835895,0.231936073796941,0.227708257888781,0.269892715799994,0.405675450860985,0.284555726644628,0.268017869465665,0.240132503943419
1100,0.237646550237369,0.255718184822847,0.231986167923367,0.227762669957164,0.269948093802319,0.405918142130019,0.28467039052926,0.268058350904563,0.239959534428698
1101,0.237766029839896,0.255864771165073,0.232056001242859,0.227868655719492,0.270060955896282,0.406073740561754,0.284790974507686,0.268136121436036,0.239831417841669
1102,0.237868941820656,0.256014841823033,0.23218084470837,0.227981377872564,0.270214720693617,0.40619513886574,0.284898701954382,0.26818918491002,0.239716990903853
1103,0.237983112071827,0.256160095733594,0.232260025760298,0.228092961123789,0.270341538926505,0.406278832937126,0.285029395544094,0.268247488360596,0.239579072583994
1104,0.238077394397148,0.256314497682599,0.232310960235242,0.228267523092448,0.270510761553348,0.406262395934631,0.28518488928173,0.268335257022776,0.239446572540857
1105,0.238202664234144,0.256469043053443,0.232382195852673,0.22840190705234,0.270644120720253,0.406341774860817,0.285321260009667,0.268418132817564,0.239320391148252
1106,0.238376054679993,0.256633538477662,0.232462111598084,0.228528905403128,0.270732048595875,0.406495621175409,0.285484230668675,0.268487420927109,0.239170304866692
1107,0.238509191480864,0.256767616405114,0.232516390751635,0.228609429144318,0.270826862679001,0.406563001642799,0.285609619522885,0.268547678089776,0.239027075650273
1108,0.238649530747416,0.256892335846642,0.232572714504706,0.228638281012865,0.270922124590219,0.406651521375218,0.285703450965416,0.268621133966436,0.23890272281162
1109,0.238775492728162,0.25701684424759,0.232619857796285,0.228688548286885,0.271002298832578,0.40671057112817,0.285768485602979,0.268689023070101,0.23877721865545
1110,0.238859987607805,0.257119696627775,0.232658045515859,0.228750526123952,0.271109892903135,0.406724432163458,0.285883632801898,0.268748395167296,0.238664218136429
1111,0.238872868439998,0.257165448985696,0.232646124474934,0.228761889695413,0.271225370873381,0.406613026178106,0.286001190030007,0.268765053471515,0.238552083718131
1112,0.238965745861657,0.257283798540329,0.232705761623361,0.228855466860803,0.271336533383713,0.406619168301698,0.286123840435263,0.268848554804005,0.238432405905338
1113,0.239072553646643,0.2574290751969,0.232814527137947,0.229046428625519,0.271477903611017,0.406663627854821,0.286293799352434,0.268976024233341,0.238326635835315
1114,0.239173542895584,0.257568468870234,0.232875978250629,0.229138974673527,0.271576231415851,0.406704395435737,0.286413396668598,0.269067108502921,0.238215066062511
1115,0.239311048693451,0.257768842970986,0.232956852142351,0.229210881095585,0.271642185424236,0.406779139095462,0.28648670496397,0.269199035103816,0.238083725410019
1116,0.239426906707065,0.257887452137071,0.233004096748288,0.229285903223574,0.271725634552605,0.406826214357298,0.286603861071799,0.269258440403721,0.237964566490431
1117,0.239516752672194,0.25794491631674,0.232991683754567,0.229319492527007,0.271775421249838,0.406894861913096,0.286737835942677,0.269251392199269,0.237868635486014
1118,0.239620400286626,0.258044628683724,0.233024011627706,0.229369609170778,0.271875965220309,0.406910848047741,0.286850691799224,0.269278183950011,0.237747919415101
1119,0.239754278694048,0.258112480646709,0.233091879748427,0.229422942182601,0.272020864923659,0.406911565596295,0.286997893111985,0.269274969405057,0.237601001024767
1120,0.23985184397806,0.258213439302609,0.233119515998835,0.229494236953477,0.272140178580657,0.406875153607131,0.287094226723862,0.269301894180386,0.237479581396919
1121,0.239922222748603,0.258375875529816,0.233128968856087,0.229578312671712,0.272299783321061,0.406785774782516,0.287122227051364,0.269369365743327,0.237370844581601
1122,0.240003377353821,0.25849790771139,0.233154953413546,0.229647897921353,0.272410659994605,0.406698153462801,0.287194680325036,0.269408929876495,0.237248641666451
1123,0.240079020079793,0.258632599759315,0.233156577751812,0.229755580164035,0.272485149426095,0.406602819051008,0.28728497428634,0.269467895457614,0.237134231487054
1124,0.240145221885055,0.258723329841324,0.233174475595855,0.229818649823632,0.272553406911229,0.406479703074352,0.287350431879121,0.26948619231867,0.237012563975956
1125,0.240208042876481,0.258786363941263,0.233204474649457,0.229855768738501,0.272606167807041,0.406337497439695,0.287412822693398,0.269480399441172,0.236883950593514
1126,0.240284423496257,0.258818462686632,0.233277710977688,0.229852923155047,0.272633754637526,0.406229812526438,0.287502230657771,0.269453732703963,0.23673567006138
1127,0.240321745905309,0.258848159944591,0.233280338685417,0.229866340509755,0.272667891167593,0.40594358747896,0.287535527023168,0.269404159894107,0.236604726402973
1128,0.240325178549588,0.258838626063191,0.233255115955428,0.229870044075791,0.272689646790587,0.405571867756549,0.287512168898162,0.269318980360145,0.236487755999305
1129,0.240357406162609,0.258855663699283,0.233241988320067,0.229860004611919,0.272722148994064,0.405178744794665,0.287540822854292,0.269240598345558,0.236349469770991
1130,0.240386254530983,0.258884785708013,0.233201131874286,0.229832944031024,0.272756739217109,0.404682737175685,0.287575439952762,0.269144297278248,0.236216754504556
1131,0.24041200394193,0.258894660709263,0.233175054558051,0.229828810872901,0.27278597565606,0.404172417840666,0.287603982205286,0.269053415743169,0.23605216390301
1132,0.240457275078421,0.258926562686208,0.233191783607204,0.229839750742936,0.272846666261983,0.403679880090111,0.287688118843807,0.268983647985932,0.235863215980994
1133,0.240475520292697,0.258893631950984,0.233135699950025,0.229807336223413,0.272838901502752,0.403078167506242,0.287675016254749,0.268856477700282,0.235674596446732
1134,0.240479124875499,0.258834367078526,0.23303164771817,0.229776207824221,0.272792637089268,0.402408932900166,0.287586346883887,0.268702588314091,0.2354643237339
1135,0.240471029506606,0.258744981356616,0.232944503708022,0.229728345136164,0.272748356619437,0.401658545112292,0.287541181171098,0.268540964861141,0.235260622206269
1136,0.240468235263091,0.25858222976806,0.232824459752105,0.229640412779051,0.272646847855882,0.400790022349129,0.287470032878666,0.268334476430155,0.235042028210483
1137,0.24042758397727,0.258457625314171,0.232716346812379,0.229550978528919,0.272584484179704,0.399952283755877,0.287400888235715,0.268140176877004,0.234848484236198
1138,0.240354116114061,0.258332799634503,0.23262019771799,0.229452526254842,0.272557262897243,0.39909972297605,0.2873716397834,0.267965875141141,0.234675392348198
1139,0.24027794225642,0.258203039674568,0.232521333274139,0.229365194531205,0.272500443093488,0.398164803676055,0.287305047853849,0.26775690746087,0.234485834931892
1140,0.240160675331625,0.258095851558511,0.232423616481332,0.229266480085309,0.272432577521364,0.397209594869841,0.287174371648562,0.267535212405896,0.234329283003974
1141,0.240065486064897,0.257961771738295,0.232312163087736,0.229166586917724,0.272369853091193,0.396213092371728,0.287085547846022,0.267289001698886,0.234129300624308
1142,0.239975521475294,0.257812818168653,0.232195584078445,0.229070213757171,0.272302737905901,0.395161941220732,0.28700830085723,0.267021260220449,0.233905087382016
1143,0.239886628031112,0.25763584121985,0.232082271605114,0.228996711027689,0.272224781702787,0.393985318413099,0.286945415442744,0.266712156200361,0.233640685106903
1144,0.239810319573358,0.257491067638944,0.231958082806924,0.228892978197205,0.272138375206006,0.392914166444279,0.286861656870646,0.266452045205055,0.233412216346658
1145,0.239745470430421,0.257344011694085,0.231809574185274,0.228769780774198,0.272042376710303,0.391847353493224,0.286786907928356,0.266178261520337,0.233160461554783
1146,0.239680252474841,0.25720153959408,0.231688516743794,0.228651301530473,0.271974757822614,0.390817589350801,0.2867083333795,0.2659460570225,0.232954536006543
1147,0.239618386349947,0.257073244447706,0.231580603331817,0.228513384292506,0.271903769558937,0.389806766743626,0.286608522803076,0.265756888461308,0.232770046112508
1148,0.239564244164631,0.256943959599763,0.231463327331158,0.228413927921531,0.271838369049747,0.388824719282556,0.286526502187502,0.265548525142208,0.232608575916081
1149,0.23952204413756,0.256798232116003,0.231345919296436,0.228321320866171,0.271808636524,0.387871486743793,0.286460496267834,0.265338953908879,0.232486106030951
1150,0.239469920051448,0.256685802089524,0.231236955688939,0.228242237449831,0.271749386764515,0.386934704624856,0.28639218578309,0.265149814959712,0.232336184549167
1151,0.239403896779345,0.256576947029964,0.231120060349827,0.228197601507996,0.271647571229436,0.385977738800592,0.286294951533222,0.264949787181287,0.232191057847544
1152,0.239370016591646,0.256508540809971,0.231022248525247,0.228138088506373,0.271594787014415,0.385128398065665,0.286255184136475,0.26479839646351,0.232055886907647
1153,0.239346549388651,0.256484935997099,0.230929996554359,0.22807596716636,0.271557324182788,0.384319040583897,0.286251226158422,0.264683759642443,0.231887725475786
1154,0.239325158053391,0.256443743860404,0.230860729336459,0.228017578097127,0.271532263658296,0.38357766271448,0.286247097767919,0.264573508544839,0.231772207425358
1155,0.239312559841089,0.256407771084493,0.230810445147681,0.227929578919695,0.271523057307547,0.382930153908966,0.286277054004062,0.264492088488272,0.23168986068634
1156,0.23932537521657,0.256399640138419,0.230764345157902,0.227900867724511,0.271535299192337,0.382306658920721,0.286302328797355,0.264416316970113,0.231625098636212
1157,0.239354873300076,0.256399099167665,0.230737893697458,0.227918323999997,0.271563673996394,0.381717726817023,0.286324481651236,0.264327076464639,0.231603582312906
1158,0.239379461195198,0.256403483435972,0.230714192548161,0.227917893178854,0.271601484061601,0.381179686096695,0.286354418992197,0.264283229235614,0.231570179825808
1159,0.239419190302336,0.256432037544141,0.230678917675887,0.227938716228598,0.27166951349961,0.38066973821687,0.286396422294748,0.264290834192518,0.231553979912921
1160,0.239472183207962,0.256472238404346,0.230672834414517,0.227971987122283,0.271734507029187,0.380233808354905,0.286440654534845,0.264281898425378,0.23153071763867
1161,0.239529989258014,0.256519232259973,0.230684281499266,0.228007983686485,0.271803012870063,0.379855673879257,0.286488321492275,0.264281075589119,0.231504226859952
1162,0.239569686256028,0.256565193176035,0.23073174307694,0.228027923223625,0.271875909823326,0.379541195533038,0.286529586402096,0.264295282655658,0.231464595289076
1163,0.239653513959911,0.256614085645092,0.230727079350495,0.228066056479161,0.271946580992163,0.379243657139447,0.286602929024772,0.264330441733523,0.231445868471618
1164,0.239787951242344,0.256679368273012,0.23070834087861,0.228138299595597,0.272018767668654,0.379007911780914,0.286698566437003,0.264366702656804,0.231435887835244
1165,0.23987211783624,0.256745559685313,0.230719750816178,0.228181259212494,0.272096901262535,0.378780662994149,0.286780136349663,0.264413514400938,0.231422464824999
1166,0.23995266265982,0.256810071929033,0.230712672292888,0.22819505917723,0.272181735516974,0.378578322937019,0.286877479867669,0.264502154711724,0.231414312256562
1167,0.240029253071803,0.25686813070666,0.230723685610803,0.228247056156814,0.272254579903275,0.37838514645005,0.28696485901961,0.26456072286037,0.231411305592601
1168,0.24007251799472,0.256913820610189,0.230769932077141,0.228312424643991,0.272312539095748,0.378211232388486,0.287017293362961,0.264590380638293,0.231405673552147
1169,0.240149048005031,0.257003096418855,0.230809963274961,0.228377066740749,0.272401353068799,0.378068563425891,0.287125552860668,0.264653101094466,0.231409356793468
1170,0.240241024740752,0.257110964410559,0.230852520268585,0.228476265678995,0.272494494338669,0.377954709628528,0.287293270836451,0.26473585430313,0.231426768936264
1171,0.240336498254964,0.257207700886554,0.230875434814159,0.228537145952945,0.272595462826993,0.377838046664599,0.287401689417665,0.264805586478783,0.231439194692005
1172,0.240439380517618,0.257338277254646,0.230902936309668,0.228557523019088,0.27275050781404,0.377746592653924,0.287499606901954,0.264874123113224,0.231443122122012
1173,0.240549672075659,0.257453866075419,0.230928679939902,0.228619369354725,0.272849532846599,0.377658661557943,0.287608063595943,0.264955631922199,0.231463538677922
1174,0.240679690467148,0.257549953907627,0.230915433912888,0.228688478283433,0.272897248708851,0.377584154909114,0.287684643347184,0.265038825331387,0.231504587538175
1175,0.240795062628748,0.257643456669562,0.230932796779582,0.228755466382989,0.272982807099413,0.377488418210996,0.287772265797944,0.265122644203789,0.23152779131487
1176,0.240912293097795,0.257730890688866,0.230975213093743,0.22885848882116,0.273052843674808,0.3774007601966,0.287881955387318,0.265230066950136,0.231568773653722
1177,0.241023904522935,0.257839639385777,0.231019153496528,0.22893898899954,0.273144321481216,0.377309045281606,0.287994350254228,0.265322250109501,0.231583171472712
1178,0.241115292161674,0.257963256656381,0.231065125050868,0.228984856597468,0.273282236573174,0.377229173872285,0.288105108111764,0.265415193234463,0.231578575926368
1179,0.241226356046542,0.258063466253141,0.231128088233487,0.229052995779806,0.27340871042531,0.377078682409713,0.288203731204412,0.265475587259839,0.231546942526133
1180,0.241325985175889,0.258159492657577,0.231183968687456,0.229130215178303,0.273506217918633,0.376958360962101,0.288312205661095,0.265554252383202,0.23154096454723
1181,0.241427973701497,0.258271606730472,0.231251384797132,0.229216645347782,0.273586906587351,0.376848554469865,0.288441758649125,0.265634856769773,0.23152171239248
1182,0.241519641314186,0.258361273491674,0.23129656742177,0.229291179714618,0.273677392934846,0.376717577463246,0.288543666143838,0.265707672324082,0.231532603186789
1183,0.241600540665494,0.258410625852889,0.231329603890434,0.229378103767702,0.273750977840008,0.376565319286265,0.288631680705511,0.265776472264089,0.231580358943419
1184,0.241693181832379,0.258502305999058,0.231371034780491,0.229447868634318,0.273834327428911,0.376428155497962,0.288720514442811,0.265850711420688,0.231584692398933
1185,0.241778640865352,0.258621484896742,0.231416018923805,0.229495398989632,0.273925921439103,0.376269364651661,0.288791581109313,0.265914459876981,0.231584942063424
1186,0.241879241214427,0.258716355697305,0.231441451695286,0.229562768825397,0.274017780034086,0.376161316064716,0.288887692456597,0.265998435075444,0.231575292650798
1187,0.242001383822061,0.258809963259977,0.231454617438528,0.229636319342102,0.27409986146305,0.376088918507623,0.288992256315002,0.266100969374143,0.23151789730511
1188,0.242101052955174,0.25890154903228,0.231479798501366,0.229705348488763,0.274197415414151,0.375995235306971,0.289092969953521,0.266187354755409,0.23151646479375
1189,0.242200026668822,0.258970008336802,0.231483182020634,0.229778130169699,0.274313022907962,0.375907070508798,0.289212688300442,0.2662750574708,0.231553031605626
1190,0.242295106365027,0.259066822462056,0.231511135237714,0.229849996947679,0.274416441458387,0.375842086223972,0.289320251618562,0.266362948712761,0.231564124471166
1191,0.242361780101944,0.259184949664339,0.231573865650414,0.22991832069547,0.274514598622631,0.375759268992787,0.289412362442939,0.266429664488901,0.231591035325064
1192,0.242457479827583,0.259294107313121,0.231615221945178,0.229990417390205,0.274623058886462,0.375714974798179,0.289510476521613,0.266527467935633,0.231605958335643
1193,0.242568432432595,0.259414786825823,0.231635723930701,0.230062119773609,0.274740221287682,0.375723415420453,0.289606374425982,0.266664632636231,0.231601700074973
1194,0.242679362534969,0.259530639791416,0.231684676945636,0.23014144877922,0.27484734508174,0.375722057487294,0.28970951752473,0.266766442013563,0.231597130077678
1195,0.242806645319034,0.259625256057349,0.231742877433994,0.230225945126184,0.274951564885055,0.375701369385297,0.289808751927778,0.266848640442753,0.231576143232817
1196,0.242932120466883,0.259742501856134,0.231802057777829,0.230308631158604,0.275062018272474,0.375731622566303,0.289925917293642,0.266954247684704,0.231583852736891
1197,0.243068148563739,0.259879675343716,0.231884023999758,0.230404269815409,0.275153096910338,0.375778099900509,0.290077490711749,0.26706402794228,0.231611375383728
1198,0.243179597850971,0.260011616239964,0.231962155385955,0.230485690826519,0.275272685578319,0.375863612658643,0.290195634929831,0.267147234290134,0.23162112699439
1199,0.243304118084338,0.260134533720453,0.232033972644706,0.230566486165539,0.275392459727915,0.375973818513578,0.290317106724073,0.267269947714608,0.231639991410216
1200,0.24344388649239,0.260268926641076,0.232107712413121,0.230646029391698,0.275533074952427,0.376142959189607,0.290443099158714,0.267438800847317,0.231688728572469
1201,0.243546823155335,0.260388771795715,0.232161374775404,0.230720718474686,0.275649615074932,0.376259204858441,0.29056409397263,0.267565751089967,0.231698600995364
1202,0.243618015056793,0.260476227817399,0.232197523227624,0.23077581118828,0.275755405963653,0.376351373644179,0.290661243540206,0.267676523335121,0.231677741275982
1203,0.243735756825098,0.260603683105985,0.232258406883171,0.230868582276104,0.275875825487493,0.376514172452345,0.290798025517121,0.267805434492751,0.231686669648792
1204,0.243850044167367,0.260758404059657,0.23230337075455,0.230972463474037,0.27598762188448,0.376697590218366,0.29096952649605,0.267934991912436,0.231698826885501
1205,0.243978647002961,0.260889007869928,0.232370129847432,0.231075799742395,0.276114527613053,0.376880525318923,0.291098756652194,0.26805639125488,0.231710698080572
1206,0.244159325488894,0.261028959708119,0.232480963517408,0.231216782243741,0.276261645686133,0.377122531508584,0.291221731757987,0.268183982492191,0.23173173495655
1207,0.24429147104784,0.261152776270691,0.232551562064723,0.231320318172634,0.276400917353687,0.377324176745048,0.291348980770568,0.268309765850702,0.231748784927098
1208,0.244394798029761,0.261238006181467,0.232606373239716,0.23140456924986,0.276554554576289,0.377465831436116,0.291454374977428,0.268414442046321,0.231752948725428
1209,0.24450868193225,0.261365004670843,0.232667181345629,0.231489465305445,0.276680810145105,0.377675987426448,0.291570861933444,0.26854257260746,0.231778500747738
1210,0.244602411569603,0.261507556901264,0.2327024497016,0.231551261966319,0.276792312543255,0.377938744516935,0.291704748923794,0.268691979376697,0.231831973690882
1211,0.244722327641554,0.261657560584457,0.232764904610874,0.231636155481638,0.276905817277461,0.37817734578397,0.291830950305678,0.268834709321181,0.231857603185201
1212,0.24486292246579,0.261848616957631,0.232859033430749,0.231724061333542,0.276979037546034,0.378411070062468,0.291939532580038,0.268983664361867,0.231879923222626
1213,0.244990344881431,0.262004404192345,0.232924435751494,0.231817749833947,0.277097953731462,0.378675569325168,0.292063059637535,0.269131210040533,0.231900260515688
1214,0.245125730581894,0.262143426941292,0.232979640009797,0.231946443940259,0.277260123992032,0.378931754223839,0.292202645443597,0.269274808848509,0.231900438405424
1215,0.245258915429876,0.262282271368943,0.233044825020424,0.232039246461213,0.277397532421982,0.379219427797535,0.292335356111949,0.269420384279677,0.231904861889245
1216,0.245386049369843,0.262403503366639,0.233098040231966,0.232093974397829,0.277533026828078,0.379553758250613,0.292474797424534,0.269569584682737,0.231900990950107
1217,0.24550994008666,0.262534425907054,0.23315878323364,0.232185958761163,0.277690576653658,0.379904034799264,0.292605121278613,0.26971892382237,0.231921867895088
1218,0.245630643456172,0.26263206847676,0.233208174688607,0.232265510856346,0.27782611894601,0.3802170931383,0.292715253364246,0.269870107089221,0.231945384499536
1219,0.245745151093686,0.262773666016112,0.233279352578253,0.232352416291325,0.277931941599995,0.38053635552434,0.292840589757498,0.270016328239042,0.231967921659357
1220,0.245878954684531,0.262924346797564,0.233341178342185,0.232452384359907,0.278053002793968,0.380854176203207,0.292967446515968,0.270148965701424,0.231990480770202
1221,0.246009764297098,0.263084968395506,0.233381720829503,0.232587007691734,0.278179837064791,0.381147942260226,0.29309071944181,0.27027187756388,0.232031612818117
1222,0.246157315651985,0.263237699237716,0.233447594515727,0.232684854699514,0.278300238892975,0.381486957113695,0.293211742326068,0.270398664374358,0.232045819191226
1223,0.246341117997238,0.263419531480052,0.233534598030763,0.232764202903521,0.278405747974944,0.381835321554547,0.293345159118247,0.270507520286262,0.232037279307159
1224,0.246482087062392,0.263566563686255,0.233609376236268,0.232857343826197,0.278531693552107,0.382213992420921,0.29346950915216,0.270639395928113,0.232051697905881
1225,0.246606543032481,0.26368965895537,0.233695827188538,0.232951320409276,0.278670894784326,0.382677230774795,0.293583568526117,0.270778690549303,0.232069505062185
1226,0.246734284774694,0.263820803555261,0.233761181561052,0.233037422210479,0.278800854189438,0.383016236998587,0.293701861465677,0.270933259748484,0.232080792588608
1227,0.246839847254875,0.263945733569086,0.233807895473776,0.233128993102536,0.278952816296723,0.38331535991563,0.293819187675156,0.271118543156272,0.232105232618133
1228,0.246965914924609,0.264074709515676,0.233869362309858,0.233213102387077,0.279069559262502,0.383624810157481,0.293934716913993,0.271270556543657,0.232112281180192
1229,0.247099446921331,0.26420245906893,0.233929889216661,0.233275148074373,0.279138182982563,0.383844105481953,0.29403998965667,0.271417489039848,0.232088344926633
1230,0.247240483870242,0.264326664903511,0.233982262443058,0.233355197709477,0.279256322662197,0.384129810202465,0.294170235832963,0.271560485976613,0.232100877222476
1231,0.247410759608576,0.264440288948518,0.23403596405405,0.233445152309681,0.279385395871516,0.384486514624811,0.294324369057493,0.271676257945752,0.232122441956312
1232,0.247541021925076,0.264574684587596,0.2340976338171,0.233534725480097,0.279514115241841,0.384791043117088,0.294458102131473,0.271807460904855,0.232152007158115
1233,0.247648584994243,0.264716772158555,0.234152194584784,0.233634455026905,0.279687500632484,0.385065353466044,0.294591303036995,0.271957111271221,0.232224735888219
1234,0.247771908784905,0.26486054776593,0.234205346871838,0.233725073955749,0.279827163856184,0.385360903539904,0.294719745079609,0.272097563464097,0.232260627551557
1235,0.247868572654823,0.26502226094761,0.234254915554007,0.233804503619204,0.279949796463344,0.385639569439207,0.294826656361981,0.272217535130343,0.232295497342964
1236,0.247987094935745,0.26518695545943,0.234333834945146,0.233896208969586,0.280044592450561,0.385947657219617,0.294959094992303,0.272360919986146,0.232289785793595
1237,0.248155923838307,0.265304942321522,0.234391412103903,0.233992590586403,0.280163413467351,0.386284484935531,0.29507331584079,0.272557178359713,0.23228056494318
1238,0.248285274781152,0.265426163781099,0.234460867257412,0.234100736189269,0.280297821275005,0.386590031296952,0.295199793288147,0.272720747075836,0.232304400436365
1239,0.248398255149666,0.265553883613416,0.23455712165701,0.234213917635999,0.280412603208291,0.386837904392016,0.295299423617579,0.272852898489079,0.232338084178775
1240,0.248520194014644,0.265661641655045,0.234635379609952,0.234303238952525,0.280555677527706,0.387107245856741,0.295391109324307,0.272989795922008,0.232381248093315
1241,0.248645526312081,0.265787475139941,0.234708215392082,0.234388247831664,0.280682750839751,0.387376072838434,0.295510888586613,0.273113605344426,0.232389760357333
1242,0.248759470429112,0.265933637574591,0.234778687805471,0.234450066906393,0.28079611788097,0.387627352095703,0.29564921449632,0.273172889109578,0.232374536245234
1243,0.248895692839098,0.266064470759165,0.234842146670691,0.23453978324613,0.280922479636612,0.387869821454319,0.295759193895024,0.273306819537504,0.232378343670627
1244,0.24905554053795,0.266187887411357,0.234892136951781,0.234637709490634,0.281062064121177,0.388125743303294,0.2958763937327,0.273494666562222,0.232366732189248
1245,0.249191154855901,0.266316316528402,0.234953948363392,0.234730941522453,0.281180454036918,0.388373535210334,0.29598565020395,0.273641157614602,0.232377702548067
1246,0.249323510449499,0.266455118421361,0.235019697131968,0.23483273225899,0.281283821044775,0.38858776663755,0.296063730716048,0.273788974829788,0.23241365514269
1247,0.249451053008396,0.266572927650919,0.235072633825804,0.234925222328562,0.281410617448233,0.388826933276031,0.296167437886142,0.273929704054886,0.232439748290312
1248,0.249568908840204,0.266669354132617,0.235123121011841,0.235016524193062,0.281550400891656,0.389100987928736,0.29629809977911,0.274061182704174,0.232469020741786
1249,0.249689763319022,0.266785004259368,0.235170749681379,0.235096638701497,0.281663945201616,0.389332684522086,0.296403406001005,0.274184737207948,0.232481465693938
1250,0.249810606780856,0.266891273392283,0.235205632150229,0.235169551655225,0.281776320656008,0.389551085391624,0.296486153281717,0.274305858329842,0.232489946108471
1251,0.249926498342746,0.267014840288332,0.235251789124368,0.235245582615767,0.281894313344404,0.38976491923615,0.296598446079841,0.274424850519837,0.232505809418687
1252,0.250039006344387,0.267182472471335,0.235307641340759,0.235312375028754,0.281994937904907,0.389956274513092,0.296723971083748,0.274525627813901,0.232507742121073
1253,0.250154153094079,0.267310264868778,0.23535894624567,0.235379476945107,0.282095254042058,0.390151567776614,0.296835438172876,0.27463621211028,0.23252101612639
1254,0.250259269029949,0.267408262413794,0.23542038197791,0.235445170407926,0.282198060424818,0.390351705866705,0.2969670980669,0.274746643850235,0.232552214032143
1255,0.250376350164464,0.267527336330077,0.23545731802771,0.235520288970848,0.282314241060173,0.390534650918366,0.297077513049163,0.274866319133439,0.232567457505545
1256,0.250506935788848,0.26765457724234,0.235473152716112,0.235600974283909,0.282427476864939,0.390727396326377,0.297161820136227,0.274996356665006,0.232582194878941
1257,0.250627942676415,0.267750724087236,0.235493014921954,0.235673532664364,0.28254717192865,0.390869779413292,0.297251131042605,0.275118419710775,0.232582115396743
1258,0.250738001072705,0.267847450022688,0.235536708443345,0.235752165915684,0.282664046397132,0.391014003243799,0.297346655610845,0.275249227252519,0.232582952526593
1259,0.250860480052573,0.267960131144632,0.235593637224032,0.235819422331931,0.282756476258594,0.391129813249294,0.297432392754362,0.275380806911468,0.232586601343524
1260,0.250968145053836,0.26805147431849,0.235653106321992,0.235870941439298,0.282860308524079,0.391252112411714,0.297530161424331,0.275499803988534,0.232581178958382
1261,0.251063779380742,0.268141000800303,0.235694679758661,0.23593235014546,0.282953409866355,0.391428207438646,0.297640111690424,0.27561464977653,0.232609574923694
1262,0.251166141080159,0.268269306800834,0.235695258463866,0.236006097603877,0.28303019869436,0.391527903591867,0.297723309314201,0.275717039060919,0.23261805288431
1263,0.251262308910173,0.268386420254075,0.235697792563524,0.236086000957892,0.283150149805117,0.391634501664904,0.297815223075819,0.275827682336277,0.232600753786818
1264,0.251375699168869,0.268481624272884,0.235727826253504,0.236156994195059,0.283250923184328,0.391746861202022,0.297901499677163,0.275937601283975,0.232608017459989
1265,0.251503711480832,0.268558789816853,0.235781448437579,0.236228661404707,0.283323116870867,0.391834918375727,0.297972974002418,0.27605389353901,0.23262156001119
1266,0.251612538779342,0.268647021443718,0.235818023080528,0.236294590827577,0.283414241847539,0.391910997554106,0.298046805929814,0.276146091412301,0.232618956468888
1267,0.251728115629034,0.26872250704779,0.235860517116419,0.23636364482689,0.283531742502561,0.39200936022184,0.298120926141446,0.276219172577757,0.232629006608518
1268,0.251826190640417,0.268803814095081,0.235900600598371,0.236412370849764,0.283625887055817,0.392075674985492,0.298203012249816,0.276317923027605,0.232621074174274
1269,0.251906980597555,0.268894568584848,0.235940243988144,0.236438728151619,0.283705746583291,0.392101601048384,0.298289029820466,0.276421403046635,0.232585959330242
1270,0.251986715540337,0.268978160742782,0.235967198579784,0.236488460493502,0.283791129849998,0.392139964553407,0.298367174941839,0.276505717635025,0.232562021561262
1271,0.252053296507989,0.269051699973621,0.235994639753728,0.236540003963548,0.283875534945643,0.392193469683371,0.298441066122933,0.27661059575682,0.232520408389883
1272,0.252135149022304,0.269130262688427,0.236019229047034,0.236580650497976,0.283958351441559,0.392215081061115,0.298533439442099,0.276689581152436,0.232518791070232
1273,0.252213409350265,0.269225973073252,0.236022852677496,0.236632067069808,0.284043930861805,0.392191264788478,0.298630908140555,0.276722623219506,0.232552503210373
1274,0.252294275154409,0.269296009842926,0.236037161995667,0.236681691504458,0.284120556859999,0.392191666542805,0.298718830525753,0.276775285271964,0.232556271095543
1275,0.252403516758889,0.269345782754683,0.236065189883878,0.236713096066793,0.284193725054881,0.392232547532309,0.298822434889511,0.276835551135518,0.232567673442729
1276,0.252481113114917,0.269403589666463,0.23608018040689,0.236748748449978,0.284259158106229,0.392209000372629,0.29891485623951,0.276897363631639,0.232578710228153
1277,0.252533063564298,0.269459771364066,0.236097733976537,0.236809810307117,0.284319033722104,0.392162993920072,0.298994262361848,0.276962954485786,0.232545872750122
1278,0.252597427631546,0.269503002395795,0.236101681731442,0.236842192400013,0.28436801764254,0.392104656946533,0.299070005964837,0.277021660994926,0.232555967809013
1279,0.25265290419906,0.2695412216521,0.236098711463699,0.236858102686064,0.284394959301261,0.392016358868732,0.299139342180256,0.277095931235945,0.232601137324408
1280,0.252709949626216,0.26958310664773,0.236079431556629,0.236869132909501,0.284447768310167,0.391875504353149,0.299221474077625,0.277139411302906,0.232659802025885
1281,0.252773098159445,0.269613280553159,0.236064024870813,0.236846557944325,0.284502619728331,0.391745523693954,0.299297857590048,0.277156908265688,0.232683174589491
1282,0.25282344477291,0.269625882252211,0.236030284911413,0.236815805687121,0.28453496244052,0.391603370002763,0.299344388969956,0.277187818155922,0.232719269764856
1283,0.252864245797614,0.269635299445863,0.235999926358994,0.236822614370735,0.284561218617087,0.39146307270419,0.299412926625177,0.277199742785515,0.232742241833266
1284,0.252903896627266,0.269637587998744,0.235994558769189,0.236815880285344,0.284590655709203,0.391304772406297,0.299480245650651,0.277198739440336,0.232750717042939
1285,0.252932833173855,0.269638992601511,0.235982394625654,0.236788334638337,0.284614473547599,0.391107046527489,0.299526103789681,0.277207788025576,0.232793725345218
1286,0.252956181120282,0.269633180360092,0.235943280421633,0.236776867183262,0.284631789470013,0.390928566025636,0.299565086735279,0.277194857104824,0.232829505749919
1287,0.252967746552799,0.269622677838766,0.235890983524507,0.236752040786579,0.28464658292977,0.390736370035052,0.29959841003105,0.277171190783791,0.232854127548204
1288,0.252946159482807,0.269612280347735,0.235808847117534,0.23669470325614,0.284668453948598,0.390506244913454,0.299614626180621,0.277140650191112,0.232877402093591
1289,0.25296212448802,0.269602695192309,0.235758755878164,0.236651843746456,0.284681359927817,0.390291675726104,0.299645751967046,0.277097261663941,0.232884306892067
1290,0.25300621443906,0.269589215693615,0.235714150946445,0.236632185970452,0.284687435155459,0.390139135979958,0.299687674823517,0.277032654753264,0.232878459930658
1291,0.253008702500487,0.269560820298719,0.235653640554249,0.236580685273982,0.284676859709349,0.389865423119123,0.299711304095978,0.276972184035091,0.232867745361651
1292,0.253008721034061,0.269538924727283,0.235607693161316,0.236501494021103,0.284663441502766,0.389518064135648,0.299746556701034,0.276904185655842,0.232845075113049
1293,0.253004058718568,0.269495393722586,0.235544336139734,0.236439120346193,0.284641657675232,0.389174178474942,0.299737656009797,0.276830784103249,0.232819633693735
1294,0.252954942062015,0.269413349413461,0.235447411923195,0.236362330787458,0.284588705496365,0.388743910331884,0.299667726303569,0.27675116804576,0.232785093681838
1295,0.252941950149272,0.269360033406435,0.235369572462609,0.236310099396905,0.284559045162517,0.388372131118893,0.299656969848231,0.276672035119102,0.232753722728301
1296,0.252964005976661,0.269324012945032,0.23529832894093,0.236279080337122,0.284544159924058,0.388069331894644,0.299659422286836,0.27659059351902,0.232728205533372
1297,0.252962707339917,0.269257354725803,0.235231967650172,0.236231402660982,0.284516071703655,0.387671271813003,0.299650954143856,0.27650862454412,0.232675697224992
1298,0.252960198161114,0.26918072529984,0.235167155761111,0.236191182974832,0.284473719894164,0.387210367874358,0.299688463641207,0.276432111762833,0.232613648499593
1299,0.252946886284583,0.269109774606579,0.235104127525678,0.236147730881955,0.284455851716647,0.386781482254351,0.299684006597777,0.276330039601586,0.232542792969914
1300,0.252936079646817,0.269038813552031,0.235069319825516,0.236120567297746,0.284465909145679,0.386351472286075,0.299650257235413,0.276218790580425,0.232451844281505
1301,0.252897059366713,0.268938971668668,0.234999768431127,0.236050093443272,0.284442692171753,0.385856887198779,0.299596358246767,0.27609964644735,0.232357250269483
1302,0.252819557356708,0.268820766676624,0.234909077808578,0.235944510058139,0.284412953345062,0.385374673886278,0.299521494941378,0.27595273735087,0.23227416282309
1303,0.252770012628284,0.268719241343053,0.234810060554653,0.235850889600051,0.284384905664157,0.384831865494331,0.29943545976576,0.275823411678976,0.232153935196486
1304,0.25273648227732,0.268604968088865,0.234723092849141,0.235781058709347,0.284359397363281,0.384179421348591,0.29933927971319,0.275692011374345,0.231991347887714
1305,0.25267628036846,0.26846045800301,0.23462789229644,0.235672178457578,0.284303884168568,0.383562716783947,0.299242203979404,0.275515366841403,0.231831187395444
1306,0.252629034659422,0.268317353746831,0.234544978757299,0.235590486698473,0.28424432001822,0.382978532110935,0.299168334133425,0.275351845088852,0.231661945654191
1307,0.252592105945701,0.268189104981489,0.234481341853163,0.235535890962908,0.284189205876025,0.382379601942889,0.299091509358838,0.275182110529739,0.231482680715628
1308,0.252514456996328,0.268036318171279,0.234402787147892,0.235425961149573,0.284109115059041,0.381792178933785,0.298978270177635,0.274988647073088,0.231308994592049
1309,0.252424007951496,0.267875180389742,0.234312226668134,0.235316192199174,0.284027777573128,0.381094449191501,0.298861921908541,0.274785087397886,0.231080508195781
1310,0.252360730052239,0.267743173859552,0.23420674999604,0.235227356033775,0.283969266615153,0.380342040727415,0.298748685892779,0.274554915229247,0.230810604395171
1311,0.252268771702924,0.267578229424082,0.234094030983563,0.235116889672992,0.283917861818736,0.379666759057292,0.298609756725674,0.274320114286999,0.230522235706748
1312,0.252166473326335,0.26738607266004,0.233972873097874,0.235013122974366,0.283833625089893,0.378886848111938,0.298468707588442,0.274093688185651,0.230235938044571
1313,0.252051805297379,0.267149904713551,0.233814885350431,0.234911654423177,0.28371560908276,0.378049797938176,0.298323731593219,0.273881677332091,0.229935229801522
1314,0.251936310124278,0.266943841053476,0.233693764695072,0.234792791152977,0.283617532002313,0.377192334254061,0.298174804133217,0.273640203586999,0.229638801285216
1315,0.251809430771455,0.26674319862357,0.23360180362754,0.234673413522131,0.28351318415492,0.376271604899429,0.29802760202563,0.273385165633986,0.229344397144479
1316,0.251677057604268,0.266513668543399,0.233478880564397,0.234537281217398,0.283405186049294,0.375342691291627,0.297853586162287,0.273131716395198,0.229036672615401
1317,0.251537611534095,0.266286773323631,0.233359345784081,0.234377371757157,0.283313956383983,0.37438575162897,0.297660512619471,0.272877790109375,0.228723036849254
1318,0.251394312670878,0.266035574069218,0.233226784911967,0.234226718187275,0.28319906807169,0.373435934964402,0.297470064853171,0.272585715616996,0.228390701409127
1319,0.251244603580112,0.265739814617134,0.233062588379634,0.234067012510514,0.283066269284885,0.372509915817083,0.297260057223765,0.272286563334272,0.228049888432467
1320,0.251090420045946,0.26546053678239,0.232915591658387,0.23391555998484,0.282930546729103,0.371512306030321,0.297049124993943,0.271965092195805,0.227697424528467
1321,0.25093891327402,0.265202467909367,0.232794075988034,0.233789291739602,0.282789308704395,0.370518599044838,0.296855366362353,0.271578256162346,0.227309909769577
1322,0.250775723081951,0.264913441685457,0.23263237123586,0.233618806538137,0.282633264070856,0.369441305161792,0.296637020980175,0.271240158985545,0.226948930242983
1323,0.250598332152427,0.264597761653446,0.232449059785555,0.233422207563564,0.282454825448682,0.368230429186894,0.296381620958739,0.270941211355014,0.22660440329876
1324,0.250411082233828,0.26427835413681,0.232270869156861,0.233235329993916,0.282290635637469,0.367058441563289,0.296146506747188,0.270600275219933,0.226240176679933
1325,0.250225214272685,0.2639338438083,0.232067387090296,0.23301786709326,0.282127050454542,0.365880137465128,0.295924517219499,0.270252567086307,0.225879649987033
1326,0.250021609236448,0.263604560839044,0.231870114947444,0.232814125050275,0.281953725379903,0.364675096844051,0.295679793401139,0.269897201006602,0.225519156560609
1327,0.24979408667978,0.263276376231558,0.23168070035564,0.232619979476771,0.281790163555342,0.363441766327338,0.29543098200453,0.269519484209803,0.225153665026376
1328,0.249575220418529,0.262960760545301,0.231486363163044,0.232445721749557,0.281615485631415,0.362276214057644,0.295175798312037,0.269137936310775,0.224767211837577
1329,0.24936325571661,0.262655849852136,0.231302673403181,0.232247232203921,0.281396325175033,0.361031195347363,0.294914644704432,0.268736430008964,0.224381645061736
1330,0.249129704038372,0.262309084111186,0.231126590949729,0.232040248641977,0.281187522984794,0.359727814820902,0.294670615431686,0.268318258515129,0.224013359539428
1331,0.248913437058753,0.261963214949541,0.23094226556984,0.231832261982029,0.28098305161797,0.358476817282084,0.294450857379472,0.267890844241143,0.223636069661084
1332,0.2487237448701,0.261640068157034,0.230761017601356,0.231613561064396,0.280792828877007,0.357197522107479,0.294233691943558,0.267443198146064,0.223261336760717
1333,0.248501542104077,0.261261179885285,0.230541365029209,0.231380070567945,0.280592840435127,0.355876909979642,0.293985589892639,0.26703087171175,0.222907078228472
1334,0.248247439456106,0.260897942046789,0.230293047557444,0.231154769861362,0.280363546117358,0.354519960347179,0.29372720065689,0.266630328312505,0.222532314911505
1335,0.248009504034679,0.260545127918641,0.230081095675908,0.230921225009459,0.280152424669566,0.353149837531724,0.293460408901966,0.266180754921884,0.222171577511427
1336,0.247764865927586,0.260142595589096,0.229871407543474,0.230679203002012,0.279925960004131,0.351798440562874,0.293190740656706,0.265738363817253,0.221821775447048
1337,0.247508314522272,0.259777596378749,0.229651137210645,0.23046761590433,0.279713340165962,0.35049713616293,0.292962832863455,0.265303523536414,0.221469657166746
1338,0.24726874686373,0.259427584102275,0.229443070195785,0.230252729707596,0.279537935491066,0.349239318131559,0.292726299658514,0.264867106535178,0.221139523225281
1339,0.247023354756737,0.259063831889385,0.229216081197193,0.230021914767997,0.279329250323764,0.347942485288746,0.292460723289068,0.264455181282443,0.220810851141378
1340,0.246768385884874,0.258700094773118,0.228958994860125,0.229785153513933,0.27911183064536,0.346648401285383,0.292182291286449,0.264092964035033,0.22047913911917
1341,0.24651816345374,0.258323266264638,0.228728064970859,0.229558634798653,0.278872109987512,0.345338360372761,0.291913128642618,0.263676506531634,0.220161248267866
1342,0.246275711910253,0.257927168626411,0.228506632730627,0.229327870124801,0.278596830513734,0.343974508431467,0.291604421732952,0.263238609740906,0.21986727925534
1343,0.246029873125768,0.257559515117667,0.228281626786675,0.229084056393597,0.278358641026445,0.342683488495885,0.291343966847625,0.262819313219823,0.219567956148549
1344,0.245779478320849,0.257193936455684,0.228064908271795,0.228845918387222,0.278123381737764,0.341434552153923,0.291133433503975,0.262382227307937,0.219261820672006
1345,0.245523769791702,0.25683133412536,0.227844223466592,0.228605983371949,0.277886905074965,0.340181352605563,0.290888778305458,0.261963109157153,0.21896944264141
1346,0.245264814660295,0.256490799109744,0.227635210410631,0.228340933010557,0.277680914466728,0.338952566237828,0.290639338004224,0.261567992888699,0.218696967901812
1347,0.245017314542406,0.256137715012476,0.227391422527325,0.22809068135547,0.277451156016598,0.337737338806367,0.290395766567312,0.261160052179949,0.218403054299034
1348,0.244769764357732,0.255777601673167,0.227118664146131,0.227858129441943,0.277189469410571,0.336517043594459,0.290145868690305,0.260760988421563,0.218097439347901
1349,0.244527891432025,0.255412341651249,0.226868649962467,0.227618700922757,0.276949054961723,0.33531480300518,0.28988945823016,0.260337923200933,0.217815512471127
1350,0.244309822427874,0.255061328602284,0.226620046228262,0.227377764170224,0.276743114372209,0.334169016239359,0.289649429785419,0.259900059390165,0.217533116156192
1351,0.244058879627838,0.254689249120406,0.226354677803078,0.227136499916683,0.27648432981063,0.332983106651184,0.289383509384813,0.259466133214087,0.21724917548099
1352,0.243786048530665,0.254282889455074,0.226099337462699,0.226910916846975,0.276193042285404,0.331808913120423,0.289099209073191,0.259007253604887,0.216979665474309
1353,0.243526373889307,0.253900680000329,0.225831672301065,0.226656294249075,0.275924621148,0.330599106115126,0.288809212339209,0.258567231894499,0.216722127329519
1354,0.243260065829826,0.253533950539352,0.225542626488935,0.226381791925927,0.275640532013444,0.329355509082443,0.288515889284861,0.258149922489943,0.21647154051468
1355,0.242995834602085,0.253144787727632,0.225238019191212,0.226108682989501,0.275347094324048,0.328095881847315,0.288193613059017,0.257722260937353,0.21621253324302
1356,0.242728335565266,0.252751546537358,0.224946733300399,0.22581979140257,0.275089927088781,0.326848686056523,0.2878665388447,0.257262622588128,0.215975294184059
1357,0.242431283942548,0.252339986757867,0.224669401071566,0.225520175442792,0.27481087283902,0.325542121150057,0.287540979373806,0.256798477283257,0.215699879767475
1358,0.242123261661809,0.251911989423323,0.224370281778776,0.225226796455194,0.274491214696482,0.324268728210095,0.287215548016185,0.25631991662942,0.215361589410677
1359,0.241807930320233,0.251467047071017,0.224060092796156,0.224905528335295,0.27417244801866,0.322987661268757,0.286897314054657,0.255819176803819,0.215033638291129
1360,0.241484941741725,0.251017921926499,0.223761105523822,0.224576617780225,0.273870980563287,0.321698428765291,0.286568362247639,0.255318551808869,0.214724686082978
1361,0.241176454570867,0.250577620531151,0.223458906150868,0.224261408166382,0.273558803738096,0.320384778967932,0.286237060949641,0.254778400019622,0.214418929403603
1362,0.240849452300035,0.250100084323794,0.223135361934001,0.223923740266974,0.273229826041561,0.318986231158543,0.285879952089963,0.254180387896442,0.214133959088813
1363,0.240486791520037,0.249595311623327,0.22277383542209,0.223565374156925,0.272884291359771,0.317553186117713,0.285500236174404,0.253560640376163,0.213843165647427
1364,0.240111436158263,0.249054093969847,0.222381649814701,0.223180490562022,0.272467458543916,0.316073376261334,0.28510132127693,0.252899970472391,0.213508623650826
1365,0.239686241994002,0.248441944731173,0.221974294946372,0.222758048070453,0.272003198630444,0.314511214797601,0.284667488808174,0.252192108442726,0.213127258217726
1366,0.239222794128087,0.247805466416091,0.221552208681296,0.222310963958565,0.271536372644677,0.312825373099486,0.28420884235887,0.251433734909081,0.21272284954949
1367,0.238721954460269,0.247132213002247,0.221139138536118,0.22184874353977,0.271060862318579,0.311073573359287,0.283737821639182,0.250642711948163,0.212300079109334
1368,0.238188895651217,0.246416216104873,0.220643887766956,0.221328045786757,0.270509132018601,0.309208728867244,0.283200352399745,0.249780469043876,0.2118334203818
1369,0.237635412144959,0.24570162281876,0.220124601364313,0.220785748780267,0.269948081776858,0.307249848265565,0.282647458069132,0.248880857752602,0.211348132246254
1370,0.237008699597696,0.244856777633077,0.219536776824946,0.220164922318392,0.269297704104735,0.305133794863628,0.282003691317265,0.247875398413489,0.210790166787385
1371,0.236363768824974,0.243952820688017,0.218884369551319,0.219491890943555,0.268577033254939,0.302971475708253,0.281310478670179,0.246831836198819,0.210216142532144
1372,0.235590441207005,0.242938965305317,0.218184258068951,0.21876211821914,0.267778115215521,0.300547764678493,0.280514946417865,0.245633057930737,0.209507652188392
1373,0.234737813478282,0.24182295625167,0.217448247921754,0.217984968011906,0.266931230016833,0.297927398369332,0.27964422504615,0.244320007983716,0.208718889051112
1374,0.233807779260751,0.240624239247007,0.216635620892738,0.217125416801411,0.265989171513408,0.295128336555393,0.278689577752461,0.242911411950866,0.207850264985773
1375,0.232786615002746,0.239360403699721,0.215776225739267,0.216210442924222,0.264975274322453,0.292169996811903,0.277661091954871,0.241422923405839,0.206896165702231
1376,0.231685242100198,0.237970767554112,0.214822559536543,0.215205640150345,0.263857280776938,0.289000580434383,0.276534545133428,0.239762943370449,0.205839209044001
1377,0.230541379112051,0.236506597873693,0.213807711419569,0.214144879640734,0.262674703626633,0.285631787636419,0.27535435062661,0.23799329092317,0.204720288632645
1378,0.229254334025812,0.234878974730033,0.212691471996951,0.212962031395892,0.261357837226554,0.282092770481192,0.274019967856431,0.236076827964641,0.203473211715262
1379,0.227860445647874,0.233120741259109,0.211490037186322,0.211692853717807,0.259937552886825,0.278421243723255,0.27257623729718,0.234010413646726,0.202110206464562
1380,0.226367892848033,0.231250140615611,0.210198684287296,0.210325502641974,0.258389567242039,0.274456717639821,0.271008455742636,0.231795181065819,0.200643652995524
1381,0.224761940582752,0.229232938342597,0.208825000570538,0.208843187623236,0.256716269584805,0.270258905554894,0.269306039576763,0.229442726794561,0.199082490966559
1382,0.223053653531,0.227122001588799,0.207355882564281,0.207277789020145,0.254948757049611,0.26588319545316,0.267503752175472,0.226965596839086,0.197402305437218
1383,0.221268130445367,0.224940981261522,0.205801461057239,0.205637697065454,0.253082431648148,0.261293360278766,0.265613152154689,0.22434624819813,0.195610094015265
1384,0.219351623663486,0.222595421690924,0.204145362655441,0.203896456406364,0.251094984208495,0.256452969260684,0.263575644988399,0.221604165600049,0.193723379598727
1385,0.217286151991438,0.22010002093016,0.202396885276245,0.202043599056194,0.248991777107732,0.251451210721937,0.261405908937139,0.218729299254606,0.191704010513771
1386,0.215155158587122,0.217547887114264,0.200605165304507,0.200121921103842,0.246789932078647,0.246306267282998,0.259162081346979,0.215741257768898,0.189584183853452
1387,0.212941925614588,0.214891574416729,0.198756606543118,0.19813883008157,0.24448189313089,0.241086419024873,0.25683885703884,0.212638018357697,0.187395156967425
1388,0.21066336472778,0.212141863412968,0.196815617142608,0.196085084020491,0.242091420001652,0.235801197834384,0.254417153483272,0.209455139111681,0.185152351781814
1389,0.208338575405368,0.20934081645828,0.194810847734296,0.193968317019707,0.239631251540961,0.230438836405046,0.251905262890193,0.206218979087159,0.182868534527163
1390,0.205902102377329,0.206456699222494,0.192734984870887,0.191796427543162,0.237070373436331,0.225033635765812,0.249311375869196,0.202920581898573,0.180509640151376
1391,0.203403511407831,0.203526119156917,0.190623752871446,0.18957288445689,0.234456935839531,0.219566245118864,0.246639304244901,0.199618186185264,0.178102754160313
1392,0.200877043593911,0.200577727846356,0.188488157350578,0.18730283395386,0.231794648656458,0.214051638453148,0.24390122528012,0.196265730142679,0.175660722404435
1393,0.198307399126594,0.1976020871757,0.186307614311228,0.184994787027279,0.22907528143902,0.208535268253295,0.241130936809776,0.19287019347782,0.173190872169606
1394,0.195768392355859,0.194653739639577,0.184136001273452,0.182691752332799,0.226367298179298,0.20316426388856,0.238372513588102,0.189531077322481,0.170742220926218
1395,0.193241432116853,0.191729607115002,0.181971464797555,0.180418576568077,0.223669087211032,0.197910255059928,0.235628846281064,0.186220869620668,0.168317842206031
1396,0.190692623972067,0.188804757850043,0.179803683640125,0.178143524767903,0.220943027346502,0.192660980436619,0.232887004547538,0.182920763876812,0.165873922682727
1397,0.188184920642567,0.185941941800619,0.17767701285321,0.175900179985016,0.218249259703691,0.187568541621904,0.230160206744622,0.179701776000535,0.163443649568654
1398,0.185722233802489,0.183134947203924,0.175580975509539,0.173697463927819,0.215602924412265,0.182643843518385,0.227440848286149,0.176563857384538,0.161068878457091
1399,0.18332703912105,0.180420714635666,0.173534506385963,0.171547872100698,0.213012077836886,0.177885565222373,0.224816426379349,0.173520991627981,0.158749430296692
1400,0.180966631039705,0.177760780107688,0.171500983174858,0.169417312899884,0.210434742538332,0.173226640403896,0.222214738962474,0.170533063553113,0.156450827639087
1401,0.178684733612703,0.175205574853106,0.169546373048194,0.167360758175673,0.20795071840255,0.168782985071844,0.219705043729048,0.167668234711871,0.15423627970854
1402,0.176456409299517,0.172733997328469,0.167649231214875,0.165354840956226,0.205526628700465,0.164531386050181,0.217283178756987,0.164896321244087,0.152080991234009
1403,0.174327946014238,0.170366333111232,0.165813279954763,0.16342826501686,0.203201706049436,0.160461986038741,0.214931758293789,0.162260381127337,0.150004308311078
1404,0.172262152939385,0.16807401506271,0.164014673832779,0.161540317692645,0.20093645599285,0.156534922526477,0.212610462827283,0.159714495650731,0.14797446378486
1405,0.170290182767009,0.165891269406878,0.162310400938338,0.159763735184881,0.198773784862366,0.152822665336998,0.210410002928761,0.157316527703566,0.146058205804848
1406,0.168409321781717,0.163812077259311,0.160674824599713,0.158075342960374,0.196690894880513,0.149335452512215,0.208293230226194,0.155060502789895,0.144223104016771
1407,0.166628470682941,0.161847928592925,0.159125462290222,0.156482091380381,0.19473283457978,0.146003936915882,0.206308442260527,0.15291227876712,0.142496040511649
1408,0.164910351744963,0.159969605351024,0.15764215830535,0.154967624999728,0.192850509785341,0.142822540745267,0.204429374653664,0.150875010806846,0.140858878845259
1409,0.163318870168956,0.15821865248489,0.156262257971527,0.153543295514025,0.191111797156293,0.139847590942612,0.202640402466379,0.148969545572041,0.13931572907397
1410,0.16183705696873,0.156591213441357,0.154965089322646,0.15220404391965,0.189507183785889,0.137075045512577,0.200945802283433,0.147172770598047,0.137859597717555
1411,0.16045838350601,0.155063158045967,0.15376633096605,0.150968866957998,0.188012082292546,0.134449174752452,0.199387754619723,0.145528940076428,0.136533274214479
1412,0.159186505763735,0.15365184642439,0.152665509382481,0.149818667111911,0.186610399290306,0.1320166524602,0.197930591009186,0.144026231119365,0.135313027037941
1413,0.158012335281411,0.152333399148866,0.15164761164826,0.148784880734739,0.185363972448643,0.129722863721602,0.196594883326936,0.142639292362353,0.134188291829426
1414,0.156937022660572,0.151107689478057,0.150702320792805,0.14786522158793,0.18426232975139,0.127611219546123,0.195397719244372,0.141401023645617,0.133179810433023
1415,0.155964176377997,0.149986250988722,0.149868740917253,0.147021437447713,0.183253204353267,0.125575491680713,0.194292481933203,0.140248196705391,0.132261208415966
1416,0.155093132460912,0.148969704649108,0.149131784272653,0.146273416240585,0.182368827985599,0.123682233972355,0.193293678330341,0.13920475144402,0.131427352161269
1417,0.154318093280038,0.148043174357012,0.148493893922311,0.145611344887771,0.181598043598528,0.121850702443943,0.19238195854378,0.138259802603453,0.13070262264917
1418,0.153621635621963,0.147183884814872,0.147944872631549,0.145023469903919,0.180911683250216,0.120107594215732,0.191553596200922,0.137391783396706,0.130063051233571
1419,0.152998535369777,0.146410830930838,0.147453970737958,0.144528754637137,0.18030279215579,0.118533699594153,0.190813663420328,0.136616525418151,0.129485547491659
1420,0.152440493753656,0.145707180576653,0.146998074976486,0.144096033135056,0.179763640891915,0.117084424348557,0.190139454859182,0.135901516932104,0.128956833530604
1421,0.1519277778392,0.145036843380353,0.146612261725,0.143699682339007,0.179298840521692,0.115739050421365,0.189521537492093,0.135240885994675,0.128478550435211
1422,0.15146705208286,0.144434474885259,0.146273349737342,0.143340953116832,0.178885090750219,0.114470776741955,0.188964180870098,0.134651870758534,0.128060933856051
1423,0.151053900581589,0.143881337933878,0.145958989544136,0.14299990125826,0.178508440299866,0.113239972410763,0.188464811683106,0.134114064957177,0.127698204691574
1424,0.150661218765533,0.143339239941236,0.145689041143948,0.142683402141922,0.178187360045688,0.112102403348961,0.188000584688326,0.133648424184005,0.127371717892095
1425,0.150299927169182,0.142845302261979,0.1454280927708,0.142409945814944,0.17789425453746,0.111042242396195,0.18755507852657,0.133230030764042,0.127065041282864
1426,0.149964111881278,0.142381967320348,0.145156860951361,0.142155694843992,0.177597175367491,0.110046150894899,0.187139444964475,0.132824987102513,0.126778743593213
1427,0.14964065324835,0.141947472024468,0.144906283417642,0.141908277635606,0.177327581897913,0.109124745064372,0.18675422577937,0.132448775140552,0.126505193480429
1428,0.149340907990888,0.141562725265596,0.14469005561991,0.141693547999597,0.17707742826327,0.10823735591111,0.186393324359887,0.132081848348183,0.126250566973174
1429,0.14905798525375,0.141184375305774,0.14447704160739,0.141491136944718,0.176831064470909,0.107399450269682,0.186062437458099,0.131723793972818,0.126020455406294
1430,0.148791457859948,0.140813660705549,0.144271744525611,0.141284803525563,0.17662351138232,0.106641452084634,0.185765340617782,0.131411228206074,0.125813561184642
1431,0.148554720561679,0.140469669054922,0.144097022554504,0.141107473343479,0.176434476277761,0.105941903810814,0.185500563407611,0.131134582270515,0.125630451236335
1432,0.148343893605301,0.140155109442357,0.143931848510653,0.140954440725566,0.176258371332228,0.105301073975656,0.185246618171873,0.130863587537719,0.125467536735622
1433,0.148138264486398,0.139866806268391,0.143764094689339,0.140803301839889,0.176092592932802,0.10470050738182,0.185001520502821,0.130604617825521,0.125311490772887
1434,0.147948624803629,0.139596450123099,0.143625647181669,0.140669346518669,0.175941876556399,0.104128799801809,0.18478806087271,0.130365864778805,0.125166677860236
1435,0.147775327773997,0.139364305094621,0.143524786176049,0.140563216375263,0.175801465238032,0.103595591729281,0.184593877862649,0.130128586030116,0.125035631920019
1436,0.147623230358068,0.139138279895839,0.14342005597357,0.140454164532484,0.175683767160079,0.103110503354157,0.18441923704275,0.129929425781304,0.124919175744304
1437,0.147490994798381,0.138920920689965,0.143329135704723,0.140341700859927,0.175578263676792,0.10264032586122,0.184278637084733,0.129759578686137,0.124810090843721
1438,0.147363028625545,0.138724493777525,0.143235674317565,0.140259203314702,0.175501036582537,0.102255927162461,0.184143818699471,0.129611885291567,0.124719487665761
1439,0.147244678294448,0.138546708334458,0.143141609866207,0.140199185951982,0.175448480610524,0.101964926558864,0.184016640912322,0.129488569439558,0.124641139320929
1440,0.147151479183723,0.13839116653927,0.14306894673286,0.140134379002426,0.175400799835524,0.101643103451241,0.1839136305621,0.129381285660857,0.124583173534809
1441,0.147073988543449,0.138248758010665,0.142998336546293,0.140076663016024,0.175377762092217,0.101350895500106,0.183829915308534,0.129307207762066,0.124547675467344
1442,0.146999435595845,0.138126744412183,0.142940399718434,0.140039455822603,0.175358193666665,0.101088941713205,0.18375428300562,0.129232025154033,0.124520823509768
1443,0.146951314532873,0.138036702279047,0.142909090743793,0.140011874749302,0.175348905326195,0.100834613006824,0.183689036176633,0.129163788484152,0.124519109229393
1444,0.14690420625993,0.137949347114322,0.14288173778274,0.139994127450778,0.175343042094791,0.100614722119936,0.183653640309699,0.1291150896461,0.124508833822692
1445,0.146846540491943,0.137871069878441,0.142852355328577,0.140002847249891,0.175339399679498,0.100427747717999,0.183649072310421,0.129081455084607,0.124492570177007
1446,0.146811015422101,0.137811994142486,0.142837388961482,0.139999948787194,0.175350304415773,0.100273866960901,0.18363408053239,0.129051657001604,0.124492661306513
1447,0.146789594819094,0.137764195348938,0.142834398091816,0.139984415271355,0.175365120586417,0.100142010885279,0.183623557267427,0.129033442279205,0.124502151742725
1448,0.146788523079724,0.137738682070548,0.142846019354573,0.139991333274558,0.175399294029655,0.100028405310762,0.183646707575767,0.129029591816332,0.124521542413005
1449,0.146800706122342,0.137730416895221,0.142872975454235,0.140003225124839,0.175450152136517,0.0999669436400928,0.183676483597616,0.129027196112023,0.12455134943323
1450,0.146827903326022,0.13773656778787,0.142904103582042,0.140038173274607,0.175513660251727,0.0999164332004139,0.183718706468943,0.12904420694406,0.12459220555784
1451,0.146896601753916,0.137767893747858,0.142955214761445,0.140101274899179,0.175599915876721,0.0998504511542094,0.183798057662429,0.129085498835511,0.124640212136851
1452,0.146941282698995,0.137802110834915,0.143000665020582,0.140158499093588,0.175681999947708,0.0998398410631676,0.183873829914711,0.129137067557421,0.124699903007466
1453,0.146951928393627,0.137841006215958,0.143025009972258,0.140224835687801,0.175760823903714,0.0998977421570897,0.183927051955145,0.129187708150472,0.124768246700409
1454,0.147023741039937,0.137903603239335,0.143091010953296,0.1402962397394,0.175866928932891,0.0999251203991374,0.184030587168451,0.129270706141455,0.124858436343158
1455,0.147120242322553,0.137979669581095,0.143186398738221,0.140358996740516,0.175984241515588,0.0999347045902479,0.184171419142685,0.12937575972655,0.124967912718753
1456,0.147218696150752,0.138064278396054,0.14327298321423,0.14044151104561,0.176104668439168,0.100026064909603,0.184321882156851,0.12949925044827,0.125071619479207
1457,0.147357488360619,0.138185882604412,0.143382568395121,0.140569296635347,0.176282038570315,0.100129122210834,0.184479180295128,0.129644056367134,0.125210560284086
1458,0.147531844191405,0.138351475627933,0.143515129343955,0.140722930881145,0.176471778772309,0.100227717226649,0.184669040139843,0.129815410041985,0.125375487012949
1459,0.14770188281355,0.138531244641422,0.143656922120453,0.140897559569955,0.176673838872721,0.100439025538834,0.184876425663305,0.129997977318453,0.125550858537378
1460,0.1478888834891,0.138722743947957,0.143828732935603,0.141087881340452,0.176928725288381,0.100646294202042,0.185116193931397,0.130199424868673,0.125764622701547
1461,0.148113556440142,0.138941289462848,0.144037231913324,0.141278438426166,0.177189182298573,0.100837059855537,0.185401348524336,0.130459239621222,0.126002578572934
1462,0.148352622312355,0.139193876166787,0.144279467251615,0.141497991346206,0.177481058522442,0.101108546468608,0.185703248895413,0.130778123377567,0.126257893261592
1463,0.148615843115175,0.139480056250311,0.144536093402595,0.14175588107902,0.177822688371763,0.101419768690264,0.186031393844549,0.131123568489743,0.126555777666067
1464,0.148921666076786,0.139809010595475,0.144808404058651,0.142038580133907,0.178185393698903,0.101771673578206,0.186394624436657,0.13148279763997,0.126873196986209
1465,0.149257594156488,0.140159042176739,0.145091826521634,0.142346705198421,0.178581666948909,0.102161737356814,0.186787504530988,0.131855987460011,0.127197744130398
1466,0.14961678336803,0.14052645691343,0.145400389572606,0.142684090320737,0.179015264717414,0.102585516745146,0.187221342478393,0.132256272930366,0.127565195306175
1467,0.14999853551534,0.14093532294497,0.145748297045211,0.14305656532434,0.179482999927708,0.103051990543319,0.187694347683898,0.132692112641181,0.127956049652023
1468,0.150399395633262,0.141370898387464,0.146121712689259,0.143444201874163,0.179974379538362,0.10354188390875,0.188191923314739,0.133166512585032,0.128375765348871
1469,0.150833394224298,0.141827483089162,0.146516435256767,0.143854892310234,0.180476391042836,0.104050351284523,0.188707729932539,0.133680370108331,0.128849813012173
1470,0.151316470346745,0.142323694296851,0.146937311888503,0.144296165168268,0.181020769370814,0.104583728075347,0.189272866077944,0.134216486102661,0.129331959896897
1471,0.151813789443051,0.142851189243845,0.147378083642838,0.14474300522491,0.18160084250157,0.105124034378793,0.189879170901514,0.13477845307789,0.129804116593839
1472,0.152320640793114,0.143394739557269,0.147835959499156,0.145226992378397,0.182196876227651,0.105712528885624,0.190482137309082,0.135386766988544,0.130313548732509
1473,0.152874413904701,0.143968125770573,0.148323892576675,0.145763178000123,0.182834845932007,0.106379417500507,0.191112220567781,0.136019011834305,0.130855501497731
1474,0.153450777797517,0.144577022318654,0.148828058528054,0.146304583163777,0.183504799266806,0.107082993702509,0.191774484920438,0.136668087443911,0.131403945524942
1475,0.154020147347886,0.145188852802243,0.14933287875049,0.146842152090133,0.184167710800019,0.107818003266801,0.192435933346192,0.1373297541299,0.131973783151405
1476,0.154614051028457,0.145813135579854,0.149854095856112,0.147402042473195,0.184842104608894,0.108566039503249,0.193134994470037,0.138002633036916,0.132556100584706
1477,0.155221879435766,0.146458016488005,0.150389802626142,0.147961279108404,0.185545580775256,0.109337820036003,0.193846751519796,0.138704330291038,0.133160717721336
1478,0.155820113414669,0.14712058530986,0.150940111181796,0.148502706392904,0.186275203549009,0.1101330589949,0.19458118490481,0.139419402402027,0.133780749906964
1479,0.156457427567882,0.147795390984961,0.151504572276364,0.149084998393368,0.186997515512765,0.110949420050238,0.195331836285466,0.140157858737789,0.134403403539493
1480,0.157145842257483,0.148491095444651,0.15209007491524,0.149709437045462,0.187736518318933,0.111779561466868,0.196106370461948,0.14093925494499,0.135054098102496
1481,0.157809274074739,0.149199629686925,0.152671440500733,0.150305325690284,0.188484577574796,0.11264719710996,0.196879655947566,0.1417082947429,0.135698330428028
1482,0.158475075053234,0.149925731207847,0.153261091987631,0.150896449584338,0.189229965103518,0.113558636810925,0.197675282953094,0.142474038924113,0.136329313291642
1483,0.159144156596233,0.150660828667846,0.153860168847309,0.151510229337477,0.189999365138539,0.114462199270264,0.198471380935944,0.14327157235221,0.136987953396532
1484,0.159806889644282,0.151411242182994,0.154462957309517,0.152118022677684,0.190797615536311,0.115396443843151,0.199260519317479,0.144094438424321,0.137671968885789
1485,0.160493328951119,0.152160729105409,0.15507494366102,0.15274661648519,0.191586534584006,0.116315853758666,0.200065687139836,0.144905287237298,0.138345296149633
1486,0.161194512972385,0.152912005218935,0.155712357373797,0.153411901917871,0.192379270979172,0.117203638967355,0.200888268733484,0.145729184805811,0.139018919458868
1487,0.161901889259184,0.153687791311639,0.156326903349143,0.15406074009766,0.193174493579244,0.118147946153,0.201713181108589,0.146558563949314,0.139702158638926
1488,0.162623167864908,0.154484729234568,0.156922673415508,0.154702381275747,0.193978546585244,0.119118342997833,0.202550015192484,0.147374082426236,0.140389414784734
1489,0.163342730528708,0.155266567704327,0.157539667081519,0.155359213439869,0.194777994922376,0.120109835411005,0.203386703904426,0.148215852734054,0.141080854460569
1490,0.164076726972034,0.156060936177696,0.15816106251582,0.156029592138207,0.195573502961007,0.121153081304556,0.204227206706579,0.149080956064425,0.141787232759404
1491,0.164795805832175,0.156850575197159,0.158788721981269,0.156688804152204,0.196380274670212,0.122174944099333,0.205069483881171,0.149953687085088,0.142492165191467
1492,0.165503334767364,0.157627180766426,0.159436419823744,0.15734795204196,0.197187656766441,0.123196196220831,0.205914030483938,0.150841625541695,0.143189235132523
1493,0.166228819713306,0.158414506796546,0.160072089083227,0.158011476599465,0.198001352574174,0.124218920589347,0.206756405906811,0.151729290447627,0.143902478301562
1494,0.166943682937338,0.1592015213604,0.160695392010237,0.158666157302373,0.198820493008253,0.125230222623561,0.207592661585138,0.152629360966623,0.144626053510244
1495,0.167685522666703,0.160012023563892,0.161329257836863,0.159337871130513,0.199655941042712,0.126283278989135,0.208452108823742,0.15353105063597,0.145350267597815
1496,0.168467413520363,0.160838850672631,0.161965054098626,0.160033382432333,0.200513749337712,0.127342673797618,0.209331404511369,0.154436833053758,0.146098210213951
1497,0.169221829866287,0.161653574457868,0.16261045892974,0.160706854723519,0.201345365542726,0.1284406501303,0.210193470287814,0.15533649495668,0.146819919510529
1498,0.169977549692228,0.162476759098832,0.163269699028938,0.161370573595773,0.202178741639603,0.129605628999943,0.211056706722274,0.156239593714639,0.147523691213335
1499,0.170725777943899,0.163310610283313,0.163919927576296,0.162042068199399,0.203009349120854,0.130719103893143,0.211931133992758,0.157145893026443,0.148240047532596
1500,0.171448325833466,0.164139159516009,0.164572790026845,0.162705004579152,0.203815967452036,0.131832153173019,0.21280237951798,0.15803935455536,0.148941869737265
1501,0.17219540344187,0.164976337334563,0.165224889410453,0.16337943991092,0.204637396524472,0.132944887821408,0.213667399746546,0.158953118948622,0.149661551140407
1502,0.172956086317748,0.165841310334005,0.165872519822461,0.164074724619643,0.205477489938876,0.134021558737877,0.214543988384312,0.159882845805894,0.150410507203499
1503,0.173712363602899,0.166690275084714,0.166524651961432,0.16475214268084,0.20630771809431,0.135137276455825,0.215421959103568,0.160809149961179,0.15113904240735
1504,0.174487309401269,0.16752590217019,0.167188847627122,0.165417927072738,0.207126934246524,0.136289872655142,0.216290386355384,0.161743672084745,0.151859136926122
1505,0.175244594890602,0.168367627143164,0.167833570983345,0.166092816412837,0.20795324552189,0.137421269438524,0.217157509050476,0.162681766164767,0.15257719960337
1506,0.175981383354049,0.169215659715847,0.168456996225983,0.166767381593184,0.208784640973722,0.138545609481281,0.218038185340039,0.16363048403197,0.153279952435974
1507,0.17673564438464,0.17005789328265,0.169098754765022,0.167442967786537,0.209611417033062,0.139687377456591,0.218907347307719,0.16456791462509,0.154000948808392
1508,0.177501639546533,0.170898791119746,0.169738712264752,0.168133489442935,0.210439483109613,0.140835696411676,0.219764730650045,0.16551200029724,0.15473510989412
1509,0.178242525252624,0.1717335356024,0.170388309481848,0.168801807575148,0.211269784954547,0.141971527865732,0.220611405220187,0.166434408415283,0.155465323008284
1510,0.178996170260608,0.172561203767654,0.171024808412777,0.169457588312123,0.212083512246156,0.143125935862492,0.221469173418989,0.167343329894303,0.156195505629911
1511,0.179754936539065,0.173391602614306,0.171659680444293,0.170101174280892,0.212895016249346,0.144293199465199,0.222340819596725,0.168257939111642,0.156902007694917
1512,0.180504388483368,0.174245214312232,0.172295207556108,0.170758381990216,0.213695596603252,0.145457684733117,0.223203354370321,0.169179129967802,0.157581005915755
1513,0.181261709907454,0.175109415113182,0.172915263548964,0.171439140167137,0.214489528785067,0.146618507983838,0.224062454460557,0.17011584432079,0.158293816604691
1514,0.18199533439987,0.175967111041966,0.173541056732741,0.172112129833388,0.215293168545104,0.147784194643408,0.224911803205141,0.17105965530696,0.159027436067814
1515,0.182734246062837,0.176824086633447,0.174189954121212,0.172787955301156,0.216100946722957,0.148958061338782,0.225749041422415,0.172001057759762,0.159734298838273
1516,0.183484354478486,0.177670367586031,0.174825893060068,0.173447920978843,0.216900344595661,0.150128109660244,0.226586906894938,0.172947397035004,0.160436321313934
1517,0.184202379911292,0.178494971999357,0.175433267577034,0.174097089002717,0.217688534167372,0.151308342129009,0.227421714369782,0.173886174787465,0.161138097300331
1518,0.184936349788136,0.179319853589871,0.17605944424997,0.174756198205468,0.218466860530275,0.152490414523653,0.228259225769605,0.174799603101761,0.161818701041262
1519,0.185686147228078,0.18015484729686,0.176704497959711,0.175415621929805,0.219247833456692,0.153645027587714,0.229087043616493,0.175715692486358,0.162506165532026
1520,0.186417266724139,0.180998502928514,0.177323347696492,0.176064865923004,0.220039877097096,0.154757855451542,0.229902688277825,0.176633165542445,0.163215655998913
1521,0.187154469883633,0.181843533125799,0.177946505655204,0.176700162319721,0.220832003882569,0.155873816964199,0.230722041555905,0.177546432650909,0.163922655772875
1522,0.187876942629506,0.182673353612232,0.178573438514617,0.177331138012439,0.221597350989952,0.156986700979444,0.231533731778541,0.178479771150073,0.16460595394859
1523,0.188584869320344,0.183495358521743,0.179166391268534,0.177971690916819,0.222346491282361,0.158089791336069,0.232350443880566,0.179418480694121,0.165271517734489
1524,0.189298091530967,0.184308946092807,0.179753614263112,0.178621354952771,0.223106550888127,0.159219787963537,0.23316771010012,0.180345731987032,0.165937034618893
1525,0.189998523307638,0.185110428228353,0.180354326302332,0.179247069178018,0.223871465988613,0.160340081686733,0.233963387337614,0.181258346190081,0.166596577443199
1526,0.190695088094955,0.185922086296756,0.180951625082678,0.179849428330574,0.224634606933998,0.161449038555781,0.234762658489733,0.182168567405036,0.167268369517
1527,0.191399636562647,0.186743408968414,0.181534551561415,0.180449483975516,0.225387358554017,0.162543794247417,0.235562683457606,0.183079949500065,0.167955826166123
1528,0.192096723760513,0.187556198462664,0.182119047025103,0.181050181616048,0.22612402856357,0.163611407775974,0.236348594218981,0.183995242477004,0.168635136108078
1529,0.192781741755721,0.188352036090941,0.182694615184486,0.181655068780006,0.226842279239923,0.164689581711723,0.237137984975197,0.184922509488151,0.169288139203306
1530,0.193485393594039,0.189146416803917,0.18327085677753,0.182286359270017,0.227575175842788,0.165820037311896,0.237923420910354,0.185841450103001,0.169932366138155
1531,0.19420285207118,0.189957107037111,0.183860944890373,0.182920392578124,0.22832181659097,0.166968168149712,0.238704964347336,0.186749684876834,0.170592229035176
1532,0.194888863607159,0.190759392480758,0.184423805418542,0.183506492465964,0.229040678436697,0.168081001675287,0.23948777293262,0.187633958851592,0.171231447550964
1533,0.195556360920151,0.191539085918106,0.184982424647017,0.18409230586225,0.229762427677024,0.169189395507351,0.24026987018301,0.18850109694587,0.171872546123017
1534,0.196230204247291,0.192315391921569,0.185541250113391,0.184678047130423,0.230480333363294,0.170270615433177,0.241051217057822,0.189385119600805,0.172521143680247
1535,0.196898341687086,0.193083759710947,0.18608525109157,0.185236840449203,0.231164704852701,0.171315031518496,0.241808525736888,0.190262852171166,0.173139030031375
1536,0.197563249699015,0.193834504741552,0.186651874713622,0.185808486581508,0.231851576915433,0.172372710548831,0.242547538390522,0.191135917925632,0.173761982131674
1537,0.198227458587088,0.194611759515464,0.187216748717798,0.186386772223943,0.2325437858148,0.173430598177567,0.243289198510307,0.192024006175827,0.174387736466923
1538,0.19887638571275,0.19537672124417,0.18775940767594,0.186960896816987,0.233219372092781,0.174487969587912,0.244028210534617,0.192899741128555,0.175006265704895
1539,0.199506875500063,0.196144395375024,0.188279004102024,0.187532395890306,0.233877699843293,0.175521638484456,0.244758773045411,0.193770984697105,0.175620907142146
1540,0.200141675496466,0.196890038659339,0.188811016269389,0.188094539074926,0.234546734047928,0.176576673678534,0.245495157528901,0.194623923785865,0.176224524545029
1541,0.200769375494826,0.197625299431751,0.189334858694457,0.18865966507398,0.235213686075724,0.177666540805259,0.246241944777322,0.195471053761371,0.176822032897696
1542,0.201402520483187,0.198360663480786,0.189865059749344,0.189212654003323,0.235873743069301,0.178714668413705,0.246962975064118,0.196306433599188,0.177419794682341
1543,0.202040622898428,0.19908720146344,0.19040827743318,0.189754210179209,0.236540188297357,0.179745354457806,0.247669988917886,0.197117311052154,0.178004751720336
1544,0.202664942343163,0.199815160455898,0.190932434867666,0.190298968651896,0.237190646471028,0.180779328411971,0.248380709186681,0.197945595681316,0.178598982218266
1545,0.203285853026832,0.200544976201079,0.191452680838715,0.190837329691466,0.237826237897429,0.18178422102144,0.249085400704173,0.198782500846192,0.179208994964965
1546,0.203895674767312,0.201256545450973,0.191952524473528,0.191368305799932,0.238460257635512,0.182816383588625,0.249772867585426,0.199598442112867,0.179782073654503
1547,0.204491641061473,0.201954143151393,0.192434277466493,0.191892670099607,0.239088812885555,0.183866119437331,0.250457588749737,0.200406357268604,0.180339590778056
1548,0.205091656748853,0.202655127953707,0.192919295797756,0.192415302725623,0.239705619488992,0.184896866799253,0.251132784691855,0.20121749671674,0.180896516538484
1549,0.205695270911034,0.203348024474161,0.193394826355534,0.192945338580347,0.240320315622782,0.185953077668313,0.251784837842328,0.20202036576512,0.181439153376699
1550,0.206284710272739,0.204051320973217,0.193865203146267,0.193453322752639,0.24092870183795,0.186953569382365,0.252447492481598,0.20282028167341,0.181973832690377
1551,0.206865516432225,0.204766299907138,0.194332366831461,0.193939465612568,0.241520047736665,0.187907860447147,0.253118800009878,0.203629422968652,0.182493299342069
1552,0.207440376782307,0.205454935788803,0.194793578402527,0.194441713970717,0.242114554305282,0.188878109951825,0.253768542242181,0.204414158395989,0.183028366405751
1553,0.208005370143331,0.206142740393477,0.195244219594505,0.194945325070301,0.242714106980801,0.189833827821471,0.254413712215564,0.205180647441141,0.183568445587077
1554,0.208564331338446,0.206810252424389,0.195694858635132,0.195428720093292,0.243289746414406,0.190782313389925,0.255037920943286,0.205945102432384,0.184086116324724
1555,0.209115889608851,0.207450313965744,0.196150690467742,0.195913613490601,0.243854918455792,0.191732965711699,0.255644900388266,0.206704185841273,0.184613651263428
1556,0.20967231677818,0.208093964537483,0.196590704074964,0.196392006504398,0.244415547247479,0.19267938164856,0.25624884920949,0.207447370126306,0.185121678736174
1557,0.210227316681007,0.208734519195339,0.197016677630568,0.196842836691172,0.244956676177089,0.193607998753325,0.256826341777193,0.208179103503634,0.185591001826106
1558,0.210763508975201,0.20936257224564,0.197443443636591,0.197303433290767,0.245500081009052,0.194525947673111,0.257419608181583,0.208899513663219,0.186071649706812
1559,0.211291912336748,0.209973549682664,0.197862975584147,0.19778683974293,0.246046614545664,0.195442336377316,0.258012799344007,0.209601174225079,0.186554379871312
1560,0.211826707209721,0.210595031690929,0.198283058246149,0.198241164992783,0.246582322243769,0.19637068551131,0.258610947612097,0.210307848596414,0.187044459105071
1561,0.212357430923727,0.211219469511682,0.198705169695938,0.198668523966809,0.247106052895007,0.197274148881684,0.259226794332273,0.211013624138533,0.187538869073016
1562,0.212875795186343,0.211829296471479,0.199112429026851,0.199109573042322,0.24763215071239,0.198203598179065,0.259823512658927,0.211708202537931,0.188017117395044
1563,0.213398975291128,0.212445309699059,0.199508939145458,0.19954906059929,0.248155018188831,0.199194025184413,0.260419660191609,0.212392541360404,0.188496948822702
1564,0.213904845235873,0.21303457092777,0.199909225642509,0.199976845035028,0.248670432898772,0.200098616924364,0.260996191163934,0.213077681139717,0.188966433551041
1565,0.214386274794183,0.213600014616635,0.200313579279405,0.200416484192352,0.249192151714306,0.200966343536121,0.261558859328435,0.213759449963331,0.189416585346664
1566,0.214866221375654,0.214163933528913,0.200697174182537,0.200824922498439,0.249692906452173,0.201839035357933,0.262106023348041,0.214430588803169,0.189871621284663
1567,0.215342507223682,0.214701365583878,0.201072613911793,0.201193041721367,0.2501691105452,0.202649711781901,0.262627206392261,0.215103246767003,0.190342529812163
1568,0.215817407980151,0.215262821273892,0.201437197483193,0.201587708370761,0.250654768311776,0.203508597906887,0.263163526987138,0.215760513764976,0.190780516187305
1569,0.216284288553531,0.215853268596709,0.201768770174996,0.201984999106706,0.251143418980391,0.204424893422691,0.263705474107927,0.216406538165222,0.191192917709522
1570,0.216743213974407,0.216395482235398,0.20212601676538,0.202375949533881,0.251610423684895,0.205267237065719,0.264219358089862,0.217036112029975,0.191609378249821
1571,0.217201242715948,0.21691615988867,0.202503508014059,0.202782044735881,0.252074229355562,0.206065349253997,0.264726321623791,0.217646966945848,0.192003838958561
1572,0.217653065063314,0.217450624686869,0.202856963556348,0.203168169388343,0.25253195262063,0.206906376238261,0.26523097486244,0.218262377388266,0.192411811944132
1573,0.218090864554442,0.217946836093879,0.203208888981759,0.203531695562121,0.252964832397655,0.20771268744748,0.265703956268712,0.218866406384147,0.192834817913778
1574,0.218534959045321,0.218471179012929,0.203551802394085,0.203903657981804,0.253401017924025,0.208558238708942,0.266194375605696,0.219465252918841,0.193240311178669
1575,0.218978157867022,0.219049819958193,0.20387335585661,0.204279586250611,0.253839561591982,0.209495812777826,0.266708374185421,0.220064015715334,0.193639849625295
1576,0.21942102844417,0.219569036220275,0.204199126758464,0.204639454989568,0.254273727327813,0.210336597197563,0.267191822598691,0.220658899314207,0.194035386947445
1577,0.219874114599963,0.22006143516869,0.204521883162732,0.204986250242335,0.254705410837549,0.211133189680081,0.267661022984497,0.22123905470278,0.194420468935084
1578,0.220298702227428,0.220553013015407,0.204850869731877,0.205337777920269,0.255123360860608,0.211936715549013,0.2681279114264,0.221828901354082,0.194801909621938
1579,0.220713741521114,0.221008176784411,0.205188874014595,0.20569196631291,0.255537365126066,0.212682254427258,0.268575819000799,0.222440609528379,0.195183403755006
1580,0.221123222280253,0.221485030162018,0.205510113005794,0.206034314640175,0.255942781455072,0.213468216946845,0.26903601929388,0.223018376941877,0.195558726520768
1581,0.221511958043204,0.221980756104094,0.205830673426036,0.206379089041364,0.256327955079264,0.214282794355979,0.269507762683787,0.223592639182281,0.195928001047448
1582,0.221897653900855,0.222450534686978,0.206140380925687,0.206702784852542,0.256715493588182,0.215077349107856,0.269955609945524,0.224133897575723,0.196289466289436
1583,0.222276541991777,0.222912279721942,0.206421940482818,0.206986507913719,0.257098452047628,0.215872468346865,0.270394656812564,0.224623865405544,0.196645185051888
1584,0.222657444510187,0.223366852790273,0.206716006335501,0.207300044620083,0.257489967431235,0.216668014392414,0.270829085703675,0.225139494374451,0.196991871108097
1585,0.223035682330884,0.223801430638941,0.207027257456383,0.207628202177992,0.25789263064715,0.217468735274618,0.271243611159545,0.225643325632489,0.197325406791337
1586,0.223403408772748,0.224245046317947,0.20731945896874,0.207949895016337,0.25827655896981,0.218244266242642,0.271669342663214,0.226158351721514,0.197661074365293
1587,0.223768351972153,0.224688285431713,0.207602527859103,0.208288809101786,0.258656176893017,0.219002930022202,0.272111267094887,0.226701232901888,0.197985628997708
1588,0.224131579861731,0.225130988236684,0.207882721777437,0.208603958631924,0.259027765038788,0.219770592530864,0.272526017772934,0.227217862956119,0.198323865268997
1589,0.224473739977128,0.225580997323358,0.208140491739578,0.208897188984585,0.259384419877372,0.22051818645803,0.272916395810197,0.227727233226849,0.198687004517854
1590,0.224833453350966,0.226015364359414,0.208413119793293,0.209193089741345,0.259736575488117,0.221273814275398,0.27332496632103,0.228225252089765,0.199013025788664
1591,0.225216309296158,0.226448640310978,0.208701155564078,0.209482838334163,0.260083868079541,0.222063999325769,0.273728762231786,0.228704273173695,0.199320388189314
1592,0.225574860650393,0.226862724942165,0.208972686829142,0.209774872826092,0.260430866791143,0.222817682854288,0.274129060069641,0.229181580145042,0.199634064721447
1593,0.225932366757861,0.227250334173236,0.209246406915445,0.210063239467349,0.260772974413954,0.223551684295583,0.274544961872198,0.229646580646413,0.199918604976498
1594,0.226275111203545,0.227652116611488,0.209509805730141,0.210352313470474,0.261103364809306,0.224275626511957,0.274948674351644,0.230115989540236,0.200220739720828
1595,0.226584623573787,0.228049497477056,0.209755714664934,0.210647484807825,0.261424772171077,0.224956019929252,0.275340275031918,0.230586267290553,0.200553563167482
1596,0.226918348258742,0.228446112090639,0.210003213660185,0.210928518150711,0.261757261172038,0.225667753260932,0.275728211426812,0.231053305848138,0.200861258706314
1597,0.227269360726052,0.228861181842953,0.210243671459931,0.21120257333056,0.262091331704335,0.226389685037926,0.276121670975031,0.231540394023215,0.201148100879308
1598,0.227596849069549,0.229248443089659,0.21049027842235,0.211478932934561,0.262407674772601,0.22710749411748,0.27649551179538,0.231986761927233,0.201447673297168
1599,0.227923002432957,0.229606026819918,0.210735328780831,0.211746864571459,0.262726737783349,0.227859612020681,0.276832148136542,0.232397422027044,0.20175471687369
1600,0.228244433580072,0.22998417268804,0.210979550164218,0.212012471953674,0.263037227366862,0.228574975799274,0.277201121082937,0.232817440067063,0.202042034156135
1601,0.228543280379045,0.230365206894343,0.211237295039061,0.212282647180066,0.263319546823906,0.229280086141735,0.277590645790511,0.233214949206043,0.202335193727984
1602,0.228850027202975,0.230730389496773,0.211479367511579,0.212539294601386,0.263616883726695,0.229958558003204,0.277960552397538,0.233619914404005,0.20260683002076
1603,0.229172089677227,0.23110865176428,0.211709648305427,0.212788774241009,0.263930378045442,0.230576234721868,0.278351384200977,0.234041427980441,0.202842549429328
1604,0.22947450980698,0.231464730962928,0.211941997882304,0.213034445917231,0.264227407121222,0.231236140175297,0.278708558394531,0.234451153051116,0.203092036586276
1605,0.22975739070147,0.231781154023167,0.21217446419142,0.21326216060542,0.264517161400923,0.231910072201265,0.279017355166146,0.234845564189063,0.203335462147934
1606,0.230048498163063,0.232124587728966,0.212390835898952,0.21350432850572,0.264806715854404,0.232565130638866,0.279350884622296,0.235239635559594,0.203585280165357
1607,0.230338278764527,0.23248156675206,0.212588005381794,0.213760938754858,0.265090510415488,0.23324292137892,0.279691430246395,0.235635404471049,0.203848580205644
1608,0.230623407551236,0.23282069910405,0.212801663985744,0.213992504358524,0.265368203967186,0.233898979556421,0.280018458694841,0.236027504774082,0.204096675851384
1609,0.230911578082397,0.233160402114777,0.213014131471153,0.214208298144679,0.26562865216889,0.234499599887022,0.280346174206177,0.236410970295969,0.204336261989693
1610,0.231192244077477,0.23349854563434,0.213222866528285,0.21444403414467,0.265909597881544,0.235149114563377,0.280672378753977,0.236800976467832,0.204580003110839
1611,0.231459135158275,0.23382760385123,0.213445744364779,0.214682231195367,0.266207393718989,0.235875025556362,0.280985856796105,0.237203929714846,0.204813785918152
1612,0.231732923581238,0.234149522499713,0.213661093023987,0.214905784761881,0.266486324034624,0.236505458164861,0.281299538553988,0.237578072470245,0.205052548352221
1613,0.232014097951513,0.234477783332982,0.213863692334078,0.21514599290634,0.266789469474627,0.237082988029698,0.281620010597472,0.237943209763718,0.20531329964249
1614,0.23228717730339,0.234790961727475,0.214066792020341,0.215365458381411,0.267057487519189,0.237680361107013,0.28193193080819,0.238301702507475,0.205544891551283
1615,0.232559038396967,0.235077819758701,0.214272947034072,0.215539031782267,0.26727172860896,0.238200378870027,0.282228225879422,0.238633248033651,0.205746873606902
1616,0.232822242786595,0.235374924216865,0.214477207757277,0.215742290444801,0.26751304762861,0.23878160423751,0.282533893653505,0.238972592670977,0.205971222908667
1617,0.233076401388614,0.235675661591984,0.214684562468114,0.215960448403411,0.267749561474986,0.23945748633732,0.282856709156706,0.239311454095542,0.206189499166139
1618,0.233328159752018,0.235967928036639,0.214872987837714,0.21617663251674,0.267993151828423,0.240066495304479,0.28315494756926,0.239651728180101,0.206412462310865
1619,0.23357511883684,0.236266286627862,0.215052486459369,0.216417273584697,0.268277945484268,0.240667866761873,0.283447324832196,0.239990177168443,0.206661791654339
1620,0.233818793532133,0.236547862737233,0.215226235549211,0.216627553339019,0.268512848742937,0.241226895257186,0.283723253430049,0.240329789859534,0.206894244708368
1621,0.234058234046032,0.236810243815734,0.215373674867526,0.216820128041737,0.268705391673462,0.241706777055368,0.283963707101332,0.240680216874012,0.207119473256477
1622,0.234295043392563,0.237079975334253,0.215539918251902,0.217011979418795,0.268923159943197,0.242242771742915,0.284224815846559,0.241015885330827,0.207330936319885
1623,0.234527038391313,0.237344400398863,0.215717744370062,0.217178784653907,0.269115593896037,0.242784685428909,0.284485445090172,0.241344544074357,0.207527547663098
1624,0.234760188076223,0.237603356845008,0.215890340189571,0.217360884270109,0.269331763233234,0.243323372973353,0.284753469419343,0.241666038177616,0.207731184544176
1625,0.234994394644325,0.237855774234414,0.216064043509781,0.217547386201615,0.269585055761218,0.243886786361227,0.285045602248934,0.241977081942815,0.20793478934315
1626,0.235217128863063,0.238115634326014,0.216235591085079,0.21773769760021,0.269821471751848,0.244445094045023,0.285307566364981,0.242284789557032,0.208121094761711
1627,0.235434163744438,0.238380035919945,0.216416846793819,0.217946753830515,0.27006488058154,0.245007496260566,0.285546970384362,0.242594803529322,0.208295928276536
1628,0.235651654273497,0.23863782247257,0.216578790328656,0.21813230071259,0.270288251037739,0.245542908015504,0.285805775434117,0.242887170384207,0.20847955838822
1629,0.235859747047847,0.238911291724384,0.216728772629591,0.218309899756419,0.270505129338586,0.246104851372263,0.286072402040585,0.243163329958394,0.208659873064133
1630,0.236075055635223,0.239158486009976,0.216877990039859,0.218487283701789,0.270709424407545,0.246600444576595,0.286316849332165,0.243437462663993,0.208828624659554
1631,0.236301678999559,0.239374649240766,0.217008720309782,0.218645543645951,0.27087618040782,0.247000633243264,0.286575302903986,0.243693520905357,0.208997449230472
1632,0.236507373564789,0.239601110806398,0.217144974940222,0.218807274335305,0.271066364564581,0.247457238772925,0.286799158389801,0.243955779047021,0.209166955493989
1633,0.23670138155289,0.239826444522862,0.217291029301643,0.218974759501973,0.27127037134531,0.247905589809992,0.286966443493494,0.244214841143633,0.209311082354294
1634,0.236898756061938,0.240044747451444,0.217425458089731,0.219138526632914,0.271465807287866,0.248368330007724,0.287167323915363,0.244485107305513,0.209475885553542
1635,0.237088742874471,0.24025448764706,0.217551176036796,0.219300520631352,0.271678390976706,0.248898485550933,0.287373422195264,0.24476825243804,0.209672795998524
1636,0.237275625324468,0.24047528348407,0.217677866718122,0.219455829699834,0.27186331695494,0.249355824908199,0.287577128479528,0.245038596942543,0.209847162017772
1637,0.237456964985654,0.240688616328284,0.217792886005697,0.219600657298571,0.272006955342213,0.249758667925919,0.287796379995678,0.24532379203639,0.210027235431102
1638,0.23764818195169,0.240910759766096,0.217920415597804,0.219757488401091,0.272183160792766,0.250183737462961,0.287999682251248,0.245578568359593,0.210178334778507
1639,0.237834864981504,0.241160346454134,0.218058925753186,0.219917013698069,0.272362125808008,0.250567456261847,0.288183066891667,0.245794401791917,0.210289938491677
1640,0.238027256801485,0.241387946159012,0.218189100615524,0.220069590507637,0.272550378584335,0.250988987148208,0.288382746759401,0.246034185335891,0.210426807931349
1641,0.238248507514283,0.241618587104544,0.218320719274989,0.220238727239773,0.272779033135674,0.25147353978819,0.288605367032756,0.246279234433481,0.210551030740378
1642,0.238437649181028,0.241820625941709,0.218449624042659,0.22038655393981,0.27296963285349,0.251895107437909,0.288791343872781,0.246509243541968,0.210692807233407
1643,0.238607830148232,0.24198273746867,0.21856508083642,0.220507660259139,0.273140467864958,0.252323947984502,0.288956789066589,0.246742967313242,0.210869856294774
1644,0.23877941570852,0.242171229775922,0.218695914190096,0.22064206208886,0.273311411045108,0.25269331108553,0.289137087586001,0.246972966518341,0.211022857216261
1645,0.238935682000045,0.242353202197468,0.218849990450282,0.220775268490863,0.27346207218815,0.252970983638928,0.289302013449249,0.247186595434874,0.21116696605191
1646,0.2390938639537,0.242539595518227,0.218976974050942,0.220908036594533,0.273621895869845,0.25329819526003,0.289464358232609,0.247399520806951,0.211313511376074
1647,0.239247919096566,0.242759344343083,0.219095692526684,0.221045166343674,0.273788896594161,0.253634939293978,0.289638748707703,0.24761487386752,0.211451195658917
1648,0.239406450919759,0.242944294379633,0.219213921185137,0.221180077890399,0.273944516376989,0.253930596580412,0.289807063253354,0.247828597612709,0.21158967693644
1649,0.239569725044129,0.243104642098056,0.219312302435596,0.221318241532101,0.274100142964394,0.254205943966868,0.289952647726922,0.248036456855633,0.211736961114508
1650,0.239719843709332,0.24326590655838,0.219415952607813,0.221441266889886,0.27424410621836,0.254510689126228,0.290114495892598,0.248239925033269,0.211868022132877
1651,0.239863523782917,0.243407555967978,0.219533338850599,0.221555532532996,0.274361679928948,0.254808181504978,0.290297305463625,0.248447318130747,0.211980280146411
1652,0.24001636733218,0.243562545220082,0.21963375728436,0.221671620031361,0.274506081317537,0.255084389553307,0.290467211263221,0.248649377963325,0.212109352520039
1653,0.240169142513728,0.243717985707286,0.219711331237773,0.221774388198066,0.274670782010369,0.255405345306255,0.290624308696039,0.248847481308729,0.212247980627152
1654,0.240311241269817,0.24387871432867,0.219808201948551,0.221886288762708,0.274809948677538,0.255669934847808,0.290796917427398,0.249029483953764,0.212369702825683
1655,0.240456733846274,0.244066088144614,0.219911183498883,0.22200370392989,0.27495011730528,0.255867576433441,0.290992819844224,0.249196041488959,0.21249164594299
1656,0.240596819531725,0.244211909575094,0.220007509598784,0.22212142893804,0.275087002730468,0.256067117025205,0.291151218563915,0.249373845937918,0.21261014013976
1657,0.24072403328141,0.244337112349515,0.220111990951346,0.22223913684234,0.275195723366788,0.256243498788635,0.291295804422403,0.249540181858264,0.212704098154984
1658,0.240848322054689,0.244464618757279,0.220210024361025,0.222359710355409,0.275321997321333,0.256432794174489,0.291442670512571,0.249714777245429,0.212815301627569
1659,0.24097502760811,0.244562601491359,0.22029516726326,0.222493436701734,0.275479711211103,0.256614574752872,0.291559551134664,0.249914942170107,0.212953382151021
1660,0.241096296636639,0.244674588129477,0.220389376535098,0.222609526113662,0.275601957361768,0.256788534836232,0.291692805953016,0.25008860679613,0.213060097345552
1661,0.241202903341517,0.244797250270945,0.220487639066177,0.222723388260309,0.275692318576075,0.256985651597818,0.291847914028055,0.250241502684176,0.213143465148064
1662,0.241316604634852,0.244916223968947,0.220588178999242,0.222822919185293,0.275810881185595,0.257143193989021,0.29198584849811,0.25040440736371,0.213249822025375
1663,0.241429957193348,0.245028764315259,0.220694849573226,0.222897032029059,0.27593007982602,0.257248955321935,0.292114323840555,0.250558195455632,0.213355761614259
1664,0.241551670805698,0.245147884885013,0.220794846109266,0.222988662439889,0.276044371026135,0.25739008081153,0.292239951886471,0.250721561871807,0.213454940010348
1665,0.241679857703505,0.245274581366054,0.220904458118208,0.22308547622144,0.276179422031119,0.25753946331524,0.29236249087716,0.250905697494201,0.213578124412961
1666,0.241803149020166,0.245396827162784,0.220991662483205,0.223172269408776,0.27629756857426,0.257673948289966,0.292478706393753,0.251061661485551,0.213669641403926
1667,0.241943014069972,0.245526570921126,0.221061857194622,0.223269294789637,0.276394709369172,0.257846462250791,0.292575641353764,0.251216788546054,0.213719577426677
1668,0.242054635325598,0.245638819177191,0.221133249377934,0.223344614558767,0.276498525494567,0.257941995770855,0.292696705880857,0.251344243171411,0.213801076123598
1669,0.242148821200597,0.245743955745714,0.221192919451898,0.223394510241346,0.276613827507785,0.257983126235654,0.292833417048881,0.251424969976093,0.213894743491384
1670,0.24223920704769,0.245841567066934,0.221252197346604,0.223456902012288,0.2767071106085,0.258022992126407,0.292954251334064,0.251544728420323,0.213973768984571
1671,0.242306603147707,0.245918936032438,0.221305294939391,0.223502300427789,0.276782422492758,0.258061335467915,0.293090560779617,0.25167253640464,0.214056363407326
1672,0.242389816648816,0.246008221935988,0.221366924833021,0.223579961798216,0.276863612788069,0.258008582315765,0.293199340820239,0.251790285026213,0.214137405734744
1673,0.242474792398247,0.246095945926853,0.221424223945086,0.22368739610843,0.276938579519532,0.25788775862076,0.293271426974946,0.251927648816783,0.214204678652111
1674,0.242561953671434,0.246189807030555,0.221490461588167,0.223768712806997,0.27700831632572,0.257788499252531,0.293370640292947,0.252045543740728,0.214278321801203
1675,0.242662795538711,0.246298553283852,0.221577963313727,0.223861889262994,0.277066433698951,0.257626295198532,0.29347243211048,0.252139269135339,0.214363475616106
1676,0.242742991198283,0.246384797632819,0.221641016548787,0.22393652638693,0.277147992473447,0.257473346719342,0.293576162931542,0.252240933534022,0.21443985147807
1677,0.242822625596278,0.246467757055628,0.22169661457105,0.223986211359009,0.27724849637309,0.257371303424369,0.293699304986704,0.252350207969477,0.214509039198049
1678,0.242880898294305,0.246537886382625,0.221746200497615,0.224039951538665,0.27731533353386,0.257187551813754,0.293798830334336,0.252444384609298,0.214576960785657
1679,0.242898094870532,0.246585095343043,0.22177300877892,0.22409337371783,0.277376783668835,0.256938491244311,0.293884182457411,0.252528533001719,0.214638711841308
1680,0.242963940424369,0.246643499481032,0.221821768143963,0.224142241083198,0.277447810932401,0.256681489598667,0.29397337322537,0.25260807212794,0.214712336290243
1681,0.243051162992786,0.246708965206967,0.221881307449473,0.224186248386883,0.2775022076423,0.256394309062027,0.294061832579506,0.252680946551929,0.214795620173828
1682,0.243113113750721,0.246752807535658,0.221931378593204,0.224219416794243,0.277550475435558,0.256094800752606,0.294133662845579,0.252748006492552,0.2148597232286
1683,0.243195044570241,0.246784188598182,0.221996951066449,0.224243700467022,0.277619884814527,0.25577444568974,0.29419472019308,0.252810359592353,0.21492550755329
1684,0.243254792283753,0.246821311167447,0.222031361757915,0.224273927317447,0.277663813922312,0.255426082998812,0.294261608474653,0.252862561678402,0.214983275274661
1685,0.243277059241765,0.246851838379526,0.222036811916899,0.224291995761803,0.277667626627331,0.255074303278999,0.294316923424165,0.25291099993987,0.215034723242689
1686,0.243319311089984,0.246870891089952,0.222063630849868,0.224322583186122,0.277695518067265,0.254657137537966,0.294375272152737,0.252941468514427,0.215056223139762
1687,0.243373438357645,0.24688825278808,0.222086733096879,0.224367026134537,0.277739293629656,0.254183099719392,0.294438490962558,0.252949524284578,0.215048534044062
1688,0.243421226724054,0.246905753128852,0.2221083962872,0.224402799759292,0.277765295364396,0.253704664440543,0.294504971520513,0.252972680333066,0.215079972706756
1689,0.243473630303956,0.246909451182499,0.222145601720191,0.224439555218042,0.277790063535711,0.253173727716637,0.294572729255687,0.252980747341784,0.215105426728285
1690,0.243497258375219,0.246913243624335,0.222160837573609,0.224467539464165,0.277794342977446,0.252667011836376,0.294627063482844,0.253016453490877,0.215126980749716
1691,0.243513103100544,0.246928005995952,0.222161294541814,0.224499003189132,0.277782706850518,0.252161382816707,0.294697843533007,0.253088197440479,0.215188256088287
1692,0.243518032295966,0.246925305236998,0.22215616781792,0.224506173265481,0.277772640568166,0.251644073648687,0.294723791231017,0.253110509088901,0.215206176665685
1693,0.24348591244401,0.24690459160208,0.222140217423441,0.22448623923963,0.277742305108202,0.251133893942235,0.294706281991681,0.253128533482566,0.215173915878048
1694,0.243487161822041,0.246887178120278,0.222128402167074,0.224494993556982,0.27773282474984,0.250581081625955,0.294717463362671,0.253123849410622,0.215180183822611
1695,0.24350177620289,0.246869256173731,0.222107285017479,0.22450500178428,0.277735805165264,0.250006487895247,0.294710866065047,0.253074135717493,0.215207887441457
1696,0.24351140810607,0.246845141636511,0.2220940509063,0.224508393832336,0.277726341050023,0.249415394126439,0.294735829876509,0.253056382949166,0.215206007739458
1697,0.243532616733185,0.246812225422765,0.222092338080842,0.224534313230477,0.277727040592165,0.248793194381798,0.29479683123054,0.253053184543891,0.215198382492466
1698,0.24353538708077,0.246783423710344,0.222070552417259,0.224524089962972,0.277697186294858,0.248165910282023,0.294815642054912,0.253020851729396,0.215186524089159
1699,0.243535221857686,0.246756863359344,0.222040833081537,0.224484366062883,0.277637087186882,0.247505973036272,0.294830480672047,0.252987170005325,0.215159339933098
1700,0.24351647943425,0.246717152827398,0.222007730650643,0.224456008304537,0.277612991191914,0.246903048863497,0.294832740023733,0.252930311039982,0.215129642095851
1701,0.243482268586507,0.246672383043361,0.221955046926908,0.224419087347599,0.277593540559677,0.246299022415598,0.294808177587576,0.252844463239823,0.215101197655562
1702,0.243447092951718,0.246625934921862,0.221934689141478,0.22438809096049,0.277559122226599,0.245736430694,0.29479663463623,0.25276754283032,0.21506420213396
1703,0.243399057357425,0.246577269599116,0.221928771753584,0.224358374083625,0.277543917499961,0.24522415861032,0.294794658591754,0.252676466263007,0.215009686905547
1704,0.243353568679329,0.246504569131112,0.221909849651714,0.224326438644745,0.277501433878766,0.244703877711255,0.29476556634202,0.252613196000283,0.214969048231212
1705,0.243301195552804,0.246420971603602,0.221903402184448,0.224298181220026,0.277426524606577,0.244189574919006,0.294719009338833,0.2525676611847,0.214933384124339
1706,0.243265958078849,0.246339426451199,0.22188361911636,0.224258501615879,0.277370062855426,0.243699400117698,0.294684266559339,0.252484971820061,0.2148986415164
1707,0.243240398197943,0.246239489881218,0.221856331614957,0.224216073110703,0.27732494128771,0.243231849187633,0.294639589215965,0.252399714735551,0.214872976413985
1708,0.243180104049684,0.246167768739531,0.221803142052291,0.224158058557455,0.277253379037886,0.242767541712215,0.294620213970414,0.252317201284594,0.214826218090906
1709,0.243136993900948,0.246060475564222,0.221745747939416,0.224083153353885,0.277170428263364,0.242322787131224,0.294581555641037,0.252213262512773,0.214759961463327
1710,0.243073358159264,0.245934615226878,0.221690823441224,0.22401704951949,0.277071684291838,0.241905350150512,0.294514964700248,0.252104486889982,0.214671652845017
1711,0.24297713193053,0.245817014728123,0.221624292123776,0.223958973773676,0.276963037159042,0.241495867754716,0.294432007445368,0.252019441118848,0.214576628528162
1712,0.242901765233683,0.245697903848791,0.221592440209358,0.223897218249251,0.276872635429823,0.241132952254995,0.294324970667139,0.25188656944483,0.21450907305454
1713,0.24282198643482,0.245582662032407,0.221560975554329,0.22385627115212,0.276786613487152,0.240755414516397,0.294234823758054,0.251719864660446,0.214454883687693
1714,0.24269992843064,0.245470900743897,0.221489186898812,0.223787096632152,0.276690969716013,0.240394435844885,0.294175539754334,0.251554753327683,0.214387704007662
1715,0.242599073066037,0.245336546060627,0.221406785458746,0.223673280051498,0.276595881013055,0.240067791302023,0.294092171254522,0.251374386746955,0.214302906883361
1716,0.242462635501773,0.245173423565444,0.221279220639815,0.223563783357793,0.276469801391085,0.239663322801769,0.293972442131444,0.251225195966714,0.214198646297711
1717,0.242339931755178,0.245003399030818,0.221176771485678,0.223442441241746,0.276346352577405,0.2393179339904,0.293856266864042,0.251036580728999,0.214076988538705
1718,0.24223811739899,0.244801065843464,0.221096241951794,0.223299486191981,0.276220726717281,0.239014631344471,0.293702442945945,0.250831985410697,0.213936227072923
1719,0.242111786398684,0.244616197037916,0.220994329002184,0.223174324082238,0.276094717321929,0.238676788402962,0.293565223416278,0.250622919623062,0.213801921598827
1720,0.241988960787669,0.244458204715418,0.220895661004124,0.223046765627679,0.275978439454204,0.238394365937788,0.293472737676119,0.25036716982176,0.213640410299774
1721,0.241844930835164,0.244262896134408,0.220788819832454,0.222918434200605,0.275840875214758,0.238050753277559,0.293332738353208,0.250129567365207,0.213500311955111
1722,0.241655769715622,0.244048293943414,0.220655271272268,0.22281256332204,0.275684446910051,0.237578343667851,0.29314595331389,0.249920528371708,0.213383975032586
1723,0.24148588446345,0.243831302141108,0.220523731839878,0.22268817917936,0.275532921299127,0.237206169824388,0.292982811749308,0.249684702901214,0.213255278725701
1724,0.241309303188941,0.243577216088264,0.220397575560644,0.222561748326248,0.275366366369677,0.236925012207131,0.292808125105117,0.249434521155391,0.213144738397895
1725,0.241147763049532,0.243338058477279,0.220265991595406,0.222410043766756,0.27520173923996,0.23655556196564,0.292632234889394,0.249177689117402,0.21300405004061
1726,0.241022151645755,0.24313391960787,0.220131986686121,0.222227197671336,0.275059024174558,0.236175639767082,0.292493833494915,0.248901839305214,0.21284090683944
1727,0.240859949831049,0.242887911774266,0.219985624977383,0.22205637178001,0.274890488519205,0.235806655907758,0.2923163647919,0.24863143042026,0.212676443672538
1728,0.240682359643032,0.242587471643097,0.219818243218947,0.221863801119383,0.274685848303175,0.235330853739787,0.292082387940618,0.248360292337611,0.212485057582981
1729,0.240505749764448,0.242338468137688,0.21966956173193,0.22168599418936,0.274510594927276,0.234944614754513,0.291887423539145,0.248081309023049,0.212305087398924
1730,0.240307524784052,0.242110453745912,0.219533601381775,0.221543121929625,0.274347626299127,0.234706935799734,0.291720162153694,0.247808013960843,0.212140762122638
1731,0.240108752949048,0.241858898127951,0.219378011876865,0.221367406296265,0.274163610864101,0.234350602104812,0.291510911073963,0.247514955793014,0.211953506283208
1732,0.239910576155496,0.241631410759708,0.219221012477783,0.221175673908168,0.273989433578387,0.233944264189557,0.291299209414742,0.247212161986456,0.21177073595615
1733,0.239715523174281,0.241390156959534,0.219068875726179,0.22097971171858,0.273805912542914,0.233541430025026,0.29107834748579,0.246894950616934,0.211555175390363
1734,0.239518629609264,0.241110847969086,0.218893336628333,0.220750540389179,0.273602868769918,0.233072506999582,0.290800218310067,0.246556378379211,0.21130243700065
1735,0.239314717776832,0.240842456589386,0.218729735968474,0.22054955106712,0.273391511772759,0.232636282602876,0.290566493568886,0.246214322614296,0.21105824691165
1736,0.239127392285334,0.240606754679031,0.21860172040596,0.220372482910966,0.27318656921769,0.232240414712075,0.290388940941078,0.245870183139818,0.210781773123898
1737,0.238908366934191,0.240332723532881,0.218440742860325,0.220173671706815,0.272964211153947,0.231811533665857,0.290153930063989,0.245504562739437,0.210539206628564
1738,0.238648944115202,0.240031328414189,0.218263408526073,0.219989041219205,0.272712836758373,0.231387928867327,0.289892905359129,0.245126687135471,0.210326102083666
1739,0.238416287093179,0.239726316902828,0.218077050182638,0.219768563632665,0.272468428027357,0.230898529638444,0.289640879408291,0.244731443683579,0.21008575273049
1740,0.238191904255065,0.239404135646305,0.217857616913769,0.219510219290958,0.27222686330671,0.230371408038994,0.289367973803837,0.244303737943001,0.209846975342458
1741,0.237944644423111,0.239074716576576,0.21766399426415,0.219266003771821,0.271964947756457,0.229825123112041,0.289091643353059,0.243884977057694,0.20960311441298
1742,0.237704863625167,0.238727320948364,0.217492268629059,0.218999345038131,0.271689500714205,0.229218013420103,0.288821322829605,0.24347168084231,0.209353820655933
1743,0.237443783986315,0.238391982952336,0.217285885942821,0.218759526920888,0.271415273432292,0.228631668384483,0.288547608493682,0.243030988665613,0.209082631778423
1744,0.23714170413304,0.23805778685928,0.217075161708018,0.218551043475843,0.271123875405979,0.228064258317119,0.288250883753769,0.242577238233988,0.208799697377312
1745,0.236868836029492,0.237721635416233,0.216858905692922,0.218307965435335,0.270855978848397,0.227428092210412,0.28796642001203,0.242122562752788,0.208520216279331
1746,0.236624578518562,0.237407747153057,0.216616075107412,0.218065447881414,0.270607395343855,0.226743201231234,0.287704627430098,0.241632960386374,0.208216184509878
1747,0.236331722049731,0.237037386745829,0.216374199574718,0.217802697090148,0.270328272132713,0.226083785066054,0.287419942361907,0.241179121143272,0.207927408705464
1748,0.23601458552154,0.236633652684996,0.216141045200916,0.217502730917509,0.270056067031608,0.225399277120107,0.287125390831438,0.240760410915963,0.207651781675529
1749,0.235705953841428,0.236229276162005,0.215889546207361,0.217218920103231,0.269741614248356,0.224687803725286,0.28681817944886,0.240287572691221,0.207373604637154
1750,0.235363387937492,0.235778683072209,0.215604019317062,0.216935098071561,0.269385313358471,0.223997528856371,0.286496537249326,0.239804435914783,0.207094293751693
1751,0.235048682800969,0.235380488355989,0.215350596078591,0.21665638938535,0.269051210643508,0.223267897730962,0.286181097203898,0.239314288877777,0.206800803539193
1752,0.234768315067433,0.235008391823509,0.215114247424697,0.216383889820258,0.268693724049466,0.222461077486813,0.285860453028242,0.238780106380521,0.206518591666046
1753,0.234463153451779,0.234627174130287,0.214867646203479,0.216109822421651,0.268379395768613,0.221710870832506,0.285529880537614,0.238280320653651,0.206209477561315
1754,0.234142684722832,0.234272892684299,0.214627600862247,0.215834064363114,0.268097686400398,0.220976960079252,0.285193354669385,0.237806470648679,0.205869218244165
1755,0.233855090101975,0.233849262340778,0.214370296305183,0.215554288092041,0.267773037571726,0.220220325157664,0.28485464993277,0.237299877635082,0.20555736571309
1756,0.233537701401549,0.233421260388917,0.214112323233958,0.215268498708552,0.267447233769729,0.219524973599762,0.284515668720829,0.236784009912894,0.205217288892888
1757,0.233215786315933,0.23300505932283,0.213853659799594,0.214957566550197,0.267082394128701,0.218874077728778,0.284178604184334,0.236294848398969,0.204900762428443
1758,0.232891691733175,0.232580036938716,0.213606065254178,0.214695675720955,0.266744704759995,0.218179277964073,0.28385380648256,0.235818189636196,0.204621787890262
1759,0.232545910966572,0.232187269900936,0.213370838715525,0.214459584153494,0.266427032337527,0.217471075520877,0.283505949915301,0.235340182309235,0.204317135507253
1760,0.232208279744422,0.231788825313341,0.213124953158531,0.214180847130836,0.266109180771704,0.21682521347913,0.283140104718136,0.234867251004924,0.204015585822207
1761,0.231890263197102,0.231373588927452,0.21286961397361,0.213922050702194,0.265818465783057,0.216223226574226,0.282791634056587,0.234380441497408,0.203737206352887
1762,0.231577914141084,0.23097399935351,0.212612421537052,0.213642640213379,0.265508832166805,0.215640426194548,0.282454260463019,0.233878507020806,0.203427135966551
1763,0.23127625534718,0.230574251455437,0.212354386873866,0.213311312947425,0.265179941775365,0.215084571292888,0.28211054724521,0.233385049031563,0.203112374573705
1764,0.230961703118927,0.230188885674245,0.212106464321357,0.213029200657417,0.264849991806445,0.214534162454115,0.281782528568388,0.232929355419782,0.202840517452219
1765,0.230644898468528,0.229798702166253,0.211855722602879,0.212764275186266,0.264511864481437,0.214036180412798,0.281473619771879,0.232484158230072,0.202555018183028
1766,0.230356103976973,0.229404054835352,0.211627749615697,0.212501486245547,0.264187265755357,0.213595478430395,0.281165033830679,0.23201819631462,0.20225857972735
1767,0.230083772954936,0.229058149056014,0.211435535213593,0.212279584768738,0.26391828128676,0.213223320259336,0.28089377999543,0.231574066658398,0.202003480489968
1768,0.229848920374282,0.228736884823108,0.211226650206078,0.212049423169054,0.263685004946726,0.212898685244682,0.280664039220314,0.23116601335222,0.201767974902891
1769,0.229613788598317,0.228437301156851,0.211020579826121,0.211803509366531,0.263447040901025,0.212491238496569,0.280426976003836,0.230770239571915,0.201525900260483
1770,0.229368406424223,0.228156334301485,0.210808055498567,0.211573050216337,0.26320338949307,0.212019397211204,0.280180651090519,0.230408757810311,0.201293031713834
1771,0.229132760950143,0.22785698999965,0.210581116592866,0.211332103249138,0.262899841253323,0.211544863408624,0.279922085210324,0.230073040061558,0.201072501958574
1772,0.228901635579374,0.227562730493871,0.210383053898365,0.211101710624871,0.262642895091361,0.211162510041781,0.27967895099522,0.229727882257997,0.200849220701349
1773,0.228702420815924,0.227250430520561,0.210220299570848,0.210854423296171,0.26240000091794,0.210880799358478,0.279433212417973,0.229386108357847,0.200637966816791
1774,0.228496169499964,0.226982665981953,0.210071454329255,0.210658853195987,0.262171079429452,0.210579448947428,0.279215805481345,0.229059564334562,0.200439000293803
1775,0.228265438731301,0.226730640278334,0.209929048124361,0.210505721708024,0.261966983276069,0.210314496699081,0.279010793537658,0.228735010462215,0.200231585085155
1776,0.228075012943042,0.226505501024313,0.20979851918998,0.21035406842394,0.261794778701455,0.210058784227314,0.278843390378413,0.228432758135956,0.200055035033903
1777,0.227907197358169,0.226334247045131,0.209702486431953,0.210257618696506,0.261648025768676,0.209769036109865,0.278709695023661,0.228131646580554,0.199896148219726
1778,0.227732131801382,0.226145216972457,0.209577895733557,0.210118703305445,0.261500014929371,0.209531907107952,0.278573413437234,0.227877651770219,0.199749710587777
1779,0.22757312990383,0.225958675681038,0.20943311456195,0.209932840693822,0.261374841546674,0.209357553212025,0.278477859505819,0.227669811838136,0.1996219255729
1780,0.227429034809405,0.225792019491498,0.209320899731889,0.209795078441043,0.261254245958687,0.209168449864505,0.278355269674606,0.227457294770599,0.199511960989831
1781,0.227271158458882,0.225626625197348,0.209207496791588,0.209660250568197,0.261126662242679,0.208967257430251,0.278206970475611,0.227267322844214,0.199425849072308
1782,0.227173236249219,0.2254923675203,0.209126647365145,0.209558657060567,0.261031382348563,0.208839170259907,0.278116641021632,0.227099357871513,0.199339859900805
1783,0.227128687924399,0.225377645972651,0.209082342139836,0.209508553297869,0.260970147717349,0.208778498367132,0.278028612581828,0.226937127735686,0.19927328634661
1784,0.227063198767927,0.225288572714193,0.2090422303849,0.209444461418676,0.260920043871102,0.208673345347059,0.277980166083238,0.226794727190415,0.19921601612697
1785,0.227020191709341,0.225230375756241,0.209015196237708,0.209392562473843,0.260889502355631,0.208610029935994,0.277993532365695,0.226688678421344,0.19916535138784
1786,0.226965669111042,0.225159672281155,0.208980869574951,0.209325461170695,0.260839073773555,0.208503570410473,0.277974856281206,0.226571212198873,0.19911855208787
1787,0.226909293103392,0.225118557047386,0.208956786274697,0.209242516478499,0.260801652661714,0.208285125410343,0.277964441000774,0.226439539015475,0.199072734682564
1788,0.22685445002588,0.225054392991021,0.208953312267926,0.209197160854824,0.260748158970417,0.208219735611843,0.277972373439387,0.22636685223604,0.199031566985011
1789,0.226792090087199,0.224957320807428,0.208955105661346,0.209151883376302,0.260661636420601,0.208239870315114,0.277974007739396,0.226335841208952,0.198994746996217
1790,0.226779712581846,0.224932974854681,0.208997092634831,0.20915165078211,0.260661998334793,0.208252642110984,0.277997965295848,0.226332222691853,0.198955862530601
1791,0.226748662747764,0.22492844003389,0.20901276132988,0.209182243633923,0.260647435757507,0.208320608173794,0.278026769336236,0.226308312364304,0.198970017408605
1792,0.226757721057124,0.224929323276892,0.208987437876318,0.209168169858659,0.260650933539685,0.208412428103692,0.27802992198003,0.226281413373405,0.199004704536351
1793,0.22678749161902,0.22493021694702,0.208971175143548,0.209117765199253,0.260650643133994,0.208449551577113,0.278072596504803,0.226231566162093,0.199017197509996
1794,0.226765483920325,0.224924171736757,0.208972956217316,0.209091448155559,0.260657956152319,0.208443853526446,0.278136854675945,0.226197790896093,0.199043033019797
1795,0.226754470115066,0.224892754183635,0.208975058384358,0.209069170792081,0.260700757528213,0.20849996319083,0.278192088755597,0.226211012661276,0.199091469548898
1796,0.226794934067405,0.224906390263671,0.209014948712439,0.209075728026912,0.260741483054935,0.208646513272245,0.278269132380991,0.226225555493927,0.199134639730213
1797,0.226831848423734,0.224961013775174,0.209074421765945,0.209165429420752,0.260788242206124,0.208802928279544,0.27837110147936,0.226292674397594,0.19916616312777
1798,0.226886583379339,0.225026622871459,0.209096093714801,0.209215707059559,0.260804022283436,0.209024378330607,0.278449518486189,0.226399699822842,0.199209420045753
1799,0.226977599899477,0.225116325691193,0.209119843612801,0.209250917879137,0.260790961727004,0.209228490845755,0.278536014442842,0.22645690581902,0.199243919875902
1800,0.227029087702158,0.225188825970882,0.209158672379239,0.209319078565533,0.260808568477618,0.209278577956451,0.278632639005464,0.226502235477413,0.199277105019989
1801,0.227029087702158,0.225188825970882,0.209158672379239,0.209319078565533,0.260808568477618,0.209278577956451,0.278632639005464,0.226502235477413,0.199277105019989
1802,0.227094802154846,0.225260914006003,0.209182245500455,0.209388621599305,0.26088863698076,0.209374591510061,0.278739018183669,0.226566407164531,0.199324335223899
1803,0.227208914684461,0.225490348799524,0.209227757477077,0.209460018533571,0.261009647859807,0.209286274442199,0.278820726538815,0.226668540519821,0.199380095860502
1804,0.2272722172746,0.225609061213111,0.209304189297385,0.209545262631952,0.261128397391614,0.209444196115615,0.278927568259573,0.226664226421805,0.199422239886676
1805,0.227345787300655,0.225611231616446,0.20938452654662,0.209654963979557,0.26118286849898,0.209922055016617,0.279040074911122,0.226730917049786,0.199533339878958
1806,0.227463370529875,0.225678014259827,0.209520078644315,0.20979804778595,0.261263888773102,0.210337199320541,0.279199790467873,0.226834326704198,0.199636022060387
1807,0.227587934434827,0.22580544531216,0.209645937107857,0.209917314337579,0.261410347500892,0.21060033102696,0.279440816596599,0.226855694565666,0.199659921950199
1808,0.227679045311954,0.225885668247899,0.209681603824541,0.210016346001265,0.261540756052093,0.210747999300142,0.27960153387654,0.226818205573224,0.199626412008446
1809,0.227680626849183,0.22593741016546,0.209702012645574,0.210101196754915,0.261637068460772,0.210876924695535,0.279666691968248,0.226783316498678,0.199563509139419
1810,0.227686842553366,0.22603439523248,0.209760423136044,0.210199549681887,0.261736676103214,0.211024288977696,0.279752179968915,0.226835555100517,0.199552778669772
1811,0.227722114349955,0.226075579923944,0.209792436060528,0.210283192520084,0.261856906116737,0.211116060234274,0.279861935173051,0.226860497708019,0.199536251042497
1812,0.227745001893161,0.226066710753653,0.209846111473767,0.21032531148777,0.26194058080452,0.211236219691236,0.279930051603719,0.226880729719612,0.199500177418521
1813,0.227751342383606,0.226022329710285,0.209887494166502,0.21032916727224,0.262005412412229,0.211442001642876,0.279994395522174,0.226896311042738,0.199442488767497
1814,0.227782614331667,0.226069566996131,0.209895817016591,0.210360817428291,0.262068241494744,0.211560962694006,0.280098847173858,0.226908073336945,0.199430008305981
1815,0.227830042734025,0.226111544299268,0.209853236331348,0.210395405735564,0.26213547337596,0.211556775161067,0.280225063427641,0.22684217718961,0.199398494819835
1816,0.227824542039505,0.226062459134406,0.20980385691587,0.210404402299689,0.262104276420785,0.211664145588966,0.280223083553973,0.226789060634082,0.199314539395018
1817,0.227813521028037,0.226092826932897,0.209873721254716,0.210388904134566,0.262071497888462,0.211723322185323,0.280161052941982,0.226754769583593,0.199236606852823
1818,0.227835265260647,0.22612742352958,0.20991725989028,0.210375154131702,0.262100401607049,0.211632183034741,0.280151022272128,0.226690808388171,0.199179720893798
1819,0.227879279799176,0.226062780732159,0.209834089356205,0.210358459385869,0.262102234244683,0.211790628640709,0.280133595309564,0.226686597580006,0.199085337712739
1820,0.227867133264045,0.226012146125399,0.209803799679167,0.210357431746843,0.2620788551306,0.211925209824916,0.280115985714516,0.226683519202194,0.198981149991789
1821,0.227797418774787,0.225944663547184,0.209786507564072,0.210327505966893,0.262033802454307,0.211944539019187,0.280055684228665,0.226596647607122,0.198888782623547
1822,0.227668581630696,0.225879001778467,0.209743078670749,0.210263962512451,0.261947309220622,0.211941760710967,0.279987375026539,0.226441453511645,0.198823568167761
1823,0.227613895532507,0.225797440351738,0.209673918610477,0.210199608074055,0.261916062206485,0.212168647963252,0.27991854874295,0.22632032091314,0.198709537585567
1824,0.227588322028531,0.225707340310634,0.209650447721618,0.210202049550419,0.261895183197112,0.21218190872111,0.27986649909107,0.226201684283308,0.198498200880969
1825,0.227505927895573,0.225545595089611,0.209559694546284,0.210178324715357,0.261795476960716,0.211892435976774,0.279789285473868,0.226039960279579,0.198327025344928
1826,0.227433968036799,0.225325354093526,0.209443011541053,0.210100620118711,0.261675730411048,0.211765831603816,0.279689570167724,0.225889036450101,0.198253507003288
1827,0.22739317415771,0.225108932103035,0.209332999845119,0.210022175713642,0.261531177807269,0.211793016146904,0.279566176523479,0.225712604961827,0.198118156958162
1828,0.227303462082845,0.224949283772722,0.20918076288363,0.209941484579487,0.261426146461738,0.211654040786706,0.279425090899131,0.225445878449915,0.197883474998033
1829,0.227118987881376,0.224812664685095,0.209081386585306,0.20980605813603,0.2613252248163,0.211499422142346,0.279227683834108,0.225159156529068,0.19764970070719
1830,0.226925595061929,0.22459354684536,0.208951584109504,0.20966182362086,0.261166750162612,0.211340719512894,0.2789996689011,0.224883710595041,0.197435138318451
1831,0.226741003228003,0.224392448872046,0.208803750341315,0.209519687010503,0.261004269071345,0.211305325403171,0.278759488108329,0.22465423970019,0.197148532937188
1832,0.226553217128936,0.224127784601082,0.208585850314035,0.209392454463736,0.260846555017715,0.21098047429778,0.278530921123861,0.224310760953664,0.196837311534903
1833,0.226286329851596,0.223835363319106,0.208407820388922,0.209184969968487,0.26062692346692,0.210512476787245,0.278241564995022,0.223871438031049,0.196538465898014
1834,0.225981744003592,0.223496878555039,0.208162621107895,0.208926169432923,0.260345399955651,0.210098118978295,0.277899499427481,0.223480049780321,0.196222975102845
1835,0.225751485527788,0.223160189782691,0.207852815890731,0.208674787779445,0.260045688865371,0.209650838351911,0.27754103373895,0.223028561125237,0.195894359740883
1836,0.225568241498641,0.222870371553098,0.207588201687017,0.20844967288095,0.259739559726014,0.209292926349535,0.277210047339295,0.222542487683109,0.195456997534637
1837,0.225246509361661,0.222467939500929,0.207366314254938,0.208203763403436,0.259414564519937,0.208934401846449,0.276838375035652,0.222098264065104,0.194954137609296
1838,0.224864281990917,0.221960498141863,0.207107143638614,0.207866463017955,0.259055114046243,0.208361395305453,0.276391519131169,0.22162947668057,0.194560502306834
1839,0.224491542170255,0.221489764797908,0.206781244947001,0.207507367167019,0.258643329115991,0.207786905712925,0.275927506726888,0.221091854459539,0.194153296647853
1840,0.224097487471388,0.221091686167907,0.206411089921171,0.207090823785668,0.258207958394017,0.20716191007061,0.27544427001062,0.220518332784999,0.193704650041839
1841,0.223624719725329,0.220548215976996,0.206030920709521,0.206686342200142,0.257755932466326,0.206454983598449,0.274924305031795,0.219854261330375,0.193179885027094
1842,0.22312554486489,0.219935163435533,0.205581821616198,0.206273535613549,0.257257938184973,0.205657662716165,0.274355439006391,0.219151384261486,0.192677566888253
1843,0.222599847466915,0.219291657478509,0.205161315816325,0.205815487434421,0.256742790891101,0.204886775251076,0.273801271525261,0.218341353055007,0.192179318157678
1844,0.221985331287024,0.218545740789217,0.204700111899222,0.205315969175795,0.256182955432404,0.20406574192162,0.273194965197817,0.217439364208359,0.191565385198538
1845,0.221374136610543,0.217796438290279,0.204204992143478,0.204814755860717,0.255528809108298,0.203040869473237,0.272515517850756,0.216536429985132,0.190887593250895
1846,0.22072810226466,0.217098293427512,0.203679878181175,0.204177230622728,0.254830763146942,0.201827825967237,0.271782587899834,0.215688645354953,0.190238869788295
1847,0.220020455215685,0.216277131631677,0.20310290000807,0.203518598877621,0.254098340418469,0.200600409535614,0.270986328955522,0.214691981784992,0.189467588104474
1848,0.219266738575721,0.215358393920302,0.202468072442139,0.202845134409311,0.253294601358491,0.19935540050881,0.270113246448068,0.213580730926302,0.188612791297746
1849,0.218507593150027,0.2143688280942,0.201841406768468,0.202196354476178,0.25252280618707,0.198101002342288,0.269220725381948,0.212375316132414,0.18757594545512
1850,0.21759463043326,0.213311597626995,0.201113247139177,0.20139776595804,0.251592550510549,0.196663346821106,0.268190583167562,0.211117203755147,0.186596913191411
1851,0.216571735265009,0.212148575923289,0.200314804932123,0.200521473666218,0.250548485628067,0.195172817347509,0.267079303617576,0.209756491901175,0.185630492029161
1852,0.215537365526728,0.210934228630001,0.199407266362067,0.199614109957384,0.249399193550118,0.193607806222603,0.265813467071516,0.208297892938979,0.184583963851196
1853,0.214399959256736,0.209649526548502,0.198457787646713,0.198636316130626,0.248273720343282,0.191819704195323,0.264520508486035,0.206807056953772,0.18339266489694
1854,0.213168971373755,0.208270592464943,0.197498268374801,0.197556502602469,0.247056564704231,0.189750208890592,0.263171219018685,0.20521926643944,0.182127436165778
1855,0.211834415858956,0.206735091396717,0.196440820679542,0.196354881336593,0.245732946011436,0.187653376689675,0.261675224541398,0.203483649751926,0.180773212069128
1856,0.210424735112949,0.205065872260828,0.195273408752528,0.19510518888764,0.244348332667434,0.185534426937443,0.260094951196925,0.201659318723598,0.179314079707315
1857,0.208963351463107,0.203366233188855,0.194053585581056,0.193805733959874,0.242827851570915,0.1832327700944,0.258430107371925,0.199702919704705,0.177785212461331
1858,0.207454422856687,0.201645464572693,0.192808225168838,0.192448243514107,0.2411518453826,0.180833109692786,0.256692759404126,0.19764773286662,0.176256224108274
1859,0.20578956494348,0.199778500655552,0.191410868035101,0.190948214509434,0.239387414493482,0.178301503482782,0.254767424762121,0.195466692728147,0.174541803453077
1860,0.20404423166676,0.197808907638154,0.189913357210588,0.189405886468352,0.237563412149038,0.175601506319163,0.252729610812153,0.193123859616382,0.172671065798081
1861,0.202186875952923,0.19572794886163,0.188317101098358,0.187742247057777,0.235584022063006,0.172763082978543,0.250579524844271,0.19070833100749,0.17073644247016
1862,0.200197383276342,0.193586768902393,0.186602255281166,0.185951405109451,0.233454821169698,0.169805711883541,0.248280616531077,0.188233314739287,0.168744709816395
1863,0.198102520023371,0.191233750159781,0.184767944613852,0.184000846402681,0.231216999819675,0.166747441305141,0.245818278770885,0.185601120761653,0.166566314014627
1864,0.195874760233871,0.188674066455291,0.182939923764568,0.181985094093902,0.228900960133729,0.163405717061331,0.243302645321617,0.182799025302396,0.164244008194205
1865,0.193598905592443,0.18611791021723,0.181029800499511,0.1799094062418,0.226443836894754,0.160017649442912,0.240638817625972,0.179897030916274,0.16180366389175
1866,0.191175012241743,0.183431866142213,0.178911596047855,0.177722056658327,0.223804422432836,0.156529458528124,0.237814149214844,0.176858409560368,0.159254485763278
1867,0.188618946510779,0.180605896499054,0.176650434061872,0.175447204383187,0.221014255888326,0.152895372080093,0.234834260702007,0.173654783283011,0.156557092474832
1868,0.185907859352761,0.177662864329558,0.174334387249968,0.173002913809584,0.218091246742077,0.149157960128557,0.231710592613689,0.170369119674085,0.153750144877532
1869,0.183052439919451,0.174624563753925,0.1718333193456,0.170407906657466,0.214971417359564,0.145322641230635,0.228443155717519,0.166965602866989,0.150832545228142
1870,0.180120895660599,0.171486022996763,0.169282014178503,0.167756666900883,0.211755885252894,0.141428044501195,0.225033336059981,0.163464141643801,0.147817407904716
1871,0.177044828469131,0.168225784408913,0.166689637244624,0.164967314649786,0.208403046831643,0.137493576950759,0.221494952581561,0.159851329345079,0.144651822185182
1872,0.173886520977752,0.164829864399547,0.164024474254399,0.162094887304359,0.204984396270835,0.133303657799687,0.217745035975713,0.156123108062145,0.141416002506611
1873,0.170670084673077,0.161366035503598,0.161238753670249,0.159157827078541,0.20144980823997,0.129018014176691,0.213912940341922,0.152341241750018,0.138140196039311
1874,0.167344659958249,0.157929354166949,0.158341961315119,0.156209749018695,0.197772561450611,0.124777519174868,0.210033515848948,0.14855389822812,0.134771640458976
1875,0.163905178785132,0.154405911612977,0.155308176799974,0.153142461488893,0.193949480870964,0.120487700019159,0.205993929091483,0.144663636586515,0.131304589311414
1876,0.160406319867455,0.150785404239172,0.152277247049337,0.149963917953963,0.190046564948563,0.116246045519342,0.201910403727748,0.140771479938477,0.127789955564622
1877,0.156897959028976,0.147174137071193,0.149198423883969,0.146783006911336,0.18608914943758,0.11203495128253,0.197790685677627,0.136896332322382,0.124241320067525
1878,0.153338959938588,0.143522437662714,0.145981354193267,0.14357282562626,0.181985689344831,0.107942478953321,0.193575648870937,0.132972812322115,0.120625282141745
1879,0.149724731263666,0.139857147345079,0.142787380762741,0.140297097092413,0.177878415594912,0.103758375539172,0.189304059137398,0.129061513092592,0.116973046014884
1880,0.146051280173615,0.136086943942136,0.139587654091048,0.136889955779273,0.173711821421963,0.0994016395020065,0.184950800912771,0.125112642645154,0.113201820350902
1881,0.1423751929659,0.132423541128643,0.136364689067119,0.133562254574879,0.169523036110063,0.0952542138421102,0.180615831901544,0.121253351518501,0.109509923396831
1882,0.138607084064842,0.128780308494826,0.13304684810513,0.130212444554144,0.165235530712537,0.0911289482586501,0.176185673175226,0.117371892102982,0.10575090707363
1883,0.134829954186425,0.12512740963604,0.129782688478973,0.126839042346689,0.160931412445027,0.087110819915771,0.171755806800717,0.113545603420562,0.10208533200846
1884,0.131122434587189,0.121483807568822,0.126528200552836,0.123502304748216,0.156686849734469,0.083218912206165,0.167342143673617,0.109807188048091,0.0984374409268293
1885,0.12746779772586,0.117982242970025,0.123217039546761,0.120221086411425,0.15244633214705,0.0795830143200473,0.162964775875011,0.106187545451588,0.0948143840512615
1886,0.123865102394133,0.114543582913796,0.119999958211156,0.117007674816997,0.148259382979005,0.0759609652463246,0.158665512073377,0.102671271954607,0.0912692035589353
1887,0.120241240238544,0.111097678781833,0.116759589827715,0.11379497607266,0.144039890549627,0.0723223924109337,0.154314272247717,0.0991971531486998,0.087682874330136
1888,0.116808139847934,0.107817540485909,0.11364966754587,0.110696711867337,0.139990180487207,0.0690234460162463,0.150157643983967,0.0958921841951395,0.0842943451082822
1889,0.113462613733824,0.104641653625298,0.11058590597959,0.107661693086588,0.135939428929398,0.0659786199025388,0.146094420141876,0.0926918508904276,0.0810166020230915
1890,0.110195810160572,0.101595516217152,0.107628996403027,0.104732460690039,0.132103862128295,0.0629405977106339,0.142160266641705,0.0896561414600689,0.0778355185006777
1891,0.10700364948364,0.0986476677100087,0.104689016711541,0.101829547673605,0.128410039493811,0.0600124062663076,0.138322963202636,0.0867395888728239,0.0747102514303019
1892,0.103991040032075,0.0958476490423491,0.101942087781118,0.0991002714500524,0.124856379293114,0.0573430463593172,0.134627126364497,0.0839876583451097,0.0717819751157854
1893,0.101087093994399,0.0932148490601555,0.0993114974345542,0.0965042664626029,0.121435001969445,0.0548683964015691,0.131054950078865,0.0813915928762554,0.0689959153036686
1894,0.0982730596998195,0.0906288020742525,0.0968585897711967,0.09402667859495,0.118176007207661,0.0523680439355662,0.127592727880932,0.0789727141462032,0.0663175936755911
1895,0.0957033730844233,0.0882155750959773,0.0945427467633144,0.0916791104423469,0.115108834887588,0.0500157279873032,0.124324869676883,0.0766831723532664,0.0638125888046956
1896,0.093320398726646,0.0859863941148933,0.092304158712729,0.0894558964599353,0.112166854307917,0.0480647309006197,0.121257140625353,0.0745464396736863,0.0615355759756684
1897,0.0910285708046438,0.0839008247233036,0.0901846440371161,0.0873730197773259,0.109422846219896,0.0461645441298705,0.118374510647462,0.0725800280023243,0.0593550557016388
1898,0.0888732914028848,0.0820103517881918,0.0881361204845606,0.0854143289589552,0.10690753176897,0.0442910918201062,0.115747752823883,0.0708184965866819,0.0573013842747172
1899,0.0868649891463554,0.0802256993669539,0.0862856427324226,0.0836147091502628,0.104502672888621,0.0426446464057571,0.113199291089669,0.0691362774589932,0.0554088556996141
1900,0.0849941070545972,0.0786018630421079,0.0846411983933367,0.08201421628472,0.102246695551776,0.0413045632970002,0.110772812895921,0.0676106708760144,0.0537056828840316
1901,0.0832699761339533,0.0770644982845367,0.0830240362975744,0.0804649182509255,0.100164985649574,0.0400148223664167,0.108572103191435,0.066204686901768,0.0520963224727442
1902,0.081752042844521,0.0756539563281514,0.081491701281355,0.0790087763553452,0.0982442929669228,0.0388990643750723,0.10659944172054,0.0649570714218965,0.0505903686804394
1903,0.0803002100257008,0.0743773669247636,0.0801422694554631,0.0777212503230074,0.0964960039476352,0.0377944177292596,0.104711187231956,0.063772789034179,0.0492743700687836
1904,0.0789703200161269,0.0732547069905636,0.0789717057883316,0.0765720835063163,0.0949425712713279,0.0368019349309835,0.102992782344015,0.0627186724417591,0.0481830696468947
1905,0.0777422579279599,0.072221756273298,0.0777941561409482,0.0755413727226636,0.0935430108464669,0.0358825796525371,0.101436660426642,0.0617307683526747,0.0471565859037738
1906,0.0766461615702718,0.0712423029693158,0.0767631356594481,0.0745745412171735,0.0922613993485384,0.035047555562009,0.10001265646493,0.0608790399314032,0.0461474163130456
1907,0.0756650898142112,0.0703836183821285,0.0759261942665232,0.0737687521420066,0.0911592843909769,0.0342346359156204,0.0986814506465027,0.0601469133305646,0.045230380938299
1908,0.0747849564704858,0.0695741892770872,0.0751186317865573,0.0729831956197869,0.0901332256666558,0.033539724873943,0.0975226458747807,0.0594554083781625,0.0444589439049416
1909,0.0740857267539437,0.0687966348201556,0.0743735224217614,0.072234702104242,0.0892597947941722,0.0329860247009626,0.0966024088232361,0.058890886153522,0.0437595294197737
1910,0.0733750399332971,0.0681407751115072,0.0736999103989428,0.0715900678912065,0.0884197106887757,0.0324697388495943,0.0956946551441412,0.0583612128110411,0.0431022065656237
1911,0.0727110656377519,0.0676323493524499,0.0731643662347115,0.0710648392695087,0.0876797750143954,0.0320724923189554,0.0949267331538124,0.0578952101404077,0.0426317337757803
1912,0.0721401421767578,0.0671201040359895,0.072625849513138,0.0705758128206283,0.0870095663126389,0.0316130809164162,0.0941590941016797,0.0574455849110298,0.0421492059431116
1913,0.0716524143816821,0.0666883940825787,0.0720667354719751,0.0701672830603137,0.0863961493998039,0.031135799192706,0.0934352971886591,0.0570617582087727,0.0415981439560489
1914,0.0711928705207733,0.0662677730709075,0.07163279588298,0.0697758002161201,0.0858634974627939,0.0307840957560418,0.092801936454167,0.0567204191551515,0.0411863671535278
1915,0.0707996369274292,0.0658778579804733,0.0713154777593563,0.0694012365489657,0.0854388997476906,0.0305093797252723,0.0922514127837852,0.0564249951523754,0.0409356137270297
1916,0.0704851937072362,0.0655058445579508,0.0710311429227609,0.0691430138308452,0.0850698623052277,0.0302126422814986,0.0917018769155354,0.0561119789521779,0.04070770494351
1917,0.0701796263695058,0.065201725887503,0.0707544436766969,0.0688931566611939,0.0847269706905306,0.0298791910424568,0.0912203025590184,0.0558641491472227,0.0404316891376882
1918,0.0699073550943899,0.0649598532377682,0.0705405901539764,0.0686686576519353,0.084448200028717,0.0295815023135618,0.0908306757077225,0.0556911266182468,0.0401539976505847
1919,0.0696559900274627,0.0647060083708773,0.0703355344008332,0.0685002492574961,0.0841768930579551,0.0293490901309765,0.0904593730646556,0.0555139659900156,0.0399436799126457
1920,0.0694179513534397,0.0644924983572598,0.0701316339733314,0.0684357197749718,0.0839189865949839,0.0290371830465316,0.0900819413817385,0.0553602424868013,0.0397163897967512
1921,0.0692612366552378,0.0642915554911718,0.0699690350141287,0.0683059849342115,0.0837305148914764,0.0288450098114325,0.0898130262317497,0.0552141375620441,0.039558670811922
1922,0.0691915546268658,0.0640736410217795,0.0698680238874949,0.0681564012402534,0.0836165930524248,0.0288755437623577,0.0896595514980203,0.0550718800708348,0.039518593766569
1923,0.0690692668907429,0.0639112946769278,0.0697637223275514,0.0680631179738588,0.0834819575852531,0.0287755342325287,0.0894927376330539,0.0549783130355805,0.0394320710195645
1924,0.0689543247495754,0.0637924955959895,0.0696402500624788,0.0679836371893915,0.083353383035295,0.0285899043291413,0.0893736083066947,0.0549304021413257,0.0393120136290356
1925,0.0688968521968808,0.0637030261287767,0.0695759802324973,0.0679098015784582,0.0832862635735028,0.0284562984819132,0.0892772496004126,0.0548686947661446,0.0392534342244092
1926,0.0688445828628186,0.0636805069523715,0.0695670225926807,0.0678414346010174,0.0832414045991714,0.0282682924182277,0.0892112845698771,0.0548294414828699,0.0392412815807778
1927,0.0687935316072127,0.0636251541722761,0.0695696440576914,0.0678409939879646,0.0832282615757314,0.0282174962067901,0.089142034885182,0.0548141022678365,0.0392241770822727
1928,0.0687670187540174,0.0635883735133858,0.0695624244499056,0.0678756504578665,0.083217812172353,0.0281631810710177,0.0891297828755524,0.0548000164101289,0.0392273709701926
1929,0.068798661004298,0.0635660885679609,0.0695817271955268,0.0679534812465018,0.0832635806940705,0.0281683394511783,0.0891945700738868,0.0547683971038343,0.0392714156497806
1930,0.068856898268273,0.0635719109694104,0.0696080829798184,0.0679809594269641,0.0833105918937643,0.0281490961071835,0.0891951724779625,0.0547675795118938,0.0393143170738345
1931,0.0689161663092402,0.0635790220366696,0.0696004064447344,0.0680216151464345,0.0833186486356938,0.0281327698527,0.0891319068999038,0.0547861171922433,0.0393552166522736
1932,0.068990349944302,0.0636100679504006,0.0696570520680922,0.0681063157762697,0.0834066514531011,0.0281641691476538,0.0892118989571288,0.0548297456584227,0.0394139110739267
1933,0.0691471244923403,0.0636810464052155,0.0697722781493343,0.068165647306607,0.083599887502311,0.0282401008014519,0.0893657529943558,0.0548877172268797,0.0394855425996499
1934,0.069266694632164,0.0637539914265287,0.0698783405855751,0.0682470037279388,0.0837340078450066,0.0282767862204773,0.0894797424478027,0.054960184676393,0.0395818898685107
1935,0.0693220773949054,0.0638143086591797,0.0700097590655945,0.0684136212108676,0.0838137319293338,0.0283114677453134,0.0896446697526216,0.0550561594332456,0.0396791223367534
1936,0.0694383916705577,0.0639184099448187,0.0701413977089795,0.0685578981436184,0.0839913248948862,0.0283852676917528,0.0898479368540285,0.0551769829383323,0.0398112756021952
1937,0.0695829256844275,0.0640494449578597,0.0702797053501782,0.0686938707072059,0.0842063051414907,0.0284681308019938,0.09006211247144,0.0553149955290402,0.0399711318615778
1938,0.0697713868466936,0.0642299923700455,0.0704147209631656,0.0687701505927695,0.0844442883643561,0.0285430256213237,0.0902189287064455,0.0554780475906907,0.0401813621156605
1939,0.0699466328379608,0.0643623345360882,0.0705892413426846,0.0689361334074048,0.0846737000015977,0.0285966056368588,0.0904609392551317,0.055605276127679,0.0403601912815925
1940,0.0701288096169292,0.0644663961043114,0.0707851993290873,0.0691670346135836,0.084968036073135,0.0286247303508676,0.0908074255708169,0.0557298948833103,0.0405560673329406
1941,0.0703438430858133,0.0646568543787018,0.0709827671192095,0.0693534435599547,0.0852434570033888,0.0287761941377768,0.091113853783953,0.0558871593502322,0.040735425172763
1942,0.0705745899975532,0.0648818653597135,0.0712067627822149,0.0695286471753111,0.0854647349361459,0.0289872354634828,0.0914064875690186,0.0560182335704344,0.0408504074961219
1943,0.0708162050195769,0.0650848333355166,0.071431059495553,0.0697464952248472,0.0857569461774179,0.029124418857814,0.0917145974139302,0.0561938873032232,0.041081408166911
1944,0.0710879352428491,0.0653557871126069,0.0716359033937433,0.0699681194891313,0.0861035259605135,0.0293419997665365,0.0920493833371007,0.0564390111074526,0.0413955147077856
1945,0.0713682877122546,0.0655921000756447,0.0718874114817094,0.070206326596071,0.0864630357022007,0.0295235850353616,0.0923909456253324,0.0566555647306038,0.0416577547170274
1946,0.0716611404779528,0.0657332229085465,0.0721944817490045,0.0705085036952052,0.0868787764954718,0.0295536777159572,0.0926760049903606,0.0568356257702943,0.0419609172291809
1947,0.0719550911509307,0.0659616354542128,0.0724723273420306,0.0707768609306905,0.087250386538084,0.0296874130492373,0.0930583614064796,0.0570719843558532,0.0422607828932555
1948,0.0722581363808411,0.0662281384765238,0.0727520833029588,0.0710367968477706,0.0876177727761997,0.0298702150817018,0.0934906713862958,0.0573340182528875,0.0425516660325256
1949,0.0725808231945348,0.0665616329555535,0.0730423179306177,0.0712604928746674,0.0880020694061522,0.0301686934231074,0.0940096826172243,0.057650685340947,0.0427843393104897
1950,0.072904028701773,0.066840020769861,0.0733451083834986,0.0715595198615668,0.0883762720915741,0.0303660520311207,0.094434572836466,0.0578737953425411,0.0430827684588511
1951,0.0732143271280415,0.0671289016544475,0.0736293834327277,0.0718996982564992,0.0886817972655898,0.0305257958948076,0.0948635719123614,0.0580596329885734,0.0434305053346447
1952,0.0735635539843769,0.0674284841946087,0.0739523896454063,0.0721979067305997,0.0890977348213665,0.0307507370792153,0.0953266244505403,0.0583247557705866,0.0437599329497882
1953,0.0739461248267971,0.067706983372364,0.074321684365391,0.0725034517744268,0.0895981582043158,0.0309784602011549,0.0957305309130581,0.0585712312437687,0.0440893893154124
1954,0.0743193577035212,0.0680098056644343,0.074668904533567,0.0728325689963739,0.0900455023378099,0.031224461411745,0.096211676650402,0.0588301252335072,0.044423113393155
1955,0.0747010517975306,0.0683225129729965,0.0749807917759207,0.073125144439248,0.090499596158715,0.0315498246159832,0.0968215738538133,0.0591608951382331,0.0447586585872879
1956,0.0750960010144823,0.0686752457224492,0.0753645866992734,0.0734642407009218,0.0909785938580967,0.0318134570459022,0.097343025819876,0.0594795381072267,0.0451128302811294
1957,0.0754996406124309,0.0690700038668114,0.075834475898765,0.0738788700534203,0.0914512155403957,0.0320131119174868,0.0977866344397362,0.0597490490726462,0.0454566149356123
1958,0.0759062750127246,0.0694361338970367,0.0762295063179269,0.0742641438025334,0.0919308500880583,0.0322705463047169,0.0983126886377131,0.0600559443928512,0.0458359136224206
1959,0.0763239685740006,0.0698369059356096,0.0766182015133973,0.0746089228960737,0.0924296242514379,0.0324849142136688,0.0988908814073948,0.0604093951951751,0.046267530013282
1960,0.0767541097428075,0.0702298442214595,0.0770101288879932,0.0750251328807479,0.0929576320112171,0.0328057158329019,0.0994266231819859,0.0607992323747924,0.0466783721830248
1961,0.0771812485826809,0.0705826286501774,0.0774272083252939,0.0754102890728732,0.0934898844013208,0.0331322478733213,0.0999782716798001,0.0611264092029046,0.0470962838535451
1962,0.0776053557290359,0.0708480035517442,0.0778039394097466,0.0757975895420481,0.0940097436523084,0.0335722462592841,0.10057787510371,0.0613978929694905,0.0475349725892538
1963,0.0780381054470249,0.0712300051606508,0.078207247081206,0.0761863756684472,0.0945581042403508,0.0338430508140433,0.101151781223867,0.0617454887303716,0.0479518960933577
1964,0.0784805321516978,0.0716713967643669,0.0786751477424527,0.076558532599725,0.0951435461353765,0.0340254970239176,0.101661464340319,0.0621151363415364,0.0483446662772569
1965,0.0789220028661933,0.0720648545924012,0.0791084608176513,0.0769739458055758,0.0957267401014699,0.0343129219965996,0.102254990371884,0.0624691218519814,0.0487667008335778
1966,0.0793514296715148,0.0724777124652923,0.079499374804746,0.077430994002861,0.0963257894613478,0.0345504463837485,0.102917209514003,0.0628647677082885,0.0491841802959643
1967,0.07981275228792,0.0728990445534911,0.0799131919827021,0.0778545816579446,0.0969074979576736,0.0348351954385765,0.103551612810573,0.0632369179739527,0.0496299684559373
1968,0.0802793094470041,0.0732781723787749,0.0803428169849596,0.0782810690528791,0.0974979997556206,0.0352843432414407,0.104197394367957,0.063538644717823,0.0501309250640991
1969,0.0807736718872088,0.0736944388466032,0.0807836712114257,0.0787181151591673,0.098088218762521,0.0356014361572384,0.104852884887652,0.0639176173942337,0.0505871898021276
1970,0.0813339612989353,0.0741693614391652,0.0812046066814258,0.0791338445045605,0.098625672219231,0.0357610563550341,0.105525848892122,0.0643680237657281,0.0510059153748022
1971,0.0818464610445903,0.074631904105499,0.0816598796781582,0.0795624871517501,0.0992225427611012,0.0360352599180573,0.106178752382679,0.0647838614589099,0.0514712829552288
1972,0.0823491454069595,0.075094463723301,0.0821386778907764,0.0800031847801758,0.0998481349813999,0.0363382301711751,0.106829576932514,0.065203597583136,0.0519480638381957
1973,0.082852825609937,0.0755558902260416,0.0826563564261157,0.0804678276201997,0.100523378888309,0.0366517877541928,0.107470562872471,0.0656559701188116,0.0524195118224075
1974,0.083355404154044,0.07600592889439,0.0831664356184285,0.0809426606496567,0.101157506359183,0.036987307890055,0.108163693616742,0.0660675783802068,0.0528926639078457
1975,0.0838190605053081,0.0764422940918814,0.0837101074345624,0.0814436062322571,0.101822403115934,0.0374230235090143,0.10888163509909,0.0664271207051224,0.0534088396322411
1976,0.0843245602000015,0.0769201266066305,0.0842141942631245,0.0818996332480659,0.102454692212886,0.0377652722860892,0.109563285561497,0.0668450699496207,0.0538951343415407
1977,0.0848539628048464,0.0774220893825063,0.0847071725913703,0.082328651832816,0.103005608299262,0.037999421521722,0.11028033755093,0.0672998895701088,0.0543195017472396
1978,0.0853862156863207,0.0778872504595262,0.0852070441555432,0.0828111903634412,0.103658416779051,0.0383650571157116,0.110970716268703,0.067724988504289,0.0548208460010517
1979,0.0859294829270347,0.0783368769498337,0.0856578094874697,0.0832819262210199,0.104403296432424,0.038809451854408,0.111569606026235,0.0681285829351998,0.0553743543559487
1980,0.0864784292192067,0.0788305099100572,0.0861700758507369,0.0837713150356752,0.105066641412859,0.0391984492492115,0.112255732234687,0.0685764627696526,0.0559103876922015
1981,0.0870439055741942,0.0793440616533228,0.0867727121749172,0.0843319377585317,0.10571246551998,0.0396543466173423,0.11301315781975,0.0690196751614576,0.0564934675684911
1982,0.0876032605687779,0.0798253581836743,0.087292718993309,0.0848647201502482,0.106397581029438,0.0400620317790823,0.113742140268366,0.0694872893835332,0.0570390704080805
1983,0.0881230054886875,0.0803226912311216,0.0877289906900978,0.0853641683167134,0.107081084231932,0.0403927853755646,0.11448014992619,0.0700097597931281,0.0575494364021331
1984,0.0887318104647417,0.0808250826374241,0.0882712740720931,0.0858856396946821,0.107699513028719,0.0407017325490672,0.115241209944003,0.0705653925622238,0.0580700268737621
1985,0.0892974161276053,0.0813360999310057,0.0888206777568871,0.0864012819536401,0.108395059752138,0.0411059357709176,0.115983135618195,0.0710300405071593,0.0586045298391492
1986,0.0898449640631753,0.0817814215906013,0.0893510290506131,0.0869274087390801,0.109194770429218,0.0416026685151714,0.116718055576272,0.0714242396998019,0.0591407098992989
1987,0.0904331100361322,0.0823170778921081,0.0898966497124803,0.0874445992059214,0.109894231667288,0.0419898483602116,0.117440520797672,0.0718994439344543,0.0596742271061721
1988,0.0910379321472914,0.0829718152524414,0.090526191635561,0.0879489774774985,0.110518959612822,0.0423484186852473,0.118136611878371,0.072354624319996,0.0601998728373873
1989,0.0916454112835874,0.0835137937184392,0.0911029034530628,0.0884695766033431,0.111236190984904,0.0427465005669294,0.118880251112205,0.0728427454210231,0.0607628673681593
1990,0.092321085094459,0.0840011568979261,0.091628200295559,0.0889967401251948,0.112006580641598,0.0430789792447835,0.119626016886222,0.0734283949936719,0.0613328776956905
1991,0.0929182178487331,0.0845387906323575,0.0921774361785382,0.0895283053252009,0.112709231731456,0.0434798860299212,0.120378550701489,0.0739374149439152,0.0619157032096263
1992,0.0934466440187715,0.0850701188344856,0.0927542295747101,0.0900675202684892,0.113409541851848,0.0439655373869272,0.121211530964405,0.0743526467926598,0.0625698006620073
1993,0.094025813109528,0.0855839214782068,0.0933121704323453,0.0906100809272299,0.114132114308696,0.0444428793265951,0.121976677281266,0.0748613607848118,0.0631698429275057
1994,0.0945855820584051,0.0860921974986074,0.0938326930761013,0.0911607225308384,0.114818297045391,0.0449597423162814,0.122694584908847,0.075404393862271,0.0637441863223751
1995,0.0951704008932269,0.0866534788551021,0.0943807279907811,0.091721238427139,0.115493406522605,0.0454019143926743,0.123396346018069,0.0759768332849743,0.064296731351014
1996,0.0957379332431928,0.0871997623951729,0.0949487151232086,0.092239702063038,0.116222290066625,0.0458902689974933,0.124157155782227,0.0764839847182236,0.0648954796793034
1997,0.096322514474435,0.0877189520610956,0.095536855314987,0.0927163012073443,0.117028712468065,0.0464361818886775,0.124909144630772,0.0770001738576273,0.0654951372685654
1998,0.0969253542484551,0.0882566070215586,0.0961132696693869,0.0932682623055597,0.11778232720777,0.0468784286130014,0.125685239377176,0.0775324006191484,0.0660923047956954
1999,0.0975067398809771,0.088841933772828,0.0967104324682739,0.0938429675678254,0.118526043470296,0.0472627844664892,0.12653560148984,0.0779929979972786,0.0667351801934308
2000,0.0981250134671112,0.0893787754166956,0.0972925117911183,0.0943864783549076,0.11925828530377,0.0476900507361358,0.127333994185436,0.0785287239192741,0.0673287743089924
2001,0.0988197536409755,0.0898459206357015,0.0978585042800164,0.0949662650511613,0.119974328693824,0.0480778136950984,0.128106969018811,0.0791944952444418,0.0678685472898336
2002,0.0994572802917025,0.0903868052801771,0.0984370365460642,0.0955322021172619,0.120713920875428,0.048492591481296,0.128884214930779,0.079744804961867,0.068451326789454
2003,0.100045225721797,0.0909521293608642,0.0990146106101338,0.0960008018179882,0.121449092384817,0.0489509451521238,0.12964523910666,0.0802190205846449,0.0690349400100413
2004,0.100681368854005,0.0915344817658323,0.0996016725288109,0.0965806392537835,0.122195558436794,0.0493814997113506,0.130425727795238,0.0807427369208818,0.0696385557335905
2005,0.101361194720285,0.0922167942394146,0.100207043971599,0.097314516812033,0.122974742551413,0.0497702645869981,0.131226728120084,0.0812358478629395,0.0702854347714079
2006,0.101996418121602,0.0927993758239559,0.100796948958727,0.0979267674453902,0.123732549764695,0.0501990787471447,0.132004327685014,0.0817597967982621,0.0708950050575334
2007,0.102666826153621,0.093345503201928,0.101399853608786,0.0985171559960883,0.124483789297362,0.0506995202069303,0.132797930527014,0.0823224261826574,0.0714957399171133
2008,0.103263880298062,0.0938430682397727,0.101975216232407,0.0990868200100155,0.1252107177294,0.0511048642315666,0.13355233993521,0.0829066634426005,0.0720991870710824
2009,0.103850493831128,0.0944021558249237,0.102554263870234,0.099666531212646,0.125972519188429,0.0515413878872065,0.13431877995282,0.0834493670608084,0.0726921729864676
2010,0.104344406472968,0.0949249990048983,0.103113564940741,0.100183866194291,0.126764840343882,0.0520233226902441,0.135058430738588,0.0839617535105177,0.0732650420774659
2011,0.104971924204907,0.095490006976399,0.103694543117709,0.100742944762935,0.127514539298628,0.0524159594015971,0.135835790323269,0.0845259031813268,0.0738486209782639
2012,0.105664098391852,0.0961418922406152,0.104293751188756,0.101342088935439,0.128253507018643,0.0526875175787734,0.136641618472411,0.0851093243815676,0.0744074233719026
2013,0.106290669424611,0.096719049702232,0.10487039267889,0.101919329326402,0.129005216780483,0.0531351382186654,0.137421278976258,0.085668040737787,0.0750246127528831
2014,0.106955828053894,0.0972145551463675,0.105413004185682,0.102473587588737,0.129700553269959,0.053656120808648,0.138201676221778,0.0862451107497536,0.0756835197118949
2015,0.107589251908762,0.0977913182989097,0.106009801768708,0.103035566328673,0.130462262443507,0.054082766549729,0.138965304900187,0.0868185922610492,0.0763017345052926
2016,0.10814209590991,0.0984386059691883,0.106654791798781,0.103617246102312,0.131342886880934,0.0545819315415747,0.139694250304281,0.0873282866224474,0.0769617219036767
2017,0.108756535511143,0.0990197879904586,0.107246238733501,0.104192877289154,0.132107702398116,0.0550507098103223,0.140468369090599,0.0879058540769829,0.0775844010029754
2018,0.109447729869258,0.0995859963789128,0.107823985889652,0.104734754760761,0.132794023641373,0.0553980407068524,0.141286368350386,0.0886150713250302,0.0781332433842245
2019,0.110074032950187,0.100173524505314,0.108429401011107,0.105301182702989,0.13354732814232,0.0557932779540566,0.142058216711713,0.0892083671242229,0.0787227100003401
2020,0.110670816245778,0.100739767825686,0.109017377862286,0.10585683859314,0.134295073741886,0.0562358860268275,0.142842426515309,0.0897514935888312,0.079322625970593
2021,0.11125195019607,0.101280467116597,0.109610512803022,0.106500271171341,0.134998120777394,0.0566860530578415,0.14359014418355,0.0902770634597299,0.0799402573212481
2022,0.111865359056282,0.101846500072367,0.110177635701057,0.107076823905548,0.135742382772931,0.0571479418508578,0.144327038499919,0.090846578623398,0.0805541341189938
2023,0.112456766606128,0.102461288229761,0.110752178274297,0.107624140910338,0.136566572938687,0.0576217558134999,0.144991462266938,0.0913535763357696,0.0811948003727636
2024,0.113079288815009,0.103034429702074,0.111346431072721,0.108234169687938,0.137324591601291,0.058047816527948,0.145727170719142,0.0919235831744877,0.0817874127374374
2025,0.113753200761956,0.103558335053705,0.111910474181568,0.108868889023607,0.138034924811091,0.0584968462166014,0.146494412851264,0.0926073952398663,0.0823194728874734
2026,0.114393527866182,0.104127619843015,0.112490284924314,0.109454462832415,0.138764748462252,0.0588847327827374,0.147249194107413,0.0932043091844293,0.0829314544376171
2027,0.11503345269178,0.104736632482758,0.113151280606473,0.110090994529285,0.139518347147267,0.0591080307811767,0.148052295638791,0.0937157380229297,0.0835901449599732
2028,0.115649179409823,0.105315620421429,0.113746128825216,0.110665799094862,0.140236092815425,0.0595328921648785,0.148800774320419,0.0943097410922109,0.0841948333697148
2029,0.116242468612563,0.105890676801917,0.114244056954043,0.111122556585536,0.140890484272424,0.0601615950753172,0.149484225305424,0.0949460176711202,0.0848268203985081
2030,0.116849489868848,0.106468051496975,0.114813347567348,0.111676513002747,0.14161519173449,0.060579582602086,0.150215792911733,0.095550278674095,0.085453194707292
2031,0.117440166025689,0.107066026313369,0.115421894698328,0.112292891761634,0.142380034776294,0.0609675423243941,0.150963810646544,0.0961713245894797,0.0860698900283658
2032,0.118034684626784,0.107590295210026,0.116019159607556,0.112852957831955,0.143109437062416,0.0613421051072051,0.151692419871026,0.0968162257853845,0.086573109292002
2033,0.118661418365083,0.108105179231272,0.116556875934465,0.113464290298364,0.143851760681348,0.0616067362125809,0.152366103280075,0.0973834216495367,0.0872245384310755
2034,0.119278565888594,0.108680445510679,0.117136320065546,0.114048852394496,0.144621330048384,0.0619102031905689,0.153099478027243,0.097943349331501,0.0879170508883314
2035,0.11988428166474,0.109254552871555,0.117690004663524,0.114614286392295,0.145368921481913,0.0623426130778943,0.153833749327338,0.098520565640712,0.0885300434156574
2036,0.120463780522828,0.109823981590247,0.118160207600719,0.115134466349814,0.146072333723342,0.0630179846919688,0.154520983252708,0.0990921105503843,0.0891109904212204
2037,0.121094231678416,0.110401723188822,0.11872762866918,0.115708535666975,0.14681468598743,0.063410102120872,0.15525574188483,0.0996854138096281,0.0897383909285679
2038,0.121766952947499,0.111039396535333,0.119396226663247,0.116312109593612,0.147601358293022,0.0637108653310884,0.15610947057894,0.10029505275106,0.0903747317387498
2039,0.122384601552092,0.111612730107059,0.119968053142941,0.11687842576267,0.148342814341764,0.0640643758068264,0.156830142614289,0.100893116171464,0.0909556116821719
2040,0.122999323560319,0.112102993324224,0.120514325444932,0.117437419071531,0.149043755757282,0.0642569016461298,0.157430174491416,0.101501763057875,0.0915096435886848
2041,0.123611653704486,0.11267114165083,0.121068768825278,0.118005878320054,0.149777327911721,0.0645838561806824,0.158140322120124,0.102106931415818,0.092119521249803
2042,0.12416183518915,0.113280959953351,0.121543031835987,0.118542538325621,0.150529047791015,0.0650719829126453,0.158883197372972,0.102696192767327,0.0926912521788017
2043,0.124763943159073,0.113847011838022,0.122098745767568,0.119102976544529,0.151275168722885,0.0654670184765405,0.159579871591921,0.103300724280892,0.093294637220125
2044,0.125407030539812,0.114367229672187,0.122701976680969,0.119668854796554,0.152043664660416,0.0657642302323049,0.160288610307113,0.103911768051236,0.0939625710036521
2045,0.126072109942588,0.115038546565518,0.123345368857604,0.120296539456961,0.152788979318096,0.0662491735944411,0.161044537947063,0.104538749189212,0.0946774380981426
2046,0.126660984789866,0.115624701379599,0.123941756928271,0.120871472929099,0.153507514141386,0.0666997919818311,0.161710365141883,0.105134003332843,0.0952577498655473
2047,0.127206355340507,0.116109641722489,0.124510237820882,0.121424499209465,0.154168575290554,0.0669525907824831,0.162321724891937,0.105778875062958,0.0957533063621093
2048,0.127785519999445,0.116643707601516,0.125033953405849,0.12201497481649,0.15482863896918,0.0673380093856539,0.162992449528981,0.106414878634266,0.096328880276183
2049,0.128369242038778,0.117225573468243,0.125527221500886,0.12257673811007,0.15553961167287,0.0677491407053112,0.163716417944535,0.106963490068232,0.096940455698051
2050,0.128990422828833,0.117823191704801,0.126052727744607,0.123130294878344,0.156258886929455,0.0681180203434436,0.164451913309067,0.107569483485182,0.0975302368785172
2051,0.129715062229817,0.118451467783621,0.126568589579359,0.12367502589078,0.157026280615538,0.0684855851400867,0.165242455827138,0.108188995734542,0.0981880028499592
2052,0.130343582371874,0.119050227756588,0.127133440320525,0.124243224925929,0.157740213871537,0.0688758309739703,0.16595619301319,0.108796699191506,0.0987737894771731
2053,0.130912066044425,0.119684089617417,0.127763286812943,0.124796186781929,0.158458088452611,0.0692354027324127,0.166678250383574,0.109429452800817,0.0992511310928616
2054,0.131523834529825,0.120278500437037,0.128323385566416,0.125365380970019,0.159161230033856,0.0696018939149972,0.167373337510236,0.110036847009916,0.0998389486734338
2055,0.132141713434778,0.120842997562403,0.128881113079506,0.125986029550414,0.159798120630412,0.0700509064568534,0.167972219461548,0.110587425740743,0.100526343031824
2056,0.132730090542891,0.121404003098964,0.129437139096383,0.126560905132933,0.160505843996137,0.0703968796607551,0.168649663173949,0.111186408229174,0.101112963749916
2057,0.133319422478091,0.121912850326365,0.129908995332437,0.127091313678764,0.161273825529519,0.0705844967105437,0.169342787642438,0.1118342905461,0.101648603056562
2058,0.133927619410345,0.122466451752126,0.130449093986496,0.127647151739465,0.161976441119765,0.0709408922406574,0.170057376880423,0.112442688065002,0.102245350724621
2059,0.134543951471127,0.122990888417989,0.131046193952127,0.128182077632216,0.162629581075914,0.0713698309873825,0.170811350585467,0.11303265796705,0.102829889669739
2060,0.135086129347069,0.123612114175999,0.131658489599502,0.128764935718715,0.163401773955309,0.0717542769966952,0.171616344382856,0.113648635297297,0.103380971265348
2061,0.1356883299,0.12424517397764,0.132212199038159,0.129380131758918,0.164119383890435,0.0721799615190005,0.172267511833306,0.114318582617998,0.104000350880012
2062,0.136332358424918,0.12487632291109,0.132764056268628,0.129949497935368,0.164761526496062,0.0726707237766749,0.172927277695558,0.114896419477701,0.104733542166394
2063,0.136941487863631,0.125446286546376,0.133326406632505,0.130490593045134,0.165465270754306,0.0730727451358174,0.173627520832657,0.115510838924947,0.105316139658848
2064,0.137531813312336,0.125932724728576,0.133878697632913,0.130994834412786,0.166235352888571,0.0733105113662387,0.174283376994786,0.116186178866413,0.105771953327272
2065,0.138131081404715,0.126524385745939,0.134407585867012,0.131540637704892,0.166931105092533,0.0737559051988839,0.174943370113767,0.116816240840854,0.106338353975634
2066,0.138729289999182,0.127151746003996,0.134920361591519,0.132069300834225,0.167570570843813,0.074357919309385,0.175659969205085,0.117389391602134,0.10690070940216
2067,0.139328089987117,0.127745749541168,0.135482050888029,0.132619421100997,0.168283596021977,0.0747840188958583,0.176370958323821,0.117995985743354,0.107472830935666
2068,0.139930693219926,0.128393624620519,0.13604525551339,0.133206252945564,0.169030963642669,0.0752526020606038,0.177034801032229,0.118625971468999,0.108121415047091
2069,0.140533370247411,0.128991606496839,0.136577198154997,0.13376638612881,0.169713244727308,0.0756362273737605,0.177720482624362,0.119226962710021,0.108724327002963
2070,0.141140863531756,0.129498162485456,0.137173812165557,0.134328599152444,0.170415570257797,0.0757947274454004,0.178473569158382,0.119795963047135,0.109313169309222
2071,0.141728361889587,0.13006851041107,0.137717127963166,0.134869395265656,0.171112187106977,0.0761296019261821,0.17918382394859,0.12040928525451,0.10986484700622
2072,0.142291847307024,0.130678061586399,0.138177209776499,0.13537988902375,0.171774368077881,0.0765843668940257,0.179851743490236,0.121052608502595,0.110360339484595
2073,0.142884777574916,0.131296335452671,0.138641987182944,0.135929104560386,0.172381317065256,0.0769302610530544,0.180516111972867,0.121659195454766,0.110909858595623
2074,0.14344497655481,0.13188614510994,0.139240907073533,0.136496517936299,0.173085847336392,0.0772846720996584,0.181206721503232,0.122273659357149,0.111474665306896
2075,0.144011992016404,0.132435801507938,0.139772383731712,0.136998935404637,0.173737836041422,0.0777668750840356,0.181915815829999,0.122918078568997,0.111974563583812
2076,0.144583487194823,0.132960631328111,0.140263627656016,0.137585757225987,0.174381296047946,0.0781720692138611,0.182607785834173,0.123609440377372,0.11257092247075
2077,0.145120956457035,0.133509813393828,0.140839983623137,0.138181457198116,0.175109282104955,0.0784942199094247,0.183242243516877,0.124270643831817,0.113204022348358
2078,0.145709418436241,0.134104556324213,0.141387828984289,0.138726970264981,0.175796133141807,0.0789416323572206,0.183946369343311,0.12488404588751,0.113787162244457
2079,0.146329305770068,0.134747019353678,0.14188782343298,0.139239653621788,0.176495002941296,0.0794939547321947,0.184704169283116,0.125487704507924,0.114375153644778
2080,0.146936461161737,0.135353353641406,0.142432663349784,0.139779936125966,0.177166664513477,0.0799530248031749,0.185390920070734,0.126110188657122,0.114923158755047
2081,0.147576392133508,0.13600693431616,0.143039804045467,0.140294435238398,0.177826806987784,0.0804868291358655,0.186098404135481,0.126663900809615,0.115411809292014
2082,0.148186572159565,0.136612437519938,0.143594203974045,0.140841337513829,0.178488669403447,0.0808822100764159,0.186767094009292,0.127273629978254,0.115953418237049
2083,0.148766843045801,0.137157961007749,0.144139298947074,0.141417889917103,0.179129725228003,0.0810890742027778,0.187291967359603,0.127971408211711,0.11647778502124
2084,0.149362395998479,0.137734450250638,0.144660309583123,0.141968954650035,0.179787586172872,0.0814320072887181,0.18795079042068,0.128595595682742,0.117019444797282
2085,0.149981930764664,0.138333738612474,0.145143951571474,0.142540219843214,0.180455861136384,0.08180797494174,0.188747053410059,0.129145305151463,0.117612113228178
2086,0.150561043573926,0.138885494034973,0.145652698950001,0.143078467663268,0.181106249287591,0.082168999634058,0.189425254823006,0.129766020411438,0.118181047310689
2087,0.151103913482089,0.139357928926801,0.146134334201847,0.143554175818375,0.181723870358165,0.0826187123095977,0.190062310930051,0.130419303314973,0.118713900611401
2088,0.151683576485239,0.139955499483749,0.146640287596888,0.144106494941475,0.182420068296933,0.0829459142881962,0.190760149117752,0.131073828472052,0.119314335569023
2089,0.152232580818872,0.14054972564938,0.147252758918256,0.144700130401738,0.18311420316954,0.083354000584414,0.191435348639856,0.131676442582447,0.119887226165125
2090,0.152742661554518,0.141104696786991,0.147826248057429,0.145203597817101,0.183739340313152,0.0838038822900278,0.19201068981901,0.132274244572343,0.120414601161006
2091,0.153336531177849,0.141756290392639,0.148317581616874,0.145747934878588,0.184379996872302,0.0842378267737769,0.192731988642663,0.132903182095637,0.120958329069527
2092,0.153907657945398,0.142373007193107,0.148848650307358,0.146323847127881,0.185062225385426,0.084786326006592,0.193523967610645,0.133463513852242,0.121476744613799
2093,0.154460879765739,0.142962730136635,0.14937225462758,0.146874991608501,0.185703966922885,0.085217730737211,0.194206917170234,0.134058775622285,0.122002996844409
2094,0.155008698159107,0.143522192850725,0.149830311948806,0.147404461756156,0.186307689728831,0.0855391064089074,0.194826102660162,0.134716303300309,0.12253936779851
2095,0.155577778007263,0.144093019010401,0.150328247787872,0.147938986092566,0.186928985045958,0.0858942963773474,0.195481657389401,0.135333622122606,0.123065310794828
2096,0.156119770263158,0.144636134373681,0.150885109690519,0.148486314954939,0.187528729251239,0.0861910937436829,0.196095026747837,0.135889755061321,0.123567463381576
2097,0.156687411759813,0.145207840221663,0.151414431477646,0.149009624163689,0.188177328709446,0.0866018739426388,0.196758644869791,0.136520924225166,0.124100921997378
2098,0.157328551018648,0.145799180470933,0.151914334717611,0.149484622401243,0.188906491190023,0.0870602632417267,0.197488365271795,0.137250398639409,0.124659056682716
2099,0.157889064906785,0.146377194934228,0.152422733352398,0.150009271303946,0.189547422260602,0.0875132641145277,0.198150861208212,0.137854634985355,0.125197349311652
2100,0.158377697718899,0.146986271396824,0.152961303832865,0.150563853793446,0.190136720582097,0.0881190575480743,0.198772326869087,0.138335165246444,0.12572740394966
2101,0.158929238040858,0.147542844814742,0.15347392101579,0.151093545800423,0.190759267005623,0.0885998771888675,0.199416191080836,0.138959561993448,0.126267412758714
2102,0.159503801067457,0.148044240609397,0.153946283878617,0.151614925467954,0.191334614517905,0.0890363584196623,0.200001331388409,0.139628078737301,0.126808466536848
2103,0.160020988202044,0.148556969995348,0.154442531551319,0.152190423076945,0.191927438422398,0.0893510161488581,0.200696566053122,0.140266602732119,0.127359070179495
2104,0.160551216773337,0.14914673095796,0.154987870714307,0.152711865365421,0.192611347890842,0.0897819958680466,0.201384807149991,0.140896807117162,0.127849854910962
2105,0.161153125085523,0.149734842483491,0.155453937160478,0.15320532856769,0.193350104630014,0.0901729158184725,0.202006422274597,0.141581928237607,0.128394397313316
2106,0.161690911154062,0.150346623281745,0.155924000352439,0.153747711634554,0.193998679054138,0.0905030162479135,0.20265004805968,0.142178403164119,0.128956192037158
2107,0.162194528075242,0.15095523788306,0.156466335879426,0.15425129723138,0.194611723137662,0.0909436586104881,0.203307297522273,0.142715330381669,0.129396170680037
2108,0.162768619519084,0.151530897841739,0.156988850753487,0.154746106501518,0.195241024670523,0.0913411157501009,0.203949104882104,0.14332292054787,0.129894221212152
2109,0.163426079788121,0.152034164176166,0.157536568719224,0.155204332359885,0.195826832006126,0.0916324802171274,0.204619178833969,0.144032898033385,0.130431862226658
2110,0.163978523305048,0.152606726187834,0.158040400396787,0.155727222448609,0.196447748735349,0.0920507562718303,0.205253399976906,0.144669327314685,0.130941204328872
2111,0.164511454956283,0.15320820974591,0.158530831445125,0.156281020174806,0.197099771047971,0.0926035549386392,0.205835344467975,0.145282189432984,0.131428201473564
2112,0.165052630771671,0.153796316732222,0.159003384551205,0.156798240052535,0.197735453444848,0.0930539781214576,0.206458630130748,0.145879340350339,0.131931447760178
2113,0.165518781229324,0.154411342036665,0.159400375076779,0.157365817578944,0.198398638105609,0.0934885976517085,0.20710487623398,0.146469188621459,0.132445104216355
2114,0.166042959554965,0.154981582832967,0.159884856051096,0.157870236741867,0.19900932190758,0.0939394403888399,0.207737079416565,0.147044900162261,0.132919216579101
2115,0.166654992603644,0.155514116770612,0.160444181706013,0.158246113588077,0.199560003665152,0.0944088909777389,0.208384374228117,0.147532262164468,0.133310346759249
2116,0.167182119957595,0.156085346275292,0.160943092528879,0.158735658228866,0.200153693158366,0.0948122006573279,0.208998474521295,0.148120320652461,0.133842941932299
2117,0.167660091788103,0.156697510729156,0.161428805716054,0.159261623430469,0.200763384221109,0.0952249508772677,0.209558795182698,0.148787633147499,0.134479113734113
2118,0.168154240164317,0.157207786366925,0.161957245022728,0.159827479791164,0.201318247139337,0.0955395756750369,0.210169679478311,0.149416076676795,0.135047234011665
2119,0.168694732661559,0.157726768480679,0.162450328119091,0.160357524926527,0.201847411987539,0.0958536061653875,0.210833220635581,0.150030976766536,0.135567575774795
2120,0.169196494483536,0.158353914245239,0.162880684165493,0.160858243897661,0.202486620511476,0.0961682592688075,0.211477354231514,0.150617553474813,0.136052559015565
2121,0.169733145960017,0.158861424704714,0.163411212803415,0.161379598465834,0.203101455468276,0.0966925995393568,0.212140653039006,0.15116105972497,0.136475407912132
2122,0.170277688713257,0.159305499928209,0.163950176634091,0.161840143643629,0.203654234919586,0.0973205224741136,0.212780732479446,0.151812827335013,0.13692956108767
2123,0.170652302933515,0.159827344172843,0.164430808371252,0.162264203005199,0.204287222626413,0.0977445913936625,0.21327402362603,0.152431960322873,0.137482460335662
2124,0.171093869008916,0.160305388663561,0.164918279069256,0.16272641948555,0.204925097191273,0.0980996628630219,0.213812386563795,0.152963711853,0.138045115033825
2125,0.171592423525545,0.160813877938164,0.165365611698255,0.163165694802939,0.20548781099899,0.098476368097039,0.214384190599098,0.153516384970408,0.138521591836839
2126,0.172168103359369,0.161376675394645,0.165736194963744,0.163511995199445,0.205989370864758,0.0986304840234633,0.214959891041946,0.153982031276232,0.138868703172317
2127,0.172613884703654,0.161903526584657,0.166191439230427,0.16394125544328,0.206513342793743,0.0990173693365866,0.215511972315623,0.154509897765236,0.139337336939916
2128,0.173034195471194,0.162409936766184,0.166721100707794,0.164460755432368,0.206990202826456,0.0996163840380168,0.216138122674121,0.155134853759125,0.13984980309131
2129,0.173490979483324,0.162889243268694,0.167139569296093,0.164916311867097,0.207492458922243,0.100081615820959,0.21668078145059,0.155670728987455,0.140304169307806
2130,0.173886726467973,0.163346521980375,0.167515523327011,0.165356843335114,0.208028970545667,0.100600001263603,0.217135382407978,0.156122329248043,0.140822780154152
2131,0.17430757778358,0.163811987945463,0.167907183526766,0.165779059420604,0.208526805266776,0.101031633879037,0.21763411459223,0.156644714399646,0.141253126845374
2132,0.174833124725174,0.164308850971031,0.168199591284623,0.166183348588162,0.209014433941643,0.101316250626535,0.21813834847473,0.157174932847955,0.141534428641262
2133,0.17527384982007,0.164735124935566,0.168576364952274,0.166568186026253,0.209478687357335,0.101689065088271,0.218601866467065,0.157672701487243,0.141928297370956
2134,0.175639127869405,0.165116260606048,0.169060487982646,0.166899210392078,0.209910062838933,0.102068034274089,0.2190079379207,0.158195476857157,0.142386927574703
2135,0.175968167281789,0.165464175308681,0.169510712625726,0.167288937195765,0.21033032368826,0.102435578059566,0.219510796818819,0.158752874689881,0.142782128015054
2136,0.176384061649569,0.165860544051783,0.169838720532231,0.167755517242965,0.210801977525775,0.102835200623636,0.220001408382037,0.159167532036413,0.143141517608986
2137,0.176781783790282,0.166279883696069,0.170127311406598,0.168110523001295,0.211250724394994,0.103366755881588,0.220414451839106,0.159539056294346,0.143533730390321
2138,0.177149326766906,0.16678081495876,0.17036901478635,0.168441924813393,0.211706756687692,0.103780431563191,0.220892453323497,0.159981192863406,0.143856181823495
2139,0.177549765577154,0.167265552069065,0.170670833237799,0.16882448976413,0.212142634960006,0.10401284938552,0.221344791940177,0.160422555066616,0.144116325700624
2140,0.177848809437495,0.167602569077378,0.171057860215527,0.169070389951008,0.212411040056161,0.104264756907848,0.2216812735076,0.160806724632771,0.14445088293298
2141,0.178097279030019,0.167934787488748,0.171315365595899,0.169311084006223,0.212711814665821,0.104555576469708,0.222111917793747,0.161207616468977,0.144817359599003
2142,0.178402347435012,0.168299708054131,0.171582658017401,0.169579481252045,0.213035954190172,0.104845111428498,0.222522821140847,0.161612605375437,0.145115578130513
2143,0.178723960898802,0.168688401746783,0.171827386967235,0.169878790939868,0.213350745811536,0.105135801327399,0.222955686052403,0.161974082219249,0.14535176109331
2144,0.178999523933462,0.168970129065929,0.172065606061584,0.170116803044282,0.213626750517913,0.105459741451043,0.223289875190612,0.16234397682027,0.145647995389022
2145,0.179289660839177,0.169179155955494,0.172263739141748,0.17031426571865,0.213906843940336,0.105863569202161,0.2236044553902,0.162791590513598,0.145968346972037
2146,0.17956731231109,0.169490851802536,0.172475685083783,0.170563084972199,0.214194607854943,0.106159028378515,0.223881273513103,0.163141541169609,0.146217315333417
2147,0.179799749751015,0.169791407365709,0.172676759911515,0.170851290057331,0.21448542669687,0.10635293846218,0.224024253558738,0.16340207361162,0.146473683140566
2148,0.180025332431682,0.170057636677851,0.172867211159335,0.17106448686854,0.214721030175687,0.106704935129753,0.224280274502436,0.163691672903421,0.146714212308924
2149,0.180284711498593,0.170433304565372,0.173095527161823,0.171269564569589,0.214937025808474,0.10705878288825,0.224637862069948,0.163941062330922,0.146859548534658
2150,0.180485885284588,0.170730382694687,0.173272844178513,0.171463247581087,0.215178920772528,0.107397548501875,0.224882350614835,0.164231860044175,0.147054116588083
2151,0.180607651071242,0.170918496897929,0.173428369970098,0.171602763164852,0.215419384050364,0.107824002142195,0.225079755849769,0.164546244751783,0.147308337966185
2152,0.1807587344899,0.171084657614279,0.173509514010315,0.171694720999543,0.21553472144771,0.10833521385294,0.22529382156697,0.164853597771118,0.147523188898755
2153,0.18098713790356,0.171365577428737,0.173696275986874,0.171905841385377,0.21574633555274,0.108627201628134,0.225519424507345,0.165226967212614,0.147622018687499
2154,0.181189031738896,0.171560938384045,0.173841692814796,0.172119462245252,0.215984462305808,0.108887234903089,0.225755937946353,0.16545795981621,0.147760027199377
2155,0.18139245736545,0.171722694966048,0.173917650109396,0.172276801866805,0.216058196840505,0.1091700893472,0.226036972652322,0.165637851595989,0.147959638033064
2156,0.181562533444696,0.171902939107234,0.1740502640852,0.172472333047222,0.216167647572859,0.109411738112577,0.226268002188095,0.165900350653023,0.148117810024434
2157,0.181632495469099,0.172112654009865,0.174141166014769,0.172596793716295,0.216417795013291,0.109652560281888,0.226389762904864,0.166085605190388,0.1482780759074
2158,0.181740530216015,0.172356245300099,0.174172824867406,0.172661610242783,0.21657482130471,0.110002668350593,0.226512620063161,0.166294595779085,0.148392648197186
2159,0.181854355137808,0.172524432532719,0.174257903108327,0.172768619088333,0.216638998587524,0.110334256669451,0.22662269604107,0.166510787470962,0.148504828526802
2160,0.181987896101816,0.172662491668513,0.174444340276718,0.172879461977652,0.216644251082237,0.110714614547171,0.226707814243902,0.166748928801025,0.148538472353386
2161,0.182101020820449,0.172840948082283,0.174537791438002,0.172979038800543,0.216729157194266,0.110987247408355,0.226821987974492,0.166942868661687,0.148615069899652
2162,0.182192814522043,0.172964240207595,0.174549713569899,0.173115924661469,0.216738133366704,0.111196131892801,0.226912626278839,0.167150463012835,0.148738349300645
2163,0.182289635879679,0.173128221021282,0.174621782892425,0.173161169197394,0.216761053590971,0.111499331997621,0.227038756083214,0.167298637540029,0.148809688735031
2164,0.182438402809403,0.173418222912898,0.17475205457578,0.173092924748696,0.216902509205046,0.111888362589733,0.227252621053904,0.1673692196735,0.148801511969842
2165,0.182517958541476,0.173568714003574,0.174786965728496,0.17314741065062,0.216936845090414,0.112124053610368,0.227362141177702,0.167501278743625,0.148862389492318
2166,0.182538495651096,0.173606429406471,0.174753352590779,0.173275663182813,0.216793975388673,0.11226244302539,0.22740569906558,0.167641997624717,0.149002126772855
2167,0.182591316720244,0.173708461925472,0.174789427942845,0.173305843760889,0.216794978104891,0.112469197126823,0.227491774943418,0.167759135031314,0.149059193956393
2168,0.18262030951666,0.173784426124647,0.174789514260087,0.173324718988315,0.216936354520251,0.112515583831845,0.227553195740062,0.167917634968938,0.149081190509103
2169,0.182622755741394,0.173866083810844,0.174811531617693,0.173351997544498,0.216950182286607,0.11270455707438,0.227600322699378,0.16801716821531,0.149111700660643
2170,0.182582773444443,0.173969188543244,0.174890847608206,0.173267963248862,0.216919582292936,0.112998456439455,0.227645122668895,0.168056644369876,0.149132859499067
2171,0.182647406959431,0.174096299163608,0.174993145174411,0.173268834740077,0.216896269339607,0.11353005749004,0.22773920311048,0.168078622938567,0.149071349824072
2172,0.182744013929337,0.174210899753067,0.175062760274795,0.173364139198837,0.216896365385811,0.11384972066168,0.22782862188878,0.168160989117689,0.149003193929191
2173,0.182775991890261,0.174259599547582,0.175054790302223,0.173482555426031,0.21690827641061,0.11394869180787,0.227887799995265,0.168254361952367,0.149037407486157
2174,0.182820939443992,0.174293330788221,0.174994855852426,0.173527084138256,0.216943295073907,0.114069420394619,0.227877174378968,0.16831524476157,0.14895249170846
2175,0.182929690664921,0.174401763050112,0.175016768053591,0.173467101457206,0.216903306084066,0.114261617405671,0.227872912140014,0.168425845334076,0.148881484517545
2176,0.18294347885412,0.174505798038154,0.174948594219717,0.173424406903564,0.21681197913673,0.11454421269109,0.227863240324688,0.168480846214189,0.148915909706446
2177,0.182860586823903,0.174506427530539,0.174804530076489,0.173413104846142,0.216675143421343,0.115009498974355,0.227779581148412,0.16843795741704,0.148841022605683
2178,0.182824956032923,0.174532708540382,0.174740147883645,0.173348166034905,0.216523272403632,0.115317135749516,0.227728511489769,0.168445435241555,0.148782171608324
2179,0.18284492417794,0.174569288656726,0.174722564950267,0.17326706106814,0.2164069751594,0.115599660610192,0.227749079478678,0.168494377286132,0.14874837722387
2180,0.182736838291387,0.174592377081951,0.174623858012167,0.173193718370804,0.216217000512051,0.115860095109864,0.22770865758953,0.168439783507936,0.148657386963513
2181,0.182484041872834,0.174603890497906,0.174519005753984,0.17307774889145,0.215899913925293,0.116024250966667,0.22759666682901,0.168308551152605,0.14849002215632
2182,0.18240651615571,0.174598095417673,0.17441946295305,0.172987680943632,0.215677042969771,0.116266081217601,0.227537641722101,0.168268845118517,0.148373732379526
2183,0.182414766837016,0.174575304722988,0.174272546186963,0.172946741021995,0.215491559517915,0.116638022248581,0.22752623872288,0.168229843095779,0.148279887911304
2184,0.182275959383396,0.174544643274296,0.174134754339751,0.172840751051551,0.215255932821862,0.116882333663608,0.227450144629336,0.168133476686026,0.148111652243551
2185,0.182130137848581,0.174456587863539,0.174024498838009,0.172721037092605,0.215042990386788,0.116968422494242,0.227358284395808,0.168081016942968,0.147946625226605
2186,0.182038335744036,0.174413407213885,0.173885961583702,0.172550388835563,0.214793846736473,0.117193611591552,0.227236019366736,0.16799999755275,0.147750393757369
2187,0.181844476184929,0.174477577533689,0.173729189810241,0.172277897448994,0.214483776849081,0.11751576819541,0.227077525161306,0.167832177850282,0.147463645717427
2188,0.181650400164087,0.174414529233121,0.173543689869112,0.172106145961789,0.214193469146255,0.117697096306903,0.226902817169149,0.167657644678393,0.147205515454801
2189,0.181494923874514,0.174242720377259,0.173368521272244,0.172015117634484,0.213930754870148,0.117791411228722,0.226695025088429,0.167497629577791,0.146940468309076
2190,0.181496090716161,0.174136198082062,0.173121689009744,0.171788766171047,0.213615784174214,0.118073309945976,0.22648533659581,0.167329795037537,0.146684187843702
2191,0.18123502250661,0.174156256578395,0.172795434486154,0.171534062379556,0.213244815908332,0.118368343119567,0.226250692616806,0.167089584316851,0.146469392023158
2192,0.180912964495695,0.174055691319623,0.172547947265938,0.171357445500951,0.212866686219925,0.118571764802149,0.226042021177029,0.166951202034874,0.146204269562435
2193,0.18072101260555,0.173890969720195,0.172350854668552,0.171089587209547,0.21250351403475,0.118949520794001,0.225848658090761,0.166836875885864,0.145931375617815
2194,0.180447839862686,0.173803477075723,0.172159544142082,0.170805054149391,0.212103624055233,0.119359421289718,0.225616015340462,0.166612574805528,0.145643582620181
2195,0.180241800508857,0.173692430934622,0.171976427704711,0.170695536996645,0.211766596037,0.119494089918189,0.225460256471708,0.166277414136286,0.1453505986827
2196,0.180072861464929,0.173506497318322,0.171646128366185,0.170511441437912,0.211384673967089,0.119590102962557,0.225307163888548,0.166009196592356,0.145094689743307
2197,0.179821660532632,0.173379573935721,0.171343334242136,0.170232208332099,0.210940407566542,0.119826468135399,0.225068800334161,0.16580178802414,0.144798284294892
2198,0.179528275473616,0.173460292491828,0.170941615073206,0.16984658459159,0.210393667611536,0.120161107009508,0.224810874802761,0.165646799158109,0.144535689665302
2199,0.179261916877225,0.17330431327926,0.170641728408676,0.169583813468635,0.210005583375766,0.120354127211501,0.22454119410478,0.165433511709422,0.144207158318528
2200,0.17894181183577,0.172902423508837,0.17042760370082,0.169318319494891,0.209679500289603,0.120575703972176,0.224176884755656,0.165288426286784,0.143766958560434
2201,0.178707237654291,0.172742530850102,0.170108610743168,0.169000303204123,0.209246212980239,0.12076721602413,0.223872029099331,0.165043702158978,0.143446023269363
2202,0.178557207852177,0.172666563588224,0.16968896039839,0.168711398184543,0.208811641026441,0.120825473485405,0.22355709905216,0.164636176980003,0.143196417801592
2203,0.178323403211352,0.172511508508789,0.169381706308973,0.168447118569433,0.208412171172979,0.120929430292076,0.223314464813916,0.164392717530385,0.142863222263567
2204,0.178043985340655,0.1724340815504,0.169080184675772,0.168063066815038,0.207893727036525,0.121075374090411,0.223151022331537,0.164244174571526,0.142514881061506
2205,0.177817275579462,0.172319316627893,0.1688301940119,0.167801072528199,0.207515071097106,0.121231914595493,0.222915043251544,0.164013774813665,0.142208195826618
2206,0.177557195512502,0.172051230451683,0.168660141415821,0.167672451367796,0.207298225555547,0.12135697220298,0.222668474197796,0.163813024555134,0.141820076167096
2207,0.177388974655092,0.171924048904177,0.168497451902452,0.167534815991702,0.207047839942883,0.12149115111282,0.222488195917435,0.163630292634757,0.141541988762792
2208,0.177317888204681,0.171928130667404,0.168353921587142,0.167423824320207,0.206759726131332,0.121671176970495,0.222235520435458,0.163332215682374,0.141407648156459
2209,0.17720717689503,0.171890033003985,0.168226002838247,0.167324391783044,0.206576565368872,0.121849105845502,0.222091835564823,0.163160967109619,0.141212037513206
2210,0.177070328316529,0.171857667532855,0.168100487528312,0.167288838591023,0.206524838500328,0.122039986685883,0.222073086833633,0.163162298255733,0.140982267931524
2211,0.177034120417451,0.171845381006858,0.168071615025942,0.16719723443815,0.206358752459045,0.122177290737983,0.222070699218058,0.163034117917066,0.140821274680454
2212,0.177012025486304,0.17194831983314,0.168108547529505,0.167142647760176,0.206312035129253,0.122239691101666,0.222093373103418,0.162855316923419,0.14074942621129
2213,0.177008119099441,0.172015468303055,0.168079081470655,0.167135656111365,0.20631670388233,0.122292174782042,0.222076252341276,0.162795243079535,0.140640049381208
2214,0.17711394395588,0.171997996995855,0.16816635350139,0.167195843010575,0.206240448502922,0.122255107316384,0.222001618254775,0.162688057589064,0.14053998521927
2215,0.177163553431519,0.172035796583184,0.168430373061756,0.167334910066868,0.206335624170942,0.122258781092302,0.222075782455689,0.162623484223563,0.140506184172583
2216,0.177176696173293,0.172033329527652,0.168625603787204,0.167435619672338,0.206443604063049,0.122519155841729,0.222137779025167,0.162648022481733,0.140431075877524
2217,0.177303826155736,0.171960478383585,0.168722262663213,0.167533420720671,0.206427689674762,0.12276903000119,0.222109460293081,0.162623510434489,0.140378012761805
2218,0.177391901105386,0.172008775986824,0.16882175645676,0.167625758604537,0.206472753257371,0.122788359641092,0.222144497484246,0.162569666186774,0.140320494046786
2219,0.177466517831376,0.172223179567306,0.168849056276056,0.167694375485306,0.20654594907383,0.122610859025015,0.22221867487176,0.162442985525738,0.140297769434756
2220,0.177591047557726,0.172270143044533,0.168943842810386,0.167786641221833,0.206602455267785,0.122702683960532,0.222248714564115,0.16241979807148,0.140264612408263
2221,0.177779681592866,0.172242663877289,0.16909305096074,0.167897259942732,0.206639878989791,0.122809494044639,0.222293160078681,0.162435100249232,0.140195966651964
2222,0.177872731879649,0.172295056733652,0.169176194050706,0.168015042341275,0.206672757607588,0.122819439932589,0.222321130213394,0.162436787557091,0.14019028407082
2223,0.177970163356565,0.172337695067445,0.169222812068658,0.168139292423896,0.206696225686026,0.122999624296278,0.222286473852393,0.162517950450288,0.140297704750071
2224,0.178024660242229,0.172348826923055,0.169313383770922,0.168249335499098,0.206751247583017,0.123064273686247,0.222308838824981,0.162503645306973,0.1402818260785
2225,0.177953553615759,0.172417099926783,0.169381496587154,0.168395050639046,0.206837801046601,0.12288511240397,0.222396098883831,0.162380510234811,0.140166534084805
2226,0.17798772592282,0.172432190302084,0.169451862602976,0.168459531216305,0.206908868756678,0.122786186391118,0.222401933323715,0.162367532779056,0.140135562324304
2227,0.178107487536398,0.172348026793371,0.16958449354359,0.16847141470147,0.206964765263231,0.122815001083784,0.222371061523276,0.162395292802945,0.140127425744384
2228,0.178139604002957,0.17231622751985,0.169662986815666,0.168511573027415,0.207027063619544,0.122744828787355,0.222371201488083,0.162398288105088,0.140076358619646
2229,0.178164165483773,0.172321265013167,0.169693175809356,0.168534930664942,0.207084135687887,0.122470318946028,0.22232966031294,0.16246418306238,0.140000272742829
2230,0.178187968157992,0.172308338830671,0.169728560547296,0.168517857393649,0.207159006604188,0.122409864509405,0.222298568395028,0.16246322826075,0.140015471383842
2231,0.17807841548709,0.17227713439423,0.1697403376323,0.168409399933526,0.207273667738313,0.122671803703181,0.222337570500504,0.162365360551389,0.140075934883502
2232,0.178106659738252,0.172258583119324,0.169797959284871,0.168444481506623,0.207353813997623,0.122550716584465,0.222339701905489,0.162337724214968,0.140067509545491
2233,0.178318669042761,0.172252011601333,0.169864375930289,0.168573405451937,0.207389549339082,0.122199832989511,0.222253277923149,0.162360872267746,0.140088859030777
2234,0.178376622312441,0.172232041484478,0.169908474699141,0.16862348363253,0.207467849502548,0.121977774294124,0.222232452962487,0.162349239372684,0.140146001110874
2235,0.178418461885654,0.172192254811343,0.169982345785359,0.168742207683193,0.207556670455957,0.121584042660594,0.222245327934791,0.162349929713838,0.140217040973578
2236,0.178438494993701,0.172208261756826,0.170061765985498,0.168833895352572,0.207698855811935,0.12121286693128,0.22228417901792,0.162330476615092,0.140119601076173
2237,0.178369696911305,0.172179353288438,0.170002211736919,0.168824193693639,0.20779266500731,0.121034116531622,0.222253578478148,0.162295820659878,0.140152868194047
2238,0.178276031184451,0.172044513065864,0.169964377909962,0.168752747703131,0.207715324880635,0.120831296099927,0.222167302724965,0.162237785500772,0.140315728214652
2239,0.17822061440743,0.171869666685324,0.16996358508018,0.168806906301758,0.207640802468859,0.12050475704432,0.222033254316205,0.162170146216144,0.140294674094433
2240,0.178223748296326,0.171755645332382,0.169950303955811,0.168903434305975,0.207640237163057,0.12014841570053,0.221945627358301,0.162162420794559,0.140184205716258
2241,0.178230021753537,0.171675684236999,0.170036295192436,0.168863450374191,0.207673769484044,0.119830001863815,0.222006925668741,0.162207807620203,0.140196076584612
2242,0.178180942675013,0.171575276838438,0.170189901660393,0.168793363400278,0.207771748080139,0.119598737151225,0.22207813647841,0.162226640735965,0.140146961758179
2243,0.178122468284172,0.171482521452657,0.170158079958037,0.168769611089931,0.207799798935549,0.119148168538798,0.221994963611251,0.162149797099604,0.140092602822868
2244,0.178051277351266,0.171431864094455,0.169935820349515,0.168706989071139,0.207790636696389,0.118460091659355,0.221792387939584,0.162019926583085,0.140029779716385
2245,0.178002386666515,0.171307005290205,0.169979107726791,0.168671722084047,0.207793298884679,0.118010455630414,0.22170871802698,0.161924433006681,0.140071267915794
2246,0.177913273510258,0.171135752979775,0.170115713566164,0.168733389587087,0.207788432363663,0.11761387057767,0.221573586955551,0.161699451388672,0.14014293258378
2247,0.177862794853932,0.171019709461271,0.170053978178258,0.16867039212792,0.207769541847477,0.117115133589431,0.221495005627692,0.161635685818138,0.140150302539078
2248,0.177885860678203,0.170868465195626,0.170069040232819,0.168451039445406,0.207727578031547,0.11677477760522,0.221609556279158,0.161737594022006,0.140238176885638
2249,0.177858186903642,0.170759290051656,0.170059041075918,0.168414830947717,0.207747303545459,0.1162154253627,0.221517401548069,0.16173418232911,0.14026295580844
2250,0.177817609581032,0.170734546294315,0.169765370536306,0.168477711943751,0.207797822205345,0.115257632714438,0.221239647080284,0.161735252755657,0.140168885593343
2251,0.177755392420581,0.170630003694887,0.169720343482808,0.16845552207386,0.207791226836993,0.114674869876178,0.221066094992947,0.16169308596066,0.140141142050699
2252,0.17760747080791,0.170530972725964,0.169970630952484,0.16845755444137,0.207768990883192,0.114334012340161,0.22084139635637,0.16155838246031,0.140167297870478
2253,0.17756002829441,0.170375821202557,0.169992388224982,0.16847364660051,0.207794889794349,0.113811498963375,0.220714216644562,0.161512350008998,0.140153688519301
2254,0.177626347256821,0.170053913236782,0.169896211081653,0.168453021350032,0.207796517242317,0.113385680112195,0.220720636629533,0.161523158775319,0.14005002650948
2255,0.177565867651088,0.16990905731328,0.169883323956215,0.168414499076795,0.20783874673413,0.112861490000827,0.220618312700266,0.161503775191252,0.140063423306449
2256,0.177471147859752,0.169906976978254,0.169871234030066,0.168437371108833,0.208081446547634,0.112120378236066,0.220489442444902,0.161510210938822,0.140218987118807
2257,0.177406703161944,0.169776326554695,0.169840824247654,0.16842058895655,0.208071923967596,0.11143565466357,0.220395833853126,0.161504041091967,0.140259992661939
2258,0.177228180803789,0.169680948450451,0.169845014773334,0.16829170781204,0.207797971482316,0.110827086714354,0.220262831857219,0.16141959758044,0.140268877456076
2259,0.177123486277086,0.169563672707679,0.169815069771615,0.168211287598208,0.207729971836694,0.110182503964304,0.220140749955547,0.161410327212124,0.14031058522046
2260,0.177095194005528,0.169298843255554,0.169688012298912,0.168065204730796,0.207606559902938,0.10948020954298,0.220058867377519,0.161491642620351,0.140358009437501
2261,0.177126635971047,0.169083645985075,0.169637107980399,0.16814830553411,0.207570301230572,0.108729780886319,0.219957804554736,0.161543319866156,0.140264883912769
2262,0.177070444906671,0.169086965776534,0.169657146442516,0.168296113226591,0.207835137009412,0.108222990239469,0.219915980321918,0.161481251788993,0.140269550144664
2263,0.176946839653891,0.169031488779726,0.1697357360491,0.168314865966582,0.20793244589125,0.107662543165875,0.219855525487105,0.161381540129157,0.140389776978831
2264,0.176861800372778,0.168858132912147,0.169806641704169,0.168321307355406,0.207803685211859,0.1071371236281,0.219793093175028,0.161169337956166,0.140345137488335
2265,0.176891788091312,0.168704034161797,0.169763655776397,0.168296620598094,0.207767957318451,0.106761509675378,0.219696320286604,0.161023655464019,0.14032913637716
2266,0.176906237852401,0.16852028769533,0.16965551043319,0.168080512749813,0.207702852245899,0.105971776743357,0.219479334743815,0.161016189819819,0.140264914120073
2267,0.176832466007122,0.168291270549224,0.169544162630525,0.167810266371092,0.207565550092075,0.104953828380419,0.219289887974902,0.16094474726116,0.140160769761394
2268,0.176707409408323,0.16810266721021,0.169462079761561,0.167649200298913,0.207430479932115,0.104265187757246,0.219105766524059,0.160776154610645,0.140171174536246
2269,0.176461527503637,0.16798854135631,0.169419441806694,0.167524848427859,0.207333248101492,0.103470693928942,0.218940468328166,0.160531837063994,0.140258557412893
2270,0.176320333001419,0.16779452395262,0.169269903895846,0.167373167889141,0.20720599737583,0.102976936657088,0.218752957769826,0.160356306287005,0.140204995501639
2271,0.176228901444265,0.167546340836394,0.169068246033883,0.167264060821657,0.20700767154073,0.102992206035823,0.218541155579512,0.160127816189468,0.140224725750476
2272,0.176009660507958,0.167323562719931,0.168902924728538,0.167133206957516,0.206815647644821,0.102481486466465,0.218346282599611,0.159920050908659,0.140040003545411
2273,0.175749488316943,0.167102937664735,0.168683823278158,0.166981434859041,0.206683878054001,0.101623055620681,0.218161688135592,0.159816088132998,0.139615280998812
2274,0.175536595377159,0.166863274005345,0.168474980791745,0.166798434381182,0.206456052653043,0.101246284032241,0.217966135426508,0.15956459331133,0.139377194529358
2275,0.175240808620371,0.166619921678134,0.16833157394884,0.16664295414394,0.206119814497603,0.10096604033486,0.217801961567063,0.159169040440748,0.139137649339335
2276,0.174991375188682,0.166366589084474,0.168128008073686,0.166412819213081,0.205854055657477,0.100635584394597,0.217561008564134,0.158873709322001,0.138895045861032
2277,0.174875690764406,0.166088426781616,0.167818688363499,0.166088505230112,0.205599169368175,0.100667510554294,0.217287552437252,0.15863076214016,0.138745409746471
2278,0.174589158948179,0.165812565683119,0.167587404511963,0.165802095104786,0.205299155651456,0.100406089037336,0.216976029259978,0.158278516846798,0.13845462585075
2279,0.174118913518614,0.165545882142807,0.16744846621379,0.165478310856526,0.205032265828984,0.0996877965948625,0.216570030553537,0.157835907797938,0.138045472695849
2280,0.173822941393889,0.165239846020908,0.167175373127668,0.165202017787484,0.204679745036877,0.0994243312907207,0.216222195046907,0.157522370511849,0.137739866540641
2281,0.173635310364896,0.164907273177639,0.166834717443541,0.165013951997364,0.204223939714832,0.0995764801888338,0.215911435885989,0.157288744988567,0.137487828485775
2282,0.173294742460222,0.164597920522182,0.166548769471855,0.16471896368839,0.203835126923839,0.0993518886054095,0.215545529036369,0.156868530588293,0.137099175280569
2283,0.172938136431721,0.164284524187458,0.166170590284122,0.164320528853388,0.203422322745077,0.09916197765361,0.215127507665787,0.156391659748556,0.136622502777119
2284,0.172564945359447,0.163920255340564,0.165870212905354,0.164019347218652,0.203006282613421,0.0987743830047618,0.214768294895106,0.155998643225953,0.136246492746598
2285,0.171986584805782,0.16351668995499,0.165709268848825,0.16374984518646,0.202660672965797,0.0979007557156168,0.21440648717366,0.155427549618046,0.135805351954411
2286,0.171605644412042,0.163166561483724,0.165429102417345,0.163408128569194,0.2022357829269,0.0974083179084718,0.214028117044924,0.154994966685122,0.135416340031087
2287,0.171460645329945,0.16282505869129,0.165101529905375,0.163162117089726,0.201764890629105,0.0972032462906448,0.213724737989314,0.154881384918381,0.135240628978788
2288,0.171119770621558,0.162456102032491,0.164784458441733,0.162804891553703,0.201263747439388,0.0967479313768504,0.21336537695777,0.154516624297858,0.13485881176863
2289,0.170681252888878,0.162144887933698,0.16442827060446,0.162193231322896,0.200608981185704,0.0961535141201304,0.212923686243432,0.153997472583329,0.134248872426533
2290,0.170334201232875,0.16176511727936,0.164048553317103,0.161760194481626,0.200108253982498,0.0957425552827619,0.212516650710197,0.153518463872524,0.133805547483749
2291,0.170025118974874,0.161293543610556,0.163621923057142,0.161433624670859,0.199713146908644,0.0953424738599815,0.212138506804897,0.152861305134984,0.133437462275947
2292,0.169598326575455,0.160845096241524,0.163252983614322,0.161059049198446,0.199264223016022,0.0948820879664588,0.211709881038805,0.152365434210736,0.132993442175257
2293,0.169233957770027,0.160369342411292,0.162906473926191,0.16079589343349,0.198938421132465,0.0945277904623045,0.211290396274608,0.152042580744633,0.132614141295885
2294,0.168680729194704,0.159915207655803,0.162529650808006,0.160413281569931,0.198512201229208,0.0942753722901876,0.210807877464345,0.151603115100457,0.132144655124528
2295,0.168140235083447,0.159537604533815,0.162197202694133,0.159965880158289,0.197920788862271,0.0938534706147913,0.210249870069489,0.151085929056816,0.131664716966753
2296,0.167712190354531,0.159100985660596,0.161834770285161,0.159577624837196,0.197348814463403,0.0932870989473233,0.209687020001172,0.150771104832757,0.131224900439135
2297,0.167440857275605,0.158721608128671,0.161400355455745,0.15919884358079,0.19684950120344,0.0928535765932805,0.20924497915673,0.150311764257721,0.130819307426495
2298,0.167194319024922,0.158401850052938,0.161001896722871,0.158813728006763,0.196366840830154,0.0921646630697794,0.208875269340175,0.149705186523386,0.13052983237728
2299,0.166774588184457,0.158043031038676,0.160597902799773,0.158485870476819,0.195805942778406,0.0916659349216,0.20837680099815,0.14922787760906,0.130107958374311
2300,0.166175690270795,0.157666351196314,0.160198453512123,0.158221989416855,0.195230233224986,0.0911467757728551,0.207885214973041,0.148827123241844,0.129569271184292
2301,0.165796038912862,0.157319612336552,0.159833958178336,0.157840173988455,0.194707913102845,0.0905904835076742,0.207418473153393,0.148332452694102,0.129168369894647
2302,0.165482526156756,0.157025496240838,0.159502189508362,0.157456236191631,0.194116010307865,0.0900261274468819,0.206852597472777,0.147812622465236,0.128838984441072
2303,0.165022884419435,0.156575531836811,0.15909092004361,0.157055736664796,0.193624442025149,0.0897061895762271,0.206339826408818,0.147348983970428,0.128356694325998
2304,0.164582767704252,0.156064271804329,0.158711935224014,0.15652238848246,0.193302086085602,0.0894142689595894,0.205948891562776,0.146916710204772,0.127836799638916
2305,0.164148888591762,0.155579948770157,0.158247368531847,0.156115463643332,0.192801594340124,0.0890476693208617,0.205442425407841,0.146334698935776,0.127405561829149
2306,0.163581875426472,0.154972888995495,0.157589689568692,0.15583873678953,0.192195773030692,0.0890497057393045,0.204813195440204,0.145672422964626,0.126931386829606
2307,0.163119040992767,0.154498488762689,0.157186129225212,0.155425465412535,0.191679521754639,0.0886107313569572,0.204301079261972,0.145145050128837,0.126448254349232
2308,0.162828264749273,0.154122297499036,0.15696017748491,0.154944159874371,0.191171848867019,0.0875787891090371,0.203874214924902,0.144509761283996,0.126056456823249
2309,0.16237631996287,0.153678914759021,0.156525674938441,0.154536863010868,0.190625070508822,0.0871739198991187,0.203331575515982,0.144045361877039,0.12560906123012
2310,0.161756792610534,0.153226507406355,0.156107280483294,0.154105096626329,0.19006395034074,0.0871212035262979,0.202725582740979,0.143893676533077,0.125040332996008
2311,0.161268963739235,0.152814386392942,0.155673238744685,0.153679727331814,0.189574552619339,0.086728796596494,0.202196573142671,0.143430080708414,0.124543408710454
2312,0.160831491201635,0.152452480008572,0.154969599508791,0.153375431067394,0.189083850775618,0.086246473239278,0.201674331376147,0.142763244851278,0.124184869396677
2313,0.160400844394319,0.151992421649319,0.154560068968041,0.152916550234227,0.188579507999081,0.0861088331052738,0.201105810775247,0.142296833056194,0.123673142680443
2314,0.160019732483754,0.151449785116453,0.154505235639107,0.152340465561382,0.188166634669657,0.0860980653017832,0.200552985993762,0.141804532848761,0.122970012726574
2315,0.159626539411704,0.151049117340866,0.15413747448629,0.151797726462376,0.187696233874009,0.0857785224323548,0.200041325499649,0.14137784599123,0.12246160265612
2316,0.159214505192178,0.150679402656079,0.15368853332965,0.15106211745935,0.187137904684004,0.0857146500060891,0.199432009758403,0.141224664938101,0.122046200123238
2317,0.158813516825097,0.150256261442019,0.153273458476887,0.150624653167458,0.18662867101851,0.0854544304374953,0.198927687596899,0.14078389476071,0.121552376911773
2318,0.15849977488658,0.149950060575327,0.152642045425706,0.150468060059124,0.18617210882729,0.0844660446759966,0.198688005071909,0.14009737597225,0.121151212767024
2319,0.15808318696966,0.149538899240284,0.152172094261205,0.150066802540522,0.185657348707584,0.0840696806628281,0.198178545139444,0.13958537282506,0.12067475481464
2320,0.157564687299015,0.14890801805846,0.151902281791319,0.149722665935405,0.185089660156535,0.0843908619620077,0.19742432256918,0.139051824766856,0.119980108788717
2321,0.157112354291908,0.148485912334964,0.151526931122203,0.149339865632633,0.184576937335524,0.0841212729013935,0.19689649168047,0.138524252921686,0.119490879248524
2322,0.156625218601432,0.148316143552887,0.15115091179783,0.148722501792967,0.184082112867459,0.0835184744406239,0.196432714281226,0.138171516361675,0.119208034043518
2323,0.156170318586673,0.147885881740326,0.150721266295404,0.148226228845848,0.183563663765675,0.0831734396145002,0.19584096180728,0.137653302506922,0.118769399135935
2324,0.155825735152385,0.14729277749577,0.150210975601772,0.147883860445427,0.183097470699857,0.0825964659987611,0.19533787938994,0.136857054127585,0.118301411885704
2325,0.155402117368927,0.146846329955821,0.14973520831925,0.147458982905191,0.182558489997397,0.0822421524006779,0.19480286638547,0.136321693561168,0.117888804101964
2326,0.154890949815174,0.146308523405871,0.149207193368622,0.14701628686935,0.181939488785806,0.0823274989865069,0.193978993943141,0.136020882643522,0.117434475385922
2327,0.154419611358609,0.145806615384704,0.148754879143143,0.146506431897658,0.181352339168168,0.0822061073353225,0.193383366276648,0.135482609101914,0.116952488150353
2328,0.153985706875225,0.145573941866284,0.148415836446508,0.145875819744477,0.180710637387873,0.0820662928488777,0.193124446183158,0.134894799160068,0.116506109686664
2329,0.153493853326561,0.145159033579108,0.147975484961101,0.145363764203885,0.180119115432144,0.0817916271997733,0.192616594926365,0.134376809114512,0.116073445109908
2330,0.152962740814882,0.144446628538186,0.147503956763276,0.144878526698323,0.179568312845584,0.0813485211266318,0.192038984052202,0.133655225801136,0.115635466700821
2331,0.152472322086011,0.143945678790698,0.147045002445823,0.144377050341149,0.179025853604292,0.0810477193784704,0.191470438742863,0.133059306403552,0.115127769162555
2332,0.151904808383582,0.143659729897092,0.14651331989413,0.143879465268403,0.178604259843862,0.0807523096136932,0.190664861868876,0.132759173087691,0.114539440635518
2333,0.151405735966144,0.143147983360387,0.146021126069799,0.143495358490804,0.178050699502992,0.0803544533150187,0.190016897694835,0.132293622479497,0.11409459064545
2334,0.150998663184878,0.142468460714727,0.145592863473574,0.143242892763666,0.17744251694974,0.0799317633250373,0.189617941975331,0.131735766168564,0.113760779380178
2335,0.150622132730995,0.142026105270167,0.145112698182551,0.142859346775213,0.176723804114054,0.0796411301142978,0.189009501637303,0.131111926254622,0.113242392411044
2336,0.150169476498687,0.14160865826494,0.144758838101563,0.14233639302428,0.176069597102492,0.0792662727769071,0.188255013453047,0.130533228506933,0.112799783283697
2337,0.149682660670263,0.140886020426909,0.144356837709928,0.141945720603241,0.175492244408978,0.0786064724504019,0.187710871105407,0.130055986821341,0.112365526533534
2338,0.149121958963216,0.140516922055571,0.143779110136002,0.141510110651989,0.175110849992442,0.0779721996447535,0.187123948513134,0.129692180461299,0.111685216906907
2339,0.148650497195397,0.140427150852164,0.143239992952266,0.14092780588888,0.174774030917992,0.0776520068826228,0.18658728260208,0.129275325599719,0.111159548110398
2340,0.148167993831522,0.13994186729738,0.142782230972703,0.14045819574289,0.174176985956639,0.0772577148644335,0.186025276095978,0.128821061008068,0.110693959682522
2341,0.147676570116387,0.139219396688341,0.142228336710943,0.140189559826116,0.173409119048921,0.0768627498202376,0.185605162030442,0.128325632604298,0.110377969429031
2342,0.147310397498305,0.138812029545287,0.141813165743302,0.139751109806766,0.172890147419793,0.0764921472902196,0.185059798560435,0.127884995852749,0.10993553333942
2343,0.147055420222029,0.138440096152924,0.141635832689047,0.139130213982917,0.172339439348111,0.076148659436375,0.18432200120741,0.127409142161892,0.10948145645361
2344,0.146647217296825,0.137898387410583,0.141239044533217,0.138727114568593,0.171738015268416,0.0759631169872162,0.183893749043269,0.127020482685236,0.109049471234392
2345,0.146265486935619,0.137448329984996,0.14066090992266,0.13844811933572,0.171249357429576,0.0760451661218971,0.183679304613647,0.126735032418325,0.10853140886001
2346,0.145871435383492,0.136998461189034,0.140336704105027,0.138077993514611,0.170829814328636,0.0755353517723075,0.183253494401597,0.126331138692249,0.108223112638237
2347,0.14531892290255,0.136302935145035,0.140176224326016,0.137715502419671,0.170305289692009,0.0747783233172463,0.182871374557374,0.125939944798957,0.108103411106083
2348,0.144948169206488,0.135843564538158,0.139794274646735,0.13741029807199,0.169835514388486,0.0743353481349464,0.182424496424329,0.125482243212057,0.107797087256433
2349,0.144756966844975,0.135647553077671,0.139406544211572,0.137076336571934,0.169581881669746,0.0734836954993716,0.181780392309275,0.124907596854741,0.107605514354365
2350,0.144411171928126,0.135344511736318,0.139060229701627,0.136821169713781,0.169241565034757,0.073130875685811,0.181368348323665,0.124422995482938,0.107148703375961
2351,0.144006897925587,0.135013529438609,0.138522656301171,0.136746502262616,0.168764313568873,0.0734760337474563,0.181146264801369,0.123889861003292,0.106301145750025
2352,0.143664428366506,0.134618777365035,0.138173195661624,0.136443799145214,0.168343034148179,0.073333167843659,0.180723067302697,0.123518379162817,0.105899075972971
2353,0.143315322204739,0.134257264116968,0.138125128401982,0.136031771778749,0.168042019411049,0.0729340380075657,0.180247555680739,0.123326924732144,0.10561037098308
2354,0.142961356407889,0.133884932508068,0.137776898776552,0.135677908878408,0.167709805786727,0.0727406910461321,0.179837062397096,0.122937619604373,0.105295780205983
2355,0.142672629167078,0.13337030368577,0.137228130386009,0.135253134619952,0.167304161735058,0.0727361871537539,0.179421266471956,0.122545945563536,0.105298259104402
2356,0.142312445896284,0.132991503351293,0.1368404166059,0.134840880849626,0.166890516667634,0.0724039390920737,0.178895734807568,0.122164892328038,0.104999784273285
2357,0.141862586425144,0.132780653740025,0.136418661408772,0.1344146408172,0.166523421198759,0.0718322358510113,0.17830424958803,0.121649542940177,0.104402503913937
2358,0.141475227687545,0.132403781068502,0.136041113227559,0.134102248701249,0.166174860496824,0.0715817540489304,0.177874284603951,0.12121783593671,0.104056465875591
2359,0.141054966380845,0.131921026597558,0.135790588195699,0.133758640609056,0.165733921588309,0.0713530811561818,0.177385928864018,0.12086887760128,0.103803785841205
2360,0.140747893571593,0.131554619830318,0.135470558291923,0.133538627840066,0.16538559436437,0.0709777976663792,0.176962971041942,0.120521209715841,0.103455548798589
2361,0.140591930576181,0.131210030895082,0.135076432411639,0.133700504361933,0.165280503799608,0.0706906508600542,0.176818412310049,0.120193665234392,0.103099636286211
2362,0.140266049204683,0.130825504342574,0.13473200830152,0.133368335162919,0.16487019785098,0.07053814211085,0.176433820138433,0.119792253519944,0.102845218964398
2363,0.139978597236051,0.130505965504758,0.134411162296109,0.132663573355981,0.164196310682597,0.0703254507076096,0.175805291084754,0.119367682196846,0.102637359015513
2364,0.139560697523291,0.130121137488861,0.134129361817838,0.132309902471215,0.16375998227498,0.0699917417812018,0.175375876392837,0.119025639898045,0.10231407235818
2365,0.138862037978883,0.129619177190474,0.133942013423089,0.131853001066712,0.163331863465051,0.0697925521063718,0.17508800048413,0.118688418226119,0.102145533348486
2366,0.138403889222312,0.129204307234723,0.13360594413743,0.131501340386591,0.162862333210932,0.0696401553111196,0.174617020831105,0.118274715866118,0.101725848402345
2367,0.137996442734001,0.128838347222306,0.133226706301377,0.131590164884508,0.162471553984307,0.0692470097018469,0.174062288091844,0.117893677250449,0.100741243451681
2368,0.137648248935815,0.128455433370566,0.132835701817222,0.131309801300105,0.162128654919856,0.0689547643193534,0.173612063442433,0.117537430878637,0.100407648565682
2369,0.137554538915093,0.128156285383788,0.132241924038482,0.130665208039782,0.161785933667249,0.0691494747437165,0.173106280101752,0.116996291088558,0.100613488590051
2370,0.137198684755883,0.127700897953221,0.131863235940004,0.130269683000848,0.16134508943834,0.0688380211725788,0.172594228698201,0.116668266823725,0.100262464171011
2371,0.136606669223181,0.127039181728574,0.131648490797174,0.129946046721529,0.160951054557443,0.0678892701362627,0.172195529135849,0.116781545647097,0.0999058749341029
2372,0.136268450515655,0.126620639980295,0.131361491903458,0.129563192107138,0.160564084683943,0.0674620273595793,0.171756268386797,0.116394065789921,0.0995952291819
2373,0.135984857111276,0.126322370122931,0.131226834126716,0.129234039956051,0.159978414544047,0.0671558288113848,0.171131058460415,0.115592172093937,0.0988343097715957
2374,0.135637947792337,0.125866046659449,0.130888862805767,0.1288988029202,0.159543223448744,0.0668331556510403,0.170699973701415,0.115187527724637,0.0983031079977247
2375,0.135529305129209,0.12538020406577,0.130288467555264,0.128481761808485,0.159346184503005,0.0667410486952123,0.170552890275638,0.11474785987914,0.0981377785195706
2376,0.135197944596369,0.125078821601843,0.129922118447331,0.128120173496945,0.159000634260239,0.0666524146329083,0.170144236953953,0.114299581155215,0.0978483711069105
2377,0.134511387203107,0.124829568963541,0.129636965701759,0.127846951603801,0.15866864593089,0.0667559291901076,0.169569056382802,0.114147531118828,0.0973485249511783
2378,0.134075669868495,0.124421987754797,0.129258448082368,0.127538177757969,0.158176763395023,0.0664096449951687,0.169164031317266,0.113933031662606,0.0970049677199175
2379,0.133792628060335,0.12408125359915,0.128983903761722,0.127216664787236,0.15732580310273,0.0657985127551963,0.168744235544776,0.113615879738708,0.0969676598411511
2380,0.133389700030226,0.123814096010659,0.128661480917479,0.126881689125452,0.15690244035447,0.0653955948374819,0.168291485321648,0.113204936797788,0.0966615710214115
2381,0.132989472449122,0.123390399812185,0.128118312095996,0.126562314293294,0.156781476186736,0.0644978701929677,0.167965887576529,0.112861296137574,0.0960637682662821
2382,0.132625486967432,0.122987174902454,0.127751066965829,0.126208074601091,0.156352386547559,0.0640702112589838,0.167604306251808,0.112485698421698,0.0957525400935159
2383,0.1322242386608,0.122854607731242,0.127626708094306,0.125719356899679,0.156077673073333,0.0644715461171437,0.167073374269963,0.111758862776077,0.0956072718902576
2384,0.131788142119619,0.122544959205349,0.127319897710951,0.125399915365203,0.15568496881067,0.0642726041439621,0.166665294367917,0.111332733750704,0.0952562946608475
2385,0.131382904602333,0.121871578938146,0.126794530631899,0.125303015947937,0.15483050545451,0.0638398212680554,0.166574827259347,0.111250896278993,0.094974547342626
2386,0.130994125455442,0.121470801226676,0.126566785477191,0.124966323607976,0.154212009998418,0.0634270301220485,0.166137411199384,0.110995231571335,0.0946685493240488
2387,0.130506659074073,0.12140548619229,0.12657946770188,0.124491628540609,0.15374496205253,0.0624116139944184,0.165328342184866,0.110853800211089,0.0941015998226881
2388,0.130093472201335,0.1210183022428,0.126343098542503,0.124183750736259,0.153351622449355,0.0620022983411435,0.164833616700865,0.110520776642821,0.0936355247853157
2389,0.12986350372336,0.120357119062973,0.126185983647418,0.12389561522631,0.153190346852407,0.0622469280165953,0.164335752316262,0.109924730718829,0.0933155913635499
2390,0.129489844716725,0.120014403167159,0.125996632056103,0.123457339301017,0.152745749220512,0.0620777761610137,0.163838982022406,0.10945718777112,0.0929785251625463
2391,0.128939910831258,0.119862304251448,0.125540837480618,0.123043975739239,0.152016897830585,0.0620990135601855,0.163674623485012,0.10897015984566,0.092562403164512
2392,0.128556905132695,0.119381432319245,0.125139555310433,0.122701420132772,0.151680157006404,0.0618836070237787,0.163323651967981,0.108463316787605,0.0922114253903037
2393,0.128311732011259,0.118813920627467,0.124948451417894,0.122153393180212,0.151504946865078,0.0610949836566795,0.162691840654968,0.107881770137615,0.0920269628086957
2394,0.127899425976452,0.118481671584179,0.124577600440863,0.121717131833511,0.151123478477139,0.0605937933126427,0.162207350209168,0.107517440463162,0.0917206955197648
2395,0.127451774618565,0.117945596001303,0.123839886038792,0.121612422920857,0.151102845930655,0.060271962922872,0.161810710996159,0.107396174462703,0.0912981083859593
2396,0.127074564559813,0.117458306777988,0.123398593301289,0.121302382539134,0.150797932653568,0.0598509143063813,0.161378408626001,0.107021451044667,0.0909645126694701
2397,0.126583528216433,0.117375169916836,0.123129647398539,0.120744949646162,0.149807711219621,0.0593453525819693,0.16106465503161,0.10658662700428,0.090652249400329
2398,0.126118506975936,0.117175396146117,0.122792779872583,0.120353767540564,0.149242571821087,0.0590059504405363,0.160589008068257,0.106298331353052,0.0902936461642937
2399,0.125863091530699,0.116784953877916,0.122637690050303,0.12006762344491,0.149044485580973,0.0587902476438434,0.159878801625351,0.106000845110249,0.0900283835284788
2400,0.125457367051226,0.116385567346169,0.122397812262949,0.119679877284942,0.148617548896557,0.0584714848832646,0.159350315839463,0.10553639698874,0.0896734854044735
2401,0.124706923854623,0.116147235703062,0.122162150589798,0.119280681428655,0.14831023021196,0.058231711490365,0.158886633445023,0.105126997231744,0.0890666502281248
2402,0.124274301727158,0.115744830064895,0.121717124227632,0.11893476543858,0.147840338417527,0.0580031294890661,0.158346093801982,0.104733502918844,0.0886867823005822
2403,0.124155461314429,0.114920188784702,0.120905394946643,0.11854092965438,0.146889955431503,0.0578157515856007,0.157972685781339,0.103974323536241,0.0886373177398664
2404,0.123788730301622,0.114427489708556,0.120453507865917,0.118137547735268,0.146295723116828,0.0573930421650361,0.157447737822341,0.103467297764657,0.0882207643374547
2405,0.123479673149732,0.114304722755609,0.120056763600469,0.11788519634826,0.145948918012001,0.0565859562106682,0.156564834357878,0.103382448051234,0.0875547946703069
2406,0.123146401695225,0.11385054445066,0.119666639314099,0.117501307181427,0.145488228861319,0.0562491852125277,0.155936768852255,0.103075028721556,0.0871219598451146
2407,0.122499872487669,0.113179415985203,0.119831405865476,0.116847185710421,0.145208991985847,0.0560795476093855,0.155501954105371,0.102623544989495,0.0865872782354839
2408,0.122006154261827,0.112811796906608,0.119559985012925,0.116397733167865,0.144867970065021,0.0557825423766876,0.154951850577629,0.102294781209239,0.0860212562130236
2409,0.121751680793634,0.112527306950122,0.118713712139539,0.116134666599632,0.144416246885573,0.0559486804650678,0.154387762874928,0.102044512854017,0.0856366459149159
2410,0.121367612740369,0.1120287322086,0.118187347701002,0.115695237025146,0.143900974560379,0.0559270275177865,0.153947445679678,0.101640732769057,0.0853050914240123
2411,0.120936823569729,0.111614310845146,0.117660932436409,0.115153399815208,0.143370504102134,0.0557460989652005,0.153586557734236,0.101076703717589,0.0847734516924779
2412,0.120481292533963,0.111313257555271,0.117158011299799,0.114817213116112,0.142822865870134,0.0552221997341994,0.153093235956848,0.100756614939493,0.0843896384425592
2413,0.119843989754665,0.110769505642991,0.116870685975908,0.114512451559019,0.141944136901408,0.0540720405587203,0.152599624138521,0.100664708328612,0.0845389094604107
2414,0.11939112450767,0.110296819248059,0.116576423236802,0.11414030924916,0.141430123017131,0.0535613825638922,0.152192573793398,0.100238596503522,0.0842695759555335
2415,0.119144035025634,0.110288736719665,0.116413374819158,0.114049807119941,0.141370294077289,0.0532627100561662,0.151712246363153,0.099622041045318,0.0834478203578324
2416,0.118738692638739,0.110003200070055,0.11597624179426,0.113751123552855,0.141018653550922,0.0528159699902136,0.151208903011197,0.0993169794805735,0.0830791618791211
2417,0.118254629002658,0.109624708957616,0.115386512034398,0.11296579677705,0.140556067877804,0.0528451958871348,0.150767529843221,0.0988817164717523,0.0831078970706408
2418,0.117917514651004,0.108801325281592,0.114669309339445,0.112608303096661,0.140432189363697,0.0529312065580744,0.15048104332418,0.0985731179932451,0.0825498289558056
2419,0.117760283508052,0.108085723623489,0.114770380986585,0.112287052653321,0.139964011581688,0.0521258745249706,0.150038664389386,0.0983205704824403,0.0816882869672665
2420,0.117285504771541,0.107693516605322,0.114684563532196,0.11159684244996,0.139137522255735,0.0510427609247716,0.149279585371651,0.0977427695099882,0.0817182475531409
2421,0.116747499250407,0.107453594649169,0.114040180360054,0.111125119942365,0.138731373849314,0.0511750927542771,0.148578290860486,0.0971095873692643,0.0812353507778119
2422,0.116295736067395,0.107314728880884,0.113874022989005,0.110751515524847,0.138556985416349,0.0511952617677098,0.148152213952382,0.0964035815778168,0.080285725484088
2423,0.115585522881144,0.107183728468078,0.113381145266159,0.110369818550107,0.137811892745677,0.0507504995808246,0.147992521011151,0.0959909530315758,0.0805010257523754
2424,0.114938676142069,0.106656919016406,0.112200362880625,0.110089194398617,0.136962878791486,0.0503320066484444,0.147308900008325,0.0961190517296006,0.0805122840028643
2425,0.114511841507377,0.105464677096222,0.11192729843718,0.109466057063998,0.136506617038435,0.0502840372488245,0.146308079784674,0.0961228852158151,0.0796214904077065
2426,0.114316745710173,0.10442291670856,0.112189019997939,0.109096181717676,0.135882602945586,0.0498984553687177,0.145714261701674,0.0955853680972599,0.0793931397597751
2427,0.114052735444263,0.104482065760866,0.111226738558957,0.109060318469014,0.135525515936979,0.0492666967686537,0.145022095644032,0.0951926403202729,0.0793161304537865
2428,0.113518492797996,0.104607359087404,0.11029736412936,0.108682294314474,0.135547276214614,0.0493994298029512,0.144461868523145,0.0949250685210206,0.07838385630811
2429,0.112923794204142,0.104037177105522,0.110435458727761,0.108340925077126,0.134943402584271,0.0484284603527005,0.144256873263136,0.0939655452565801,0.0775737346176575
2430,0.112449164693735,0.103736101209956,0.110166152259879,0.107683126600316,0.133852647467728,0.046724208230244,0.143896364593985,0.0931847678303765,0.0775257585990508
2431,0.112171556955139,0.103396572405723,0.109961847899577,0.106645211962696,0.133346596348101,0.0472217062647757,0.143310657616852,0.0931827159753441,0.0774735477308235
2432,0.111857527581417,0.102212178229739,0.110247357957974,0.106009653182398,0.133025844290163,0.0486377553764261,0.142627637239869,0.0930054912751028,0.0767445379304392
2433,0.111567273519003,0.101953392062985,0.109508302709359,0.105741562569771,0.132280198522793,0.0482025089931011,0.14212516330922,0.0926236829049245,0.076030428191445
2434,0.111215081875975,0.102846551408408,0.108562704695791,0.105515296889445,0.131870740510013,0.0475589257274564,0.141755186745117,0.092701747459458,0.0757930678588836
2435,0.110659248120405,0.102310941427662,0.108292756673776,0.105064160646676,0.131690372922046,0.0469858264270035,0.141223216029236,0.0924084564659786,0.0752111727084445
2436,0.109982267941079,0.10115892449757,0.107654490090973,0.104472119586023,0.130900973765462,0.0458626129165074,0.140727311791558,0.0914366284155424,0.0746674146629436
2437,0.10915048189619,0.101130203631566,0.106860382900509,0.103972577883068,0.129964052920934,0.0464248462042495,0.140197790970595,0.0908409893601341,0.0744029544038476
2438,0.10832743318564,0.100887945768747,0.106498270181656,0.103497263263281,0.129702336685309,0.0471060605038918,0.139540561786587,0.0902600208974713,0.0738005796067823
2439,0.10764910949049,0.100457367700385,0.106382530591399,0.102958564925438,0.129621582458555,0.0462789484921775,0.139195046017336,0.0895834769272308,0.0732159704711682
2440,0.107278289906155,0.100755529468847,0.105969911714745,0.102518324791724,0.129126361483528,0.0448728927985914,0.138820654066214,0.0893852625295491,0.0729719120781112
2441,0.107331798039428,0.100357974956767,0.105487198559318,0.102249222398151,0.128596758023404,0.0438069611373213,0.138019044932093,0.0890606281013263,0.0727849916159128
2442,0.10745128731915,0.0991126972789776,0.105331656681163,0.101877866564817,0.128119276468213,0.0437083473113773,0.137623516218944,0.0887476085611665,0.0725525092102399
2443,0.107151026612936,0.0986429803612829,0.105000328134447,0.101357751610999,0.127229029703205,0.0432737940176835,0.137690324331934,0.0886417976655242,0.0724808326278896
2444,0.106393388703889,0.0985849558934101,0.10473383896135,0.100975527877331,0.126165554064864,0.042985219302068,0.136980882090219,0.0879948252509282,0.0720531347500145
2445,0.105886399674531,0.0981988491792026,0.10451726329335,0.10071999375783,0.125462593632979,0.0429343261448332,0.136211823089078,0.087499237262176,0.0715283993841012
2446,0.105627140768058,0.0978558789775456,0.103834072929174,0.0999972025086781,0.125164852972977,0.0422955765024133,0.135889055653288,0.0877912042209035,0.071468464852949
2447,0.10510364273226,0.0973727319960085,0.103080441424915,0.0991992067728247,0.124794830597822,0.0429024020907283,0.134854897684447,0.0876012352598845,0.0712385096910427
2448,0.104945362090123,0.0965281942086186,0.102526834805173,0.099289767429783,0.124136691590292,0.0434303662113272,0.134109749271843,0.0869062234720828,0.0706259910466585
2449,0.104704849844572,0.096079024173346,0.102446432062497,0.0992955356279173,0.123750716745278,0.0419750518473869,0.134087167456274,0.0868045763937774,0.0702405474799933
2450,0.10379244343715,0.0960910133811676,0.102600846198828,0.0987181259544114,0.123503718620179,0.0414304269433561,0.133708635543402,0.0866848410056736,0.0698353316897348
2451,0.103153982815274,0.0957734398583555,0.102145681254203,0.0987437599991704,0.122752982538809,0.0421886802936601,0.132996073623287,0.0859968572738483,0.0689133288169132
2452,0.102849649594387,0.0952827157020449,0.101904899209058,0.0985712803249079,0.122227928932128,0.0419839748936785,0.132455159570858,0.0853419183789675,0.068290341192542
2453,0.10223877490297,0.094458079642047,0.102135921367485,0.0977307062397539,0.121941490042674,0.0418060135547782,0.132095214096361,0.0849904091594946,0.0679907406619091
2454,0.101670271477532,0.0936806666492672,0.101436079410887,0.0973725347928471,0.120969463300674,0.0420681378429375,0.131391719928721,0.0845068315620188,0.0676354718012537
2455,0.101970550885899,0.0935759562922464,0.100958743804719,0.0966454693558138,0.120952402229822,0.040288526289687,0.131757356179077,0.0842468990381492,0.0669032828260239
2456,0.101687477549675,0.0931303568440421,0.100644607203026,0.0961555696870349,0.120484766630557,0.0394217056808501,0.131450646098407,0.0840173364084642,0.0666094845752005
2457,0.101036780184406,0.0924534630257678,0.100027260204594,0.0959447871028848,0.119987523322923,0.0404348448948687,0.130435805007834,0.0833340142724219,0.0668402983445873
2458,0.100802798796551,0.0922716711708569,0.0996295178378319,0.095617796511933,0.119582164455002,0.040112542192058,0.129991249591126,0.0829451908381322,0.066719871695366
2459,0.100543257320716,0.092433863689583,0.0995732973344267,0.0952746812136649,0.11817574241264,0.0376864539823562,0.129641628947489,0.0832699475800986,0.0670106510305847
2460,0.100091707690101,0.0922046226209474,0.0994103710841662,0.0950443282184656,0.117722407082944,0.0374910583257396,0.128959793999563,0.0831688307031317,0.0667337302832721
2461,0.100014226566373,0.0922565268928797,0.0995920881552146,0.0950929959250455,0.118936118102674,0.0392717868893954,0.128387456199735,0.0825671186511284,0.0651938426146185
2462,0.0997535538306648,0.0920788424146058,0.0992126239220266,0.0946509257963678,0.118871997311983,0.0391744226437457,0.128033008832931,0.0823114028748868,0.0646137479339891
2463,0.0987420376346416,0.0911212829415919,0.0981528215111174,0.09381569957406,0.118293252206985,0.0392137687596941,0.127434853171387,0.0821474414952834,0.064697610447612
2464,0.0983089837233566,0.0905268535176302,0.0976630045758338,0.0935215170637537,0.118091735275708,0.0396838628760522,0.126839435340612,0.0818789955995828,0.0642659565281769
2465,0.0985591500478656,0.0903346355409477,0.0970512815722278,0.0930581256418391,0.117062387658046,0.038417401824362,0.126887110595441,0.0821745164634897,0.0640127709727089
2466,0.0983982786250249,0.0900106977997539,0.0964336172839998,0.0925943292578644,0.116280615509684,0.0376410322459798,0.126506762498571,0.0819836415340919,0.0638843040673048
2467,0.0983238362482241,0.0896500711285721,0.0962705606066138,0.0930596354375658,0.116370730067341,0.0386218756871911,0.12513225754524,0.0808415750663376,0.0634852660209419
2468,0.0979585344310724,0.0892117190670497,0.0962716307714099,0.0927150117759435,0.116079962580822,0.0390284883718843,0.124512052108878,0.0803570155761331,0.062822037514982
2469,0.0969526692399114,0.088573592182682,0.0963176114718693,0.0910890891904013,0.115085509009966,0.0386268220840532,0.124608348892746,0.08047171593249,0.0621018737722374
2470,0.0963352040663715,0.0881624612056845,0.0960357591237292,0.0905749358382727,0.114591554685263,0.0379404060131907,0.124185500557675,0.0798366913481834,0.0618959897543333
2471,0.0960466310106982,0.0878194129058115,0.0960019445821835,0.0905853126768815,0.114657269032755,0.0369431889252526,0.123894630503461,0.0783622206857953,0.0617056857074102
2472,0.0954384685572209,0.0875101978118573,0.0958403723338333,0.0904319745737746,0.114355579417073,0.0367899604450547,0.123574687884995,0.0782785969093388,0.0612207677862453
2473,0.0943433529532846,0.0876942320376716,0.0951596763408072,0.0913024657212049,0.113826658482521,0.0361058264406303,0.122465086840558,0.0791725381353619,0.0609594686259461
2474,0.0941223386372706,0.0874428857373245,0.0945689964846958,0.0911282463406123,0.11353267850177,0.0360980149402517,0.122041291654902,0.0787873869469708,0.0610469393402089
2475,0.0946385417850269,0.0866790099988872,0.0937913941821417,0.0892181173510696,0.113068492388695,0.0386345497278369,0.122818241460911,0.0787595928257306,0.061077151803369
2476,0.0942158195572486,0.0862732995316612,0.0935563182427953,0.0887986662470581,0.112873283527777,0.0387746407774698,0.122354087130872,0.0788653284984932,0.0606831057499719
2477,0.0938648890989833,0.0857288937574267,0.0937064014431534,0.0897730332854097,0.113714582464291,0.0368019515896803,0.120955435018771,0.0771209122377584,0.0606443162810607
2478,0.0936862833912042,0.0853949495726221,0.0934224616845201,0.0893046806822243,0.113428390834866,0.0365720213348603,0.120510127977429,0.0765790574018298,0.0605709177634771
2479,0.0921604426013497,0.0853753827240852,0.0936973982106424,0.0884559910317749,0.111619385492494,0.0360217119011655,0.120011389271075,0.0785501976093703,0.0596481364445689
2480,0.0920192505486766,0.085369355304511,0.0936239511222523,0.088273256191992,0.111436230408679,0.0356276992390801,0.119044151398412,0.0786900881492593,0.0591945497704843
2481,0.0940751062331607,0.0856586787818595,0.0925129700903729,0.0870298577799982,0.112485251588159,0.0367394827895467,0.118324292702372,0.0772533223758249,0.0600723406131593
2482,0.0944407211500051,0.0856383265843383,0.0920287311834091,0.0862225595777678,0.111945276031772,0.0372840073082961,0.118167299931052,0.0766250952471395,0.0595153792454875
2483,0.0940788643283686,0.0857180732226244,0.0921798426644679,0.0867311010807253,0.11096212548199,0.037356756613576,0.117557189127073,0.0753415988992141,0.0568219355798815
2484,0.0939700681531184,0.0855646828364886,0.091880035092346,0.0869953627220407,0.111039423339892,0.0369073508758553,0.117224055530832,0.074925982401502,0.0563162503742604
2485,0.0931086828625432,0.0844283163917861,0.0912379837117632,0.0868240034655793,0.110240709279822,0.0363033235900307,0.118441795174698,0.0761782881310306,0.0569756423245825
2486,0.0925106681451684,0.0843390833325301,0.0908285821031084,0.0864002081090216,0.109433379931557,0.0358624259981568,0.118609918824305,0.0762139340110194,0.0567316579366136
2487,0.0925172401444138,0.0858148674671666,0.0906425842433379,0.0866965716449614,0.110469940397355,0.034983215549873,0.117649581176548,0.0752313152417118,0.057842722669661
2488,0.0919984188562845,0.0855185475361342,0.0903310367992264,0.0866049473221818,0.111135849923237,0.0337830078188389,0.117296952073783,0.075467349835013,0.0580400955137824
2489,0.0905896669872673,0.0839301293718923,0.0898470769919468,0.084849238295771,0.11042297934692,0.031479780721353,0.117275747333635,0.0766181002076783,0.0562257654875748
2490,0.0901055982394714,0.0838565397897621,0.0896962808922406,0.084630027424902,0.109981407938926,0.0312969424540919,0.117115720364977,0.0759294580922255,0.0556272378616039
2491,0.0900596649200229,0.0832417047130483,0.0894072880726066,0.0860291404812805,0.110845738949205,0.0332794970715571,0.116860582530501,0.0749460621316937,0.0556729872272618
2492,0.0897582677330611,0.0827633493830992,0.0892028559103035,0.0863276407898126,0.110725982644104,0.0325343261762384,0.116353087899561,0.0747430692561305,0.0557612284416253
2493,0.0899019761529254,0.0848576380246602,0.0898901417161803,0.0865337985168554,0.109053349363167,0.0306470417294149,0.11548816457151,0.0722951712110965,0.0565276005696512
2494,0.0898773529137406,0.0850979716611387,0.0898849056428157,0.0867440263495726,0.108410555095608,0.0311399098786545,0.115134442799335,0.0712966888874918,0.0563275413212145
2495,0.0899488003129898,0.0823291652575642,0.0894038468410561,0.0864327180650555,0.108153249458401,0.0303420616737129,0.114823179977892,0.0736667544809788,0.0559237259916217
2496,0.0894832865735856,0.0819552381017512,0.0888698273677694,0.0860694982921427,0.10808079243927,0.0308102957245651,0.114506051942684,0.0738756548112909,0.0557672584594552
2497,0.0881296276521085,0.0833113910320169,0.0875132781207675,0.0861919317761076,0.108406389707604,0.0370061994432992,0.115079842082873,0.0717012122670923,0.0547356818780227
2498,0.0883715718729947,0.0831418736737849,0.0875181194416489,0.0860665390354349,0.108452855326484,0.0392250072208398,0.114920275888778,0.0716708882481069,0.0542045070364551
2499,0.0896256664011889,0.0829310655952674,0.088859947980256,0.0851242233700112,0.108954557892551,0.0374285746768699,0.113675105792849,0.0728057152385325,0.0544201160781637
2500,0.0891027524868194,0.083498002060817,0.0882743838080711,0.0843156009252169,0.109068349178787,0.0366700396470963,0.113525435089648,0.073333808810256,0.0542726505484406
