"wavelength","101","105","109","112","115","118","121","124"
350,0.035727034903182,0.026248391589793,0.0247812322061887,0.0350061031524884,0.0175744480922547,0.0413250772474437,0.0268720857086637,0.0479799072810523
351,0.0354662082921723,0.0280539130355763,0.0286862194855425,0.0380607916481699,0.0219258690794124,0.0435784579523955,0.0287014183973402,0.0502169749744958
352,0.0288291480850611,0.0243578418080835,0.0273837858468126,0.037785759377852,0.0219151417202086,0.0386811951182223,0.0248911180961975,0.0427469771203105
353,0.0353491576003226,0.0250347233682286,0.0237505449768482,0.0369045209274923,0.0214793882124608,0.0438315518446616,0.0259015363177008,0.0436259170142836
354,0.0342653816724242,0.0265355159837715,0.0230126517461701,0.036804832266293,0.0202922003086329,0.0424348038012481,0.02633692465897,0.0448930000177336
355,0.0300458822914482,0.0277705087797796,0.0244516864606819,0.0372247037175425,0.0194335092147387,0.0391688912121814,0.0251596242266254,0.0455526265974295
356,0.0309025608805339,0.0280795160080222,0.0258469741495149,0.0371382107971547,0.0195865322112771,0.0411352900806298,0.0228176340986655,0.0458932695327428
357,0.032437087669389,0.0266299826789157,0.0257836701775104,0.0332993852358945,0.0179071580265096,0.0411525439312811,0.0222146785127358,0.0452142595425361
358,0.0346424390295244,0.0255728919961227,0.0268206433583126,0.0331412855886049,0.0173403893877136,0.0402635827454044,0.0229270542806373,0.0453918592097811
359,0.0360754583870991,0.0255222199309893,0.0285293543183458,0.0374506663497978,0.0178634518415504,0.0392167775248469,0.0237382152742972,0.0461992511399978
360,0.0310908876342023,0.0237068055568084,0.0236866923299236,0.0331410221678987,0.0122051807881707,0.0364752006131914,0.0219053521240297,0.0425116510070383
361,0.0299231690750034,0.02491951696555,0.0230737213214304,0.0344407766121294,0.0130417177660562,0.0389993807392748,0.0215600584883705,0.0430697174410039
362,0.0333560398030583,0.0277669363478429,0.026799603890525,0.039173872147774,0.0184045030920139,0.0442262892298664,0.0235085910993501,0.0465403782151163
363,0.0367745801526157,0.0275696235513872,0.0290504217089442,0.0366645198173174,0.0184629750249244,0.0444068732128075,0.0265829091726395,0.0461752616739505
364,0.0366898835343729,0.02817478216759,0.0289889483272345,0.0359956531258857,0.0203593635965887,0.0444825027088856,0.0265353291983675,0.045442624263263
365,0.0346806485493307,0.0271096634456069,0.0264618039588827,0.0353747129388859,0.0204576655055732,0.043266532592183,0.0242586186668061,0.0443874658328641
366,0.0330720713851932,0.0229416169856124,0.022855065506632,0.0326844482077766,0.0157549579964588,0.0398536053645393,0.0221173380313084,0.0431019462053007
367,0.0316761980409737,0.0234911761888922,0.0245516081000786,0.0334791803227138,0.0140218554342207,0.0390891393234154,0.0239911873150396,0.0447284366744394
368,0.031829695263419,0.0253287152249614,0.0268070708206112,0.0353545903306174,0.0148863077456929,0.0393169702935435,0.0246148314534501,0.0451483762321609
369,0.0334374381586677,0.0260209245271951,0.0270952282837145,0.0363546381388306,0.0170924671282565,0.0397034330732873,0.0224375042746357,0.0436489833352515
370,0.0344804208454558,0.0247258237941928,0.0264786374895767,0.035282465227676,0.0189205818893566,0.0413968633510503,0.0218711781132924,0.0453155220163694
371,0.0330444162219642,0.025159761060071,0.0254459468985976,0.0335643078471302,0.0172361034706476,0.0403975897805418,0.0218704163314838,0.045885429009099
372,0.0307543221079939,0.0264646657660638,0.0243966206116685,0.0330296223544242,0.0143860539946563,0.0384888435998916,0.0219528692475313,0.0453426676046996
373,0.030938952443355,0.0258185942308161,0.0237818080711556,0.0354183715460521,0.015250091824468,0.0399692474896248,0.0217643810917933,0.0454585514842168
374,0.032498039318511,0.0258623198555509,0.0258930825944596,0.0361679742292225,0.0174355362533163,0.0420693355653873,0.0223776528509883,0.0464293939036177
375,0.032999423246148,0.025709379062439,0.0271100787688608,0.0356787767192279,0.0181636116444466,0.042572951195958,0.0230428468132341,0.0464223584331367
376,0.0313117566543743,0.0245948171060709,0.0251077114428179,0.0350020856599094,0.0161449752331273,0.0407271688164046,0.02300275169764,0.0445270403411182
377,0.0315222167583228,0.0242999275419097,0.0254674913386407,0.034141658721086,0.0150239080008643,0.0403483437536206,0.02251018890655,0.0443510223425158
378,0.0307779007482272,0.0233678567563019,0.0243596184867783,0.0325858307196189,0.0140798501880724,0.039723978064247,0.0217534567679877,0.0431836456217393
379,0.0291097466429927,0.0222013810494171,0.0217098525040065,0.0311295974844343,0.0136227542614097,0.0387024554757824,0.0210809509858499,0.0413763473530335
380,0.030579882317948,0.0239554592643507,0.022625863290343,0.03253149537688,0.0157533202783617,0.0393585091896951,0.0211395744620851,0.0437379036633564
381,0.0312678286573419,0.02424314017388,0.0226290983186334,0.0332778708053717,0.0157471829193586,0.0400094172628436,0.0213926493603524,0.0439242568359523
382,0.0307699052490889,0.0237019474654625,0.0222819220316168,0.0333259806337797,0.0144405490212053,0.0401457725132562,0.02180892122274,0.0429333662820713
383,0.0300922160245694,0.0245437701210932,0.0236235571419828,0.0338119355891838,0.014603435343039,0.0396811425062229,0.0224253137799437,0.0441300430922989
384,0.0304611905077089,0.0237576674734633,0.0233045962746944,0.0333142414399204,0.0141319984338828,0.0383982794763541,0.0220426650492549,0.0441717428003623
385,0.0309798610607195,0.023011798384084,0.0231528809276827,0.0328911401422519,0.0138933051106176,0.0379890813725082,0.021844302969569,0.0435261384803961
386,0.0307639269753771,0.0233514907210104,0.0242213136550184,0.0332235119263325,0.0142906694966266,0.0390084176956213,0.0223375874546633,0.042998238761524
387,0.0296657500690063,0.0218274115889634,0.0229159858336263,0.0329927799273198,0.0129399529929599,0.0379040004838996,0.0207825846353333,0.0427221432139802
388,0.0294567803076751,0.0213756442599242,0.022144242213048,0.0320784403578428,0.0127936172862873,0.0369511837099523,0.0202453128777406,0.0427967955392852
389,0.0302943914913985,0.0225110243937872,0.0229320589033598,0.0312233479467744,0.0141277311059962,0.0372611651042695,0.0210513254004827,0.0430717755920564
390,0.0305838947744777,0.0231158175176243,0.0243800818098148,0.0322431402534592,0.0142462046642311,0.0388253623484094,0.0204737463450028,0.0430707034789228
391,0.0309591156549012,0.0239724358018439,0.0256936334326193,0.0332628077878237,0.0150229705432711,0.0399731000679446,0.0202622515881017,0.0437984311486974
392,0.0314493648528947,0.0246290936063081,0.0260002723385656,0.0338103146780478,0.0160359019153248,0.0402528457427537,0.0208548274919455,0.0447286641721625
393,0.0318038858703606,0.0243649888292955,0.0246908738518621,0.0338710608314246,0.0161095522601642,0.0397584389066359,0.0219755767284023,0.0448231494536636
394,0.0306273408335886,0.0234430780162183,0.0230049474527245,0.0331655276513115,0.0141984135037371,0.0387741911522657,0.0203614128605181,0.0435352736228423
395,0.0298012507681951,0.0226548936249906,0.0226490368232886,0.0323331045780165,0.0131077576519859,0.0384433892669088,0.0194442212984429,0.0425791544044729
396,0.0304234333857541,0.0225100169635684,0.0240069619442186,0.0318533785050533,0.0142862744752142,0.0391446394975053,0.0211838677891876,0.0429602518370234
397,0.0304075500121454,0.0227478223806535,0.0239614117868705,0.031481036483478,0.0142868336201581,0.0391232308956032,0.0213587943503466,0.0431384311889927
398,0.0301167775676891,0.0227670880403712,0.0235817299482444,0.0311628758099864,0.0142314136670747,0.0384017570394287,0.0207719340414828,0.0430302814528558
399,0.0300076200238652,0.0225303587694381,0.0234376846343798,0.031194163954164,0.0143489839484321,0.0376014163754892,0.0202048803049444,0.0428955096234253
400,0.0307611653459159,0.0225898122882834,0.0236600759605215,0.0323602342630422,0.0139351693344228,0.0380694485194818,0.0204965131085932,0.0434299859691596
401,0.0302827521503639,0.0224790716814868,0.0233006573694737,0.0325100622581087,0.0133562912339156,0.0380730930699432,0.0206875776917337,0.0431091356693844
402,0.0296947763087001,0.0225935058528305,0.0233417913609487,0.0322149204993185,0.0135255419377444,0.0380835119594059,0.021009320356123,0.0427703473069287
403,0.0308221088107283,0.0234147943629345,0.0249918251314253,0.0327834353707752,0.0151161527340133,0.0390963479061292,0.0218602127860224,0.0437429135731034
404,0.0308924159977446,0.0235054862541298,0.0249939044921834,0.032944877096049,0.0145945232601545,0.0399468042722291,0.0213900415201091,0.043930462876337
405,0.030354219149629,0.0231707480283378,0.0241640011325427,0.0325638792865432,0.0136486903707772,0.0396319728472535,0.0206283325575969,0.0434556052275745
406,0.0299121827290105,0.0229367424787679,0.0236569562340578,0.0319578426788422,0.0137290952639165,0.038233345523321,0.0204644574247222,0.0428647559753979
407,0.0297844697622148,0.0234882962182623,0.0241907941414593,0.0324019666216681,0.0138692638606349,0.0388200825551809,0.0204381798722284,0.043114253175098
408,0.0295939570506282,0.0229649465070973,0.0241947833580976,0.0322509556877673,0.0132695983707857,0.0387907965203061,0.0201740725219171,0.0430199941813422
409,0.0293784676187286,0.0215150994054135,0.0233967320805344,0.0314328732095177,0.012329489040049,0.037747144947628,0.0196972227769819,0.0425202092382807
410,0.0296705178989136,0.0214826098422938,0.0228349826531622,0.0315940993740831,0.0128224900254901,0.0376364452709599,0.019450439055992,0.0427927951122177
411,0.0297130102590387,0.0217848653507305,0.0231574173815656,0.0319325420694614,0.0134104337459643,0.0378977070912976,0.0194560744720093,0.0430409268785763
412,0.0294047374030078,0.0217700916728799,0.0235223350175268,0.0318585369765933,0.0135136945095008,0.0379458393057614,0.0194054731074807,0.0428072067298116
413,0.0289511050959316,0.0210540390423536,0.022729540545785,0.0309892805164326,0.0129147981570277,0.0372871118297864,0.0189651607762856,0.0419151212751022
414,0.0291324058511749,0.021252386491671,0.0225945869320709,0.0308555464408762,0.0126932376533446,0.0372833038085065,0.0191233597563037,0.0421412584650631
415,0.0297601026132287,0.0220277694733416,0.0229633295885457,0.0312484258682729,0.0128216116518264,0.0378038299980948,0.0197064663383131,0.0428268575843596
416,0.0304036645013856,0.0227393535123968,0.0234023613755394,0.0316889507168877,0.0130154805494779,0.0384220712495276,0.0202848495916609,0.0431903317057824
417,0.0303948455423923,0.0227799317178631,0.0235925292620698,0.0317226941666195,0.0127257855679327,0.0385566867302855,0.0202232715090198,0.0432376500972253
418,0.0299231821373014,0.0222801776246925,0.0235071644207979,0.0316500883062933,0.0125421012472954,0.0383938932228123,0.0196321608482899,0.0428556352522326
419,0.0293886119142743,0.0216036888558508,0.0232816636589698,0.0316386003401824,0.0126019257572185,0.0381546354760877,0.0189628245873254,0.0423025732869836
420,0.029528290485989,0.0214398310658014,0.0232568121864892,0.0317226736103618,0.0124644253259068,0.0381206022784354,0.0191974660045568,0.0423506111336768
421,0.0296520965778905,0.021475225059704,0.0233317434051562,0.0315976121014157,0.012417900432094,0.0381030372522779,0.0193286876177896,0.042543258397164
422,0.0297288185970449,0.0215598613080228,0.0234565389604821,0.0313908245638547,0.0125516220539975,0.0380636869632426,0.0193531234877924,0.0427992189612043
423,0.0299441609526853,0.0215946896517942,0.0235747394594459,0.0313971560362044,0.0128601143931167,0.0380260808848757,0.0196179377789479,0.0431305492463638
424,0.0297940556660577,0.0217962246574824,0.023490121889501,0.0314427718510587,0.0130181275704419,0.038230551250935,0.0195994841242971,0.0430105342543799
425,0.0296040351042695,0.0219409382102324,0.0233684428477704,0.0314341675643548,0.0129494403755425,0.038204959665816,0.0194524131208719,0.0428145588559491
426,0.0296620355087394,0.0218360676129096,0.0233564254880666,0.0313232518682252,0.0127022328054622,0.0376839302762523,0.0193527830911035,0.0428694776711589
427,0.0295422645461207,0.0216043589779233,0.0232613690930983,0.0311353282587043,0.0125462948503346,0.0375882978385559,0.0190034719756392,0.0426540089614322
428,0.0295214869200408,0.0216862636304597,0.023269679684138,0.031126544230851,0.0125283986805226,0.037729598717883,0.0191242122395104,0.0426751208442482
429,0.0296466292579974,0.0220249385876627,0.023375148367067,0.0313000988921016,0.012552308302071,0.0378792322455519,0.0196472911863773,0.042983584305191
430,0.0295481278219974,0.0217032987895079,0.0232073524089391,0.0312356136829766,0.0122407180367515,0.0377603585834071,0.0190851930516394,0.0428413702615832
431,0.0295168539890118,0.0215587872644522,0.0232044729517027,0.0312368838923718,0.0122268251869015,0.0376834898153457,0.0190192009528218,0.0427091805836325
432,0.029679089275928,0.021752282249348,0.0234522364200446,0.0314203540180947,0.0124872343447144,0.0377786857219834,0.019458222937148,0.042774827442695
433,0.030076884886762,0.02210154104939,0.0238407238127895,0.0318026673894347,0.0126450269802714,0.0380845213667343,0.0196083858815656,0.043100692780629
434,0.0303096009003169,0.0220962227131836,0.023773980544908,0.0317576492695116,0.0126426837997604,0.0383111642392281,0.0196500743541884,0.043141444438359
435,0.0302136280686462,0.0218798560991773,0.0235136691933921,0.0314309033286553,0.0125225258169868,0.0382153478603025,0.0194518582797148,0.043040514732078
436,0.0298158322602703,0.0217129050079915,0.0234311407971438,0.0311501028249267,0.0123638598360656,0.0377457762751968,0.0189929436795319,0.0430456504063946
437,0.0297006918894007,0.0214781083481476,0.0232784051965285,0.0310975301645707,0.0121764072495476,0.0376435538324251,0.0190201869634972,0.0430103837121103
438,0.0298732927155789,0.0216668717776691,0.0233725505535164,0.0314326550374429,0.0123317068830843,0.0379336446866979,0.0194323975591383,0.0431252599584571
439,0.0301228576343341,0.0222010960289353,0.0237145764682644,0.0319245047549367,0.0127498047599995,0.0383427897929608,0.01985137231233,0.0433860213519967
440,0.0298060360223495,0.0216346687942258,0.0235457369428331,0.0314344346958208,0.0122871062355564,0.038011347227653,0.019337393304133,0.0433246720782721
441,0.0297199177785568,0.0214072017535671,0.0234579011479309,0.0311222680285243,0.0120309118101946,0.0378251169604466,0.0189143036403272,0.0432868326432165
442,0.0299592823440036,0.0217182474533927,0.0235670625145665,0.0312915515688339,0.0122052693701217,0.0379507570530052,0.0189146171106431,0.0433339851861467
443,0.0300896668281957,0.0218469000188968,0.023646680680394,0.0316351266217122,0.0124068291526062,0.0380271283505388,0.0191896471120941,0.0433209355240218
444,0.0301076959791801,0.021889934860396,0.0237987776203745,0.0318200557689267,0.0125671649797171,0.0382033960796628,0.0193826082641636,0.0435042005469462
445,0.0301151261172942,0.0218717165955952,0.0238374449236927,0.0317991658332294,0.0126196013388253,0.0383236645881575,0.0194557105886908,0.0437278615981655
446,0.0302365750483728,0.0218435382070042,0.0236029473560307,0.0316707694010688,0.0125644262768977,0.0382212143068446,0.0194867602268774,0.0437418705244591
447,0.0303663666757216,0.0220453129098142,0.023870988705489,0.0317527993627859,0.0128014234999247,0.0383857097575515,0.0195151445082041,0.0436390953124524
448,0.0303743338437497,0.0221634416357841,0.0240574157809413,0.0318321735097513,0.0129410982869924,0.0384681502633585,0.0195357928610507,0.0436270233284121
449,0.0302247273394817,0.0220189092856699,0.0237982606030092,0.0317513440860751,0.0127302367776673,0.0382274494776101,0.0195211015623297,0.0437940700304434
450,0.0301102048887542,0.021983444436214,0.0237827441721684,0.031667296108847,0.0125163303324608,0.0379163230249635,0.0193665137407171,0.0438637653958693
451,0.0302055354461706,0.021967202084105,0.0239346178881422,0.0317606304239172,0.0124755139683556,0.038066082323054,0.0193440600183995,0.0439491117731883
452,0.0304512527098378,0.0219580525410199,0.0241128852324239,0.0319623503722898,0.0125808608521489,0.0385688445822025,0.0194836807530491,0.0440744368603504
453,0.0304924488045134,0.0220420427717529,0.0240665952343754,0.0318722696954621,0.012544291836912,0.0385042161356682,0.0195216081663056,0.0441648635525773
454,0.0305125224127876,0.0221242706511995,0.0240485963838889,0.0319009381047342,0.0126510410831668,0.038534902727346,0.019637364797727,0.044185899935911
455,0.0305291767529743,0.0221487428704043,0.0240979453572701,0.0320367057253995,0.0127680142691912,0.0386359062532658,0.0197155296604036,0.0441677982343113
456,0.0305132117888396,0.0220863166809371,0.0241667070693516,0.0320955983373318,0.0126155641376834,0.0385339928919187,0.0195456095062428,0.0441722069219658
457,0.0306003071013066,0.0221053511885615,0.0242232555537566,0.0320726955358803,0.0125781462433634,0.0384202946838701,0.0194299515616216,0.0441544397269057
458,0.0306915848726605,0.0221282062805288,0.0242435901568672,0.0320189320104702,0.0125371713567724,0.0384546380390298,0.0194631835385117,0.0441994516223517
459,0.0306865579531214,0.0220841065137403,0.0242372399773395,0.0319919481469107,0.01238115458892,0.0386660770686722,0.019624262500415,0.044338391295476
460,0.0306244520344293,0.0221243881278517,0.0243378140753164,0.0319854041051548,0.0123808028218306,0.0385307759766688,0.019573579579416,0.0442559963875053
461,0.030844857897011,0.0222646816958891,0.0244536373279492,0.0321790279678575,0.0127482154838589,0.0386388227627504,0.0196959786840143,0.0443411247644972
462,0.0312566735045281,0.0224397789705169,0.0245256165994133,0.0324964744751086,0.0133009237135918,0.0390815794966129,0.0200191118300521,0.0446629215795311
463,0.0308818011690151,0.0224438391098531,0.0245681902988784,0.0323395380267829,0.0131032678416805,0.038955196328855,0.0198264089237817,0.0446662948757689
464,0.030726467237263,0.0223379024029768,0.0245295050093037,0.0322459301421434,0.0127115126613678,0.0387732524625041,0.0197511287820492,0.0446040052352598
465,0.0308809581466817,0.0221922195966882,0.0244596755883269,0.0322915832225569,0.0124284503877633,0.0387255894540478,0.0199020530581271,0.0445514036120089
466,0.030871936210658,0.0221036830486988,0.0244820209211171,0.0322772215565952,0.0124606196421854,0.0388432661462651,0.0200738217906444,0.0445019184498288
467,0.0309676515635183,0.0222752418128072,0.0245549918766606,0.0323084111918483,0.0127341815945055,0.0389435409417772,0.0200269827780056,0.0446191255314146
468,0.0310647719267549,0.0224382758591612,0.024594495579014,0.0323613501847563,0.0129735906960134,0.0389551913845333,0.0199061234697953,0.0447781479854115
469,0.0309976309521298,0.0222800465686542,0.0245195768251202,0.0323779496846337,0.0129063410842515,0.038876623225222,0.0199167881614265,0.0448014545866609
470,0.0308099503905352,0.0221879286876745,0.0243416800124216,0.0322895963030431,0.0127260962321283,0.0389276399764313,0.0197831301534738,0.0447762557548377
471,0.0307699348530219,0.0221542950397554,0.0243659165392605,0.0322328970347531,0.0126213916521146,0.0389890829940595,0.0197114016661122,0.0447149744598962
472,0.0309744126546651,0.02215799703933,0.0246607452351121,0.0322812600767311,0.0126842394194994,0.038988650263612,0.0198341183244986,0.0446562733709449
473,0.0310268333221424,0.0222607347188908,0.0245827546414678,0.0322672550485945,0.0127875588382704,0.0390789931846268,0.0199978542043236,0.0447135415231063
474,0.0311283081864705,0.0224371811880083,0.0246624510956637,0.0324798302446078,0.0128880299688202,0.0391549825759895,0.0201297124845059,0.0449609504077056
475,0.0312650682608269,0.0225770048548711,0.024906833561114,0.0327868207567317,0.0129194036921685,0.0391512698006974,0.0201657219577391,0.0452507105445238
476,0.0311684128707686,0.022437283610764,0.024721257004938,0.0325298522599592,0.0127563812404862,0.0390138732910219,0.0200238144295548,0.0451422770561419
477,0.031223351708889,0.0224254749091166,0.02471025742031,0.032542301271578,0.0128639651030969,0.0391315801205519,0.0200854970795328,0.0451126093390861
478,0.031368246288438,0.0225662654295265,0.0248587021087855,0.0327817632566969,0.013127808976697,0.0393336048542994,0.0202329618099989,0.045222092610432
479,0.0313752159212299,0.0227132840211271,0.0249155517553477,0.0328605165865867,0.0131942314729294,0.0392470904444661,0.0201665365128799,0.0453614657899711
480,0.0314484226792991,0.0226760801230846,0.0249873399720287,0.0328514254057499,0.0131558100991632,0.03939267304938,0.0203277595958878,0.0454364358602095
481,0.031582439590725,0.0225865182388393,0.025024889628837,0.0328164393484662,0.0130687711866534,0.0395368151442577,0.0204798579259917,0.045448021108138
482,0.0317050815724688,0.0225748027354646,0.0249865968802369,0.0328066297035546,0.0129958884815304,0.0394366419760435,0.0203822963931826,0.0454266754845095
483,0.0315997011544559,0.0224491514604456,0.0249298948177248,0.0327946829981419,0.0130083338910352,0.039342726798205,0.0202435877403226,0.0453946718939417
484,0.0315853447948233,0.0225276224832719,0.0250116404682591,0.0328321185766493,0.0131519296821161,0.0394114339431945,0.0203046652837605,0.0455369206523546
485,0.03176605358485,0.0228370837014532,0.0252259883558804,0.0329140517275192,0.0133558330369938,0.0396388528550369,0.0205682026908973,0.0458186700901655
486,0.0318455248390254,0.0228475726656008,0.0252705175872151,0.0329252501182944,0.0133242403467394,0.0397707939754986,0.0206202747410384,0.0457810494212593
487,0.0318125627390082,0.0227177100283095,0.0252436120199853,0.0329127971646884,0.0132258449638199,0.0396878777582897,0.0205289237675971,0.045682833222201
488,0.0317512953658115,0.022645628042543,0.0252216663342557,0.0329735956474871,0.01318988140181,0.0395433642799976,0.0204602628637737,0.0456818730626441
489,0.0318365605589742,0.0229030353173676,0.0252888494909038,0.0332539814672002,0.0133449127210823,0.0397121405955003,0.020687041422095,0.0459024752999611
490,0.0319041456310877,0.0229033291026271,0.0252989102629489,0.0332905571701518,0.0134186623447731,0.0398684437907486,0.020793036553175,0.0459112013899319
491,0.0319415910040489,0.0227709214061877,0.0253071427346693,0.0332139733449489,0.0134085268895022,0.0399483470989648,0.0207514201361397,0.0458242098790486
492,0.0319759590369792,0.0227923732400739,0.0254031833596739,0.0332856423315995,0.0133864460999247,0.0399675976169444,0.0206661592261873,0.0458898718735884
493,0.0320005324865327,0.0227497687792321,0.0254802404546677,0.0332960109293667,0.0133189021094114,0.0399914520082721,0.0206990210341214,0.0460203778615228
494,0.0320265539352206,0.022777883663123,0.0254692110630059,0.0332744073363788,0.0133176654770856,0.0399694479049254,0.0207764526213442,0.0460974606134205
495,0.0320739126746845,0.0229435451339612,0.0253942063035394,0.0332873452997103,0.0134385465489952,0.0399250627936885,0.0208371245576018,0.046079469472931
496,0.0321879571268847,0.0230168636194004,0.0255458407384519,0.0334487208715322,0.0135593001621484,0.0401649131075295,0.0209413052661702,0.0461384519386246
497,0.0323385982989102,0.0231071916952772,0.0256630148597322,0.0336158126739373,0.0136300830115134,0.040370989792237,0.0211060856876712,0.0463003935808611
498,0.0324562306406157,0.0232063461097256,0.0256682389023958,0.033712390187352,0.0136396974057182,0.0404096792253609,0.0212638870208885,0.0464838775933734
499,0.0323832408846499,0.023123782408319,0.0257033715548865,0.0337266505082466,0.0136148760439121,0.0403379431065976,0.0212028201989631,0.0464318636669676
500,0.0324445475916508,0.0232157121329891,0.0257948512537685,0.03374922191859,0.013618940057899,0.0404216762330482,0.021239654541347,0.0464899986263346
501,0.0326241894255011,0.0234184367469741,0.025922759754702,0.033854482865705,0.0137140000247123,0.0406293653862935,0.0214070696931857,0.0466782700228602
502,0.0327381744393844,0.0234687475073372,0.0260299408640087,0.0340887807120437,0.0139446021275798,0.0407712532626848,0.0215930467172603,0.0468579442718409
503,0.0326494287126157,0.0233849326880674,0.0259634309618015,0.0339554073101975,0.0139781841106242,0.0407074740989534,0.0214536220770984,0.0467727701152404
504,0.0326196463775108,0.0233924928854631,0.0259682460471691,0.0338541691422204,0.0139971838995281,0.0407137590271866,0.021375543706108,0.0467834930454953
505,0.0328691617335,0.0236532222754584,0.0262445734382613,0.0341819686814345,0.0141941118171889,0.0410144291721473,0.0217149830886318,0.0471913262117482
506,0.0329377537992499,0.0237686720312001,0.0263196227670947,0.0342969431897544,0.0141911503366613,0.0410777128070768,0.0218216615880244,0.047275548166582
507,0.0329661917063386,0.0238067990805913,0.0263111063000597,0.034294984041485,0.0141976271502258,0.0411099200997116,0.0218866361267507,0.0473196569258976
508,0.0330664420425642,0.0238688588298191,0.0263424341753938,0.0343369339249173,0.0143549034916588,0.0412706771643915,0.0220478941141858,0.0475252000903792
509,0.0332041269484257,0.0240848829231991,0.026478235481592,0.0346606167274643,0.0146060367517162,0.0415393032867746,0.0222124888596951,0.0477971637462929
510,0.0333698488293519,0.024201413336418,0.0265706685383478,0.0348531205532054,0.0148076344409586,0.0417549806609644,0.0223538130111837,0.0480073993752532
511,0.0335238899882656,0.024219732316646,0.0266056603956913,0.0348617447439267,0.0149230610240928,0.0418899748293356,0.0224704809368167,0.0481309662591529
512,0.0335901603464427,0.0243729709828948,0.0266893473398594,0.034949982976751,0.0150063112841185,0.0420341372589243,0.0225836544729886,0.0482311956156751
513,0.0336732751612879,0.0245770969701669,0.0267673334935705,0.0350763811153244,0.0151497211825938,0.0421951798967879,0.0227512605013998,0.048425663467477
514,0.0338221194350615,0.0248033502886017,0.0268611663741926,0.0352657991076793,0.0153802613645354,0.0424264965205869,0.0229854019313925,0.0487097880474375
515,0.0340450760249261,0.0250217955529004,0.0270007671345193,0.035533306853818,0.015676985138864,0.0427631479524346,0.023261289364624,0.0490139628132756
516,0.0340951535181873,0.0250543922667088,0.0269864163571115,0.0356127213458698,0.0158267262892384,0.0428455914595164,0.0233613439199309,0.0491537209233423
517,0.0341734718334401,0.0251061978545777,0.0270379393536494,0.0356958816913618,0.0159320278008953,0.0429666745858209,0.0234897482629133,0.0493092214211948
518,0.0344361024513991,0.025352810624097,0.02730080751139,0.0359394688806602,0.016111131227565,0.0433516099127461,0.0237973165421771,0.0496230678110735
519,0.0345827663324049,0.0256383298412624,0.027370022082717,0.0360553015050219,0.0163242058803415,0.0435383487726367,0.0239426913488824,0.0498552167920483
520,0.0346847578385164,0.0258317137436675,0.0274323434062238,0.0362054020810201,0.0165705901631349,0.0437480269372081,0.0241429562654386,0.050063064762705
521,0.034798911523341,0.0259291327682797,0.0275800543430583,0.0364572776126935,0.0168294959579043,0.0440656135604263,0.02446571613587,0.0503058008751735
522,0.0349403770878854,0.0261554859831713,0.0277289483334568,0.0367085499126636,0.0170395335390707,0.0443037461356194,0.0246941971418317,0.0506564702734055
523,0.0350651545607859,0.0263083848844189,0.0277562182790637,0.0368653747919879,0.0172108703025366,0.0445015096252845,0.0248533911231515,0.0508947067623958
524,0.0351935890398011,0.0264090037885333,0.0277368341508507,0.0369712995459945,0.0173845379020941,0.0447009932231797,0.0249967473512768,0.051048666804132
525,0.0353924776526328,0.0266284020443569,0.0278991460599611,0.0371777454658752,0.0176309801893548,0.0449595687950172,0.0252142835103062,0.0513228799930474
526,0.0356099457807743,0.0268813164271785,0.0280817708497527,0.0373893608863857,0.0178906455667182,0.0452530767282274,0.025481185000262,0.0516167917467117
527,0.0357866204247214,0.0270995435782583,0.0282251594646846,0.0375790020126281,0.018129191067539,0.0455257840290606,0.0257331170370787,0.0518775631567176
528,0.0358856083786689,0.0272399242772116,0.0283119070643027,0.0377437884303006,0.0183314770627705,0.0457297412446633,0.0259126992550424,0.052080052537398
529,0.036086280978915,0.0274650174951706,0.0284517537899793,0.0379259988326184,0.0185922575362117,0.0459788486019988,0.0261576553008938,0.0523516020281711
530,0.0363126682865641,0.0277011885901798,0.0286170217440826,0.0381732021849511,0.0188465843757978,0.0462611822997737,0.0264197209555033,0.0526455923189765
531,0.0364874653721527,0.027878542791998,0.0287656601605761,0.0384739312293194,0.0190527248722186,0.0465409906921093,0.026647574794725,0.0529064594243056
532,0.0366230001557819,0.0280184987465523,0.0288626967091876,0.0386257189232493,0.019310096228718,0.0467496277327013,0.0268466705886328,0.0531057705179689
533,0.0368016282442424,0.0282336250913656,0.0289696908969952,0.0387879403915962,0.019542311726035,0.0470061292821853,0.0270828728390213,0.0533774600136729
534,0.0370312004684091,0.0285094049946999,0.0291126191753499,0.0390250960259123,0.0197415733680327,0.047321776431921,0.0273576574347264,0.0537251831945584
535,0.0372060550735219,0.0286139887426823,0.0292714453638612,0.0392690325281827,0.0200066983116555,0.0475360896008889,0.0275733312033968,0.0539450992049631
536,0.0373975279846442,0.0288390661457179,0.0294265217118759,0.0395163189541284,0.0202915498197546,0.0477889237737833,0.0277852685176918,0.0542102616713003
537,0.0375926185076544,0.0291369287623857,0.0295676228499157,0.0397479914392827,0.0205423731793018,0.0480736786179555,0.0280133184605975,0.0545104810911199
538,0.037737491512804,0.0292785367227526,0.0296915876091775,0.039940195754057,0.0206952454056685,0.0483096448913602,0.028263324573869,0.054743348562709
539,0.03793712297718,0.029471383360166,0.0298548451688501,0.0401714366329305,0.0209432726046567,0.0485674505179947,0.0285033356530137,0.0550075250205294
540,0.0381834905469826,0.0296909526402503,0.0300383132933701,0.0404317895806165,0.0212345084087232,0.0488468611835251,0.0287360061383265,0.0552837678922128
541,0.0384361128472127,0.0298786669511896,0.0302110581086336,0.040690432209801,0.0214781219753648,0.0491331886443122,0.0289752648028278,0.0555381641300939
542,0.038651881611729,0.0301413968105546,0.0304093675656383,0.0409407638668099,0.0217813220178198,0.0494358953076658,0.0292391030968976,0.0558387498156402
543,0.0388720517252226,0.0304276519822613,0.0306151510019177,0.0412313922670136,0.0221091579657766,0.0497506880860845,0.0295278644895933,0.0561618539550447
544,0.0391305197141678,0.0306905741244872,0.0308177205836688,0.0415746163774378,0.0224227929469014,0.0500697487942947,0.0298323863397735,0.0564793416834878
545,0.0394286059197571,0.0309356148215566,0.0310444761676234,0.0418757524449226,0.0227016952278418,0.050379010752785,0.0301265683010138,0.0567728568822317
546,0.03970322008902,0.0311608900467404,0.0312506767860107,0.0421565617466124,0.023005896921531,0.0506809961545714,0.0304071484881936,0.0570631255587223
547,0.0399384779947626,0.0313846471910347,0.0314352704463656,0.0424333992418228,0.023332696835703,0.0509828562858435,0.0306790634795574,0.0573714832725949
548,0.0401703191015432,0.0316600756707926,0.0316546090039926,0.0427177311955223,0.023594668102518,0.0513002777255921,0.0309583768164568,0.0577329583846698
549,0.0404340511949537,0.0318922377173472,0.0318490869741844,0.0430209245713821,0.0238965570746999,0.0516204669996184,0.0312458549010421,0.058036881103208
550,0.0407158838044966,0.0321187020356722,0.0320393699171745,0.0433524584788939,0.0242348949947252,0.0519327027864782,0.0315391582571808,0.0583172997929518
551,0.0409754738112825,0.0324337493328501,0.0322805328730144,0.0437148440848328,0.0245552333919627,0.0522271269433302,0.0318318023546865,0.0586731623455979
552,0.041234082752728,0.0326572875325487,0.0325009854153941,0.0439964168222409,0.0248412146408581,0.0525246512119762,0.0320891978983577,0.05894219120951
553,0.0415033305745774,0.0328682183739176,0.0327169336173485,0.0442773031049619,0.0251146200124351,0.0528276731878597,0.032348432468126,0.059195066206215
554,0.0417889650247565,0.0331679489020238,0.032958143139419,0.0446462746482128,0.0254019605773544,0.0531348740333557,0.0326464987617815,0.0595240109253768
555,0.0420753970673972,0.033453769260126,0.0332229828630073,0.0449883740881014,0.0256924902776207,0.0534512996512971,0.0329255082063051,0.059839426337509
556,0.0423623563211898,0.0337080663612277,0.0334734779067915,0.0453231230837453,0.0260020496322224,0.053763210486685,0.0332004087074427,0.0601736392522666
557,0.0426598424412643,0.0339414302113397,0.0336972029112754,0.04566538749996,0.0263320704181686,0.0540654553257093,0.033484108442497,0.0605280010248729
558,0.043010894998351,0.0342172953069302,0.0339427866886836,0.0459854880515902,0.0266499718244959,0.054371581869311,0.0337694380568586,0.0607986675199567
559,0.0433188908794044,0.0344902333766379,0.034221325423954,0.0463592997158114,0.0269440734558867,0.0547165520727409,0.0340840511003943,0.0611002329271688
560,0.0435818486048217,0.0347391810190784,0.0345106083514828,0.0467596247210283,0.0272204332253114,0.0550680786034345,0.0344011358084829,0.0614396528170486
561,0.0438989733955125,0.0349581669167806,0.0347464051878921,0.0470372686355418,0.0275050859501815,0.0553085494210166,0.0346252617649612,0.0617081578560409
562,0.0442124937560011,0.0352488566232004,0.034973493722926,0.0473882354271877,0.0278109934203096,0.0556130900373868,0.0348968311273112,0.0620318528409775
563,0.0445186695471992,0.0355629974358685,0.0352220697472098,0.0477835883019447,0.0281181163305072,0.0559556983250085,0.0351936594986137,0.0623723251739693
564,0.044831703295613,0.0357925058572343,0.0355154226784986,0.0481062864073917,0.0283885378565903,0.0562318382006889,0.0354304237970013,0.0626282548967497
565,0.0451417506646616,0.0360420433015008,0.035807422361141,0.048430259776278,0.0285924968595257,0.0565198387999845,0.0356806023675791,0.0628751660417822
566,0.045402227572393,0.0362611697105093,0.036052843035442,0.0487218544209943,0.0287622830056544,0.056796058592503,0.0358874909022112,0.0630802578475692
567,0.0456021678654289,0.0364144510514543,0.0362436939299474,0.0489666700663535,0.0289457250952071,0.0570420452621345,0.0360163757522997,0.0632336231120145
568,0.045928268233783,0.0366791031723174,0.0365399508857493,0.0493330865476948,0.0291989076476983,0.0573600609071142,0.036247636514792,0.0635296966567485
569,0.0462553208051515,0.0369350414970024,0.0368281342671072,0.0497000571102791,0.029444347051893,0.0576442066288671,0.0364958440583548,0.0638275519210628
570,0.0465131239248596,0.0371207776602069,0.0370474920051065,0.0499987038198096,0.0296375043179228,0.0578558463399951,0.0366998695438587,0.0640424681943642
571,0.0467744046987688,0.0373252054781507,0.0372715282955813,0.0502948815859153,0.0298075434525215,0.0581208326330686,0.0368680202029401,0.0642325393560076
572,0.0470622934579502,0.0375529069405871,0.0375147591183337,0.0506024856711653,0.0300011590998275,0.0583800446558696,0.0370790900627321,0.064448277088583
573,0.0473560288292495,0.0377815049602787,0.0377740003295108,0.050914174700134,0.0302100263286848,0.0586170035898655,0.0373187061852094,0.0646778188285011
574,0.0475863630798138,0.0379540845715152,0.0380276008886492,0.0511989880766212,0.0303713517605641,0.0588465001348611,0.037481526497985,0.0648454290776942
575,0.0478320181236027,0.0381709728648047,0.0382408321209902,0.051475423610066,0.0305379784906507,0.0590699810154606,0.0376834680708313,0.0650432373256651
576,0.0480974706741116,0.0384040412220422,0.0384452301948043,0.0517567161386739,0.0307268324772434,0.0593074336492681,0.0379025930232629,0.0652656654459489
577,0.0483631985234406,0.0385855680323124,0.038694538593504,0.0520569125694151,0.0309391035813312,0.0595818771510642,0.0380745287022007,0.0654733839494797
578,0.0486555774094683,0.0387964931487182,0.0389438471186488,0.0524048512337328,0.0311353290219848,0.0598644174552139,0.0382712690500688,0.0656841365274704
579,0.0489767284430644,0.0390441857471517,0.0391875604300861,0.0527511091676176,0.0313165018274004,0.060139093064788,0.0384797703605219,0.0658841572330192
580,0.0493152316851022,0.0393180086517404,0.0394318644036291,0.0530631224858998,0.0315004833427217,0.0604040023940882,0.0386848464769193,0.0660672864872449
581,0.0496278671054622,0.0395965767562223,0.0397131549670323,0.053438773251117,0.0317460032800098,0.060706329878392,0.0389304030895121,0.0662829393308036
582,0.0499241923978864,0.0398558251157252,0.0399502255544323,0.0537890193144356,0.0319787541033699,0.0609942765915395,0.0391456956980517,0.066458369176813
583,0.0502211472308139,0.0400962357995618,0.0401350052323401,0.0540838342752504,0.0321741487733872,0.0612627323026708,0.039316331143839,0.0665874877588719
584,0.0505516420012661,0.0403653964462295,0.0404058708576953,0.0544103652792539,0.0324047116783312,0.0616067829144643,0.0395357318784231,0.066799939615932
585,0.0508817818451684,0.0406259697894076,0.0406740448757886,0.054752412378919,0.0326573761019447,0.0619433033672562,0.0397849197322967,0.0670028873681231
586,0.0511808082658914,0.0408683162654361,0.0409026276807522,0.055076556011429,0.0328967858345402,0.0622323389064783,0.0400182315474201,0.0671733354271285
587,0.0514147249820359,0.0411000132890931,0.0410815093751933,0.0553273693987166,0.0330621816288745,0.0624563170319358,0.0401588345042677,0.0673302843521552
588,0.0516206485001064,0.041327677640379,0.0412719519009431,0.0555904511419998,0.0332636564291808,0.0626952366688532,0.0403470343926929,0.0675519067387974
589,0.0517990538772522,0.0415445862062241,0.0414582313484528,0.0558584514947343,0.033465456945454,0.062937468890157,0.0405353564474814,0.0678107495052326
590,0.0519423028380934,0.0417410233599092,0.0416048723660968,0.0560946232937759,0.0335935357022121,0.0631421614079423,0.0406334668794596,0.0680450383937297
591,0.0520814984360333,0.0419369783619698,0.041755467034606,0.0562937966754825,0.0336967920772784,0.0633147324659068,0.0407707848333401,0.0682553988876495
592,0.0522255926763009,0.0421354840795001,0.0419307834470553,0.0564890678001104,0.0338229596940296,0.0634749969632174,0.0409330428238038,0.0684860204272447
593,0.0523757750169527,0.042337088462425,0.0421259160914779,0.0567070726505287,0.0339925193643408,0.0636419807291064,0.0410962207020486,0.0687652842204832
594,0.0525181997236096,0.0425513369555653,0.0422552290091179,0.0569278247905205,0.0341295666056875,0.0638234561028618,0.0412838365150929,0.0690430236300892
595,0.0526526344615856,0.0427099880340889,0.0423554687556807,0.057142407931158,0.0342515585977711,0.0639911691453253,0.0414628881346873,0.0692928529383102
596,0.0528104597483212,0.0428173244050939,0.0424763601462636,0.0573721860333613,0.0343918562660255,0.0641585887480218,0.0416276065194364,0.0695317317259701
597,0.0530985364076071,0.0430115949669136,0.0427051914717616,0.0577093825849235,0.0346222051197567,0.0644259701530938,0.0418240238719133,0.0698693899162288
598,0.053362803036218,0.0432155773793786,0.0429163343573689,0.0580007191316118,0.0348415162936428,0.0646798110319411,0.0420058892896456,0.070136762672355
599,0.053596121608274,0.0434345193206001,0.043099710808059,0.0582569259570029,0.0350476067891587,0.0649220454951983,0.0421780225496466,0.070335362181433
600,0.0538910275372222,0.0437241653834645,0.0433227939015946,0.0586042473222607,0.0353055239452096,0.0652323916227069,0.0423805800848033,0.0705852723887456
601,0.0540921331812941,0.0439466338691207,0.0435061728527845,0.0588580351496345,0.0354925594678075,0.0654787753194073,0.0425511611113664,0.0708153487611823
602,0.0541986893752744,0.0441009354437757,0.0436092398503254,0.0590041623687427,0.0355934375941947,0.0656324695585223,0.0426811827506548,0.0709820936556181
603,0.054265952955473,0.0442315641179372,0.0436310767187773,0.0590973256804049,0.0356446382866718,0.0657155939824248,0.0427886980128433,0.0710739680362233
604,0.0543476577426166,0.0443522500389525,0.0437797478682476,0.0592635348595494,0.0357883399716921,0.0658608561104586,0.0429549289541329,0.0712914034347997
605,0.0544981633781211,0.0444878602788262,0.0439837517901823,0.0594936386084748,0.0359553083228338,0.0660606840494377,0.0431474940955541,0.0715475113055544
606,0.0547203018099888,0.0446452672544646,0.0441564044331661,0.0597425440318651,0.0360790344767715,0.066275798224067,0.0433191284233174,0.0717443684802014
607,0.0548648695906337,0.04477740383304,0.0442991050672514,0.0599278612559856,0.0362097123821388,0.0664408980056323,0.0434293821836528,0.0718904297370831
608,0.0549813161572747,0.0448843015898585,0.0444016039467724,0.0600522710854301,0.0362944663446529,0.0665571576957564,0.0434970295224346,0.0719274168828399
609,0.0551110685081749,0.0449881774730198,0.0444748015591001,0.0601528460970122,0.036341725744755,0.0666669205180377,0.0435632675538036,0.0718946238094905
610,0.055294774933004,0.0451534018267879,0.0445677513866772,0.0603340487893217,0.0364654333100121,0.0668950846326058,0.0437214429396882,0.0720046318558362
611,0.0554400587733378,0.0453066275825998,0.0446137572044317,0.0604606507526573,0.036541972467464,0.0670701894518116,0.0438254347999309,0.0720291069283805
612,0.0555346887211226,0.0454361658488128,0.0446359394929254,0.0605213081700083,0.0365764328817471,0.0671807786536033,0.0438770698093749,0.0719698365073986
613,0.0556132610700835,0.0455629170910804,0.0447085906249752,0.0605736327527414,0.0366441474636772,0.0673049776980827,0.0439608812231036,0.0719553638236334
614,0.0556914203579003,0.0456680867918803,0.04475998287942,0.0606255478155583,0.0366933739373356,0.0674500188166319,0.0440111078079192,0.072000045402786
615,0.0557565815490878,0.045767398606277,0.044797089268597,0.060684044676227,0.0367292440368926,0.0675793196597746,0.0440364256518051,0.0720638248703105
616,0.0558065289290719,0.0458862949522635,0.0448456820318514,0.0607559889226955,0.036767003268022,0.0676638646428051,0.0440641437562539,0.0720993149304023
617,0.0559639776541601,0.0460454293920628,0.0449190215782297,0.0608670684209115,0.0367900046541495,0.0678138096173014,0.0441145813049641,0.0721472433285806
618,0.0561319343405227,0.0462037661625559,0.0449748006938491,0.0609709004078822,0.0368181356528096,0.0679714052329488,0.0441509446238085,0.0722044524894949
619,0.0562329063510232,0.0463320142066731,0.0449890096550166,0.0610319674335634,0.0368594577261686,0.0680884728070569,0.0441531297947464,0.0722733699350341
620,0.0563003145463984,0.0464445262359399,0.0449967290695801,0.0610518590710017,0.0368810685285322,0.0681857567384103,0.0441559999086727,0.0723777223565703
621,0.0563054292505975,0.0465570038876622,0.0450097449923572,0.0610904716579313,0.0368930055386199,0.0682633230971001,0.0441839490325374,0.0725467854973087
622,0.0562916224398566,0.0466807285677826,0.0450295849981627,0.0611644842458471,0.0369137473418905,0.0683412194551568,0.0442353913985226,0.0727620097222941
623,0.0564002039297007,0.0468254307234619,0.0450443498437067,0.0612432184614183,0.036974312547616,0.0684691948387135,0.044273902177051,0.0729474978413538
624,0.0565614500592319,0.0470010472028907,0.0450699351902907,0.0613102990246898,0.0370997360598432,0.0686329674823669,0.0443601478422718,0.073139392105991
625,0.056716868993904,0.0471887216910285,0.0451002246833112,0.0613883426820344,0.0372488404505104,0.0688130362715663,0.0444602554567772,0.0733037254003567
626,0.0568103670510048,0.0473538035523277,0.045121047060914,0.061519932110293,0.0373456855826019,0.0689824125590092,0.0444978965634443,0.0733852071420501
627,0.0570001037663927,0.0475215526701137,0.0451851480561386,0.0616788341439048,0.0374782825339314,0.0691540319034269,0.0445703709134033,0.0735519702638567
628,0.0572293245836303,0.047734380994977,0.045283735707345,0.061857135237201,0.0376374045932679,0.0693492889703904,0.0447041307424157,0.0737748196128051
629,0.0574094269714093,0.0480008593126347,0.0453899109189931,0.0620419420158307,0.0377948130289837,0.0695738865327287,0.0448888058531425,0.0739824233220029
630,0.0575316493307597,0.0481503739470841,0.0454576988614771,0.062178616567644,0.0379321588674937,0.0697458357622673,0.0450216093400641,0.0741261185920369
631,0.0576567602765303,0.048282624097595,0.045540855788442,0.0623177946940651,0.0380838591458564,0.0699245142980129,0.0451381812987261,0.0742561898884254
632,0.0578082730031624,0.0484424480461768,0.0456593050596008,0.0624760774645588,0.0382325701999914,0.0701244077890436,0.0452556798090903,0.0743906820659593
633,0.0579213675081549,0.0485223569212869,0.0457456034213267,0.0625845472611923,0.0382275429448345,0.0702423798215772,0.0453285894035226,0.0744651450696753
634,0.0580358233864164,0.048570054563403,0.0458533787095492,0.0626674516710495,0.0382302777262658,0.0703496179324277,0.0454003617225594,0.0745105007982899
635,0.0581289898438177,0.0485658172540392,0.0459657179716024,0.0627152106367085,0.0382272523567516,0.0704145216874039,0.0454377225781207,0.0744975683231666
636,0.0581192415666497,0.048428494671021,0.046001226403741,0.0626881296389854,0.0380492488041917,0.0703108517471994,0.045333566166895,0.0743399501545338
637,0.0581114193177349,0.0482680239919411,0.046034280725714,0.0626441957585399,0.0378424940764995,0.0701600351196344,0.0451997997432616,0.0741391956713942
638,0.0580934642710558,0.0480641987987045,0.0460713157419949,0.0625610679668562,0.0375870691992285,0.069974128252879,0.0450452891749986,0.0738776122265589
639,0.0580157801425548,0.0477579703777955,0.0460943390901151,0.0623925233790007,0.0372166672184573,0.0697268919525334,0.0448405701498238,0.0735043548358498
640,0.0579029713292796,0.0474026592295782,0.046083355969173,0.062169715916727,0.0368091475110711,0.0693942791681564,0.0445390609350211,0.0730838484761464
641,0.0577424693769838,0.0469937807869075,0.0460357536757161,0.0619064835278299,0.0363365766323232,0.0689804869173976,0.044176532995832,0.0726138682506463
642,0.0575338875392748,0.0465247666218439,0.0459597800230123,0.0616069077737461,0.0357753805069519,0.0685063874355606,0.0437902050629151,0.0720929167659688
643,0.0573404093739295,0.0460039206522971,0.0458858088925837,0.0612396559478993,0.0351670305377512,0.0680272448116434,0.043357259373141,0.0715598673902208
644,0.0571313989247273,0.0455068806476656,0.04581885018797,0.0608784195257278,0.0345812127659825,0.0675569380806456,0.0429657892176737,0.0710342778572996
645,0.0569013003288097,0.0450596275863619,0.0457528452304246,0.0605579021380377,0.0340499581836787,0.0670992255852403,0.0426314775952563,0.0705229889652074
646,0.0566888526781842,0.0446016889539923,0.0456576730329317,0.060248137235745,0.0335458684711876,0.0666425558356021,0.0422355056423917,0.0700104386874619
647,0.0565053495266447,0.0441741067569679,0.0455924634187526,0.0599370619713937,0.0330747919637172,0.0662054148355324,0.0418779210640753,0.0695250264828955
648,0.0563658185796676,0.0438136716891004,0.0455562754911289,0.0596611603309972,0.0326581086051723,0.065824838850539,0.0415892099329409,0.0691084693601933
649,0.056286308368319,0.0435607800236644,0.0455083417837814,0.0594949156384702,0.0323313412487769,0.0655544491667482,0.0413616895196892,0.0688161972444511
650,0.0561950227469319,0.0433301276321847,0.0454463115119986,0.0593519279566299,0.0320765892110172,0.0652955983715894,0.0411664682415533,0.0685788102566783
651,0.056124850422373,0.0431619202389183,0.0454237588895059,0.0592525686676386,0.0319035487409033,0.0651116438516146,0.0410253404691547,0.0684060666351089
652,0.056127391915276,0.0431140179399652,0.0454901405878052,0.0592345458130166,0.0318156534368281,0.0650815822808679,0.0409654818887037,0.0683172669021235
653,0.0561511245573623,0.0430957021940284,0.0455299044463743,0.0592420617722132,0.0317311704880822,0.0650361524025035,0.0409382010780557,0.0682384131705314
654,0.0561304146759123,0.0430489907484704,0.0455259477841177,0.059201448373406,0.0316342797788955,0.0649633088164894,0.0409129099923451,0.068145809623299
655,0.0560526375837253,0.0429559913016586,0.0454918331291945,0.0590931490032642,0.0315245599888055,0.0648782740342971,0.0408696706601086,0.0680372496983946
656,0.0560628949108843,0.0428966868408656,0.0454917550759824,0.05905738584868,0.0314169425408374,0.0648151136478038,0.0408040634166863,0.0679536368061931
657,0.05608456995381,0.0428433380473631,0.0454908537832858,0.0590179353327082,0.0313080140989154,0.0647546783290988,0.0407537166004448,0.0678540831436894
658,0.0560534675798097,0.0427503578549774,0.0454629344420427,0.058920212326499,0.0311625509189937,0.0646507734978815,0.0406988323024285,0.0677042157346824
659,0.0559049643199585,0.0425390253818753,0.0453876827338186,0.0587281627670741,0.0308934760721435,0.0644092436376911,0.0405398782176734,0.0674714214115207
660,0.0557448911316814,0.0422622602384301,0.0452926695848237,0.0584798759394743,0.030575687952975,0.0641095932074889,0.0403067374623443,0.0671847468908774
661,0.0555753474474201,0.0419353536077692,0.0451812412454112,0.058185909203501,0.0302053220437584,0.0637807371352301,0.0400281977781503,0.0668477634584723
662,0.0553516699774074,0.0415613861210244,0.0450462953695365,0.0578476588351041,0.029749247922659,0.063430387542707,0.0397393735846459,0.0664567121614485
663,0.0551243732757341,0.0411643039771872,0.0448963335418085,0.0574970704862113,0.0293147858196956,0.0630217904533903,0.0394347294968877,0.0660737475469841
664,0.054880848402377,0.0407528069768923,0.0447282918318611,0.057123446556061,0.0288812228655616,0.0625668958932406,0.0390883644518043,0.0656797617101477
665,0.0546035589626851,0.0403302317690984,0.0445424493324219,0.0567169108231823,0.0284106472567173,0.0620995693609956,0.0386929760488662,0.0652504090717399
666,0.05431145681991,0.0398861561497478,0.044363593833336,0.0563142189152029,0.027923615470519,0.0616981638601495,0.0383571961876032,0.0648305033971639
667,0.0540636991019661,0.0394809840182197,0.0442062925797381,0.0559654348290393,0.0275014802328598,0.0613306101545766,0.0380495580137965,0.0644384630815018
668,0.0538782749427568,0.0391453749327177,0.0440747402466342,0.0556797752640099,0.0271664473875043,0.0609807315824906,0.0377513932180419,0.0640914882407221
669,0.0536778271240076,0.0388407818539483,0.0439569986185014,0.0553744070569285,0.0268019807221742,0.060680171459628,0.03749126399285,0.0638143018464181
670,0.0535226922725276,0.038577500436962,0.0438342464719435,0.0551190453181686,0.026498258070689,0.0604502446225111,0.0372779416816549,0.0635802439488505
671,0.0534289412927924,0.0383713227089635,0.0437224232649879,0.0549326731788953,0.0262718758007368,0.0603017091979991,0.0371201668818682,0.0633944122723104
672,0.0533782606190951,0.0382467926726336,0.0436719008837216,0.0547950938317776,0.0260802468339116,0.0602364116223573,0.0370272957163453,0.0632900998084136
673,0.0533693763010896,0.038184766808299,0.0436438944141334,0.0546987528471761,0.0259500141344281,0.0602306760866286,0.0369706586842463,0.0632545315023586
674,0.0534008944694531,0.038165955507331,0.0436361722942692,0.0546385689473479,0.0258611536079787,0.060271035138664,0.0369389053946067,0.0632613403570386
675,0.0534698676431499,0.0381739181668349,0.0436550219033099,0.05461067513229,0.0257828185434758,0.0603511079081431,0.0369302265045075,0.0632823785753657
676,0.0535497424381716,0.0382338559034045,0.0436709562484205,0.0546058586120888,0.0257396929640439,0.0604907441027001,0.0369703251815258,0.0633407665390578
677,0.0536707554774518,0.0383416720538453,0.0437162263218759,0.0546271663125468,0.0257494331362227,0.0606936314058209,0.0370486548314297,0.0634517016928199
678,0.0538590910307956,0.0384969185789926,0.0438104929404454,0.0546862082055719,0.0258220111476417,0.0609659085356789,0.0371584236850341,0.0636246278035537
679,0.0540890177818481,0.0387126823630049,0.0438894955711292,0.0548038931620408,0.0259326225408034,0.0613212803199359,0.0373118457471071,0.0638414832517746
680,0.0544212168799386,0.0390606642620559,0.0440460525965979,0.0550393445323454,0.0261708473807481,0.061811718105137,0.0375833816973704,0.0641813289595811
681,0.0548840626527805,0.0395777893725582,0.0443045333976627,0.0554185671847557,0.0265690551304876,0.0624558940618644,0.0379944863299385,0.0646812048847426
682,0.0554570280703944,0.0402501798701931,0.0445824765536813,0.0559202679626773,0.0270703284552865,0.0632123168175165,0.0384809371951189,0.0653148384457184
683,0.0561532153023187,0.0410970742853308,0.0449209055936768,0.0565470654947898,0.0277213109817278,0.064191016925069,0.0391190587028864,0.0661073634943023
684,0.0570235637566008,0.0421708445898825,0.0453491493306465,0.0573502452013189,0.0285736743396729,0.0654211499529857,0.0399511190192546,0.0671082867811188
685,0.0581395586113825,0.0435419528660209,0.0458934875777585,0.0584085374215275,0.0296853611354254,0.0668878455074219,0.0410030469584103,0.0683822617705677
686,0.0594378288787042,0.045167766795937,0.0465022708987838,0.0596636797160229,0.0310412532055967,0.0686268120928743,0.0422529788116544,0.0699179330901712
687,0.060945897368566,0.0471116676480018,0.0472125588427645,0.061158181358342,0.0326856097401839,0.0706813222911636,0.0437402219433913,0.0717667323946557
688,0.062692793646232,0.0494349021596412,0.0480615083751369,0.0629332992601973,0.0346615580903042,0.0730795211067054,0.0455005053867255,0.0739769672975158
689,0.0646183185804915,0.0520734926931905,0.0489752393848093,0.0649097976198811,0.0369436542132922,0.0757776455715096,0.0474818533471741,0.0765229957953439
690,0.0667324921628278,0.0550214166542377,0.049969424382439,0.0671228984700369,0.0395790032555391,0.0787990964664657,0.0497055636497617,0.0794029874051385
691,0.0690258405437739,0.0582804319413471,0.05106749970386,0.0696120538079092,0.0425975460761968,0.0821436416560257,0.0521986889328533,0.0826198582235557
692,0.071436310801238,0.0618675471433502,0.0523020204560573,0.0724220684327532,0.0459829720918261,0.0857515329384057,0.0549970468608196,0.0861906056096134
693,0.0739334087229578,0.0657134214704718,0.0536098656523127,0.0754356066476318,0.0497280368888326,0.0896075482563201,0.0580404600586256,0.0900546058752761
694,0.076480571981735,0.0697398659223273,0.0549536426428988,0.0785824249503072,0.0537929097293593,0.0936577696749261,0.0612765527923016,0.0941597309413363
695,0.0790357896733528,0.0738513591145558,0.0563138691616199,0.0818266924525157,0.0581050920398936,0.0978108104412533,0.0646531713510042,0.0984557171689701
696,0.0815493372247815,0.078033578737784,0.0576912789335986,0.0851131371833291,0.0626295539108093,0.102001233556722,0.0681210395191293,0.102882230045985
697,0.0839986276944316,0.0822440236611396,0.0590533637343144,0.088411958848097,0.0672841022985059,0.10619908855235,0.0716554554829717,0.107390538678315
698,0.0863708058190881,0.0864270705886329,0.060364850400492,0.0916982215061489,0.071976581613198,0.110380147157897,0.0752356981069621,0.111931945230434
699,0.0886335995361782,0.090485910168991,0.0616825868951918,0.0949137210200387,0.0767139748725015,0.114425634765809,0.0787827817574339,0.11641476392571
700,0.0908031290670126,0.0943861733176401,0.0629671927633317,0.0980068785993415,0.0813997871520643,0.118279935279215,0.0822440528555796,0.120803192064942
701,0.09288884308408,0.0981126286576466,0.064181185966117,0.100944919298732,0.0859551522597063,0.12192860056525,0.0855883714660207,0.125070803718862
702,0.0948613893116467,0.101675447319336,0.0653355860460287,0.103743715684812,0.0903997134299419,0.125452554560343,0.0888379499648448,0.129190067542816
703,0.0966978533919576,0.105022631211999,0.0664280225226516,0.106380799840894,0.0946680918909314,0.128757248132992,0.0919313526008746,0.133132369353978
704,0.0983991871127983,0.108144253013893,0.067454957040674,0.108848010975199,0.098725832775963,0.131813195075981,0.094840243375608,0.136865811125428
705,0.0999937922367884,0.111085551963781,0.0684091893719495,0.111154665019224,0.102576749755019,0.134677347854778,0.0975786027421744,0.140344984942015
706,0.101525304876067,0.113870534247305,0.06931080120772,0.113307560899848,0.106216761312392,0.137357349921056,0.100160674202978,0.143657236764694
707,0.102966470605243,0.116478220165831,0.070150894654788,0.115304275250989,0.109630036263238,0.139852799362278,0.102576217269859,0.146780139397005
708,0.104261209657735,0.118871433853469,0.0709107874541585,0.117142878216416,0.112804817831651,0.142162819025271,0.104809949490752,0.149651133387591
709,0.105541358550372,0.121171631084477,0.0716478423123205,0.118877836222788,0.115843613161003,0.144367758254309,0.106960206345524,0.152442333740366
710,0.106771174402933,0.123365450496336,0.0723702374244373,0.120529193602007,0.118732255753808,0.146444465791532,0.109007832390116,0.155105461730543
711,0.107904720853995,0.125425825876793,0.0730708296319141,0.122103552716543,0.121449019159296,0.148370479070368,0.110923654426335,0.157581919357469
712,0.109007947931283,0.127385643760647,0.0737246253740757,0.123584453894408,0.124049453155976,0.150212495207587,0.112742193826294,0.159966952402008
713,0.110069330763895,0.129258812242586,0.0743432599132728,0.124967402435506,0.126502047709976,0.151991940029701,0.114455877862246,0.162245675046082
714,0.111091303921692,0.13105151137867,0.0749442287222363,0.126272032893518,0.128801144102921,0.153713208409597,0.116079233707101,0.164413484964508
715,0.112111206407066,0.132746689329684,0.0755594226748354,0.127565507426196,0.130985234115151,0.155350940737439,0.117671891815741,0.16648638401969
716,0.113088691240933,0.134395762041609,0.0761201110645959,0.12877439154417,0.13306820161985,0.156905576574807,0.119184889045217,0.16847297838206
717,0.114017263440562,0.136004823387715,0.0766368790477572,0.129910484408639,0.135063440736239,0.158397242439395,0.120616376794849,0.17037973271585
718,0.114910930278805,0.137547922146548,0.0771729283643877,0.131039660658476,0.13698048142001,0.159860139786069,0.1219917815197,0.172208892154113
719,0.115800601529157,0.139020565983229,0.0776942523779389,0.132137906933936,0.138822456613144,0.161251484252916,0.123306321857863,0.173951049075522
720,0.116681895328885,0.1404620204927,0.0782057771927647,0.133196430865889,0.140603870540269,0.162608469698008,0.124586260226867,0.175647763893294
721,0.117541609224673,0.141912775482137,0.0787182942875978,0.134212011732318,0.142339427387986,0.163974649298266,0.12585891601016,0.177341663907087
722,0.118390767862353,0.143341504232735,0.0792277215857333,0.135207789050012,0.144048141265984,0.165297722579533,0.127108827028904,0.178995978375786
723,0.119211482029166,0.144711222857186,0.0797076278353245,0.13616498862819,0.145647930148619,0.166562515038633,0.128325031622395,0.180577425421247
724,0.120003846081867,0.146016791720785,0.0801554199702241,0.137082339577457,0.147126255718343,0.167782790726722,0.129501669962904,0.182083601325086
725,0.120816255431595,0.147322590368593,0.0806285722180301,0.138008245133619,0.14865103276986,0.169034226158244,0.130642264833887,0.183577841842946
726,0.121618848911053,0.148620497144172,0.08109340058083,0.138917569058674,0.150148799802555,0.170257834608578,0.131737641238247,0.185048095070815
727,0.122398351107624,0.149900189637788,0.0815445686749275,0.139806741702725,0.151584068151119,0.171437849644962,0.132806008395138,0.186487604308937
728,0.123151773562099,0.151144025248508,0.0819993233569601,0.140688372680024,0.152942803959122,0.172591548637257,0.133891509404463,0.187889239786492
729,0.123912355296429,0.152368146792332,0.0824477321917302,0.14156053852993,0.154307340496453,0.173731132154167,0.134937294301064,0.189267804475821
730,0.124682784435768,0.153584719752546,0.0828995844166193,0.142414384946744,0.155662876327768,0.174874109668367,0.135948151931243,0.190625749898118
731,0.125451294699057,0.154798952540125,0.0833635639280107,0.143239711075858,0.156963906663991,0.176029582846398,0.136947992604198,0.191960077021429
732,0.126193641136465,0.155969710094519,0.0837883737752122,0.144043567176315,0.158223113215314,0.177135456562578,0.137941577466075,0.193261415747662
733,0.126916354560075,0.157130257709442,0.0842168176637731,0.144854943844614,0.159460661237129,0.178230238607766,0.138933532409774,0.19455823550649
734,0.127635977666962,0.158305801770032,0.0846726493192711,0.145684580126542,0.160691761469716,0.179344858855042,0.13992313578607,0.195863751903727
735,0.12838579246446,0.159471217090509,0.0850896846698818,0.146482408421094,0.16191628970709,0.180457349094741,0.140896580678672,0.197134996509465
736,0.1291437408095,0.160654742513669,0.0855228144983039,0.147299699896132,0.163118775582051,0.181549007062289,0.141864344717679,0.198400250460247
737,0.129890593284004,0.161839853378854,0.0859731756158998,0.14812669989486,0.16430040607989,0.182613277690537,0.142819354698301,0.199666683250644
738,0.130607493212105,0.162957541484746,0.0863806136576146,0.14888328456638,0.16548394894785,0.183657627806353,0.14373327650845,0.200921687955818
739,0.13134227883772,0.1640960528236,0.0868195460483656,0.149658209833932,0.166657480203976,0.184705948467374,0.1446786500408,0.202165494250549
740,0.132093225318584,0.165254178467393,0.0872878059739555,0.150456462628708,0.167822450053818,0.18576929276913,0.145642810183607,0.203407666299757
741,0.132835990318273,0.166396909386238,0.087749332497598,0.151249532331163,0.168978346131085,0.186846120411344,0.146578233309352,0.204656324048504
742,0.133538176142268,0.167515985639646,0.0881449555194869,0.152013388572998,0.170066571796761,0.187875115759633,0.147458278717474,0.205861038243332
743,0.134240059600702,0.168649212596265,0.088546969012572,0.152772178347528,0.171161547705101,0.18890574124058,0.148355609313592,0.207065758015588
744,0.134973327310404,0.169807810020146,0.0890069867829464,0.153547583799149,0.172311236772967,0.189971175262529,0.149306636340454,0.208298725500014
745,0.135706733831517,0.170887239272173,0.089445707555064,0.154328764067754,0.173411386353275,0.190994188339918,0.150175232772298,0.209488454728954
746,0.136425267904151,0.171969347481497,0.0898722444179561,0.155094299299722,0.174508086542564,0.192010524926443,0.151058544880384,0.210666654194701
747,0.137135415478328,0.173082734678286,0.0902996630245548,0.155847544031099,0.175618008672739,0.193032996687172,0.151979851816341,0.211856178614262
748,0.137875174433723,0.174188976770754,0.0907488477172961,0.1566258498752,0.176723252329864,0.194045710100717,0.15286864769243,0.213074003750736
749,0.138583760969024,0.175295445935407,0.0911816024165938,0.157397547328378,0.177796362052757,0.195036029703499,0.153732368300135,0.214240235211142
750,0.139274823960096,0.176406778523557,0.0916051605289199,0.158155011880773,0.178858939196175,0.196031980584542,0.154596464015283,0.215387591381164
751,0.139993054355645,0.177530800870457,0.0920468416592712,0.158903458410321,0.179953587447213,0.197075660602582,0.155495981456689,0.216593151571798
752,0.140721273122893,0.178674278573795,0.0925111802342434,0.159661211502536,0.181041569867726,0.198102729822875,0.156398689147357,0.217783562565808
753,0.141445392266676,0.179789350118217,0.0929672553535688,0.160416650496165,0.182096726660108,0.199094641976495,0.157284608000069,0.218959738129576
754,0.142162821085323,0.180852422055251,0.093396828560888,0.16116009574265,0.183120542589524,0.200059873483668,0.158144747632937,0.220131128362133
755,0.142911060750459,0.181945254890043,0.0938427221942655,0.161901780023385,0.18419695479102,0.201065817537632,0.15899273612537,0.221290468563005
756,0.143657882713551,0.183054162996646,0.0943038031103311,0.162666623424184,0.185296551988586,0.202085475350013,0.159854474417936,0.222446920204153
757,0.144397092371549,0.184171210877637,0.094774226953574,0.163451087951329,0.186389633403864,0.203103135222891,0.160739787851785,0.223613536980776
758,0.145160167126513,0.185295912769325,0.0952436896397238,0.164212190764992,0.18744295803592,0.204116245494608,0.161637938114146,0.224809095961238
759,0.145877786968427,0.186414896794002,0.0956762258637168,0.164950824424015,0.188462557213721,0.205125036299865,0.162530680571371,0.226001787988541
760,0.146573925426883,0.187528178084269,0.0960939673454376,0.165676845493371,0.189468729641418,0.206135563148648,0.163402753670235,0.227183143301625
761,0.147311209668215,0.188642381525437,0.0965458787637985,0.166409418386593,0.190492461146283,0.207155140214143,0.164246562117887,0.228355690077998
762,0.148068822981991,0.189769622603703,0.0970395405813848,0.167184143331644,0.19156264212659,0.208173272743145,0.165124608168395,0.229540089085647
763,0.148829915836151,0.190893422103534,0.0975218312434389,0.167956283274205,0.192640972873581,0.209193407167888,0.166016553655107,0.230721881251744
764,0.149580108536395,0.192001773860131,0.0979592961969263,0.1686917392861,0.193692697831244,0.210214125218755,0.166893020917275,0.231889159294092
765,0.150311264697665,0.193112643742657,0.0984199116818682,0.169438718588294,0.194739042253916,0.211207720374201,0.167741703265407,0.233056532782122
766,0.151055959354423,0.194243441802191,0.0988847363346668,0.170193360397973,0.195763973056705,0.212209178388951,0.168602943330722,0.234248906196813
767,0.151821413341984,0.195383387336036,0.0993460199202191,0.170950106694272,0.196780661138358,0.213234702334942,0.169486400909294,0.235463832628058
768,0.152581646581543,0.196478449177563,0.099810561282995,0.171700047408601,0.197843112654394,0.214276724875743,0.170360743056374,0.236662037506406
769,0.15335060271603,0.19762225191548,0.100279488954908,0.172464682235096,0.198902131758935,0.215321225031573,0.171241407801764,0.237849762138766
770,0.154125510506508,0.198800588320981,0.100751035722118,0.173233799961576,0.199943242541827,0.216366927760871,0.172146550088103,0.239048544038531
771,0.15489615919093,0.199956348523815,0.10122286658415,0.173985214559044,0.200966319215396,0.217417896539305,0.173088012631522,0.240281985144763
772,0.155637955561387,0.201093601594523,0.101702451847881,0.174718650632579,0.201978136838832,0.218471598862195,0.173987421579535,0.241496337449386
773,0.156409785713523,0.202234055222186,0.102194514679557,0.1754823408176,0.203010876778125,0.219514711504954,0.174868336065029,0.242701656108508
774,0.15723864942343,0.203394390774312,0.102695927290605,0.176297449671391,0.204078808610462,0.220549425266359,0.175761823267364,0.243918095761847
775,0.158015432009688,0.204571966677057,0.103180583616751,0.177086882051253,0.205135603515718,0.221637614910403,0.176673894778612,0.245174069652249
776,0.15877912763349,0.205722986821316,0.103662689242941,0.177829145600106,0.206162259430122,0.222705746157343,0.177580692562566,0.246404004869693
777,0.159553582187192,0.206861232626246,0.104149308760976,0.178551879285529,0.20717722469686,0.223745610471948,0.178475872317852,0.24760081980415
778,0.160348348850619,0.208069558116214,0.104640401091547,0.179343625205215,0.208246019521837,0.224822789036602,0.179371982676222,0.248822663924743
779,0.1611378609158,0.209251703331612,0.105126180079511,0.180111488782467,0.209276652499152,0.225914766988762,0.180272457050574,0.250070505991885
780,0.161938230082205,0.210405617084785,0.105617097928824,0.180870622798625,0.210301595095646,0.226989787122871,0.1811806778792,0.251319506100743
781,0.16277097384615,0.211562019486945,0.106125080701029,0.181664064126873,0.211381715872231,0.228020347299931,0.182098738239912,0.252536150814761
782,0.163558359665824,0.212726115726998,0.106600176071608,0.182424414701009,0.212401279275855,0.229068062932313,0.183031171803399,0.253729202573335
783,0.164349171158354,0.213885404082758,0.107080155247387,0.183169279978928,0.213404392048554,0.230134446431094,0.183928049024887,0.254929575090593
784,0.165175781013974,0.21504080187223,0.107590243399234,0.183922394386766,0.214435606144326,0.231213348684169,0.184782039119963,0.256162953780154
785,0.165983228141483,0.216239757850632,0.108093170908005,0.18469196681012,0.215488141046763,0.232303771294758,0.185715215251106,0.257438391416862
786,0.166780960401365,0.21741701228013,0.108593423581089,0.185472020526348,0.216525916917273,0.233366390777647,0.186647570074796,0.258717316442405
787,0.167597028149161,0.218582355125064,0.109106112089649,0.186266854045618,0.217558340733241,0.234423225552611,0.187569446125217,0.259988397019486
788,0.168477422610938,0.219812397098636,0.109656612468999,0.187088047427545,0.218634363468774,0.235552750947603,0.188530638432581,0.261263153115408
789,0.16930292025272,0.221002226144549,0.110150626585205,0.187824297361152,0.219636189962314,0.236679748883124,0.189473326103595,0.262495828593554
790,0.170100337535507,0.222187723647297,0.11062829894575,0.1885469808327,0.220631347290547,0.237790305165632,0.190408356087872,0.263741821655615
791,0.170928642256992,0.223422864194878,0.111155681544843,0.189354079045063,0.221712482588715,0.238886384162236,0.191355707652183,0.265056892953328
792,0.171742044248015,0.2245961414773,0.111682537498431,0.190128296891774,0.222756795339983,0.239950823850057,0.192255529974971,0.266294760857582
793,0.17256845753895,0.225778391529328,0.112199229903208,0.19089101210451,0.223771225310642,0.241042852587375,0.193169160380965,0.267535682297081
794,0.173422387298059,0.227004090534333,0.112706857787754,0.191662134016052,0.22477683616898,0.24217269361006,0.194120802744176,0.26882102972714
795,0.174282697357687,0.228197843561292,0.11322016425015,0.192432745747277,0.225799875338452,0.243228618373473,0.195031827358685,0.270068720349156
796,0.175113931849621,0.229391048044224,0.113735635236386,0.193209997995336,0.226821086660631,0.244284989859123,0.195955038353947,0.271308299015924
797,0.175938002841621,0.230593638596367,0.11425671033116,0.193989849604489,0.227845309374213,0.245377853704877,0.196908038280785,0.272563771796014
798,0.176812426973979,0.23180348636801,0.114789495727492,0.194760388627371,0.228889878186525,0.246519491854392,0.197886355985162,0.273857437439145
799,0.177630622036527,0.232994967295147,0.115310417904564,0.195509759161718,0.229912615393887,0.247617797922369,0.198841860297294,0.275152348575803
800,0.178440286818763,0.234176489860816,0.115810145293778,0.196255267535468,0.230905864980746,0.248689219182321,0.199768756177987,0.276401515871767
801,0.179302053519245,0.235365539044464,0.116296774869345,0.197016806976843,0.231886486388369,0.249774090785928,0.200681324227425,0.277600295834133
802,0.18017820858556,0.236582764528423,0.116834278728451,0.197795526798873,0.23293781759146,0.250898496768374,0.201627060909133,0.278931904116723
803,0.181038180731594,0.237794118395217,0.117378518949091,0.198559980416581,0.233987220328018,0.252018365641797,0.202582659341778,0.280266813464946
804,0.181885007921728,0.238991676158007,0.117909026766137,0.199309732411187,0.234999369599193,0.253113772442551,0.203536337449654,0.281541008509538
805,0.182777502434419,0.240213732998067,0.118446683002521,0.200095674580567,0.236001520659834,0.254205186474226,0.20450017070374,0.282801464325854
806,0.183655489297141,0.241429318057109,0.118991668233833,0.200891863687797,0.237019782176231,0.255300384166555,0.205465009449927,0.284073978257605
807,0.184496277950645,0.242636427894244,0.11952581488339,0.20166335978397,0.238021141354173,0.256403551475062,0.206424075662141,0.285360932005804
808,0.185303034817438,0.243843290952417,0.12003042215232,0.202382030071329,0.238961904247005,0.257513771565509,0.20737293301036,0.28665085718895
809,0.186164429747441,0.245016567251058,0.120576404110038,0.203152262027219,0.239983419080561,0.258594709079987,0.208309138506914,0.287918283068377
810,0.187049308110827,0.24619616450014,0.121124243403572,0.20393349815206,0.241034081098954,0.25965530603757,0.209253750814647,0.289168181314735
811,0.187924218101777,0.247409111300756,0.121643891313283,0.2046859852644,0.242052615903021,0.260717732486257,0.210212201430258,0.290415187018986
812,0.188802013926944,0.248618420436706,0.122176507224479,0.205429573002798,0.243025317146877,0.261821013343595,0.211129785839999,0.29168058211533
813,0.189688657625902,0.249800697386699,0.12272238424081,0.206195369761875,0.244022014133578,0.262923558730663,0.212067139227926,0.29297778861832
814,0.190557624545645,0.250965642764816,0.123267234434213,0.20697064274211,0.245043060482668,0.264014454469126,0.213029081358631,0.294281867722223
815,0.191351744106453,0.252155397819528,0.123782069241116,0.207701237226908,0.246024571233921,0.265110579767894,0.213970547579156,0.295531780424636
816,0.192236014598268,0.253353765722329,0.124339033088438,0.208461485165982,0.247017558361217,0.266205824822449,0.214920699046249,0.296751621658012
817,0.193129313548611,0.254559929679134,0.124893167347295,0.209212581728704,0.247993172861192,0.267301314724379,0.215872779478177,0.297993582652118
818,0.19392620378318,0.255768721861661,0.125391858299205,0.209910931981439,0.248923394648343,0.268395658251845,0.216813865086614,0.299296672800568
819,0.194802643966927,0.256922528082962,0.125934244224235,0.210667374605808,0.249904077009725,0.269452757343133,0.217741611399456,0.300564511192911
820,0.195716723620205,0.2580911042833,0.126496860077541,0.211444289268621,0.250903469528354,0.270527541459483,0.218682132291951,0.301835404044978
821,0.196614141330649,0.259298946649697,0.127053316299684,0.212208620486833,0.251884982186973,0.271626798365949,0.219641045722621,0.303111969234635
822,0.197435980649712,0.260472261465698,0.127584302757765,0.212950965652987,0.252810961068874,0.272649954078846,0.220582640993939,0.30430504267121
823,0.19825427561446,0.261657165958412,0.128110581576657,0.213686745678738,0.253758237131185,0.2737230240211,0.221520991600763,0.305522248459666
824,0.199095454502908,0.26285244923385,0.128635674012278,0.214417262894915,0.254725505570971,0.27482509250481,0.222458264475691,0.306793030408031
825,0.199963886285997,0.264033701648509,0.129157858004225,0.215140285263929,0.255675411523798,0.275871296509409,0.223392600685241,0.308100300096423
826,0.200865442742968,0.265198519123974,0.129718207048743,0.215908599052851,0.256653360081228,0.276959166830444,0.224353935527848,0.309365329211199
827,0.201756478556251,0.266355877833834,0.130276130464938,0.216667924679978,0.257617660135521,0.278034521294781,0.225304283672173,0.310599779009105
828,0.202602001868968,0.267510654227316,0.130800593238768,0.21737395594397,0.258536838967307,0.279059336124917,0.226211226147291,0.311823441099511
829,0.203416719914285,0.268653792684165,0.131333253710923,0.218067297917866,0.25945601893335,0.280120878711413,0.227089008820024,0.313035053938591
830,0.204233487067887,0.269786496594304,0.131857958885052,0.218752875911691,0.260365826028653,0.281169394550718,0.22798271376007,0.314224066253932
831,0.205069018295118,0.270912479441559,0.132381581969908,0.219449597062063,0.261272790466926,0.28220000687937,0.22890563088945,0.315415648820699
832,0.205926302520662,0.27203915585578,0.132932636158334,0.220189860675645,0.26219892656776,0.283248814539532,0.229841632120031,0.31666880015706
833,0.20679104785852,0.273197606133179,0.133497036842232,0.220940589729825,0.263114824123689,0.284305632355012,0.230743291657841,0.317912039670929
834,0.207665838666209,0.2743551573134,0.134056111020173,0.221679049344923,0.264028846488945,0.285360990699536,0.231661483064,0.319141951294032
835,0.208546428435248,0.275478017218154,0.134590860330977,0.222388308363766,0.264953586482713,0.286404975796712,0.23263919943091,0.320366861092632
836,0.209365631574944,0.276616271810563,0.135081730240018,0.223057171330887,0.265865441913508,0.287421577044921,0.233522503460229,0.321546779723323
837,0.210177624684612,0.277778296032425,0.135596762044467,0.223742783763013,0.26675995999955,0.288460560144805,0.234436018966363,0.322745728683874
838,0.211013730876048,0.278949831131527,0.136155924666337,0.224467080886902,0.267654842592516,0.289523802447099,0.235412864088803,0.323979258636938
839,0.211862268164098,0.280082160133938,0.136699580372058,0.225195669628399,0.26860711550896,0.290530357915713,0.236322030244751,0.325177637069704
840,0.21269408400905,0.28119304732016,0.137232313481867,0.225897928311192,0.269493556314294,0.291528988031203,0.237200017279617,0.326373522761001
841,0.21353541813279,0.282321369595833,0.137769350369356,0.226594960149751,0.270359132321192,0.292549015501421,0.238082798198643,0.327593299400843
842,0.214423450350013,0.283502079226447,0.1383270497796,0.227322470160843,0.271303621238645,0.293606748906814,0.239004960237904,0.328850368653515
843,0.215260844883469,0.284616985491994,0.138860595207905,0.228007344108597,0.272224170764237,0.294641012500759,0.239918603479059,0.33003229212306
844,0.216039429937123,0.285700983260038,0.139360840798134,0.228676945082212,0.273113295243435,0.295656445025611,0.2408274162253,0.331191814683862
845,0.216799072830654,0.286795959960863,0.139845906654553,0.229353402194481,0.273975948659379,0.29666384429009,0.241735066763216,0.332377634745969
846,0.217673668921116,0.287915117199957,0.140389296371121,0.230012321631356,0.274811895246231,0.297659933793201,0.242629869056385,0.333580426183647
847,0.218520297487169,0.289014364204994,0.140928874772894,0.230696628650906,0.275655101224773,0.298684075020781,0.243487324426108,0.33476855296735
848,0.219315005218183,0.290099584196902,0.141449279955233,0.231396200819465,0.276508369865995,0.299710710399907,0.244333820516569,0.335932918666077
849,0.220109667665365,0.291206816653694,0.141966445960047,0.232068861747009,0.277354620523038,0.300676697852378,0.245228081123329,0.337082750572095
850,0.220933917388187,0.292294892722393,0.142531888640679,0.232743086012735,0.278201575696363,0.301663357132637,0.246141714824357,0.338263853178778
851,0.221752603108131,0.293382145380098,0.143098758899521,0.233426351858284,0.279048650731752,0.302669887036981,0.247053932047742,0.339453344701625
852,0.222543934186639,0.294481867966767,0.143629121739519,0.234120932312566,0.279901573924897,0.303673718546125,0.247948722811865,0.34061991407516
853,0.223387162974746,0.295555292576122,0.144192080440609,0.234835035099757,0.280801031408671,0.304637317652588,0.248827399597801,0.341755035940369
854,0.224181970655696,0.296598855767782,0.144690002416095,0.235487966004263,0.281658797227133,0.305578145334529,0.249664960485586,0.342868237136216
855,0.224949852838678,0.29764735710542,0.145158815976483,0.236108631123391,0.282480121449987,0.306538261650824,0.250493479394419,0.343985273805618
856,0.225829107124263,0.298770645499642,0.145762528302539,0.236831458732197,0.283360259489438,0.307580998376813,0.251398366653648,0.345145581445431
857,0.226668101082082,0.299913117813032,0.146322431569415,0.237535798137032,0.284207229592422,0.308608583758076,0.252299530839495,0.346335961457549
858,0.227431645373841,0.301018984289533,0.146818571669978,0.238197373286326,0.284997671410538,0.309580668705837,0.25317397970751,0.34749104161755
859,0.228151531635664,0.302060585643988,0.147288925468234,0.238831210881784,0.285753865915755,0.310497337545873,0.254025345999741,0.3485691449566
860,0.229009076891504,0.303136971602635,0.147827913544893,0.239513301465545,0.286614633693175,0.311452110593733,0.254904059570612,0.34969425072561
861,0.229868108587555,0.304202554078756,0.148365918926281,0.240158794526981,0.287468351288783,0.312449522314611,0.255794013662155,0.350867004669189
862,0.230657207015411,0.305240756378991,0.148877683247934,0.240755252217201,0.288272736088745,0.313441681821029,0.256660216249132,0.35203560641472
863,0.231405247334738,0.306280577613126,0.149406641073214,0.24139521133748,0.289092565934877,0.314310861959954,0.257442272404658,0.353081380899577
864,0.232162770991452,0.307316565312401,0.149916503837204,0.242036084911616,0.289856542256939,0.315253948456657,0.258265044657765,0.354158748814035
865,0.232951795312695,0.308360770137305,0.150431043104542,0.242687026500263,0.290617109778597,0.316260180046107,0.259121208703146,0.355289582882105
866,0.233769643897747,0.309414460290012,0.15098317756476,0.2433661497736,0.291448068460795,0.317248456429051,0.259961657112123,0.356439802878542
867,0.234540195903346,0.310379054517964,0.151534869126558,0.244051777116304,0.292275955997096,0.318185075410992,0.260782949844496,0.357529245180656
868,0.235332056548656,0.311376524795901,0.152062040477749,0.244726851614897,0.293108902208212,0.319126541280044,0.261648932813514,0.358636880466892
869,0.236167032501078,0.31244797560172,0.152563772010889,0.245382654247959,0.293935028363567,0.320087397159246,0.26255025794359,0.359786408780507
870,0.236971529285381,0.313470279388967,0.15307418428811,0.24602336616203,0.294695065843054,0.320992504374119,0.263335663619434,0.360887488535247
871,0.237781519254131,0.314525993281495,0.153602892028824,0.24664913760996,0.295463067154158,0.321961870520835,0.264201692343406,0.361985532087594
872,0.238594509163374,0.315597459240932,0.154156075063795,0.24729013861073,0.296264784082745,0.322956475680886,0.265114394580748,0.363081434850776
873,0.239397543794409,0.316634475752807,0.154725761381999,0.247977157126374,0.297093346676076,0.323882133605813,0.265956646641117,0.364164208806909
874,0.240206186503413,0.317663535842554,0.155229623033654,0.248642880772972,0.297847609757031,0.324775303829083,0.266759901144602,0.365257927689297
875,0.24104137331187,0.318681478439354,0.155736225231559,0.24931568402643,0.298631378631315,0.32570008639133,0.267577204190735,0.366379858589626
876,0.24188972157192,0.319687476438187,0.156277590867209,0.249987991938374,0.29946735775151,0.326667772838841,0.268425376399899,0.367514136121658
877,0.242664171969633,0.320691883011635,0.156779070385453,0.250548899213535,0.300162451375302,0.327579582297343,0.269247582669553,0.368579033529706
878,0.24345453410213,0.321726043604431,0.15730065529708,0.251140003108977,0.300903314057119,0.32850275360239,0.27006323428148,0.369663639519344
879,0.244262506772111,0.322743065472225,0.157832863482698,0.251792495237551,0.301700152398535,0.329450441193904,0.270881495083605,0.370758079596605
880,0.245059234755005,0.323674199550475,0.158340445686078,0.252476088191835,0.302481505328959,0.33040455671091,0.271709842649611,0.371817277944322
881,0.24592207263198,0.324634144043614,0.158856621939284,0.253087338386414,0.303204072535882,0.331276883427818,0.272557611873517,0.372912721702464
882,0.246781477954368,0.325626735765935,0.159385150836898,0.253712173175139,0.30392212201468,0.332142597100748,0.273407332599724,0.374015983083823
883,0.247594560409002,0.326634002933225,0.159920419419865,0.254393458263503,0.304676773976392,0.333049740296696,0.274233412156219,0.375092863977867
884,0.24841377691308,0.327622113819742,0.160442123413053,0.255021912039726,0.305451770877574,0.333932066439895,0.274981560510769,0.376115187429964
885,0.249236378984859,0.328611068481816,0.160976270873157,0.255666458446648,0.306249711294347,0.334893559974954,0.275826942763411,0.377162613082328
886,0.250059429336645,0.329605096785774,0.161523404996358,0.256317813535132,0.307045432525572,0.335882059903152,0.276727289047214,0.378231459308266
887,0.25087791014079,0.330596268326338,0.162068711704174,0.256935274301347,0.307803853270112,0.336773364923862,0.277533074971268,0.379277976130866
888,0.251682493164736,0.331528554172771,0.162579112878619,0.257559770656833,0.308545336230029,0.337616020027654,0.278280483835618,0.38033302739642
889,0.252502242727788,0.332441614136181,0.163095692498422,0.258206156621681,0.309283310609525,0.338475250863678,0.279040096026376,0.38137756080908
890,0.253340796813141,0.333379326569884,0.163625534061942,0.258855883774866,0.310016736080932,0.339380130630473,0.279847005469175,0.382400741314959
891,0.254123939969504,0.334366417478275,0.164061069813891,0.259409833948533,0.310703230054231,0.340272430007574,0.28064289062785,0.383415461731601
892,0.254937237500219,0.335370640925119,0.164543240995978,0.260006346314181,0.31143103024984,0.341160653243848,0.281443157252004,0.384485274826118
893,0.255783315328336,0.336346367649743,0.165091422916952,0.26065577820486,0.312200823919122,0.342041614401744,0.282237896279482,0.385576155991347
894,0.256620868258677,0.337252700312889,0.165654581824586,0.261299814667894,0.312962643262671,0.342911297539495,0.283007871495016,0.386607064341274
895,0.257442687140483,0.338189325386469,0.166169163377228,0.261922175621729,0.313676698490886,0.343802983041232,0.283767108884356,0.3876280462844
896,0.258255904601592,0.339161926079751,0.16666731245236,0.262542663852713,0.314396235103895,0.344685808598137,0.28452734962205,0.388659792442678
897,0.259050881813006,0.340136279982198,0.167173480526174,0.263158711696331,0.31514171836449,0.345535740269305,0.285294933151848,0.389696476669916
898,0.259755905516043,0.341011221388169,0.167655343575075,0.263687238194387,0.31582394143045,0.346352515419373,0.286065672089512,0.390675632260829
899,0.260545909139029,0.341901577001736,0.168173390802862,0.264299626257824,0.316523673968815,0.347232145695462,0.28683109704518,0.391667110567952
900,0.261394840895582,0.342853530866124,0.168718613942003,0.264968434913363,0.317228344440508,0.348165599583161,0.287639633836789,0.392703423115224
901,0.262181101000138,0.343863546078274,0.169245450096668,0.265575186020225,0.317890461721095,0.349083655365892,0.288537771686075,0.393785125236508
902,0.262933266004593,0.34478175928777,0.169727420930118,0.266176041351771,0.318577521122729,0.349915744250451,0.289259341913323,0.394779030532148
903,0.263679056468323,0.345676271426311,0.170201058687515,0.266779187559326,0.319294758464051,0.350745532852756,0.28993884848939,0.395773850527306
904,0.264447286491404,0.346610436956916,0.170692773951335,0.26739469028716,0.320037572867947,0.351619886259427,0.290685422248156,0.396814294341318
905,0.265277567033565,0.34758798183652,0.171188390786204,0.268053077441973,0.320807317955929,0.352468285430418,0.29145981140156,0.397794166958474
906,0.266050494793348,0.348515624860677,0.171717503747139,0.26868405724413,0.321519966440369,0.353309264585122,0.292174392617241,0.398757911590522
907,0.266789780065525,0.349373625182493,0.172255784283979,0.269282165731034,0.322181831173968,0.354129488010406,0.292858896685316,0.399703714459435
908,0.267572741324203,0.350194988760373,0.17276217137791,0.269873479411915,0.322843141890364,0.354920841950226,0.293590736205017,0.400627933373449
909,0.268329614573721,0.351115086231621,0.173272033805577,0.270468149081137,0.323513745447276,0.355807603075991,0.294340514575027,0.401650507512319
910,0.269072809673696,0.352036084901404,0.173779159957318,0.271069779426608,0.324184668249674,0.356689879613453,0.295061246355655,0.402642375883052
911,0.269818559519221,0.35289629177579,0.174265726661153,0.271672470086487,0.324856158395829,0.357499432900907,0.295738059036656,0.403543887004402
912,0.270579375146396,0.353736016474049,0.174696151607792,0.272254868897111,0.325553719069615,0.358258213131747,0.296412544832824,0.404454784403156
913,0.27132334124523,0.354633586733309,0.175165000934368,0.27286913739058,0.326228748451587,0.359050796968435,0.297129682952416,0.405441735399884
914,0.272047496184067,0.355562871008104,0.175663651965784,0.273487421761542,0.326875248296789,0.359904518461122,0.297873774308205,0.406457213599333
915,0.272765533083734,0.356454333564699,0.17614920794088,0.274061591143263,0.327503869327295,0.360798922998172,0.298602490522006,0.40741353301063
916,0.273520895759422,0.357278596117429,0.176644105534741,0.274625650831833,0.328113319632331,0.361615309843254,0.299306599610061,0.408323434876646
917,0.274268763136194,0.35808232490265,0.177127480895332,0.275199238740713,0.328754742944316,0.362368781006799,0.299949131356741,0.40921577308823
918,0.27498421502106,0.358915711917044,0.177583255849264,0.275792405412168,0.329431311163168,0.363115277996722,0.300557101787143,0.410140299590283
919,0.275678638979195,0.359828117396751,0.178004121743562,0.276404556363249,0.330077152523357,0.363953435293658,0.301247524750791,0.411177764231842
920,0.276384376683913,0.360709998556568,0.178489613934725,0.277016598997124,0.330739199040665,0.364775019428418,0.301924938605693,0.412098164008568
921,0.277110639836057,0.361544268183717,0.179014776545935,0.277611239017308,0.331397185493057,0.365543105012131,0.302571486285579,0.412950518221122
922,0.277857102604169,0.362342427931015,0.179522678213445,0.278180457927372,0.332020702353771,0.366263374128542,0.3031944510699,0.413843480236218
923,0.278632540603346,0.363092178002274,0.180011974054108,0.278748346202956,0.332622751779346,0.367023582269844,0.303805789969328,0.414727645162783
924,0.279345476957042,0.363851418719475,0.180490089794812,0.279320412529422,0.333223866803853,0.367772927157117,0.304397619225772,0.415576113159892
925,0.280018047075735,0.364658932914643,0.180955922840731,0.279899270227199,0.333843474505425,0.36851017391014,0.304992631423389,0.41642028418918
926,0.280784473126223,0.365527439493683,0.181400324283332,0.280484300436961,0.33449666188122,0.369287680592006,0.305643132193197,0.417346722945655
927,0.281442515544548,0.366298184075572,0.181818301343861,0.281008643768408,0.335080380025693,0.370006979691058,0.306278404372543,0.418215835313134
928,0.282106193786658,0.366996160256062,0.182281967174864,0.281539991828655,0.335643662506067,0.370721290400467,0.306863531891859,0.41905288962994
929,0.28286402747708,0.367686759685161,0.182812216597063,0.282128909627562,0.336235007834227,0.371478050925082,0.307396234865319,0.419894657600886
930,0.283481397634439,0.36841526558027,0.183205102103104,0.282666640827692,0.336778016196357,0.372191856667359,0.307944093490953,0.420689179618638
931,0.284148439482117,0.369094466515071,0.183665504061312,0.283227341015029,0.337342613917868,0.372902201444425,0.308483443105037,0.421444820327139
932,0.284845356733726,0.369747644632886,0.184162838671068,0.283781775775217,0.337893020319561,0.373595664880078,0.309004850440984,0.422171206814664
933,0.285432726775452,0.370466437435375,0.184527282558482,0.284244907873439,0.338336639331268,0.37423293733736,0.309511023015554,0.422888369197032
934,0.286153598796502,0.371183654939661,0.18496331398012,0.284741849769101,0.338805844490606,0.374895424896135,0.310029870728079,0.423704047845654
935,0.286868751856557,0.37191427647625,0.185425784953997,0.285293098904366,0.339327191680778,0.375593513328515,0.310559982865234,0.424522825235392
936,0.287476555313703,0.372660230475138,0.185868540517631,0.285864174768239,0.339873072023665,0.376303805861986,0.311084775096438,0.425276399916885
937,0.288075752641811,0.373380651968945,0.186329379435024,0.286335439091948,0.340332763154451,0.376957681721663,0.311565686593379,0.4260237677746
938,0.288691573657519,0.37403236264136,0.186765850098234,0.286827602273966,0.340831764863123,0.377615262665707,0.312058713531821,0.426785743134166
939,0.28932173834295,0.374608040827446,0.187172894208075,0.287350578081813,0.341339210650067,0.378231711976541,0.312514622857542,0.427495447898739
940,0.28994845381697,0.375141346059783,0.187566912936044,0.287863582003966,0.341782671301724,0.37876200435899,0.312875997250875,0.428088235382614
941,0.290566438945891,0.375776017990971,0.187980968167181,0.288302587431939,0.342268876961947,0.379437530178899,0.313322352990665,0.42877044513617
942,0.291173752322187,0.3764326170941,0.188414297843907,0.288769293637691,0.342694340085568,0.380109589954272,0.313782457349666,0.429475324228672
943,0.291753109103591,0.377011341879519,0.188845017160459,0.289282260373761,0.343056287606132,0.380686789143214,0.31420534033439,0.430123804391326
944,0.292266655317595,0.377413392723648,0.189228659430178,0.289736665245803,0.343498365987855,0.381191143694385,0.314592397004,0.430651106081764
945,0.292895319252997,0.37794072025705,0.189648669073265,0.290220846060139,0.343932813809119,0.381726310156069,0.314909553337043,0.431237821238729
946,0.293495092681288,0.378486111967555,0.190024469911698,0.290643922655792,0.34428265558871,0.382236671053721,0.31519821270034,0.431831518557935
947,0.293942773115153,0.378892309062821,0.190303993724951,0.290948215319126,0.344522784528503,0.38267254975182,0.315501508126236,0.432335287734315
948,0.294521552311056,0.37923687295184,0.190694377307576,0.291356708918194,0.344791181814192,0.383169573263732,0.315792985765824,0.432720011059561
949,0.29510719802325,0.379670826972242,0.191112859717198,0.291804013608412,0.345119463230461,0.383719774131581,0.316064821964757,0.433220091198308
950,0.295636737776656,0.380101467345116,0.191499446022266,0.292216331900364,0.345459786405786,0.384222730319205,0.316257736368278,0.433743927329421
951,0.296105616449725,0.380298188712635,0.191824686530749,0.292531754828482,0.345711244796237,0.384541840513258,0.3163050939807,0.434003573742135
952,0.296606809190121,0.380640299987257,0.192189803988585,0.292883416434027,0.345877822488382,0.384933998276989,0.316483683395953,0.434395255073598
953,0.297137376913969,0.380984754953059,0.192573983510226,0.293268989626911,0.346103606137389,0.385318589091373,0.316653395880647,0.434775198955411
954,0.297658935234709,0.381218463133811,0.192948891960946,0.29365632876886,0.346425346226507,0.385630509932787,0.316713105970689,0.435041076189933
955,0.298086270204633,0.381432615652279,0.193312983813706,0.293992691337455,0.346622898170516,0.385925240855167,0.316752502847947,0.435318305249333
956,0.298588130200573,0.381743053370741,0.193616397672988,0.294377483654976,0.346881534317664,0.386348012246333,0.316938199051023,0.435752809750227
957,0.29913598058785,0.382108140464354,0.193891493165213,0.294764902628245,0.347134130947873,0.386852033415201,0.317159033851149,0.436195132009576
958,0.299643363208677,0.382445061760385,0.194198384281564,0.295083684136339,0.347278087542735,0.387322914658541,0.317257794319974,0.436461501153612
959,0.300138473997868,0.382817563732125,0.194544532743207,0.295416586250853,0.3475014382511,0.387741610871299,0.317443697166523,0.43683294433655
960,0.300658333668397,0.383264986242464,0.194980900736743,0.295835518201841,0.347830639283163,0.38816892040988,0.317701153305957,0.437260688436629
961,0.301214172020522,0.383748625257746,0.195466749023199,0.296317740057695,0.34821500537821,0.388631152392372,0.318028256080468,0.437727628059254
962,0.301787323702838,0.384162699669126,0.1958775184321,0.296752090004988,0.348544847567382,0.389112948150483,0.318438655458185,0.438257824870694
963,0.3023236629223,0.384604601202751,0.196292082941984,0.297178953460857,0.348945572274649,0.38956832383988,0.318801789628362,0.438767830766198
964,0.302785283499528,0.385017572477578,0.196620165861795,0.297542401606584,0.349290304691508,0.389999636351208,0.319131825559968,0.439270407023885
965,0.30321311950936,0.385403471648344,0.196869587338288,0.297863334281313,0.349549428266413,0.390446368639699,0.319474851306538,0.439797698705123
966,0.303835003071654,0.385984344678975,0.197384488353567,0.298406294139537,0.35006444995651,0.39101429525389,0.319875962710144,0.440370684537056
967,0.304435974685602,0.38658806417482,0.197764391939076,0.298863250967633,0.350514580731476,0.391611306049225,0.320297119225625,0.441035396120872
968,0.304967881210018,0.387164416165086,0.198044573470922,0.299238576004921,0.3508530348967,0.392174852662432,0.320726088442463,0.441738259809043
969,0.305470622148265,0.38771853141291,0.198418895114375,0.299660384819055,0.351176506699785,0.392669557520178,0.321160319170351,0.442383834745209
970,0.306057345742688,0.388276208118296,0.198816416253804,0.300121046490553,0.351685861212521,0.393139297199186,0.321591650886604,0.442933060798681
971,0.306644204849828,0.388846442894125,0.19924923533947,0.300649672372184,0.352180907014777,0.393707385817424,0.322057436049142,0.443508694443101
972,0.307220149256385,0.389414721582843,0.199694226093967,0.301187564017316,0.352604967394174,0.394340537348212,0.322543413144582,0.444129818351155
973,0.307863158471211,0.389951319762932,0.200094742905214,0.301596308775506,0.35308521258382,0.394851440267459,0.322983838811341,0.444702698712624
974,0.308481577403228,0.390605381194424,0.200543328193734,0.302045276477925,0.35360150184741,0.395544221377318,0.323464031692152,0.445432289167411
975,0.309069611363971,0.391302252396691,0.20103860338347,0.302534241427414,0.354120888069894,0.396234350143002,0.323986731072562,0.446195718177916
976,0.309633892370536,0.39193474452745,0.201521470101082,0.303028688428001,0.354609184273386,0.396749070873818,0.324516119348429,0.446848265223918
977,0.310159766003942,0.392413581017399,0.201830289524506,0.303496956885674,0.355033290937433,0.397165799811896,0.324952981767086,0.447330291898817
978,0.310666282847389,0.39300778665907,0.202128365128345,0.303952270080671,0.355460203963267,0.397749670088327,0.325458770162461,0.447998208632357
979,0.311234574322114,0.393695975905513,0.202526074566716,0.304437893053361,0.355948662472098,0.398474071308108,0.326049703000019,0.44882444648785
980,0.31190999074827,0.394340507825547,0.203054861298916,0.304978308233244,0.356503765632949,0.399165092420042,0.326654828261814,0.449609914773916
981,0.31240640406029,0.394924723886008,0.203454348314659,0.305422799676224,0.35686551167121,0.399656250472022,0.327110093950285,0.450254447582822
982,0.312952215792292,0.395579859223308,0.203873109203614,0.305902562330704,0.3573440482572,0.400245570778869,0.327615402955001,0.450894733977959
983,0.313601990813714,0.396335340365581,0.204341790900121,0.306434396899351,0.357995863001703,0.400978242467041,0.328219201370598,0.451610218537079
984,0.314216693374395,0.397105213758296,0.204759521261077,0.306919436473338,0.358606787225143,0.401634094590157,0.328804294972696,0.452398327691138
985,0.314730999153524,0.397702317700427,0.205103134499652,0.307433991729739,0.359141950939355,0.402154498136473,0.329309231064106,0.453100127126865
986,0.315269599915775,0.398318376440556,0.205480407700445,0.307905699999012,0.359635452395743,0.402669768006151,0.329865394456972,0.45381190013113
987,0.315875994709079,0.399066149078704,0.205924430093211,0.30829753037213,0.360107274133945,0.403286243683891,0.330523559660724,0.454584917771855
988,0.316353117076139,0.399759889859949,0.206267348666586,0.308679344789244,0.360498816530532,0.403989684554619,0.331103277570981,0.455278675298343
989,0.316914867186176,0.400458129173615,0.206679175747917,0.309184832637072,0.361076884086992,0.404625972878774,0.331647102637492,0.45606396234907
990,0.317542723432547,0.40116800807451,0.207101175386111,0.309775393093475,0.361725870393901,0.405262627369418,0.332257338500996,0.456939605355252
991,0.318159578888709,0.401875670160603,0.207470508686614,0.310340607034742,0.362272324991291,0.405990207154235,0.332984779510137,0.457832622575635
992,0.318793977219757,0.402524800621114,0.208048188337233,0.310760522264511,0.362903690409358,0.406655418437273,0.333581739063011,0.458652505337564
993,0.319489723523087,0.403346607080181,0.208529013579557,0.311312011824799,0.363505981836166,0.407389642270537,0.334204143680613,0.45945626064939
994,0.320103080790294,0.404189269875743,0.20883549708222,0.311914189948859,0.363992638482443,0.408074414134535,0.334803757863145,0.46022221677447
995,0.320443990953306,0.404724468823868,0.20908691303035,0.312295956496022,0.364359518383573,0.408502437731722,0.335254167479021,0.460896032863044
996,0.32102090221197,0.405481445487536,0.209545598231788,0.312813460588111,0.365059407864296,0.409215652540112,0.336018184571486,0.461611315468038
997,0.321647638995844,0.406273590478209,0.209980655195637,0.31337914532811,0.365720112427745,0.409938929046413,0.336767118981033,0.46240255032892
998,0.322221874040732,0.407011233113762,0.210322775918339,0.313902619741028,0.366198134777715,0.410562053593356,0.337387537706279,0.463274077281446
999,0.32285026507834,0.407827131936709,0.21078014657175,0.314357062219845,0.366764789545442,0.411300564995216,0.33814899417129,0.464199449037121
1000,0.323392881786673,0.408562437817385,0.211144673685264,0.314701235195785,0.367266616949395,0.411964764098027,0.338705339819272,0.464949290201338
1001,0.323392881786673,0.408562437817385,0.211144673685264,0.314701235195785,0.367266616949395,0.411964764098027,0.338705339819272,0.464949290201338
1002,0.323974755976421,0.409282544521207,0.211617598600066,0.315096732342054,0.367771193044204,0.412523531986429,0.339284529097324,0.465792093036242
1003,0.324540628749739,0.410015054229854,0.212026086407971,0.31553676077345,0.36825693272708,0.413192232485867,0.33992213537241,0.466565526259194
1004,0.325065123227305,0.410745520213867,0.212451047701833,0.315861331390956,0.368717763137237,0.413910899707285,0.340629420220784,0.467250667319382
1005,0.325633358862413,0.411455188031999,0.212845869246214,0.316290745756943,0.369251067536418,0.414533277975101,0.341266558367069,0.468036415356546
1006,0.326210765987879,0.41214410464587,0.213146746385214,0.316819497544315,0.369783585680656,0.415138754697058,0.34186015684408,0.468791743281389
1007,0.326796392351398,0.41283981222131,0.213538574650973,0.317289108783212,0.370332439458645,0.415788356462553,0.342499828911201,0.469586915850354
1008,0.327396689248083,0.413504920249728,0.214016561567286,0.317771147558402,0.370977034864621,0.416373324332684,0.343138371970589,0.470497571232786
1009,0.327995007389952,0.414202641515532,0.214446243002896,0.318230459005719,0.371557070681789,0.416992921996229,0.343774656203337,0.471345734860149
1010,0.328600218465826,0.414906133896947,0.214881641414467,0.318644509237289,0.372089321150008,0.417660388385187,0.344411763245803,0.472139880042543
1011,0.329235796561245,0.415640293492863,0.215319186565057,0.319074363305082,0.37267908466854,0.418335577379345,0.345119440641147,0.473023222030128
1012,0.329766989636787,0.416332180924974,0.215734003586865,0.319583293725962,0.37323314741349,0.419001605486009,0.345749218162764,0.473867749975913
1013,0.330340018874431,0.417002972247543,0.216108300122196,0.320031270577662,0.373762769139602,0.419622853251102,0.346350890498663,0.474648210402845
1014,0.330840976396651,0.41771931554757,0.216500384208379,0.320515445721714,0.374208591835058,0.420294583127421,0.346995783843839,0.475463369088887
1015,0.331168932490758,0.418406983031606,0.216789725634159,0.321058091189653,0.374641512268009,0.420990768106184,0.347639585974005,0.476243222628954
1016,0.331638952812602,0.41913669154461,0.217019440662889,0.321500880834342,0.375123870867559,0.421614456236669,0.348212060277697,0.477042044086111
1017,0.332201638668602,0.419890484312078,0.217377566966729,0.32196859017616,0.375575199610186,0.422294579062957,0.348847981242005,0.47785202048765
1018,0.332777167416413,0.420632491033941,0.217753321331941,0.322372294119605,0.376070990626351,0.42294711754939,0.349501809481746,0.478622425980484
1019,0.333472265910812,0.42138189628308,0.21817806528966,0.322658906511257,0.37662160581175,0.423595520315735,0.35015004675461,0.479362051710497
1020,0.334100448453237,0.422096350271295,0.218600129524403,0.323074112651918,0.377176855843742,0.424214160230474,0.350792293548418,0.480117343157995
1021,0.334753912192004,0.422827629458481,0.219092030894537,0.323536360081562,0.377786068341329,0.424814585514836,0.351529993795632,0.480836856063437
1022,0.335306558498294,0.423503516919806,0.219500550344269,0.323942447402089,0.378306159243018,0.425396079863,0.352144872747048,0.48160037682062
1023,0.335775215482755,0.424090224780713,0.219886633054379,0.324432972371089,0.378800658850675,0.425905261056155,0.352629370046488,0.482431070838635
1024,0.336285406203245,0.424719167071957,0.22024741914053,0.324853469830189,0.37927643774099,0.426512438066354,0.35319331759081,0.483196294802977
1025,0.336784527781068,0.425320862419442,0.220561749068304,0.325195532259158,0.379640816293427,0.427146397043872,0.353734617005512,0.483962393416874
1026,0.337219713128782,0.425964202205718,0.22087191695468,0.325517695378336,0.380112143058241,0.427802828970696,0.354317812172651,0.484673146454043
1027,0.33769777233459,0.426692000330898,0.221202912821918,0.325881962910517,0.380619192052294,0.428567943117143,0.354936658749255,0.485329572322418
1028,0.338217374456227,0.427408803008564,0.221626137542127,0.326258329952422,0.381116657677444,0.429247731783152,0.355628728768707,0.486008739657121
1029,0.338765476051717,0.428041233706617,0.222076003442235,0.326628554402064,0.381674879893548,0.429784474931429,0.356236265154188,0.486697116252591
1030,0.339363902441459,0.428658014238487,0.222474652341157,0.327041543260095,0.382184725607284,0.430317887472195,0.356827149020039,0.487388802731731
1031,0.339906241851521,0.429273761626749,0.222815647853718,0.327460021346894,0.382672489572607,0.430850743204972,0.35741223859512,0.488086562289567
1032,0.34049878350569,0.429794781567859,0.223089561418083,0.327893982916553,0.38313442748656,0.431272484331041,0.357954117302079,0.488796859609414
1033,0.340991033568376,0.430403141795626,0.223398991616027,0.328303643261813,0.383615956145151,0.431831033909246,0.358510713242701,0.489481940424178
1034,0.341394828755268,0.431096168368449,0.223630496287622,0.328761098595419,0.384103850372959,0.432497457694951,0.359068377338821,0.490146036486476
1035,0.341828104867533,0.431714801664964,0.223965642000169,0.329133785860434,0.384523665249869,0.433071714871631,0.359629533071193,0.490840753123486
1036,0.342216883633618,0.432338456447477,0.224384710198195,0.329420294951154,0.384925434885542,0.433643845482409,0.360210660106177,0.491580977462532
1037,0.342672450300313,0.432914335264779,0.224766992307115,0.329805677652116,0.38534962115758,0.434214299012676,0.360768048880778,0.492260530978013
1038,0.343146164254282,0.43338303315913,0.225225850091426,0.330210352201927,0.385733249075748,0.434754325490137,0.361306646145779,0.492904417568675
1039,0.3436141667264,0.43396259540248,0.225595138905668,0.330573584121988,0.386119652246878,0.435291389086509,0.361857820268681,0.49357568876306
1040,0.34411367515549,0.434610640530998,0.225938099179636,0.33098298427626,0.386533506993448,0.435854839893817,0.362417924876497,0.494280340999536
1041,0.344625995533772,0.435175400243359,0.226179019997802,0.331338239071667,0.386904448890104,0.436368622762983,0.362927959542397,0.494848511931377
1042,0.345061259395322,0.435755108240549,0.226484569816792,0.331673694145005,0.387318819123712,0.436876211618785,0.363438356586646,0.495452231173985
1043,0.345519483762558,0.436358910349363,0.226789309476099,0.332012748945473,0.387704633716288,0.437416605444649,0.363977857237291,0.496126580971219
1044,0.346034863527541,0.436885428506213,0.227172393497976,0.332403365606614,0.388167031691975,0.438004011345629,0.364515987089566,0.496742232556003
1045,0.346500936515903,0.437444476395573,0.227591904075634,0.332824794767765,0.388642738053999,0.438582753143494,0.365075816025052,0.497411453169132
1046,0.346958291789716,0.437974133045393,0.227916191486637,0.333175893300892,0.389048557173131,0.439094239854132,0.365605875858604,0.498041633037273
1047,0.347427614942889,0.438569383701325,0.228185927147565,0.333495551652762,0.389430470438016,0.439571914350216,0.366171421051992,0.498715993423746
1048,0.34788765266714,0.43903530133307,0.228501500726666,0.333815784924303,0.389791311060576,0.440044751452776,0.366663074006012,0.499325216897337
1049,0.348307097320481,0.439378302254286,0.228769279885545,0.33408094268828,0.390081405264955,0.440445319287921,0.36707854861927,0.499841287503789
1050,0.348747990537069,0.439792598118352,0.22909635093486,0.334415544491577,0.390428114607937,0.440911719835477,0.367531063543561,0.500420683876116
1051,0.349238161961367,0.440186031796111,0.229510435754954,0.334773252280657,0.390795262302893,0.44143687747402,0.367974226626527,0.501052908130337
1052,0.349665720499213,0.440594190879742,0.229839964665286,0.335124844496382,0.391136479478492,0.441905919339336,0.368444281064425,0.501612690405801
1053,0.350047104879716,0.440992042423704,0.23015288742828,0.335541165129823,0.3915141542333,0.442338716447786,0.368930192609134,0.502158993113158
1054,0.35045039062108,0.441462515938694,0.230450054662759,0.335884611115885,0.391842957586168,0.442816227992769,0.369419858788029,0.502699879822913
1055,0.350810009151169,0.442004894267887,0.230673750595881,0.336190025493532,0.392116275331076,0.443311170384003,0.369966194693855,0.503227311372749
1056,0.351219842470349,0.442478353270414,0.230956795789153,0.336502537671701,0.392398829689278,0.443765994645254,0.370422055504286,0.503705577809644
1057,0.351665683907715,0.442981340790879,0.231275548242236,0.336804822042531,0.392635740439548,0.444227990220807,0.37082964604799,0.504127069843025
1058,0.352120779236802,0.443473355768536,0.231576120477112,0.33704914192909,0.392928175162217,0.444715013737586,0.371235732160057,0.504588209745744
1059,0.352560515889985,0.443854072076762,0.231858520059202,0.337347333861948,0.393277806448058,0.445092707530235,0.371638380218118,0.505100304571614
1060,0.352949955932538,0.444209299439792,0.232156337546377,0.337666679236459,0.393565879852912,0.445427499835754,0.372032324507918,0.505516267208308
1061,0.353360934587534,0.444607999797735,0.23245624955687,0.337954902548662,0.39387131718717,0.445838742221642,0.372438387907089,0.50598959001059
1062,0.353753765946664,0.445033774092848,0.232754225783132,0.33825609895461,0.394217870890112,0.446287489553708,0.372888124491538,0.506550488100536
1063,0.354127964821631,0.445412531473197,0.233012968226269,0.338511187646718,0.394498545621392,0.446665318362903,0.373303380600042,0.507019283298488
1064,0.354535830821414,0.445784492974122,0.233278110264518,0.338728036839092,0.394751865008542,0.447062365212843,0.373717679222058,0.507445267662846
1065,0.354874684072291,0.446138549962283,0.233520838808906,0.338956273054235,0.394989881378959,0.447424477869154,0.374075739326551,0.507855099863166
1066,0.355107540880941,0.446437925479109,0.233692533994493,0.339154560188578,0.395174334612905,0.447680498529061,0.374391807921628,0.508200548003483
1067,0.355440920810896,0.446784001490359,0.233919272011066,0.339375082416803,0.395401377473681,0.448024725438758,0.37472914164571,0.508603142811688
1068,0.355791400834229,0.44716933861724,0.234172636244006,0.339619973190508,0.39559571483122,0.448431361889356,0.375016761284533,0.50903273992323
1069,0.356143041983415,0.447516341156093,0.234431901062137,0.339833403807461,0.395848148940681,0.448803287020561,0.375343821495344,0.509425755015307
1070,0.356550484083329,0.447861693704104,0.234719976356405,0.340044444221864,0.396195270898966,0.449198439025157,0.375731035744371,0.509847143613996
1071,0.356932423073037,0.44819020649691,0.234972592221822,0.340243746552784,0.396470702271962,0.449556725875861,0.376081277788456,0.510231546483862
1072,0.357310657034954,0.448460944021663,0.235252469595293,0.340423674025397,0.396758158210838,0.449885263421328,0.376446170990661,0.510545052824886
1073,0.357661973823667,0.448772947472959,0.235466628544779,0.340592978970541,0.39699526904827,0.450204268900517,0.376744645289869,0.510884185383829
1074,0.358021401867107,0.449092162669483,0.235574797157647,0.340740722180625,0.397194057476785,0.450499694123174,0.37697093338729,0.511238799084603
1075,0.358341045306753,0.449463342302549,0.235758442451755,0.340887518085519,0.39731946368548,0.450806497167678,0.377228117508291,0.511584210051053
1076,0.358611738203157,0.449763102131988,0.235985205971392,0.341069993309019,0.397467009578124,0.451064430864403,0.377487867940604,0.511893813388898
1077,0.358886952697888,0.450058461884016,0.236193910546079,0.341271516604212,0.397680414485733,0.451309649456211,0.377738950725406,0.512197965880536
1078,0.359172004557136,0.450319045510158,0.236430812152757,0.341462538255723,0.397901627529705,0.451579887599197,0.378032051859483,0.512512930291386
1079,0.359445375477804,0.450494820388459,0.236765710003903,0.341698416306988,0.398167084612999,0.451859475481507,0.378414840992711,0.512830618928307
1080,0.359743004083249,0.450746037258743,0.236980490051502,0.341874542018291,0.398402155828511,0.452089851473976,0.378682711240731,0.513109463038384
1081,0.360076755332664,0.451015592982205,0.237116452562009,0.342018359562663,0.398671272872209,0.452308699352839,0.378903080492131,0.51336911307663
1082,0.36036053999782,0.451295886035698,0.237307342409661,0.342152569494639,0.398870681362952,0.452545642997952,0.379145236452772,0.513652362592622
1083,0.360618743551868,0.451635115605283,0.237467953612279,0.342260183012986,0.399025350386651,0.452734878168061,0.3793620692725,0.513940232121961
1084,0.36089588606404,0.451908229810204,0.237669755515257,0.342377845944413,0.39919226009634,0.452959106282798,0.379564517163021,0.514172487032161
1085,0.361126718253077,0.452161680049082,0.237913515939061,0.34246332129105,0.39930354730265,0.453245733932603,0.379755413991075,0.514388829552934
1086,0.361416075740566,0.452393867048012,0.238141867898346,0.342586721579623,0.399465769409588,0.453480968935654,0.37996373726066,0.514624429686807
1087,0.361790463237443,0.452589573206393,0.238373580008948,0.342762521086851,0.399696698715975,0.453681460806887,0.380165755171801,0.514815347960595
1088,0.362100790335877,0.452778461627752,0.238610390120311,0.342884372686109,0.399856193349323,0.453898412374827,0.380354658707116,0.515013810455481
1089,0.362404145052884,0.452937984146206,0.238882390077228,0.342973660740228,0.399954403382085,0.4541282500768,0.380587794981717,0.51525622798712
1090,0.362694230852074,0.453120410003128,0.239105110890141,0.343093949150241,0.400111117048586,0.454327646808036,0.380767081686532,0.515471328538476
1091,0.362985587595428,0.453313477842846,0.239323526701919,0.343221996173302,0.400262005038445,0.454527785697011,0.380906246983853,0.515664166448374
1092,0.363183651195143,0.453478765401998,0.239492028451893,0.343302419349574,0.400422675915088,0.454680906981319,0.380994368843674,0.515823656139947
1093,0.363420601299807,0.453658434096514,0.239669334418375,0.343417454505833,0.400583465317447,0.454870015719375,0.381132096873235,0.516005082865269
1094,0.36366716186245,0.453859089188104,0.239811060683091,0.343573241214206,0.400822441837939,0.455066434735631,0.381272994517029,0.516205950381372
1095,0.363885030421163,0.454035343145386,0.239968300615988,0.343694496777308,0.40095607740005,0.455218952505228,0.381405436031611,0.516385406530377
1096,0.3640633201993,0.454202547115445,0.240133211406072,0.34379811669428,0.401011743463164,0.455370139783487,0.381559554526214,0.516568142388244
1097,0.364295252470714,0.454355735716266,0.240291006641385,0.343906075921641,0.40111110972515,0.455511426835589,0.381686222472834,0.516708654057646
1098,0.364539586601408,0.454528834773942,0.240427503311708,0.344026846512354,0.401196398582475,0.455610566831301,0.381785661114983,0.516835962764692
1099,0.364780023141809,0.454632927109748,0.240584396142983,0.344113468318908,0.401291775099637,0.455716185498295,0.381889464528388,0.516935472849839
1100,0.36505960435868,0.454651180493909,0.240746196794002,0.344162680498641,0.401389920577733,0.455815444282065,0.381987902685583,0.516951675714033
1101,0.365298967626594,0.454745508243893,0.240920374447937,0.344242692020476,0.401504788449228,0.455942917529089,0.382091280937405,0.517056434787091
1102,0.365514305780724,0.454852837564311,0.24111872179241,0.344315938039851,0.40162060263896,0.456089675366959,0.382203369981298,0.51721659639645
1103,0.36572994669457,0.45493727242846,0.241296768890247,0.344403349883051,0.401745336613991,0.456201384334635,0.382296413409441,0.517324974921208
1104,0.365906213813754,0.455051818417615,0.24148070833652,0.344532664851154,0.40192778405464,0.456319086957035,0.382352798462538,0.51744408658297
1105,0.36613146990811,0.455162982302586,0.241653627453285,0.344623955383688,0.402048429633176,0.456436541101212,0.382457245751539,0.517564862691499
1106,0.366425253614096,0.455233309415044,0.241821513011466,0.344705931223437,0.402161627120634,0.456508600418857,0.382608381342997,0.517667099967404
1107,0.366643749828681,0.4553155106989,0.241969649699658,0.344772099901986,0.402232406217054,0.456596678155824,0.382704694877785,0.517743669672966
1108,0.366862007576351,0.455440601585525,0.242111639953279,0.344825827706074,0.402246845361574,0.456698790470516,0.382801055936248,0.517838394100855
1109,0.367046278424489,0.455542783548365,0.242225261464308,0.344850752523517,0.402249118172174,0.456847326730762,0.382906409544956,0.517906492107903
1110,0.367218087048379,0.45561384284144,0.242361754110258,0.34488298643885,0.402254492021621,0.45691802971355,0.382969491434172,0.517955052616794
1111,0.367301546657278,0.455657049329727,0.242474213134284,0.344887281323226,0.402204337719986,0.456947336078864,0.382964314376315,0.517947831359576
1112,0.36748177942643,0.455703866318558,0.242630174057923,0.344943958663155,0.40225925130398,0.457006983353149,0.383002764005755,0.51798322267609
1113,0.36772602243465,0.455735475149767,0.242844696502216,0.345035366516429,0.402377423270247,0.45704681859182,0.383065038433131,0.518036495460316
1114,0.367907718629656,0.455761440696409,0.242985384473028,0.345083417558646,0.402443670620195,0.457094079988798,0.383093475419909,0.518068914975614
1115,0.368099502364231,0.455803168026185,0.243107291449471,0.345153097370946,0.402580983459057,0.457167720197435,0.383124930781454,0.518135332193586
1116,0.368260308887351,0.455790995768152,0.243230526488763,0.345186776956324,0.402615401541598,0.457216086049376,0.383112740871213,0.518111793197993
1117,0.368364720008785,0.455752571492308,0.243304586178942,0.345159209058538,0.402551351064332,0.457251413217827,0.383068445557784,0.518038475227492
1118,0.368503686104546,0.45569184112611,0.243413064335495,0.345170480504241,0.402534941829186,0.457269500906182,0.383018624457297,0.517960904918499
1119,0.368653201613171,0.455597569401278,0.243563134988406,0.345205572068361,0.402514566880153,0.45730390111629,0.382953843340528,0.51785046435551
1120,0.368796163372663,0.45548965655946,0.243676890990125,0.345218177780525,0.402477590416893,0.457285902096721,0.382860541409843,0.517705692610586
1121,0.368956915051098,0.455373528007753,0.243781055590469,0.345247990423821,0.402483918143508,0.457229531852503,0.382757683450376,0.51754474650387
1122,0.369092237831469,0.455225126589678,0.243875134333495,0.345238387309403,0.402413445673565,0.457156943137108,0.382627270861323,0.517363794681524
1123,0.36925384003999,0.455095800099355,0.243958779936433,0.345210615202751,0.402303524081566,0.457078214959924,0.382504798365501,0.51717429584602
1124,0.369345281656132,0.454872414352785,0.24402533838112,0.345155478652035,0.4021532937561,0.456943003919265,0.382299708277505,0.516909584769141
1125,0.369396984169747,0.454592936682681,0.244079379248229,0.345075686366408,0.40196173721557,0.456771547301753,0.38204594221515,0.516603180460827
1126,0.36941774809318,0.454287440005185,0.244124672621475,0.344973552083844,0.401725112121508,0.456587912161747,0.381771247220659,0.516308207624806
1127,0.369404128108546,0.453871564738263,0.24415672136185,0.344839202823657,0.401453040659959,0.456322441919111,0.381409300292618,0.51586414607249
1128,0.369330152250378,0.453362218158368,0.244176369196279,0.344678542936369,0.401165682690395,0.455986821859448,0.38096811024053,0.515316086567285
1129,0.369263886216204,0.452817916739511,0.244176990618679,0.344495379358521,0.400784856837623,0.455639732410436,0.380489624431483,0.514736631183423
1130,0.369188648238937,0.452241230029855,0.244166150010476,0.344274162715,0.40034360376483,0.455284654865611,0.379995178307475,0.514112203376821
1131,0.369082287905531,0.451537101874606,0.244141679997007,0.344055607981482,0.399861859745224,0.454816423893991,0.37937248438249,0.513372016143611
1132,0.368964318979487,0.450765778500893,0.24411909143626,0.343868438794619,0.399334637999935,0.45431276889029,0.378689615977859,0.512577276872192
1133,0.368801994036109,0.449902181046377,0.244039358329964,0.34356844037662,0.3987253002804,0.453710714913666,0.377897619816476,0.511674661178161
1134,0.368605520389198,0.448923678430454,0.243933873290626,0.343206776606843,0.398057460514345,0.45299566553141,0.376952962968498,0.510682515340346
1135,0.368389649626308,0.447890994458088,0.243804457712163,0.34283818089452,0.397347741530508,0.452247378307063,0.376030389068394,0.509573557532277
1136,0.368160384193424,0.446785975563472,0.243620692951893,0.342391975609092,0.39655672818145,0.451400294446215,0.375068615440272,0.508329757259443
1137,0.367875157207621,0.445628142262468,0.243438055201304,0.341951271089677,0.395738467976847,0.450580775798607,0.374041670638066,0.50707628054286
1138,0.367542140281257,0.44438186450043,0.243244529544934,0.341530067656444,0.394908142345087,0.449743332814078,0.37300006913061,0.505711544203871
1139,0.367202722057212,0.443109674300551,0.243040452867421,0.341063423840224,0.394009113987162,0.448863412847285,0.371880276350465,0.504336982262375
1140,0.36682057111027,0.441814286204295,0.242816958918265,0.34054828406018,0.393022921980063,0.448031957327853,0.370658971632597,0.502999764516241
1141,0.366425009344872,0.44044682631413,0.242587411992399,0.340025289134941,0.392036105218296,0.447081158285022,0.36941981732088,0.501545036867073
1142,0.366015691201366,0.439024714400401,0.242350084996428,0.339485007563995,0.39102208293886,0.446055671878459,0.368142567146436,0.500016219850425
1143,0.365603557332876,0.437525400504674,0.242104054178307,0.338918486039151,0.389960284298484,0.444922658532456,0.366794367886198,0.498383006723613
1144,0.365170345610033,0.43607638349368,0.241860256349465,0.338368254158761,0.388915017445831,0.443849902402808,0.365522235761752,0.496809956517052
1145,0.364706591202029,0.434553119501421,0.241599954712037,0.337803286273579,0.387844318085445,0.442686444540637,0.364220850388525,0.495143585411034
1146,0.364248387967573,0.43314698534242,0.241365175088322,0.337254405604602,0.386818245549317,0.441654627481745,0.36299736707309,0.493609594397457
1147,0.363766294257845,0.431784855806937,0.241153088187952,0.336708482471921,0.385778378177506,0.440693835386706,0.361825453362446,0.49214776445373
1148,0.363328507883118,0.430466000456568,0.240909597016759,0.336178279300468,0.384799790120626,0.439713106911094,0.360670414447004,0.490669405281163
1149,0.362891877494964,0.429190308602645,0.24065427139736,0.335640224484712,0.383850793030634,0.438751816420715,0.359509692273218,0.489181836701629
1150,0.362477942840869,0.42795424704088,0.240417124123297,0.335143888285013,0.382949355799036,0.43782581427779,0.358451531519369,0.487796950302585
1151,0.362076810607174,0.426735314905186,0.24015022078296,0.334659424961426,0.382077103325858,0.436885591365448,0.357431727628012,0.486397628660375
1152,0.361723703653148,0.425607528383604,0.239930829919766,0.334218398732866,0.381255886928823,0.436025411201163,0.35649503086316,0.485152821718347
1153,0.361394065173004,0.424529458666988,0.239736507722176,0.333814506698777,0.380470139274018,0.435219412351423,0.355645713975248,0.484044428774591
1154,0.361084250707937,0.423518965328482,0.239567044065478,0.333428259704059,0.379746260305294,0.434456216689479,0.354840766534513,0.482964898363385
1155,0.360805924681518,0.422571014451159,0.239426749806103,0.333056585480154,0.379050918274362,0.433714150995838,0.354084508392189,0.481946384252117
1156,0.360566214423887,0.421700903550519,0.239294543230051,0.332735185320961,0.37843926145213,0.433056906769061,0.353395536933809,0.481014534540897
1157,0.360342996146077,0.420865220002946,0.239185063097689,0.332454145914904,0.37792655108891,0.432451300182951,0.352747206670644,0.48013629331913
1158,0.360150347087996,0.420140606964228,0.23908777799238,0.332187653396047,0.377417846240655,0.431916709369083,0.352189820963668,0.479343697740089
1159,0.360013255262491,0.419544347300723,0.238996465116141,0.331967136619884,0.376939676846169,0.431513049071135,0.351739604837266,0.478671012691817
1160,0.359886214710519,0.418972052127579,0.238923447969309,0.331756843177264,0.376523943360033,0.431080010909334,0.351303802545246,0.478023721527341
1161,0.359776280171481,0.418457040265688,0.238867114588694,0.331560854904895,0.376150197108372,0.430665830676706,0.350914294032263,0.477425849895549
1162,0.359680094651796,0.418024516285277,0.238833187267421,0.331368987240489,0.375803724538207,0.430277814679009,0.350590219615216,0.476872334042475
1163,0.359600463059266,0.417605612852472,0.238802994695959,0.331209702573254,0.37549851295646,0.429934240795103,0.350293660603309,0.476394048621349
1164,0.359541725222918,0.417202814202632,0.238768937290341,0.331075255294041,0.375264586511593,0.429573306666721,0.350014558554748,0.475952655296316
1165,0.359495378711486,0.416882518176019,0.238785333531872,0.330954731388969,0.375023200981048,0.429315570082502,0.349794962240632,0.475606502919856
1166,0.359459751393492,0.416621349948385,0.238851552106445,0.330854664167539,0.374794410089075,0.42916361790854,0.349644064892083,0.475389820527038
1167,0.359442259727961,0.416400253153894,0.238875341943471,0.330766992622403,0.374586993058048,0.428974743123218,0.349499122065526,0.475112297919164
1168,0.359446638103296,0.4162683546012,0.238903127636909,0.330704145203015,0.374401862761559,0.428819457965328,0.349389972522201,0.474859873228298
1169,0.359456083658519,0.416101828440447,0.238949115179664,0.330636243664503,0.374239949670146,0.428667646058191,0.349291377080515,0.474639229665489
1170,0.359476168355146,0.415975738257013,0.238985481680327,0.330582383328875,0.374103385250978,0.428505203000746,0.34922198236573,0.474414282439238
1171,0.359505875878304,0.415818360734635,0.23902003843694,0.330523076050434,0.373971307458547,0.428379563577166,0.349157589112049,0.474219837212192
1172,0.359546095662079,0.415636430201132,0.239088115696927,0.330441330474363,0.373862989293695,0.42830095904425,0.349117353674657,0.474098009106914
1173,0.359596379669837,0.415471049348311,0.239136756177162,0.330401567423071,0.373757622053945,0.428198935146626,0.349064266203563,0.473942092931645
1174,0.359690319505356,0.415299626233882,0.239155060825504,0.330400825807418,0.373674371415434,0.428121600205779,0.349031037489424,0.473772777565665
1175,0.359735924051083,0.415141156818768,0.23918111092287,0.330375406701621,0.373567319278514,0.428017440143704,0.348972965396625,0.47361281707655
1176,0.359743903025585,0.414995152007403,0.239199461433423,0.330366958216241,0.373455673679153,0.427878843245352,0.34889110768943,0.473473656902496
1177,0.359779975013606,0.414853499896184,0.239243123505856,0.330350108361481,0.373349110652213,0.427760387203016,0.348822055691029,0.473309393752748
1178,0.359804576494312,0.414728415903566,0.23929115135516,0.330322024444583,0.373247978093469,0.427662920694564,0.348779503539754,0.473157214533457
1179,0.359834907926204,0.414603947122014,0.239362120353852,0.33027836777085,0.3731121088154,0.427529164444893,0.348674222768342,0.472955522734155
1180,0.359858713443236,0.414435958748749,0.239401053951447,0.33022797440321,0.372979529046826,0.427391489598809,0.34858238640501,0.472751801907589
1181,0.359917205177028,0.414258439031728,0.23945306631519,0.330175614715825,0.372857558601576,0.427253385711171,0.34849171697738,0.472519123320537
1182,0.359924751587502,0.414056235735687,0.239487741131557,0.330123274131973,0.372708487932112,0.427111737125861,0.348389271317434,0.472303569810713
1183,0.3598872945543,0.413794077984053,0.239482020458727,0.330047978915546,0.372511303094576,0.42694552960527,0.348265308863575,0.472080709728773
1184,0.359878126052336,0.41358961527075,0.239508839522829,0.329995434209109,0.372376267605092,0.426795305738402,0.3481527560466,0.471862095890648
1185,0.359861117376722,0.413399189495091,0.23956997550537,0.329972418866453,0.372254982933592,0.426650345796541,0.348036704705119,0.471637308093904
1186,0.359861564166583,0.413212760312366,0.239590932472715,0.32991601842051,0.372145475360807,0.42652068369813,0.347933020562533,0.471435422786182
1187,0.359870353330196,0.413028724602021,0.239584881719197,0.329830865038864,0.372073791891236,0.426379887221588,0.347803314149737,0.471225037011873
1188,0.35988541765832,0.412877494163376,0.239603095673668,0.329780258586968,0.371986003195722,0.426273719905716,0.347736900369143,0.471056528036147
1189,0.359899120626817,0.412727164518566,0.239596870875436,0.329720814118926,0.371882111057591,0.426210378272588,0.347718332699907,0.470918751452558
1190,0.359939171555602,0.41261465536457,0.239631675316698,0.329686870491388,0.371809369485068,0.426123398478702,0.347687954339082,0.470788220059951
1191,0.359994899659293,0.412546999460641,0.239709652263862,0.329687668086188,0.371745131753425,0.426004382120082,0.347681379135386,0.470666323887707
1192,0.360058808235942,0.412484756594572,0.239771615316374,0.329686763108725,0.371698875885646,0.425956154900778,0.347683823139516,0.470579901419549
1193,0.36014458199473,0.412441889422298,0.239846688052373,0.32968431177033,0.371672909684311,0.425931850571457,0.347669639191965,0.470511964190866
1194,0.360233397957949,0.412408529945917,0.239917349366689,0.329700434973166,0.371661415057711,0.425925660792034,0.3476915923656,0.470471708471529
1195,0.360319363406624,0.412366066158775,0.239959535910001,0.329735020353333,0.371650139047432,0.425983030910077,0.347754611621186,0.470458146873342
1196,0.360425031890491,0.412375246709179,0.240039199929069,0.329772844939886,0.371675848316445,0.426035122228548,0.347818500929631,0.470477094456778
1197,0.360551596114017,0.412435833763052,0.240150630547336,0.329820093888915,0.371732057178479,0.42609599413582,0.347903867440135,0.470533400569427
1198,0.360679161330498,0.412476845845687,0.240251104230511,0.329881317963749,0.371809667376407,0.426143398116688,0.347974189572516,0.470590268195049
1199,0.360814272317733,0.412554281755642,0.240360664873681,0.329934245632187,0.371883425302192,0.426217755930368,0.348085291358596,0.470678688312853
1200,0.360971781794678,0.412675474058089,0.240500786437031,0.329984773620018,0.371982136119996,0.426315089420309,0.348216357230845,0.470811297045307
1201,0.361109401453853,0.412794383567847,0.240605649357508,0.33004715217779,0.372068164875145,0.426416953022737,0.348349831660247,0.47092627112062
1202,0.361219529873212,0.412907624967946,0.240682489381192,0.330102602787933,0.372123007508091,0.426508994001575,0.348491729469639,0.471033017582282
1203,0.361387925536754,0.413069065398814,0.24079540231387,0.330191037675443,0.372254855765547,0.42665272163483,0.348680657539047,0.471189860825366
1204,0.361578185880633,0.413256172634677,0.240907883908887,0.330304934283838,0.372432016195163,0.426828657043988,0.348894452147788,0.47134609399787
1205,0.361766934747205,0.4134666901773,0.241036837733659,0.330415604194738,0.372594448077392,0.427010804891585,0.349102784491835,0.471572590248711
1206,0.361996620961598,0.413705452781729,0.241199337764472,0.330539027246845,0.372782273313485,0.427216782333414,0.349335409065492,0.471856634881593
1207,0.362205801140928,0.413966754086799,0.241336448891445,0.330666097059614,0.372980254921345,0.427439888022586,0.349592361124056,0.472148764360587
1208,0.3623855289428,0.414267635989886,0.241465640200785,0.330802210036921,0.373168085449351,0.427682518437543,0.349839560580455,0.472485962289727
1209,0.362601744514355,0.414558372971766,0.241602591503432,0.330929984467617,0.373380747832151,0.427923344126999,0.350124475078055,0.472825973184814
1210,0.362832559621462,0.414864315038984,0.241724071270854,0.331058961660973,0.37364015623345,0.428177380366338,0.350479055494175,0.473195546023687
1211,0.36308015837807,0.415178328353805,0.241870876339557,0.331199537014198,0.373887059021652,0.428456635838852,0.350803264898491,0.473559992878809
1212,0.363365735438251,0.415479333282048,0.242030190331598,0.331319101049869,0.374115074063744,0.428740331931945,0.351111490614491,0.473935530979101
1213,0.363624386866872,0.415818678741264,0.242199940438762,0.331474596214512,0.374375432876377,0.429037462051082,0.351445706757456,0.474314940676341
1214,0.363869114204987,0.416179809687803,0.242391921222858,0.331670470436365,0.374663078173751,0.429371490131646,0.351770913787463,0.474650153566314
1215,0.364140163238919,0.416555656391985,0.242581084652156,0.331853507763611,0.374944697699599,0.429693492318477,0.352133266202702,0.475059283879005
1216,0.364409136113838,0.416949220890408,0.242781760010517,0.332059452671481,0.375246790572687,0.429990605291037,0.352543136600214,0.475508947055334
1217,0.364693358125613,0.417373252679109,0.242974686676284,0.332251963971135,0.375542837018019,0.430337253303231,0.352942831662239,0.475999030182685
1218,0.364983809535883,0.417804185419634,0.243156779933889,0.332399562146531,0.375793842066471,0.430701865420234,0.353333337145003,0.47649364195759
1219,0.365282226984807,0.418260785096201,0.243370419372883,0.33255972313788,0.376103680370547,0.431057158559806,0.35375527013949,0.476991466187984
1220,0.365594871536483,0.418698877794221,0.24357202452342,0.332737120412895,0.376424573138361,0.431407771657738,0.354144736059425,0.477472469092931
1221,0.365910017552879,0.41914086841783,0.243773971687734,0.332904162721504,0.376762062437047,0.431765228509676,0.354489586268886,0.477912615216753
1222,0.366218805544768,0.419585361276056,0.243977236738091,0.333096759937548,0.377093848612726,0.432125380537974,0.354908710603337,0.478409582082517
1223,0.366549561584542,0.420025742292293,0.244183012739382,0.333330462660128,0.377463579916035,0.432480598673556,0.355370719896948,0.478941644071632
1224,0.366863872539405,0.420464449277345,0.244382366418109,0.33352854456794,0.377787105902572,0.432832803855551,0.355783062095211,0.479450343906812
1225,0.367171746990187,0.420912129908865,0.244587520136467,0.333721121370765,0.378091338990041,0.433200415634722,0.356219503830564,0.479983163953292
1226,0.36745784569483,0.421355663999334,0.244778495897906,0.333911364939797,0.378390031799384,0.433550762475545,0.356624508715083,0.480479594971767
1227,0.367726484806374,0.421805805542443,0.244962440863098,0.334087746561473,0.378658689850632,0.433874753665815,0.356970593721064,0.480956142455314
1228,0.368014649285526,0.422230959132177,0.245140271384272,0.334269113536872,0.378952058723187,0.43421771115775,0.357356219857493,0.481423631993887
1229,0.368292781948971,0.422641396667579,0.245298639450239,0.33445517285785,0.379243481391852,0.434567697790258,0.357766687983937,0.481862272108568
1230,0.368566623176742,0.423056044167087,0.245474119453611,0.334631101716442,0.379546797058649,0.434918149913194,0.358162803885903,0.482322029578302
1231,0.368859024592303,0.423448632055816,0.245648771277207,0.334794929910058,0.379889055507451,0.435292550046723,0.358557480437985,0.482788238314595
1232,0.369138986091378,0.423849303071384,0.24583307832689,0.334974559419155,0.380193665478579,0.435628595047465,0.358946725601545,0.48323692601737
1233,0.369391009717107,0.424279476955395,0.246045918726623,0.335168262846454,0.380468126025605,0.435953105750696,0.359351951180432,0.483705743709646
1234,0.369655381712537,0.424677169957403,0.24622808764986,0.33533835271475,0.380758530891526,0.436266907467844,0.359719022742568,0.484141611785777
1235,0.369928880431562,0.425053460748187,0.246393786174444,0.33549971189471,0.381044239078468,0.436542949978383,0.360050007372704,0.484532250810889
1236,0.370220966332401,0.425418905581734,0.246572453527544,0.335672144253466,0.381333373548896,0.436822300412431,0.360396323894864,0.484936498135982
1237,0.370461043351723,0.425800804293361,0.246720173468203,0.335823221198043,0.381598417248693,0.437161650893988,0.36075113536958,0.485386035510079
1238,0.370681680959223,0.426197243301846,0.24685226184706,0.335964158993517,0.381862202769916,0.437487619196377,0.361079939110277,0.485797902400625
1239,0.370876001011245,0.42655771025422,0.247006016594786,0.336115852431635,0.382099664100909,0.437801387382399,0.361418654505874,0.486175943768107
1240,0.371059660564439,0.42689591010391,0.247162254630435,0.336274399726249,0.382319116319191,0.438120480077392,0.361773447229419,0.486573664842917
1241,0.371303494346185,0.427233746827894,0.247325318351292,0.336423968221619,0.382566061279559,0.438400969838815,0.362105262976759,0.486950804026033
1242,0.371596701544531,0.427520426174664,0.247506745559672,0.336564768212883,0.382835319982997,0.438630873983313,0.362410330165726,0.487282464748583
1243,0.371832277996095,0.42785203139448,0.247663557466531,0.336712445192359,0.383091449633571,0.438880529283148,0.362726954748228,0.487629247876985
1244,0.372079582215982,0.428226520650022,0.247819071607473,0.336857295623034,0.383361138215486,0.439121743722265,0.363053668229105,0.487991657661287
1245,0.372313151076657,0.428556858867031,0.247959615378457,0.337012088714681,0.383594282525918,0.439376571750725,0.363365047855281,0.488347133269915
1246,0.37250151243756,0.42888195664318,0.248074339982419,0.337184240493287,0.383808202580358,0.439637849790175,0.363658832003303,0.488689756245081
1247,0.372710408053057,0.429181622707298,0.248207716954814,0.337326811021078,0.384023380286851,0.439886316069144,0.363961347835195,0.489019610106649
1248,0.372955802396348,0.429450569243168,0.248346275938557,0.337470792404962,0.384221707866267,0.44014329605624,0.364279196565936,0.489360427941672
1249,0.373157563888089,0.429725679225872,0.248474844087471,0.33759422414842,0.384416350803689,0.440379261606153,0.364561047774592,0.489679348407392
1250,0.373322745295737,0.429993786212981,0.248596664576896,0.337686363696041,0.384614692825645,0.440580316861644,0.364828255863233,0.489965761465859
1251,0.373502195293133,0.430253441321275,0.248736158248749,0.337786353874203,0.38480286231644,0.440808960270466,0.365095951127985,0.490257194046427
1252,0.37366747376243,0.430503903139564,0.248878628866104,0.337877309448555,0.384963644396467,0.441068659763703,0.365352097054442,0.490549109305607
1253,0.373846285025297,0.430753749842907,0.249018507573601,0.33797408983781,0.385137577130851,0.441289847527748,0.365583052853391,0.490836370006857
1254,0.374042898982002,0.431001958568807,0.249192542472616,0.338071007314591,0.385334351756946,0.441492086170624,0.365789940035253,0.491131799686025
1255,0.37421949997423,0.431229396798751,0.249323664178262,0.338170286876669,0.385499878964541,0.441704406652679,0.366016712837035,0.491391732048028
1256,0.374393791908652,0.431449668163031,0.249420344371837,0.338274931715827,0.385638648860865,0.441925571606563,0.366241700734236,0.491649496175634
1257,0.374561412330392,0.43166362839103,0.249523679830563,0.338375442240133,0.385801331360361,0.44208704615551,0.366441119591049,0.491868014425442
1258,0.374710740312158,0.431853880860915,0.249623516610678,0.33848580779416,0.385955616253528,0.442251347733569,0.366670746470812,0.492047591194447
1259,0.3748491933477,0.432039155825621,0.249719075715584,0.338560042020113,0.386074587131718,0.442431363183183,0.366891334494087,0.492224299945061
1260,0.374980236403676,0.432234438761553,0.24985950861355,0.338636017225678,0.386230337527511,0.442584438294676,0.367077750779174,0.492445658778057
1261,0.375105652343241,0.432410207943472,0.249989082051169,0.338730903241558,0.386381735087532,0.442745380823183,0.367256947370017,0.492659773300049
1262,0.375236538621971,0.432529327234787,0.250086663729617,0.338804175030835,0.386473851162785,0.442915759990014,0.36742054929976,0.492841979927885
1263,0.375370647994075,0.43265086229344,0.250193984656592,0.33887053299293,0.386565566201757,0.443060393856078,0.36755294504825,0.493020914994786
1264,0.375503792589699,0.432791746910217,0.250287476417173,0.338945160914292,0.386662152652453,0.443185019792616,0.367694482526557,0.493191629040537
1265,0.375651083175501,0.43292968153156,0.250357440997821,0.339020905013703,0.386734509489031,0.443263427054074,0.367829418374002,0.493339936494692
1266,0.375764496226271,0.433050339557251,0.250438077578503,0.339085819372608,0.386821808399745,0.443380234676987,0.367947626607173,0.493466488334094
1267,0.375862756619229,0.433199278269981,0.250517221563781,0.339160675486198,0.386946600430662,0.443513662780744,0.368070505925343,0.493599387392334
1268,0.375960654707321,0.433301407786537,0.250600758156164,0.339207759678161,0.387013710763248,0.443620364615284,0.368165766711958,0.493704568566853
1269,0.37603488309938,0.4333682620787,0.250680362701679,0.339239588371842,0.387054093517834,0.443745944145578,0.368231605280058,0.493764934017008
1270,0.376124370883246,0.433409664897585,0.250765927374183,0.339261473293489,0.387080909892537,0.443815299860896,0.368286705295664,0.493820838474659
1271,0.376226956718279,0.433426367798632,0.250872536733623,0.339249888545147,0.387055987640678,0.443825259880139,0.368326186933716,0.493867735696089
1272,0.376312747973179,0.433442756565853,0.250953248659366,0.339270864781298,0.387076235426156,0.443863155655991,0.368360331170925,0.493908768702122
1273,0.37638114218331,0.433426187298647,0.251018838422638,0.339296471841718,0.387138453235982,0.44389053873529,0.368371252621683,0.493939823923587
1274,0.376465080095517,0.43340915578549,0.251091387038469,0.339318720418918,0.387142408795384,0.443913750168737,0.368385845998364,0.493947252304049
1275,0.3765814691826,0.433408304134613,0.251162296464357,0.339381331640934,0.387140288710705,0.443951240405929,0.368410938865784,0.493953868045321
1276,0.376641323828528,0.433377510639449,0.251220431856579,0.339394185816249,0.387116501349085,0.44396927603154,0.36841263715869,0.49394057504297
1277,0.376679029636643,0.433319957738683,0.25126943260093,0.339362498572914,0.387046828735823,0.443967448075243,0.368414482989414,0.493885262011266
1278,0.376716583783241,0.433251365064233,0.251323181308283,0.339351804483959,0.386962215810197,0.443959176794975,0.368388841501199,0.493831513470493
1279,0.376723196822283,0.433176930139677,0.251363909697874,0.339333776632986,0.386857948613442,0.443942697437918,0.368348673249255,0.493792492082551
1280,0.376707946328923,0.433076897543866,0.251411143828188,0.339307242025559,0.386770237582821,0.443926105410706,0.368267143281098,0.493719827436846
1281,0.376728413967774,0.432931865935134,0.251482319977951,0.339275417659396,0.386649597082686,0.443878415240543,0.368175322183974,0.493575713598807
1282,0.376729936598328,0.432803793055064,0.251534708968468,0.339258466557044,0.386512778657968,0.443842708967914,0.3680886165596,0.49344261623662
1283,0.376731225189022,0.432662731885174,0.251563760311861,0.339238932212161,0.386391999195981,0.443798472902029,0.367978797607075,0.493288605329781
1284,0.376742174774165,0.432469222039963,0.251592854824873,0.339184513862757,0.386262090543772,0.443716480381106,0.367835883774788,0.493091097660132
1285,0.376725089289714,0.432271996672864,0.251618868635056,0.339129459200402,0.386087409523789,0.443628871170696,0.367702180852195,0.492939509339451
1286,0.376692694477007,0.432046430690519,0.251638998983289,0.339090863879709,0.385898878474218,0.443508789479366,0.3675280576313,0.492773197451705
1287,0.376656852577409,0.431793226236409,0.251630897176231,0.339032848153957,0.385701166239309,0.443363307660709,0.367330066123505,0.492552043357304
1288,0.376594314449287,0.431510124758916,0.251604000586447,0.338950891541122,0.385483925511584,0.443191573948945,0.367129123759084,0.492310880793118
1289,0.376541769663166,0.431200027799526,0.251587808948372,0.338872259013009,0.385251873023885,0.442995550471723,0.366880973989373,0.492022649168686
1290,0.376518710582517,0.430861382449183,0.251551626346414,0.338814905207995,0.385018838826777,0.442760560445584,0.366572411634533,0.491676342198147
1291,0.376431905232027,0.430501513534616,0.251512725504975,0.3387048688186,0.38474523113764,0.442536505926733,0.366274526464651,0.491317720649811
1292,0.376300163092612,0.430116538582846,0.251494264166032,0.338559878193618,0.384434445565264,0.442307205325005,0.365969415922129,0.490924835885618
1293,0.376184857531145,0.429693682872635,0.251445022479523,0.338414959237159,0.38411955564186,0.44204102013855,0.365620316868356,0.490515539325969
1294,0.37604289724603,0.429243392213823,0.251360089653129,0.338239800258349,0.383786204210112,0.441763166346213,0.365252346196547,0.490092279188667
1295,0.37590828133591,0.428767473251009,0.251294429635408,0.338065133528339,0.383433275689252,0.441466749779515,0.364857659217611,0.48962344189264
1296,0.375796559763717,0.42823921224016,0.251223626259836,0.337893250326512,0.383067188648451,0.441136342273004,0.364415237969565,0.489129153362534
1297,0.37564424182914,0.427707508681719,0.251154921161524,0.337697236987999,0.382681046623072,0.440783398725983,0.363964431609665,0.488591715357327
1298,0.375459411207953,0.427175256780136,0.251100782720233,0.337490000449149,0.382269664962525,0.440417599908321,0.363498657673204,0.48798429818232
1299,0.37527335266227,0.426600002955817,0.251019331970056,0.337263908462961,0.381835848321027,0.44002339079961,0.363008156103012,0.487383832908278
1300,0.375095749691444,0.425999360448464,0.250952204612322,0.337023719786214,0.381403559068199,0.43959850125958,0.362508896685788,0.486780041675314
1301,0.374878643674818,0.425364728002934,0.250840575437813,0.336760042422894,0.380917012784651,0.439157700200044,0.361962351317972,0.486128203173589
1302,0.374641078277252,0.424707018439237,0.250686018344031,0.336479055925918,0.380369414196624,0.438709207142313,0.361388996330997,0.485459633719799
1303,0.374366798556304,0.423985184028682,0.250519527645798,0.33616338851645,0.379828104758679,0.438222134886407,0.360775811102931,0.484755829732425
1304,0.374099184331426,0.423228740232962,0.250365400002877,0.335849018367709,0.379284313668787,0.437703072038776,0.360103952769508,0.48396879567251
1305,0.373807763511124,0.422462141275282,0.250190852578518,0.335526760499762,0.378706541720248,0.437114695470536,0.359401522675065,0.483121046985707
1306,0.373524821751454,0.421655115709689,0.25003389944255,0.335183993604377,0.378125275988299,0.436501310573209,0.358663610293938,0.482245477807846
1307,0.373233691473104,0.420798083026321,0.24988300732074,0.334833350810344,0.377534225969668,0.435878602937968,0.357897131201091,0.481333940255392
1308,0.372889397371905,0.419914434226548,0.249695309449525,0.33444936426083,0.376906940997421,0.435199379831092,0.357116585214167,0.480388846302843
1309,0.372527792380753,0.418979721390091,0.2495037734524,0.334024508822945,0.376232411931941,0.434481773599124,0.356271001816003,0.479375161214589
1310,0.372149227665228,0.417997909299839,0.249310398840202,0.333577147068279,0.375513059545022,0.433750162381629,0.355366919560983,0.478311475476228
1311,0.371732181975371,0.416983393148044,0.249077466767192,0.33311485941462,0.374759154557842,0.432972781114346,0.35442970550833,0.477214024252768
1312,0.371304517450829,0.415933227659266,0.248829023679498,0.332656748155589,0.373982943673068,0.4321670970078,0.353471643020646,0.476077026481272
1313,0.370844489262559,0.4148529544347,0.248551170903144,0.332191954362262,0.373157539789624,0.431346585618922,0.352480689764535,0.474904730722948
1314,0.370397806499436,0.413728173508978,0.248278549114895,0.331700085892818,0.372318149720971,0.43048139872447,0.351447188773777,0.473704653511501
1315,0.369971373790262,0.412553027528213,0.247983496628082,0.331228173579043,0.371473623953557,0.4295605724778,0.350384738235084,0.472471385870495
1316,0.369474468119036,0.411359475229841,0.247706596860424,0.330685552593413,0.370584903777922,0.428634020383809,0.349293560275785,0.47117841742187
1317,0.368942402273829,0.410140018015288,0.247453835838011,0.330071303899409,0.369655736815946,0.427692176896213,0.348152195608474,0.469852706079148
1318,0.368399189331549,0.408868670013995,0.247152947420247,0.329475802786367,0.368702068666096,0.426700523159792,0.346986544019872,0.468472651871402
1319,0.367797084220865,0.407582586696199,0.246845588326492,0.328857680394649,0.367726339311832,0.425701304892446,0.345830478693467,0.467035092305534
1320,0.367215363069433,0.406241774531117,0.246505858342506,0.32823602050653,0.366721186377813,0.424636684149085,0.344595096458268,0.465568856155479
1321,0.366687074809832,0.404811068475845,0.246118560248097,0.327636573216486,0.365685798229413,0.423491874424324,0.343276973316361,0.464057423553047
1322,0.366067044261094,0.403400141452805,0.245740671794774,0.326979949407635,0.364619727447022,0.42235813674849,0.3419706294788,0.46251758569881
1323,0.365361160571415,0.401985952038916,0.245347200732938,0.326273207299365,0.363508226720258,0.42119035700436,0.340626468360538,0.460944619945651
1324,0.364694441961936,0.400522945450477,0.244955408159022,0.325575887192826,0.362395675671154,0.420008793234971,0.33927499811068,0.459333136604447
1325,0.36400775191322,0.399070172640319,0.244564739383763,0.324852397739848,0.361294830303176,0.418855184514445,0.337953874823163,0.457702295327145
1326,0.363309406269601,0.397556317488691,0.244159776397795,0.324128445001962,0.360127567700179,0.417630349877904,0.336561697464041,0.456028025413304
1327,0.36261613592991,0.395984583667629,0.243752615983922,0.323417480459183,0.358910453191027,0.416361268111843,0.335121880980469,0.454316642178883
1328,0.361946325102958,0.394374080121622,0.243334138807703,0.32268270321867,0.357707492126118,0.41504973003127,0.333647167867203,0.452554437430935
1329,0.361238275872687,0.392744795211652,0.242882328495146,0.321931709912485,0.356473131618691,0.413717650702346,0.332175812811393,0.450772882017689
1330,0.360497594214803,0.391071165313146,0.24243437308267,0.321173877494563,0.355199585759199,0.412367458970639,0.330672422566156,0.448949085525909
1331,0.359779327711962,0.389424108882694,0.241996211123285,0.320391737982218,0.353950024740893,0.411037500736134,0.329189787898964,0.447110568284544
1332,0.359059543457293,0.387787950441655,0.241536458604778,0.319636660792648,0.352724485672768,0.40971743648107,0.327730154640717,0.445306292228376
1333,0.358290254144306,0.386148108761078,0.24106689239875,0.318871414472994,0.351453819005105,0.408388772934455,0.326241022650688,0.443501984255959
1334,0.357513374352812,0.384511417079708,0.240607057755738,0.318063272124712,0.35015362730817,0.407043187730423,0.324732761652653,0.441659119105586
1335,0.356731657125041,0.382839782525262,0.240115197881312,0.317281057803065,0.348865512880891,0.405682492253402,0.32323375519689,0.43981809359514
1336,0.355924573930902,0.381149623551501,0.239619662805676,0.316498391258987,0.347567968449103,0.404327509884474,0.321746020887179,0.437971032131296
1337,0.355151249410546,0.379478071967213,0.239170507682251,0.315705620695616,0.346293794676236,0.402961323179228,0.32024731427784,0.43609378856435
1338,0.354370830607751,0.377820328821847,0.238713745545004,0.314949691981259,0.345031154517776,0.401588857164977,0.318772553797679,0.434257197255471
1339,0.353573466536506,0.376174477816313,0.238236284406882,0.314175068730572,0.343758082553362,0.40025877957864,0.317315529958171,0.43244194658125
1340,0.352771341149265,0.374558616015803,0.237752870363362,0.313393442227882,0.342497718769674,0.398965743558645,0.315872776105538,0.430643241044714
1341,0.35197744249473,0.372925130212252,0.237281962860909,0.312624444105923,0.341230873302198,0.39764860166966,0.314432344077456,0.428844173183657
1342,0.351153710163289,0.371279942287961,0.236779190703311,0.311861774874994,0.339926366145609,0.396346117315193,0.313003721465147,0.427068470731228
1343,0.350370573350157,0.369665948721721,0.236317523430679,0.31109018527925,0.338682454551554,0.395046044441958,0.311599891076451,0.425308638414581
1344,0.349619912474763,0.368043614838703,0.23591335287676,0.310324699529847,0.337483968937615,0.393736216145314,0.310219686414376,0.423554508467416
1345,0.348855739174978,0.366474858199063,0.235462905653184,0.309566351434292,0.33626548212676,0.392429987474573,0.308828490267589,0.421811320751392
1346,0.348107003393447,0.364965836921485,0.235001458828698,0.30878900868076,0.335061840440857,0.391133865007317,0.307431351162416,0.420102465148516
1347,0.347351692513651,0.363431132999899,0.234541855676571,0.308042589808842,0.333868174884652,0.389853508321134,0.306082435383408,0.418383449509078
1348,0.346585512965121,0.361908669196917,0.234058082077886,0.307318872418784,0.332660709128591,0.388562935422772,0.304744796018745,0.416640468526659
1349,0.34583125607781,0.360401965673888,0.233584452202641,0.306596912701143,0.331478847584419,0.387295666737154,0.303428675941602,0.414941977546074
1350,0.345093958207965,0.358899372967869,0.233128207604119,0.30591687690408,0.330352091612122,0.386052765769107,0.302185613966367,0.413278530220337
1351,0.344332394243505,0.357390491510787,0.232659229800986,0.305192041774526,0.329183504252823,0.384818769810028,0.300902327732905,0.411605749317949
1352,0.343561665477632,0.355898106262209,0.232174930035719,0.304440321076175,0.327997244790089,0.383603167767372,0.299594070729014,0.409952623998523
1353,0.34280008024118,0.354414378902995,0.231705263946562,0.303707265471669,0.326817797070373,0.382386157564271,0.298300311912209,0.408301394329951
1354,0.342037388081317,0.352925755666394,0.231249470720867,0.302965254700926,0.325619998567857,0.381185204497569,0.29700895428692,0.406666980582787
1355,0.341265976127362,0.351442701230432,0.23077169037201,0.302211405084078,0.324430943003838,0.379992380446348,0.295721060842261,0.405007720074961
1356,0.340469940780853,0.349977688396454,0.230290144823633,0.301482513403558,0.323276098285364,0.378768434946552,0.294452810362823,0.403323907890548
1357,0.339674001589825,0.348478874072516,0.229813598997011,0.300748330215897,0.32209603606794,0.377523633240159,0.29315426747713,0.401635483034807
1358,0.338864066068028,0.346955974935666,0.229331558024356,0.299958124741482,0.320888029371627,0.376257521365774,0.291794831091826,0.399907822670884
1359,0.338017098940823,0.345390236998338,0.228817849251534,0.299135153430202,0.319645397806185,0.374958329485316,0.290436755356903,0.398162532433067
1360,0.337206924704721,0.343781457188954,0.228279678928369,0.298322974201159,0.318359834984936,0.373643456610972,0.289049865889216,0.396427384099934
1361,0.336391173345232,0.34217421016442,0.227758491299074,0.297498914489413,0.317061018510935,0.372313306323707,0.287627797900717,0.394664999927876
1362,0.335494905089182,0.340535952041627,0.227190575413084,0.296650072877758,0.315721211963946,0.370918342080156,0.28619855360725,0.392862576146388
1363,0.334576169882114,0.338832590770212,0.22658146809121,0.295773665556479,0.314326296865111,0.369471077479311,0.284709693578941,0.391002646560623
1364,0.333621818969775,0.337046660884226,0.225965249029425,0.29483461966774,0.312860020322996,0.367959927307395,0.283117930399216,0.38901990796913
1365,0.332589106068716,0.335160444754966,0.225296297663506,0.293816041701197,0.31132795535168,0.366367104969402,0.281441851723167,0.386936016548422
1366,0.331513880836487,0.33317471220555,0.224591126604462,0.292743206394734,0.309692084438306,0.364700586631516,0.279694441248312,0.384771812881196
1367,0.330429408710069,0.33109714755657,0.223859629089119,0.291633833329035,0.307992216586956,0.363010404312787,0.27789247378246,0.382542304950066
1368,0.329224826792278,0.328886341684666,0.223075209656575,0.290428553810884,0.306157482514716,0.361138690957109,0.275945974825266,0.380132358752516
1369,0.32796879866339,0.326630033331646,0.222272208876436,0.289173998836841,0.304241587379991,0.359181271603434,0.273949517287869,0.37767067928978
1370,0.326578835686521,0.324139942956463,0.221354515293721,0.287795953534097,0.302168296398296,0.357053923361126,0.271761322664853,0.374957342253279
1371,0.325099985416494,0.321514276118271,0.22038333922182,0.286351216288616,0.300000856295783,0.354819058932129,0.269445667938129,0.372077307225679
1372,0.323483582166022,0.318665083694874,0.219306642377934,0.284751702243889,0.297638098877092,0.352361260216749,0.266937644835298,0.368959512116733
1373,0.321766089273781,0.315618445357648,0.218143015677906,0.283038175314376,0.295138057880407,0.349745859855173,0.264275036874454,0.365645217551249
1374,0.319902640423276,0.312402625844084,0.216890343029455,0.28118661827425,0.29245161695105,0.346945389800991,0.261442913198582,0.362142776370692
1375,0.317946127466514,0.309058726580351,0.215571980966318,0.279234047943471,0.289638009683304,0.343995115834974,0.258480745142183,0.35849410667659
1376,0.315794280776635,0.305413030824336,0.214119428721085,0.277106082763644,0.28656555444943,0.340772056984773,0.255270372469824,0.354508451318538
1377,0.313502047605331,0.301555040961906,0.212573546149616,0.274852678223517,0.283280755354771,0.337357620542138,0.251869318419227,0.350299627509306
1378,0.311018992031216,0.297462012223243,0.21089265380795,0.272416780479744,0.279813740106047,0.333712477961907,0.248276542244535,0.34581923884111
1379,0.308376425016514,0.293095402143038,0.209107062430072,0.269839368914954,0.276145520986115,0.329831013379928,0.244460614154366,0.341032696313544
1380,0.305537982324449,0.288532603539616,0.207178194309694,0.267045361431812,0.272260783559679,0.325708168790268,0.240461359639287,0.336010460183653
1381,0.302507279611801,0.283763378663143,0.205110777143461,0.264056250025198,0.268200014354749,0.321367741207424,0.236266423438701,0.330756151366519
1382,0.299323096141451,0.278804785591028,0.202935412281155,0.260924050591725,0.263932374175388,0.316823037259666,0.231936743819401,0.325275085654537
1383,0.295978792014229,0.273648841388891,0.200650278204721,0.257633991371395,0.259453165531718,0.312059582402013,0.227447137901513,0.319558384965004
1384,0.292439414537683,0.26827099409068,0.198216584049767,0.254137118171268,0.254754982520235,0.30705286804688,0.222763392959886,0.313571841613529
1385,0.288754651132315,0.26269154117738,0.195675652104387,0.250497782763835,0.249888747707063,0.301846549757187,0.217928840933577,0.307378339388856
1386,0.284947144173978,0.257021155952685,0.193066163780655,0.246728755852739,0.244910270677024,0.296500496125612,0.213021051778996,0.301070376911626
1387,0.280990075788522,0.251228210038073,0.190355033762573,0.242791567842766,0.23981791703172,0.2910003120116,0.207997549754386,0.29461014882881
1388,0.276917270320731,0.245323866788262,0.187559441832147,0.238760983689925,0.234632986763179,0.285359402231329,0.202932458480221,0.288057904881173
1389,0.272730477895695,0.239386684693648,0.184676099263168,0.234663898318362,0.229392670505069,0.279603589695173,0.197868348947942,0.281445004562329
1390,0.268420379537144,0.233361689852045,0.181687377832716,0.230446456095344,0.224058513841486,0.273743258352615,0.192747918062207,0.274728969805797
1391,0.264030928875026,0.227349959395172,0.178657279778672,0.226149382811415,0.2186889643921,0.267847545243608,0.187664443592303,0.267999782199751
1392,0.259600267784508,0.22138379932013,0.175588630236007,0.221821269846492,0.213321764297321,0.261917821331,0.182604686871126,0.261271528674661
1393,0.255116232371213,0.215416675819529,0.172489290612775,0.217463269127582,0.207937541180345,0.255966880177549,0.177555864178372,0.254555084069198
1394,0.250653785191756,0.209582434875028,0.169430792171766,0.213110910320615,0.202666053165295,0.25011048946753,0.172643614184124,0.247961749420153
1395,0.246245036907466,0.203870949294315,0.16637913220993,0.208813774279485,0.19749262505018,0.244332490913632,0.167856353580788,0.241486147705654
1396,0.241809422196967,0.19821686482015,0.163316572272858,0.204542570032823,0.192349773011673,0.238573656915699,0.163158173099925,0.235075410599092
1397,0.237413543247856,0.192722907265544,0.16031343142653,0.200318232998405,0.187345833859504,0.232953065111342,0.158624159122451,0.228846523194066
1398,0.233100012959309,0.187413206758912,0.157350803083644,0.196191414618951,0.182480180904229,0.227482033484682,0.154273459564802,0.222816459434155
1399,0.228912170675976,0.18231236781142,0.154480425769531,0.192186255255897,0.177797969242219,0.222170064266161,0.150093032984755,0.216978589908421
1400,0.224779515989706,0.177362302739256,0.151664248362729,0.188263287323156,0.173252667447784,0.21695067476987,0.146044609539223,0.211277104745112
1401,0.220788542499748,0.172616002545807,0.148925644750229,0.184459097946634,0.168872900557925,0.211940648781158,0.142189060103942,0.205839364954309
1402,0.216927572585696,0.168079682356767,0.146252920453645,0.180754401268186,0.164653169337681,0.207087737772074,0.138510390086648,0.200605932598837
1403,0.213185857538188,0.163745643380194,0.143691479266061,0.177207247497019,0.160630312614382,0.202466853310674,0.135028071524551,0.195627797333591
1404,0.209513477062133,0.159558197379639,0.141187947790447,0.173761349025972,0.156728049723797,0.198008020465258,0.131715353114503,0.190867676723663
1405,0.206023376920211,0.155626545340767,0.138801354751688,0.170476622435839,0.153070452788535,0.193777609244631,0.128586155652411,0.186354950030987
1406,0.202681486725655,0.151940296229126,0.136530573904368,0.167341171433723,0.149655019621128,0.189794019177299,0.125673503181036,0.182086515370538
1407,0.199494916903706,0.148433970030706,0.134358791823159,0.164355692186901,0.146382444795251,0.185979585205891,0.122899240719836,0.178045693330827
1408,0.196455984180029,0.145143024327232,0.132263095769091,0.161515442781687,0.14329832691764,0.182344874010877,0.120269975352735,0.174252975507724
1409,0.193552221289273,0.142008759092694,0.130291047616656,0.158794280845747,0.140358246448314,0.178889981592742,0.117803215568767,0.170637884669066
1410,0.190780126947635,0.139071196785518,0.128429602297027,0.156204594377896,0.137566955486401,0.175621122938186,0.115508669840366,0.167240909974622
1411,0.188181956863819,0.136300207025572,0.126682523290485,0.153776823656486,0.134954146587864,0.172543109178926,0.113359305463045,0.164047270088573
1412,0.185748226749944,0.133691167264082,0.125053958037725,0.151486520638629,0.132537843746532,0.169658320428525,0.111384748515963,0.161053599113448
1413,0.183427186953514,0.131240977346781,0.123514727446185,0.149316467253247,0.130221181193394,0.166926361275446,0.109513898293404,0.158235413905468
1414,0.181263827077965,0.128977330989232,0.122087372674641,0.147313785532437,0.128043713943952,0.164391217727534,0.107791334289571,0.155645680345494
1415,0.179212830259853,0.126837718562977,0.120743035328362,0.145406200672406,0.126002714347148,0.161982394328532,0.106156339570751,0.15317983960334
1416,0.177270047592331,0.124840999317435,0.119488416314569,0.14359765263394,0.124089846129483,0.159717275701827,0.104622410592521,0.150872959939956
1417,0.175451246479828,0.122997779241249,0.11831875874224,0.141902765455191,0.122284907353232,0.157590726700867,0.103201818176558,0.148702987995116
1418,0.173764025631064,0.121264023112096,0.117227450888189,0.140343475668581,0.120614590666093,0.155601921204657,0.101880889476852,0.14666136128171
1419,0.172176766800485,0.119622532015322,0.116221028085936,0.138881358024026,0.119084498950092,0.153737195742389,0.100659818645793,0.14478476400907
1420,0.170664753957193,0.11809677103774,0.115279617732609,0.137495091288215,0.117611307448732,0.151997484841588,0.0995373610443577,0.143024766133001
1421,0.169238729560602,0.116664736170523,0.114391130865388,0.136191390082393,0.116204923913807,0.150347621149809,0.0984687924791462,0.141350580702854
1422,0.167889985319195,0.115311409786693,0.113558022396717,0.134946995380082,0.114915061849751,0.14876966055027,0.0974659563240683,0.139811284650924
1423,0.166642371487902,0.114067358491416,0.11278038624507,0.133763355077335,0.113701019181758,0.147312495347507,0.0965322289820391,0.138357670980251
1424,0.165497135838113,0.112911325297438,0.112052566473694,0.132677579926036,0.112554382097256,0.14595251709756,0.095656487077222,0.13698911097996
1425,0.164393261560386,0.111802955240063,0.111343708696743,0.131657061564997,0.11147996349871,0.144661135355374,0.0948539608540916,0.135736598334748
1426,0.163337806823306,0.110762195594424,0.110660586188827,0.13067360573618,0.110445129264491,0.143477553166353,0.0940994156222616,0.134550697846489
1427,0.162343685453772,0.109794293316354,0.110036890007256,0.129768500705949,0.109463398979505,0.142376270020831,0.0933914347763944,0.13343582870226
1428,0.161399579741015,0.108892531304836,0.10947050293364,0.1289215262728,0.108567150192473,0.141313882730189,0.0927528179385479,0.132411737340067
1429,0.160530856906925,0.108045549637737,0.1089443519177,0.128096067027856,0.107731084032117,0.140318096306783,0.0921513322643263,0.131463403751367
1430,0.159736162821486,0.107252207007908,0.108446887752203,0.127330025101088,0.106957419234586,0.139406145823645,0.091575645372958,0.130594383270214
1431,0.158993893003877,0.106531261293401,0.10797370158373,0.126634613006117,0.106252440464399,0.138536081154596,0.0910548161197557,0.129794074371249
1432,0.158300857104508,0.105865728307416,0.107526776421119,0.125987865051179,0.105583777423407,0.137720864608478,0.0905788692050927,0.129047686688358
1433,0.15763906185092,0.105237836502745,0.107097082054552,0.12537518590165,0.104949815092852,0.136985795175076,0.0901179118159509,0.128339788696698
1434,0.15702675240281,0.104660188145551,0.106703105949367,0.124802801926367,0.104367409141862,0.136292963938766,0.0896894329485326,0.12769165432345
1435,0.156470923695882,0.104150657280291,0.106356069203457,0.124288341824971,0.103839554000567,0.135646834819197,0.0893091433708668,0.127090254395537
1436,0.15595027658233,0.103665690089321,0.106027836121502,0.123800057755685,0.103338927861955,0.135059017445335,0.0889480207581345,0.126559695987942
1437,0.155459602492967,0.103211467286544,0.105713012046051,0.123332628371856,0.102870114695655,0.134533799296171,0.0885883890550832,0.126100835552649
1438,0.155025046635955,0.102802883040705,0.105439751733208,0.122919345944316,0.102452024025008,0.134044092147416,0.0882920836494024,0.125667055065026
1439,0.154647449780006,0.10243442239268,0.105207895548325,0.122567730702714,0.102075199933282,0.133606186659833,0.088051544754763,0.125289756621914
1440,0.154283746748475,0.102116510545444,0.104988313251771,0.122227315788435,0.101728814449167,0.133202156313317,0.0878202710346172,0.124941371992796
1441,0.153955068149216,0.101854354964529,0.104801316910228,0.121908843383559,0.101441944518709,0.132833313499497,0.0876298545357991,0.124620375991025
1442,0.153668672644342,0.101599186185898,0.104620178354484,0.12162682937474,0.101163396855037,0.132513720497717,0.0874536209024348,0.124346035984204
1443,0.1534149060682,0.101383037648263,0.104449899127258,0.121376910576408,0.100893529658479,0.132243225902655,0.0872922752486924,0.124122606719576
1444,0.153190595957801,0.101189712255082,0.104305429634683,0.121150173157817,0.100670491639259,0.132003460922644,0.0871538076291569,0.123923502721499
1445,0.153012010838645,0.101004452254328,0.104180937608214,0.120962764916794,0.100481386455445,0.131815843691377,0.087038771904897,0.123762251329662
1446,0.152847178618437,0.100857177250601,0.10406641854459,0.12078747622696,0.100313041815897,0.131634236457931,0.0869391862771713,0.123621387879439
1447,0.152698732078804,0.100763965933942,0.103970537418283,0.120620292875377,0.100192133692058,0.131470066078672,0.0868560519043488,0.123505338502924
1448,0.152579621492125,0.100666898433099,0.103894971182048,0.120497254175679,0.100078589117752,0.131342395746096,0.0868022721107968,0.123417799218357
1449,0.152490195226695,0.100571942949217,0.103825580806111,0.120411128182669,0.0999684206628862,0.131253815912857,0.086780873073964,0.123359940723339
1450,0.152429579045372,0.100517062741043,0.103782357385707,0.12033604898359,0.0998953565694099,0.131166675752634,0.086755080593904,0.123325034017088
1451,0.152404014794987,0.100485740014559,0.103769952624878,0.120288299354552,0.0998549115107623,0.131090928830243,0.0867416318852243,0.123318308438021
1452,0.152383790951347,0.100476935763017,0.103768756974955,0.120263080223866,0.0998236001620725,0.131055010621754,0.0867476041026116,0.123340169928425
1453,0.152373675248831,0.100497946451549,0.103785306190449,0.120247387727429,0.0998109344214536,0.131018142665544,0.0867552279236995,0.123382833081322
1454,0.152401821131625,0.100542911514248,0.103814343401953,0.120265693858003,0.099830454965073,0.131037604542,0.0867919032791738,0.12345042867641
1455,0.152448691724767,0.100602185264847,0.103855454172696,0.120321987048004,0.0998619273414073,0.131117190976758,0.0868604567717393,0.123554692866483
1456,0.152518699616396,0.100695895627591,0.10391611323601,0.120392342964934,0.0999317944911155,0.131215243251153,0.086929876419335,0.123664947751029
1457,0.152641471584668,0.100832358457351,0.103991462816161,0.120480704059545,0.100049480025509,0.13132137182751,0.0870234806587892,0.123786779614455
1458,0.152789664134659,0.100976335949632,0.104098275092561,0.120594739531701,0.100169734236037,0.131466031527694,0.0871605211366454,0.123974928737351
1459,0.152942346854574,0.101147008809555,0.104222336862566,0.120726616468173,0.100304272942953,0.131640825415556,0.0873073035384188,0.124187475570927
1460,0.15314177236591,0.10135101951684,0.104352721031362,0.120906564628221,0.100481426010482,0.131853154081358,0.0874791016467991,0.124439907283997
1461,0.153372526226713,0.101571479914272,0.104528325447033,0.121122868663307,0.10070126113553,0.132106339239276,0.0876907103703124,0.12475267832143
1462,0.153631115135975,0.101838015596682,0.104735702725255,0.121357450796629,0.10095261378366,0.132395653248491,0.0879184521460963,0.125076924674451
1463,0.153943480048655,0.102161336456011,0.104966582043482,0.121648993628583,0.101261535264981,0.132729740051218,0.0881849368515933,0.125445228945367
1464,0.154297220697102,0.102516543858351,0.105240413760753,0.121977957514509,0.101589184017722,0.133104160346318,0.0884909973893592,0.125876753746898
1465,0.154688965525756,0.102902427576733,0.105513796831592,0.12233639726781,0.101927127799891,0.133520648539859,0.0888166450039405,0.12632502922606
1466,0.155122946734995,0.103336782922698,0.105796578444388,0.12274341423142,0.10232283967061,0.133993021981584,0.0891740128073603,0.126814777339073
1467,0.155600110671845,0.103811994650228,0.106130922662956,0.123181244808184,0.102743670617116,0.134509880265852,0.0895630468584934,0.127361589245876
1468,0.156107181173179,0.104305121046242,0.106492758548746,0.123654443323142,0.103204384491168,0.135044029050439,0.0899680695533265,0.127926582869723
1469,0.156639724025584,0.104824119674993,0.106890982811544,0.124150800149121,0.103707956600839,0.13561340538264,0.0903953365792215,0.128544276611998
1470,0.157213997787497,0.105390910117375,0.107325475226936,0.124669546374259,0.104235787436429,0.136248997242359,0.0908638997890731,0.12923718497262
1471,0.157836294086877,0.105999084533841,0.107781878822431,0.125232742039002,0.104809360361388,0.13690593588814,0.0913583996624635,0.12994412205061
1472,0.158495497455568,0.106644907611993,0.108252657841641,0.125839872417486,0.105412246222534,0.137593167325651,0.0918961638138688,0.13068596125816
1473,0.159199381161534,0.107338688331426,0.10873002976462,0.126479046873797,0.10603702344061,0.138343797286977,0.0924789550366461,0.131475396545455
1474,0.159929989354695,0.108052923988889,0.109247635649562,0.127148418248104,0.106710205813453,0.139115401290035,0.0930572647366524,0.132277271452227
1475,0.160668314134189,0.108755282969239,0.109786512716608,0.127843937898625,0.107406961008778,0.139913389989152,0.0936412013833713,0.13312826995052
1476,0.16144143786932,0.109481728994128,0.110341791193,0.128552889469218,0.108125645329895,0.14075272483061,0.0942597738086224,0.134019842984121
1477,0.162238583811716,0.110251935850508,0.110912314385659,0.129292429952931,0.108876427019719,0.141615228292427,0.0949030919574175,0.134921128462411
1478,0.163067798270136,0.111048062185547,0.111504551399372,0.130066478386685,0.109651404147588,0.142502381352206,0.0955644058699634,0.13584260379445
1479,0.163913974766945,0.111877502258652,0.112115010614875,0.130861268991631,0.110457213467629,0.143414031804376,0.0962461567266229,0.13681107962973
1480,0.164788134319417,0.112762123733963,0.112745776709726,0.131686918164978,0.111314050956187,0.144358413329694,0.09695897865974,0.137807780805258
1481,0.165668090533824,0.113641527351376,0.11338003151977,0.132514307816628,0.112154411749463,0.145332857580654,0.0976870764581572,0.138826521181531
1482,0.166555257019008,0.114532379073464,0.114040321515549,0.133357413275926,0.11300861815035,0.146331765628547,0.0984360743744601,0.139901088953079
1483,0.167483873508211,0.115450614613952,0.114699061641092,0.13422445664569,0.113879453401613,0.147348237412449,0.0991932741881516,0.140966138379052
1484,0.168447365977778,0.116389184598842,0.115349728227304,0.135107849787858,0.114744497089189,0.148409358633715,0.0999765744791584,0.142024487171248
1485,0.169406339608892,0.11734325046527,0.116020478614328,0.135989024042752,0.115640724465208,0.149451361103845,0.100760594820811,0.143125055828915
1486,0.17039102903022,0.118319787654106,0.116707586381787,0.136891348957004,0.116565255849231,0.150488156144057,0.101535712654821,0.144255576402952
1487,0.171378040822681,0.119310955620034,0.117406934878985,0.137805782864679,0.117508809741085,0.151562720072758,0.102342202830012,0.14539460507008
1488,0.172362520126998,0.120325941157865,0.118128085975351,0.138714710749584,0.118480545562931,0.152646773738253,0.103179462659003,0.146567961854563
1489,0.173359024326234,0.121338296484976,0.118835750732508,0.139654531327221,0.11944681905868,0.153754756567273,0.104013915255194,0.147737271617912
1490,0.174373384323464,0.122355578884146,0.119543913401314,0.140637123046687,0.120423402327501,0.154895921824405,0.104856931025111,0.1489025642367
1491,0.175404142550326,0.123402877172659,0.120262953056433,0.141594611768287,0.121418277655318,0.156045880503309,0.105719086999594,0.150100370522274
1492,0.176445443628451,0.124464621982343,0.12098001475744,0.142541146886257,0.122422825004031,0.157223896884845,0.106596159122971,0.151314740880598
1493,0.177486056102042,0.125532155519744,0.121705509335612,0.143510747810894,0.12343160616742,0.158389123066296,0.107470307527116,0.152541193686153
1494,0.17853453206139,0.126623045638064,0.122441051297791,0.144479127312214,0.124451083828562,0.159546871429366,0.108349172858714,0.153792358474571
1495,0.179600436331323,0.127720968571911,0.123189074864936,0.145472278560057,0.125492654581033,0.160738941035054,0.109253121892616,0.155054406477846
1496,0.180674649605091,0.128831272688558,0.123945813904763,0.146507915515109,0.126545191926117,0.161946190021672,0.110166359698594,0.156340915053231
1497,0.181751810241241,0.129935126498332,0.124696964131969,0.147518543499019,0.127602676807329,0.163150515585021,0.111084022984647,0.157613077947544
1498,0.182855636636965,0.131041446824395,0.125456096212322,0.148523268029945,0.128683486832557,0.16438846770248,0.112035875752426,0.158886503046798
1499,0.183949771917559,0.132167491763629,0.12622619070178,0.149536901940005,0.129771239499306,0.165615112470666,0.112977414287035,0.160175483940383
1500,0.185037533629587,0.133290931043027,0.126993022322237,0.150540786604783,0.13086114473429,0.166812223716808,0.113903772634047,0.161454815025562
1501,0.186125220456695,0.134430119884467,0.127771275262437,0.151561452278301,0.131951301025081,0.168042437330192,0.114847677468187,0.162754822217207
1502,0.187208279136104,0.135605335703838,0.128581923580084,0.152593549744069,0.133063524843823,0.169305615589665,0.115797215354211,0.164086114350993
1503,0.188304388097905,0.136765181359754,0.129367248633434,0.153639673026939,0.134167979465031,0.17055063559033,0.116759366787285,0.165409045934736
1504,0.189412303498932,0.137909077416581,0.130146135359502,0.154710869899616,0.135260211966622,0.171798498468293,0.117742090203274,0.166736450002601
1505,0.190507148307424,0.139074548242176,0.130915061709217,0.155760914490599,0.136365370808524,0.173054527259647,0.118715743486626,0.168064049713847
1506,0.191604897016208,0.140256618994825,0.131656963266116,0.156812360578873,0.137473186219694,0.174299903197608,0.119690205274075,0.169394171764238
1507,0.192706484325285,0.141435796289468,0.132422373343097,0.157864023453737,0.138588104908733,0.175562992382935,0.120678237141357,0.170727867917446
1508,0.193804741593772,0.142624766432424,0.133200962333277,0.158903930412518,0.139711714989173,0.176858968792918,0.1216712926512,0.172064736820349
1509,0.194883007060577,0.143817925726952,0.133963835453564,0.159943659656356,0.14083599484558,0.178123358654093,0.122661348343958,0.173395131827893
1510,0.195995058090106,0.144993351870159,0.134729348925533,0.160991678265935,0.141966504027106,0.179377810175487,0.123660032725995,0.174743588171033
1511,0.197117200598872,0.146172009218902,0.135497612192851,0.162033317025497,0.14311072728868,0.180641328596931,0.124656590610823,0.176091941355529
1512,0.198218390961636,0.147370832396618,0.136272187785887,0.163063572566115,0.144251907006838,0.181888093204099,0.125640515099334,0.177446310475658
1513,0.199329870769849,0.148566567659345,0.137051989481354,0.1641070007246,0.145388486949433,0.183166649837665,0.126644867625321,0.178820218143832
1514,0.200444795864712,0.149760991894676,0.137839100742804,0.165159783917643,0.14652451239037,0.184460060418001,0.12767574312041,0.180174162635417
1515,0.201544922858281,0.15096317779287,0.138625571697475,0.166216756177298,0.147655410063396,0.185734072604743,0.128694605986534,0.181527719042137
1516,0.202631561098926,0.152161820053445,0.139382434378172,0.167272319029633,0.148784215480862,0.187006671463889,0.12970502822115,0.182882372694694
1517,0.203711925882632,0.153345785440318,0.140132538896021,0.168314807870829,0.149915603624085,0.18826267158397,0.130719006072602,0.184200171307227
1518,0.20478267712398,0.154516200178386,0.140885694864422,0.169343152756709,0.151038234492195,0.189513015716258,0.131711668633899,0.185509929542334
1519,0.205848640465472,0.155686697230312,0.141648690743972,0.170376563927069,0.152184439129835,0.190763143854505,0.132705439559279,0.186838032051144
1520,0.206920180742448,0.156863589350916,0.142419759690774,0.171422802077295,0.153330560699166,0.192013197327587,0.133726959402482,0.188173512488265
1521,0.207998668986729,0.158042241645127,0.143176223128491,0.172458814809749,0.154449824659432,0.193262504956922,0.134736551901509,0.189503411575438
1522,0.209061706720752,0.159218215136484,0.143925294854221,0.173484945594569,0.155565863267523,0.194476939449489,0.135731692236583,0.190821037804929
1523,0.210100460709055,0.160397681861614,0.144663524128375,0.174514813672926,0.156664389710493,0.195691436138366,0.136747355211498,0.192147015418325
1524,0.211142402359844,0.161575914227719,0.145399521002163,0.175537719678975,0.157776961586049,0.196920459459807,0.137759504248289,0.193459045858444
1525,0.212183176995932,0.162732839692428,0.146143679727701,0.176540685363697,0.158903505858123,0.198125999148489,0.138748308736714,0.194750350970877
1526,0.213214922334495,0.163891082926054,0.146886138157717,0.177542583291437,0.16000513091136,0.19933106058537,0.139744014444508,0.196051564819743
1527,0.214239063788378,0.165060290550707,0.147620045663504,0.178544763751703,0.161096187628386,0.200556612995092,0.140732342398159,0.197330188792779
1528,0.2152556733272,0.166218069891334,0.148348535865104,0.179510638083753,0.162184868549437,0.201773782671952,0.141707815263546,0.198594832084347
1529,0.216262310071578,0.167371722616989,0.149068856307163,0.18045798929246,0.163260958785512,0.202969426687108,0.142702906962153,0.199869001458043
1530,0.217272612356157,0.168524539957316,0.149768291042428,0.181409605841981,0.164340016840611,0.204176251596637,0.143702760611715,0.201137017146336
1531,0.218292081564231,0.169671916251612,0.150468027698977,0.182361271177174,0.165434922841724,0.20537848281686,0.144698051396588,0.202404891635249
1532,0.219292103443598,0.170798460641725,0.151156103213649,0.183329116985393,0.166505799191864,0.206535782688554,0.145696975269744,0.203660540090754
1533,0.220279022598058,0.171914933975584,0.151833226802753,0.184301953153469,0.167549097293978,0.207689782875535,0.146689850845632,0.204901340291291
1534,0.221250333143056,0.173032972425868,0.152539493939811,0.185258208684196,0.168599090308777,0.208839035692579,0.147670058314184,0.206139865772342
1535,0.222206345470574,0.174134295806015,0.153248183980475,0.186201588303686,0.169657004918816,0.209962808283063,0.148644113166562,0.207371203924369
1536,0.2231728483711,0.17522201059082,0.153938224837103,0.187135782569301,0.170713498466386,0.211099507194977,0.149614542992475,0.208601729713235
1537,0.2241381263613,0.176316430398501,0.154614809214811,0.188064432020144,0.171769457122425,0.212226671693346,0.150591793822235,0.209833708435106
1538,0.225072911274983,0.177415245137817,0.155283444677871,0.188992767397932,0.172810652687763,0.213350808177547,0.151562270908857,0.211047065115399
1539,0.22598017146753,0.178520278957437,0.155921516685801,0.189930125736702,0.173835210933924,0.214477112612307,0.152539250246693,0.212252607428388
1540,0.22690954438988,0.179608497316841,0.156583372182493,0.19084111582798,0.174881828893981,0.215590483583891,0.153497445343788,0.21345445650492
1541,0.227829463563461,0.180699613832201,0.157259306864576,0.191730086318613,0.175935874275715,0.21669285877914,0.154440692488491,0.214644102780551
1542,0.228747398135171,0.18177549463591,0.157921619762826,0.192634378191771,0.176965332543152,0.217794587169635,0.155379906522395,0.215823356126563
1543,0.229691491225684,0.18282921424839,0.158585656120698,0.193541270837255,0.178006179687596,0.218886567085008,0.156308745212957,0.217000162605164
1544,0.230601766921065,0.183896934701081,0.159238122155663,0.194430671486785,0.17902783035854,0.219981548717338,0.157258301368993,0.218179762903657
1545,0.231474574838905,0.18497572315726,0.159878370558599,0.195330455396787,0.180023173525257,0.221084416675223,0.158217612429373,0.219339786482536
1546,0.232360960357742,0.186026851669812,0.160515975086916,0.196192177611048,0.181008107346471,0.222164662421,0.159152627509096,0.220508074820952
1547,0.233251138674996,0.187061256397474,0.161155856266907,0.197004511592676,0.181975224280208,0.223231861114532,0.160082810014394,0.221694920905717
1548,0.234125088778382,0.188108948720687,0.16177292974867,0.19785365434812,0.182962647702472,0.224300168361432,0.161013522708306,0.222854292619269
1549,0.234997735472567,0.189151837248003,0.162377021293227,0.198711034734059,0.183942782081557,0.225361771532781,0.161932096981413,0.224009060437437
1550,0.235856649618904,0.190184728684134,0.162976115992312,0.199556142524719,0.184927678166566,0.226409047594013,0.162853898177995,0.225144533968146
1551,0.236697641307541,0.191232162736277,0.163549652987603,0.200412158914488,0.185947043843509,0.2274562989735,0.163792606421259,0.226254956611115
1552,0.237537864735018,0.192247521036504,0.164139538457914,0.20125043207384,0.18692871145721,0.228488121678361,0.164701147888795,0.227370256855875
1553,0.238374777507674,0.193221829954326,0.164740477702089,0.202071629839274,0.187887373047018,0.229493136468397,0.165580607217979,0.228476344661002
1554,0.239195970442372,0.194226463100959,0.165325336932401,0.202883097640829,0.188826855503369,0.230502682782696,0.166471388726027,0.229573522452185
1555,0.240009167002085,0.1952414916362,0.165906547928724,0.203695485778922,0.189743025196463,0.23151098152879,0.167360255681829,0.230662208017749
1556,0.240814765923611,0.196235242064828,0.16648754735811,0.204494011210874,0.190670102533008,0.2325160576042,0.168245493744697,0.231762956904247
1557,0.241599099722077,0.197234784290369,0.167055905046627,0.205266218927844,0.1915883591041,0.233526007318495,0.169131960521959,0.23287390889166
1558,0.242389161678268,0.198219281318547,0.167625308450768,0.206041299133578,0.192493707791498,0.234505889878928,0.170011580592976,0.233941571537149
1559,0.243178052357929,0.199175626834524,0.16820987538857,0.206816627914738,0.193392285533164,0.235462897847449,0.170879001796508,0.2349986963527
1560,0.243961325436793,0.200143222536306,0.168764186398596,0.207586304170121,0.194299676616338,0.236435979884962,0.171751693092107,0.236054456735627
1561,0.244748000745608,0.201127969681332,0.169296271764405,0.208346874979616,0.195196381786394,0.237401163366198,0.172637818772223,0.237076468627014
1562,0.245522131425152,0.202078656261777,0.169839089047964,0.209106829246461,0.196097353010126,0.238354105759042,0.173494097484789,0.238102591274765
1563,0.246290263728714,0.202999404254007,0.170368504305009,0.209865469916969,0.197030671007504,0.239320329671057,0.174337852354239,0.239137692642184
1564,0.247047330746247,0.203939662221911,0.170897789123431,0.210610058962185,0.197912881340365,0.240259683871592,0.175175820421725,0.240164471141151
1565,0.247796055139452,0.204875601357891,0.171444822746615,0.21136031461806,0.198759622474874,0.241155609649943,0.1759853589369,0.241168632182537
1566,0.24852852652413,0.205802962078705,0.171963995420384,0.212082396098785,0.199607996867066,0.242080429980013,0.176808317426989,0.242185362112683
1567,0.249233124371293,0.206736148592824,0.172456917066299,0.212772268270927,0.200420576749217,0.243019038219127,0.177639387609163,0.243215783311568
1568,0.249962942585063,0.207669759555513,0.172961363630803,0.213479375428035,0.201269255569695,0.243942784535836,0.178462954800559,0.244234035418164
1569,0.250701678063407,0.208598889790914,0.173453543672909,0.214180366454185,0.202148620389131,0.244880082606572,0.179290399140234,0.245258432413921
1570,0.251419010537864,0.209512455642632,0.173954291695573,0.214868650231956,0.202989689197314,0.245788337306609,0.180101860848949,0.246252257407289
1571,0.252147872556024,0.21042896474467,0.17447195122366,0.215558555939638,0.203820441548247,0.246660924845915,0.180901570734322,0.247210084332303
1572,0.252856543377238,0.211328110538134,0.174970156043698,0.216250555911879,0.204657009866117,0.247559645076613,0.181696374761609,0.248206426779729
1573,0.253525288273362,0.212195575584988,0.17546268855039,0.216933784333156,0.20546894506953,0.248450595050802,0.182470592330087,0.249209888473158
1574,0.254221321085242,0.213079047178568,0.175948806830502,0.21760497089989,0.206295741979667,0.24934784942253,0.183261678005594,0.250195078471299
1575,0.254938534550649,0.21395889049546,0.176420085576685,0.218279012620166,0.207157739373881,0.250280503648028,0.184068127981269,0.251204387193443
1576,0.255624380939198,0.214852047102822,0.176891703177522,0.218947975554946,0.207980101962503,0.251174329108563,0.184853337267534,0.252190974717483
1577,0.256297030125118,0.215762883720165,0.177357732649686,0.219593991901336,0.208777147980439,0.252041731607744,0.185631318254847,0.253138406827364
1578,0.25697459680543,0.216653981475206,0.177826434587703,0.220245575547804,0.209573226915966,0.252917190897983,0.186415668616758,0.254102908196653
1579,0.257640097783885,0.217555555193973,0.17829172017538,0.220909705122054,0.210347278194645,0.253779844017729,0.187190229014163,0.255081660025334
1580,0.258306286715561,0.218434411134124,0.178762266208984,0.221560742010695,0.21113310870167,0.254645382702715,0.187963761789697,0.256048532144711
1581,0.258981060583899,0.21928757474444,0.179244332626954,0.222197987987606,0.211925677584843,0.255526804959198,0.188757941237111,0.257015847874428
1582,0.259642581125205,0.220140782703522,0.179712467074473,0.222837050480832,0.2127101033507,0.256376761881523,0.1895201614682,0.257957334747583
1583,0.260285960201925,0.220975503040363,0.180178894173072,0.223478521186694,0.213489967321873,0.257194160248977,0.190247566495056,0.258877350860399
1584,0.260934552665365,0.221820889019398,0.180629997978452,0.224108390192307,0.214267801500906,0.258032313696032,0.190990683310341,0.259805286318798
1585,0.261591016753856,0.222674821089233,0.181062001395051,0.224732906943131,0.21505087632703,0.258868926715455,0.191733173292257,0.260710423035404
1586,0.26223385142913,0.223512895080292,0.181504575310231,0.225352641911416,0.215815462769454,0.259702928186469,0.192469096603524,0.261633981616983
1587,0.262859580542808,0.224348293344947,0.181940085508132,0.225961751892695,0.216573658351583,0.260552934863976,0.193206041243916,0.262579548397212
1588,0.263499990197684,0.225183801179255,0.1823828325753,0.226571909927673,0.217321276924846,0.261384896504472,0.193943913896242,0.263509270996522
1589,0.264146588126685,0.226011306652415,0.18283782050011,0.227175100512484,0.218037941680586,0.262201394969536,0.194679387349356,0.264444662062616
1590,0.264780796716641,0.226828760145445,0.18328061052228,0.227782870066351,0.218774516839763,0.263010950335709,0.19540375778556,0.265362354352363
1591,0.265427076377207,0.227631690138743,0.183725587452683,0.228396584940619,0.219524492790155,0.263813105178857,0.196123845111063,0.26625576032682
1592,0.266051372467845,0.228454503807093,0.184156519105664,0.228996680674517,0.220260288153096,0.264618027147751,0.196844157610233,0.267165828488259
1593,0.266650402967003,0.229295056452151,0.184578271058781,0.22959264414225,0.221005685495889,0.265413290331862,0.197557656901205,0.26808845133336
1594,0.267251566140232,0.230103495094148,0.184994213634822,0.230184538088616,0.221727682801191,0.26620683673937,0.198261119635789,0.268979854749019
1595,0.267844962327874,0.230909519528146,0.185392544860931,0.230772504315014,0.222425015553801,0.267005188712334,0.198962504141303,0.269856016494235
1596,0.268437383732839,0.231709407238619,0.185796912730522,0.231351022396259,0.22312248870324,0.267795074887465,0.199665392088236,0.270744858091711
1597,0.26903043660902,0.232482378794473,0.186200528459049,0.231930747001691,0.223801350477777,0.26857870744091,0.200363293906566,0.271620905239269
1598,0.269612760774804,0.233252508750398,0.186602466275538,0.232493348545104,0.224496422390043,0.269356404330887,0.201049815115775,0.272490198123657
1599,0.270183582897307,0.234027922578024,0.187002336323064,0.233024399148468,0.225200012588134,0.27012994495768,0.201735366859645,0.273378007743462
1600,0.27075850177978,0.234798023690398,0.187405937948251,0.233572708949366,0.22589595283165,0.270898156966172,0.202413199619013,0.274242801801467
1601,0.271325215784163,0.235548083750307,0.187811156896382,0.234126739245398,0.226609177171321,0.271668423302571,0.203080344243213,0.275072701876946
1602,0.271897037727244,0.236298860696459,0.188213180315345,0.234669876610849,0.22729338454966,0.272409024134512,0.203737551644176,0.275915602282831
1603,0.272486960464827,0.237060440931687,0.188632610743182,0.235217617345315,0.227953910098484,0.273118187478203,0.204388673992115,0.276770622223453
1604,0.273052638522606,0.237808727988784,0.189019515137086,0.235759991524914,0.228615224970844,0.27385353986333,0.205038454029338,0.27760887914298
1605,0.273598009952089,0.238539591238462,0.18938157677145,0.236291165544662,0.229258068747039,0.274579318706574,0.205671441691225,0.278435549010742
1606,0.274153966707801,0.239273712189328,0.189750331727016,0.236820226914315,0.22990878740108,0.275312486831516,0.206305440597409,0.279261100101219
1607,0.274717645864778,0.240019925297734,0.190098603751233,0.237361852232608,0.230568885698542,0.276084202520432,0.206943507721373,0.280070031840624
1608,0.275251075828385,0.240736760893869,0.190453481901986,0.237872644620571,0.231209779112772,0.276818171441613,0.207576484629941,0.280890022400906
1609,0.275775902576502,0.241420592227539,0.190817698328757,0.238343351967869,0.231846357124887,0.277512831514858,0.208205263885437,0.281731133106413
1610,0.276294862044301,0.242127312850067,0.191176965674118,0.238843927398043,0.232471061638816,0.278231363187695,0.208828389874525,0.282538647066729
1611,0.276770196226224,0.242834688235858,0.191533118521609,0.239351724710132,0.233074271966219,0.27897253428603,0.20945714049873,0.283328137261317
1612,0.277274666264681,0.243534625270389,0.191882921335903,0.239845915804682,0.233683708020738,0.279672048896187,0.210067616091823,0.284124367957741
1613,0.277812338507836,0.244249317570024,0.192237162551422,0.240360598622786,0.234300480522798,0.280360830885454,0.210661556779759,0.284906738596613
1614,0.27832030192012,0.244950100849394,0.192578797754998,0.240850108200844,0.234894813317222,0.281039245323489,0.211251139804219,0.28567987851883
1615,0.278815471007174,0.245634801893928,0.192893416261665,0.241306763542339,0.235465574490382,0.281661323038058,0.211822373701651,0.286459805211682
1616,0.27931529811604,0.246310579304983,0.193231287804495,0.241767111351697,0.236051498741954,0.282319116572127,0.212403662066921,0.287227573389664
1617,0.279811659114281,0.246991081754267,0.193584817174116,0.242225299101686,0.236641120971011,0.283017589703177,0.212993091313894,0.287970101724483
1618,0.280289958107847,0.247651859131906,0.193920811525763,0.242680988236655,0.237210608614605,0.283678144667334,0.213566692797138,0.288720024287831
1619,0.280770483822601,0.248285948422665,0.194269345897985,0.243126317773929,0.237788972935469,0.284321023501726,0.214143962837217,0.289492203690588
1620,0.281233251524561,0.248922740006152,0.194595314033643,0.243572808598836,0.238347573249306,0.28497109621212,0.214699685523403,0.290221391734281
1621,0.28166302622224,0.249554080862316,0.194888597758403,0.244028861374836,0.238868357964755,0.285624370872102,0.215231666981184,0.290923608466566
1622,0.282103814147444,0.250174395863455,0.195195272578129,0.244464646736079,0.239400367773003,0.286239766844354,0.215762823287212,0.291621083437186
1623,0.282547066027789,0.25078270824164,0.195507858081305,0.244887959451548,0.239939785042604,0.286832184145697,0.21627491403315,0.292276719146614
1624,0.282980269612924,0.251393772919078,0.195806127885522,0.245308009541281,0.240462068573214,0.287439493334621,0.216800292146013,0.2929602252794
1625,0.283413095257251,0.252002014218607,0.196097027384205,0.245701535653764,0.240961344086009,0.288020500757751,0.217334771333762,0.293675457083713
1626,0.283831359948722,0.252603442557331,0.196388067136572,0.246115219539687,0.241482750905014,0.288601362374033,0.217854358787164,0.294348251708686
1627,0.284240391350318,0.253206871685414,0.196667008474444,0.246553384646902,0.242018775449016,0.289213580898219,0.218376061626139,0.295009749096588
1628,0.28463945468929,0.253797464033333,0.196947032915084,0.246965416268758,0.242533635007057,0.289793473615865,0.218886003946177,0.295660873035149
1629,0.285016155041592,0.254385594860038,0.197240648449232,0.247387573718213,0.243060015717671,0.290334811984371,0.219392099530154,0.296269894770682
1630,0.28540721254027,0.25494692926792,0.197513561157764,0.247775191193541,0.2435633268488,0.290887531024661,0.219871535358867,0.296895488138062
1631,0.285795765260956,0.255491653376537,0.197770696323595,0.2481071030677,0.244036700682848,0.291446911314123,0.22032555398045,0.297543804668062
1632,0.286181005749647,0.256026632682442,0.19802450484372,0.248468704716613,0.244503400580449,0.291984742269741,0.220787560748163,0.298161190762502
1633,0.286583035903895,0.256524359279246,0.198264158546981,0.24883886333286,0.244960997447171,0.292502017749115,0.221237704574267,0.298755872637023
1634,0.286964590255661,0.257040113826353,0.198506828673285,0.249195482075678,0.245414794751583,0.29302821391483,0.221674835647546,0.299357347782557
1635,0.28733708083614,0.257564049651595,0.198750043400343,0.249568750145103,0.245860157819655,0.293550213426586,0.222099640853528,0.299948033392262
1636,0.28769569852363,0.258078124500418,0.198986278437902,0.249915308679416,0.246290385069701,0.294064952305316,0.222543840314116,0.300534449684444
1637,0.288034172338516,0.258603903970657,0.199211669670463,0.250222199987671,0.246698315570714,0.294593827235226,0.222999328446422,0.30113885710669
1638,0.288373313454985,0.259100151793466,0.199446607108888,0.250546148680898,0.247125028530118,0.295092446162564,0.223422519421502,0.301704922324407
1639,0.288699979937922,0.259583616062337,0.199692771029088,0.250870334738777,0.247561012863858,0.295571832815558,0.223853073301868,0.302247729122033
1640,0.289027677394297,0.260045445101929,0.199917270881872,0.251190858298998,0.247972200221512,0.296034684897782,0.224264047660631,0.302773341886275
1641,0.28936958208199,0.260471666714143,0.200135496091732,0.2515287278689,0.248398735644786,0.296467512633455,0.224631848267082,0.303264260807024
1642,0.289682720820225,0.26090914305523,0.200352968005728,0.251836762795261,0.248791837320402,0.296909135530404,0.225002625826083,0.303760701851651
1643,0.289978038025495,0.26134493205652,0.200553336663249,0.252119055221286,0.249140410427918,0.297349576712987,0.225378769953934,0.30425122267627
1644,0.290266059032098,0.261761973890561,0.200753805592738,0.252409039600414,0.249492615300334,0.297770362388193,0.225743336804345,0.304730817721086
1645,0.290535981490707,0.26218587001666,0.200972202745963,0.252693247078711,0.249832563668771,0.298200402800291,0.226100464037393,0.305221560276416
1646,0.290797810162537,0.26257583035229,0.201161254657839,0.252964583300002,0.250172207125509,0.298592175726977,0.226431743860292,0.305670601625095
1647,0.29105180697739,0.26292020344357,0.201319384102666,0.253241370356771,0.250514825229822,0.298934850665455,0.226740439181748,0.306087111655183
1648,0.291297425800838,0.263280188791474,0.201489898194917,0.25349465750269,0.250832569818006,0.299293084794015,0.227054708059206,0.306492917306277
1649,0.291530731108977,0.26364249028307,0.201649853503611,0.25371585767162,0.251134932527036,0.299648375981865,0.227356582226606,0.306863554047344
1650,0.291755286185745,0.263978785106558,0.201812925810805,0.25394537094179,0.25143323910233,0.299980915121849,0.227643924662173,0.307236389908023
1651,0.291976314082938,0.264316138969041,0.201998526507008,0.254172658403962,0.251718005335894,0.300311081916367,0.227935832692514,0.307617091706945
1652,0.292182535699196,0.264627395225185,0.202149140196042,0.254388487037082,0.251986756245152,0.300626075006919,0.22821176656633,0.30796499953223
1653,0.292375265523139,0.264902563724545,0.202273996107198,0.254606753090418,0.252259073701068,0.300917369137914,0.228466748790925,0.308294426701125
1654,0.292557481122315,0.265174412413021,0.202406451086918,0.25480394710969,0.252501945097789,0.301193733174528,0.228703360234565,0.308605330812683
1655,0.292728239000647,0.265439801725508,0.20252673563162,0.254968734960907,0.252706148413314,0.301461046673591,0.228931328422536,0.30888652109462
1656,0.292886986060094,0.265683200700428,0.202638781791512,0.255153546529725,0.252915703070403,0.301715527214516,0.229145756268856,0.309159955667687
1657,0.293027406829122,0.265895879781075,0.202741459345376,0.255347888832691,0.253117571290687,0.301938511406346,0.22932428198515,0.309419336426999
1658,0.293169135500814,0.266121201292185,0.20286011172365,0.255521384191507,0.25330577263005,0.302171339829607,0.229516757871398,0.30966534013267
1659,0.293301148591376,0.266344077155417,0.20298346398023,0.255698901067314,0.253480520860513,0.302415324267256,0.229723295187808,0.309890554031099
1660,0.293433202865575,0.266553966728585,0.203090317240556,0.2558579957584,0.253656251290168,0.302630334258932,0.229900152924567,0.310116892647915
1661,0.293567578593585,0.266782598491433,0.203210346550378,0.25599233189433,0.253816404812149,0.302833323848353,0.23006457523385,0.310340067689047
1662,0.29369322624611,0.266961571507839,0.203311448063429,0.256121666844381,0.253985770503863,0.303023618955051,0.230218536125758,0.310547270941459
1663,0.293813801126523,0.267082163187419,0.203380151646675,0.256236698515989,0.254170819241406,0.303192489749218,0.230338741005739,0.310754506004029
1664,0.293924941213256,0.26724217013317,0.203459582323971,0.256362010419411,0.254329251025407,0.303354189908235,0.230480562946045,0.310932257412787
1665,0.294035286743501,0.26741061579489,0.203555869219115,0.256493764346202,0.254494540670787,0.303517483286417,0.230647793293936,0.311087099489583
1666,0.2941235494683,0.267545094603444,0.203618415079084,0.256597102437939,0.254615132067249,0.303645051470242,0.230767490805675,0.311227046144477
1667,0.29420973100067,0.267717359080345,0.203653787414207,0.256700017853971,0.254696214264211,0.303745710355264,0.230889956762948,0.311359644472758
1668,0.294258270325005,0.26779986764145,0.203700966195714,0.256782032987741,0.254778863227679,0.303835342670763,0.2309612297909,0.311446445680165
1669,0.294284025311138,0.267794029977479,0.203743418211507,0.256838068216938,0.25485483655,0.303916018843627,0.230963497254788,0.311506026613734
1670,0.294278834739112,0.267811510848324,0.203768271167853,0.25687539917371,0.254880995662649,0.303949665110079,0.230991942101643,0.311536160690688
1671,0.294230896667104,0.267817728251286,0.203795275180832,0.256907950872047,0.254892143842801,0.303959306923056,0.231028189916811,0.311531343694348
1672,0.294181811663357,0.26777372216647,0.203804357359961,0.256908040208855,0.25486160894992,0.303938861841267,0.231009557923505,0.311489892539901
1673,0.294121527815261,0.267719251948768,0.203792794835109,0.256861854954283,0.254761531549629,0.30387162547006,0.230976208027632,0.31143423309929
1674,0.294026964749205,0.267615254641295,0.203766926607289,0.25682948724817,0.254678557087326,0.303787122071953,0.230911295335451,0.311311858852265
1675,0.293916852768548,0.2674526858515,0.203734188850963,0.256790422091183,0.254603893462991,0.303690570564182,0.230799236940841,0.311124737647432
1676,0.293775683580649,0.267265454551364,0.20368322796034,0.256737469039325,0.254469984783792,0.303550626813147,0.230662879752615,0.310921335891642
1677,0.293599545076454,0.267046893700059,0.203610060216494,0.256699074174418,0.2543060926922,0.303379666369522,0.230505655763595,0.310681655404578
1678,0.293398674094107,0.266804134827973,0.203522102620324,0.256599612078892,0.254118674318196,0.3031628022677,0.230327550837151,0.310396743631639
1679,0.293168321589921,0.266525221538566,0.203426318283876,0.256462490903684,0.253880025968213,0.302904847045816,0.230111880138228,0.310081498074816
1680,0.292926849470382,0.266214253113303,0.203304884223428,0.2563095353201,0.253639023417841,0.302615871532935,0.229875913631799,0.309719830834463
1681,0.292671504566345,0.2658935840357,0.203158707619281,0.256114854174158,0.253398811977585,0.302280728794417,0.229639766953055,0.309309916534197
1682,0.292367151403109,0.265506318186969,0.202996562825942,0.255912755013209,0.253108938238191,0.301922458385864,0.229345504517947,0.308853376671992
1683,0.29204377938958,0.265067770182365,0.202814193416766,0.255699519156667,0.252785283628442,0.301545475313582,0.228995454744084,0.308359246324502
1684,0.291673950807069,0.264584819275225,0.202619416591434,0.255462728071436,0.252434487709179,0.301112439936057,0.228638762646518,0.307812328872823
1685,0.291228063677883,0.264043000861723,0.202407500778077,0.255202787237703,0.252046098946195,0.300628525525908,0.228251802115529,0.307195604126877
1686,0.290815335915737,0.263483676360378,0.202177309962225,0.254921892294941,0.251639187213433,0.300128511768517,0.227845164088022,0.306571869662875
1687,0.290396104563947,0.26287303025712,0.201931827704945,0.254615751263775,0.251199109877218,0.299568416396434,0.227414493089785,0.305901768922588
1688,0.289958080840038,0.262263246556482,0.201669798651772,0.254306308029601,0.250755471723927,0.299037596661082,0.226972283484148,0.305236103031931
1689,0.289531416585732,0.261631491253938,0.201378517870572,0.253980473312162,0.250297675841339,0.298512904388574,0.226503611930535,0.304560568994884
1690,0.28904898340689,0.260991473702233,0.201097353743399,0.25363702659718,0.249811207792951,0.29795212104404,0.226030037385401,0.303854001432955
1691,0.288523251703778,0.260351664355118,0.200819086634021,0.25328828439179,0.249311728399097,0.297396379439596,0.225552515074029,0.303136839538209
1692,0.287995312380343,0.259658789106351,0.200508125568489,0.252912468270884,0.248782235938374,0.296781270814392,0.225045740169181,0.302378712020045
1693,0.287428022521919,0.258930244651342,0.200184865094182,0.252497069366328,0.248205475691951,0.296098376770588,0.224517552707256,0.30157880191198
1694,0.286884991367018,0.258200124668696,0.19985000265997,0.25210486911913,0.247653845739028,0.295460145737689,0.223977834119417,0.300774219411229
1695,0.286353275063769,0.257429579180992,0.19948353606927,0.251708142602106,0.247094567654223,0.294815898508351,0.223412995190365,0.299935840186649
1696,0.285788038429593,0.256671423136781,0.199127366589501,0.251311176199059,0.246536289839322,0.294153333646185,0.222850146965174,0.299113510342207
1697,0.285216284979164,0.25591449438807,0.198771868664146,0.250920760735563,0.245992384547637,0.293500319834443,0.222271380032672,0.298277756247689
1698,0.284627337761548,0.255157315433164,0.198409751537808,0.250521822089895,0.245412923059368,0.292832196170956,0.221706483261869,0.29746295171923
1699,0.283993091409926,0.254380165219848,0.198034595908101,0.25011861993554,0.244808981185208,0.292117972676775,0.221140024377513,0.296664345185345
1700,0.28341198158543,0.253637031463352,0.197672765791809,0.249701327349708,0.244217551090162,0.291458399028338,0.220578800145567,0.295843365665682
1701,0.282837272502741,0.252906418330089,0.197309957762151,0.249270849105342,0.2436004222248,0.290821919982988,0.220018162678933,0.295013767954009
1702,0.282296996446644,0.252198767944885,0.196966321408901,0.248860834268473,0.243032169179275,0.290198950575304,0.219479663983722,0.294210154321836
1703,0.281783554120075,0.251504504409254,0.196620990747919,0.248428918789248,0.242476054571853,0.289592621430367,0.218948501029468,0.293383117853996
1704,0.281294306491592,0.250842850147662,0.196323390358548,0.248066755340078,0.241966931556186,0.289003459726399,0.218429513339871,0.292639899887769
1705,0.280827506402234,0.250198151273537,0.196051555360728,0.247751489976287,0.241496006953531,0.28842100144868,0.217923100082923,0.291947154447318
1706,0.280388975086912,0.249610120546536,0.195800673767115,0.247419726452318,0.241032743892541,0.28789702393633,0.217452702043925,0.291271020291673
1707,0.279981982096359,0.249063675322082,0.195594199046542,0.24710717917211,0.240609113627167,0.287409972741923,0.216995310022163,0.290635927546385
1708,0.279598479371209,0.248543053741699,0.19536173964951,0.246820719158803,0.240158083709042,0.286940417039892,0.216578722943652,0.290002237459269
1709,0.279215538244708,0.248040233130197,0.195127842619968,0.246533489350505,0.239709263978544,0.286481284408134,0.216166568421613,0.289412722103452
1710,0.278840616184099,0.24755452077394,0.194915775195071,0.246242399580462,0.239275920353794,0.286056592309363,0.215743765283067,0.288845857439413
1711,0.278495959870392,0.247105614752627,0.19469873122788,0.245989553823544,0.23887109075046,0.285642196343219,0.215353647766989,0.28831606544034
1712,0.278175886856847,0.246659514243781,0.194505562047154,0.245719898023352,0.238509884539728,0.28524166186615,0.214982469974675,0.28783254403232
1713,0.277899733249931,0.246251947114626,0.19435247942012,0.245443913370577,0.238161609155822,0.284903896096821,0.214651222374622,0.287354714355311
1714,0.277652411563464,0.245858490502773,0.194207055674167,0.245211777921135,0.237828839959256,0.284562264263043,0.214346918452489,0.286863330856641
1715,0.277409789663888,0.245457055888988,0.194064375553374,0.244995179511952,0.237508432861533,0.284182371658212,0.214026555436876,0.28639974749655
1716,0.277170970590586,0.245145685027874,0.1939259152352,0.24476231314761,0.23715848709866,0.283862468734979,0.213718344828503,0.285966558244216
1717,0.276937657327553,0.244795046208716,0.19379302096365,0.244545771379155,0.236831908428652,0.283521756887695,0.213378991187053,0.285521978831908
1718,0.276714164216064,0.24444156635087,0.193665759327847,0.244361789262476,0.236533167802274,0.283174602244279,0.212987584096534,0.285118766014898
1719,0.276497560802456,0.24408822849259,0.193535791874365,0.244148637869731,0.23621057017408,0.282823262480259,0.212637831422108,0.284694390407525
1720,0.276305668644063,0.243701589982783,0.193418521664757,0.243939571700959,0.235908211703374,0.282457765682755,0.212293894614834,0.284229292171102
1721,0.276089390639181,0.243335529269448,0.193290350723965,0.243710170552154,0.235574698631845,0.282092718289508,0.211954152427885,0.283788210821638
1722,0.275856199608734,0.243007525210862,0.193145945986699,0.243441680908434,0.235188079871749,0.281730994659165,0.211664651641423,0.283369692058134
1723,0.275629062102027,0.242641651047015,0.19300552655154,0.243183882179345,0.234816814755239,0.281357456989366,0.211336659581458,0.282930678562029
1724,0.275390205609014,0.242258664374646,0.192857972754959,0.242920918091752,0.23444044541219,0.280979149180947,0.210978632990207,0.282496609262478
1725,0.275153347851474,0.24187301066364,0.192723961687338,0.242658261053944,0.234066758026829,0.280592267990595,0.210620466351605,0.282047180084073
1726,0.274923233300095,0.24145640295108,0.192597541735127,0.242401478485061,0.233700168006297,0.280184356100853,0.210236899425559,0.281568630281303
1727,0.274698560585878,0.241057815391238,0.192475373836525,0.2421319222376,0.233334770519002,0.279788682879603,0.20987637582614,0.28110274336993
1728,0.274454364753172,0.240662314188766,0.192360322538742,0.241846900564843,0.232949926095242,0.279394271214644,0.209522811508628,0.280630482145235
1729,0.274242666082046,0.240277691304332,0.192248830012836,0.241579453797533,0.232594454896896,0.279000036002105,0.209173279317741,0.280170143133818
1730,0.274077818084748,0.239912127302243,0.192156994760463,0.241317426279377,0.232289744615727,0.278616579284667,0.208850274151007,0.279719871709306
1731,0.273874238166093,0.239528326203824,0.192038540868292,0.241047418061684,0.23193045407939,0.278224923366979,0.208502495548961,0.279270091704367
1732,0.273674826907826,0.23915695026873,0.191909820060841,0.240798074044845,0.231558313915533,0.277824744376372,0.208138945886874,0.278841104872047
1733,0.273455995799275,0.238760120872987,0.191783589190256,0.240516425660012,0.231182622670902,0.277425474707178,0.207781160445673,0.278384389811409
1734,0.273195732191068,0.23834280539706,0.19163573995838,0.240204709831272,0.230754466496606,0.277040794282224,0.207432342084359,0.27793188110266
1735,0.272954852512216,0.237918269674311,0.191499565987431,0.239903634546194,0.230356340712466,0.27662322532359,0.20705019847158,0.277444609735923
1736,0.272744422899808,0.237484357446768,0.191396348675385,0.239604560243835,0.230012799562775,0.276200212321785,0.206671026706671,0.276928194404197
1737,0.272483359854359,0.237027479483877,0.191243901908664,0.23928315540412,0.229604188169809,0.275750263256267,0.206250613405722,0.276397634281152
1738,0.27221056397275,0.236576189120488,0.191078455914495,0.238969104958829,0.229179607165206,0.275276778088071,0.205780371206562,0.275851564856276
1739,0.271902236757428,0.236058670379726,0.19087846958598,0.238611499527423,0.228712795993349,0.274769084946721,0.205308784071514,0.275267507935333
1740,0.27154716447206,0.23550300453841,0.190633011013243,0.23820790827742,0.228201808990343,0.27422936846273,0.204832023889678,0.274679880677504
1741,0.271177293029856,0.234914494300294,0.190384603328964,0.237807542885467,0.227662700439519,0.273677631808809,0.204310518582532,0.27401778800419
1742,0.270794511052641,0.234277594990878,0.190118108247619,0.237400858768396,0.227082915153936,0.27311060945567,0.203765447045652,0.273287381007337
1743,0.270370916677672,0.233610918216164,0.189834342938232,0.236957531167123,0.226496295813852,0.272497896145408,0.203191673440627,0.272548339447598
1744,0.269915035848132,0.232913926139186,0.189536399043917,0.236492436220413,0.225868679459434,0.271864858674973,0.202577397092063,0.271767434842362
1745,0.269436205068769,0.232182483278738,0.189228383011097,0.236018347483847,0.225253398205358,0.271193902618914,0.20194676182013,0.270962301269672
1746,0.26892435152055,0.231395737833532,0.188903407582598,0.235512277110249,0.224655453742105,0.270454062530077,0.201297141318499,0.270127303042972
1747,0.268389423193683,0.230612231139685,0.188559572009585,0.23499419274336,0.224002149255549,0.269736406533653,0.200618468208299,0.269290975632598
1748,0.26781183908117,0.22980090802834,0.188202066562467,0.234472378664087,0.223325179839663,0.269007140185709,0.199885687386827,0.268424523906041
1749,0.267253575599418,0.228990946715492,0.187823231093197,0.233931800325901,0.222623289384358,0.268271833426642,0.199186934268161,0.267542904135875
1750,0.266685701117826,0.22817590690258,0.187415911597889,0.233351748113504,0.221864509878484,0.267535106161462,0.198492628960026,0.266648375594604
1751,0.266097074531617,0.22734982136267,0.187015318904908,0.232798440846674,0.22113914426208,0.266781338135946,0.197775658101248,0.265760552562507
1752,0.265503348250861,0.226500174768538,0.186596610720375,0.232250372415709,0.220407930013762,0.266007284035184,0.197057157395929,0.264839815267508
1753,0.264923709555312,0.225691406233809,0.186197595279151,0.231696113915995,0.219692785105771,0.265241718502456,0.196340663879536,0.263960231338792
1754,0.264321790801596,0.224891192666219,0.185807058043248,0.23114526329212,0.218988319341179,0.264463220111252,0.195605417076871,0.263114607634838
1755,0.263750560859116,0.224081348651645,0.1853869155639,0.230572837603312,0.218263009298161,0.263692327013884,0.194858591088003,0.262256184807498
1756,0.263172632994537,0.223281163493764,0.184995079498473,0.230010086587225,0.21755754329772,0.262949926753265,0.194131602973974,0.261374500536811
1757,0.262630027199836,0.222493410793865,0.184608215456342,0.229480148558576,0.216850031126215,0.262236910383044,0.193449416152866,0.26051206959516
1758,0.262087001433195,0.221741788202348,0.184228609762791,0.228952836770824,0.21618075218987,0.261546688978145,0.192769045272594,0.259692992021196
1759,0.261546051564752,0.221038953720344,0.183887631263411,0.228445434343355,0.215553012476471,0.260876812702909,0.192167781630712,0.258905702145764
1760,0.261053585286857,0.220352503779714,0.183556529968805,0.227960207513191,0.214948967799843,0.260221144596699,0.191618566752723,0.258154704863106
1761,0.260590819110041,0.219671135160914,0.183264583065047,0.22746830796851,0.214397975288291,0.259606450465357,0.191035914815475,0.257443499409201
1762,0.260155071120581,0.219042023519687,0.182976511023072,0.227017182805555,0.21385133654964,0.259001393089575,0.190448497348185,0.256746018728655
1763,0.259761455900737,0.218462197092351,0.182696827788312,0.226599854018545,0.213300822152956,0.258420284806947,0.189873817330047,0.256093889640721
1764,0.259374863307865,0.217930918732556,0.18244151769567,0.22617306548713,0.212775259620506,0.257897643497408,0.189320820132409,0.25548384818507
1765,0.258973386097757,0.217424728448986,0.182184635756916,0.225788731471901,0.212250299367157,0.257398693349472,0.188828894379042,0.254886898069841
1766,0.258616991285881,0.216899082495743,0.181949704740834,0.225420613881904,0.211767538839165,0.256930733165932,0.188385362805808,0.254329235150425
1767,0.258352152078979,0.216423086026987,0.181769516737673,0.225103625536592,0.211363346687488,0.256531352051531,0.187964027542262,0.253834563945565
1768,0.25814248392813,0.216005341266161,0.181627265554987,0.224850755889843,0.210964871952932,0.256156932295459,0.187566656860383,0.253372951061073
1769,0.257959254558206,0.215608757838933,0.18147919667984,0.22458588144268,0.210588799451115,0.25577267781537,0.187194196713785,0.252950500775065
1770,0.257756080367991,0.215258790625438,0.181343420723786,0.22433026821184,0.21022874978592,0.255417432726226,0.186837514406997,0.252553202530813
1771,0.257527666969755,0.214953108058214,0.181195753446615,0.22404518241414,0.209856020283296,0.255077042850421,0.186517142691428,0.252123739280024
1772,0.257313229989984,0.214628448845072,0.181062550407111,0.223778758174312,0.209516937513275,0.254752346403076,0.186197804119372,0.251734758595155
1773,0.257091788395317,0.214350233994543,0.180942362106127,0.223523547849058,0.209193390258903,0.254467775713556,0.185870732319622,0.251381339523168
1774,0.256905973587656,0.214057533736774,0.180836858869091,0.223293725926513,0.208904363160756,0.254186352591078,0.185577214106082,0.251040662602547
1775,0.256740469801744,0.2137137639835,0.180751096476416,0.223083454341012,0.208652368622405,0.253905197564971,0.185302859505163,0.25072964270739
1776,0.256589613571888,0.213429539263332,0.180665115800068,0.222887475955203,0.208410535244788,0.253646539837215,0.185050711590488,0.250429351747912
1777,0.256464470381894,0.213168907516111,0.180591116046066,0.222702131973469,0.208201204616533,0.253404892008002,0.184840848636965,0.2501282499437
1778,0.256345153454389,0.212934413045462,0.180516053604736,0.222531601018645,0.207981903901802,0.253174459608667,0.184623611253589,0.249859075214997
1779,0.256228535300433,0.212753205994402,0.180435943706847,0.222369099333107,0.207749853952631,0.252949828215922,0.184409003375626,0.249617528309995
1780,0.256130039763448,0.212561058280382,0.180370801351127,0.222241964365122,0.20756663709881,0.252775094369495,0.18421956014214,0.24939790540543
1781,0.256062971119856,0.212372008313822,0.180308408354245,0.222164201612907,0.207401116575888,0.252625342378578,0.184022315345104,0.249209011427269
1782,0.255998278315019,0.212216204109554,0.180272456317399,0.222087691461961,0.207286646694558,0.25249981983302,0.183876795632025,0.249036708195024
1783,0.255939673006638,0.212058970792822,0.180243113468393,0.222023303671874,0.207243673532545,0.252423169727832,0.183784566519598,0.248878644671856
1784,0.255902623853703,0.211954575080054,0.180253843023196,0.221975491154973,0.207169243629642,0.252343646190512,0.183689326503381,0.248741905758323
1785,0.255859201149045,0.211901571836955,0.180309774754487,0.221926126311373,0.207105930487516,0.252275195372261,0.183619086492227,0.248624187411104
1786,0.2558620091976,0.211848352502285,0.1803402796852,0.22190635088457,0.207036776567772,0.252237354529149,0.183566812890897,0.248543151904797
1787,0.255909444416384,0.211825517213729,0.180389031121244,0.22192375561022,0.206941733464155,0.252223938519122,0.183517046995434,0.248495671787515
1788,0.255953568349674,0.211804327464601,0.180429510998749,0.221937665508351,0.206898476978134,0.252214724925706,0.183490996723339,0.248450334830816
1789,0.256014160886368,0.211793947857873,0.180449833603509,0.221956290147069,0.206881718131226,0.252217243228788,0.183503538509317,0.248424840746927
1790,0.256120685457347,0.211798993187447,0.180518960649581,0.222019999977397,0.206878940870984,0.252226283308769,0.183465322729157,0.248404167896019
1791,0.256228460908191,0.211829095356181,0.180591682150078,0.222101956788175,0.20692636735456,0.252284991328408,0.183481803473265,0.248445666972367
1792,0.256310025307261,0.211863140046532,0.180673840805967,0.22217903068491,0.206975984305001,0.252392816146691,0.18349715503266,0.24853587432722
1793,0.256408090473338,0.211908266355841,0.180744647552835,0.22225258179156,0.207024019736999,0.252508907825392,0.18351542059328,0.248609797874577
1794,0.256491734007816,0.211983378265538,0.180809124896347,0.222341006602942,0.207121258159569,0.252637216525896,0.18358228024076,0.248689561047275
1795,0.256554099427389,0.212053616250192,0.180887750388905,0.222442218824956,0.207203498090517,0.252759291406423,0.18365523613258,0.248799415749085
1796,0.256671988278043,0.212149797969302,0.180979293082274,0.222575653283118,0.207281057679708,0.252865256624582,0.18372643025874,0.248921965070059
1797,0.256830694660619,0.212279606252899,0.181099060103209,0.222733257944308,0.207408699481378,0.252991162264287,0.183814830359502,0.249062986162731
1798,0.256953740469462,0.212434434715874,0.181248443261386,0.222857812167435,0.207559401849733,0.2531711750227,0.183906437142834,0.249246252435713
1799,0.257111301548753,0.212606170972567,0.181396457392742,0.222999216472102,0.207691701739958,0.25335550190614,0.184012653099929,0.249416690192338
1800,0.257299355441308,0.212772589963869,0.181539063874045,0.223164142451078,0.207826971020853,0.253522904268082,0.184121492275525,0.249544512990335
1801,0.257299355441308,0.212772589963869,0.181539063874045,0.223164142451078,0.207826971020853,0.253522904268082,0.184121492275525,0.249544512990335
1802,0.257463651458276,0.212935728753589,0.181651949700203,0.223337723675161,0.207962881261764,0.253633392388765,0.184184439084463,0.249665333789842
1803,0.257646698295234,0.213106835112924,0.181788323672601,0.223578866930903,0.208131130912624,0.253739163462745,0.184198920031313,0.249794556754719
1804,0.257839673638112,0.213323198899847,0.181905247357681,0.223742390154153,0.208368584854203,0.253921369714996,0.184366815533432,0.249955783036331
1805,0.257954825799589,0.213521996969232,0.181969117784865,0.223833510025045,0.2084870931737,0.254097475138643,0.184529031965531,0.250124711437048
1806,0.258122048960651,0.213711460909786,0.182089741437179,0.223950822485816,0.208668564111697,0.254283496393686,0.184628845040249,0.250327997333155
1807,0.258364811233061,0.213883842198973,0.182275932761402,0.224156453512177,0.209065346456926,0.25451294707137,0.184742313949065,0.250590894963592
1808,0.258513084972601,0.214019467443667,0.182435880687175,0.224373901079176,0.209326371555755,0.254694806677401,0.18485610206289,0.250769441949951
1809,0.258541900492432,0.214171463439158,0.182557407521654,0.224553822599922,0.209437785655292,0.254794588204525,0.18499162638161,0.250878727487603
1810,0.258621458750332,0.21429647757048,0.18265941715978,0.224764471559037,0.209624282266298,0.254953051482248,0.185171431418447,0.25107052559389
1811,0.25876830694475,0.21445642592811,0.182786149005371,0.224943928943496,0.209815101806208,0.255108801385194,0.185273749238299,0.251240197594569
1812,0.258939214328027,0.214633113817212,0.182880003524844,0.225089744078291,0.20995236226745,0.255289049842915,0.185381362070125,0.251441476996101
1813,0.259062089622752,0.214850877095986,0.182974480905763,0.225152981456365,0.210043499264719,0.255400721019302,0.185429283003396,0.25158387673848
1814,0.259200392171115,0.21499466871104,0.183086334360154,0.225213732768861,0.210214058257329,0.255569563524612,0.185435820339784,0.251708371141544
1815,0.259358737131693,0.215094993143651,0.183163303413104,0.225337366922886,0.210382331106152,0.255742237553055,0.185423359308585,0.251871857354438
1816,0.259449267165368,0.215156673884955,0.183181328773611,0.225439871009715,0.210484402360486,0.255806380596933,0.185478202839262,0.251993016077225
1817,0.25948617045759,0.215210390569052,0.183261580414,0.225542510444438,0.210579214134029,0.255891889336735,0.185576509374236,0.252058994959526
1818,0.259524156773947,0.215299919754427,0.183352289542436,0.225639115745964,0.210674210236719,0.255985327424897,0.185607536925853,0.252155204510085
1819,0.259570166370626,0.215384946500889,0.183374492084158,0.225602045134673,0.210745875714006,0.256012834451519,0.185570399766631,0.252217929558861
1820,0.2596137805078,0.215451245015254,0.183394171990643,0.225548964260023,0.210749774122182,0.256024579906427,0.185512193521027,0.252220232914057
1821,0.259625985657805,0.215475070261804,0.183414118988655,0.225518421666981,0.210756900066126,0.256047541267394,0.185463311883135,0.252211443218303
1822,0.259582373114692,0.215459048200971,0.183365479404045,0.225491304138912,0.210705425781161,0.256089718054087,0.185388878983653,0.252219331239621
1823,0.25958482982011,0.215385419134525,0.183333125337608,0.225457202144804,0.210720756068347,0.256109166043044,0.185326542488894,0.252231138265987
1824,0.25959521096676,0.215293617595679,0.183359961583529,0.22544971385627,0.210692953260984,0.256034101440658,0.185265492256652,0.252204952479524
1825,0.259528778319966,0.215204404065182,0.1833301964514,0.225431187202234,0.210616795731312,0.255962850428562,0.185228478679974,0.252124343279698
1826,0.259500721259752,0.21511033489869,0.183252813871549,0.225365936138236,0.210557914820133,0.255933326207356,0.18515036419103,0.252040659782702
1827,0.259457282410377,0.214985979961729,0.183137847801349,0.225299337113867,0.21044338755167,0.255823805353939,0.184998579681034,0.25193665509184
1828,0.259378779966246,0.214804174951959,0.183030637980719,0.225197012312414,0.210325135012665,0.255706792035555,0.184788536595332,0.251726416714948
1829,0.259259878951719,0.214596552035366,0.18296241576228,0.225027589313589,0.210186099596005,0.25561323842401,0.184490526170323,0.251467592796411
1830,0.259078821822953,0.214373560278716,0.182841886505736,0.224849055624192,0.210002770821876,0.255399076944474,0.184231401974557,0.251212994476281
1831,0.258806093946651,0.21410958399047,0.182701581366982,0.224622036454706,0.209780511383969,0.255097657320445,0.183941266772525,0.250968216862059
1832,0.258558305211581,0.21380811567047,0.182534445811672,0.224396509991016,0.20951647107854,0.254683546144799,0.183675834875316,0.250662396732763
1833,0.258341531920502,0.213509342560893,0.182338037967202,0.224137245323786,0.209220356674473,0.254323382363663,0.183373210787284,0.250301127739771
1834,0.258023915869884,0.213170012536357,0.182086297285032,0.223867893160686,0.20887289377379,0.253989531343604,0.183046419723645,0.249917094138547
1835,0.257703639630251,0.212796923828404,0.181855059210145,0.223574802316854,0.208452921591864,0.253626698840591,0.182638789940001,0.249486192396141
1836,0.257398179987256,0.212372263191829,0.181602167617713,0.223165437288856,0.208006108085246,0.253278260421057,0.182113633409449,0.248996640290142
1837,0.257010064760139,0.211833527965903,0.18127446018537,0.222713015880078,0.207522306864863,0.252818747147051,0.18151842854931,0.248371296732932
1838,0.256630707362622,0.211283494460863,0.180906128066679,0.222281996321132,0.207045333874122,0.252188763785925,0.180931761576954,0.247723281104607
1839,0.256159585252466,0.210679539051702,0.180562875306988,0.221787014280939,0.206488853813358,0.251580077235474,0.180349279701119,0.247047980288013
1840,0.255639862812226,0.210028059640701,0.180270416683824,0.221217599378821,0.20593512893074,0.250977628655254,0.179807651323269,0.24631269865224
1841,0.255066683718295,0.209245371137489,0.179840868206955,0.220628241063673,0.205248450630771,0.250258936638638,0.179110547468833,0.245490957360192
1842,0.254441061908124,0.208389013728499,0.179360793217423,0.220065165918674,0.204474306880667,0.249504096207212,0.178376378864081,0.244641888273679
1843,0.253729987178547,0.207507209506021,0.178861067678737,0.219396798653669,0.203616143813269,0.248654666803692,0.177605845746384,0.243795716845636
1844,0.25294081348481,0.206538766088702,0.178314601325628,0.218532123081771,0.202672537770028,0.247669069188345,0.17669470687459,0.24278299157229
1845,0.252129608425247,0.205441984718049,0.177637880359783,0.217681682125154,0.201677518732247,0.246537972396936,0.175620903191031,0.241585184998286
1846,0.251233608066077,0.204361018856672,0.176948307043979,0.216870255466756,0.200699555608398,0.245424382692294,0.174564836436321,0.240313244518655
1847,0.250265761632808,0.203247082784475,0.176289521174115,0.215927338610691,0.199660583806695,0.244246151712423,0.173490182268253,0.238997523155974
1848,0.249199809954168,0.201911378942945,0.17553455433583,0.214864440880427,0.198463065298804,0.2428785495887,0.172250306806571,0.237508924645509
1849,0.248129132890538,0.200359793757108,0.174723468854268,0.21378440202766,0.197233517402437,0.241408644598505,0.170856026045433,0.235886064744823
1850,0.24688615046922,0.198810968450458,0.173782394160118,0.212574372491977,0.195821077723406,0.239829538773145,0.169462440741612,0.234142278261738
1851,0.245506887842424,0.197214053079214,0.172766997439593,0.211245006038094,0.194220290280649,0.238117541804419,0.168039783388172,0.232287389107202
1852,0.244007104887721,0.195406244645986,0.171684974406781,0.209724075688766,0.19253121331357,0.236223404505322,0.16644943993727,0.230275464439467
1853,0.242462961527674,0.193509148116051,0.170504999707697,0.208124838894432,0.190840881721661,0.234263814463439,0.164758216669347,0.228186103581836
1854,0.24083065794427,0.191531789376095,0.16925552480481,0.206510236299531,0.188955570119805,0.232225470134151,0.162947367984443,0.225992782259701
1855,0.239016959836944,0.189391204849918,0.167980249909152,0.204797463712517,0.186899442192038,0.22997167551517,0.16101499852668,0.223593440651018
1856,0.237061417634807,0.187135214032529,0.166624264826226,0.202912786916148,0.184824591350859,0.227557596413481,0.158988995542459,0.221019155808082
1857,0.235010933190246,0.184717634824339,0.165128036260445,0.200889015670191,0.182599323327234,0.225024149006494,0.156835501687986,0.218328037053777
1858,0.232836745657046,0.182188047982212,0.163489998889218,0.198793211561358,0.180228985865548,0.222370488349837,0.154609777143261,0.215444259796038
1859,0.230516501093597,0.179513111327701,0.161800590095681,0.196544692613277,0.177707562448072,0.219557203202031,0.152253872647267,0.212426934217556
1860,0.228107582393546,0.176644744510125,0.160051349578023,0.194112042945211,0.175089905723986,0.216652733492088,0.149725482046699,0.20931982256075
1861,0.225526171907785,0.173673832465298,0.158140697231131,0.191559712731007,0.172312684233172,0.213506860610948,0.147119117074825,0.206026498057378
1862,0.222795462104693,0.170570185828669,0.156134267798575,0.188933384782634,0.169306430029147,0.21014267589405,0.144409999589801,0.202519629609223
1863,0.219879778312095,0.167391270872829,0.15397689765106,0.186114968170945,0.166273085619336,0.206664440082793,0.14162956928481,0.198905746623186
1864,0.216811996397225,0.164092954911069,0.151674756607081,0.183121711457113,0.163186470032872,0.20310368726667,0.138740046165059,0.195153108932083
1865,0.213647568677785,0.160628183664807,0.149355156818113,0.180023968938714,0.159895523290289,0.199271369900427,0.135755342243983,0.191182693806142
1866,0.210276269731208,0.157005672336726,0.146876449525031,0.176773996926384,0.156441079590393,0.195271985022286,0.132621714574967,0.187044767730188
1867,0.2067059220128,0.15321878408367,0.144285371259047,0.173419305376987,0.15278852505034,0.191123170755561,0.129331508092267,0.182646022408505
1868,0.203012001987678,0.149364400203823,0.141570720518333,0.169878916433397,0.149110686604443,0.186865731418317,0.126016879030389,0.178231046050436
1869,0.199130395298077,0.145302453389568,0.138691771653028,0.166084872306572,0.145286820044562,0.182373853377551,0.122541286760804,0.173671115568766
1870,0.195154398734291,0.141245757462521,0.135770195909953,0.162297323878537,0.141362513873061,0.177797463374108,0.119074714686611,0.16902302178404
1871,0.1910441815731,0.137153168537906,0.132755876179154,0.158410667133103,0.137346723369851,0.173141633479714,0.11556087450001,0.164251969205972
1872,0.186816860820313,0.132962824635765,0.129689659940233,0.15445390820435,0.133265434501572,0.168362869080847,0.112053527570744,0.159449549298733
1873,0.182516624674199,0.128674067829579,0.126512588881838,0.150392360617882,0.129069119956987,0.163465696125434,0.108466412794037,0.15459610233399
1874,0.178140266960374,0.124416256848119,0.123186921253621,0.146246154403707,0.124860381838398,0.15852141519313,0.104851278835543,0.149667581738812
1875,0.17361201780213,0.120127677877796,0.119754619355587,0.141975045493351,0.120676037766481,0.153506410689017,0.101239660306905,0.14465078326121
1876,0.169034308589664,0.115808091584561,0.11632999975636,0.137668743294392,0.116505019164856,0.148469890134233,0.0976653695949793,0.139644473121509
1877,0.164433251126791,0.111523682188947,0.112885964008768,0.133365233804335,0.112308641342415,0.143479655481212,0.0941353076753461,0.134693728443035
1878,0.159711295229594,0.10718098668891,0.109394923956292,0.129007589745013,0.108000968107189,0.138424900675355,0.0906236278193047,0.12966476727925
1879,0.155012561516644,0.102963844606967,0.1059108941224,0.124672172072467,0.10384434147312,0.133372810481358,0.0871481982967792,0.124731158788767
1880,0.150233980794297,0.0987609782894568,0.102358629157887,0.120256373616174,0.0997117032017411,0.128279503721325,0.0836406806465471,0.119810873852547
1881,0.145548254223241,0.0946483721554558,0.0988638324102457,0.115945597893194,0.0956350403267701,0.123325087039811,0.0802823494551728,0.115023178558553
1882,0.140848062963415,0.0905540193187868,0.0953314402013747,0.111627680272183,0.0915457694991779,0.118316231675272,0.0769566300807812,0.110228910018157
1883,0.136142543382542,0.0866171683551639,0.0918866876723259,0.10738546030082,0.0876416933576258,0.113397362673357,0.0737354600715203,0.105565362934545
1884,0.131523853808693,0.0827874722852668,0.0884666032893876,0.103210529562686,0.0838337451520439,0.108681257854343,0.0706621682226453,0.101056373330001
1885,0.12702893855015,0.0790349450287853,0.0851001258796124,0.0991144608800575,0.0800231528969796,0.104076214118871,0.0676959842705216,0.0966405707679394
1886,0.122585735257378,0.0754155121071998,0.0818330714449314,0.0951223860759978,0.0763902171895904,0.0995700538338183,0.0647915287918242,0.0923485665976013
1887,0.118116597716939,0.0718930286090533,0.0786071289949699,0.0911496409388106,0.0728802816941861,0.0950929456431756,0.0619114801197482,0.0880500832984664
1888,0.113886907472486,0.0685635671683054,0.075497319230868,0.0873874008289793,0.0695385612483643,0.0908419793031876,0.0592383000062882,0.0840739864961787
1889,0.109743681289572,0.0653031269324504,0.0724356048353742,0.0837133120224798,0.066261300501864,0.0866600420661722,0.056662200561411,0.0802877866807729
1890,0.105791913097304,0.0622956678134872,0.0695497068045322,0.0802355361965794,0.0632060269836643,0.082762206536621,0.0542446280279761,0.076670055391213
1891,0.102000445876941,0.0595705347327281,0.0667675443063335,0.0769265175285155,0.0603354021514508,0.0791024659896347,0.051998971600359,0.0732590988007408
1892,0.0983773008339975,0.0569080257268479,0.0641330439990104,0.0737769251935459,0.0576346048673544,0.0755803843906077,0.0498847839894959,0.0700317570894165
1893,0.0949029608110794,0.0543693245816027,0.0616569571486306,0.0707939539070783,0.0550998386034164,0.072224956395586,0.0479488922518559,0.0669667056679999
1894,0.0916185658400559,0.0519852454729283,0.0592912128281721,0.0679762890239175,0.0527753414355206,0.0691542221445798,0.0460670852897421,0.06411180911508
1895,0.0885101127905238,0.049805149005121,0.0570697373773469,0.0653233912522741,0.0505677369987395,0.0662104026389795,0.0442785745879304,0.0614602361694394
1896,0.0856249231604614,0.0477965865407376,0.0550189693047875,0.0628129752791521,0.0485015174165978,0.0633431968726421,0.0426733280898735,0.0589327490343383
1897,0.0828931624655762,0.0459225702597046,0.0530566463757907,0.0604816274433239,0.0465830398506286,0.0607494059001546,0.0411771497906101,0.0566278821492573
1898,0.0803441113579558,0.0442729595725914,0.0512028107163733,0.0583141101207039,0.0447900732167736,0.0583865310750058,0.0398075254756311,0.0545246790005651
1899,0.0779803439837378,0.0427135192215322,0.0495338449332314,0.0563435247804138,0.0431478599356949,0.0562004542194579,0.0385125627741413,0.052571495811335
1900,0.0758652600925282,0.0412901391179938,0.0480729567104692,0.0546252664718083,0.0417214472393121,0.0543011306842694,0.0373629819007103,0.0508749988729849
1901,0.0738239911623105,0.0399726065925816,0.0466256017324437,0.0529550176848237,0.0403553242375699,0.052444732377779,0.0363007632506923,0.0492461322100358
1902,0.0719580670532301,0.0388416215455691,0.0452802567310657,0.0514601374239072,0.0390953785353619,0.0507495181793009,0.0353342030462658,0.04776146667544
1903,0.0702285081063374,0.0377671937316131,0.0440930405939818,0.0500627890461488,0.0379647695937426,0.0491839644185763,0.0344427690627994,0.0463884262710452
1904,0.0686586496836375,0.0367806157642192,0.0430446959647406,0.0487694960389139,0.0369938576556684,0.0477270012425157,0.0337004540450642,0.0451615237444622
1905,0.067127777965854,0.0359035956978227,0.0420195478295385,0.0475648459303056,0.0360734405516738,0.0464070581957527,0.0330055973964431,0.0440219343510066
1906,0.0657997760429239,0.0350696445015953,0.0410808325992597,0.046510755760796,0.0352577900434499,0.0452331531984361,0.0323270896735794,0.0430053213301809
1907,0.0646961636459548,0.0343142565605243,0.0403105343976494,0.0456580055969335,0.0346066998937367,0.0442826074598812,0.0316439262169974,0.0421607174909309
1908,0.0635881679652108,0.0336572808625597,0.0395601986041394,0.0447660110752368,0.0339179596936577,0.0432886279198564,0.0311199658519631,0.0413024562494378
1909,0.0625776654831692,0.033095562941228,0.0387905874986477,0.0439294237575731,0.0332479549262364,0.0423653135215178,0.0307604164416171,0.0405128600861235
1910,0.0616605368730823,0.0325480651377028,0.0381763103864077,0.04320854608081,0.0326929498776341,0.041542040667273,0.0302900337873068,0.0398047064083807
1911,0.0608466736802981,0.0321227229421397,0.0377762384722685,0.0425698838031469,0.0322511621646034,0.0407899430565827,0.0298211205914195,0.0391470255097585
1912,0.0600662892529668,0.0316834962213304,0.0372993159896084,0.0419643863966972,0.0317596985032644,0.0400972886713158,0.0294545349377998,0.0385613051762809
1913,0.0593693367336273,0.031228863713982,0.0368404134537078,0.0414813444939317,0.0312995475702552,0.0395486407798332,0.0290924758899503,0.0380996062457236
1914,0.0587429681471116,0.0308376102059169,0.0364299088780914,0.0410028650836689,0.0309083101907538,0.0389838945696161,0.0287451474359058,0.0376456684472362
1915,0.0582002160000021,0.0305091285950292,0.036026161739416,0.0405055328023266,0.0305218369430069,0.0384228503215481,0.028492738740988,0.0372514409253303
1916,0.0576533381017804,0.0301948383259631,0.0356621351476442,0.0401120270750997,0.0301562610450568,0.0378982528260243,0.0282821734080392,0.036871570586812
1917,0.0571728566104577,0.0299016324013341,0.0353584106036713,0.0397381635694328,0.0298483357199795,0.0374804392932816,0.0280595454329525,0.0364951421763724
1918,0.0567857950091938,0.0296221805064833,0.035147445364839,0.0394349753212538,0.0296452914493701,0.0371607682556441,0.027772832443892,0.0361252779953867
1919,0.056404595291367,0.0294079988305088,0.0348979482932202,0.0391289885296933,0.0294236150066329,0.0368084666550364,0.0275822951222583,0.0358224949180386
1920,0.0560301750980565,0.0292549286445326,0.0346397329964234,0.0388453644611064,0.029202942701383,0.0365249203370193,0.0274948483882577,0.0355392728852188
1921,0.0557196366153258,0.0290797369416633,0.0344564379756869,0.0385890087326143,0.0290136916650978,0.0362373193863941,0.0273608838909944,0.0352891347758153
1922,0.0555018816651112,0.0289431773165406,0.0343362361321717,0.0383284432588741,0.0288857540416143,0.0358868150509542,0.0272262145368812,0.035086413517289
1923,0.0552474693209038,0.0288139839684928,0.0341783278424013,0.0381484985640746,0.0287426162530013,0.0356463914659238,0.0270999617484176,0.0349263571369349
1924,0.0549484807871424,0.0286505190415218,0.0340439795530866,0.0380898966656011,0.028581425773313,0.0355292854630008,0.0269431711769116,0.0348057794087075
1925,0.0547613119627664,0.028539593381791,0.0339345769245711,0.0379486207305706,0.0284555270959995,0.0353648056753146,0.0268516823250607,0.0346960128160038
1926,0.0546191357772076,0.0284862120752417,0.033802987842211,0.0377691827496094,0.0283237986123711,0.0352075482698793,0.0268088496503957,0.0346357765821608
1927,0.0545227418813146,0.0284447714397633,0.0336767557199738,0.037663001571272,0.028265138205134,0.0350704159704032,0.0267652655130436,0.0346040480863527
1928,0.0544507418803341,0.0283954832030902,0.0336220591630357,0.037583174094968,0.0282109909967918,0.0349908062008855,0.0267312725888355,0.03455272811294
1929,0.0544883177515222,0.0283570009569927,0.0336518356146868,0.0374780265796587,0.0282004313601192,0.0349131575937662,0.0267517334368762,0.0344632563189976
1930,0.0544681773307671,0.0283329361792793,0.0336428958768991,0.0374202059618776,0.02816198305676,0.0348814146180494,0.0267374863322667,0.0344631285797023
1931,0.0544062593784941,0.0282883336742304,0.0336519303315385,0.0374348687907038,0.0281111472456224,0.0349438700006861,0.0266626151155636,0.034530038955902
1932,0.0544095850571752,0.0283008310799159,0.0336637559953735,0.0374611486404558,0.0281166009076833,0.0349696795534463,0.0266777480439092,0.0345504161540223
1933,0.0544556592388958,0.0283640324113862,0.0336564082982188,0.0374974685479581,0.0281494269041318,0.0349749311178393,0.0267628136520135,0.0345876871854993
1934,0.0545005110105824,0.0284131621209782,0.0336944145320576,0.0375308926909742,0.0281754709505332,0.0350160975661273,0.0268042677015662,0.0346424394497836
1935,0.054549192436815,0.0284824883484068,0.0337570903323978,0.0375901166042766,0.0282369778864483,0.0350841244575267,0.0268738495807418,0.0346327994791797
1936,0.0546448833564066,0.0285672739461913,0.0338367249076822,0.0376896268341847,0.0283035481120007,0.0351639109855393,0.0269361744586437,0.0347103074944474
1937,0.0547669747946155,0.0286611255344621,0.0339383349495275,0.0378051559993345,0.0283731663744167,0.0352588494003199,0.0269890365817553,0.0348362816261016
1938,0.0549024631629156,0.0287614326485055,0.0340746329691908,0.0379096568434667,0.0284151612693964,0.0353685863618895,0.0269826915868979,0.0350580813841831
1939,0.0550686361993425,0.0288491346574373,0.0342057211445663,0.0380264516000214,0.028504864982247,0.0354957564884593,0.0270733531696212,0.0351920922381027
1940,0.0552825407016513,0.0289391052195449,0.0343606071130502,0.0381933452704049,0.0286378014332849,0.0356353910224753,0.0272366453257738,0.0353206192262535
1941,0.055497417821046,0.0290488925254615,0.0344929147894856,0.0383482164214217,0.0287574457514518,0.0357931524003615,0.0273332831761816,0.0354815636099896
1942,0.0557428658402896,0.0291572043931303,0.0346117766899816,0.0384712625523998,0.0288867301896003,0.0359577337111937,0.0274042355747562,0.0356168007823368
1943,0.0559666322596255,0.0292681249489225,0.0347611759216836,0.0386293088585685,0.0290113133513571,0.0361639585031172,0.0275408450662855,0.0357846540191119
1944,0.0561685395481619,0.0293642606599374,0.0348972779185199,0.0388158801562761,0.0291080591525073,0.036416768203816,0.0276879425223282,0.0360147988923028
1945,0.0564300148632291,0.0295284181808357,0.0350701195942774,0.0390228543585366,0.0292685135978962,0.036654318668352,0.0278299098295447,0.0362198268354722
1946,0.0567314979083485,0.0297554137448779,0.0353097127346322,0.0392445519453912,0.0294829244595263,0.0369046438125723,0.0280411032945274,0.0363755382116031
1947,0.0570052629087971,0.0299298167836712,0.0355088277552628,0.039468939993099,0.0296631586058979,0.0371738652167481,0.0282218332642936,0.0365948496621564
1948,0.0572871003109126,0.0301061421139086,0.0357019926425368,0.0397080666810474,0.0298489024021494,0.037452867920101,0.0283868334800634,0.0368431831807647
1949,0.0576010827099662,0.0303321454639954,0.0358749563489925,0.0399847185919667,0.0300824147939585,0.0377307379557531,0.0284956015796685,0.0371326930562264
1950,0.0579318535414249,0.0305198578562315,0.0361147816276481,0.0402460328864889,0.030262288868051,0.0380161070214645,0.0286628293163366,0.0373940141935194
1951,0.0582403235343444,0.0306241798717644,0.0363887434627688,0.0404938628712191,0.0303705821245419,0.0383222409176303,0.0288707045046976,0.0376847577387441
1952,0.0585829469076101,0.0308252239870391,0.0366129754227974,0.0407660694347037,0.0305642709870933,0.0386347640608094,0.0290382006748737,0.0379568472436427
1953,0.0589688275854841,0.031083516581565,0.0368587494694799,0.0410531230454968,0.0307883862312699,0.0389262370740197,0.0291459104670124,0.0381767951530279
1954,0.0593733492912496,0.0313355416797507,0.0371012302694181,0.0413526549106939,0.0310153031531343,0.0392652188626975,0.0293655534723104,0.038472780204618
1955,0.0598005430456386,0.0316520851037008,0.037256570483205,0.0416740096933856,0.0312765048880293,0.0396891277375606,0.0296855663168063,0.0388250113084281
1956,0.0602076436342785,0.0318926972721567,0.0375056342978017,0.0419830014161034,0.0315332435619829,0.0400312395773575,0.0298977322898835,0.039151129343669
1957,0.0606795596583722,0.0320753355930211,0.0378593680187463,0.0423030495103064,0.0318041491010292,0.0402990673572304,0.0301109713688886,0.0395214328344956
1958,0.0610913084709975,0.0323130119531603,0.038159478263988,0.0426199475146746,0.0320621377749425,0.040656200644152,0.0303399396356999,0.0398538842270447
1959,0.0614731644101291,0.0325220764105011,0.0384472371460428,0.0429295363602473,0.0323268415511196,0.0410400164835304,0.0305274128335943,0.0401312071024283
1960,0.0617702458845268,0.0327562255207923,0.0387568403576665,0.0432286043664629,0.0325723378299123,0.0413980812747889,0.0306548788925495,0.0404330189407508
1961,0.0621789869601353,0.033028550640393,0.0390724189527373,0.0435593113752231,0.0328543292056581,0.0417888461031494,0.0308633744011858,0.0407876615806702
1962,0.0625921511083222,0.0333909047676413,0.0393783691085834,0.0438936610153351,0.0331511974500949,0.042266344735789,0.0311578556173439,0.0411747009552736
1963,0.0630540686800573,0.0336741241109139,0.0396933733421896,0.0442643792846822,0.0334223179430405,0.0426812142607843,0.0313995448595792,0.0415367549718575
1964,0.0636025142940262,0.0339254964754209,0.0400362197374927,0.0446820725223023,0.0336855417914352,0.0430428203924709,0.0316174969695235,0.0419258086192223
1965,0.0641011658110731,0.0342082669835209,0.0403667782166385,0.0450644073892554,0.0339872938159871,0.0434473094616458,0.0318517559200127,0.0423216940960813
1966,0.0646100880235765,0.034473836585429,0.0406723124898205,0.0454601965272892,0.0343062879831625,0.0438721801272318,0.0320986311444755,0.0427021930442558
1967,0.065103403030845,0.0347694797199265,0.0410043495963542,0.0458472378955771,0.0345906853452515,0.0443040414457952,0.0323475448849923,0.0430908629053669
1968,0.0655873671193435,0.0351239105232733,0.0413657469389977,0.046181388931172,0.0348807549311892,0.0447507660443378,0.0325830629961941,0.0435286160618445
1969,0.0660680359349667,0.0354322090585789,0.0417136766548943,0.0465787304911754,0.0351944224604946,0.0451901809837952,0.0328421587325806,0.0439353520196088
1970,0.066490884601098,0.0356775276566616,0.0420463044460968,0.0470398952836376,0.0354544137365832,0.0456196709233668,0.03313656092568,0.0442790383618097
1971,0.0669882835496484,0.0359978401500429,0.0424072474970689,0.0474624303731012,0.035761050247444,0.0460778830097053,0.0334083111222202,0.0446752053253633
1972,0.0675169451399323,0.0363429304875987,0.0427791007434832,0.0478839066781537,0.0361018147689399,0.0465487770771551,0.0336775885471716,0.0450921807440494
1973,0.068088571601577,0.0367128346731189,0.0431555192680459,0.0483214089517439,0.0365375441896647,0.0470244444034415,0.033944578899551,0.0455340021692885
1974,0.0686211238497895,0.0370478496678053,0.0435367377754603,0.0487540759103369,0.0368781276187345,0.0475137137966615,0.034232303222833,0.0459727334009957
1975,0.0691783625293036,0.0374156250410063,0.0439480193068473,0.0491603994433655,0.0371632095859019,0.0480556290297945,0.0345150833103319,0.0464434131879626
1976,0.0697454823294427,0.0377803673812425,0.0443393181460132,0.0495927002954984,0.0375300974079518,0.0485405721234711,0.0348101766771386,0.0468982613843695
1977,0.0702960085847661,0.0380992172713397,0.0447162749133299,0.0500310014215874,0.0379335669089261,0.0489637067902847,0.0351267691497466,0.0473454528624681
1978,0.0708455557818898,0.0384453614797384,0.0451071725707442,0.0505032404645912,0.0382865633556009,0.0494611696050234,0.0354450301315958,0.0477971706092219
1979,0.0714401826347272,0.038860888627071,0.0454963788666346,0.0510033021145433,0.0386285249053968,0.0499915364630415,0.0357796282867913,0.0482362029691954
1980,0.0720050175297595,0.0392260458574376,0.0458954912256841,0.0514868156356109,0.0390274239151395,0.0505047090699175,0.0360900752599031,0.0487108136643752
1981,0.0724831430502615,0.0395064210073792,0.0462858569006766,0.0520160591479838,0.03943378186986,0.0510698030353931,0.0363800087486644,0.0492205957338444
1982,0.0730413140195721,0.0398656508610773,0.046711603970653,0.052512575881004,0.0398120801710989,0.0515981109828257,0.0367013999089769,0.0497020461764268
1983,0.0736386894995904,0.0402692141503107,0.0471856348903699,0.0529767924502224,0.0401967636665038,0.052087637175305,0.0370147158211047,0.0501853869556861
1984,0.0742790070017229,0.0406640045851495,0.0476465692029788,0.0534356698283849,0.0406633402113273,0.0525434192204741,0.037359979434364,0.0506875462847341
1985,0.0748754641763538,0.0410646217220523,0.0480595469782587,0.0538945309868458,0.0410786519592807,0.0530857150339782,0.0376664997394986,0.0511685958324598
1986,0.0754829615825594,0.0415069521954294,0.0484484111492036,0.0543268975475768,0.0414341376679706,0.053683573172621,0.0379790721731871,0.0516057822509174
1987,0.0761076158737045,0.0419288170855657,0.048875691792355,0.0548131510565127,0.0418222344319267,0.0542414585907596,0.0383017126623831,0.0520945660294198
1988,0.0767193815165942,0.042333461251624,0.0492573111364165,0.0553115025663102,0.0422328881777514,0.0548340986465393,0.0385705843248161,0.0526106474164345
1989,0.0773242209130619,0.0427394802461796,0.0496915260837352,0.0558278276403191,0.0426544988993837,0.0553930438883258,0.0389099802287262,0.0531176407033546
1990,0.0779710828915265,0.0431674235593484,0.0502077074497433,0.0564166833520506,0.0430698026897754,0.0558950786776069,0.039358976933004,0.0536467820674577
1991,0.0785942573383399,0.0435714049094543,0.0506743512997827,0.0569417817795573,0.04348816107977,0.0564395279374126,0.0397107154454124,0.0541608586801853
1992,0.0791599250123639,0.0439272828102283,0.0511220473978482,0.0574175158666721,0.0439632132404575,0.0570358304769626,0.0400033915170666,0.0546472623944311
1993,0.079764657789107,0.0443266558800011,0.0515743992064826,0.0579370785782958,0.0443930567839724,0.057587604323149,0.0403483023193106,0.0551674972222912
1994,0.0804220421104808,0.0447379187835322,0.0520020361600618,0.0584435821855333,0.0447936497902279,0.0581210146987828,0.0406861375600153,0.0557189781133358
1995,0.0810193488216009,0.0451664564030197,0.0524774247849032,0.0589891025537828,0.0451540712751945,0.0586348353436955,0.0410147333183594,0.0562526700391269
1996,0.081652930560835,0.0455848405570133,0.0529265975817548,0.0595082620322752,0.0455777508949111,0.0592060423600079,0.0413609226825077,0.0567569635253892
1997,0.082305870526621,0.0460229797301708,0.0533561187804697,0.0600399218907588,0.0460237373325185,0.0597776671095443,0.0417480004254221,0.057253570419452
1998,0.0829421553392764,0.0464402506772831,0.0538260994163086,0.0605840779316021,0.0464477971689286,0.0603550652185632,0.0421215590367783,0.0577762839354645
1999,0.0835543458972387,0.0468379175759886,0.0543333413906487,0.0611145777095023,0.0469053676064042,0.0609920983682421,0.0424986571954516,0.0582628164713691
2000,0.0842148302518597,0.0472599865451299,0.0547868086321832,0.0616588667085289,0.0473216252431329,0.0615755716940854,0.0428441744098516,0.0587925437528009
2001,0.0849453598901197,0.0476769206193529,0.0552226630871212,0.062266559538327,0.0476637043935368,0.0621150740064727,0.0431746079757753,0.059404142085841
2002,0.0855706891818426,0.0481235337501978,0.0556895673625145,0.0628086170573426,0.0480894361632165,0.0626813206883926,0.0435340197366776,0.0599422170712748
2003,0.0861315599628629,0.0486162412500813,0.0561219374186865,0.0632636554162482,0.0485603255059282,0.0632502939347549,0.0438750083394616,0.060418916859576
2004,0.0867691397757194,0.0490623197032043,0.0565916768355885,0.0638026554169455,0.0490096901138475,0.0638294481591876,0.0442196674069457,0.0609478408022752
2005,0.0873764122679426,0.0495202090145392,0.0571549589795961,0.0643992586581107,0.0494908125714602,0.0644239298093617,0.0446109896458069,0.0615060078636385
2006,0.087986209790472,0.0499535386912818,0.0576434877254987,0.064943835757274,0.049961518096997,0.0649988319815031,0.0449865683257496,0.0620289161429409
2007,0.0886469514479038,0.0503697696300835,0.0580892197709619,0.065508231599886,0.0504286514645621,0.0655667239803064,0.0453521583017976,0.0625525685722086
2008,0.0893690670699808,0.0507158556669807,0.0585306489943837,0.066058878708862,0.050866808968958,0.0661485227260367,0.0456701933032119,0.0630819000961109
2009,0.0899857620639528,0.0511313068030626,0.0589953338564601,0.0665948511754218,0.051311289396037,0.0667116118976015,0.0460329633424605,0.0636077483791092
2010,0.0904971502101753,0.0515743900586134,0.0594467307064379,0.0670605889261804,0.0517821868841805,0.0672421358736065,0.0464364691659459,0.0640987564983338
2011,0.0910986353246429,0.0519880112451402,0.0599089798856839,0.0675878730804324,0.0522013434204003,0.0678253835519302,0.0467738431916849,0.0646059868986734
2012,0.091717529377582,0.0523895439128746,0.0603997630009748,0.0681838228545183,0.0525360017557724,0.0684387522311742,0.0470735276438885,0.0651386054542438
2013,0.0923321342253506,0.0528366434347216,0.0608668279205005,0.0687052736117138,0.0529879396313307,0.0690221005169688,0.047410617400903,0.0656682433938058
2014,0.0929788171496404,0.0532982836356659,0.0613161199451649,0.0691588861937082,0.0535186634095909,0.0696528904673888,0.0477073381428485,0.066178006600922
2015,0.0936047519717885,0.0537322895460683,0.0617666670726958,0.0696798335665259,0.0539525919495704,0.0702075755738575,0.0480607122026255,0.0666940780366135
2016,0.0942375614845809,0.0542081580823728,0.0622072266733542,0.0702108729380823,0.0544229664892893,0.0706746852127667,0.0485109895972126,0.0672367071885196
2017,0.0948258227823243,0.0546537758230549,0.0626688879282784,0.0707344166167129,0.0548444744839071,0.0711960449623497,0.048878585971569,0.0677531091311529
2018,0.0953671603103444,0.0550478955854677,0.0631462690192939,0.0713179687350545,0.0550802093835542,0.0717090375125754,0.0491929787501454,0.0682598431759021
2019,0.0959446702308911,0.0554535486925959,0.0636015590515579,0.0718673107079434,0.0554712192407869,0.0722268357394152,0.049554106291655,0.0687630144897112
2020,0.0965196018226674,0.0558594641821421,0.0640702313437547,0.07239304741735,0.0559710897498131,0.0727587901891588,0.0499289755252212,0.0692539922231283
2021,0.0970659298221469,0.0562807335316922,0.0645379199182447,0.0728744798204052,0.0564786833655431,0.0733194579492675,0.0502570579363514,0.069747399522012
2022,0.0976477177466709,0.0566887750565741,0.0649505445391481,0.073394323170048,0.056901103746431,0.0738588072466017,0.0506069653132178,0.0702330364585566
2023,0.0982752663606647,0.0570758093266722,0.0652807434327757,0.0739328912015378,0.0573348051247915,0.0743899922610964,0.0510202691905847,0.0706822488175702
2024,0.098884180598956,0.0574849483697894,0.0657185280647489,0.0744394986759176,0.0577646778897968,0.0749161935586866,0.0513548244646554,0.0711832767719679
2025,0.0994980870837469,0.0579125113651709,0.0661809209728765,0.074926501604762,0.058117564173477,0.0754627400517415,0.0516016270304904,0.0717509311109952
2026,0.1000768218047,0.0583184675613672,0.0666273406266642,0.075434527457589,0.058492504332165,0.0759558599985741,0.0519319588091428,0.0722153985964035
2027,0.100661638056542,0.0587192550559414,0.067166423621299,0.0759411249939727,0.0589238674372678,0.0763662512760934,0.0522814421570686,0.072635741645721
2028,0.10122239172281,0.0591225681319421,0.0676021401463272,0.0764425599976612,0.0593192091408142,0.0768694143331032,0.0526248259893379,0.0730966446333402
2029,0.10172658711223,0.0595260707760155,0.0679038043277022,0.0769867331072179,0.0596043359183195,0.077442881070385,0.0530242852686749,0.0734831356428318
2030,0.102257722833023,0.0599174457958627,0.0683185458955633,0.0774775517745292,0.0600002255851496,0.0779357574095548,0.0533779167650539,0.073930073693231
2031,0.102825738362621,0.0602927138298114,0.0687731047596116,0.0779295585871762,0.0605164997945605,0.0784339770925978,0.0537013501775787,0.0744455036265885
2032,0.103330140077427,0.0606820365876815,0.0692161226793044,0.0783501262397613,0.0609400982994701,0.0789110736153803,0.0540170131872903,0.0749831728446844
2033,0.103812189084814,0.0611067376144888,0.0696621137782354,0.078846918170873,0.0612975224393216,0.07941394292395,0.0543461986032988,0.0754582748724495
2034,0.104372248603657,0.0615128396122781,0.0701098731975963,0.0793347555389892,0.0617651463769532,0.0798601271187202,0.0546667657877228,0.075879062172592
2035,0.104873840785136,0.0618873630605425,0.0705294984051856,0.0797867967017637,0.0621783664358453,0.0803150109388756,0.0550084849387083,0.0762953709962187
2036,0.105339531894281,0.0622682428077697,0.0708816849520642,0.0802481401433437,0.0625364935763353,0.080827660899342,0.0553821066230921,0.0766497003321489
2037,0.105843515435662,0.0626262948124854,0.0712785186501239,0.0807245037193057,0.0629051283766239,0.0813008752655025,0.0557169648586634,0.0770849511785017
2038,0.106382409387832,0.0629114738554777,0.0717166922222028,0.081147166537892,0.06329204622827,0.0816993145909041,0.0560685115118515,0.077581696343637
2039,0.106855672387322,0.0632696334463217,0.0721046459297824,0.0816132331847231,0.0636792438662379,0.0821334525029968,0.0563644040277785,0.0779945622333461
2040,0.107274012908775,0.0636880151288639,0.0724339466078858,0.082191152616902,0.0640467376125203,0.0826236882658692,0.0565768771488504,0.0783897441579456
2041,0.107765248749692,0.0640502831624152,0.0728315071632845,0.0826408916693561,0.0644021891641177,0.0830743858810132,0.0568716218692788,0.078783897130628
2042,0.108265526252977,0.0644092448218501,0.0732720133038467,0.0829773640203183,0.0647792632658281,0.08346607967195,0.0571711480749222,0.0790827239177102
2043,0.108738285382558,0.0647595378127599,0.0736701703590131,0.0834020864980056,0.0651428907172858,0.083899249926775,0.0574757941297271,0.0794688495897994
2044,0.109224432814952,0.0650671775712539,0.0740958931755025,0.0838504519266766,0.0654562153465836,0.0843807036761696,0.0578217961944088,0.0799404795760463
2045,0.109773524678538,0.0653935176393995,0.0744773613423346,0.0842415957240954,0.0657819948046901,0.0847985793110284,0.0581888634582671,0.0804084363591441
2046,0.110257171468843,0.0657709676553674,0.0748340327598279,0.0846349180731809,0.0661810186312136,0.085200504852197,0.058495075555301,0.0807268807285535
2047,0.110686909954099,0.0661069737082371,0.0752108761891399,0.0851063459090701,0.0665921753697065,0.0856621048991255,0.0587972515329388,0.0810175670338742
2048,0.111164677445757,0.0664696949563631,0.075626977494967,0.085589824171309,0.0669630880140954,0.086082279674919,0.0591176334250607,0.0813786559369511
2049,0.111696773113727,0.066881086022863,0.0760736089145599,0.0859902228617322,0.0672961357487486,0.0865003755565575,0.0594301650515518,0.0817656502806591
2050,0.112163394258939,0.0672327693843043,0.0764674467684615,0.0864054340143439,0.067690183083051,0.0869494733679891,0.0597515398444492,0.0821557520790568
2051,0.112554077936015,0.0675465817016858,0.076816669434442,0.0868349768324268,0.0681153504496068,0.0874529731861603,0.0600907671655995,0.0826927446883778
2052,0.113027518816537,0.0678993040071973,0.0772088517715537,0.087299762764735,0.0684941380892376,0.0878619395747653,0.0603965741498097,0.0830904088137473
2053,0.11355769543657,0.0682517297997723,0.0776006438180932,0.0877400613925603,0.068895694307796,0.0882390078193326,0.0606998175970314,0.0833334057574294
2054,0.11403285663071,0.0685971547376012,0.0780025837226959,0.08819963412612,0.0692897907789312,0.0886455247482637,0.0609940701465826,0.0836968611909597
2055,0.114495663347731,0.0689811232605199,0.0784566351430993,0.0887598937308842,0.0696276632324916,0.0889789161163002,0.0612151307042091,0.0841300837534101
2056,0.114991570866864,0.069334215056617,0.0788595322932415,0.0892274482925261,0.0699741783379879,0.0893805673349255,0.0615230639972242,0.084524906065099
2057,0.115465735297607,0.0696391139900391,0.0791847109720545,0.0895844609698995,0.070347356198101,0.0898724843243552,0.0619046352612773,0.0849407176896897
2058,0.115926580801363,0.0699598729026332,0.0795872532247023,0.0900262991449914,0.0707206221845952,0.0903031227285987,0.062229850771158,0.0853390658529739
2059,0.116345642220437,0.0702581601987989,0.0800243046695349,0.0905093588882602,0.0710744627202385,0.0906905232335809,0.0625545610314984,0.0857368447831311
2060,0.116954200501529,0.0705975460333107,0.0804665770187028,0.0909711324499215,0.0714297319090966,0.0911446951774375,0.0629271015777039,0.0860398480808201
2061,0.117503142259319,0.071007482029794,0.0809032918677693,0.0913925692593686,0.0718397582048899,0.0915512623839933,0.0632027458993292,0.0863905772662615
2062,0.117888325239213,0.0713909646609834,0.0813494454570169,0.0918751226370071,0.0721935323159959,0.091927371332068,0.0634523776656712,0.0869033621945509
2063,0.118344147108479,0.0717442307596727,0.0817265966523805,0.0923592681614232,0.0725927317502069,0.0923666515028127,0.0637888115631413,0.087328039040947
2064,0.118803729664584,0.0721181991111454,0.0819795325745351,0.0928366431680656,0.073018758744489,0.092847500236443,0.0641876000228191,0.0877847944021751
2065,0.119297151334751,0.0724598993595714,0.0823678465155935,0.0932899979435928,0.0734401924032845,0.093284967174066,0.064524557216215,0.0881678846598176
2066,0.119807223186149,0.0726929990462143,0.0828137841955099,0.0937731883141416,0.0738847393732948,0.0937473396588833,0.0648907829894781,0.0884516472171493
2067,0.120299947051716,0.0730588023774812,0.0832042613832829,0.0942310143523977,0.0742972923122303,0.0941882333392906,0.065232349889821,0.0888362688302384
2068,0.12081044074637,0.0735658269097561,0.0836099551154185,0.0946228788956846,0.0746953685551437,0.094572523833721,0.0655101219304473,0.0892726545376354
2069,0.121298262498428,0.0739165271002578,0.084032648965185,0.0950670752110095,0.0750791825834816,0.0949996059156993,0.0658185406110605,0.0896790110437767
2070,0.121766049619,0.074181504269702,0.0844266710164249,0.095573544343295,0.0754370966062999,0.0954716249105495,0.0661630937759634,0.0901381521276042
2071,0.122241305287761,0.0745475859704629,0.0848277945139028,0.0960271589350363,0.075819191975508,0.0959055257397334,0.0664963627356446,0.090536258997661
2072,0.122750646923862,0.0748991650700346,0.0852491488715586,0.0964599151797205,0.0762202359597564,0.0963119506159011,0.0668005172398194,0.0908708918411755
2073,0.123194793767729,0.0752205404217807,0.08573346636113,0.0968782284795972,0.076583190256618,0.0967603886243864,0.0671289568697266,0.0911881614169579
2074,0.123647586512202,0.0756300498185765,0.0860749829176641,0.0972857696480462,0.0769170937315011,0.0971599393474878,0.0675489157410647,0.0915594956540669
2075,0.124086338180924,0.0761118136514259,0.0863845321461465,0.0977535282026091,0.0773157221065164,0.0975245456456435,0.0678896943121509,0.0920059879815352
2076,0.124569016519916,0.0764602268937953,0.0868139048194786,0.098249986682426,0.0777290880908505,0.0980408507711618,0.0681827127829266,0.0924657512102052
2077,0.125130812742399,0.0767446768358401,0.0871987665469066,0.0986730483633085,0.0781052055861177,0.0985284062691167,0.0685196292635563,0.0928752097639388
2078,0.125615363730422,0.0771149589807952,0.0876184986817141,0.0991353715361423,0.0784918126661736,0.0989786354769312,0.0688406481224084,0.0932944618102179
2079,0.126066675858806,0.0775436788676094,0.0881501545913545,0.0996182403007486,0.0789087713715517,0.0994914720899343,0.0690827934745497,0.0937027507140053
2080,0.126558889897698,0.0779094735151478,0.0885678585455029,0.100072165062984,0.0792997050361354,0.0999103198430431,0.0694191425113173,0.0941067711993897
2081,0.127053533409149,0.0782742765059156,0.0888995502677039,0.100502265537268,0.0796508248655913,0.100161808643125,0.0698664158711798,0.0945027757798188
2082,0.127534633265027,0.0786601966843741,0.089304850277333,0.100981334320159,0.0800358960228683,0.100582576685501,0.0702129382729742,0.0949188774287379
2083,0.128045923593223,0.0790298329352647,0.0897072562026832,0.101483108390321,0.0804223724362599,0.101090255343776,0.070519905553451,0.0953195440908618
2084,0.128544447076742,0.0793784965253892,0.0900869761347245,0.101933935314159,0.0808333719374915,0.101535066437815,0.0708621106094507,0.0957280443205495
2085,0.128982954453559,0.0797345842548213,0.0905045087255868,0.102389463210517,0.0812904153045353,0.102038733810771,0.0711645779100981,0.0961903269928173
2086,0.129460680792176,0.0800894805439124,0.0908971266437635,0.102866138189962,0.0817134952038425,0.102498433619099,0.0714885037090139,0.0966070559220368
2087,0.129960105226364,0.0803875606140269,0.0912050018610785,0.103330838469158,0.0821506837839863,0.102887547958964,0.0718325123131538,0.0969865103066467
2088,0.130514006328064,0.0807508884088777,0.0916156327334782,0.10375131816719,0.0825714319789223,0.103277873051754,0.0722465388868098,0.0973842343648886
2089,0.131013003963299,0.0811368075463875,0.0920801585517665,0.10426104764496,0.0829296269634545,0.103760767501415,0.0725709613126586,0.0978032427081261
2090,0.131483289505439,0.0815520131117322,0.0924316792950352,0.104722268450597,0.0832807717854729,0.104203848093283,0.0728568058626629,0.098136637893205
2091,0.131975289331549,0.0819362001673667,0.0928270456597958,0.105136693233092,0.0836502229633681,0.104602552585639,0.0731939697021338,0.0985045276204084
2092,0.132418640528861,0.0823076988425025,0.0932609061055516,0.105628262426853,0.0840700378504939,0.105037342142829,0.0735096365538049,0.0989549994732248
2093,0.132862872566604,0.0827033800800093,0.0936359511252316,0.10609670986306,0.0844628114533338,0.105492999843816,0.0738642808261209,0.0993758915722066
2094,0.133283812034585,0.083093686729016,0.0939748646515728,0.106577518138617,0.0848595410016135,0.105946258993742,0.0742804952735703,0.0998109250661895
2095,0.133748450182852,0.0834794877724282,0.094340208159219,0.107020820232445,0.0852480443348771,0.106386967741633,0.0746603004166325,0.100227261273958
2096,0.134221283726825,0.0839155312942207,0.0946712037326663,0.107443882170407,0.0855941600126693,0.106880299344006,0.0750189167003246,0.100631511002741
2097,0.134701610212705,0.0843020427526017,0.0950475561330841,0.10789026955154,0.0860151150013636,0.107346250137565,0.0753926747694231,0.101044758170589
2098,0.13523781331895,0.0846274329253406,0.0954643773486171,0.108323628012174,0.0865300014982956,0.107738258329581,0.0757918364769171,0.101460975387998
2099,0.135707929779825,0.0850122826300199,0.0958723855957573,0.108781424443624,0.0869611991921425,0.108193344719038,0.0761483455510917,0.101878848302539
2100,0.136088182483383,0.0853984343220472,0.096291065342126,0.109253023276569,0.0873689569729846,0.108722325316042,0.0765052427153456,0.102282617890932
2101,0.136562295421923,0.0857777544505187,0.0966936795799363,0.109726198670281,0.0877920063388931,0.109175151916599,0.0768495461630535,0.10270921806537
2102,0.137059663157487,0.0861317467543428,0.0970716616423751,0.110202539666901,0.088150483205169,0.109580202757988,0.0771699017005787,0.103148569766125
2103,0.137580195435537,0.0866150087567177,0.0975268069551125,0.110699692422672,0.0885624119796549,0.110049596096504,0.0774311647049426,0.103587683587735
2104,0.138146446571759,0.0870674303000933,0.0979139745357128,0.111169439428479,0.0890595436863069,0.110458712979511,0.0777666002909652,0.103993550855556
2105,0.13869565718318,0.0874707209981191,0.0982398586243496,0.111688144369496,0.0895026435762144,0.110858971720572,0.0781474531282888,0.104509111809817
2106,0.139182436478566,0.0878744513372409,0.0986184096385392,0.112138887262518,0.0899179422813321,0.111345715183116,0.0785338858554331,0.105020403208765
2107,0.139711465096928,0.0882327808536718,0.0989976009961422,0.112547767246248,0.0903214875220006,0.111909035072736,0.0789320644932208,0.105442384108441
2108,0.140183637070036,0.0886454099149641,0.0993951566825871,0.113038637898823,0.0906895249587585,0.112407252815847,0.0792855991369845,0.105900329472324
2109,0.140589208591576,0.0890683889593994,0.099866851297101,0.113585072970671,0.0909474978495996,0.112934988222892,0.079571942409137,0.106380598960824
2110,0.141077091097259,0.0894647276951114,0.100263425482792,0.114047849302363,0.091379141731738,0.113411984655602,0.0799467370887289,0.106834154318119
2111,0.141587851065162,0.0898862457331646,0.100582196161319,0.114501661507408,0.0919070583942005,0.113805372818034,0.0803617246371881,0.107267913051144
2112,0.142075299438153,0.0902940430906386,0.10097236284851,0.114997615560986,0.092344742723966,0.114276407014817,0.080733312901435,0.107712960700815
2113,0.142630172836057,0.0906466647182386,0.101375768602495,0.115460914011297,0.0928947779322299,0.114797000360759,0.0811517996478681,0.108150861753819
2114,0.143143695822111,0.0910431615407399,0.101783015368867,0.115938454336233,0.0933163530147937,0.11527398266022,0.081520232956906,0.108597893731119
2115,0.143540641117162,0.0914910123587284,0.102257338059377,0.116502195297596,0.0934888255131137,0.115721402593888,0.0817885093823253,0.109038801941868
2116,0.14403253468202,0.0918979530313019,0.102688826950854,0.117001508734721,0.0938717163464669,0.116225970988703,0.0821446948327404,0.109493897673117
2117,0.144607057619231,0.0922894847762481,0.10311162635545,0.117468916644011,0.0943327222277058,0.116730203847987,0.0825499489418079,0.109952043657725
2118,0.145153262614536,0.0926676668483233,0.10346251128837,0.117845500151883,0.0948231143843059,0.117263475244924,0.0829368399852071,0.110445075225666
2119,0.145592431798343,0.093037383186102,0.103875086710264,0.118332265278693,0.0952938171637589,0.117844416393828,0.0833489075033911,0.110918853149988
2120,0.146092183254781,0.0934901313344247,0.104283889208258,0.118856689259154,0.0957896137351625,0.118360347199915,0.0837096484165451,0.11137652421692
2121,0.146623999188997,0.0939554759267904,0.104597377375284,0.119251094282435,0.0962074527706177,0.1188134362205,0.0840318457172811,0.111880780620665
2122,0.147138865279869,0.0943869023148326,0.10496369490304,0.1197225935338,0.0965478890607462,0.119280448638983,0.0843926315956337,0.112323615131623
2123,0.147632783652351,0.0947679117648193,0.105352708126015,0.120236100641867,0.0969799009632707,0.119747867878576,0.0847686749207738,0.112770891027223
2124,0.148137025920065,0.0951497452559358,0.105693549002977,0.120631311309171,0.0974932643146597,0.120199243014766,0.0851288854097029,0.113269312259982
2125,0.148617531576543,0.0955652993995014,0.106066771756041,0.121104727154361,0.0979084553677767,0.120675059675602,0.0854784533515039,0.113748445009284
2126,0.148957427212527,0.0959791063297655,0.106530072488375,0.121718744482379,0.0982542463214883,0.121147021377693,0.0858131587233082,0.114238068676484
2127,0.149428925479997,0.09638675582475,0.106878018891221,0.122178421738648,0.0986648852431618,0.121657025957594,0.0861694612587335,0.114711569969145
2128,0.150059192800716,0.0968443830382143,0.107097196516301,0.122512142647067,0.0990806499630436,0.122252392823311,0.0865276327207304,0.115183049342904
2129,0.150541288362858,0.0972540205794761,0.107477514704536,0.122938980490464,0.0994851329411422,0.122727610390502,0.0868745058023859,0.115624853145587
2130,0.150953814018595,0.0976125237880422,0.107966768963952,0.123360639455313,0.0999472452413976,0.123138856335617,0.0872372278331421,0.116011921411236
2131,0.151388694348327,0.0979964509136065,0.108317813544273,0.123769377271605,0.100336448753069,0.123579580371938,0.0875849413998087,0.116435069403355
2132,0.151769009443846,0.0983723714148303,0.10867330275728,0.124244952733051,0.100619719199307,0.123917779553774,0.0879008231514679,0.11689817602611
2133,0.152160697280258,0.0987723580203103,0.109019829522859,0.124679494384143,0.100986367386249,0.124365780160962,0.0882453247874945,0.117339810343618
2134,0.152530338069361,0.0992001755883742,0.109269865176941,0.125083495799763,0.101354629210779,0.12494586056047,0.088636107050662,0.117805991088361
2135,0.152999710957739,0.0996134945801577,0.109497685447445,0.125408144507825,0.101782026737363,0.125461285119939,0.0889633499409314,0.118200603297674
2136,0.153483096441059,0.0999751292623241,0.109856405131639,0.125876550098471,0.102266656902272,0.125862564630869,0.0892677783674397,0.118628389456098
2137,0.153859622869616,0.100312360475116,0.110229823874323,0.126306617158584,0.102619761711444,0.12627799820017,0.0895391267028769,0.118976221226927
2138,0.154176082634438,0.100669344684007,0.110492002756243,0.12669767214085,0.102842032574147,0.126626492667992,0.0898211664842183,0.119364472457188
2139,0.154597341620883,0.100996419048946,0.110771062908755,0.127161279570181,0.103162872437573,0.126934183457308,0.0901381788140938,0.119841494315788
2140,0.155040460162939,0.10135854663194,0.111093794336183,0.127495337482455,0.103531711845552,0.127311153342086,0.0904866966880635,0.120247662836879
2141,0.155414315697673,0.101754373725041,0.111395416721339,0.127810599803547,0.103824830361055,0.127744757641287,0.0908479113727479,0.120660567011002
2142,0.155814876486039,0.102116834511676,0.111665790765185,0.128170958586842,0.104161334236627,0.128149279052072,0.0911384654080523,0.121073659744738
2143,0.156321027431308,0.102423217254098,0.111940936905082,0.128561494125657,0.104584554686907,0.128546556843187,0.0913646119786545,0.121454149943702
2144,0.156681447978465,0.102796067039943,0.112199647964336,0.12889067559268,0.10493101107337,0.128957080868813,0.0916186547413839,0.121871485780579
2145,0.156908560577794,0.10322680352649,0.11239516508033,0.129214141010033,0.10520052214776,0.129346214209228,0.0918233973012282,0.122333823452321
2146,0.157256114920923,0.10359560947307,0.112623685261827,0.129541908925738,0.105548577902493,0.12976462350515,0.0920941796009862,0.122747673934697
2147,0.157612101173009,0.103957318650719,0.112886643028214,0.129815849813606,0.105915330680285,0.130263957080731,0.0924134115334736,0.123144348928812
2148,0.157958808548091,0.104307646632702,0.113149466413333,0.130148647321139,0.106263071922031,0.130661757415391,0.092694819545994,0.123547891572332
2149,0.15836547944526,0.104612262306273,0.113415038621069,0.130553827752745,0.106664802349593,0.131002759124656,0.0929900437822486,0.123952118374254
2150,0.158729095556816,0.104939434596606,0.113640734918968,0.130891375934695,0.107026293490241,0.131408002281925,0.0932840049551756,0.124331741767843
2151,0.15904170080517,0.10526656146047,0.113867923678864,0.131197778855882,0.107362130187602,0.131805642676894,0.0935424463971526,0.124692562640213
2152,0.159396197899445,0.105632067394483,0.1140600450777,0.131505491453899,0.10767806838086,0.132127253195881,0.0938582537829838,0.125067378943712
2153,0.159775155554408,0.105953231574194,0.114221814125908,0.131889065233858,0.10801274034431,0.132620619321843,0.0941721328050966,0.125445694767402
2154,0.160006499862249,0.106271386512153,0.114504439572901,0.132219005413848,0.108331468435108,0.133047714322382,0.0943510868303761,0.125789331018427
2155,0.1602555610259,0.106614618039424,0.114803378303461,0.132528505098083,0.108631938132584,0.133343397636504,0.0945747855157968,0.126132346819626
2156,0.160625618463748,0.106901504680377,0.114984061265041,0.132876159935375,0.108944498597342,0.133676590663253,0.094855628491157,0.126459875040634
2157,0.160934136260873,0.107231413051286,0.115107768939015,0.133072621362104,0.109219193480889,0.134006274840702,0.0951053664151152,0.12676873033275
2158,0.161200510830485,0.1075843717011,0.11527219809331,0.133301906196612,0.109421676944135,0.134355104045772,0.0953894299544475,0.127095008639817
2159,0.161447654872285,0.10786678991057,0.11545305404272,0.133582293672551,0.109684721009095,0.134678884679864,0.0956298517973524,0.127443477883758
2160,0.161602421891867,0.108073709005899,0.11564241490083,0.133924801375284,0.109934724614767,0.135035001429227,0.0957994865770927,0.127877497214881
2161,0.161866424305076,0.10838171985585,0.115830092924691,0.13417935394294,0.110246662875248,0.135367615833982,0.0960158024990361,0.128179644390118
2162,0.162208321526895,0.108727784253893,0.116066896375033,0.134424914000057,0.110673194796973,0.135660033643883,0.0962883607448224,0.128390710299997
2163,0.162469982357966,0.109002372105847,0.11622249753483,0.134683932076657,0.110948938369707,0.135942486465739,0.0964901470414146,0.128690676697213
2164,0.162758453283018,0.109312557220523,0.116291843718975,0.134903450367651,0.111167603582106,0.136236926552161,0.0966336575297684,0.128954392783036
2165,0.162978637496816,0.109588895195658,0.116451365794826,0.135124519928877,0.111387581959172,0.136535440639462,0.0968294023784352,0.129253696899254
2166,0.163079703548067,0.109721993862983,0.116649320254379,0.135385467153612,0.111484582370497,0.136780291742856,0.0969968700920027,0.129679743996578
2167,0.16326584319127,0.109980798644051,0.116799100294743,0.135617330621879,0.111700373220324,0.137067846514306,0.0971941744626269,0.130000172993676
2168,0.163480040279144,0.110394543710026,0.116976667715994,0.135763398371643,0.112012565551318,0.137426487743756,0.0974845765251904,0.13022247410548
2169,0.163692767702341,0.110673812119954,0.117133698675128,0.135993242088837,0.112273374755498,0.13773041663816,0.097714537761912,0.130495701991352
2170,0.16394351494303,0.110923010119038,0.117251530351101,0.136314537146787,0.112556748798712,0.138021555921565,0.0979392696689898,0.130766388306861
2171,0.164135366170296,0.111149496648972,0.117339479317125,0.136546737326726,0.112799738175495,0.138263000868641,0.0980849926710991,0.131028813194774
2172,0.164360057581698,0.111328748555927,0.117449427288998,0.136769827220343,0.113071048413729,0.138560871355691,0.0982523455605535,0.131329294388894
2173,0.164638981008015,0.111551108043101,0.1176028203023,0.137071535065564,0.113330421816245,0.138908685428389,0.0984396500214589,0.131682743216224
2174,0.164871941766151,0.111890105941562,0.117730341881606,0.137264916829849,0.113538589332605,0.139114279190593,0.0986185355728379,0.132019136246462
2175,0.165146015517231,0.112221007712429,0.117871076913555,0.13741669570935,0.113863818601741,0.139383687802653,0.0988364053102816,0.132339545578251
2176,0.165435882790537,0.112466728956319,0.118073075731736,0.137661598761492,0.114145432576134,0.139745710138461,0.0990414155809834,0.132697530739159
2177,0.165676320072366,0.112696265879251,0.118202938065575,0.137834233949568,0.114361440295706,0.139983355731329,0.0991981421787454,0.133014342752602
2178,0.165919621108333,0.112979020444526,0.118327723334393,0.138016986430806,0.114598454678388,0.140263191812961,0.0994266714570853,0.13331397568429
2179,0.166189463502512,0.113285895337928,0.118431220798703,0.13820914779869,0.114839292689343,0.140623910168781,0.099740428337981,0.133608416817415
2180,0.166412111189681,0.113517568233211,0.118545006798009,0.138439320643507,0.115071101599838,0.140965657756489,0.0999294892308383,0.133895924557113
2181,0.16659122784727,0.113751852647524,0.118640606325977,0.138641011666662,0.115298018281468,0.141243277253811,0.100058003522073,0.134121603203156
2182,0.166806856608486,0.114006889900507,0.118748259615824,0.138889820761749,0.115533785931681,0.141560283909784,0.100266742775257,0.134420399950863
2183,0.166981477391901,0.114155408515345,0.118870751053722,0.139259142441639,0.115752150884015,0.141965929885163,0.100468201857283,0.134761293758902
2184,0.167217874730486,0.114410004733478,0.118982606300448,0.13949017753807,0.116034782053,0.142300039933446,0.100626489261908,0.135090814507742
2185,0.167579667720984,0.114817924539692,0.119086533390094,0.139602485215128,0.116351019521674,0.142577916673867,0.100823985113801,0.13546274014425
2186,0.16776759438235,0.115116125087443,0.119173270496901,0.139832431811174,0.116627159601222,0.142878352316593,0.101016648776397,0.135784507128804
2187,0.167846084047168,0.115378034994306,0.119236011147703,0.140140134986986,0.116998167697473,0.143149927377785,0.101119135510054,0.136076775456965
2188,0.168038544035917,0.115643443047959,0.119326277823479,0.14031713630433,0.117263193159074,0.143459562185763,0.10126015699633,0.136373731020419
2189,0.168215098562611,0.115895043055214,0.11941182889693,0.140450130399053,0.117423798785124,0.143827738162746,0.101424247119316,0.136610486932526
2190,0.168327133053644,0.116087094013264,0.119533526013258,0.140649403893354,0.117585616896939,0.144136142260608,0.101691930481635,0.136952006937395
2191,0.168510995098327,0.116346622778156,0.119596655216848,0.140779374985921,0.117826671885554,0.144327455519602,0.101862005558836,0.137290785455344
2192,0.168823067370387,0.116663334808372,0.119647436730458,0.140886703607742,0.11803825235591,0.144600298330764,0.101979988419907,0.137549584650928
2193,0.169129942249615,0.11689706630173,0.119744451027394,0.141159417354109,0.118235602815004,0.144847273092247,0.102142852066476,0.137878243926069
2194,0.169282776959937,0.11714071061839,0.119794761275724,0.141417394192095,0.118502546292795,0.145002607607055,0.102258366178495,0.138173249705742
2195,0.169478704880899,0.117424986623795,0.119909781775666,0.141559199444006,0.11870003526741,0.145268445587849,0.102373311962426,0.138361522126577
2196,0.16970523048123,0.117587469531245,0.120077759537841,0.141657490281529,0.118850582433221,0.145599084367851,0.102537425329458,0.13860658305589
2197,0.169826944629551,0.117797788322014,0.120101536048262,0.141811357628459,0.119078495436465,0.145840251262386,0.102668636418194,0.138891610045685
2198,0.169786876185838,0.118064144709665,0.119983607988716,0.141989407848257,0.119405115402224,0.146017582031817,0.102773254305636,0.139182908259486
2199,0.169904490665329,0.118288369371004,0.119999104060621,0.142128001990182,0.11958318748286,0.146233990362115,0.102929978319173,0.139432001693006
2200,0.170069828567314,0.118449589573794,0.119995681397294,0.142265738372942,0.11969407096878,0.146431312366586,0.103124156594934,0.139769606361868
2201,0.170205368863841,0.118662453691963,0.120010481936267,0.14240409380677,0.119883749088649,0.146633289778136,0.103273572868253,0.140003394933736
2202,0.170378376110258,0.118916418568981,0.120132603659607,0.142514431604183,0.120015010871281,0.146833550967803,0.103471063965562,0.140067829842194
2203,0.170515647275795,0.119095400558351,0.120166925196213,0.142604962229088,0.120222244334387,0.147070229490489,0.103574072409647,0.140252848278169
2204,0.170640224687544,0.119277640364688,0.120122823099315,0.142704070464059,0.120614466077484,0.147385251922633,0.103546297313373,0.140499847043976
2205,0.170730251889051,0.119433939263392,0.120126404522713,0.142821605609616,0.120765359968229,0.14757170569869,0.103615034440877,0.140709082974803
2206,0.170741659056563,0.119480737131868,0.12010589333642,0.142907116058508,0.120731134970095,0.147675766807927,0.103722124922796,0.140953701701231
2207,0.170879206019026,0.119631133101215,0.120134019675299,0.142977958461889,0.120847886140707,0.147844881561888,0.103800390952925,0.141178516494692
2208,0.171076532318967,0.119874487859966,0.12021068923994,0.143069408457935,0.120918558391972,0.147915821510987,0.103881306843036,0.141374558953515
2209,0.171212845171515,0.120008930930932,0.12027855466318,0.143164259479112,0.121040139044135,0.148082426337729,0.103988120353586,0.141539925680123
2210,0.171401755967266,0.120125242541713,0.120342561409001,0.143170588203135,0.121382703610184,0.148366071713093,0.104097490570918,0.141691234415581
2211,0.171598975659121,0.120229315483085,0.120473841354836,0.143307166026306,0.121480887236414,0.148658332480879,0.104161569629196,0.141818860453332
2212,0.171625471426975,0.120347741543452,0.120646488777419,0.143600515462006,0.121444681959369,0.148854247605944,0.104295641448574,0.141936108731036
2213,0.171668661862799,0.120489443266531,0.120664415218603,0.143718984545673,0.121591651306506,0.149012421252798,0.104401923638194,0.142107762055007
2214,0.171807328357169,0.120619874569405,0.120702105183079,0.143787595189722,0.121739787979496,0.149125592760465,0.104486279773819,0.142213566495793
2215,0.171991009731498,0.120808685034454,0.120806228490586,0.143987039948466,0.121858908928664,0.149243455802792,0.10458401248017,0.142320268735985
2216,0.172110256455133,0.120910508450032,0.120862308075807,0.144069564698531,0.121978860953025,0.149318635941044,0.104607850223733,0.142441233216678
2217,0.172165712710402,0.120908861118328,0.120996441763551,0.144065042283601,0.122047188491202,0.14939909798258,0.10463294215668,0.142498598137959
2218,0.17226033217886,0.120971445241119,0.121079711085572,0.144148107474255,0.122115790638113,0.149506139780548,0.104639659099022,0.142593072350648
2219,0.172289582417648,0.121058146560169,0.121179531708244,0.144288156410047,0.122079369379153,0.149604313744144,0.104529844764006,0.142736353916462
2220,0.172375178618371,0.12112833795133,0.121232429076926,0.144361214817777,0.122188274515888,0.149691486476349,0.104584791040365,0.142816368875842
2221,0.172565620856702,0.121223310884639,0.121224868126917,0.14443227665721,0.122443724506377,0.14986444665238,0.104800892989484,0.142861215484612
2222,0.172617556216906,0.121227422607337,0.121274686062907,0.144492193844699,0.122464752200497,0.149904514321612,0.104816386727686,0.142894605832917
2223,0.172581732087307,0.121179523370513,0.121390527942504,0.144533027653639,0.122415885963058,0.149837632803297,0.104793683684767,0.142920947633704
2224,0.172579644796321,0.121164614931115,0.121398090034605,0.1445380213965,0.122407605820972,0.149812582565301,0.104784589670812,0.142908790169844
2225,0.172526245144359,0.121103776433203,0.121313307099686,0.144551953130464,0.122283696448713,0.149722547836183,0.104639073073363,0.142878178893869
2226,0.172517815960697,0.121043956788396,0.121317219912066,0.144526670266701,0.122211161409449,0.149669592168627,0.104588602568955,0.142827787038602
2227,0.172629891579838,0.121028631957948,0.121343938656999,0.144418446205407,0.122236898260315,0.149678337591721,0.104677912712829,0.142722320144341
2228,0.17254091403022,0.120959891954996,0.12131761511459,0.144324470305888,0.122153796967885,0.149629049348875,0.10463869691485,0.142606779491301
2229,0.172287090808705,0.120833073734576,0.121364939789624,0.144221045772096,0.121989595857033,0.1495691632833,0.104491439086357,0.14249263818512
2230,0.172164121194646,0.120713152000527,0.121318025809367,0.144111598511373,0.121840883568233,0.149473609602249,0.104401653950669,0.142340323815433
2231,0.172005046338789,0.120622380650804,0.121098693125323,0.143992729835636,0.121649758267626,0.149334576053883,0.104361551407429,0.142175217226378
2232,0.171830860585644,0.120446076290325,0.120962608344171,0.143893308157802,0.121474321819505,0.149175247436709,0.104243691797012,0.141978983195517
2233,0.171780094751221,0.120160637724067,0.120893732621251,0.143830813591807,0.121292188279382,0.149049311608459,0.104100220066332,0.141701347467888
2234,0.171624836683929,0.119956775438274,0.120782961201885,0.143690632237534,0.1210997718123,0.148802281350805,0.103936997205356,0.141455975865604
2235,0.171347616162337,0.119747281128269,0.12071007829935,0.143501670298434,0.120896764891446,0.148456196479158,0.103689351703904,0.141218756850363
2236,0.171085615916665,0.119566714359279,0.12050034668331,0.14334772473587,0.120758578059616,0.148085773371645,0.10343723751506,0.140960548424994
2237,0.170848384735032,0.119422096881905,0.120391103431122,0.143123971345,0.120537869444745,0.147724871969213,0.103274902070181,0.14070402718425
2238,0.170553366467099,0.119084544714629,0.120246688368271,0.142785496920218,0.120220879397684,0.147330097488366,0.103097590243911,0.140361509994937
2239,0.170163835705614,0.118622162344437,0.119908518807141,0.142459597643488,0.119866694958538,0.146987826740908,0.102822970786875,0.139868781898437
2240,0.169790607790906,0.118179866854299,0.119701287268164,0.142150343202137,0.119521719311009,0.146705890661289,0.102469542737695,0.139391966075511
2241,0.169421396270991,0.117738079109491,0.119519916785437,0.141858478829553,0.119212280609865,0.14625257933,0.102062867692237,0.138936506712036
2242,0.168924176096342,0.117378409801013,0.119114471571631,0.141587978277438,0.118857467643511,0.145736400173392,0.101732681101593,0.138484052900925
2243,0.168433657814199,0.116951760983913,0.118800565955814,0.141236955947436,0.118465555627845,0.14524374784965,0.101391061604535,0.137979286789542
2244,0.167909809083764,0.116555704325207,0.11858773534299,0.140876452536439,0.11807708870459,0.144708834784102,0.101103129785471,0.137494083161872
2245,0.16742116179969,0.116080738622105,0.118290640978706,0.14046690733475,0.117613015344341,0.144138252031184,0.100749242006725,0.136938190917748
2246,0.16693351161087,0.115500325762495,0.117907995392459,0.139941126199812,0.117027191569961,0.14359047367825,0.100396656189278,0.136294703284521
2247,0.166387463123809,0.114992540911044,0.117538231576571,0.139486662525244,0.116540549382261,0.142951744324242,0.0999594541620133,0.135658184373085
2248,0.165856877494423,0.114565187452549,0.117174981082497,0.139094416001326,0.116076056386568,0.14218236372266,0.0994320422864512,0.135042250508189
2249,0.16527912093142,0.113991162412234,0.116817054369035,0.138579162418612,0.115553524861002,0.141507089552532,0.0989972338428919,0.134345242605025
2250,0.16462682480899,0.113321718122184,0.116412591661677,0.137989580592299,0.115086623229262,0.140866244621058,0.0985395474335759,0.133511575227974
2251,0.163953737668069,0.112724753065068,0.116048949285834,0.137465563283095,0.114527449125292,0.140157032711806,0.0980751831859208,0.132805565195705
2252,0.163228653527969,0.112066264821795,0.115753649947246,0.13687287415262,0.113817947137334,0.139458394298668,0.0977033097366238,0.132195576220833
2253,0.16255756622398,0.111410071888902,0.115361652869381,0.136331339199979,0.11321725631907,0.1387185861294,0.0972473331907309,0.131429769204267
2254,0.161872665615004,0.110840201363204,0.114888299243891,0.135942016587946,0.112646653282834,0.137859937521008,0.0966619059110447,0.130594210031407
2255,0.16117488103861,0.11021541345087,0.11449348540773,0.135387761138709,0.112051119366712,0.137082966107118,0.0961787602382679,0.129852494669358
2256,0.160549083751384,0.10947889698607,0.11413573733272,0.13470305721278,0.111520324246813,0.136367076433992,0.0957724924528915,0.129059479488269
2257,0.159865265108237,0.108806464759837,0.113741450773799,0.134090116663815,0.110919646226527,0.135592295078249,0.0952808499525416,0.128239543558838
2258,0.159024170902582,0.108248986081171,0.113353128073352,0.133403512196582,0.110218004224027,0.134805230185619,0.0947592244776367,0.127574376707215
2259,0.158325903735282,0.107560844770654,0.112954252991764,0.132785998353854,0.109581415525935,0.134038761129435,0.0942906853309427,0.126770012350516
2260,0.157694290996994,0.106743367785412,0.112500288748605,0.132261536960832,0.108945748395615,0.133259512718562,0.0938364806841578,0.12575804589843
2261,0.157126051570644,0.106025844191624,0.112060923452321,0.13170361248212,0.108345314603754,0.132447233269175,0.0933043132886313,0.124788566854556
2262,0.15645980029959,0.105464116971294,0.111673456711343,0.131113862173504,0.107726550605143,0.131707560486702,0.0928140614343947,0.124135633049071
2263,0.155803488952734,0.104682632306427,0.111364757144353,0.130567927848189,0.107050755367018,0.130985075028297,0.0923065292521882,0.123388293122328
2264,0.155175871785972,0.103974263386923,0.111016888310289,0.130115966474825,0.10645177333806,0.130245712439778,0.0917464850117963,0.122638817546679
2265,0.154469860388132,0.103482216282923,0.110617145530304,0.129669986060059,0.105909342503536,0.129489830679342,0.0913454427241177,0.122089062058013
2266,0.153862058119983,0.102850626682655,0.110180792006519,0.12911487321972,0.105427219255612,0.128792733682691,0.091065571265904,0.121345293531293
2267,0.153346458030284,0.102219056365867,0.109730892426379,0.128592012274659,0.104979050336758,0.128153538241286,0.0906785324726759,0.12054741654171
2268,0.152715653796742,0.101635439675588,0.109313224256411,0.128074301503047,0.104437962092623,0.127456997837814,0.0902678239627108,0.119890122592524
2269,0.151946696015826,0.101120292306284,0.108867178664681,0.127437549338218,0.103793062999873,0.126723858068675,0.0898102534029807,0.119348502793251
2270,0.151389313168964,0.100593705397875,0.108499525658158,0.12695068983614,0.103283806112676,0.126139623872787,0.0893999115377589,0.118741935585661
2271,0.150919110785679,0.100056114851507,0.108194532209978,0.126605758976913,0.102818699285856,0.125590738357432,0.0889358074157245,0.11811595291154
2272,0.150399130669156,0.0995651508340707,0.107868914596502,0.126166194429013,0.10233811344688,0.125032598721842,0.0885814639367702,0.117607110707308
2273,0.149937296327624,0.0991572336938194,0.107578380545176,0.125684909365283,0.101892601470615,0.12459547850003,0.0883730602454834,0.117187063550791
2274,0.149503469905407,0.0987080839784192,0.107293856906434,0.125306437860116,0.101466028681106,0.124133942159408,0.0879756854024593,0.116678072261513
2275,0.149044322243317,0.0981966593311511,0.107016005928745,0.125019716994704,0.10101290229716,0.123583759413109,0.0874601897197495,0.116203462091676
2276,0.148608486684842,0.0977922548560534,0.106708826681036,0.124626515427824,0.100615381043623,0.123149091457741,0.0871384725457408,0.115744894047476
2277,0.148319770484261,0.0974402425494566,0.106418169796033,0.124203048336042,0.100320750790803,0.122885107999716,0.0868148210331446,0.115173572101828
2278,0.147889791087184,0.0970954455108217,0.106101771234519,0.123837348753006,0.0999823535375617,0.122468492445387,0.0864859090633815,0.114731011830368
2279,0.147273719642315,0.0968676304113145,0.105728398463471,0.123430533135581,0.0996021380791218,0.121937838026361,0.0863572608102276,0.11446580127535
2280,0.146855071923206,0.0965423738753567,0.10540094229652,0.123032841752893,0.0992470518941412,0.121559043128025,0.0860748932609247,0.114081156462325
2281,0.146560952062548,0.0961366755569147,0.105127600110275,0.122692142173294,0.0989321623150773,0.121254173161997,0.0856211464952322,0.113639912216233
2282,0.146147308218063,0.0958047973692101,0.104790333778113,0.122391959402324,0.098614312066764,0.120870399156827,0.0852778106182612,0.113278205759348
2283,0.145790963377469,0.0955274271703448,0.104397360195431,0.12211049007268,0.0983166818991601,0.120552331109935,0.0849781302303744,0.112962176128439
2284,0.145374932962319,0.0951559719813437,0.104063796246291,0.121758353209095,0.0979806418627612,0.120187828394059,0.0846431652244392,0.112573327529158
2285,0.144777454128561,0.094757643797904,0.103762707681199,0.12142604270928,0.0976185008577928,0.119653755691894,0.084309171385276,0.112170528229935
2286,0.144299049630162,0.0943802115067157,0.103400278090349,0.12111748817903,0.0972629507595341,0.119252804767761,0.0839744595882163,0.111787260909462
2287,0.14395947109349,0.0939149809921996,0.103034744508292,0.120777579931463,0.0968890472166869,0.119072279953319,0.0836168492802369,0.111358815715632
2288,0.143501060185223,0.0934966818904659,0.102674575972745,0.120380564981959,0.0965243774754268,0.118676427520921,0.0832970154949713,0.110935703544861
2289,0.142985309301806,0.0931906041021868,0.102204853947827,0.120014854186467,0.0962238866034068,0.118162676220735,0.0830251940457589,0.110588496432142
2290,0.142499692642909,0.0928028575991708,0.101829373898442,0.119617671039787,0.095815812697178,0.117692792575834,0.0826981797074594,0.110194141670677
2291,0.141962006602659,0.0923338348193662,0.101568450878621,0.119084959951856,0.0952980175991513,0.117088551020498,0.0823523597861553,0.109757107475935
2292,0.141442147804878,0.0919039942744623,0.101269764215518,0.118619311557173,0.094859740155551,0.116540499709724,0.0820155782721052,0.109276287577151
2293,0.141055586778237,0.0915136876797621,0.101035254176727,0.118246816163807,0.0944764108649377,0.116138843702072,0.0816187045780193,0.108708909426177
2294,0.140457513156106,0.0910243912607045,0.100740038558435,0.117825275231132,0.0939257900076996,0.115594381294622,0.0813026566370636,0.108243011203055
2295,0.139852928480905,0.0905147783369451,0.100309182451097,0.117277767884811,0.0935396968308721,0.115012668204892,0.0810314442500875,0.107730203385761
2296,0.139378072770632,0.0901150557776554,0.0998253117165271,0.116770893977446,0.0931387894578876,0.114519247571661,0.0805833191007974,0.107144926400159
2297,0.138709994957133,0.0897449243621243,0.0993433149236631,0.116295093288924,0.0924200873851743,0.113987074470543,0.0800652515113251,0.10675793239557
2298,0.138051637152415,0.089399012564368,0.0987931174923144,0.115709635454806,0.0918928018565888,0.113437399577205,0.079582548456511,0.106315278583506
2299,0.137524178024922,0.0889034878322413,0.0983538644487235,0.115160001172165,0.0914312929397986,0.112846668527418,0.0791167897280188,0.105706070421818
2300,0.137039499174233,0.0883790986788437,0.0980262961233087,0.114620733162269,0.0909564346574,0.112191894718966,0.0785892202766501,0.105010194864181
2301,0.136475963381125,0.08785807250417,0.0975872350194433,0.114125384995875,0.0904979178838045,0.111629272668278,0.0781934000980159,0.104396554096042
2302,0.136058378739934,0.0871967586382874,0.0971214033625343,0.11362089575835,0.0902305019424953,0.111102207203262,0.0779160441589235,0.103589734801519
2303,0.13542353733142,0.0866302534477404,0.09667591184401,0.113129829368895,0.0897894501617767,0.11051734403827,0.0775571264186469,0.103041094072333
2304,0.134464259597184,0.0861450670313715,0.0961655470729035,0.112727215704945,0.0891765428423208,0.10989887085279,0.0772237339342333,0.102750557890277
2305,0.133914549226982,0.0856746422234236,0.0957338029205396,0.112242832410674,0.0887341382033929,0.109394445867674,0.076854719815932,0.102225593644912
2306,0.133552106390906,0.0851603409182472,0.0953729318840002,0.111615288211058,0.0883950024704473,0.10890448378613,0.0763970185864191,0.101620540245315
2307,0.133056609439455,0.0847110091231136,0.095019328918548,0.111203870344384,0.0879465090919204,0.108425403000511,0.0760699167489216,0.10115718143038
2308,0.13268539087355,0.0843362214336904,0.0946473644675729,0.110971486143573,0.0874480418008489,0.10810520461311,0.0758213031236035,0.100693958917665
2309,0.132272070797977,0.0840231131882572,0.0943504345802682,0.110522355309976,0.0870629014199479,0.107640946946654,0.0755389867264585,0.100221038313106
2310,0.131663495782353,0.0837540082748331,0.0941457284060689,0.110011397017541,0.086681638023216,0.106989929531497,0.0753327277030047,0.0998054332753435
2311,0.13129263301668,0.0834527988301104,0.093872307617669,0.109674311221509,0.0863102764402641,0.106541185828972,0.0750362779098434,0.0994836612911877
2312,0.131153089175617,0.0832595039123226,0.0936216124096901,0.109318186058846,0.0859864033086852,0.106177619038004,0.0746148694048327,0.0991572870454348
2313,0.130903775619051,0.082980818741576,0.0933833307538601,0.108907853092195,0.0857524374153127,0.105815372781749,0.0743548555861961,0.0988308709659351
2314,0.130685585595735,0.0825510744049915,0.0931542959583185,0.108646139243363,0.0855890423107784,0.105552085490655,0.0741584977237552,0.0987245225801627
2315,0.13044178179051,0.0823077364111493,0.0928416361620505,0.108320066326238,0.0853368715197099,0.10525128084707,0.0739624176175402,0.0984055701865365
2316,0.130159504995225,0.0822195296687653,0.0924531221296678,0.1078103427475,0.0852174053190451,0.104905502869269,0.0739311852479141,0.0978354093303246
2317,0.129929838336358,0.0819910087210933,0.0921843840979868,0.107416400989632,0.0849517412273702,0.104635559050065,0.0737034723578439,0.0974790738695526
2318,0.129745172807823,0.0818074533279498,0.091897180386774,0.107124623815942,0.0844088878462692,0.104534344975365,0.0733056668016614,0.0971892316717681
2319,0.12949432306127,0.0815418338539264,0.0916301011249936,0.106852096472263,0.0840821672368414,0.104212867232209,0.073029599440116,0.0968583463229839
2320,0.129306038969835,0.0810423458600976,0.091502907961533,0.106584220507643,0.083892159756683,0.103758944595788,0.0727376426268256,0.096639310761231
2321,0.129000503802994,0.0807581059294521,0.0913030377392758,0.106318925277747,0.0836095135404252,0.103376774855074,0.0724494064084668,0.0963461320694144
2322,0.128449832091303,0.0806717890493488,0.0910509500158578,0.106238608137942,0.083369781781669,0.102831929113402,0.0722048128252791,0.095948418226332
2323,0.128135869846942,0.0804052190482681,0.0908018707049523,0.105950933860878,0.0831082591801808,0.102444770997854,0.0719992801135802,0.0956060592579837
2324,0.128021037764719,0.0800946711025591,0.0905848831383636,0.105426098463053,0.0827461992511374,0.102341949134117,0.0718356081786433,0.0953030186404571
2325,0.127672271617294,0.0798519099706846,0.0903041274293444,0.105052917586869,0.0824382586228664,0.101991019606843,0.0715901644662026,0.0949582808117038
2326,0.127341009904313,0.0795631796378861,0.0899288149434937,0.104667571026917,0.0822479112471964,0.10143820130702,0.0713785663386992,0.0945982382330893
2327,0.126983236489594,0.0792158321239372,0.0895926344090442,0.104290178338325,0.0819354578666271,0.101045288958575,0.0711143502952686,0.0942409372549566
2328,0.126311274673387,0.0789656669502468,0.0892494498911265,0.104090279950108,0.0814943309437924,0.100681427824569,0.0707227849784208,0.0938282447584793
2329,0.125819431122384,0.0786314274385609,0.0889281804993586,0.103726472983269,0.0811469580792106,0.100220292109255,0.0703615269560043,0.0934704095348119
2330,0.125619552822657,0.0780421676963818,0.0886987124482644,0.103160201482331,0.0807943854433968,0.0998324914071411,0.0699790933991723,0.0932309212726764
2331,0.125198764250206,0.0776237450699078,0.088340813975934,0.102715004464963,0.0804453617746142,0.0994158338327613,0.0696535716425534,0.0928682101919537
2332,0.124588368883163,0.0774099770114006,0.087797622472393,0.10236898668482,0.080220782227573,0.0987443529022098,0.0693697877943801,0.0924225831676424
2333,0.124137325348501,0.0770238303938398,0.0874214500271786,0.101876160401973,0.0798984459527976,0.0982693819096266,0.0690591481213272,0.0920089686975006
2334,0.12380562680604,0.076489471364815,0.0870097699082024,0.101289005085153,0.0795326145587465,0.0980827033419694,0.0688482238262037,0.0914411843262772
2335,0.123169233968932,0.0761431059686488,0.0867715204166431,0.100752238985806,0.0790462228454751,0.0977185414926935,0.0685055626800959,0.0910580058210954
2336,0.12276565560826,0.0758057108381477,0.0865938224546185,0.100414623010277,0.0786074504165779,0.0971795352689002,0.0680939913120567,0.0906426814270818
2337,0.122481242397533,0.0753070142418713,0.0862527109663729,0.0998905620762184,0.0782594073884062,0.0966947258483805,0.0677300387032166,0.0902078325447111
2338,0.121791492706982,0.075099923228385,0.0856801959902649,0.0994881289542984,0.0778304955237392,0.0962555771056441,0.0674251843139933,0.0897717989329388
2339,0.121278560859447,0.074901739691541,0.0852183204204821,0.0992623410199221,0.0773678828321242,0.0957812712788362,0.067150478541399,0.0892509008837661
2340,0.120842673408342,0.0744847549453828,0.0848003466361829,0.0988562126907005,0.0769760827243874,0.0952204823364779,0.0667834034042897,0.0888267053463225
2341,0.120468987204756,0.0738459288458209,0.0843849241829914,0.0982504063573577,0.0765444453781882,0.0947399801856458,0.0663815570930268,0.0884957491083647
2342,0.119988622905563,0.0735516128262725,0.0840561751316338,0.0978002738756899,0.0761843220205801,0.0942487693873299,0.0661175030243099,0.0880179313498472
2343,0.119568164823714,0.0733119438554895,0.0838487674695914,0.0974560081928543,0.0759579458342212,0.0935020127950019,0.0658659287276672,0.0874458683207089
2344,0.119190520126545,0.0729760831706694,0.0835318187733754,0.0969760648969992,0.0756113481194197,0.0931232125170484,0.06554252561353,0.0870615959446107
2345,0.118735679500926,0.0728264095088492,0.0831709184178062,0.0963781821961771,0.0751812826859779,0.0931217610321189,0.0652948400271957,0.0866688331406976
2346,0.118323871214207,0.0725279329406439,0.0829471677542203,0.0959960309216518,0.0748572431914124,0.0927619695719466,0.0650458137303349,0.0863193698221773
2347,0.118037613567555,0.0719610147286466,0.0828046736776549,0.0956705262441487,0.0745864522213247,0.0922881527730642,0.0646628187402412,0.0861611136529582
2348,0.117704144024657,0.071677562960871,0.0825254103429058,0.0953173401075622,0.0742230492156125,0.0919643779274322,0.0644173711803265,0.0858612775492278
2349,0.117273766775919,0.0716611433681462,0.0823086337692904,0.0951166582593955,0.0737977573237635,0.0915939347839348,0.0643764352737823,0.08543760486054
2350,0.116927446407718,0.0713488652842379,0.0819820647783143,0.0947920282104662,0.0735828884294993,0.0912435101573538,0.0641701127462392,0.0851441607672853
2351,0.116734439345639,0.070878092880589,0.0813686720609099,0.0943090162897854,0.0734579952096158,0.0910236615166006,0.0638695414728093,0.0849978782500695
2352,0.116378766362872,0.0705949875730511,0.0811140008478069,0.0939957364987508,0.0731725758255575,0.090750752127546,0.0636080213043939,0.0846153739925051
2353,0.115884220343582,0.0702565339549315,0.0811013388499696,0.093838045294842,0.0730122345473216,0.0903749973944091,0.0633020293970134,0.0840561504772849
2354,0.115527147683036,0.0700166024281075,0.0808910164929126,0.0934810142703197,0.0727340802011347,0.0900611344619733,0.0630984160423381,0.083733843175269
2355,0.115171266849917,0.0700412425906908,0.0807360859929823,0.0929840756769914,0.0721112125247108,0.0898848845777067,0.0629724994290667,0.0834054885133882
2356,0.1148709765184,0.0698170031594568,0.0805497520533407,0.0927389350814086,0.0718605452574064,0.0895674147187778,0.0627576612116073,0.0830912103089903
2357,0.114685436581193,0.0694135977234453,0.0802437279445589,0.0926343069559923,0.0719923656493393,0.0891158241723881,0.0625815232353401,0.0830067857392135
2358,0.114424624148063,0.0691543982809633,0.0799773010489703,0.0922401571740703,0.0717051668706455,0.0887600166986552,0.0623636213684458,0.0827321030610946
2359,0.114188747800451,0.0688919068777551,0.0798162752214869,0.0918116561829455,0.0712429629171035,0.0884080920199018,0.0620239560288416,0.0822111371376188
2360,0.11386572489972,0.0686382294638033,0.0795382599379816,0.0915162309124501,0.0709757139451032,0.0880720104421214,0.0617798366782348,0.0819355929797413
2361,0.113430947929151,0.0685238622902147,0.0790647216946165,0.0910031521786428,0.0705411549276767,0.0878067612931066,0.0616014453756469,0.0818450319543136
2362,0.113108546841458,0.068222065025301,0.0787943814283254,0.0906194608666613,0.0702542606793051,0.0874690000517378,0.0613984453664689,0.081571668015806
2363,0.11284823933102,0.0677770893986599,0.0786902746556232,0.0906298216291435,0.0703111656393079,0.0871140556377091,0.0612568921922939,0.0813123087461207
2364,0.112462669990909,0.0674085092681877,0.0783995422106043,0.0903135180422433,0.0701163800016033,0.0867075414130128,0.0610005111295285,0.0809969011373719
2365,0.111999613186403,0.0668676806172273,0.0780079688103954,0.0895970214106809,0.0697932282894804,0.0861844036693676,0.0606348391210836,0.0805094286034244
2366,0.111690024069019,0.0665995305569681,0.0777990091207487,0.0892336797699006,0.0694328900306911,0.0857947915103645,0.0603707625729656,0.0801250735201166
2367,0.11142138141426,0.0666554029386665,0.0775785358766523,0.0891311273715302,0.0689734026813262,0.0855044040617889,0.0601053830558936,0.0797737182463115
2368,0.1110298780711,0.06639897252203,0.0773627524435909,0.0887452797295288,0.068572825546372,0.0850736194225603,0.0598057859250552,0.079460754196529
2369,0.11072375653822,0.0660748304036563,0.0774850663191604,0.0882557531416457,0.0680003738185431,0.0846156925853092,0.0595419992123975,0.079188303515985
2370,0.110369921447077,0.0658289432776571,0.0772271335919768,0.0879350282554009,0.0676945308803178,0.0842024421351948,0.0593012062640372,0.0788922473996363
2371,0.109760306259597,0.0654223049450909,0.0764526777659825,0.0875618789031402,0.0677217303200341,0.0835710553451241,0.0589448254957572,0.0787028345197982
2372,0.109344965482205,0.0650820189505339,0.0761690150988095,0.0871436217867989,0.067454959652929,0.0832304410047607,0.0587424262525542,0.0783670721232988
2373,0.109173135723807,0.0649414623781232,0.0761861809970541,0.0867902807934769,0.0671825993934486,0.0832920427467479,0.0587995381376059,0.0778074957048056
2374,0.108827314763488,0.0646798652900993,0.0758567265441425,0.0865704967854245,0.0668647454028796,0.0830131660475999,0.0586286441259899,0.0774836531585321
2375,0.10837892106442,0.0642429211955193,0.0755232166808788,0.0863877785695959,0.0662122361588491,0.0826884108643067,0.0583506280214244,0.0773095151082341
2376,0.108009447840954,0.0639048468652478,0.0752950172517324,0.0860583461793447,0.065843182261595,0.0823293535047741,0.058148066301596,0.0769699729600389
2377,0.107611054303872,0.0635825445605013,0.0748022618565833,0.085928908645118,0.0657765229810746,0.0816292745928362,0.0579128818688071,0.0767431716455904
2378,0.107243100723772,0.0633447442896081,0.0744309346462695,0.0856115326694511,0.0654817768646752,0.0812115762329145,0.0576082472997363,0.0763686050752071
2379,0.107014015487669,0.0632690084824994,0.0744974390127218,0.0848589518937974,0.0650795455218107,0.081084083745773,0.0573746543000114,0.0756132181413251
2380,0.106647151014636,0.0630155326440842,0.0742289983653666,0.0843638053585773,0.0648216167485493,0.0807493592957964,0.0570386273504175,0.0751608410087624
2381,0.106119388099357,0.0627549020310486,0.0734591390412897,0.0840400723841525,0.0645862058384143,0.0803400664260685,0.0563185120072771,0.0748879756973272
2382,0.105729128131021,0.062443847595619,0.0731075439377379,0.0836519850064003,0.0642599225731049,0.0800309607623628,0.0560132102244744,0.0745536244598524
2383,0.105375666300121,0.0618437657225114,0.0730313339319753,0.083200082579298,0.0640847487046832,0.0797159517252129,0.056060747223147,0.0743412788650814
2384,0.104989852756094,0.0614932006083809,0.0727526432171355,0.082899816155873,0.0637579211701711,0.0793374304468983,0.0558841993764058,0.0740770194833256
2385,0.104778285915888,0.0613863801308437,0.0726018050111517,0.0827804466982436,0.0629413852211012,0.0790901762295373,0.0558899621780151,0.0737645907006738
2386,0.104365310761158,0.0611104831328343,0.0723701304936526,0.082499050072443,0.062625559343749,0.0787075618784713,0.0557364351614289,0.073432020174111
2387,0.103623397546382,0.0608629436667968,0.0718767275109572,0.0822746914944533,0.0629302704873414,0.0780320457185391,0.0552570204977373,0.0731704524986225
2388,0.103159746712213,0.0605806198727196,0.0714957117818276,0.081972172674675,0.0626308434736119,0.0775515526507781,0.0549192197518068,0.0727768796530283
2389,0.10285913228568,0.0601444638026579,0.0712732163637992,0.0814098554018161,0.0621283637343756,0.0772258682480635,0.0546588496640662,0.0721594792024482
2390,0.102406582444109,0.0597635165284535,0.0709452863838266,0.0810074710430062,0.0617965502338337,0.0767783122549411,0.0543680382020927,0.0717108487109257
2391,0.101934240018838,0.0593574220578854,0.0704367111671126,0.0807948403291485,0.0610611901536377,0.0763218239376398,0.0540865644421806,0.0712440403552788
2392,0.101622635341823,0.0590847142662371,0.0701120111944724,0.080416609567414,0.0604951703302374,0.075895104568737,0.0537882480845286,0.0708637142877546
2393,0.101389171830251,0.0590526071473262,0.0699786438087718,0.0799415175722162,0.0602469008220698,0.075398525262254,0.0534000451204844,0.070748181551906
2394,0.100967406154116,0.0587369194717632,0.0696650960443187,0.0795356967995493,0.0600265221745672,0.0749049495368908,0.0531434906538687,0.0704558981668834
2395,0.10065117606503,0.0582112572734645,0.0693294362769377,0.0791237766888253,0.0598078214365577,0.074431015259472,0.0529778089348624,0.0701005522715271
2396,0.100267798604805,0.0579251544614768,0.0690317840187331,0.0786258903625958,0.0595117785633548,0.07401724439636,0.0527852086440492,0.0697086288260877
2397,0.0994045502829914,0.0577239590429765,0.0685571902243135,0.0780453028903492,0.0593779953875603,0.0735990028184005,0.0527962290718549,0.0691902805442375
2398,0.0989148480874033,0.0572835808554821,0.0681846185006094,0.0776180243775205,0.0591639035023163,0.0731980432633865,0.0525985807439537,0.0687066278533051
2399,0.098833757789988,0.0567460366795716,0.0679523158293455,0.0771939895427508,0.0587060815017345,0.0730198224913389,0.0521221819661816,0.0680595915067478
2400,0.0985719495013248,0.0564748628602084,0.0677317527814503,0.0767595734607813,0.0583523290560592,0.0726152444738029,0.0518297982006013,0.0676888852867804
2401,0.0985813784459713,0.0562709932140033,0.0676036954324692,0.0765226830175233,0.0581171328445276,0.0719653664290906,0.0515396155591506,0.0677597325301111
2402,0.0982265460274816,0.0558035410430485,0.0673561725282332,0.0762069217382612,0.0578411754490617,0.0714578094364987,0.0512653273008233,0.0674035084787675
2403,0.097279986683414,0.0553691583596919,0.0670436946219366,0.0757127374835494,0.0576494145244945,0.0707496223179864,0.0511785390351882,0.0669097272675242
2404,0.0967326978374269,0.0550940474351412,0.0667907488489877,0.075330973158238,0.0572671178880319,0.070296761667038,0.0509936945527864,0.0664926365072393
2405,0.096340413040214,0.0545369146115444,0.0665724271282793,0.075131886561629,0.0565747218371122,0.0703346136891948,0.0507038070796949,0.0656501994616459
2406,0.0957718927759426,0.0540820151956528,0.0662012378483975,0.074769421135677,0.0562000619330282,0.0700226300911354,0.0504234687539854,0.065054651186638
2407,0.0952485176426471,0.0540181238281688,0.0656711982244507,0.0742728755602031,0.0560270676323014,0.0695588619102547,0.0500668620918996,0.0648696477556041
2408,0.0949007407637133,0.0538847802396735,0.0653337248354054,0.0738880705978657,0.0556335416413169,0.06919842066478,0.0498207006331653,0.0645202172702281
2409,0.0945222526495905,0.0536553235899254,0.0650451126301534,0.0734450604526821,0.0552223099683115,0.0685821018528929,0.0498322502568369,0.064022486123333
2410,0.09404846355708,0.0533634909780958,0.0646209519068135,0.0730462102142432,0.0549697044836433,0.0681265720797124,0.0495294168505027,0.0636720266701336
2411,0.0938201583608449,0.0532625278175508,0.0642506361666002,0.0728398330557145,0.0546896100114342,0.068082275701535,0.0487870671010191,0.0634443891559159
2412,0.0934889112114582,0.0529321970633488,0.0639760101299953,0.0725178395474231,0.0542951811008441,0.0677536717239402,0.0485185029964642,0.0631312417402969
2413,0.0929466635779941,0.051955332249083,0.0636103645199515,0.0721464444469976,0.0540486052465286,0.0670824672203344,0.0485773948089065,0.063006406161615
2414,0.0923412241993079,0.0515479061490136,0.0631980942885274,0.0717247125007055,0.0537726834642536,0.0666952484118332,0.0482562593317471,0.0626434523744581
2415,0.0915292066835804,0.0517504917824428,0.0628338690760717,0.0711988022479217,0.0530913604175496,0.0664757948273897,0.0480433754830274,0.0618379061001693
2416,0.0910278938152002,0.0514220160377912,0.0626063166058252,0.0707174181433509,0.0527269007607298,0.0660731437465259,0.0478929908869304,0.061313301990282
2417,0.0905654057304596,0.0509006999833834,0.062220854653426,0.070199212819939,0.0525945386728462,0.0658479808091712,0.0476436725698139,0.0606551435848737
2418,0.0902205726522539,0.0507455892277192,0.0621684331503531,0.0696312218130328,0.0527676892081443,0.0654868603845675,0.0467708358288084,0.0604148470633718
2419,0.0900602576150582,0.0503946838090291,0.0622520875166069,0.0695707557672376,0.0526427291848493,0.0646284493073221,0.0466214332458372,0.0603085430975739
2420,0.089873493514955,0.0499314111917234,0.0617849388419673,0.0692773328339444,0.052060086943153,0.0638131053231399,0.0467244730390198,0.0600890373277992
2421,0.0892789471666019,0.0497980028203989,0.0615351522978702,0.0686518708376576,0.0519066809361507,0.06353447954624,0.0459580066661425,0.0598599095492483
2422,0.0885669516455464,0.0496290967747652,0.0612671059293386,0.0682152126436045,0.0513679249299407,0.0631687815641329,0.0453846532089055,0.0593436392766458
2423,0.088379756376301,0.049044113448502,0.0607046625432645,0.0676992299546256,0.0504022708558068,0.062982382707053,0.0452128458563779,0.058726034808666
2424,0.0880262942799712,0.0483060362196049,0.0603189634741455,0.0672017245019812,0.0501172397508521,0.0629981925399108,0.0448242419048208,0.0584864761890585
2425,0.0874131888792546,0.0478324586141019,0.059869282194434,0.0670939856782063,0.0497835070689678,0.0624585356922152,0.0445734413824986,0.0579498759460495
2426,0.086923151915115,0.0476333899633531,0.0596905984151241,0.0669950722499295,0.0491502415413135,0.061744531490229,0.0447059553399411,0.057101337312973
2427,0.0862899703698741,0.047696240535544,0.059587525049939,0.0664232851500226,0.0487861482315174,0.0614408426354944,0.0448990564009406,0.0568932786311357
2428,0.0858863594430142,0.0474912001580993,0.059263631573715,0.0658447670459206,0.0485715267483628,0.061174770632978,0.0448151373629004,0.0565950127722605
2429,0.0854140101642575,0.0467154829995511,0.0590305404681477,0.0655913477982406,0.0482238426241083,0.06062803808574,0.0444433632390738,0.0559402837497312
2430,0.0849843008952394,0.0462361731089087,0.058451973406734,0.0650858568870941,0.0477400802606385,0.0601778094755389,0.0440296547989329,0.0557983071221357
2431,0.0846539080019819,0.0458748532733137,0.058202740140941,0.0644200486725011,0.0477650329207021,0.0596687383429424,0.0434190538998065,0.0555484644827362
2432,0.0839084061490495,0.045365604097343,0.0583201002182069,0.0641379572558541,0.0479533321856449,0.0589815291604333,0.0427388427369745,0.0547155208302616
2433,0.0833705054988624,0.0454801802874143,0.0577603860436926,0.0638221868548958,0.047546432331984,0.0584859399034338,0.0425747557101284,0.0542407305534136
2434,0.0833689260033525,0.0457018407111432,0.057162652526419,0.0633547015952565,0.0469590688358508,0.058149112357064,0.0425923646088601,0.0543616445259998
2435,0.0830838952004668,0.0454784904360257,0.0567781947883091,0.0634266801508345,0.0464189846979421,0.0578015704449852,0.0421566329613571,0.0539371931614633
2436,0.0823474389886994,0.0450682996955871,0.0564585692346944,0.0634128279046546,0.0458614193262979,0.0571848225459275,0.0415025070605853,0.0530670228919717
2437,0.0819654455161394,0.0444015757761801,0.0562167730589434,0.0627550073364413,0.0453421736295562,0.0568742454292794,0.0414242864375287,0.0529484095514535
2438,0.0814314797437308,0.0435594973001313,0.0557522685253956,0.0621883723073875,0.0451285902577694,0.0570014302897439,0.0416295022278788,0.0528172906771873
2439,0.0807900540941061,0.043020554324958,0.055317504714415,0.0617133261237644,0.0452557842992132,0.0564291196373257,0.0418374930178907,0.0519662833936621
2440,0.0807283461352524,0.042810535024018,0.0550610263685832,0.0612302835896174,0.0450395040518319,0.0555201897229949,0.0419750713344307,0.0517761961787099
2441,0.0802431010970207,0.0426767691908988,0.0549610566773856,0.0607027819388147,0.0447208237743699,0.0553722752652258,0.0412835817920227,0.0517464386057838
2442,0.0794797191590087,0.0425783945263625,0.0549641884429556,0.0602176703072847,0.0444451866604143,0.0554551415660403,0.0406687759698324,0.0507327435454939
2443,0.0790235495018575,0.0421589574071974,0.054699334613763,0.0601302945463479,0.0435489275896119,0.0549332062118085,0.040560970796657,0.0503588088911908
2444,0.0784535261091006,0.0416083004000138,0.0540742210163907,0.0598962193954719,0.0428390553601428,0.0543454294323115,0.039969630123008,0.0505694349483919
2445,0.0783998368701991,0.0413840826689939,0.0534424898039714,0.0595900212965861,0.042661821617554,0.053708393245409,0.0394488350105637,0.0502130256616471
2446,0.0784908182909776,0.0416897073162779,0.0529402773529263,0.0598824443282997,0.0424226077943392,0.0525236140779761,0.0393408935016191,0.0497282510147633
2447,0.0778500377774573,0.0420307145894012,0.0525177131718277,0.0595523992635337,0.0423881981169778,0.051797456581279,0.0390117079779236,0.0494088872902693
2448,0.0772914084203821,0.0414483429932902,0.0520466800759315,0.0582791430786668,0.0421921855430244,0.0520913246552102,0.0385142810456919,0.0493845789919658
2449,0.076757985333594,0.0409868227978507,0.0516285951382126,0.0578575494964735,0.0414008764048025,0.0523334960350275,0.0384453682746807,0.0489810768938563
2450,0.0760079726982125,0.040875711281182,0.0516950436628284,0.0579628402720021,0.0413326999404048,0.0516014008663668,0.038752540498058,0.0484348188560124
2451,0.0755849323936576,0.040116188523386,0.0516768318468677,0.0577376321472622,0.042087968747092,0.0506337436962536,0.0385860369618975,0.0480697851025601
2452,0.0752925565483773,0.0396114018849299,0.0514493614166846,0.0575400949463308,0.0419348868947258,0.0504419201758285,0.0382936201505623,0.0472090449405818
2453,0.0748574474088098,0.0392802314143904,0.0514739384603285,0.057136662059324,0.0416902953038782,0.0503420594683894,0.0379501431297693,0.046897691606652
2454,0.074439139026172,0.0386401847121329,0.0510034949129732,0.0563792986035503,0.0416127167850518,0.0498608354047882,0.0369740507495443,0.0469722339096226
2455,0.0745779689973012,0.0390166859332342,0.0510142080605657,0.0564904894378214,0.0405820287373591,0.0499368077375733,0.0369362623490291,0.0460614741255716
2456,0.0743059749974711,0.0389105913479739,0.050738590962803,0.0561804039791308,0.0401192301206308,0.0499241450709806,0.0366266698861765,0.0457590225742596
2457,0.0739680938400661,0.0383006238956485,0.0500913232124719,0.055734209844877,0.0401940275155005,0.049361017704698,0.0361654352945759,0.0457384735498382
2458,0.0736632264096077,0.0381788958013341,0.0497447071652354,0.0552733621183976,0.0399253045025623,0.0489230351585821,0.0362141966235922,0.0454233967259491
2459,0.0729733366676004,0.0383768800075975,0.0492935612961174,0.0542246211642979,0.0397236743958022,0.0488019320785571,0.036696933293128,0.0455562351709703
2460,0.0723473814520569,0.0381084695149826,0.0488896708432856,0.0535732720941371,0.0394111829562819,0.0486985028159714,0.0365260944487224,0.0455025395740592
2461,0.071664154005346,0.0380757009388866,0.0490629163644094,0.053283044481147,0.0385277460748189,0.0486067123409787,0.0364668460568249,0.0446152386379665
2462,0.071311256291419,0.0377505067518212,0.0488306709264899,0.0529251192948688,0.0382403033238473,0.0481462811783778,0.0364012505623236,0.0441804612631076
2463,0.0712607066970002,0.0361177491805649,0.0479698753377179,0.0525466873137308,0.03859316166417,0.047380205854506,0.0352705590177825,0.0443571700347169
2464,0.0709616081243183,0.0355768130630666,0.0475531733708061,0.0525494534020862,0.0384849531788488,0.0470949132207687,0.0348013424121415,0.0442792479182827
2465,0.0709548732949605,0.0363768085063989,0.0473197576277024,0.0533838873238623,0.0386658484642746,0.0469697641517151,0.0353685900226318,0.0441686738397395
2466,0.070746720025131,0.0361186767763421,0.0469884978789983,0.053279016180631,0.0384924495967544,0.0464733215323864,0.0354274955385969,0.0441031463565096
2467,0.0701403397451949,0.0354136695293591,0.0467302813811282,0.0525222996697877,0.0371849521978116,0.046271790867524,0.0353085279568248,0.0439661314700051
2468,0.0695717155896138,0.0352469016199942,0.0466835441426799,0.0522361435277412,0.0368448858984232,0.0458797575227468,0.0351360560924384,0.0437006666023319
2469,0.0688857503895569,0.0348594194016862,0.0466712394605566,0.0513732834685067,0.0373909035673018,0.0445803791352297,0.034508574063572,0.043335728619202
2470,0.0684029628361277,0.0342528292919706,0.0466467347722193,0.0507852010689654,0.0371439568809589,0.0438917299820427,0.0342899973495654,0.0431459394025783
2471,0.0677754197700797,0.0337803886821031,0.0474591457905136,0.0511270296762838,0.0366212406909315,0.0435211298249526,0.0344210363242888,0.0429416508927557
2472,0.0674541732801685,0.0338617129588475,0.0473140814274574,0.0510956000445928,0.0368052376064426,0.043455090490774,0.034390087344328,0.0426262348564467
2473,0.0677628488228504,0.0340545271234742,0.0458906094957964,0.0506677803175222,0.037436047253787,0.0440969326961162,0.0345556914211345,0.0425044124523142
2474,0.0676648532020937,0.0337777785692788,0.0454858390522205,0.0503428821771371,0.0369989790644899,0.0441652973175465,0.0345916786860438,0.0423688820742281
2475,0.067573898351348,0.0338877679515738,0.0452837672301154,0.0501105053673696,0.0360468047557131,0.0442985837048216,0.0346003092630716,0.0421913374284175
2476,0.0672378006188538,0.0340985386616479,0.044661939982232,0.0497830060776374,0.0360199986033658,0.0443608651786355,0.0342552311199996,0.0418482749293226
2477,0.0662698096513631,0.0337084958010834,0.0445453692080053,0.0493374124845404,0.0358410567008432,0.0439638085755545,0.0332751341314805,0.0410374740634791
2478,0.0658681556488242,0.0334214311627042,0.0444031472723888,0.0487767437736608,0.0351520918372304,0.0434548840857214,0.0330275043024922,0.0407282439835715
2479,0.0659187265440838,0.033974607776409,0.0434796213973495,0.0477853216050576,0.0348266354942851,0.0430585086255579,0.0328452508478561,0.040741074438066
2480,0.0654984057156065,0.0339212277953286,0.0429356554788788,0.0476154166081269,0.0352588275073667,0.0426574753312686,0.0328163679482647,0.0405795400321944
2481,0.0645704313956836,0.0326700116357766,0.0429918453866553,0.0484314011369355,0.0355144766225328,0.0416239147827917,0.0339324277780503,0.0407490065930527
2482,0.0646908172582821,0.0323708180781674,0.043081384279813,0.0480850492775779,0.0349361460924692,0.0410029699984143,0.0343384544503137,0.0410024106066668
2483,0.0654826703440215,0.0330785911809093,0.0433611117921492,0.0469943268801589,0.0353001149689261,0.0406429468949097,0.0341188298465176,0.0412486191813051
2484,0.0655492258651477,0.0327435799838836,0.0431851512432939,0.0469872293696702,0.035476015556649,0.0408054556288327,0.033995358525922,0.0409757044068479
2485,0.0664739327509472,0.0316602326941228,0.0428595136172328,0.0469088284449703,0.0339360172580597,0.0420127117443616,0.033456332225516,0.0405546644431276
2486,0.0665999175556852,0.0315693472741154,0.0430360416005917,0.0465664178207152,0.0329267314712441,0.0419087183452635,0.0330986824350722,0.0404065220814354
2487,0.0651172091632256,0.0315759609240875,0.0429733231399815,0.0474042927183789,0.0326515148843177,0.0411159545820004,0.0330435918715067,0.0397525538775577
2488,0.0644653192403432,0.0311967622365469,0.0429183151354306,0.0479465541034669,0.0327806934896225,0.0410228655483922,0.0328755737738474,0.0392655808827089
2489,0.0642617033636015,0.0315552224519722,0.0438710021711931,0.0472628722456018,0.0326180664908582,0.0401548711002168,0.0330076097914775,0.03954302885188
2490,0.064088114017455,0.0319629500149443,0.0439142501020998,0.0470646712842959,0.0328142471391211,0.0398428059478101,0.0326938867616317,0.0393950280371308
2491,0.0638283803130283,0.0319303426677502,0.0426033563778592,0.0482567825913654,0.03506986291671,0.0409749360598964,0.0307089909116844,0.0384022363534945
2492,0.0633852239408958,0.0314019455286707,0.0422735439751995,0.048517302211088,0.0353274136270012,0.0414476059399933,0.0310583667989924,0.0380314091285492
2493,0.0628785874643525,0.0308920309564326,0.0426715510001783,0.047713063809865,0.0328349853135061,0.0411088172687525,0.0343910162045789,0.0383706470589524
2494,0.0631563592187,0.0307790845953907,0.0422680414603127,0.0466629149107063,0.0330213370447308,0.0413053847877936,0.0338579185112058,0.0379955108057427
2495,0.0646226899333635,0.0301156949564687,0.0414135484142771,0.0446543930110568,0.0353751497202279,0.0425692628973272,0.0313368014538698,0.0373952026492897
2496,0.0640188494330773,0.0292869868385101,0.0412296456036117,0.0448398834706813,0.0351737822421664,0.0425772244845362,0.0321483723188887,0.0373507679984776
2497,0.0622762267818898,0.0289855480887779,0.0416063724682406,0.0463208337083961,0.0345646858006383,0.0419970099477862,0.0325096005064414,0.0367963856543583
2498,0.0620572293008862,0.0293078606765357,0.0408408345712276,0.0463954779682647,0.0347330946708718,0.0412679494122854,0.0313192472820684,0.0365705276266208
2499,0.06055759644181,0.0288860312965775,0.0388283509307147,0.0472450873850947,0.0333333903952403,0.0385027749594777,0.0332499139228739,0.0372687995716081
2500,0.0602062899658478,0.0286627091133684,0.0388809170793835,0.0478614742685418,0.0316052950489782,0.0379549112116483,0.0332383503856822,0.0373230584063364
