"wavelength","125","126","127","128","129","130","131","132"
350,0.0654630344478633,0.0685694185919431,0.0849778922499969,0.075014685072152,0.0771908495938307,0.123092140340409,0.0736123533176881,0.110536454759255
351,0.0682288608116993,0.071187616561111,0.0838771064692934,0.0794390602434365,0.0785536148068937,0.123832890352304,0.0761138466745202,0.108912726860462
352,0.069888209765334,0.0659731883220084,0.0783492558830085,0.0785289036500698,0.0703993570443846,0.117463652937528,0.0713641800628596,0.102699370393175
353,0.0668466487540895,0.0669331474158378,0.0812458744902721,0.0762980828570124,0.0754720835734482,0.118219567884493,0.0723848831417494,0.107085936986516
354,0.0651187506601799,0.0692042128019371,0.0805122503074964,0.0753255886668676,0.0764405822032113,0.119388274213373,0.0736724670134968,0.106961449953999
355,0.0656230030187906,0.069587127844779,0.0785961301910515,0.0762199067527278,0.0756093712413993,0.12016868002206,0.0739577391770147,0.104698447222167
356,0.0672902703292996,0.066575388283338,0.0797661404328324,0.0779060518839202,0.0775462347456409,0.120695954583622,0.0729529990919356,0.105308438515517
357,0.0648934616248849,0.0663217598843171,0.0792647645945988,0.0728071489969711,0.0736139917363429,0.119227694758537,0.0704133611011065,0.105082395126782
358,0.0652947903819761,0.0671667681018779,0.07890128892166,0.0726598085831411,0.0727675545558425,0.118995898827094,0.0710642010556139,0.105534435371128
359,0.0689565165675112,0.067445829360564,0.0792839539150109,0.0795467061894724,0.0767328727039468,0.119874736791082,0.0746489192669194,0.106541882445281
360,0.0622350250570873,0.0659626780722746,0.0776570205013833,0.0757038503163322,0.0713523595124431,0.113853085021025,0.0705254359048911,0.103838187751991
361,0.0605717072055093,0.0658214580675254,0.0790663460242578,0.0738595740168982,0.0721876273514681,0.114829619791143,0.0707757703583988,0.103275176336287
362,0.0645649396242125,0.0673371267632825,0.082063787854973,0.0756156074871062,0.077545920834632,0.1202733251736,0.0754312094698036,0.105423033130069
363,0.0668129592821744,0.0691515228663154,0.0817461438788346,0.0768287432431713,0.0766926710272123,0.118882721214467,0.0779544020009808,0.107861294343521
364,0.0669469951250108,0.0679656679259829,0.0821117730094903,0.076462224196685,0.0767172211194577,0.118138327341565,0.0757547287573114,0.107541446011289
365,0.0654366774996932,0.0653573820091925,0.0805657653435338,0.0744924178683537,0.0759494739456721,0.117796897229877,0.072828871117168,0.105414868506829
366,0.0634978063251408,0.0637932916267816,0.0758648942258248,0.071992278957021,0.0727386837289675,0.11676678176484,0.0728476162908105,0.10353050148936
367,0.0636246975044259,0.0649695900643616,0.0775486357536737,0.0732466732557473,0.0720327298940548,0.116659880773203,0.0716772033784001,0.104660723374818
368,0.0656946492134047,0.0663587987401106,0.0809857573061879,0.0746320850925732,0.0738976031020921,0.115677223366356,0.0712946841071258,0.105574008852532
369,0.0680830846998811,0.0668440070556253,0.0830336978453454,0.0746633638369293,0.0765460050117479,0.114536754010538,0.0725875491064611,0.105183260759539
370,0.0665755352766512,0.0676543030887543,0.0833982034837294,0.0756347708129215,0.0750686358307434,0.118910668048221,0.0751052020886252,0.106083095526504
371,0.0651338834083628,0.0674630862094378,0.0812088570221147,0.0745288277632618,0.0753210738822882,0.119471377336539,0.073243557448607,0.105722092149299
372,0.0643899448452758,0.0667774052465281,0.0787252388860801,0.0728619336190612,0.0762255174019591,0.117094923727705,0.0702241879980251,0.104282274674835
373,0.0637565040650785,0.0668623266795269,0.0795610990019318,0.0740175432073298,0.0741025113641479,0.117116274436195,0.0730440220989605,0.10324347700915
374,0.0655608562974273,0.0666712060955788,0.0810236861556302,0.075199436528924,0.0757797795096053,0.116924907811683,0.0751505418089628,0.103712955530747
375,0.0666520886200181,0.066174567483137,0.081758222383971,0.0753329198094842,0.0768376660184265,0.116891495340531,0.0750051128045247,0.105186177330116
376,0.0650223703513923,0.0657935664171315,0.0810940671834767,0.0743643534535347,0.0739815869343751,0.1173948034999,0.0730225102767868,0.106539690043427
377,0.0658577372640858,0.0674249419321779,0.0796095714741756,0.0747404078319635,0.074555243007061,0.117326456358925,0.0732378978740353,0.10552335651666
378,0.0662267754471512,0.066307716516131,0.0784489603946268,0.0745312689127988,0.0747637831883241,0.117115572370061,0.073009290526778,0.104134310137949
379,0.0653079337127726,0.063017674850321,0.0785156440980767,0.0734842234357413,0.0738588939766981,0.116872870578674,0.0718799833489401,0.10383401744585
380,0.0650403674515939,0.0653632105563524,0.0808561295771861,0.0735693364428388,0.0753771578776276,0.116193228424747,0.0723701668139366,0.105687812848286
381,0.0650190006535446,0.0673112587817083,0.0811088209009884,0.073988197995175,0.0750425901503771,0.116458368520181,0.0727791836119594,0.10694771094958
382,0.0651280084522259,0.0673579193259304,0.079894739069918,0.0746871568541177,0.0735231438594408,0.11733228464581,0.0727898330889072,0.106846650465841
383,0.0652066471082987,0.0657810193199559,0.0796921817155024,0.075639856309163,0.0733163087685888,0.117672867568361,0.0726034324599853,0.105619593978733
384,0.0638849253086434,0.0643424850616639,0.0796909662168825,0.0747377352205157,0.0748821670702259,0.115440942284678,0.0726190421409019,0.105394178245304
385,0.0643881600599006,0.0645932031614281,0.08017459265787,0.0738043943545337,0.0761165966163523,0.114572276166447,0.0732713880965714,0.105619258575142
386,0.0676408955673413,0.0665732716552807,0.0809215748362318,0.074103937782747,0.0755398218824329,0.116987556868612,0.0742548928848998,0.105541706063318
387,0.0657790572964973,0.0662715965635328,0.0795818676235809,0.0734742057992319,0.0741838591649088,0.116273729310849,0.0728450164750004,0.104887757447172
388,0.0642606855471862,0.0658412873556973,0.0793113671469927,0.0737547123952206,0.074021143367679,0.115736176275886,0.0723890585968161,0.105315693392458
389,0.0649875162291367,0.0661502766916937,0.0805960108729935,0.0749791467386096,0.0753603791303352,0.11642008442978,0.0734982664309281,0.106519620999142
390,0.0661064792294718,0.0666784647612935,0.0810299548997572,0.0751549444584317,0.0768447544100521,0.1169026638931,0.0737937165046898,0.105917372387368
391,0.067183734860146,0.0678799465000739,0.0811856289176953,0.0756442927991828,0.0769302304663896,0.117916366665766,0.0744297145181467,0.106184246260275
392,0.0676558298581085,0.068849180620323,0.0815502676143686,0.0763858222977839,0.0763707787665564,0.119268677970158,0.0752823580308391,0.107237557944779
393,0.0670701642659335,0.0683498752630032,0.0823740339690824,0.0767485893555621,0.0765158049873837,0.12027551042038,0.075793116485789,0.107948502417069
394,0.0653752558932464,0.0664666523387489,0.0809109640548571,0.0749255717180806,0.0748662900147312,0.118344486367906,0.0749575835763469,0.106445836875899
395,0.0645133953220352,0.0656799033905559,0.0797698777735475,0.0741559454569282,0.0740107936276531,0.116694569591655,0.0745800424744234,0.105504572263486
396,0.0653883937214535,0.0670575995294363,0.080667991488065,0.0760592553725809,0.0753994829878712,0.117474001208724,0.0755031063363211,0.106797978398986
397,0.0656977532089933,0.0673280307320267,0.0812838433211815,0.0763024243762707,0.0758689014042734,0.118198022544102,0.0750129139335715,0.107706187887091
398,0.0654611238523986,0.0668083260542962,0.0810481127150645,0.0761280610169588,0.075849871880438,0.118125313331788,0.0742190806068066,0.107399756396196
399,0.0651679981216323,0.0662980649222306,0.0804296565745931,0.0761111979558731,0.0758515877128283,0.11772121097868,0.0737974829058943,0.106420756697921
400,0.0658819710662362,0.0672540407595909,0.0811089939633965,0.0761978565339927,0.0765608261246293,0.11884905990471,0.074046438218856,0.10678700394364
401,0.0661521308117918,0.0671703394162812,0.0803545327132533,0.075693427319906,0.0764535945368933,0.11855430612241,0.0743125001214846,0.107322260128573
402,0.066334051148311,0.0667994086510635,0.0796302672697958,0.0755240260837161,0.0762874492111023,0.118058230979476,0.0746200143146111,0.107886406374582
403,0.0671582680294285,0.0677388797261163,0.0812995898746267,0.076813541230861,0.0773291540036845,0.11953116358697,0.0751997844635175,0.108568700622184
404,0.066886891282129,0.0685927673234126,0.0820565742327071,0.0770045212881248,0.0779403679155319,0.119969723675432,0.0761629751714584,0.10886468518917
405,0.0661821177462242,0.0685756475939462,0.0819068324304011,0.0764448276577999,0.0776752778406159,0.119659387538562,0.0761894401779322,0.108508190171456
406,0.0659008973329309,0.0677225550941898,0.0814080251929085,0.0759493072880263,0.0768473747131386,0.119289798562211,0.0749893067303738,0.107817116697765
407,0.0668241098106955,0.0681239112964911,0.0813394838900457,0.0766747623451457,0.0775284117825805,0.119519115262811,0.0757328391956859,0.108877543976095
408,0.0668161814410818,0.0681064701783593,0.0812051116708849,0.0768660741816019,0.077541005898027,0.119229047572708,0.0755431473806994,0.108733041954682
409,0.0659022827374217,0.0674941654162558,0.0809553989939271,0.0762425356506241,0.0766790783804784,0.118467043436359,0.0742804900975248,0.107397983369405
410,0.0664962660224648,0.0677537207292264,0.0810249555361751,0.076028087904568,0.0768538791375179,0.118534148024346,0.0747873505015287,0.108153844180873
411,0.0668302948197143,0.0678786218826705,0.0812917950422766,0.0766680964796274,0.077360698960073,0.119201398603937,0.0757729873557179,0.109030550424013
412,0.0667214710520636,0.0677680134548893,0.0815318387893533,0.0772628863931481,0.0776115338260305,0.11958866810988,0.0760782308336867,0.109280589048071
413,0.0665184184935266,0.0676392626118511,0.0814937962215623,0.0766132469820909,0.0771614345713731,0.118789306812473,0.0748302998736712,0.108692965792294
414,0.0664228114421226,0.0677646159274374,0.0811360015590356,0.0765452591253055,0.0773699228571214,0.118900989888106,0.0746835971102897,0.108869313276286
415,0.0665295950985634,0.0683747190079425,0.0812755090867991,0.0771645429623742,0.0779784067374002,0.119504500873936,0.0753842021899615,0.109466387638112
416,0.0668386094233245,0.0692656405364972,0.0821959536628012,0.0780296135127241,0.078497962754012,0.119963291147327,0.0762060831580425,0.10989767039724
417,0.0672233119870553,0.0688979622248369,0.0822852285894927,0.0778367869868866,0.078498563440412,0.120204722520092,0.0764317704073301,0.10969124118136
418,0.0673933685462521,0.0685204734425994,0.082099978519318,0.077489508822242,0.0782409938361374,0.120011023059275,0.0763818840042663,0.109634661885932
419,0.0673063661115233,0.0686357298224742,0.0819210774492676,0.0774078173838063,0.0779903772049985,0.119651953842213,0.0763161747086679,0.109955668624808
420,0.0671903652632483,0.0688641953065215,0.0816347974277481,0.0774176481371252,0.0780316748534163,0.12008788562392,0.076439009610306,0.110211741876717
421,0.0671812083845627,0.0690413039996055,0.0816058518926505,0.077643975154092,0.078325724635052,0.120458669507483,0.0765061136053049,0.1104130549305
422,0.067419282893453,0.0692698462436099,0.0819710361082321,0.0780042725421225,0.078786495233456,0.120722420133361,0.0766830964761394,0.1106529303534
423,0.0679724166545466,0.069749692418107,0.0826882854647388,0.0783258138501097,0.0792642528944727,0.121122020190707,0.0772257765630115,0.111050815039127
424,0.0679175329936133,0.0700497484553771,0.0825627891020701,0.0784965764075381,0.0792202960466845,0.121281129437475,0.0770356660726668,0.111175070256765
425,0.0678932250973275,0.0702348952612523,0.0822973345579442,0.0785890883671981,0.0793502498299433,0.121365671275145,0.0767636060436312,0.111347215401638
426,0.0683899604081079,0.0703947162585631,0.0825450052687555,0.0786955239816389,0.0800991176566482,0.121552127667915,0.0770306186033812,0.111782330624059
427,0.0682085392393835,0.0702819216641156,0.0824108927999003,0.0787964964706394,0.0801207315123615,0.12168774606286,0.0771709489682813,0.111723589140514
428,0.0682854903170807,0.0704351628115077,0.0824800822620891,0.0791603420684232,0.0802150585609387,0.121836897228718,0.0773674258427945,0.111962082433442
429,0.0688466825387012,0.0709316124896365,0.0828269664336429,0.0796219057564002,0.080588185460941,0.122012007363041,0.0776259692645339,0.11259329089137
430,0.0688866647538382,0.0710767012714432,0.082591873587387,0.0791648373937315,0.0803429570879029,0.122101348564951,0.0775652609401459,0.112477442857441
431,0.0690070942944046,0.0713248595379737,0.0825464402634009,0.0792237651466104,0.0803548986041181,0.12239279633479,0.0777791007824161,0.11262128390038
432,0.0693612531593929,0.0717817815059477,0.0828198839601959,0.0798155030517064,0.0807387165659468,0.122891802870893,0.0782128941762716,0.113118747819477
433,0.0698914948407923,0.07238022254737,0.0832223538108344,0.0802125010022794,0.0812170125466255,0.123438135635842,0.078467007236251,0.11360405275444
434,0.070198570916303,0.0726645869703728,0.0836590396742614,0.0804444477355311,0.0814351163136544,0.123732168749422,0.0786725934390594,0.113883177998753
435,0.0701389129493239,0.0726542016199352,0.0837588582176362,0.0806565322747484,0.0815236619406956,0.123739770434722,0.0788236311134433,0.113981127440547
436,0.0698045703012693,0.0725638322327237,0.0833376211806666,0.0809635992780867,0.0816908054170966,0.123592566429762,0.078897498115254,0.114016232736457
437,0.0700452294591193,0.0729222142645951,0.0833450470564187,0.0810262379710342,0.0818158443540701,0.123817917279511,0.0788242284070601,0.114167302740846
438,0.0706545359964239,0.073510539091873,0.0837719244054839,0.0813208287013601,0.0821844639693178,0.12434319441619,0.0791400306129343,0.114657238425772
439,0.0712419454085102,0.0740288562189145,0.0842935408340354,0.0818984668904871,0.0827381213407755,0.124913638700814,0.0798386137222314,0.115368625199811
440,0.0710927239278291,0.0740518037594404,0.0839810806664407,0.0817461136903697,0.082562055697433,0.124908283439708,0.0796602773228739,0.115429677859409
441,0.0710727827941494,0.0740866589220584,0.0838414243632872,0.0818908980087609,0.0827122465631841,0.12509904541954,0.0795657108368252,0.115569206474853
442,0.0713956916107619,0.0743558614032421,0.0841289706362562,0.0824178283346736,0.0832605974701422,0.125601626384701,0.0798384740630339,0.11599065752172
443,0.0718043705051511,0.0748954467248489,0.0845591873382598,0.0827004152563347,0.0835299171313516,0.126043955173011,0.0802982698600884,0.116532224093191
444,0.0721067462138435,0.07548287987505,0.0849022014118617,0.0830285800970896,0.0837548418338159,0.126310625908811,0.080693364073745,0.117079450767973
445,0.0723657035169836,0.0759581457791849,0.0851347990679925,0.0833370983445547,0.0839979990443715,0.1265437138257,0.0809661293332303,0.117539112868143
446,0.0726971353652909,0.0762361839435716,0.0853140496156867,0.0835161046237404,0.0842878650346793,0.126953387029291,0.0811554802066575,0.117859363488125
447,0.0728365978430705,0.0766643410249865,0.0854523616687157,0.083882400717293,0.0846619515774847,0.127464900137978,0.0814426704729885,0.118178841768624
448,0.0729729187925328,0.0769786009265852,0.0855217175654328,0.0842571076016508,0.0849540851190925,0.12792603683847,0.0817689387257092,0.118552428408624
449,0.0732376615953378,0.0770641708719478,0.0855583836768621,0.0844988706448481,0.0850943103919757,0.12822854105693,0.0820342846203306,0.118970977347345
450,0.0734429552654128,0.0774258886311222,0.0858153747178235,0.0847007628179247,0.085327800335688,0.128341737199853,0.0820524011819269,0.119256439008904
451,0.0737221911871795,0.0779109300070171,0.0860803238987228,0.0851076855280591,0.0856646479699171,0.128722038909472,0.0823155295347672,0.119674551900532
452,0.074078182421676,0.0783971732755966,0.0862524292399669,0.0856661215679656,0.0860488830256104,0.129346740420333,0.082807919924245,0.120204298543532
453,0.0743606714450133,0.0787855084764573,0.0863393366120372,0.0859494102978734,0.0863257299741831,0.129589022160808,0.0828730454882395,0.120454709000249
454,0.0745835480444865,0.0791185974749649,0.0865598681856477,0.0862060570633109,0.0867534885588051,0.129989772118093,0.0830833702317093,0.120876105737829
455,0.0747680257123727,0.0794144244780346,0.0867666936517001,0.0864314605890891,0.087203971402127,0.130501260042908,0.0833995772229952,0.121397758714409
456,0.0749505819813086,0.0796925957107349,0.0866878979071992,0.0865462158990081,0.0874053434943147,0.130843754047783,0.0835538703764773,0.121741017709212
457,0.0751654995169767,0.0800279547405267,0.0868873385802073,0.0867680589587067,0.087666814533849,0.131038908074002,0.083766557807244,0.122018246779086
458,0.0754391652780982,0.0803813047785288,0.0872271098207584,0.0871032881404471,0.0879493005027993,0.131274503978041,0.0840815046532627,0.122325888240019
459,0.07576870645944,0.0807146793989608,0.0874543554315367,0.0874883824175356,0.0881723807653136,0.131692917242955,0.0844432662550718,0.122728642698284
460,0.0760379985543551,0.0810867655215189,0.0873651863512836,0.0877400495318941,0.0883077083320665,0.132092223968869,0.0844707304503001,0.123149199620663
461,0.0764183048536351,0.0815544613073674,0.0875127008935194,0.0881274771102413,0.0887489028818352,0.132622739598053,0.0847698349387946,0.123698263310852
462,0.0768690855844055,0.0820508547166105,0.0880222471402056,0.0886727464134789,0.0894580660525255,0.133235803603393,0.0854032810763495,0.124309791830604
463,0.0769028572824538,0.0822516505272486,0.0882224441212094,0.0889096638380035,0.0895442563852726,0.133470116579626,0.0853352294913684,0.124561820723917
464,0.0769845680015425,0.0824834013926535,0.0882899725224258,0.0890970128671294,0.0896877766880561,0.133637751424033,0.0853955093941078,0.12469573182543
465,0.0771914810063076,0.0827753372141221,0.0883432572294722,0.0893278136139985,0.0900045503360047,0.133862045302547,0.0856663458800384,0.12489285931525
466,0.0773704264977542,0.0829779252614776,0.088508610147263,0.0896156166239105,0.0902841038304535,0.134174347543336,0.0857862962268678,0.125329730301646
467,0.0776418599220502,0.0833540000107614,0.0887532386903137,0.0899116929733541,0.0904646338900997,0.134616512735616,0.0860595857250284,0.125777678870077
468,0.0779078591892386,0.0837412694910123,0.0889539588891938,0.0901957982077916,0.0906162547359019,0.135014668499826,0.0863973856033266,0.126140572568067
469,0.0780463993792269,0.0839122548644964,0.0890016482714056,0.0904495788162147,0.0908250469007049,0.135184382312778,0.0866158382182698,0.126391749450904
470,0.078180265905314,0.0840294275270455,0.0890838482518311,0.0905955836233633,0.090927344393053,0.135289959910936,0.0866247093487406,0.12670996072576
471,0.0783587744302201,0.0842767479302924,0.0892223284414336,0.090795340971577,0.09114994743424,0.135508100111459,0.0866841534453026,0.127049739427461
472,0.0785988477495147,0.0846953882228418,0.0893839815207265,0.0911174926345189,0.0915805823302062,0.135916935193802,0.0869448952340282,0.12737505551381
473,0.0788641587962654,0.084942708841968,0.0894083537044217,0.0913149951055122,0.0918431719863844,0.136373524533162,0.0871850630899235,0.127727309741114
474,0.0791577931456311,0.0853276400817826,0.0896289084478133,0.0916269756228865,0.0921870583626899,0.136809868534517,0.0875503368935825,0.128229451722272
475,0.0794110692125061,0.0857915444404359,0.0899965621759705,0.0920305380171668,0.0925858886818454,0.137169064910298,0.0879196315507556,0.128732302563914
476,0.0794456906157232,0.0858328701169314,0.0900094725848109,0.0921988483531929,0.0926851883684708,0.137389153055455,0.0878233780425742,0.128717574646441
477,0.079658342886845,0.0860611881070696,0.090154009123425,0.0924049840604704,0.0929432429808117,0.137690065100327,0.0879889002708781,0.129052364263854
478,0.0799352070750494,0.0864519510344892,0.0903748891524841,0.0926861123041235,0.0933137015931514,0.138015788551455,0.0883532227008766,0.129598945692751
479,0.0799861719556088,0.0867377643794524,0.0904313462396491,0.0929848200029196,0.0935541860346113,0.138217168818051,0.0885466314918326,0.129839135529866
480,0.0803191802589251,0.0870726259997952,0.0906715584949381,0.0932051043604442,0.0937504091754553,0.138625655516092,0.0887995177611966,0.130202591080786
481,0.0806651935995984,0.0873707421070046,0.0909493396155378,0.0934385242243289,0.0939674766461789,0.13903318710352,0.0890033940312905,0.130601354809741
482,0.0807460401066623,0.0875598131914067,0.0910833053387137,0.0937463751496786,0.0942435719480179,0.139238257789947,0.0890608154862088,0.13090924101296
483,0.0807877887289521,0.0877529050570166,0.091084265362349,0.0938777329552793,0.0945047538795969,0.139445508270898,0.089113653162785,0.131192726489402
484,0.0810729748825114,0.0880992606340288,0.0912640810305854,0.0941929806750132,0.0948164471349073,0.139824502452314,0.0893215032768385,0.131625781989291
485,0.0815957479550622,0.0885866668459124,0.0916539262315096,0.0947390275747766,0.0951783807145809,0.140354032761342,0.089703999901546,0.132186338901076
486,0.0818264859949328,0.088916223041846,0.0917547052854169,0.0949354144197048,0.0954587633015032,0.140667204683139,0.0900725504704871,0.13248159077064
487,0.0820059836662336,0.0891739265132772,0.0918034113896524,0.0951670136666651,0.0957227716061596,0.140948740027751,0.090200062698392,0.132702062432805
488,0.0822286940972391,0.0894068965614355,0.091921589023866,0.0954946142404925,0.0959960095912538,0.141292278249465,0.0902477411731227,0.133003245742888
489,0.0825222188368711,0.0896555557252783,0.0921857079670963,0.0957846103228804,0.0962852211674848,0.141754573280224,0.0906776569498963,0.133549859072093
490,0.082654555434181,0.0899646546314979,0.0924115808223797,0.0960066114230975,0.0965481221699696,0.142060392118572,0.0909061053356755,0.134017216592036
491,0.0827673131209005,0.0903093768644855,0.092568669855026,0.0962315384923486,0.0967976879841402,0.142275004070322,0.0910222915683003,0.134364961593882
492,0.083067538687804,0.0906420370284716,0.0926881832311499,0.0965482310822152,0.0970610487313875,0.142552291088188,0.0912684455401286,0.134651956338238
493,0.0833571153511575,0.0909460149556449,0.0929018262014318,0.0969163591340508,0.0973462124534533,0.142859536231759,0.0914942470060366,0.134991736820885
494,0.0835743896129904,0.0912280012232287,0.0930814371352801,0.0972038968756221,0.0975838712972549,0.143215619593103,0.0916674187855204,0.135386494744418
495,0.0837390261615781,0.0915243082002533,0.0931712491204838,0.0973840615108853,0.0977816512808494,0.1436428813723,0.0918248712064418,0.135806015350717
496,0.0840672877549782,0.0919595459671412,0.0934101785051073,0.0977454641819981,0.0982150674126931,0.144203358284606,0.0921880967092113,0.136170957973518
497,0.0843531923630067,0.0924082254926955,0.093705594429362,0.0982381644145754,0.0986069253330052,0.144634590225463,0.0925067951216591,0.136561016363
498,0.0845598459378749,0.0927846029979938,0.0939633351211629,0.0987197291893874,0.0988833195186552,0.144917159959076,0.0927058548201436,0.136994704708661
499,0.0848692920460551,0.0930170099400731,0.0940554081419891,0.0988742436908073,0.0992204041754214,0.145350870346336,0.09291436423544,0.13741171815423
500,0.0851709826278461,0.0933696933581554,0.0942102780291652,0.0991451216961796,0.0995813689628524,0.14571705595296,0.0932025109977583,0.137849205669645
501,0.0854180734083823,0.0938407484329505,0.0944424123326967,0.0995647251415213,0.0999281909520468,0.146079461892691,0.0935358052968318,0.138308863791384
502,0.0855889247010669,0.094289326149228,0.094661200674589,0.0999670386382873,0.100212103425944,0.146607254278953,0.0938141270888689,0.13877035592159
503,0.0857361675887681,0.0944975139778614,0.0947262659756647,0.100085517062622,0.10039998687141,0.146859308292018,0.0939013857727965,0.139054892890034
504,0.085980823317856,0.0947438392156372,0.0948532213110353,0.10026662753439,0.100685551758476,0.147097948824642,0.0940135041917615,0.139374861121461
505,0.0863739594468128,0.0952729799473495,0.0952058760997184,0.100808821971819,0.101195389188831,0.147603254100939,0.0943520305496859,0.139915218473578
506,0.0865480051253075,0.095567965309586,0.0952542926822071,0.101036797385852,0.101475814339539,0.147935006361292,0.0946438763641657,0.140276552498047
507,0.0867446612421303,0.095833632787007,0.095336213564063,0.101257376771167,0.101702566455378,0.148249392798432,0.0948860568768481,0.140585422475894
508,0.08708690530166,0.0962034296590419,0.0956296535857845,0.101655795170598,0.102012663765563,0.148658188470289,0.095110711082367,0.140964948334497
509,0.0873548286551681,0.0965537921908105,0.0958631536395709,0.102029686016702,0.102388365029468,0.149106045023377,0.0953833155029841,0.141475111808467
510,0.0876637438262302,0.096935591683791,0.0960496061031749,0.102360327153444,0.102705308968357,0.149532136741157,0.0956744925088815,0.141981240247003
511,0.0879711608983154,0.0973337237817194,0.0962016028502044,0.102664482622893,0.102933232375636,0.149922603923531,0.0959425377244756,0.142416371623773
512,0.088078891524798,0.0976704679148902,0.0963371023735282,0.103000936415185,0.103116076484145,0.150306077033914,0.0961198512951833,0.142758992443602
513,0.0882832184802418,0.0980342913227635,0.0965479663743498,0.103329704455736,0.103433734274643,0.150685932118968,0.0963778225119727,0.143146071747398
514,0.0886133668643513,0.0984689834394321,0.0968238953978546,0.103674788577984,0.103878332117917,0.151097034293921,0.0967020085203614,0.143608036955996
515,0.0889862888190679,0.0989774242031906,0.0971024021116123,0.104067927990233,0.104348098248246,0.151567853979797,0.0970035968368742,0.14411643644028
516,0.0892068734854601,0.0992446481211909,0.0972331280352081,0.104342144042865,0.104614694878654,0.151904213533637,0.0971898186911209,0.144454496296101
517,0.0894355949726774,0.0995481585247562,0.0973674946948546,0.104656991342482,0.104847317419101,0.152262152392581,0.0974202379256993,0.144814844609132
518,0.0898000011234727,0.100111142839612,0.097629531745972,0.105124346355018,0.105204563264443,0.152764449713416,0.0978008126676325,0.145347263915134
519,0.090054267631505,0.100579889107394,0.0978381290830136,0.105463761653091,0.105527308989337,0.153181372872351,0.098071785632948,0.145767365068169
520,0.0903241569857137,0.100986144412895,0.0980497552120254,0.105799189339828,0.105872270326472,0.153587799235956,0.0983072165732705,0.146187757270707
521,0.0906721365638183,0.101384332532252,0.0982972359084911,0.106201418884961,0.106263356025793,0.154030429596786,0.0985833676476655,0.146665101846795
522,0.0910472928127104,0.101851106060463,0.0985742465535942,0.10664314226153,0.106660843188844,0.154495858747833,0.0989870490353651,0.147139037550465
523,0.0913483547583921,0.102298379645488,0.0987567599806654,0.107014777245818,0.107029717676287,0.154930667983021,0.0993250132392332,0.147603629984649
524,0.0916182232737244,0.102729725960436,0.0988973501870406,0.107348902824981,0.107388358145307,0.155371774454991,0.0995948317077069,0.148081148640938
525,0.0920096264857955,0.103208718901186,0.0991807869032966,0.107783422560041,0.107796309198369,0.155924305402043,0.099924627468737,0.148617751679036
526,0.0923683749749848,0.103746300347369,0.0994295830207041,0.108249343153903,0.108244088062881,0.156438252293624,0.100281021447349,0.149212822441453
527,0.0926982524424803,0.104277366795571,0.0996493296915185,0.108690696252479,0.108694068586635,0.156927479447891,0.100627407483387,0.149776616971441
528,0.093050973206262,0.104739321524188,0.0998991170383471,0.109077548155091,0.109107592288132,0.157453076036628,0.100937242596301,0.150235972759266
529,0.0934681015798117,0.105313099624415,0.100221778807291,0.109590815489024,0.109525805296418,0.158017521942002,0.101308727093322,0.150911616230702
530,0.093920608758068,0.105935814645683,0.100547328781771,0.110158934099115,0.109984392140573,0.158655903123858,0.101717314114692,0.151607798133757
531,0.0943694507943463,0.106539098789426,0.100826799569104,0.110689101800428,0.110490242868007,0.159353279937178,0.102132503913211,0.152169499638608
532,0.094764883721402,0.107126694042653,0.101110645317452,0.11109810158251,0.110959765193009,0.159909747965533,0.10255644210378,0.152754295133111
533,0.0951966413648073,0.107776325748749,0.101456393071418,0.111610874125947,0.111466865301766,0.160553017168064,0.103001928025898,0.153443155075105
534,0.0956852940397346,0.108489518068042,0.101839600226938,0.11227540681262,0.112028168520141,0.161333247980636,0.103454221975659,0.154221035412208
535,0.0961471233446916,0.109144301980164,0.102091566666828,0.112881421808981,0.112567788151513,0.162033393665265,0.103839454432275,0.154924802094838
536,0.0966271961164631,0.109852127864406,0.102419814934587,0.113502728670648,0.113174582009075,0.162759222636111,0.104297594995017,0.155659308402292
537,0.0971414849083205,0.110624987256658,0.102815876522688,0.114132645607041,0.113804259855761,0.163525633557086,0.104824171003467,0.156433362866123
538,0.0976943640212967,0.111424424309482,0.103157436956204,0.114732279368444,0.114339496176927,0.164309190131894,0.105335072012789,0.157211636187987
539,0.0982779774429092,0.11223993397671,0.103519066190023,0.115400093273915,0.114913479334345,0.165140256639161,0.105865215928823,0.158041233374966
540,0.0988708992525751,0.113082129622478,0.103938314742128,0.116118991344885,0.115578857735505,0.166029926990887,0.106404714675123,0.158923909925004
541,0.0994568020336451,0.113964880064453,0.104422413825555,0.11685376754235,0.116348298219716,0.166977216785606,0.10694757648924,0.159845449562391
542,0.100065860216132,0.114868629670102,0.104836345739038,0.117668861163747,0.117125743090679,0.167941771723472,0.107576010609814,0.160762024446384
543,0.10072585933976,0.115817701776825,0.105238891523038,0.118498703212554,0.117896951633763,0.16891780543979,0.108218109890462,0.161736846143497
544,0.10144449352884,0.116822565088767,0.105693040790827,0.119305226870469,0.118666710082701,0.169923160304985,0.108838981869274,0.162798210922647
545,0.102188392410885,0.117850585819631,0.106237082094925,0.1201545254375,0.119461022473791,0.171041232057363,0.109552307396522,0.163856947947562
546,0.102917949725899,0.118885873979002,0.106742675424628,0.121011617809151,0.120268510183488,0.172143877366372,0.110240290010516,0.164934484516427
547,0.103638559366656,0.119947106960201,0.107190846298942,0.121886295047092,0.121099128705001,0.173213286935925,0.110897446376885,0.166053946820286
548,0.104414048796328,0.121108227953361,0.107693950561392,0.122853949689381,0.121995769566759,0.174363719238602,0.111666125259792,0.16725790639303
549,0.105222421874862,0.122265646653965,0.108228829027006,0.123809451084919,0.122905170084559,0.175598243056931,0.112399905768122,0.168399659968933
550,0.106052627906798,0.12343228485138,0.108806800724654,0.124773399869431,0.123842140622656,0.176886561865665,0.11312073759401,0.16955311871011
551,0.10689574560314,0.124673258719383,0.10944303629003,0.125821379794654,0.124847995707418,0.178173353337281,0.113922690858774,0.170893099172911
552,0.107769563305627,0.125926488982995,0.109978661167133,0.126846979603648,0.125793196510178,0.179436467676209,0.114681506801448,0.172202736115566
553,0.108667499198747,0.127212604266751,0.110504170671805,0.127885203994508,0.126751257623172,0.180758869651351,0.115443603098098,0.173509953835448
554,0.109583691175074,0.128561545973728,0.111133265371054,0.12898908775694,0.127814552467291,0.182213002059163,0.116274581163558,0.174882667642017
555,0.110551048935371,0.129956687809473,0.111778068248657,0.130130907290447,0.128918846933885,0.1836806707656,0.117129770627999,0.176296582235871
556,0.111523881506308,0.13137218742049,0.11240582743595,0.131300273810683,0.130025027982542,0.185149780049456,0.118001565304603,0.177739396074568
557,0.112486247205828,0.132799294246193,0.113020666931647,0.132484054857483,0.131121942480144,0.186635380837113,0.118893765787842,0.179207880045997
558,0.113505702892874,0.134270956532001,0.113706637802603,0.133654976934287,0.132256982486869,0.18819821889948,0.119839433788541,0.180721057920883
559,0.114563142824092,0.135780138372651,0.11440598577159,0.134852495186232,0.133420519109562,0.189803821692919,0.120775484673478,0.182266399246855
560,0.115633386676739,0.137311277757881,0.115099701539846,0.136097171708868,0.134606198714134,0.191430841397989,0.121681946790314,0.183841182932622
561,0.116676444932625,0.138833176940143,0.115806426679694,0.137398816046827,0.135808109167304,0.193065918611616,0.122575762276311,0.185453847273471
562,0.117751914509329,0.140419794878061,0.116489710321193,0.138678743901771,0.137050453166407,0.194733958440018,0.123544202668949,0.187082298181398
563,0.118849967294149,0.142041550041595,0.117176957162687,0.139928388144605,0.138307074764018,0.19643476851086,0.12453422589235,0.188730530295524
564,0.119936172377438,0.14362852798639,0.117918697490446,0.141175822664571,0.139534148554301,0.198159151479811,0.125440193750173,0.190413179181865
565,0.121069067445095,0.145224209849833,0.118643582418663,0.142492725628737,0.140786475787051,0.199914041203373,0.126423722890916,0.192108435237426
566,0.12217296528096,0.14681690213213,0.119332920790167,0.143787762586319,0.142012056835858,0.201651508669314,0.127383399361532,0.193765286091409
567,0.123198687557922,0.148404193707604,0.119998129512978,0.144994839713848,0.143180256198814,0.20334508317847,0.128236324284988,0.195366286361038
568,0.124339900852543,0.150075606685842,0.120741020586081,0.146327546915011,0.144456846915317,0.205108727485375,0.129234383817554,0.197066432021345
569,0.125503282454858,0.151733438598332,0.121457690745894,0.147652559347506,0.145728263908251,0.206892457868642,0.130223698945852,0.198782623438739
570,0.126620862826445,0.153324245175827,0.122108514171544,0.148895423192087,0.146935230438302,0.208655021855261,0.13111905253548,0.200457865064001
571,0.127702824768571,0.154894171443731,0.122811721376074,0.150134347693518,0.148154631436278,0.210385454033392,0.132016823941206,0.202107021071467
572,0.128772428884787,0.156477567648836,0.123509821321519,0.151374870760213,0.149400952947918,0.212096757061079,0.132910105713983,0.203758708315402
573,0.129831217245984,0.158063522942507,0.124183874509016,0.152618660272795,0.150648091093473,0.213804069700529,0.133796608103988,0.205423199268216
574,0.13086034764068,0.159596220210147,0.124842001318123,0.153862832975879,0.15182459700132,0.215529615628287,0.134675948013788,0.207096488446693
575,0.131891924744752,0.161101869829264,0.125511934016649,0.155069679703812,0.152993006763054,0.217225059884397,0.135504543692739,0.208759223427686
576,0.132934130472864,0.162597214188566,0.126182289392893,0.156248132241738,0.154167115280492,0.218906592552067,0.136311747588597,0.210401607084854
577,0.133986562846293,0.164098797192238,0.126829006700561,0.15742922562332,0.155345671878797,0.220612966918501,0.137154335097649,0.212024845246368
578,0.135054464724784,0.165615607242598,0.12747552594059,0.158648615140113,0.156533888723395,0.222311625076506,0.138027648586791,0.213693226181923
579,0.136120376238457,0.167147096640349,0.12814302149527,0.159882627920821,0.157749059107101,0.224061109622687,0.138891727787224,0.215395823964059
580,0.137178573887598,0.168683544797049,0.128837907502215,0.16110798995199,0.159010144994614,0.225898987624965,0.139720630278639,0.217112735830209
581,0.138292040880881,0.170197038820298,0.129517775225379,0.162357716694747,0.160349716385472,0.227733115694056,0.140574692626525,0.218852853499569
582,0.139399176084251,0.17167605533055,0.130173297202995,0.163593617457579,0.161687338670972,0.229565577636161,0.141419324416399,0.220601758426892
583,0.140467274392014,0.173121475058529,0.130812715754899,0.16479644739973,0.162986577951341,0.231400328772315,0.142240503729723,0.222367068468349
584,0.141534953632347,0.1745656248265,0.131487498001245,0.165995786073639,0.164303648139504,0.233258379733642,0.143074730206154,0.224233784388463
585,0.142521607995352,0.175960718384716,0.132098583060139,0.167136682064395,0.165604198484058,0.235041020351813,0.143885002213449,0.225972825888794
586,0.143406380388888,0.177273981164546,0.132623234386972,0.168172342577587,0.166794273094414,0.236672166925648,0.144633039734072,0.22755051389429
587,0.144209555091212,0.178479133925067,0.133090630066094,0.169055141955418,0.167723021218939,0.238084235092449,0.145273347545054,0.229074667588178
588,0.144943877675437,0.17959425722927,0.133519251562304,0.169884649242785,0.168459574663929,0.239318331191409,0.145884451431984,0.230398047003306
589,0.145587211622738,0.180628891705568,0.133925284087984,0.170643697502825,0.169062770715576,0.240435570767975,0.146428530064797,0.231494728961305
590,0.146110482818198,0.181585955472326,0.134312426448693,0.17127720560228,0.16958448293254,0.24149088141205,0.146841561911865,0.232386689735906
591,0.146572907230553,0.182472285680271,0.13460213716276,0.171788155453017,0.169994037638773,0.242438940527354,0.14722325269338,0.233227295796792
592,0.147029338866906,0.183302937091441,0.13488440774049,0.172276453683729,0.170351680690448,0.243261916357797,0.147576499068997,0.233952347038388
593,0.147516862713553,0.184101865428421,0.135224144420707,0.172812857753043,0.170720932318965,0.243967403481895,0.147889485214682,0.234520518864573
594,0.148011087977799,0.184915330587801,0.135504515265243,0.173298505176831,0.171130301048193,0.244627541347775,0.148142908487929,0.235086618226742
595,0.148527987977459,0.18571050630302,0.135739414508423,0.173825908408862,0.171557087873515,0.245211421284405,0.148375867695205,0.235606869871802
596,0.149115822813475,0.186521439202938,0.136018164028878,0.174482616644841,0.172064282802288,0.245819412533102,0.148662719644637,0.236174172234406
597,0.1499194618227,0.187529335455554,0.136607048395812,0.175389355953729,0.172925502102072,0.246830249289166,0.149172825176124,0.237183406829973
598,0.15063332003229,0.188508971949716,0.137159509750507,0.176241612682566,0.173713664340633,0.247950981083247,0.149686933418177,0.238263704991832
599,0.151182366013277,0.189375289368773,0.13758425206729,0.176942550329802,0.174305816219901,0.249021170937026,0.150140118295894,0.239240877464202
600,0.151646774982296,0.190129443925401,0.137949871686689,0.177533140928164,0.174773976910685,0.249936212590632,0.150562490943653,0.240041796700444
601,0.15201944743069,0.190793042381433,0.138211090374646,0.177990306756363,0.175153799511004,0.250681743583639,0.150868537077042,0.24068214328338
602,0.152316776812741,0.191348377584207,0.138358654393824,0.178343810873314,0.175419272089487,0.251197320378622,0.15104582209743,0.241173017346481
603,0.152581875514997,0.191795079248679,0.138434363721156,0.178665900908505,0.175568435623816,0.251454833147761,0.151135075192864,0.241548777739044
604,0.152997087052084,0.192353674283317,0.138758942446883,0.179186054192899,0.175933129353921,0.251692216025605,0.151356169763276,0.241948388769526
605,0.153540735343769,0.193018074559167,0.13921932452102,0.179829579627683,0.176517936675329,0.252084646520928,0.151653817107863,0.242473385275534
606,0.154124905070394,0.193708212441723,0.139659628393551,0.180465048764773,0.177245153518231,0.252699604733789,0.151949812741406,0.243138684197114
607,0.154553538961849,0.194229672982992,0.140000143272893,0.180929236182557,0.177955929182206,0.25333326830865,0.152234488343128,0.243718824226367
608,0.154933391904017,0.194628731754876,0.140270990542301,0.181324933616586,0.178653050420567,0.253949803526703,0.152484001956797,0.244312977349569
609,0.155321693140821,0.194965594619727,0.140503571680284,0.181708385240395,0.179308771971017,0.254528500999761,0.152710286181083,0.244966087903581
610,0.155711642685489,0.195332550250271,0.140743874641863,0.182071176729072,0.179834270429905,0.255056645545532,0.152991235863597,0.245643252641782
611,0.156008342221487,0.195626209047425,0.140863114854657,0.182375261509618,0.180269464407596,0.255587100998516,0.15320081048514,0.246316893678542
612,0.156217068896404,0.195820167772762,0.140881226343117,0.182587501531405,0.180643182597128,0.256093987535079,0.153345480345538,0.246966581757595
613,0.156407231624081,0.195931616962115,0.14090785296216,0.182680293671105,0.18098527596589,0.256507822305138,0.1535079584221,0.247577750001958
614,0.156593813602252,0.19607796156349,0.140920755609191,0.182747260226681,0.181174628580247,0.256905833778145,0.153638723998692,0.248064940520234
615,0.156739452194033,0.196245674004707,0.140916373523232,0.18279862019706,0.181310658962702,0.257326837943473,0.153748638811678,0.24846404607813
616,0.156820744024144,0.196395063054258,0.140907940205413,0.182830697512882,0.181536132613489,0.257799044956248,0.15386325762797,0.24885718124899
617,0.157008927787726,0.196572503829437,0.141010069913134,0.182902201636333,0.181851642885729,0.258332896323748,0.153999752377871,0.249333958382461
618,0.157191571896844,0.196762236630498,0.141133368537596,0.182985029297632,0.182151236933018,0.258835126139438,0.15412576678562,0.249852448156863
619,0.157274110854101,0.196938636718704,0.141177788981971,0.183035181287144,0.182314739380822,0.259210907654643,0.154208500773064,0.250332284775241
620,0.157285269419345,0.197060617005513,0.141047545650187,0.182991266988103,0.182212617371266,0.259374374378896,0.154226220783403,0.250631224439063
621,0.157211580730136,0.197166880409712,0.140918708064961,0.182857402660909,0.181834832193879,0.259383148880874,0.154176721234107,0.250765275116418
622,0.157089120836121,0.197276719982618,0.140850807484334,0.182676555109458,0.181343594949517,0.259327679030137,0.154105112739667,0.250810104994167
623,0.157013896524099,0.197385874922034,0.140766887694867,0.182536306064956,0.181127004640928,0.25934933830928,0.154122122752429,0.250920383859092
624,0.156994750155214,0.197576067588269,0.14070634555654,0.182495087385133,0.181108780031092,0.259445751265909,0.154177920367086,0.251188202918639
625,0.157045939267281,0.197833498866725,0.140691102825152,0.18255209368955,0.18121323799714,0.259612319549308,0.154248019366256,0.251549427121781
626,0.157170896165171,0.198091638903466,0.14073384607135,0.182662263151785,0.181325176834638,0.259825770699738,0.154313147787895,0.251844795328771
627,0.157313732611089,0.198381142106312,0.14078696038176,0.182788195099016,0.181386736523525,0.260044325220107,0.15439887868649,0.252165907680849
628,0.157468719530835,0.198686917439521,0.140858798814801,0.182959107104006,0.181473516654127,0.260295509472406,0.154528338406146,0.25252104180606
629,0.157637794469463,0.19898935907059,0.140958057167553,0.183192453019231,0.181662009806184,0.260596541130989,0.154695332484053,0.252894499162069
630,0.157793550648166,0.199285519484666,0.1410263615268,0.183363796986061,0.18186607727513,0.260823778228129,0.154749519829263,0.253229545103343
631,0.157971373829751,0.199582470288034,0.141122552843832,0.183549571427243,0.182091239591145,0.261087707136927,0.154823978207454,0.253548851153581
632,0.158181789269373,0.199898023721615,0.141273464803533,0.183799309423899,0.182340495396474,0.261443850133162,0.154986644443242,0.253887586306806
633,0.158365942706895,0.200276186417556,0.141425697961598,0.184077544613317,0.18258231928606,0.261796865569273,0.155139044990083,0.254305695788978
634,0.158614730376403,0.200675657666837,0.141597849413274,0.184430327526676,0.182938321616014,0.262240269523551,0.155285623363934,0.254724430516749
635,0.158909265589617,0.201059371074636,0.141775762521299,0.18482068782544,0.183394554173942,0.262752184475151,0.155432705571167,0.255107527814373
636,0.159129126708202,0.201385644211551,0.14191348703798,0.185131380173533,0.183815298363504,0.263207440316071,0.155592349176056,0.255447310262196
637,0.159397046513985,0.201730443576913,0.142103225580188,0.185465181053448,0.184234110908695,0.263661527994997,0.155777442331131,0.25582204270759
638,0.159707001219463,0.202085958030103,0.142349518862169,0.185841790220646,0.184638143419776,0.264139395706079,0.155978181895707,0.256225258278612
639,0.1600095404508,0.202420467503569,0.14262099089434,0.186250942396346,0.185008058751784,0.264655593207962,0.156176844058398,0.256618921381707
640,0.160306375415084,0.202798287458056,0.142877428555201,0.186678543949158,0.185391972711255,0.265191449291316,0.156388796720639,0.257007433421394
641,0.160583711976919,0.203181649536919,0.143125134125694,0.187068957421574,0.185754837891176,0.265702584649778,0.156591892753047,0.257389704022618
642,0.160834389783779,0.203538150833185,0.143367620766936,0.187397863811549,0.18606628513505,0.266165671542225,0.156770149654045,0.257761966352319
643,0.161072796103737,0.203918989155626,0.143554790302078,0.187766863914771,0.186357047822716,0.266642722394757,0.156946000173628,0.258099152046924
644,0.161316704609678,0.204275655233887,0.143746489294915,0.188154675652385,0.186637086873499,0.267106725004909,0.157127656209383,0.258470242618249
645,0.161570788797923,0.204596972173178,0.14397473274036,0.188547219511995,0.186907943623595,0.267546769588444,0.157317782368258,0.258883151425256
646,0.161825389822315,0.204944381515459,0.144239455662505,0.188962514066558,0.187162852527814,0.267989913732414,0.15751811331413,0.25923488672664
647,0.162026428849074,0.205255574025281,0.144414787559229,0.189290118012692,0.187368040773785,0.268376175400689,0.15767373013619,0.259583141339808
648,0.162195690653603,0.205537596315914,0.144510378979507,0.189540689905331,0.187541678231308,0.268706325158241,0.157796120342411,0.25992983804162
649,0.162409399864319,0.205841690616055,0.144630459653683,0.189808473873651,0.18773942592665,0.269021426437151,0.157943324500608,0.260244403188682
650,0.162576767732707,0.20608925448322,0.144762762514915,0.190025204820301,0.187897925797412,0.269310320201725,0.158055485384643,0.26051782096197
651,0.16271293148145,0.206325341066452,0.144897850053342,0.190232928880191,0.188045863196097,0.269598919676472,0.1581529194999,0.26079005990046
652,0.162859474805206,0.206609819958398,0.145020512697148,0.190481600951875,0.188228871340213,0.269908983950102,0.158271570003452,0.261104714544524
653,0.163016850177827,0.206832561560866,0.145107941974338,0.190647398030175,0.188419073774388,0.270169514627812,0.158394819896358,0.26141624574087
654,0.163151995862529,0.20699727591871,0.145155828701997,0.190756638828863,0.188558394144424,0.270353499385351,0.158452163458954,0.261668943935984
655,0.163244122178843,0.207118248105723,0.145178678330248,0.190840427506102,0.188629251939531,0.270474987390165,0.158421786789859,0.261849830712099
656,0.1633115564343,0.207187163670824,0.145239470011863,0.190883688026453,0.188738277154084,0.270645767190355,0.158431701011439,0.26206593025528
657,0.163403085480597,0.207277291473047,0.145294896263019,0.190921995325626,0.188844364754557,0.270829965173883,0.158473505039209,0.262296936707824
658,0.163511408459788,0.207384058723017,0.145322022008938,0.19096159420282,0.188928371171853,0.270994042621509,0.158513061204179,0.262515523214616
659,0.163550476265039,0.207395811961643,0.145317780754164,0.190970583456572,0.188997773331854,0.271100045392112,0.158470748062085,0.262677819518697
660,0.16358057423074,0.207374000693121,0.145328494823857,0.190956386411429,0.189050516192124,0.271194296980274,0.158448633251492,0.262836425552636
661,0.16361224089126,0.207348759204933,0.145346538151919,0.190935889063208,0.18909763109598,0.27127689831527,0.158428526914303,0.263001059923798
662,0.163636317673735,0.207339038140589,0.145338046594858,0.190931326401922,0.189156408145756,0.271329318827606,0.158338998416839,0.263162926602416
663,0.163670273646074,0.207295149677101,0.145343332861018,0.190911453234673,0.189218471720849,0.271407722026606,0.158270817557517,0.263340075960571
664,0.163685626907839,0.207241943879402,0.145327705006389,0.190858815615414,0.189266667542526,0.27147644431419,0.1582100703254,0.263507438332245
665,0.163663217216935,0.207212198025231,0.145264845926082,0.190770505032419,0.189289552846908,0.271499869935481,0.158131696108069,0.263639990394876
666,0.163676940397121,0.207186868693372,0.145248249885822,0.190683893207082,0.189308032246794,0.271541593621244,0.158074277621976,0.263752408248104
667,0.163730096863157,0.207184154247879,0.145272065594935,0.190669474816052,0.189360023677637,0.271644258054258,0.158035438610741,0.263910211194202
668,0.163806947319944,0.207209413114637,0.145312238835799,0.190726721916597,0.189451259565766,0.271801051160593,0.158004082274063,0.264129900478052
669,0.163860046197745,0.207235733741477,0.1453197255497,0.190692394772936,0.189520990446437,0.271901012218509,0.157950172671836,0.264319590155942
670,0.163918091035089,0.207272960533291,0.145316520666897,0.190683518266262,0.189562773017349,0.272002360116043,0.157923138378559,0.264503903217634
671,0.164009970940862,0.207338884171524,0.145327117909194,0.190740540518597,0.189613829469313,0.272139113430765,0.157944691087422,0.264701811365993
672,0.164172302024312,0.207462326507279,0.145384018995539,0.190848550298294,0.189760736348149,0.272333273852685,0.158016964173316,0.264932620981678
673,0.164315023169427,0.207608846176341,0.145453976581639,0.190948329244806,0.189850412906842,0.272541701187217,0.158078242586649,0.265218190099884
674,0.164446272524012,0.207762199576912,0.145547725917612,0.191052571295345,0.189941117042849,0.272770577626925,0.158145947735466,0.265527777924
675,0.16460821857839,0.207917566477391,0.145681252115986,0.191198478730051,0.190145309053561,0.273038989745457,0.158259444710084,0.265816650902411
676,0.164801698399323,0.208118680191354,0.14577175486126,0.191370588905698,0.190320144031428,0.273312372697592,0.158362297848607,0.266124104158919
677,0.16501558660929,0.208364039272328,0.145858699421176,0.191566690027344,0.190476464891094,0.273598496327929,0.158466808102767,0.266445799201282
678,0.165240029297806,0.208636875685773,0.145981819334667,0.191785064258504,0.190642332463468,0.273907164504877,0.158595104707957,0.2667768979608
679,0.165474894216194,0.208878761630949,0.146112481908585,0.192011624623378,0.190813328974586,0.274223192464598,0.15876262714782,0.267126251766591
680,0.165741765670705,0.209225707497635,0.146284823408061,0.192311658723897,0.191050672721336,0.27460896611366,0.158986342875688,0.267526037146278
681,0.166044416791358,0.2096938814378,0.146499288283997,0.192686856021512,0.191360926110632,0.275071936188757,0.159258824512885,0.267967753917621
682,0.166357379114106,0.210102480837871,0.146698726753499,0.193034135166032,0.191668843856289,0.275530898966127,0.159533311073629,0.26837098840754
683,0.166704636147029,0.210609618017813,0.146942764026179,0.19343314365912,0.191982797150001,0.276048331101048,0.159830443196774,0.268832279712945
684,0.167107024013522,0.211246542197173,0.147237205791092,0.193930847794776,0.192333906432316,0.276646426952181,0.1601903637614,0.269362545842757
685,0.167581515477667,0.211981863260706,0.147561296487924,0.194559844589254,0.19277026567293,0.277327709639499,0.160664328443534,0.269927966276272
686,0.168031105830761,0.212779249503298,0.147941544977513,0.195231929086081,0.19324357997115,0.278051852978768,0.161136147785055,0.270521658736004
687,0.16849995373956,0.213670818904388,0.148378907071675,0.195987876879149,0.193772830774957,0.278852660074771,0.161658543143747,0.271172924033098
688,0.169044068609641,0.214683640553061,0.14885654949084,0.196868958343461,0.194371019416484,0.279756130637913,0.162296291744764,0.271898478016416
689,0.169589238341314,0.21573098943133,0.149296853099591,0.197754833142891,0.194936107995148,0.280652492939756,0.162958474619425,0.272597017467345
690,0.17013423753454,0.216808765376667,0.149782770221929,0.198658483534121,0.195534420916068,0.281581694909934,0.163626190871973,0.273333993792204
691,0.170698388207436,0.217927907994245,0.150350022544439,0.199608290152207,0.196200529196718,0.282568893077024,0.164303430667888,0.274129085999836
692,0.171344658552421,0.219123583369553,0.150902430259649,0.200653786703,0.196881752163793,0.283581879378704,0.165033992910884,0.274864035536949
693,0.171976999071321,0.220331306865342,0.151489081610378,0.201694475948474,0.197511702363248,0.284620882248763,0.165773311396998,0.275635886710047
694,0.17256768490222,0.2215069250695,0.152101346033469,0.202706174066477,0.198108041828722,0.285659791534899,0.166497210775363,0.276443248466012
695,0.173144802275325,0.222616928548784,0.152680182075886,0.203729872882941,0.198770118505647,0.286646309805526,0.167195342949456,0.277199401629458
696,0.173712098790867,0.223717221434094,0.153266200126177,0.204708896255164,0.199400186564939,0.287606316460833,0.167866823744405,0.277934607921571
697,0.17426756749817,0.224791555808943,0.15384909732533,0.205649187347104,0.199990155104561,0.288526975689138,0.168526896594552,0.278654885109662
698,0.174808042395027,0.225809391540295,0.154406050272689,0.20658004507704,0.200563313623488,0.289394031453425,0.169191387128524,0.279361750534119
699,0.175350464723969,0.226848698664238,0.154955094581002,0.207526654951348,0.201147086497071,0.290289029720895,0.169816822980801,0.280061163221073
700,0.175881854065309,0.227874838444602,0.15550420457397,0.208462273051589,0.201711381932423,0.291167624552882,0.17041706663029,0.280751076931066
701,0.176391443182676,0.22885884326521,0.156054600701176,0.209360650862122,0.202237755791289,0.29198884325799,0.17100428498071,0.281429877865541
702,0.176891150753936,0.22985041833073,0.156595970863351,0.210228696523499,0.202779056108385,0.292782100531431,0.171562391683985,0.282107488066457
703,0.177363970268808,0.230781215299822,0.157105622725976,0.211030001038309,0.203266696898723,0.293533158281489,0.17207037369746,0.282746093694259
704,0.177811809830925,0.231628941568822,0.157577249993514,0.211766128470473,0.203694607717677,0.294247273950079,0.17254156187241,0.283336590215471
705,0.178264782402103,0.232432529195365,0.158025110835104,0.212491866900273,0.204144811274131,0.294960171452207,0.173042288612122,0.283907692035265
706,0.178698982308007,0.233183575390879,0.158454347088981,0.213187172527742,0.204575766689375,0.29564706629007,0.173511575535205,0.284460688739519
707,0.179106872500292,0.233887849120678,0.15887625728789,0.213840003708093,0.204969663442323,0.296265865823712,0.173930044186084,0.284992522031288
708,0.179489653280212,0.23456047462621,0.159303358311379,0.214443233221281,0.205321158031304,0.296774843596538,0.174300233072267,0.285499448079943
709,0.179878443186909,0.235269716461598,0.159715082683571,0.215061821262282,0.205716723722394,0.297355577036768,0.174696283784736,0.286033263963664
710,0.180268207952023,0.235948265253232,0.160100238539937,0.215660939900556,0.206112979508048,0.297954102878903,0.17509837384075,0.28654757378819
711,0.180644351983488,0.236540298679639,0.160460844803028,0.216206881329447,0.206456501155156,0.29849186132672,0.175477322203113,0.287007499522608
712,0.180981415158678,0.23717068966119,0.160844009310146,0.21676600063938,0.206769944316957,0.299006601491768,0.175858369483062,0.287521769790587
713,0.181326117643109,0.237789203343761,0.16122559808936,0.217312267109687,0.207100815388901,0.299550417737414,0.176231708863467,0.288037619699048
714,0.181698620963279,0.238373218990169,0.161592213760193,0.217835696537925,0.207463002984759,0.300125888254697,0.176594116472877,0.288525873609375
715,0.182066755440681,0.238965204029477,0.161955665539262,0.218360159327397,0.207806419871354,0.300639524844627,0.17695668590281,0.289009562664948
716,0.182425519619361,0.239541250397137,0.162302075212925,0.218897873523326,0.208157663971263,0.301139941874203,0.177310017179643,0.289501496599222
717,0.182780679362192,0.240107660622699,0.162649947509456,0.21943203852229,0.208512187465324,0.301644480467143,0.177659448071253,0.289995370800289
718,0.183146315651657,0.240688231262852,0.163039159867047,0.219923236078321,0.20884584579268,0.302153966125277,0.178019405890208,0.29046923032822
719,0.183464429849587,0.241221672481185,0.163389458287842,0.220396725435101,0.209145183229387,0.302609111094655,0.178359146214133,0.290893526557492
720,0.183786046483204,0.241741998689661,0.163731660775427,0.220865370728627,0.209440365136244,0.30306224768896,0.178700733847912,0.291307943011001
721,0.184173070770838,0.242295493611989,0.164109080106584,0.221342407381248,0.209768319133109,0.303576081798612,0.179070886387097,0.291762561036112
722,0.184565740768401,0.242832712029024,0.164443401528561,0.221862476053252,0.210126563374162,0.304079287807564,0.179432348469089,0.292237518609684
723,0.184920431709792,0.243357457750328,0.164766409098645,0.222362720966261,0.210464842102687,0.304542775928858,0.179787571070213,0.292717262486303
724,0.185226365402185,0.243867606632722,0.165107658673302,0.222812624199886,0.210764546679458,0.304973560369472,0.180139426887635,0.293192067104182
725,0.185537262137416,0.244325096056477,0.165475676670173,0.223273488154107,0.211089441673479,0.305455527060526,0.180481870487562,0.293669940897748
726,0.185864732993806,0.24481277531637,0.165821884624348,0.22372482205846,0.211406023656517,0.305929574456464,0.180820436106191,0.294100648090427
727,0.186206636366972,0.245337462560837,0.166142463643151,0.224167103041291,0.211707013708141,0.306372110142802,0.18115881552537,0.294502817670481
728,0.186546012717187,0.245838429263854,0.166473068991217,0.224618112204762,0.212006026409761,0.306785245044152,0.181499220533244,0.294959963676215
729,0.186865315228509,0.246308427445097,0.166805267011558,0.225020931540903,0.212272229800128,0.307203309797141,0.181834130590179,0.295383123371996
730,0.187187990163122,0.246773352339385,0.167145715972595,0.225422909532116,0.212561695104978,0.307637690810384,0.182173532915738,0.295804542678325
731,0.187541190293554,0.247264276841396,0.167498745352889,0.225889620700108,0.212935650349405,0.30808816154412,0.182528491169096,0.296278788436687
732,0.187848304018832,0.247732357703508,0.167818547945203,0.226318574736473,0.213240646063839,0.308540187781394,0.182869256973071,0.296703071283231
733,0.188163558894425,0.248183874125204,0.168146054662996,0.226760888105736,0.213539973158679,0.30897306555227,0.183204077628974,0.297120742152749
734,0.188519627021721,0.2486290813186,0.16850151055661,0.227238537166561,0.213876518082074,0.309380826817644,0.183542456486721,0.297563476513919
735,0.188843203317149,0.249067893567999,0.168813206724769,0.22763344674086,0.214151765906454,0.309796360525429,0.183881789398904,0.297975399797828
736,0.189167858167564,0.249508906182276,0.169137487544086,0.228031773189474,0.214451935099148,0.310220674749667,0.184237108693127,0.298403353192195
737,0.189501433767881,0.249952458328633,0.169482032818789,0.22845527629269,0.214785762506378,0.310643650394889,0.184597098318699,0.298848078919066
738,0.18982456406486,0.250390350875059,0.169800777065304,0.228857336708715,0.215076550898049,0.311041390723271,0.184918654149625,0.299260034969988
739,0.19015508271554,0.250825515462073,0.17013447931958,0.229258823455497,0.215369758279088,0.311432256628953,0.185248419350697,0.299652311583384
740,0.190495286556543,0.251276635857301,0.170491967230401,0.229677449275549,0.215667329166002,0.311840932006615,0.185606709729509,0.300049288294448
741,0.190839125662801,0.251758921048802,0.170864266167784,0.23012344244848,0.215956034742251,0.312284641998894,0.185994681011628,0.300476103923494
742,0.191156145592167,0.252177888082363,0.171187916653299,0.23052389570848,0.216217382768069,0.312663680872249,0.186315555330011,0.300887355763724
743,0.191489615736516,0.252604534729719,0.171500941147388,0.230929786701036,0.216516033468751,0.313040977863654,0.186639421349732,0.301292390288659
744,0.191860906422452,0.253086569402822,0.171834526354606,0.231373859399633,0.216875509556385,0.313465896848348,0.187019030345198,0.301700437608592
745,0.192183120212736,0.253514520912335,0.172144636637738,0.23176506751481,0.217142347340562,0.313860983462206,0.187369122899276,0.302088486956297
746,0.192506037664479,0.253930230985839,0.172440888675393,0.232159262756056,0.217431408654261,0.314266448206996,0.187704854682775,0.302491555097992
747,0.192847184540184,0.25435543277777,0.172747762937976,0.232577135071903,0.217774378118187,0.314683488559572,0.188045571717144,0.302908631646999
748,0.193182923395625,0.254789104961776,0.173114840875113,0.232995547639239,0.218100335942953,0.315062033726756,0.188419314982221,0.30328975692475
749,0.193527570904377,0.255191292337219,0.173462840123796,0.233415312639345,0.218383616713113,0.315420276425393,0.188777974952028,0.303680180436981
750,0.193871316613059,0.255589070126979,0.173795927693774,0.233834195290505,0.218649662298536,0.315771194394849,0.189131342823468,0.304094358371022
751,0.194198865945868,0.256033976250135,0.174149983131351,0.23425057268498,0.218949369141596,0.316130552480908,0.189511210761116,0.304532554173884
752,0.194544728753459,0.256470333578951,0.174483284300352,0.234664520003147,0.219276302875308,0.316523891990102,0.189890767895187,0.304959772905219
753,0.194887075786664,0.256887183170737,0.1748160307609,0.235058042182621,0.21961175820519,0.316919619176741,0.190248267293129,0.305370024024825
754,0.195209308880295,0.257286946370776,0.175163241314797,0.235426540629721,0.219932630321356,0.317288167629311,0.190581694964608,0.305766482501829
755,0.195543674603182,0.257687953302129,0.175486684153206,0.235819339526459,0.220207280596979,0.317634766506295,0.190950195439343,0.306162348391696
756,0.195876801293527,0.25809541917939,0.175801211617577,0.236202705129036,0.220473680154604,0.318002540216326,0.191331498866764,0.306546501100595
757,0.196215542410735,0.258505459806634,0.176127176612427,0.236585116835756,0.220763357835958,0.318397541131997,0.191711256038316,0.306929520414648
758,0.196597779735779,0.258898885802863,0.176495535932352,0.237038307918351,0.221103624544466,0.31877438962979,0.192084033696434,0.307355432383639
759,0.196971925957718,0.259314484848132,0.176858627480984,0.237467948722599,0.221449823440298,0.319170387639766,0.19246729747452,0.307759412337142
760,0.197319351275575,0.25974173696079,0.177206196359251,0.237870308618224,0.221771814608118,0.319557149860017,0.192853770713845,0.308136396066681
761,0.197638793119269,0.260151174384897,0.177545490182879,0.238279050203873,0.222050661343387,0.319887030789311,0.193228841411499,0.308508100853777
762,0.19796792941167,0.260572928546888,0.177897483361198,0.23869146530544,0.222345047523678,0.320244784094129,0.193636063995795,0.308894272738081
763,0.198316019452771,0.260995035606142,0.178259980774541,0.239097438981097,0.222639173372225,0.320607587744941,0.194040620129374,0.309279994936327
764,0.198674403060129,0.261400280920837,0.178621068226979,0.239494399882255,0.222920341031265,0.320952351733496,0.194411664896782,0.309655537091268
765,0.198990615145142,0.261771765432818,0.178947650565413,0.239915179596636,0.22323197028802,0.321319597768492,0.194772114819135,0.310049556787649
766,0.199319088405658,0.262155123678476,0.179287550188386,0.240316952716278,0.223547363089714,0.321680394184009,0.195145833187655,0.310465655994028
767,0.199680042961666,0.262569691068468,0.179657170287981,0.240703751072269,0.22385593098039,0.32203505847726,0.195537926181993,0.310886271068794
768,0.20005036137379,0.263004452117148,0.180034568888522,0.24114250824909,0.224166961300786,0.322425250601544,0.19592804026296,0.311261657683638
769,0.200426384684055,0.263409959855489,0.180389376930703,0.241585950179557,0.224485305192736,0.322782483955967,0.196349553893623,0.311662405104792
770,0.200803980149202,0.263812793057179,0.180740416428845,0.242023894740439,0.224812520204996,0.32313022060579,0.196778712139469,0.31207333578917
771,0.201179019531219,0.264265058817923,0.181125067106454,0.242460974560334,0.225144344316536,0.323523107089684,0.197173643428313,0.312450794099545
772,0.201539830579148,0.264702857450717,0.181520008837663,0.242921634907788,0.225439627315222,0.32390958000443,0.197577298849617,0.312851167513556
773,0.201897962458983,0.265130063100563,0.181893734382665,0.243352551651074,0.225724613926441,0.324281369468825,0.197995323583682,0.313243071201236
774,0.202268250706591,0.265556152235478,0.182238664015183,0.243729972897359,0.226035554393864,0.324642250832812,0.198424668205112,0.313608426749209
775,0.202670918158324,0.265979876359415,0.182625253773731,0.24415955186719,0.226416839327673,0.325014467087101,0.198855126363068,0.314014903709592
776,0.203048663092328,0.266366668271741,0.183012892542154,0.244568973827028,0.226771201307872,0.325374939252272,0.199284744232856,0.314402681673131
777,0.203403315073936,0.266735705155491,0.183393919093959,0.244962845392698,0.227073883136364,0.325721228059904,0.199718375589745,0.314772833301997
778,0.203805768445631,0.267169701658388,0.183798808041438,0.245436242854908,0.22737969728431,0.32607301202774,0.200170067298847,0.315197926986836
779,0.204191600129297,0.267627268342004,0.184177831660707,0.245888482176122,0.227703238498526,0.326459525951355,0.200601897381131,0.315598388816316
780,0.204567359397035,0.268060522688951,0.184554605110319,0.24632026900449,0.228047341469621,0.326842796203278,0.201029424861807,0.315974629937066
781,0.204956603464131,0.268429538875236,0.18497007968814,0.246761157395426,0.228399409206497,0.327168243525733,0.201481357046837,0.316352797852113
782,0.205306319165103,0.268811455651396,0.185368540860249,0.247159966475403,0.228687541012851,0.327480808429999,0.201915917607541,0.316713409440898
783,0.205643596689823,0.269221426533114,0.185739248447228,0.247572941495593,0.228964828396961,0.327827831514052,0.202334128294793,0.317105114173425
784,0.206001545492247,0.269659798982761,0.186099927432677,0.24803385340138,0.22928306340625,0.328221327332475,0.202757748328347,0.317547859210538
785,0.206407513019097,0.270121517649218,0.186532732740598,0.248488894631843,0.22965865813915,0.328585141337375,0.203259293275302,0.317974330726576
786,0.206812711692882,0.270528985677256,0.186949781474064,0.248921964101315,0.230006723994304,0.328924624312421,0.203721369144903,0.318353595474869
787,0.207214808344176,0.270900274969626,0.187366231913958,0.24935251179945,0.230322614546999,0.329265305053708,0.204148138828965,0.3187190627692
788,0.207652626308683,0.271342000499173,0.187889697696105,0.249834700435667,0.230674045737033,0.329654525618481,0.204652808896676,0.319166588939549
789,0.208058381550011,0.271781898779086,0.188284553938378,0.250299744904884,0.23101394283716,0.330014178590926,0.20514028433263,0.31956968201368
790,0.208454877402196,0.272220688477534,0.188636526155675,0.250765657728278,0.231356448366536,0.330386058147569,0.205619808019787,0.319961018164645
791,0.208880661782575,0.272668960081339,0.189091490507322,0.251258694319127,0.23172383611381,0.330817464840054,0.206121578988767,0.3203909269575
792,0.209288907161621,0.273067994284714,0.189508240136041,0.251686772570456,0.232078367599768,0.331156326622643,0.206613770389682,0.320701133338147
793,0.209698661251288,0.273494019882719,0.189944157309835,0.252124138722506,0.232434819802927,0.331484776096094,0.20710248664363,0.32104403817691
794,0.210119112193193,0.273967455247637,0.190419233940022,0.252603642793583,0.232796452159713,0.331851558922417,0.20758993630888,0.321490416766585
795,0.210526133813883,0.274363485054508,0.190836456042695,0.253039072219402,0.233127765175358,0.332190061269976,0.208055778718566,0.321893826358197
796,0.210927707228086,0.274769365624297,0.191270827378123,0.253492471268191,0.233474752254017,0.332568253170704,0.208555984337111,0.322280780138224
797,0.211352485771871,0.275206324016246,0.191739081417921,0.253976160226779,0.233842304857138,0.332973651978348,0.209094084586062,0.3226715320917
798,0.211838463549661,0.275655903312148,0.192222648485854,0.254471118721682,0.234208805047237,0.333343233115829,0.209636958041909,0.32308820395803
799,0.212245186016269,0.276068599765228,0.192698255539126,0.254928371343353,0.234561401182667,0.333700279228499,0.210136759309855,0.323499447596577
800,0.212621560546543,0.276483183969215,0.193145500390342,0.255361795355791,0.234904072314612,0.334048708428798,0.210620854627737,0.323872305371732
801,0.213046487349633,0.276941460015891,0.193569925682628,0.25580793799775,0.235252040511441,0.334399706754618,0.211133678963383,0.324211503391995
802,0.213533870130126,0.277407110281212,0.194076557354987,0.25633264649671,0.235649036664624,0.334812744561152,0.211709036282545,0.324685393622683
803,0.213992698985766,0.277857304537998,0.194600522626624,0.256841353849931,0.236043793532065,0.335206304633752,0.212288090396247,0.32515141760923
804,0.214401000326311,0.278301143427998,0.195100799991036,0.257312975771618,0.236412794342412,0.335562193242977,0.212845289699404,0.325551482128301
805,0.21484367313012,0.278802276954969,0.195578418354872,0.257849275799643,0.236775870832174,0.33596820612427,0.213410154205906,0.325968579007563
806,0.215313029803127,0.279261527950617,0.196051712724646,0.258360809625935,0.237165292985484,0.336336527447228,0.213966187854671,0.3263579849651
807,0.215785736427645,0.279688762967763,0.196536617429343,0.258836328282256,0.237550616678726,0.336692247854716,0.214511957031872,0.326753488653584
808,0.216232267047655,0.280135643783112,0.197045557516316,0.259298990470735,0.237882693508775,0.337097911590115,0.215053844232593,0.327209962968868
809,0.216686439504772,0.280552436938513,0.19755626167791,0.259766765822246,0.238244457150702,0.337462391477462,0.21560418611731,0.327636729537803
810,0.217148864162613,0.280945000505117,0.198058648797959,0.260255873003099,0.238636821258753,0.337819900444814,0.216159151207425,0.328026336956598
811,0.217614941835373,0.281337370339117,0.198553870605781,0.260763043864437,0.239036445010045,0.338201204237394,0.216718088909783,0.328394746812495
812,0.218080042676454,0.281781249549215,0.199069226383419,0.261228266925998,0.239380492444719,0.33857512007485,0.217298859790077,0.32878222860942
813,0.218532746743607,0.282250872606066,0.199571567229661,0.261720339177129,0.239751930625239,0.338946506871623,0.217871992731532,0.329189139972082
814,0.218982017236405,0.28273124858458,0.200083202054653,0.262240252733479,0.240160540053227,0.339312779208232,0.218438258962712,0.329608374861416
815,0.21945626499882,0.283215712533639,0.200677662325026,0.262727872438895,0.240550116331173,0.339665434855276,0.219026488643116,0.33002486538052
816,0.21991955741616,0.28366463310677,0.201235618358757,0.263230137628203,0.240933582132512,0.340055370589173,0.219635925620797,0.330442864950662
817,0.220405313245079,0.284114478824487,0.201766763695393,0.263745354033958,0.241323433348043,0.340459333413181,0.220258852303125,0.330865131682158
818,0.220941685226187,0.284604298709274,0.202309158762859,0.264258124600229,0.241727490306994,0.340837564208917,0.220879179647421,0.331290292837967
819,0.221413038294057,0.285049491358866,0.202827925492678,0.264749763336408,0.242118491740348,0.341180293998447,0.221450108048813,0.331686710915078
820,0.221895755271785,0.285496259254559,0.203378476782477,0.265243038918111,0.242497961745784,0.341569014405186,0.222017110669125,0.332111361806899
821,0.22241472605935,0.285950034497441,0.203961566197883,0.265744962537948,0.242862015289164,0.342009897913009,0.222610150484902,0.332563660454197
822,0.222876372966857,0.286314045169534,0.204465647568825,0.266222360608942,0.243182074205547,0.342359695837008,0.223223076414573,0.33292186200779
823,0.223354174948421,0.286745414273493,0.204961403976776,0.266751094413681,0.243561944020857,0.342708595017569,0.223841672469825,0.333295314135637
824,0.223847807531548,0.287237167688925,0.205493024579564,0.267305903899268,0.243985799658484,0.343089569184337,0.224467674262054,0.333705002388787
825,0.224325169290301,0.287703719479265,0.206089830240901,0.267814000018491,0.244380507820756,0.343507516788988,0.225108070765552,0.334130222338951
826,0.224811328015881,0.288171391904408,0.206703901145919,0.268314249545202,0.244792133499942,0.343910842148969,0.225747637920728,0.334558303764873
827,0.22530759383474,0.288611200177576,0.207293639086864,0.268807674520661,0.24518426981572,0.344295146307166,0.226376287181743,0.334975802577862
828,0.225808679526431,0.289020042027235,0.207842160497484,0.269297277097796,0.245536320199342,0.344666488900378,0.226990994982861,0.335377727064977
829,0.226305703943493,0.289497084267437,0.208399425237823,0.269810756719341,0.245910968808086,0.345039432205908,0.227608006998993,0.335787320471627
830,0.226781546920247,0.289968360874989,0.208956229904631,0.270325109491727,0.246282504032639,0.345380964756547,0.228219383080222,0.336152393767326
831,0.227255204285218,0.290414307089787,0.209515835936665,0.270834392142637,0.246649581899147,0.345716924305042,0.228836916170884,0.336513961576183
832,0.227779618981194,0.290864406862871,0.210092832530446,0.271348169204604,0.247032904007883,0.346127464259027,0.229490713147508,0.336998775576143
833,0.22829665578276,0.291324923041026,0.21070546145277,0.271846735010984,0.247451741887613,0.346520267150029,0.230140241141315,0.337438654491242
834,0.228803962600516,0.291789628616408,0.211317597250731,0.272336988828015,0.247891633953507,0.346890518873458,0.230774147889507,0.337848799260078
835,0.229311259069224,0.292242029328933,0.211888405381695,0.272833910276909,0.248323486991925,0.347259971559196,0.231396510151512,0.338276013202015
836,0.229803087094301,0.292627932818855,0.212430239612405,0.273346237728746,0.248699738864574,0.347654059823941,0.232039017827351,0.338651068952958
837,0.230321399021428,0.293064646150093,0.212989036853546,0.273890041260836,0.249085731111468,0.348061258495324,0.23269930105858,0.339059089683687
838,0.23086571286828,0.293571330013975,0.213584694125687,0.274441732385632,0.249495019510625,0.348462364694873,0.233368530242434,0.33950608642964
839,0.231363998466192,0.294002492204964,0.214197257135741,0.274909572277013,0.249849535631172,0.348828190748528,0.234032345761252,0.339858914326761
840,0.231846095214901,0.294393930475683,0.214800024840903,0.275379009800244,0.25019603569222,0.349154813900175,0.234650664918912,0.340212882788475
841,0.232344460003971,0.294808853153308,0.21538823546106,0.275885926472571,0.250565766216574,0.349510943787877,0.235278034253865,0.340620760852517
842,0.232883048320012,0.295305953281222,0.215971048304029,0.276436936092153,0.250976153768405,0.349972531757091,0.23598902120779,0.341103624468632
843,0.233359397854933,0.295718283863297,0.21656388858491,0.276945188992754,0.251351607861872,0.350370707488503,0.236627101989269,0.341534505412815
844,0.23385389608603,0.296136902151489,0.217180445864065,0.277449459525329,0.251728968065673,0.35071295069668,0.237243576439813,0.341913481096362
845,0.234403081731929,0.29661440073789,0.217815526496357,0.277975819762275,0.252133450177307,0.351036728218077,0.237886100615278,0.342269152864345
846,0.2348819006528,0.297036103639038,0.218418244010708,0.278485025543034,0.25252846963204,0.351396145920772,0.238531224978532,0.342650012882092
847,0.235386931622573,0.297458981862755,0.219027479699792,0.2789579900156,0.252940889128715,0.351745627830828,0.239184156211848,0.343071602911146
848,0.235902582491521,0.297887331888003,0.219632381914157,0.27941073637284,0.253325291205411,0.352090093784679,0.239844791592003,0.343501557658848
849,0.236351971400557,0.298297855496027,0.220195105312787,0.279884039911699,0.253603759766392,0.352463318787888,0.240510704839126,0.343877451597302
850,0.236857490518259,0.298732200218095,0.220763990420295,0.280366839032472,0.253991471129003,0.352832779446184,0.241187974722065,0.344261484538152
851,0.237417102598497,0.299192459882789,0.221378203031404,0.280899252898544,0.254435364078266,0.353202111335086,0.241883091125254,0.344650531546679
852,0.237988090709023,0.299656007873571,0.222037669935344,0.281478975794639,0.254847424527739,0.353577366042979,0.242583104108851,0.345043213276335
853,0.238482910801101,0.300041897955207,0.222625185041088,0.281935327660763,0.255214612918344,0.353957150984335,0.243209774777328,0.345493522259987
854,0.238941582562824,0.300441335586339,0.223184678759389,0.282371419583899,0.255545790339837,0.354271908329021,0.243819917722527,0.345915740886431
855,0.239420303188385,0.300886987975635,0.223774413151453,0.28285344966487,0.255880677183727,0.354577924538134,0.244472408277565,0.346307076377222
856,0.239989206752263,0.301353496655241,0.224464102168276,0.283410268355679,0.256287855563758,0.355051394722693,0.245225256680092,0.346744580874978
857,0.240546890798308,0.301823444090149,0.225087044132531,0.28397275008468,0.256712914046226,0.355488272114345,0.245910738306673,0.347204952000175
858,0.241059187955455,0.302264523687147,0.225665595860919,0.284498444970498,0.257139941214297,0.355854238353298,0.246538590373299,0.347614329231894
859,0.241530643819863,0.302667683279606,0.226268281349587,0.284973287258859,0.257560309278593,0.356179077435116,0.247169328317951,0.347935467133099
860,0.242045159986554,0.303138329068582,0.226918284388581,0.285463543862507,0.257953301399578,0.356554219358923,0.247846864879585,0.348362809039783
861,0.242581899809356,0.303612809553159,0.227565935784755,0.285991993778557,0.25835290032264,0.356982260862311,0.248536061915345,0.348803102138448
862,0.243120674523138,0.304046836899579,0.228188499763391,0.286519478847691,0.258747631364465,0.357411897027812,0.249211670355929,0.349206698038241
863,0.24364869715458,0.304425815822042,0.228801873431561,0.286920661221585,0.259059243164132,0.357721856940707,0.249864061541688,0.349594619940405
864,0.244144487118092,0.304865305476562,0.229411795725906,0.287434813950683,0.259423034409045,0.358054505122937,0.250545606328377,0.349992887200584
865,0.244647865083601,0.305359325288491,0.230048293083009,0.28802201482508,0.2598278870308,0.358444944697009,0.251253610250609,0.350427240180248
866,0.245203097967769,0.305850281133377,0.230727366368676,0.288560633828248,0.260218648229983,0.358878483285925,0.251958160630308,0.350901821786813
867,0.245735863880926,0.306258016342124,0.231337752410692,0.289079036997316,0.260604600314438,0.35927232874178,0.252591762474747,0.351301918813776
868,0.246275745000062,0.306698599196352,0.231927731239552,0.289576313516635,0.261017699776859,0.359672309670075,0.253267670140696,0.351718908005269
869,0.246825070339449,0.307207062204793,0.232537868304602,0.290055702330908,0.261457113297616,0.360102655242125,0.2540100010121,0.35218268221661
870,0.247321243967846,0.307656126092188,0.233174015394698,0.290522727053839,0.261863305863808,0.360533975584434,0.254666191680859,0.352589885171612
871,0.247863208193448,0.308116666215048,0.233861398823071,0.291051986342785,0.262263865851974,0.360994409018912,0.255364354338236,0.35303777906628
872,0.248434785400733,0.308632112920413,0.234543608940039,0.291633480324646,0.262672281864816,0.36143448645156,0.256103852514156,0.353515093086457
873,0.248975444114434,0.30920996510021,0.235151031920144,0.292212227464212,0.263096105790824,0.361795587760536,0.256833575484829,0.353970631157769
874,0.249484474927673,0.309645203763394,0.235815328573269,0.292714039320851,0.263527377867837,0.362214797848783,0.257534355710482,0.354409201136349
875,0.250005039732934,0.310092947277075,0.236489042915514,0.293217353821457,0.263960275602699,0.362650936865773,0.258235269289597,0.35485035763263
876,0.250557121107084,0.310628096366497,0.237139807072499,0.293764917128852,0.264377815405457,0.363063818659104,0.258943276645486,0.355297681134787
877,0.251108486631647,0.311091872833341,0.237806642300467,0.294301539003723,0.264724070820573,0.363448142218465,0.259604617201855,0.355714472215537
878,0.251668611787892,0.31154216997048,0.238463675370492,0.294805833510296,0.265182105849228,0.363860971290778,0.260313962382282,0.356177251025036
879,0.252214822985318,0.312017737808614,0.239113009763972,0.295328279552465,0.265679918431823,0.364312730460627,0.261048884898952,0.35664582775724
880,0.252723265327399,0.31254261796282,0.239767177167638,0.295937344914267,0.266044512904246,0.36478360953766,0.261739324246736,0.357040585684914
881,0.253298549124609,0.313020058009842,0.240409816392053,0.296484988379803,0.266414624176995,0.365209181478722,0.262427244381242,0.357471874459488
882,0.253872435355632,0.313493803399521,0.24105008188543,0.297017753576157,0.266816561898922,0.365623068830777,0.263155322190148,0.35795536433283
883,0.25440212207909,0.31400204324622,0.24170804578753,0.297576085893935,0.267247101164945,0.366053393145433,0.263921745203242,0.358467845199076
884,0.254939865277288,0.314532674805618,0.242433022941237,0.298130653434914,0.267666682626868,0.366483114035029,0.26461739227736,0.358924801249612
885,0.25555194577206,0.315075452642457,0.243103559734459,0.29870244884558,0.268117960169959,0.366953460782781,0.265376528465305,0.359391970761785
886,0.256170677640591,0.315627467880897,0.243731298301599,0.299274525000893,0.268579827233545,0.367439571132537,0.266161794218895,0.359892664161449
887,0.256668758302,0.316180721287071,0.24439083174116,0.299814640596515,0.269000072603243,0.367879845782147,0.266857404510891,0.360414876177961
888,0.257139952560257,0.316632956128707,0.245019229470826,0.300352739752347,0.269365160089567,0.368229040400749,0.267519067704124,0.360796249561418
889,0.257630770981556,0.317078206267905,0.245665432459753,0.300868190745084,0.269770402743627,0.36860259422162,0.268178462839366,0.361182856636253
890,0.258158873170303,0.317587334859839,0.246343563186742,0.30136209252449,0.27025209755371,0.36905897469621,0.268857989122369,0.361664888203266
891,0.258690615647541,0.318119718053456,0.246946193314283,0.301896972335534,0.270679481950052,0.369473762044046,0.26956663928638,0.362105554225935
892,0.259254978562414,0.318660860802058,0.247595594540984,0.302472021103791,0.271106079300964,0.369923098448864,0.270287319888076,0.362572577735602
893,0.259799338278708,0.319184070546002,0.248283574287955,0.303040860596576,0.27151893556275,0.370397033389914,0.270989279176887,0.363049416617741
894,0.260250446803192,0.319667588344031,0.248937165548781,0.303545990660749,0.271887281378166,0.370845034002959,0.271644360561921,0.363489625135202
895,0.260797175605695,0.320197147110143,0.249575434396475,0.304131526641948,0.272336039768515,0.371267393651964,0.272338384921631,0.363991153579575
896,0.261382509051716,0.320727562191265,0.250201307567641,0.304706717564033,0.272765032593953,0.371734519661728,0.273042121007836,0.364508013126709
897,0.261937310620343,0.321226143530766,0.250824595157101,0.305216880146329,0.273128207167972,0.372252676878506,0.273732254619124,0.364995510750191
898,0.262437366898361,0.321727566273165,0.251477250481304,0.305760841669486,0.273571351909001,0.372657317904198,0.274437660532396,0.365450870481415
899,0.262942590085285,0.32223027256587,0.252113986499233,0.306280876991819,0.274018854547861,0.373070466504934,0.275127147361511,0.365917384010012
900,0.26346559844299,0.322740187818139,0.252729440287812,0.306808158412207,0.274473455966906,0.373517092543506,0.275811053728849,0.366412338979793
901,0.263996409035186,0.323259867609448,0.253336600716978,0.307402825753331,0.274957643599515,0.373977934068104,0.276513624999185,0.366930354669228
902,0.264543237161305,0.32373114892924,0.253906026974771,0.30796994505526,0.275327017828298,0.374461175691353,0.277174115961036,0.367394338367596
903,0.265091836671414,0.324198855600666,0.254497967948695,0.308482397282253,0.275705977923872,0.374908056314749,0.277804182151536,0.367824134212165
904,0.265622074037027,0.324691292309623,0.255141736238683,0.308963322089184,0.276172753006417,0.37530571517253,0.278427692985881,0.368251062833995
905,0.266096076220032,0.325173004889947,0.255786873261838,0.309523131796111,0.276650302373113,0.375745284221572,0.279073526566617,0.368700043052982
906,0.266624667109315,0.325683729519944,0.256405335298146,0.310079391760473,0.277091043375358,0.376242464454247,0.279728066416137,0.369188191536353
907,0.267163342805764,0.326202461221694,0.256988661356113,0.31060118038242,0.277499790569412,0.376710062139027,0.280381024514007,0.369664156561354
908,0.267621234572584,0.326691743679697,0.257549668748959,0.311092465460754,0.277907042490321,0.377047632631226,0.281023988164652,0.370070109193664
909,0.268143790944993,0.327221763186279,0.258161528524778,0.311663324207577,0.278297368834676,0.377481018942458,0.281668758801826,0.370578713728292
910,0.268677386963979,0.32770135098912,0.258748304604461,0.312228183541999,0.278697489863964,0.377947955454099,0.282280934606863,0.371066845180272
911,0.269173625871236,0.328122411023049,0.259278906272973,0.312733640641679,0.279109520481452,0.378387347201583,0.282865357093089,0.371481424966637
912,0.269622609294884,0.328650530582273,0.259824082322742,0.313216311764798,0.279485333544933,0.378787640028515,0.283506206795701,0.371944056712123
913,0.270133749704619,0.329190482827321,0.260415327873667,0.313685155679769,0.279880455605959,0.379253129789862,0.284132488358832,0.372392168885838
914,0.270686532905781,0.329745475808847,0.261026996158997,0.314188140148884,0.280314400265555,0.37973962898285,0.284752864945222,0.372866396270031
915,0.27121204552456,0.330323719586695,0.261613392352008,0.31476169825894,0.280774954028894,0.380163003720611,0.285392023966821,0.373412041621496
916,0.271702275966288,0.330771493424883,0.262190861893006,0.31530235513882,0.281151845698578,0.380585276301505,0.28599320595881,0.37388774509351
917,0.272174226096048,0.331162429920014,0.262740969818324,0.315801438881381,0.281550072876247,0.381021964500372,0.286601562681704,0.374310230722607
918,0.272661210992514,0.331598635610287,0.263278009534047,0.31630185217801,0.282012538113693,0.381490255308842,0.287221855360706,0.37473374414604
919,0.273217350078215,0.332201346731786,0.263865184205296,0.316910004067215,0.282477894345605,0.38201698050032,0.287794497887558,0.375249233313814
920,0.273742190789269,0.332710144536319,0.264423392184021,0.317424827872456,0.282920237112366,0.382477739349526,0.288384986249,0.375715101419053
921,0.274225739840334,0.333146787433821,0.264957112667855,0.317883935012553,0.283315221663278,0.382865549465686,0.288953454476544,0.376136662204584
922,0.274692601707189,0.333605657154868,0.265501421256254,0.318392500909835,0.283659964921887,0.383232332655542,0.289467326963221,0.376566498390947
923,0.275182266948903,0.334076966323041,0.266115748871504,0.319017700172548,0.284018294978771,0.383703942966559,0.29007279720228,0.377050013446688
924,0.275650755535062,0.334542540869454,0.26664792210195,0.3195094793419,0.284388900347099,0.384141503729137,0.290655262209738,0.377518278136277
925,0.276129814751465,0.335027859660687,0.267105614992922,0.319885788026041,0.284795626770885,0.38453537543994,0.291212994949594,0.377978369924918
926,0.276723419927553,0.335599994085033,0.267661828196315,0.320439198902766,0.285285997224992,0.385013666998092,0.29186283276749,0.378513646460511
927,0.277215249988373,0.336169983769905,0.268196663638436,0.320963907815524,0.285749524920492,0.385494785417069,0.292440022696305,0.378943209724198
928,0.277651973159266,0.336660681671258,0.268726065724579,0.321455535573624,0.28616522260734,0.385947088244548,0.293007249221066,0.379392320031371
929,0.278107981610559,0.337059042514281,0.269266740081611,0.321951335657837,0.28655012281935,0.386362884348179,0.293618800187501,0.379950406914473
930,0.278529513256466,0.337535106648625,0.269735313793765,0.32248120336045,0.286972051346524,0.386772467955032,0.294123295012305,0.380356325960733
931,0.279019675037225,0.338011397033295,0.27025659825343,0.323011734308587,0.287332636514291,0.387181947769795,0.294675448618888,0.380813043359183
932,0.279541031905338,0.338453176151796,0.270799120424876,0.323498250177606,0.287656223213343,0.387603098189408,0.295249930915027,0.381303045888498
933,0.2799767566304,0.338867480602228,0.271240710915639,0.323912997028686,0.288049710764865,0.388050399153143,0.295720683464971,0.38168188563041
934,0.280486772430978,0.339399696646793,0.27172599602477,0.324505945804229,0.288524698004491,0.388526129260743,0.296306320997226,0.382178009096005
935,0.281040082898386,0.339962041248107,0.272275675110858,0.325130610317735,0.289014415490724,0.389032083551136,0.29693226323245,0.38267781074514
936,0.281575448393141,0.340471891133246,0.272851603430735,0.325660887603785,0.289458859542849,0.389537169895223,0.297523781770967,0.383113041277075
937,0.282024599831898,0.340931011849721,0.273327892122518,0.326139229388037,0.289838389963111,0.389930447844862,0.29810706658598,0.38362807467393
938,0.282502774417059,0.341438765453726,0.273832243472973,0.326680873211668,0.290215006823306,0.390401349993581,0.298667972689951,0.384153288697021
939,0.282976463609727,0.341941600409638,0.274354503228757,0.32721091307468,0.290584040952634,0.390881817216401,0.299179759645349,0.384615220385289
940,0.283378469442349,0.342355535015436,0.274845667771811,0.327618883532401,0.290928894817358,0.391242452961497,0.299633965228654,0.384971623620482
941,0.283839446039727,0.342852777494676,0.275384968956747,0.328137678038796,0.291338709956253,0.391702543515969,0.300157623335597,0.385399247594266
942,0.284371392249539,0.343381000898641,0.275947377276923,0.328699059401939,0.291801490812023,0.392194938563977,0.300713523516354,0.385879692674927
943,0.284907798238945,0.34387486213391,0.276477254931494,0.329212030411268,0.292253386819876,0.392629024769001,0.301243007045344,0.386366309605306
944,0.285297184221015,0.344276758978467,0.276892109262061,0.329589541154022,0.292577772359543,0.39291543758747,0.301679121101904,0.386798263128572
945,0.285720010832085,0.344737790061513,0.277347237428067,0.33009932203635,0.292898521152517,0.393317261994406,0.302232295268053,0.387277329540333
946,0.286164650274865,0.345194569509115,0.277829489951803,0.330625494801573,0.293270362874648,0.393746910044182,0.302802666811952,0.387724790455036
947,0.286589683087721,0.345586183616792,0.278296777593112,0.331034808020406,0.29369969986492,0.394101922151385,0.303268611659229,0.388081796307023
948,0.287036891235176,0.346072153179197,0.27877735681844,0.331523106816951,0.294093077568877,0.394589763167756,0.303742152928622,0.38853055378755
949,0.287529980303928,0.346652637139383,0.279303654855291,0.332076949545249,0.294523942002727,0.395140040994601,0.304303313038679,0.389043840558521
950,0.288023848064864,0.347222426627491,0.279819467116471,0.332614215957399,0.29494972466032,0.395644051145693,0.30487582208394,0.389558347518064
951,0.288439110205818,0.347626778618694,0.280221611133562,0.333027475306215,0.295265573666634,0.395994667491559,0.30529595096407,0.389999533455848
952,0.288911904727422,0.348068557605283,0.280637680121945,0.333531142496821,0.295676425918317,0.396422086089974,0.305796391830589,0.3904934602468
953,0.289388944223281,0.348557470697444,0.281126839278954,0.334016240064438,0.296089709688785,0.396844773165735,0.306334374033623,0.390951932410239
954,0.289824754264897,0.349042330062079,0.281668153883109,0.334418575346215,0.296415684394555,0.39719968781168,0.306845636914577,0.391309375156463
955,0.290240443105676,0.349398645278705,0.282102779500941,0.334850587529448,0.296642519060386,0.397544405009573,0.307300640045126,0.391587690930783
956,0.290710017479144,0.349888107604786,0.282580484505153,0.33537729002855,0.297033854440516,0.398007992931111,0.307818346158644,0.392054523983339
957,0.291205669009975,0.350429339332877,0.28308459358121,0.335915872582078,0.297481855869166,0.398485862826003,0.308339787844723,0.392605569103054
958,0.291665330942483,0.350855235808367,0.283546757116125,0.336359406611829,0.29780042157365,0.398845923003447,0.308776648738737,0.393041245492427
959,0.292078732841972,0.351271507292195,0.283958978302988,0.336808150492147,0.298206164390025,0.399327812720808,0.309253973505485,0.393488282323827
960,0.292510878849081,0.351742434024966,0.284412444269132,0.337318600464923,0.298586466892603,0.3997762426313,0.309796507959331,0.393974267282881
961,0.292973202512179,0.352236507801995,0.28492021664377,0.337859328702136,0.298958249910783,0.400170848644986,0.31036476760247,0.394478596378914
962,0.293420353736993,0.352641220240128,0.285414038890759,0.338320410039082,0.299463019557604,0.40063391020424,0.310865241835058,0.394938979913961
963,0.293846530033437,0.353137154334847,0.28590046929337,0.338756308637483,0.299839024765814,0.401040466341744,0.31131494240028,0.395357352055995
964,0.294197396261712,0.353584486753345,0.286309332262747,0.339159396299788,0.30016973212999,0.401401698033092,0.311727936893385,0.395741776723475
965,0.294510246312155,0.353903332472388,0.286633437198761,0.339551786361433,0.300538432618982,0.401764114057244,0.312150552485061,0.396111792228643
966,0.295080947619564,0.354308005426368,0.287036630420614,0.340057078287002,0.300841296057305,0.402195497110223,0.312713467970363,0.396500501019673
967,0.295579159295551,0.35473797251812,0.287544601562,0.340570317830696,0.30123881837117,0.402630907257658,0.313244071874319,0.39694056361048
968,0.296013771123777,0.355217300763608,0.288076498573182,0.341048795188053,0.301666137759971,0.403047878612051,0.313722556485316,0.39741807467887
969,0.296507676526841,0.355764841820974,0.288523209823982,0.341491180520478,0.301994802581924,0.403444874451885,0.314193112387166,0.397889457277052
970,0.29693292485305,0.356193485095069,0.288960104549264,0.341974255830844,0.302346278653107,0.403828141924584,0.314653405546276,0.398289510864124
971,0.297414926819864,0.356684241730709,0.28944279535021,0.342519166299726,0.302775345238095,0.404279911115127,0.315151666790263,0.398733863437489
972,0.297931700559022,0.357207588029585,0.289926753352241,0.343066563432876,0.303198637797957,0.404748688530926,0.315653042961074,0.399211027586817
973,0.298303281837864,0.357509860793566,0.290278630934803,0.34348921309272,0.30341451768097,0.40505609824097,0.316047603425179,0.399576172138132
974,0.298759436837378,0.358038502385939,0.290774732125433,0.343945857055823,0.303800700897342,0.405534877496523,0.316611406300108,0.400099300433072
975,0.299316204494584,0.358610999785446,0.291329416745058,0.344461576543284,0.304260540351638,0.40603530078017,0.317234266197271,0.400643078981214
976,0.299875311458045,0.359027033232089,0.291809041740641,0.344989017355834,0.304651900332056,0.406413531690821,0.317762197892965,0.401066953634462
977,0.300145496983431,0.359352772080623,0.292133569321935,0.345354577679616,0.304955297465158,0.406783658881602,0.318116314273506,0.401417241899306
978,0.300531641695125,0.359764676828198,0.292557550513976,0.34583399963057,0.305377317194074,0.407190613687235,0.31857276881406,0.401859776936432
979,0.301048730740845,0.360320615898574,0.293090592793936,0.346403056295937,0.305865629635289,0.407648577904983,0.319144932410838,0.402378355587568
980,0.301535701922344,0.360955391202053,0.293618876752363,0.346913690960927,0.306267302370503,0.408130794558749,0.319709657770008,0.402859585655414
981,0.301844920062211,0.36131002194754,0.294003280727149,0.347312473239993,0.306560926986878,0.40852016627934,0.320100005684625,0.40316102252802
982,0.302255052590358,0.361685585377626,0.294441305183186,0.347691461163313,0.306904064291414,0.408891287212226,0.320522229524552,0.40355261622949
983,0.302789053127405,0.362146049123254,0.294970364539564,0.348132712843122,0.307291270444234,0.409274766108243,0.321034463612656,0.40406177314521
984,0.303213748234636,0.362504586381547,0.295454918155265,0.348678019328967,0.307571222748285,0.409650454304487,0.321528369016516,0.404473167771925
985,0.303600436442389,0.362862296100093,0.29581575744836,0.349077896952283,0.307970435402528,0.410038697362777,0.321909855770278,0.404872126559701
986,0.304010155316835,0.363288111129923,0.296196934712621,0.349451090227702,0.308378273267253,0.41042859914768,0.322342559030962,0.405286716563339
987,0.304468784395804,0.363786361593113,0.296694469320363,0.349903472849112,0.308725231840159,0.410830344720739,0.322892406884763,0.405715948108754
988,0.304930664611683,0.364245775721497,0.297228680770059,0.350379824137834,0.309142560177453,0.411314429574933,0.323334622919901,0.406116950643286
989,0.305368479406926,0.364665038328086,0.297709545432778,0.350846436899691,0.309497416847148,0.411630699100481,0.323813906233216,0.406449102676989
990,0.305774545781862,0.365087528032872,0.298161082099208,0.351291832545869,0.309886321972764,0.411951271540565,0.324327312133947,0.406813618631271
991,0.306172536669164,0.365554922193499,0.29863548023519,0.351712365061476,0.310388643885942,0.412473932151344,0.324824979317062,0.407301973862315
992,0.306672310720609,0.366028538623433,0.299111148479943,0.352074039872935,0.310700482593557,0.412881232403117,0.325255843961365,0.407759096925402
993,0.307168686434688,0.366477577987154,0.299595277173021,0.352599333642192,0.311022806412052,0.413321074895341,0.325844108692825,0.408266707504448
994,0.307609571056801,0.366866640948046,0.300040538202682,0.353175177935143,0.311352961697678,0.413719455926778,0.326435768156115,0.408716445725415
995,0.308002660045552,0.367179756686799,0.300391600782632,0.353514385362136,0.311586241414331,0.413913580391035,0.326704010725335,0.408940976065633
996,0.308502291661289,0.367556376277297,0.300827565036027,0.353930578473275,0.312030810938592,0.414335004848827,0.327176534376965,0.409400984582204
997,0.308873622224672,0.367950568599824,0.301320207597799,0.354430927036899,0.312486735564716,0.414744555178939,0.327670985980117,0.409859180506531
998,0.309151768613948,0.368339017390607,0.301829117840594,0.354982259843966,0.312851230775707,0.415063998585501,0.328128151785898,0.41020505316201
999,0.309750608076842,0.368754300372771,0.30232907829623,0.355539813924221,0.313221422789166,0.415511940937175,0.328739273699634,0.410593092373081
1000,0.310179946913104,0.369167388066928,0.30273392921788,0.355963786067968,0.31350382292028,0.415834318488404,0.329241256847615,0.410977510385258
1001,0.310179946913104,0.369167388066928,0.30273392921788,0.355963786067968,0.31350382292028,0.415834318488404,0.329241256847615,0.410977510385258
1002,0.310618514541236,0.369577552163891,0.303300668770781,0.356355029001315,0.313801137777523,0.416176054371064,0.329737861495027,0.411257477062725
1003,0.311008054766974,0.370005133828805,0.303823355083593,0.356790249580856,0.314078107664238,0.416527027877557,0.330196645674278,0.411662990545749
1004,0.311386801110777,0.370458098357011,0.304357827729835,0.357298848892432,0.314289006353901,0.416870337531515,0.330541753582718,0.412107019695373
1005,0.311780954277357,0.370818630488494,0.304830282707313,0.357671517407703,0.314565871404934,0.417147134956764,0.330942079015124,0.412439231379535
1006,0.312160394261431,0.371134394810891,0.305263181744609,0.357994513334554,0.314841751040521,0.417340546268485,0.331363049814486,0.412790956206668
1007,0.312557896023508,0.371488216461226,0.305711091179824,0.358359951022879,0.315121910109928,0.417637532547353,0.331806430248253,0.413167232419322
1008,0.312973867090319,0.371753803752412,0.306153652882326,0.358639776803045,0.31543470918438,0.417955481988767,0.332234595595079,0.413456230748293
1009,0.313419444763727,0.372121599056754,0.306573508894668,0.358990969324908,0.315734238950558,0.418236650014899,0.332677357015373,0.413776232062455
1010,0.313897650485526,0.372557869680849,0.306935801842526,0.359382147719208,0.316020240556231,0.418500018147607,0.333152133750338,0.414118804708443
1011,0.314347753200401,0.373041666689371,0.307391479996902,0.359830537575325,0.316340904678976,0.418918185195033,0.33367486199461,0.414560512095382
1012,0.314711555944025,0.37353422631547,0.307855886036666,0.360268779330498,0.31653957207732,0.419280212309232,0.334098195884757,0.414973272951671
1013,0.315059095130256,0.374000741469714,0.308324598920221,0.360749112080792,0.316808289772341,0.419512551612689,0.334539692769993,0.415334817077886
1014,0.315344363756884,0.374399753877489,0.308941693648069,0.36129800182519,0.317136415712681,0.419824667358897,0.334991283886218,0.415720827155301
1015,0.315577542074638,0.374746095018056,0.309443067219498,0.361709528101914,0.317333037235938,0.420129601752228,0.335421115112963,0.416073499228091
1016,0.315963423080226,0.3750148242546,0.30979415985061,0.361995673358535,0.317640953016276,0.420401073958461,0.335839546547674,0.416335778309403
1017,0.316388733593238,0.375280206307053,0.310224640955694,0.362346907365103,0.31795920125462,0.420715810541315,0.336263099670108,0.416655527340793
1018,0.316750873713007,0.375607106910995,0.310653327175067,0.362699326682933,0.318252116955504,0.421045855349049,0.336710535061013,0.416956805310361
1019,0.317102213897928,0.37599098784613,0.311045382034779,0.363010238064597,0.318536590520939,0.42147109747671,0.337179393990629,0.417257770824218
1020,0.31748223968879,0.376324291164952,0.311441483436972,0.363350547264989,0.318779134843915,0.421772234844464,0.337604341869016,0.41757356318984
1021,0.317854345983774,0.376661174331096,0.311878078068464,0.363729144626075,0.31897816339983,0.422006466788078,0.338016418119644,0.417889523787893
1022,0.318202734247148,0.376999690888949,0.312290357832559,0.364098901991701,0.319235880352433,0.422272390696232,0.338455053696642,0.418212336297151
1023,0.318532620710551,0.377322897532496,0.312606715399501,0.364458201476849,0.319473338476008,0.422477321868735,0.338894027896386,0.418572342674632
1024,0.3188898647749,0.377636798394651,0.313041246540877,0.36482139093614,0.319720328621921,0.422729283755204,0.339292579287871,0.418907665829905
1025,0.319215707694103,0.377957845762776,0.313565067185259,0.365218858671861,0.320035740884514,0.422997120367683,0.33968392699118,0.419272662264445
1026,0.319564023225484,0.378277755796087,0.314057971945564,0.365587164589324,0.320299304903414,0.423327474149586,0.340100344396409,0.419509116995316
1027,0.320005551417628,0.378574823620858,0.314575065339104,0.365948538358951,0.320509437283862,0.423620082940068,0.340488630961063,0.419745297339577
1028,0.320555881908431,0.37886285028888,0.315083138279923,0.366271313829961,0.320721715359426,0.423930022032768,0.34087538119085,0.420150899633445
1029,0.320941819843239,0.379178151963412,0.315518227959198,0.366600657168889,0.320938679908427,0.424236156727096,0.341277947921966,0.420504857616211
1030,0.321264744073257,0.379535650276999,0.315976886479996,0.366991475991217,0.321146082904889,0.424493062160575,0.341722012200172,0.420792844828763
1031,0.321627126060567,0.379927218881931,0.316425424515604,0.367373097055602,0.321399999235986,0.424759715997975,0.342120327957006,0.42112361550531
1032,0.321923854568697,0.380404572999607,0.316868836691693,0.367777879846136,0.321684842003606,0.424999643138072,0.342468708038904,0.421470694673623
1033,0.322255329984892,0.380751625941004,0.317313372170806,0.368138771733047,0.321945560141684,0.425255025896502,0.342836927023518,0.421785021254031
1034,0.322650489026041,0.381073288857409,0.317731365454231,0.368495807115085,0.322236366535188,0.425521478681008,0.343196180152474,0.422095062415854
1035,0.322997302174086,0.381398442528612,0.31820168541374,0.368849364270604,0.322515416171749,0.425777316294871,0.343595422137837,0.422427748351286
1036,0.323314497196132,0.381646850093455,0.318685443718516,0.369156401506002,0.322751869130772,0.426030642917663,0.344001728808412,0.422766686867274
1037,0.323621752431186,0.381932402310697,0.319167784838468,0.369490267047158,0.323033443563219,0.426277915347147,0.344435376518048,0.423070373606865
1038,0.323874318142439,0.382245952463476,0.319692535126613,0.369820595807158,0.323353951531254,0.426494492366658,0.344925651088543,0.423342477561196
1039,0.32419604453996,0.382552607549801,0.320196557567848,0.370191412727251,0.323639768664334,0.426757155189753,0.345358952638789,0.423662512629256
1040,0.324542137830807,0.382858634921832,0.320693930869692,0.370611267290129,0.323940110518192,0.4270438905334,0.345802460977632,0.423991069620698
1041,0.324870595063733,0.383120759870288,0.321175232447342,0.370979701405014,0.324206198937296,0.4273149536641,0.346187484561069,0.424295194438058
1042,0.325234360289407,0.383424245406795,0.321669813538655,0.37130990374448,0.324436647158023,0.427597611076551,0.346509049088605,0.424658759302131
1043,0.325701944900813,0.383834696393953,0.322202942759456,0.371730679751218,0.324735374876032,0.427950002291441,0.346939001169122,0.425071419880289
1044,0.326158392526841,0.384219504836203,0.322729698978289,0.37212244467938,0.325049596323261,0.428290519667032,0.347354829045817,0.42546405344181
1045,0.326541231686433,0.384582660300751,0.323305875517153,0.372560037016227,0.325414300758399,0.428631994367327,0.347778668777258,0.425848634652605
1046,0.326890725313125,0.384910346926955,0.323841423560198,0.372926146249195,0.325744699068343,0.42893511362142,0.348226034293483,0.426137535965851
1047,0.327238684839263,0.385207383244434,0.324394096551566,0.373331595329941,0.326100719803932,0.429239621390441,0.34872603388129,0.426353036112914
1048,0.327533919787989,0.385515600459842,0.32490430386685,0.373654472561543,0.326421202699996,0.429517266329666,0.349174703538236,0.426630314189241
1049,0.327690464066259,0.38582374568332,0.325353326841713,0.373833234950624,0.326698505066784,0.429716600590815,0.349630766308898,0.426835307635496
1050,0.327997377215912,0.386079573474186,0.32584348647031,0.374120100364199,0.326993621800705,0.42999478938386,0.35003103980107,0.427108497572566
1051,0.328378623202952,0.386272312030504,0.326344453031146,0.374474015366658,0.327291273983508,0.430325991840592,0.350376875833641,0.427486280700882
1052,0.328720047277119,0.386561955514682,0.326853694415182,0.374778544133118,0.327606975787306,0.430629664753326,0.350771561422208,0.427801286761534
1053,0.329118487350192,0.386858054950806,0.327378656664771,0.375063623092382,0.327933027544371,0.430939441033658,0.351163181617879,0.428067958747245
1054,0.329476821476499,0.387158430799172,0.327909660042793,0.375396091888506,0.328252419048554,0.431252487858962,0.351543216294716,0.428369437148256
1055,0.329785640905174,0.387573950570794,0.328492415975265,0.375760490928528,0.328601228256401,0.43160246737557,0.351975192850231,0.42868792546981
1056,0.330093758665244,0.387894833144593,0.328980692423224,0.37607165509094,0.328919475056393,0.431875148412282,0.352338296063915,0.42899889131976
1057,0.330353023338816,0.388170400782863,0.32939673857423,0.376400604657677,0.329228056288283,0.43208285343662,0.352604216410307,0.429302300323638
1058,0.330722186776748,0.388381092154834,0.329866289274647,0.376682701290656,0.329507495066893,0.432351227573828,0.352934426233531,0.429648233526669
1059,0.33111011286556,0.388595335667645,0.330312054722216,0.376964591924235,0.329765987700953,0.432585109355673,0.353314156010474,0.429969733261119
1060,0.33138282498852,0.388848840076369,0.330734606363878,0.377220112932876,0.329987988146973,0.432768535491913,0.35366517780583,0.430235593564162
1061,0.331683361903757,0.38912967615999,0.331170465475116,0.377514563908841,0.330263040495588,0.433027612249136,0.354056397681078,0.430543300358746
1062,0.332014476221477,0.389455997415234,0.331642018117579,0.377877500094685,0.330537769385189,0.433380299818321,0.354530894005213,0.430878393895743
1063,0.332281929570205,0.389724200560032,0.332086755031558,0.378167650286867,0.330813971275814,0.433609695965612,0.354905312411326,0.431134824783873
1064,0.33246167826221,0.390001199528063,0.332495202431813,0.378416323432313,0.331138642560025,0.433799970915865,0.355235288101706,0.431379654650495
1065,0.332740451556033,0.390249112901835,0.332923361403875,0.37868630593631,0.331412839879138,0.43399761652567,0.355586785778743,0.431612437501378
1066,0.333023646478268,0.390419121392673,0.333374698391225,0.378928761299021,0.33165267296544,0.434110908052061,0.355892892375936,0.431745710006493
1067,0.333336758204633,0.390659782771679,0.333808848657374,0.379187839454962,0.331894924248869,0.434304117186613,0.356246042533069,0.431968768101735
1068,0.333760794076148,0.390936950899325,0.334259165811659,0.379475219533785,0.332134895303635,0.434579165762103,0.356642559899215,0.432247859447743
1069,0.334080915410891,0.39121174886449,0.334661862432803,0.379743208088882,0.332365090146475,0.434790945437524,0.357012230130854,0.432500462430755
1070,0.334337520406731,0.391509042941673,0.335023615789822,0.380010732547569,0.332582757584364,0.43497731299595,0.357370748761352,0.432790608462897
1071,0.334626242106053,0.391794769019382,0.335400672469006,0.380269746064455,0.332784857226554,0.43518097063797,0.357741234609479,0.4330409442864
1072,0.33488611362635,0.392076628608521,0.335741243910247,0.380498805335574,0.332963802851794,0.435370226563978,0.358102235883895,0.433278429730646
1073,0.335146647902185,0.392359590304974,0.336095722967925,0.380749361684274,0.33316176449915,0.435550248405872,0.358478712103751,0.433486455647657
1074,0.335420923606478,0.392635664953044,0.336487134661614,0.381007875106255,0.333385562550985,0.435721824561013,0.358855483596625,0.433636982633094
1075,0.335715470997986,0.392930440566806,0.336864670414028,0.381254091662864,0.333558999359181,0.435951298798701,0.359290337230743,0.433811021935695
1076,0.335965137382788,0.393198746110449,0.337143066898937,0.381495614267969,0.333688065474314,0.436094733713074,0.359696985937059,0.434012312686088
1077,0.336233585982153,0.393472558818117,0.337464021892325,0.381817741741903,0.333851411461321,0.436252114558286,0.360023045694848,0.434229674778353
1078,0.33649165568619,0.39376772069727,0.337781418116828,0.382135563586355,0.333981267353579,0.436403416326295,0.360362058745394,0.43443631143359
1079,0.336756233783569,0.394074227512778,0.338068197979986,0.382495939551099,0.334034285067123,0.436558414271251,0.360652476055625,0.434678857920705
1080,0.33700941874138,0.394362145886694,0.338384992142943,0.3827911980735,0.334166359061241,0.436674179067182,0.36100079383456,0.434874562433839
1081,0.337236974286245,0.394660999238669,0.338740919213494,0.383086373123884,0.334345062827509,0.436760954297908,0.361383713600641,0.435012509489111
1082,0.337491314253167,0.394956306122863,0.339057012930832,0.383364021799985,0.334492679920698,0.436873629899679,0.361715083394965,0.435220838904584
1083,0.33775089489457,0.395226754317655,0.339361898378089,0.383583483072497,0.334658257941226,0.436963461801697,0.362025512503909,0.435468678537319
1084,0.338022790476011,0.395516608321392,0.33965639566892,0.383842464388784,0.334797393268301,0.437071186868771,0.36236939503167,0.435680353110875
1085,0.338292254811631,0.395826548005365,0.339918934462082,0.38412092458946,0.334916954949765,0.437186979345286,0.362677072881269,0.435915343095885
1086,0.338597802543243,0.396127832398103,0.340216752681193,0.384389773745844,0.335036522608257,0.437334474944947,0.363031075306816,0.43612080398086
1087,0.338970306286435,0.396443305185765,0.340523947822728,0.384656486287732,0.335135132722185,0.437526946636198,0.363484457602528,0.436277953969336
1088,0.33927381259981,0.396727123900276,0.340824727859519,0.384923717086509,0.335252275635528,0.437672692503401,0.36385566912545,0.436457085044635
1089,0.339570655501035,0.396961814002513,0.341178825746064,0.385199772003273,0.33536914709122,0.437829583558446,0.364166829067576,0.436631725765073
1090,0.339850412551253,0.397246419213439,0.341470973957849,0.385464860732578,0.335491136253343,0.437964557611291,0.364511387969465,0.436819191384956
1091,0.340089253860806,0.397540008310883,0.341742415181615,0.385739424076754,0.33563128313781,0.438040037003341,0.364860821107187,0.43701780631314
1092,0.340285520824933,0.397839358000381,0.341944111987392,0.385962338136151,0.335757564004512,0.438122079277648,0.365175568049961,0.437214733770713
1093,0.340540176693612,0.398131703856759,0.34219420321473,0.386240054277664,0.33588848394335,0.438249154553042,0.36550315134957,0.437413418705025
1094,0.340815710925932,0.398464551234714,0.342411011345278,0.386529437456765,0.336038436929115,0.43842161215939,0.365848284813963,0.437621765939659
1095,0.341105353871833,0.398753495985867,0.342684517932771,0.386823504015533,0.336148437094017,0.438544943424644,0.366196307252757,0.437833630739674
1096,0.341432361305029,0.399011121898981,0.343006102965916,0.387170419067917,0.336235120219631,0.438681063859358,0.366528769830136,0.438064029291285
1097,0.341713519279687,0.399272158977251,0.343301493658243,0.387439243938239,0.336333164659117,0.438784372524203,0.366873886743326,0.438250704550382
1098,0.341985736509501,0.399522373193789,0.343619283189306,0.387666922137351,0.336413585033568,0.438840085827313,0.367246433078875,0.438422264788118
1099,0.342260771660519,0.399785220998479,0.343897878695339,0.387900800181072,0.336498967664958,0.438926830881982,0.367597313703328,0.43859481605442
1100,0.342510611685123,0.400033655230639,0.344139338124695,0.38805959701153,0.336583594923305,0.439011389785159,0.367924949035673,0.438720719418481
1101,0.342772191873055,0.400299840698063,0.34441123930175,0.388316367076374,0.336684844056781,0.439108143679544,0.368272690441294,0.438886866747616
1102,0.34306813453633,0.400583540658266,0.344667632046573,0.388669706432869,0.336786540411933,0.439242310087141,0.368660447859303,0.439077544832186
1103,0.343327981599177,0.400870351427847,0.344947520862756,0.388934147194105,0.336890642278456,0.439324709024733,0.368996281694426,0.439274312840965
1104,0.343539943276813,0.401168156607309,0.345280812735435,0.389193607624251,0.337026704699732,0.43934073224959,0.36928443330085,0.439493476857468
1105,0.343793990756786,0.401457719872757,0.345576178085907,0.389456820251444,0.337139530799966,0.439441153331597,0.369613689315294,0.439696851586908
1106,0.344074150246911,0.40175654672522,0.345856146190852,0.389636533717011,0.337218710700697,0.439587054065046,0.369932355459766,0.439918283734669
1107,0.344321652119742,0.402045577484025,0.346132689143957,0.38987065524225,0.337322999577364,0.439688051279635,0.370256199276492,0.440110889256415
1108,0.34455097869909,0.402349299956073,0.346415861457663,0.39018328905397,0.337462411941395,0.439832151981204,0.370598192816889,0.440308710059547
1109,0.34482541879516,0.402613228275685,0.346655009414043,0.390467504596561,0.337553240948165,0.439955367657982,0.370979114494616,0.440447049929986
1110,0.345073075255896,0.402857276281674,0.346891936660785,0.390709170797573,0.337651744633875,0.4400491489941,0.371318174334682,0.440585789066468
1111,0.345285436955306,0.40305733279385,0.347110346164392,0.390933148490125,0.337750575925618,0.440050478358165,0.371625727865947,0.440679991604041
1112,0.345532370896306,0.403328359591518,0.347358581333866,0.391154869354659,0.337859770796761,0.440157572018507,0.371966102811152,0.440840213481122
1113,0.345811291318081,0.403598508008712,0.347593098004861,0.391325819150686,0.337958491621778,0.440331307800007,0.372325061139613,0.440996483375116
1114,0.346063442045055,0.403883563080454,0.34785086394778,0.391543585612702,0.33806413173265,0.440440254511998,0.372657166297875,0.441190076095936
1115,0.346294723228806,0.404249557392717,0.348151581828486,0.391782206468011,0.338186036657777,0.440541528631912,0.372985662543946,0.441457951444923
1116,0.34655562701118,0.404532007934141,0.348416973418961,0.392020952638245,0.338303626717447,0.440656598022538,0.373314739673157,0.441664280874415
1117,0.346859640203611,0.40477245035651,0.348676980386196,0.392282183341616,0.338421598543607,0.440744462725552,0.373633250291484,0.441867276909309
1118,0.347092326522777,0.40500918066452,0.348919794595028,0.392517922030121,0.338524067417838,0.440847537915163,0.373945080037356,0.442047091997547
1119,0.347263806366995,0.405177239051992,0.349118369421209,0.392750276120458,0.338620981529004,0.441001924776022,0.37425747904415,0.442184634601483
1120,0.347510128381425,0.405424640775661,0.349372426020629,0.392977613763617,0.338727335535627,0.441110923055245,0.374573889242995,0.44234822574941
1121,0.347743462261748,0.405736999073353,0.349638026766364,0.393169729182601,0.338794228099908,0.441157833970545,0.374854613260744,0.442499073674804
1122,0.3479953616543,0.405991136984814,0.349912210067565,0.393394521311525,0.338911717618808,0.441256783835954,0.375178189772847,0.442670583217082
1123,0.348342083367183,0.40623257832915,0.350257559927296,0.39365605441447,0.339100717835984,0.441361078116367,0.375545486310722,0.442876642055928
1124,0.348638707945932,0.406505197054134,0.350546221024012,0.393888413686246,0.339240380221103,0.441479833934671,0.375892922904371,0.44305938788105
1125,0.348914718296805,0.40677708695674,0.350813245031661,0.394115370478783,0.339370796866422,0.441617905392176,0.376243344091744,0.443238054529495
1126,0.349157685641535,0.407009011481603,0.351055364266935,0.394351861533492,0.339492746825316,0.441808499870883,0.376616742424508,0.443416670398715
1127,0.349399656657493,0.40727591018137,0.351303746431389,0.394568596785228,0.339651759393938,0.441934604528456,0.376958761808662,0.443599079605759
1128,0.349618505500536,0.407609988942949,0.351507266528382,0.394743048525353,0.339804762819983,0.442020809359397,0.377279038259546,0.443767888479939
1129,0.349870468202243,0.407867908191122,0.351782067027506,0.394975206379788,0.339955666596227,0.442174905408188,0.377609771740491,0.443954273726788
1130,0.350133163313207,0.408076127697859,0.352103107028946,0.395251792682992,0.340161312531339,0.442363512010073,0.377934728589145,0.444165073740185
1131,0.350369026446696,0.408310139995735,0.352381365868339,0.395470795095746,0.340303279084298,0.442487169294785,0.378265548353433,0.444347811381349
1132,0.350625907289211,0.408535355891907,0.35267302289607,0.395687104236133,0.340377285233881,0.442630199670667,0.378611966609373,0.444524094579229
1133,0.350847047796598,0.408767849134192,0.35295465447512,0.395897981554546,0.340501784027965,0.442744464928033,0.378928228220875,0.444694502165127
1134,0.351005689970988,0.409005299475428,0.353213805044608,0.396076094821398,0.340630487458604,0.442761561401942,0.379248838622504,0.444841608439547
1135,0.351212110961637,0.409239755968318,0.353470496231162,0.396256422408415,0.340770338646626,0.442856110618755,0.379534858926758,0.445009299163442
1136,0.351431536665512,0.409454249499355,0.353720212377197,0.396419254652227,0.340926370612598,0.442985184872563,0.379734721767557,0.44515146967114
1137,0.351654225723749,0.40970626232332,0.353991974232161,0.396626084246951,0.341086252505766,0.443130053866569,0.380029810566195,0.445353477665669
1138,0.351889927585485,0.409991394539194,0.354243892495528,0.396840548872156,0.341239951138215,0.443307968948365,0.380350092457247,0.445634355964327
1139,0.352130599143564,0.410254727788986,0.354525391008009,0.397057795692345,0.341420016698162,0.443474193654976,0.380683033082804,0.445849509944037
1140,0.352399292712005,0.410575306787115,0.354898680551286,0.397370751303229,0.3416566127252,0.443702263497018,0.381139038701367,0.446096505177492
1141,0.352633289571171,0.410820990303731,0.355186634843703,0.397589921775714,0.341839996615443,0.443856490394968,0.381491825516519,0.446290642092548
1142,0.352855209075949,0.411027423794709,0.355442776533903,0.397766208541883,0.34200808108167,0.443975995554617,0.381803250032663,0.446444525715187
1143,0.353073012341434,0.411172151568329,0.355668307519265,0.397883441492149,0.342173255128817,0.44404866174312,0.382063011531556,0.446514725950978
1144,0.353286853975576,0.411376124640253,0.355910745821103,0.398039991065385,0.342334047280184,0.444161148000836,0.382354704633772,0.446661950339441
1145,0.353463129738211,0.411547279963892,0.356086281571029,0.398132663790963,0.342436106645137,0.444217463422766,0.382586582351176,0.446805797530745
1146,0.353687272428282,0.411768895858718,0.356357241914966,0.398330326042598,0.34262478472212,0.444373067141162,0.382898239441181,0.446974120818752
1147,0.353939975006096,0.412056011864475,0.35669095827461,0.398599675882151,0.342873299638863,0.44461236101631,0.38327535832775,0.447167504943456
1148,0.354177073018324,0.412285777404685,0.35699312141021,0.398828060372856,0.343076557182024,0.444785340253206,0.383597985221269,0.447367547469967
1149,0.354432964229237,0.412503549455943,0.357315718434098,0.399109163631952,0.343299309842687,0.444985822276307,0.383931196543128,0.447603552255502
1150,0.354661861465446,0.412715267994738,0.357628638788334,0.399314526086728,0.343498631271096,0.445138255240808,0.384235719297331,0.447785714517838
1151,0.354870859271118,0.412900794079125,0.357936996855398,0.3994643959513,0.343664959876435,0.445225995996318,0.384487969990656,0.447962728937309
1152,0.355090443191043,0.413107962334961,0.358240152161701,0.399638682564992,0.343848061935633,0.445360179153791,0.384788495466115,0.44812792877389
1153,0.35530841759843,0.413330415721022,0.358561082330176,0.39977275827418,0.344045538914414,0.445499334285342,0.385112728810211,0.448231088929443
1154,0.355517992792775,0.413531931761989,0.358848338005426,0.399948275268796,0.34422440885726,0.445640024549757,0.385415578595802,0.448385186105668
1155,0.355719337543211,0.413718399890436,0.359103380581237,0.400175887975335,0.344387029661147,0.445795954832785,0.385726376480004,0.448578665516854
1156,0.355932967864745,0.413923644026318,0.359371233284072,0.400358098023915,0.344557967402636,0.445949932846231,0.386035667429794,0.448746448781172
1157,0.356141960311482,0.414129294368766,0.359620135998773,0.400529868639681,0.344720886611482,0.446095200862168,0.386327144188997,0.448904745202103
1158,0.356355275601388,0.414332029288853,0.359882849280088,0.400702828750457,0.344891992363439,0.446253577652739,0.386623139344176,0.449081299701991
1159,0.356609445130599,0.414552529097771,0.360180200766338,0.400830006584959,0.345090969423428,0.446455173363833,0.386938921545195,0.449268605978334
1160,0.356820708765933,0.41476592308858,0.360441049915605,0.400991682821194,0.345259755860046,0.446606937834701,0.387240255464972,0.449439560306882
1161,0.357011957265372,0.414973230093706,0.360687445352704,0.401169992937379,0.345415670006703,0.446738884525042,0.387533053923882,0.449609158974955
1162,0.357157083890902,0.415158911995167,0.360917916051044,0.401377717500994,0.345550410394759,0.446848862932527,0.387809643726381,0.449785912898342
1163,0.357383072559173,0.415370276403072,0.361162892684819,0.401560630602177,0.345715827750728,0.446979992982042,0.388096306646266,0.449971123992585
1164,0.35763037601648,0.415595411358564,0.361390226973053,0.401738346625883,0.345871953737547,0.447080409309736,0.388370407522029,0.450145484881213
1165,0.357846003184142,0.415808591984691,0.361631089643592,0.401944903397246,0.346043470817571,0.44721441284562,0.388674508300474,0.45032570162174
1166,0.358112276634451,0.416020672349959,0.361899217443886,0.40217229409209,0.34624677445406,0.447390583498555,0.389004992067724,0.450530623590613
1167,0.358321105263405,0.41624315099958,0.362135164743361,0.402358824288273,0.346430378470657,0.44753206424656,0.389305342539728,0.450716855734748
1168,0.358444937332227,0.416463425025641,0.362336466311956,0.402554583546332,0.346607087891767,0.447649203703019,0.38961019921683,0.450861668659615
1169,0.358640950232401,0.416690640610664,0.362574595621457,0.402735258646719,0.346779770199585,0.447795740455014,0.389908716320271,0.451065121531805
1170,0.358858606623114,0.416947395801309,0.362815310435496,0.402865838927949,0.34695129745459,0.447955602373462,0.390186000876557,0.451331806360081
1171,0.359087920385525,0.417167141289879,0.363070196759727,0.403030200716783,0.347123661118367,0.448102659667219,0.390468223396567,0.451529706617713
1172,0.359366560772864,0.417357712956,0.363369612203807,0.403212009911115,0.347290965955763,0.448267066347745,0.390761595751958,0.451719398708839
1173,0.359593731075606,0.417567797220506,0.363626807618878,0.403394713813543,0.347452926284641,0.448409046983753,0.391042471844735,0.451904893546564
1174,0.359802415639271,0.417765632106859,0.363862485523983,0.40358166322302,0.347625089911264,0.448510219547842,0.391284908607101,0.452036834987177
1175,0.360020131162489,0.417976751670774,0.364107850111521,0.403764762413751,0.347779668932537,0.44864683587401,0.391572291431405,0.452196135935097
1176,0.360200842761319,0.418212888172274,0.364332565065071,0.403951053401871,0.347893786904297,0.4488061696339,0.391892247492144,0.452368685138109
1177,0.360408899994702,0.418438706509434,0.364573077577425,0.404149185218633,0.348048096935192,0.448953569801903,0.392198990853876,0.452556390506459
1178,0.360664890125577,0.41869190237962,0.364852706987476,0.404359218388635,0.348245550043566,0.449116431402036,0.392543707955871,0.452775637678785
1179,0.360884566137146,0.41888197649419,0.365092776713759,0.404555379061079,0.348392957629407,0.449271802538519,0.39285170554669,0.45296019813528
1180,0.361092133908112,0.419088699695502,0.365322034328556,0.404743383238685,0.348549154185071,0.449407373925503,0.393144938292588,0.453129922822796
1181,0.361290697617982,0.419287116545964,0.365532127580478,0.404938941847611,0.348723746292419,0.449506356585618,0.393412065274845,0.453294608625392
1182,0.361492794698319,0.419491145066003,0.365760452824476,0.40510991823749,0.348876772523499,0.449651579641928,0.393687766596341,0.453475654659788
1183,0.361662978455616,0.419691659939939,0.365965723052791,0.405244391921779,0.348993623871468,0.449819193963185,0.393931050108914,0.453628356992475
1184,0.361878570944348,0.419885521636497,0.366210479920234,0.405414747736302,0.349144206853397,0.44995286249661,0.394233958213467,0.453811227036103
1185,0.362132365797778,0.420062072937542,0.366494258598244,0.405591286662157,0.349320832083058,0.450098193863993,0.394576581717968,0.454040797268433
1186,0.362347120691566,0.420276883872346,0.36674895127844,0.405777520765573,0.34946857269448,0.450227299739735,0.394881593747898,0.454233806055866
1187,0.36255702942714,0.420498574867611,0.367008825423947,0.405986503138673,0.349605857248084,0.450311557245923,0.395204901754199,0.454408953278755
1188,0.36277382262801,0.420728888510268,0.367258682507649,0.406177901344388,0.34975239735107,0.450431166883608,0.39551194879552,0.454586471958158
1189,0.362969875293424,0.421003322677709,0.367486075725411,0.406374784925813,0.349892163581134,0.450580208550757,0.395786659504595,0.454765049029518
1190,0.363183057567481,0.421247280360478,0.367733045303593,0.406552159251481,0.35003208357269,0.45070543910368,0.39606906748835,0.454934410831709
1191,0.363423691972924,0.421463097520306,0.3679857278621,0.406685301116344,0.350173051352432,0.450807391130733,0.396360008653727,0.455081573706568
1192,0.363646903085777,0.421702332046205,0.368237990360193,0.406876226518077,0.350320786052392,0.450940187369922,0.39664932338721,0.455250175563673
1193,0.363857404791579,0.421961465626254,0.368494218523426,0.407114515109866,0.350457376693373,0.45109134450451,0.396929844795953,0.45543506312923
1194,0.364072453381455,0.4221988927201,0.368757351026954,0.407304305417821,0.350611964459045,0.451226283765747,0.397207837637652,0.455605083518019
1195,0.364280123322006,0.422425490747848,0.369031337713702,0.407491182890303,0.350802217993914,0.45137729518397,0.39747706507877,0.45578140699725
1196,0.364500787005172,0.422668674775654,0.369298643466977,0.407690651966877,0.350966814546026,0.451521380941429,0.397767603056626,0.455952645572324
1197,0.364732206895618,0.42293752992936,0.369584592133342,0.407863842109236,0.351134885007761,0.451673987325655,0.39808228351881,0.456131059425689
1198,0.36496517911131,0.423144999978412,0.369836548395216,0.408034825732461,0.35127991105758,0.451770144862898,0.398358894696487,0.456256191569905
1199,0.365185788463502,0.423372083590342,0.370093225878378,0.408221198507302,0.351426472389088,0.451886603883774,0.398656059133577,0.456417258007189
1200,0.36541460599399,0.423619387569833,0.370338822016102,0.408450160291002,0.351562748334833,0.452012501407349,0.398986306941348,0.456587566487005
1201,0.365619687733962,0.423841904161922,0.370589178286738,0.408638800068744,0.351693630227028,0.452122318476804,0.399267803843093,0.45675745552667
1202,0.365792783333897,0.424024431325822,0.370835419838087,0.408793645332364,0.351815548554657,0.452214315461617,0.399518601883041,0.456931826817649
1203,0.366006080064635,0.424255631259125,0.371085933973346,0.408982453788515,0.351950601421466,0.452310996422415,0.399792694511326,0.457108409411606
1204,0.366225026873096,0.424513537107444,0.371339476042879,0.409179909039336,0.35207711263264,0.452391970589768,0.400051810124386,0.457292644806334
1205,0.366450068964294,0.424742188369029,0.371588581420634,0.40937790723425,0.352209284102965,0.452503220131046,0.400326633822256,0.457461714485529
1206,0.366709264485398,0.424955410161929,0.371816836092137,0.409588638520862,0.352350048444529,0.452606529549291,0.400610794507349,0.457611123715703
1207,0.366932185368547,0.425213553132255,0.372088265101504,0.409792132543144,0.352497206837474,0.452754097936392,0.400902920261087,0.45779367681616
1208,0.367138135617274,0.425489137099122,0.372392608476999,0.409985765556819,0.352647108704564,0.452967610025846,0.401211428656827,0.457994469437277
1209,0.367348905133462,0.425747088963401,0.372668538020962,0.410199172361853,0.352794128109147,0.453120888534421,0.401505899771041,0.458177193990512
1210,0.367535474527586,0.426058055927367,0.372961259658357,0.410435205856895,0.35295304826255,0.453282280473914,0.40181065814771,0.458369331972191
1211,0.367748081285411,0.426313191887257,0.373247331448517,0.410649072037995,0.353108012745106,0.453420863770752,0.402103714192959,0.458564275803242
1212,0.367982298269536,0.426497147927886,0.373497365030951,0.41086934058403,0.353258948364692,0.453501080209654,0.402367301909206,0.458741863263154
1213,0.368205884868889,0.426722686785149,0.373771692890576,0.411076384990197,0.353405785368908,0.453619385058129,0.402655250606462,0.45893136184471
1214,0.368430313643675,0.426948140594242,0.37406990070673,0.411237878207186,0.353545382037454,0.453739453678361,0.402954935084582,0.459147827947387
1215,0.368660671627667,0.427177942470021,0.374360116722064,0.411435804291842,0.353693495867833,0.453868586216118,0.403247721738696,0.459342645854348
1216,0.368890503173343,0.427416329847447,0.374638113468672,0.411634584818827,0.353830706346246,0.454006830032049,0.403536244674278,0.459527498078991
1217,0.3691209947949,0.427677749471965,0.374949141506964,0.411878072530992,0.353996870676759,0.454180579714587,0.403857861793918,0.459706964748856
1218,0.36935620121331,0.427923111743955,0.375256681546363,0.412115125933651,0.35414086702724,0.45429901499178,0.404143649292606,0.459856004778469
1219,0.369592438747983,0.428151791372345,0.375531919349158,0.41235360360248,0.354280312241185,0.454427066410627,0.40443858079883,0.460042713746633
1220,0.369810963148357,0.428387380317687,0.375806046693095,0.412561347146848,0.354426472094111,0.45453783254674,0.404726524868928,0.46022578619086
1221,0.37000547952304,0.428613353306449,0.376061308873074,0.412733304787066,0.354548622855157,0.45460674439824,0.405004394226432,0.460409802693623
1222,0.370232321015032,0.428865780986544,0.376345202950203,0.41294354128314,0.354707169872287,0.454721703167136,0.405299065715707,0.460592211915801
1223,0.370452055796105,0.429132816182663,0.376627888397979,0.413156463952994,0.354908845409723,0.454863731493042,0.405609627310336,0.460782249948023
1224,0.370699101238537,0.429389791973359,0.376923792053937,0.41337061317235,0.355064224163944,0.454977925406769,0.405887161162968,0.460971339828023
1225,0.371011565835044,0.429665742396071,0.377261031081669,0.41361908396914,0.355210564200647,0.455092896617466,0.406153993320535,0.461163701087365
1226,0.37123737913938,0.429916240796837,0.377545775741217,0.413827055202452,0.355358822558146,0.45521246772021,0.406433906543395,0.461346436549321
1227,0.371433611234511,0.430152654370417,0.377809386327556,0.414002400695037,0.355489090282086,0.455322888290453,0.406696523966748,0.46152811077626
1228,0.371638216909715,0.430383332670595,0.378072484199038,0.414194348320868,0.355619028481502,0.455433906330355,0.406972071326551,0.461713756636283
1229,0.371770281163065,0.430595363755501,0.378296029084657,0.414367062114794,0.355748323106543,0.455551984353213,0.407267144803669,0.461884927756766
1230,0.371965906623289,0.430826557469197,0.378555909264129,0.41457155884397,0.355886918626891,0.455668801202703,0.407556717547215,0.462067921959222
1231,0.372220176126477,0.431053577305719,0.378851320964482,0.414817981625715,0.35602427915957,0.45576906384539,0.407841954303994,0.462281677860792
1232,0.372435966907767,0.431283521551776,0.379109558261726,0.415022552586789,0.35615185724766,0.455883361942764,0.408122657753298,0.462460033146251
1233,0.372656373988888,0.431529726263314,0.37936408620786,0.415226352501698,0.356297985352218,0.456031938773627,0.40842194851886,0.462622083795402
1234,0.372875974377099,0.431772542771661,0.37961494406635,0.415419290136736,0.35642360048234,0.456149792607744,0.408699613481114,0.462783181093265
1235,0.373086966708722,0.43199131010765,0.379842274700077,0.415583410587653,0.356510089086626,0.45624100405092,0.408954228250803,0.462912646784796
1236,0.373271361969616,0.432249162629686,0.380056238038329,0.415732685680613,0.356614083864474,0.456345470069536,0.409201053508537,0.463055531651679
1237,0.373516564169895,0.432548796355073,0.380333631036933,0.415934736327488,0.356784988880848,0.45649098673254,0.409499244572395,0.463261284572481
1238,0.373749937936636,0.432797075136228,0.380605914454803,0.416140662746544,0.356921732157893,0.456598605889913,0.409773148817614,0.463466426341062
1239,0.373942740967906,0.433040031895288,0.380842830173837,0.416335549454943,0.357062288206992,0.456707766589489,0.410028061789413,0.463647994340634
1240,0.374153729417632,0.433298367877603,0.381097849657912,0.416531305416824,0.357222947475165,0.456832638847112,0.410328694831423,0.463816819733172
1241,0.374342232535607,0.43351144507347,0.38132550227814,0.416699428098172,0.357353532102769,0.456936096067616,0.410586599481468,0.463969666904275
1242,0.374485489543009,0.433672892969899,0.381508210787287,0.416827966095679,0.357437731671107,0.456998529312364,0.410791773483531,0.464070460427998
1243,0.374671318373313,0.433877022662008,0.38172989847659,0.416991749354778,0.357572926908596,0.457096716126054,0.411049312886785,0.464203280329136
1244,0.374882267028427,0.434075752208533,0.381963661979429,0.417154563590055,0.357735782891669,0.457218006190195,0.411335266056343,0.464341463633567
1245,0.375073858526426,0.434286803218456,0.382198222101712,0.417329095958452,0.357869586406768,0.457318543073966,0.411592098350593,0.46450897806297
1246,0.375268208853319,0.434521519343158,0.382446289627133,0.417525306407646,0.358002515789603,0.457405087215996,0.411851689254334,0.464689111124748
1247,0.375455960048966,0.434738118290447,0.382680052352144,0.417706429029452,0.358139288282126,0.457513318854219,0.412113973704376,0.46485680359346
1248,0.375629480702077,0.434954266839213,0.382914953292499,0.417902346132933,0.35827193386657,0.457644533443404,0.412371243664753,0.465054905571083
1249,0.375812439746188,0.435159884384649,0.383138210728515,0.418061086820911,0.358393825190752,0.457740645657104,0.412611292969069,0.465221519186501
1250,0.376006812502882,0.435342153258194,0.383342280447346,0.418186624370769,0.358514836020257,0.457817595448955,0.412847103612465,0.465352763180919
1251,0.376187544336524,0.435554718696285,0.383562448204984,0.418335042128359,0.358634651393469,0.457917884820068,0.413089016424912,0.465508435791992
1252,0.376353220227651,0.435803007020041,0.383803058347875,0.418467841892166,0.358741546861996,0.458005507651835,0.413308852118239,0.465671484837867
1253,0.37653945269878,0.436003037012552,0.384015065607736,0.418611627141817,0.35884929730643,0.458099644994832,0.413542971439585,0.465834880426561
1254,0.376721421113084,0.436156588100716,0.384210230278812,0.418768617203091,0.358952874660843,0.458218766537701,0.413802355035378,0.46600416464034
1255,0.376914273381784,0.436371445211105,0.384419328317979,0.418933007823152,0.359076912390342,0.458334046646149,0.414047592852898,0.466170088765746
1256,0.377141942807146,0.436611276521957,0.384635603727337,0.419110725222215,0.359215140112717,0.458448499282107,0.414294588471799,0.466353835474966
1257,0.377343290930101,0.436811094593498,0.384803053856579,0.419270420131538,0.359327761651736,0.458544802209256,0.414512729947771,0.466497745518725
1258,0.377515507637147,0.437028716156375,0.385017426621535,0.419408856913986,0.359466164958227,0.458647629632345,0.414753508340415,0.466634640818305
1259,0.377702784891221,0.437282769616159,0.385213632372762,0.419582428264143,0.359608777532215,0.458764754981792,0.414998933406412,0.466786233276441
1260,0.37787121334908,0.437489408353898,0.385396527512008,0.419764163869503,0.359736420369412,0.458870452809765,0.415230368646075,0.466940950529534
1261,0.378047729963174,0.437671069849838,0.385602135898602,0.419920290848155,0.359873677341549,0.458976564419763,0.415481370329581,0.467126431738618
1262,0.378230766931432,0.437864812515297,0.385774721303031,0.420103344432749,0.36000313890027,0.459087107886961,0.415738435379183,0.467312277718389
1263,0.378400160676982,0.438066345698454,0.385960975052558,0.420288604396555,0.360118879203027,0.459182710079525,0.415973036574916,0.467459597284233
1264,0.378587021698197,0.438291658154351,0.386174142212099,0.420462433995483,0.360250311681591,0.459298509632487,0.416221017372639,0.467626849386821
1265,0.378774231724549,0.438525677288023,0.386399249751341,0.420619716019228,0.360377497006652,0.459419034141762,0.416490206345345,0.467774956771008
1266,0.378967962336447,0.438731473102178,0.386618802739691,0.420779861065157,0.360512557770425,0.459531677329395,0.416727259181624,0.467953678932086
1267,0.379190233184567,0.438960525068125,0.386873926649751,0.420943312407548,0.360673349387059,0.459668641895514,0.416942254039686,0.468171436917879
1268,0.379381068387755,0.439167995344141,0.387091328578248,0.421100765360973,0.360803961464019,0.459770595743412,0.417175613070486,0.468349332220419
1269,0.379561906157942,0.439330718730584,0.387276905892298,0.421247042083762,0.360919744961339,0.459835289435967,0.417403353711373,0.468520963691868
1270,0.379726074595015,0.439509375943803,0.387475355202427,0.421388861874307,0.361029745731165,0.459925249805304,0.417626910555973,0.468679694282159
1271,0.379850967037696,0.439697432614935,0.387666011199772,0.421522844978743,0.36110729359185,0.460005161653186,0.417861660336561,0.468795854395771
1272,0.380013195065886,0.439894035187049,0.387875782042492,0.421676643051179,0.361227256086593,0.460102771352046,0.418088685617081,0.468956117137337
1273,0.380182193580347,0.440082421561346,0.388081877068786,0.421824267263548,0.36136213352411,0.460211345154631,0.418289896110872,0.469135469394601
1274,0.380361455031001,0.440268936178398,0.38830529333683,0.421980913210118,0.361497771093448,0.46032668798162,0.418514487824829,0.46930571079958
1275,0.380568403541701,0.440485318479988,0.388539837204669,0.422159274931994,0.361658922456861,0.460447168430745,0.418758894038379,0.469481028011067
1276,0.380762716436961,0.440672656013324,0.388794822000789,0.422335032331991,0.361812469528526,0.46059065126352,0.418994643186121,0.469674228625771
1277,0.380955541801884,0.440818377926367,0.389079877873549,0.422503216530205,0.361959617631663,0.460758471881356,0.419225718953465,0.469870269939012
1278,0.381141651309363,0.440996763201826,0.389354387558414,0.422688286576556,0.362114092424572,0.460920486486892,0.419472261586217,0.470075651776943
1279,0.381317370923663,0.441189063353233,0.389634019010021,0.422899579223827,0.362274534433702,0.461106336788921,0.41972875522242,0.470312815347854
1280,0.381508163412653,0.441378232710727,0.38992982108057,0.423097032666704,0.362436995882786,0.461269869957312,0.419982688206024,0.470541289002948
1281,0.381698104614517,0.441557228188588,0.390211958070524,0.423260874435299,0.362603666737272,0.461406477095154,0.420233517805628,0.470722804279365
1282,0.381895334286674,0.44173354218778,0.390476562890861,0.423440553106274,0.362773250988244,0.461552750464182,0.420490395986562,0.470907042388941
1283,0.382100001489308,0.441912438677224,0.390783901520929,0.423632344163763,0.362972661382059,0.461699922650468,0.420742150767694,0.471100141097189
1284,0.382296548108234,0.442080412924815,0.39110557904734,0.423802634900576,0.36318255117724,0.461847984031551,0.420974693772383,0.471309027077765
1285,0.382503519007561,0.442255048644792,0.391416838195459,0.424010507576659,0.363388253791447,0.462035244447561,0.421212432600769,0.47155844185695
1286,0.382685256139678,0.442446629853208,0.391740289147312,0.424225712102254,0.363590202699671,0.462233340498237,0.421451679053903,0.471796653426044
1287,0.382850199472286,0.442609002835865,0.392044531262579,0.424398262771474,0.363787733333349,0.462417264170582,0.421664314310959,0.472001441141213
1288,0.383003599824099,0.442740409419323,0.39233061700748,0.424545941485043,0.363970908928097,0.462622805523701,0.42184802486332,0.472178386543899
1289,0.383155344651802,0.442888302121377,0.392617614056901,0.424690807524684,0.364167098555664,0.462779848911872,0.422052735125278,0.472359749698746
1290,0.383277742440137,0.443047552120472,0.392914849844647,0.424804959553673,0.364385201328279,0.462909680375951,0.422252666696187,0.472526842226846
1291,0.383422650488699,0.44317594521608,0.393186866207777,0.424938320533812,0.364567870274411,0.463037130624577,0.422450237937588,0.472697161261479
1292,0.383578328864841,0.443279551282389,0.393442500028411,0.425077206221003,0.364731070199202,0.463133512293526,0.422662019294599,0.472867445668369
1293,0.383728470352086,0.443414072175156,0.393697028425444,0.425209390389957,0.364895323181181,0.46324371268176,0.422850794488257,0.473035564404915
1294,0.383883040456723,0.44354460566348,0.393929631784071,0.425347978314199,0.365042279407324,0.463359544267726,0.423020466124304,0.473195766659038
1295,0.384035260501757,0.443680270629158,0.394168004529169,0.42547528305784,0.365198207468971,0.463471075007004,0.423204614227098,0.473352943506382
1296,0.38419333934594,0.443839926469975,0.39441695523445,0.425577262486975,0.365362840393067,0.463564336663766,0.423382183315399,0.473512051524205
1297,0.384330593809156,0.443988601825797,0.394649726076399,0.425707860304967,0.365521715071395,0.463678880996185,0.423566329628881,0.473669209441971
1298,0.384446016148311,0.444104145072241,0.394881152551996,0.425855738961317,0.365671356690358,0.463801625649796,0.423750039648095,0.473803540947484
1299,0.384581429061047,0.444258069686165,0.395096354837302,0.42598016135097,0.365814521863599,0.463924494018866,0.423940290946374,0.473962379100283
1300,0.384725254151546,0.444456307009787,0.395299972927346,0.426109003513424,0.365963331691751,0.464084230054035,0.424142931592935,0.474153975922151
1301,0.384861101314604,0.444636785735848,0.395489281272084,0.426246710059909,0.366100377633685,0.464214104790939,0.424347800375751,0.47432528677082
1302,0.385015335571199,0.44483565029864,0.395673929443731,0.426375277204012,0.36621299833865,0.464347254475026,0.424575315941719,0.474507312679954
1303,0.385136223879607,0.445014915002854,0.395824532001231,0.426500933650724,0.366360362695941,0.464432134861024,0.424775269155694,0.474666384083649
1304,0.385269954519853,0.445176577713394,0.395966523813196,0.426648918136423,0.366502235212439,0.464502745252404,0.424966986770154,0.474832195200959
1305,0.385385713306185,0.44529880173645,0.396080198295845,0.426772709414428,0.366597223705657,0.464555714427302,0.425130593014906,0.474941079771577
1306,0.385493660313339,0.445430268893716,0.396179482573589,0.426874778641232,0.366698808156281,0.464597174319176,0.425269640257533,0.475035608796497
1307,0.385614292321759,0.445587443613835,0.396288603173368,0.426996869416796,0.366778505148693,0.46465457319935,0.425451782442768,0.475181586306313
1308,0.385723954155092,0.445741478134494,0.396381416244737,0.427101527285088,0.366828682089583,0.464723950539262,0.425622347232709,0.475294426145502
1309,0.385829822072024,0.445877352885132,0.3964625072002,0.42716670878798,0.366885686949888,0.464751580614768,0.425761597771172,0.475377542575523
1310,0.385931045401728,0.44600710331861,0.39651074849191,0.427248133102402,0.366909961264188,0.464750696820843,0.425917306443744,0.475488817459168
1311,0.386015243442473,0.446140325633742,0.396523153914387,0.427331924544598,0.366908084183314,0.464753570186797,0.426040316970185,0.475573461589398
1312,0.386100732974176,0.446272325139565,0.396537749269234,0.42742614077832,0.366916561183407,0.464755621851542,0.42616398830935,0.475648801733253
1313,0.386159643964718,0.446396895705922,0.396515973113063,0.427562040326955,0.366905305728776,0.464736388674936,0.426273959418401,0.475711226015356
1314,0.386243987290197,0.446545859709499,0.396527644236545,0.427642233668566,0.366900630321328,0.464732769969983,0.426408708929923,0.475781059189648
1315,0.386347764784474,0.446704245941928,0.396561629968795,0.427673130613639,0.366902079830618,0.46473570499488,0.426543879242879,0.475832735090437
1316,0.386443990041769,0.446854948391172,0.396571328710663,0.427763460652821,0.366909784992764,0.464750003532677,0.426682611326262,0.475900240770872
1317,0.386532856627328,0.447023651443919,0.396585286538539,0.427851062612881,0.366914459336504,0.464776775225793,0.426843574352386,0.475980998729595
1318,0.386630425311692,0.447169526678692,0.396572642744695,0.427937364764371,0.366919118242579,0.464775850730457,0.426977202592449,0.476046917086821
1319,0.386742028934008,0.447309654517619,0.396540254086162,0.42809227742584,0.366954915162619,0.464787300798499,0.427088943833097,0.476112802142877
1320,0.386828235422809,0.447438344921781,0.396495629004954,0.428181892071781,0.366941505517266,0.464777967052692,0.427216664489847,0.47617883784892
1321,0.38689779089744,0.447528688829882,0.396405037379976,0.428189113051223,0.366857835897618,0.464708917161948,0.42733007941563,0.476228494279197
1322,0.386992905371,0.447665860337567,0.396369617485377,0.428272756121563,0.366850037813398,0.464695933525442,0.427475288154944,0.476292735685061
1323,0.387091532355675,0.447829657379252,0.396347473326144,0.428379212697491,0.366875739619561,0.464723141265005,0.427653270190135,0.476361054677025
1324,0.38718536756528,0.447966056042396,0.396331475642512,0.428475587458355,0.366877590865032,0.46472548622734,0.427808842093038,0.476442403542018
1325,0.387299291325655,0.448124786214286,0.396376179909664,0.428625578731772,0.366929431085067,0.464734197834113,0.427985277449069,0.476553420021233
1326,0.387397275756921,0.448264896818198,0.396367201748751,0.428733071538605,0.366941496510236,0.464742741374075,0.428136150593375,0.47663764276207
1327,0.387479419269338,0.448383430151035,0.396324461405753,0.428816027850365,0.366912978989729,0.464751919750056,0.42826904134995,0.476739872292562
1328,0.387548517360311,0.448473397752024,0.396289427039214,0.428876274199816,0.366861380424999,0.46473910486588,0.428382539860407,0.476785107540564
1329,0.387627946627158,0.448586933673787,0.396235243527245,0.428935302723516,0.366839940760907,0.464705797335365,0.42848985443344,0.476800796255568
1330,0.387724800695025,0.448711577129354,0.396193007476167,0.429001770093461,0.36684853699622,0.464680051328718,0.428589946277658,0.476831497826862
1331,0.38780854158034,0.448810497729275,0.396192622017328,0.429090526632045,0.36687927287062,0.464675150871525,0.428687891601021,0.476874152268687
1332,0.387921931281988,0.448924470079446,0.396185048497584,0.429210229714355,0.366926125350271,0.464704713441824,0.428798525636809,0.476979436355133
1333,0.388050774989599,0.449037298785012,0.396197037129607,0.429328670419943,0.366993106312672,0.464754117177372,0.428916913538796,0.47710073714757
1334,0.388133145793849,0.449140872654848,0.396225295448843,0.429410788395994,0.367047751362256,0.464811542841646,0.429026649476446,0.477176402669099
1335,0.388230006331276,0.449255275814047,0.396209071049382,0.429486415994052,0.367082180138251,0.46485786402089,0.429155067789363,0.477253316621293
1336,0.388323472478241,0.449372336492868,0.396191832677386,0.429572473749437,0.367108916966144,0.464861645968444,0.429261207736373,0.477294105177223
1337,0.388380856597316,0.449464531877476,0.396172916049672,0.429656778469136,0.367091556309932,0.464860332938902,0.429330953842094,0.477308012171714
1338,0.388445892263274,0.449531701425066,0.396149334062243,0.429750093914521,0.367086349914496,0.464903802036067,0.429419908179791,0.477376138402211
1339,0.388514573793192,0.449618311752268,0.396168647985923,0.429855311380285,0.367128506628312,0.464973500428328,0.429526877719544,0.477470263988065
1340,0.388581194663902,0.449698502156619,0.396258690439055,0.430001912946971,0.367209865800497,0.465088769952396,0.429643623900376,0.477616039785469
1341,0.388639319993987,0.44977226889716,0.396270474893948,0.430064028708673,0.36725049411805,0.465146746024676,0.429736098697059,0.477701845298576
1342,0.388706348851598,0.449868010248981,0.396253722037178,0.430076914927236,0.36731047549991,0.46521630058058,0.429844733294873,0.477789397248092
1343,0.388756179947573,0.449935248962568,0.396265490358089,0.430138803984622,0.367374609148716,0.465262491745871,0.429943821578236,0.477879539974108
1344,0.388779718632095,0.449962309236692,0.396244599782025,0.43017534586749,0.367400664248026,0.465244457783428,0.430011767405196,0.477924940941538
1345,0.388820154278234,0.45001470958413,0.396259403185626,0.430209988420011,0.367454398509361,0.465277910050151,0.430080001609172,0.477996478326128
1346,0.388868434502267,0.450080104771945,0.396342892259168,0.430300907056918,0.367569387997733,0.465345052161571,0.430167121734813,0.478110353837379
1347,0.38890551040929,0.450127001208859,0.396362705837452,0.430341804577371,0.367626855078646,0.465397986677207,0.430237710704722,0.478204981595331
1348,0.388960329007594,0.450184252585783,0.396341741888045,0.430320809646386,0.367623681576792,0.465462379705569,0.430286950322501,0.478295145440648
1349,0.388978688783623,0.450212769083924,0.396343186381678,0.430320689439369,0.367680813569925,0.465503042400667,0.430332353501713,0.478363294620324
1350,0.388946775910951,0.450195637198343,0.396325137176447,0.430316405993865,0.367765574034809,0.465521201214007,0.430361888196556,0.478404898287313
1351,0.388953436571931,0.45021328233023,0.39631994091425,0.430325044578002,0.367824322651069,0.465554413292077,0.430407155135737,0.478468627944417
1352,0.388967062897753,0.45023501880994,0.396344130533285,0.430344223909393,0.367906349145224,0.465577932085672,0.430460235928084,0.478534180313399
1353,0.388976793359644,0.450256909923176,0.396353513625748,0.430353859803842,0.367980179837153,0.465619096289363,0.430498126018646,0.478593307049353
1354,0.389002560629514,0.450296991433766,0.396340032002641,0.430372004145324,0.368039471447248,0.465667073473121,0.430537941586979,0.478674505928814
1355,0.389028534820836,0.450345948961064,0.396352523662848,0.430386986215981,0.368064813635424,0.465747263267802,0.430588113869432,0.478736036472751
1356,0.389043241474584,0.450343937967007,0.396396270291714,0.430376104042909,0.368134871301008,0.465809719779824,0.430623974155207,0.478776603460728
1357,0.389042042079304,0.450328041221405,0.396408975165216,0.430328467927721,0.368194191213559,0.465829928086466,0.430634956091356,0.478815088498196
1358,0.389020536670713,0.45028865082551,0.396392512238573,0.430273731770035,0.368242079626783,0.465853390397607,0.430651057898813,0.478828984091965
1359,0.389013694222421,0.450246122548518,0.396393936390461,0.430237859017891,0.368324076238883,0.465895278490215,0.430688894985204,0.478882775929552
1360,0.389023956646232,0.450256086591212,0.396405574616854,0.430223737402996,0.368405679657747,0.465971095712397,0.430721832078985,0.478972808605933
1361,0.389027908574567,0.450282060730643,0.396425912467277,0.430233358021768,0.368504505608758,0.466048700810021,0.430740302550313,0.479035497836516
1362,0.389055308399924,0.450312407851721,0.39649773664771,0.430236723180736,0.368626249012589,0.466121280203011,0.430776475863982,0.479141224957327
1363,0.389085564231752,0.450340642065091,0.396567148361178,0.430224961640981,0.368742872280758,0.466195689280916,0.430816269838349,0.479254207843663
1364,0.389093821162938,0.450334289429959,0.396621586928876,0.430225846388912,0.368877811935528,0.466260449491866,0.430840148774033,0.479321917728823
1365,0.389090123218615,0.450304534068986,0.396677975480438,0.430214498504309,0.368998911749181,0.466335928007262,0.4308641403736,0.479384762915107
1366,0.389093420430668,0.450283528821836,0.396726886221438,0.430218576216763,0.369107830860119,0.466414501381209,0.430898056751149,0.479444891807307
1367,0.3891079295518,0.45025802254281,0.396778850954757,0.430260004515103,0.369201877438372,0.466503875748214,0.430939427897405,0.479482431106919
1368,0.389099768366155,0.450243086477206,0.396832138768979,0.430256039884147,0.369312955785143,0.466594964940532,0.430978033136883,0.479556226462933
1369,0.389090793987663,0.450250707694206,0.396873743637968,0.430238179360048,0.369426295834993,0.466706306643116,0.431043818542828,0.47967858747968
1370,0.389054439473557,0.450200692382868,0.396917313016018,0.430208446451314,0.369525939191642,0.466768152108282,0.431052763664347,0.479712608511562
1371,0.38899710104036,0.450144363752312,0.396984686868914,0.430168341113334,0.369648986378964,0.466823000257716,0.431041924545328,0.479727563073586
1372,0.388925550786496,0.450049112052899,0.397004083978958,0.430098778649939,0.369718379468074,0.466854775931853,0.431014593309045,0.479721009937289
1373,0.388827394034178,0.449901358709715,0.396990656838376,0.429996491125685,0.36974204663885,0.466836416334691,0.430933299781327,0.479642463724787
1374,0.388736103228769,0.449757087278099,0.396992920737541,0.429909799779859,0.369787171948428,0.466837938970639,0.430878477618575,0.479593938921227
1375,0.388667571425202,0.449616360389851,0.397014348851159,0.429835902319127,0.369843222611366,0.466874104592517,0.430876016716275,0.479592229016787
1376,0.388522602950055,0.449421945036236,0.396958515708359,0.429695940880014,0.369837730083131,0.466831075759813,0.430768878560412,0.47951328210953
1377,0.388355998763839,0.44920379767476,0.39688238202246,0.429545467758852,0.369814670885079,0.466746797394877,0.430614654222508,0.479412475923613
1378,0.388156377666965,0.448946201769282,0.396777995817086,0.42936489532785,0.369766202464671,0.466657624287302,0.430453588977096,0.479249179336057
1379,0.387899942736931,0.448660726567274,0.396615213068674,0.429126650539848,0.369670109609186,0.466542351105799,0.430241623194243,0.479018017144106
1380,0.387618497281748,0.448326068580239,0.396429373019678,0.428868892041598,0.369560134461025,0.46638651762332,0.429996862565313,0.478776867211023
1381,0.387325953488028,0.447942261878565,0.396244943164505,0.428615914382249,0.369450718544712,0.466225065466251,0.429760626552496,0.478510142523465
1382,0.386979705723345,0.447525614461288,0.396003868202717,0.428306351574831,0.369298421203386,0.466015714921264,0.429455987514607,0.478196102656724
1383,0.386585035173843,0.447065337930634,0.395726106904687,0.427940945778369,0.36911653593252,0.465764702738938,0.429097510552638,0.477856428525779
1384,0.386168694186111,0.4465818467205,0.395381923010659,0.427559766142404,0.368886770650934,0.465453999237406,0.428681759085105,0.477476960857447
1385,0.385673324069872,0.446044261831215,0.394976839019407,0.427133837938695,0.368617691093393,0.465114047100834,0.428208137321412,0.477025367323895
1386,0.385165808672915,0.445491704731805,0.394554342948166,0.426686752185865,0.368340040623653,0.464744199462652,0.42774907720708,0.476548864829226
1387,0.384636939840379,0.444890912811373,0.394102727314588,0.426257259506707,0.368034494468791,0.464331026615684,0.42725259482183,0.476049152952767
1388,0.384050571056248,0.444222951931802,0.393615713547484,0.425772038606814,0.367699055011685,0.463897957473763,0.426692927663526,0.475509537258777
1389,0.383473985768597,0.44354865705989,0.39312284086648,0.425248734431854,0.367376763132756,0.463466976058391,0.42613444034414,0.474941501263333
1390,0.382875322831289,0.442824671298785,0.392604369796862,0.424709280420262,0.367034939709212,0.462984440338565,0.42553295885919,0.474344447153609
1391,0.382224503568705,0.442050687341874,0.392030234796257,0.424110740832996,0.366640377025815,0.46245964816506,0.424891337799076,0.473738303279495
1392,0.381556055365576,0.441268067573331,0.391398484105946,0.423497626353509,0.366232435133477,0.461926762144149,0.424251494969379,0.473108750639545
1393,0.380873840658599,0.440438904681195,0.390738438796957,0.422885033953849,0.365793045546096,0.461368305968264,0.42358980254742,0.47245243743312
1394,0.380183649858714,0.439601629276636,0.390076399408809,0.422255147847891,0.365330059038677,0.460830493461413,0.422902657992239,0.471791598516481
1395,0.379492506842692,0.438775588725716,0.389407665925762,0.421605306256726,0.364877355150725,0.460306595490171,0.422181932162259,0.471110249679315
1396,0.378761204420656,0.437894699366003,0.388709311446011,0.420923418955718,0.364401655637952,0.459731586641622,0.421442519439975,0.47038296739499
1397,0.378011079648257,0.436978985415308,0.387977339305077,0.420249694617453,0.3639192171125,0.459142220350128,0.420724619931614,0.469648022334128
1398,0.37726788850749,0.436071573032508,0.387215643552656,0.419577683592329,0.363437877545219,0.45856035254998,0.419999324861748,0.468911595958322
1399,0.376500576210481,0.43515456680643,0.386418603502132,0.418884487322944,0.362915643536399,0.457942757584724,0.419239276954678,0.468160298347307
1400,0.375719735353174,0.434224509024542,0.385574879735111,0.418201907165471,0.36237345043773,0.457281590101175,0.418476545870153,0.46740370394912
1401,0.374916314213018,0.43326721524352,0.384704679726115,0.417454316189911,0.361800530301982,0.456647373216572,0.417674364407724,0.4666084986117
1402,0.374090674542702,0.432301165357935,0.383815780883403,0.416654347158613,0.361167062101051,0.456013368901264,0.416826574425608,0.46579287121455
1403,0.373259539590366,0.431324905799877,0.382880385003347,0.415871161559683,0.360575356202196,0.45536056585099,0.415974732771953,0.46495811783252
1404,0.372381666407455,0.430296553707015,0.381886521788025,0.415047442424105,0.359974273630185,0.454700357092948,0.415091999169077,0.464058119131243
1405,0.371564919623811,0.429316855479892,0.380898480807779,0.414248052188956,0.359394157099538,0.454058520001269,0.41423461742264,0.463217155021953
1406,0.370766382909614,0.42833456037734,0.379870369948213,0.413456899567538,0.358833029510424,0.453382563565273,0.413353069141043,0.46237266464775
1407,0.369978132624037,0.42740476326268,0.378867858798991,0.412677669062095,0.358276939173805,0.45276038068013,0.412508411268867,0.461574386487137
1408,0.369204569367643,0.426467952937537,0.377858696503265,0.411871584547672,0.35770485050689,0.452160614168671,0.411670563212739,0.460782997458264
1409,0.368471992085612,0.425641502489338,0.376864820697656,0.411138668014292,0.357194416211045,0.451608839405578,0.410889653099859,0.460074694814654
1410,0.367702449200444,0.424861328195826,0.375860057847854,0.410412265086704,0.35669773983118,0.451047681259199,0.410098705536774,0.459392775835617
1411,0.367068753638833,0.424185437493433,0.374917689175604,0.409781132417964,0.356266875030618,0.450610316351342,0.409427024219326,0.458809736185269
1412,0.366493715355167,0.423566546622466,0.373977396974514,0.409190268773561,0.355863001371202,0.450222242735244,0.408808648518297,0.458270938498291
1413,0.366028482884034,0.423085194454766,0.373107910062019,0.408705735535272,0.355538035387037,0.449944645093732,0.40829235016895,0.457867108169942
1414,0.365666184247963,0.422698741734965,0.372292971737599,0.408293711760881,0.355255341469537,0.449765033018211,0.407854977339193,0.457538221326761
1415,0.365382890194452,0.422434486680916,0.371538126798753,0.407990506605193,0.355073777291059,0.449684253395315,0.40752612064715,0.457355459541069
1416,0.365190432256049,0.422300089597183,0.370832270100227,0.407800521505858,0.354969378639402,0.449698598426562,0.407293687060903,0.457329178031125
1417,0.365067001003346,0.422264232753071,0.370183739126528,0.407659874056093,0.354956828644521,0.449787940503478,0.407156087070044,0.457353305540924
1418,0.365033022565406,0.422313607802436,0.369618205453687,0.407615503230391,0.355027678826682,0.450004794677389,0.40711011589591,0.457494342660388
1419,0.365079711138676,0.422461198401887,0.369069499877786,0.407653710266429,0.355134180308237,0.450301611660963,0.407128205067264,0.457719594431299
1420,0.365175301464789,0.422671595763821,0.368542330148253,0.40770749665451,0.355284929385832,0.450635296780412,0.407188918251269,0.457946680278816
1421,0.365296262084647,0.422919655798502,0.368063248151664,0.407820985019536,0.355451542967729,0.451025706491658,0.407277958852158,0.458254062581772
1422,0.365427417893795,0.423214365266241,0.367605974228897,0.407957740049071,0.355644230338899,0.451419325796135,0.407391247811995,0.4585984421408
1423,0.365576105146922,0.423526891997234,0.367166347738051,0.408102400817955,0.355878277728925,0.451809809423004,0.407534091096266,0.458933596788022
1424,0.365698239550307,0.423827035200222,0.366749686803344,0.408272628622192,0.356108972184305,0.452214905560507,0.407671502445177,0.459269377724647
1425,0.365820563421802,0.42415088993891,0.366352251611621,0.408430868622093,0.35634537917656,0.452609924157284,0.407819142801219,0.459603363373814
1426,0.365967960399681,0.424480279313324,0.365946361263593,0.408570321311424,0.356550438934284,0.452973877422117,0.407952183103581,0.459935718471638
1427,0.366106527828861,0.424785284176898,0.365540795063797,0.408688720604761,0.35673089776098,0.453305117070666,0.408057404029986,0.460228929752893
1428,0.366250781572014,0.425064219029336,0.365134064771708,0.408782814722214,0.356910946210203,0.453614995654706,0.408165309892477,0.460488163783699
1429,0.366400964628308,0.425323524198441,0.364742683006631,0.408871240925694,0.357076507465628,0.453931437903,0.408268725826272,0.460751629672902
1430,0.366515185393922,0.425572290487269,0.364384706423657,0.408994608835708,0.357229628600092,0.454236077931039,0.408383422544251,0.460993721110704
1431,0.366598900893018,0.425798762351731,0.364042437929846,0.409124997102126,0.357369683391616,0.454511124605392,0.408496294368764,0.461214811783533
1432,0.366698014036614,0.426035366536116,0.363727078676104,0.409235705558196,0.357511106989967,0.454784026750604,0.408608040756712,0.461452127380071
1433,0.366811710912003,0.426294628339639,0.363427422821527,0.40934460411498,0.357635871640466,0.455016812011093,0.408724876694914,0.461680128338257
1434,0.366920798102803,0.426544962376362,0.363136639140443,0.409450419912664,0.357774210186096,0.455271478189408,0.408838954950057,0.461903301389737
1435,0.367028634542965,0.426788229250801,0.362840917217958,0.409527812003389,0.357928862294808,0.455536900230221,0.408953059199942,0.462108060575956
1436,0.367158561836272,0.427032094118408,0.362599416001409,0.409632796254102,0.358072195478751,0.455792070974835,0.409072033405147,0.462321920126506
1437,0.367302006237764,0.427278886711238,0.362385872592447,0.409751753586371,0.358211118695547,0.456045938827446,0.409179538067529,0.462548117267959
1438,0.367425491129831,0.427523680711582,0.362190135315158,0.40987777369897,0.358347482978323,0.456292756252717,0.409310427488183,0.462759410410544
1439,0.367555589091401,0.427761218049676,0.362031119723529,0.410016184226663,0.358478700800459,0.456522098613653,0.409458223028903,0.462947780270443
1440,0.367699688555218,0.428015758695721,0.361888808549853,0.410146271004845,0.35861257116378,0.456762615059491,0.409603775432234,0.463167800747254
1441,0.367824993994452,0.428287155022809,0.361765153476374,0.410272484832019,0.358740437998979,0.457018197065739,0.409758844046684,0.463398689010781
1442,0.36798335112964,0.428547564514997,0.361658615357904,0.410428099989787,0.358884585016604,0.457260090392221,0.409928458014509,0.463629937050253
1443,0.36817715135112,0.428805752616818,0.361581471832218,0.410591149151892,0.359034994915631,0.457495438895331,0.410096712759388,0.463888350853833
1444,0.368357787331257,0.429061407196638,0.361507066232339,0.410754253828409,0.359192467990556,0.457728376271294,0.410276196005303,0.464125806846591
1445,0.368554561325755,0.429326834283812,0.361441460481288,0.410957098940968,0.359377865318482,0.457964770070448,0.410495515333489,0.464369208723314
1446,0.368717406049908,0.429563573935692,0.361388805439636,0.411117714614169,0.35952341831643,0.458170329943966,0.410678544611009,0.464567066457286
1447,0.368875436093646,0.429785812543549,0.361350686657265,0.411246811710788,0.359655279478734,0.458361405729855,0.410843247812614,0.464727298439747
1448,0.369028722290321,0.430010260623764,0.361318477563155,0.41139742491659,0.359785042107798,0.458553375126873,0.411012415003139,0.464906485605649
1449,0.369136637860589,0.430201043375535,0.361298431267244,0.41154462545304,0.359882306324618,0.458712779800395,0.411162065517361,0.465052374510149
1450,0.369284319497068,0.430417357872576,0.361278121638044,0.411690433981702,0.360002276493817,0.458891691466087,0.411324256321018,0.465223300531637
1451,0.369465406443946,0.430666109133388,0.361256490942372,0.411842327303657,0.360141257456607,0.459091175559955,0.411502077182995,0.465434119508411
1452,0.369615839512388,0.430891125387156,0.361258590841623,0.411993347002056,0.360268811907983,0.459273748536838,0.41167518483036,0.465617974403184
1453,0.369765915083196,0.431108041521336,0.361278964250714,0.412133867755615,0.360390801698344,0.459455905240238,0.411845156548559,0.465789644537128
1454,0.369920527460318,0.431326606905005,0.361294802710463,0.412288771691516,0.360516766951423,0.459626831963504,0.412012960689709,0.465961799200674
1455,0.370067611492465,0.431544117036856,0.361327547610948,0.412472712437645,0.360644801326503,0.459793218221154,0.412182845514136,0.466137258368178
1456,0.370198705994162,0.431738307311623,0.361356768346033,0.41261884027481,0.360770448528643,0.459941988645308,0.412349097374427,0.466288979244312
1457,0.370354394804142,0.431934239379528,0.361355468045608,0.41274424374903,0.360883130820636,0.460063248148938,0.412479575260573,0.466409178058983
1458,0.370505843904494,0.4321446413083,0.361360006908246,0.41287720778841,0.360992936473038,0.460193948158114,0.412639406875043,0.466539741107887
1459,0.370617091009509,0.43231401430518,0.361370906553572,0.41296783294805,0.36108759333601,0.460325555226906,0.412793406385405,0.466655930681735
1460,0.370735325095145,0.432476328576668,0.361371306613725,0.413081792218852,0.361160392817988,0.460457913121896,0.412928697443569,0.466762747635881
1461,0.370878899545956,0.432681236619917,0.36138587651387,0.413240818597215,0.361243262251937,0.460609293322848,0.413104648226779,0.466901443995135
1462,0.371030988270666,0.432889530812667,0.361429178898645,0.413380774218097,0.361348413338045,0.460763705035525,0.413277840574171,0.467041480054061
1463,0.371211468984567,0.433126494810487,0.361508788521018,0.413543546353213,0.361463710071635,0.460933277966454,0.413472541733692,0.467198396702689
1464,0.371409321469234,0.433387872885034,0.361609085071365,0.413717566155825,0.361584166331656,0.461106600783726,0.413684742453195,0.467377870714879
1465,0.37159741098262,0.433600400258983,0.361716039171645,0.413873229452381,0.361708325197023,0.461255477823982,0.413861019482099,0.467545064733704
1466,0.371771325471575,0.433803060096749,0.361808246605122,0.41402894184811,0.361830821315888,0.461404989167419,0.414051702668267,0.46770939907843
1467,0.3719432729493,0.434039935069716,0.361880154207891,0.414187757354533,0.361938267510081,0.461550661293323,0.414241513920383,0.467873798668486
1468,0.372126115779595,0.434274906707049,0.361965395554585,0.414352680702444,0.362053460514934,0.461679654117667,0.414410744003025,0.468022114961901
1469,0.372329058710474,0.434539015991038,0.362076525226946,0.414525327804559,0.362198167872579,0.461858013936139,0.414640861232316,0.468193832066514
1470,0.372552112724222,0.434843780900492,0.362220229278021,0.414722706856598,0.362343017321029,0.462078102224762,0.414915988785936,0.468403685525832
1471,0.372788103639543,0.435123711781682,0.362366622068857,0.414907728054467,0.362480831135858,0.462245405720183,0.415151196587926,0.468607372933072
1472,0.373039024836914,0.435401834986689,0.362506239783771,0.415091020966493,0.362628294666331,0.462425144771891,0.415395735217848,0.468834457910613
1473,0.373263756763041,0.435698744769056,0.362676813421876,0.415305342230595,0.36278628179653,0.462640402731235,0.415665046175199,0.469086525397403
1474,0.373486843038551,0.435993223771193,0.362834969907163,0.415530307267596,0.362942480317125,0.462819873268355,0.41590628254158,0.469318411501101
1475,0.373740918927419,0.436283496829182,0.362961862431935,0.415759429467925,0.363108970695301,0.463008924909212,0.416164036232979,0.469532545120641
1476,0.373970654136097,0.436565955854674,0.363119218201313,0.415987421368539,0.363288967334747,0.463218189580481,0.416441849415721,0.469749463066208
1477,0.374201726509612,0.436865092892588,0.363272788845387,0.41621274140213,0.363447021152902,0.463421397838662,0.416697754683507,0.469972582858701
1478,0.374439423169442,0.437171845310806,0.363408673646567,0.416420939754424,0.363576521954344,0.463598167762919,0.416926884884826,0.470192958352243
1479,0.374676148992037,0.437468263134084,0.36356384375211,0.416643988612468,0.363738556640778,0.463806279217962,0.417183597926569,0.470404033125122
1480,0.374892062607561,0.437773026751161,0.363741512752766,0.416876204198484,0.363908197237231,0.46405438968047,0.417441666593188,0.470613595804336
1481,0.375148253212512,0.438079786631788,0.363912025091738,0.417118378172701,0.364081280491408,0.464263558227551,0.417719257192371,0.470837481226803
1482,0.375442738189813,0.438380821428512,0.36408846118436,0.41738629635216,0.364281674868977,0.464464385653051,0.418041067513181,0.471060801595771
1483,0.375696585261224,0.438676112508363,0.36425964475319,0.417610106926239,0.36445624582057,0.464667625022415,0.418304495405719,0.471280201708461
1484,0.375950632207936,0.438975382107614,0.364431780593944,0.417814904001834,0.36461575234353,0.464859400117334,0.41854483809531,0.471519239852414
1485,0.376194741793033,0.439274747981685,0.364601456921991,0.41803582646794,0.364778027555215,0.465039592781847,0.418799290511818,0.471739295058704
1486,0.376403735235756,0.439554367411403,0.364762606654359,0.418222425599074,0.364930888755848,0.465206281988303,0.419017477776206,0.471923980250859
1487,0.37664285191328,0.439853219188991,0.364925320402301,0.418447274944683,0.365091517811642,0.465392616644347,0.419261448551286,0.472147019388611
1488,0.376899562097254,0.440185643394277,0.365093185419376,0.418730231056045,0.365254905177823,0.465578812126841,0.419545499322247,0.472398809659219
1489,0.377142777020463,0.440481100925202,0.365252045139076,0.418949574935956,0.365417926756922,0.465755734028737,0.419793640701321,0.472619548640106
1490,0.377381971220835,0.44075532584739,0.365388595535829,0.419136493176645,0.365587460170878,0.465948965588079,0.420016000686749,0.472841485604594
1491,0.377640807905867,0.441048135796588,0.365568675365172,0.41935007415845,0.365748516580408,0.466131488465764,0.420267078111252,0.473062428947699
1492,0.377912224890079,0.44132825529377,0.365768178723881,0.419535272113296,0.36590868365815,0.466281527853501,0.420511626627424,0.47325184718216
1493,0.378168428639908,0.441620009078655,0.365970823201185,0.419754265482184,0.366062313376178,0.46646705655494,0.420773774483851,0.473479027946513
1494,0.378425105911077,0.441931186482398,0.366191206173507,0.420013545087489,0.366194686877628,0.466674340871481,0.42106640781171,0.473736446460344
1495,0.378690464145753,0.442234827143772,0.366413986452499,0.420254903348514,0.36635266785344,0.466876525803873,0.421336748359467,0.473971431440614
1496,0.378945018291182,0.442537551684351,0.36664559283093,0.420503080980665,0.366528869028772,0.467099478377013,0.421608574970146,0.474212092440576
1497,0.37920843110956,0.442832648910286,0.366873746838059,0.420741877460548,0.366689789860873,0.467300999551009,0.421879373245521,0.47445106086844
1498,0.379509934671116,0.443129974047458,0.367123315336665,0.420981969786764,0.366870830849388,0.467504531070635,0.422142793346794,0.474685140657273
1499,0.379771006398422,0.443424276401548,0.367358626227486,0.421212901549017,0.367025674951311,0.467685711767871,0.422402762695687,0.474918870412704
1500,0.379989863583143,0.443699794188751,0.367564010756778,0.421411600863489,0.367129121209623,0.467830005197544,0.422645967666348,0.475146332782259
1501,0.380241325348722,0.443994047780074,0.367793393166689,0.421640113248034,0.3672746268663,0.467999437620476,0.422917555688952,0.475379878652957
1502,0.380491540449236,0.444295129746874,0.368031873880874,0.421883969407791,0.367438335147716,0.46816582926475,0.423213338373634,0.475617598230702
1503,0.380745276945125,0.444601648796183,0.368276176082001,0.422124205606211,0.36759886651274,0.468340275627836,0.423488781767443,0.475847750307344
1504,0.38102209032822,0.444929133118698,0.368537455649161,0.422389259102661,0.367779097890516,0.468525382320007,0.423763545215106,0.47607858534387
1505,0.381291804445848,0.445239030860242,0.368790659041947,0.42264053445657,0.36795980126209,0.468715181600375,0.424041521310364,0.476310319937729
1506,0.381567479999707,0.445554182947293,0.369049974258213,0.422878793851089,0.368148080186645,0.468927829529482,0.424320173875166,0.476542033721622
1507,0.381821956135939,0.4458522262095,0.369304418598663,0.423119264591158,0.368313195806204,0.469115231201708,0.424581571143304,0.476768116292927
1508,0.382066045733752,0.446122997686691,0.369551248569397,0.423360527224026,0.368465376709593,0.469294977852194,0.424833713511792,0.47699639261447
1509,0.382309712168152,0.446412755291892,0.369805236439783,0.423593624744566,0.368636073451631,0.46947330484199,0.425110472148793,0.477215987712041
1510,0.382536282052785,0.446707440248036,0.370063920085477,0.423836468593733,0.368784928387646,0.469651099994492,0.425366796944079,0.477423329920845
1511,0.382757622266754,0.446966549069164,0.370285985014019,0.424049758377092,0.368915189850303,0.469803389926722,0.425586234174183,0.47762260080837
1512,0.383006477266619,0.447240365968399,0.370526551723816,0.424253977199616,0.369077121490796,0.469960859225466,0.425828953247942,0.4778325018631
1513,0.383270408452466,0.447529409092323,0.370795812463502,0.42449198644395,0.369248431569594,0.470148981096028,0.42608877812465,0.478059855375198
1514,0.383538024717201,0.447834435511095,0.371064394369848,0.424738063945989,0.36941938714053,0.470331260892271,0.426350696441689,0.478318998634097
1515,0.383792547010044,0.448129452034011,0.371345561473017,0.424984257810871,0.369596728804327,0.470500200583862,0.426621137043199,0.478553508012259
1516,0.384030645463854,0.44840370549341,0.371615475370936,0.42521333282574,0.369761657642721,0.470696870433116,0.426894039802652,0.478758653211964
1517,0.3842701037677,0.448679071710359,0.371895257890437,0.425442776514614,0.369921186351897,0.470897054045517,0.427160291253863,0.479008413359247
1518,0.384506045049125,0.448934911369887,0.372185455172256,0.425668455731753,0.370059626644171,0.471067289660875,0.427410438562374,0.479246326079454
1519,0.384732712262387,0.449204695571508,0.372458104843918,0.425868345923738,0.370189915736307,0.471238447267094,0.427648908256523,0.479449687738912
1520,0.384965142972985,0.449495557954422,0.372746111279771,0.426112173965245,0.370351570701965,0.471416052833623,0.427904697355224,0.479675390520119
1521,0.385190113020139,0.44976253911178,0.373018925437699,0.426368207395947,0.370508885054726,0.47158172152279,0.428161157866086,0.479875640459886
1522,0.385410182797744,0.449993520744354,0.373256373662924,0.426578499599521,0.370650781581172,0.471742217656668,0.428395318070552,0.480050463651523
1523,0.385645937801757,0.450228615894833,0.373533356245966,0.426824780767956,0.370820699226007,0.471916461757844,0.428637929497114,0.480274569335825
1524,0.38587773789173,0.450489792329889,0.373840726833537,0.427095167416951,0.370993429428006,0.472099158153906,0.428893767563487,0.480523706113618
1525,0.386102054358602,0.450740244295685,0.374107886392029,0.427316607223169,0.371135157406737,0.472259441439489,0.429124413507188,0.480741891128357
1526,0.386321045045074,0.450982077887979,0.374372663517981,0.427543325356352,0.371292023819894,0.472422339745931,0.429324450046614,0.480933647085228
1527,0.386533022175677,0.451219931931967,0.374642120194838,0.427801587696592,0.371464021261293,0.472601279129686,0.429545829897652,0.481125187687782
1528,0.38674083418824,0.451443030594636,0.374858399573398,0.428037657516374,0.371617729876234,0.472756743968267,0.429757956682056,0.481304435098077
1529,0.386941218241278,0.451675083153421,0.375081556766623,0.428270335567244,0.371760463557103,0.472897604880742,0.429948304783565,0.481490083849162
1530,0.387145610401345,0.451923747994283,0.375361063795491,0.428532529889008,0.371910922991763,0.473057489560792,0.430197816376387,0.481733494551769
1531,0.387336968073244,0.45215167507425,0.375626106127408,0.428761619821834,0.372055984364387,0.473224874490365,0.430417190693961,0.481947732766896
1532,0.38751293220139,0.452343212514013,0.37587713001916,0.428962801257541,0.37219255102682,0.473370294546627,0.430579957428671,0.482098809847052
1533,0.387719317265814,0.452555406545627,0.376151584035699,0.429195091681247,0.372362479156772,0.473539437754342,0.430802626669824,0.482293023405194
1534,0.387931685704083,0.452791261732577,0.376396612437095,0.429416629585143,0.372531923418508,0.473721430655322,0.431022717933588,0.482494776594512
1535,0.388121573681986,0.452992214394031,0.376595479489691,0.429619372149568,0.372663163129129,0.473849460376109,0.431203036679434,0.482674645973873
1536,0.388323442255101,0.453195003464222,0.376789974632948,0.429829409597877,0.372798294576713,0.47398743043338,0.431415100550344,0.482887381457304
1537,0.388520019412086,0.453408066132084,0.37698673987192,0.430033955454863,0.372933829873603,0.474143437611682,0.431622734561668,0.483082898153012
1538,0.388698017642049,0.453612390162394,0.377187558250445,0.430232470294318,0.373060224315142,0.474293980718956,0.43181816791095,0.483254657150745
1539,0.388854009969068,0.453803061638419,0.377383120929484,0.43042578586581,0.373187331530169,0.47445098455494,0.431999035613377,0.483390371913863
1540,0.389017828759873,0.453995331691098,0.377576105387597,0.430614072525823,0.373306215125864,0.474587847802279,0.432190002454002,0.483542581042016
1541,0.389167634709994,0.454187476770829,0.377778324154413,0.430794120877724,0.373400666738012,0.474715730218529,0.432382001696164,0.483679271032919
1542,0.389338037075675,0.454381957441588,0.377970164791405,0.430972432447594,0.373523942548697,0.474843587163245,0.432557978704021,0.483844750243775
1543,0.389512861405789,0.454563154843354,0.378144808867248,0.431145594093506,0.373657159355637,0.474944388631053,0.432720548558357,0.484017630821657
1544,0.389691986267357,0.454761664161551,0.378340478194148,0.431329450166689,0.373790873068457,0.475085292445254,0.432910376859971,0.484198613919381
1545,0.389901204138879,0.454993234032169,0.378547346968451,0.431519458455295,0.373951032054029,0.475252926155655,0.433109214606361,0.484410205905757
1546,0.390068153498557,0.455179094203008,0.378739841269382,0.431694987914479,0.374077768420565,0.475402597439229,0.43328850275001,0.484594747495354
1547,0.39020589457362,0.45532802880019,0.378928921554243,0.431864010632467,0.374182183890575,0.475559430471435,0.43347406942929,0.484769892223893
1548,0.390364215682539,0.455517347911157,0.379122713609199,0.432031226367336,0.374293177483869,0.475712194850339,0.433654137386669,0.48494136059804
1549,0.390513217470471,0.455712055813669,0.379318970200901,0.432197474736719,0.374400662793747,0.475866962186782,0.433813329376334,0.485106006550788
1550,0.390668336322858,0.455899633128155,0.379509088190122,0.432354790482189,0.374503852256969,0.476005397728683,0.433988688033063,0.485272186496275
1551,0.390841144632566,0.456116383464779,0.379705710765122,0.432504380542301,0.374593560837864,0.476139255763396,0.434188168550651,0.485439106656965
1552,0.391003599113585,0.456308088612308,0.379884811524402,0.432667932008292,0.374715409830244,0.476267449510841,0.434360178041903,0.48559115975428
1553,0.391159643717955,0.45646821537587,0.38004204015732,0.432826457200579,0.374851668037138,0.476369833739025,0.434518070293459,0.485733184972734
1554,0.391305544123145,0.456638713089433,0.380214228302744,0.432978514869362,0.374961156693207,0.476487006822261,0.434665920260914,0.485868666705307
1555,0.391444287106131,0.456820799533284,0.380395354626985,0.433144817490354,0.375096891971599,0.476625175383998,0.434797871493636,0.48599521205
1556,0.39159166587388,0.456982839016459,0.380561865964909,0.433296340267452,0.375192252888826,0.476735136524609,0.434937432741837,0.486124034274272
1557,0.391736246647922,0.457131736099445,0.380737612789697,0.433435673924119,0.375228034083648,0.4768310534259,0.435077014562633,0.486258799648163
1558,0.391871497988226,0.457281302571973,0.380876866330357,0.433568953365961,0.375317094251582,0.476933425332323,0.435208145589083,0.486371262176094
1559,0.39200351390173,0.457403865731916,0.38097833241087,0.433686057642243,0.375416098998292,0.477020881420271,0.435322026516766,0.486443807615537
1560,0.392149285481051,0.457566081394058,0.381098691778492,0.4338255002971,0.375516963227218,0.477113776582437,0.435464048143435,0.486563900151739
1561,0.392297738184516,0.457765232020422,0.38120832248891,0.433957291182158,0.375654947897911,0.477211390076995,0.435611784169528,0.486692433221285
1562,0.392434920690109,0.457921239956266,0.381324332270967,0.434106937704957,0.37575088435874,0.477308321904933,0.435758579704995,0.486833230176954
1563,0.392578487116573,0.458069032458246,0.381453947392158,0.434305358178554,0.37581602352767,0.477405275772149,0.435931041408542,0.487024697624613
1564,0.392715391379575,0.458231552902702,0.381571501978604,0.434450674233322,0.375906040678861,0.477491742695096,0.436089375825105,0.48717967287735
1565,0.392820701547979,0.458360714582878,0.381668855423061,0.434567633073762,0.375981890085415,0.477577889865245,0.436236869694188,0.487316965894869
1566,0.392965933042657,0.458524937261645,0.381792388501917,0.434700266558448,0.376087299025819,0.47767124511797,0.436385839769137,0.487456391346072
1567,0.39315801187245,0.458741093082756,0.381941505152194,0.434807563966668,0.376231690961567,0.47775151752825,0.436542791256729,0.487584637712324
1568,0.393302774856187,0.458920246183184,0.382057098325811,0.434934668152084,0.376340261622145,0.477846388478507,0.43668255383997,0.487719489469607
1569,0.393438066172112,0.459091304772057,0.382162308451219,0.435091188139587,0.376447380024117,0.477956748381981,0.436799985975618,0.48785996281876
1570,0.39356827176616,0.459254290029732,0.382279199415407,0.435226199400356,0.376545218956577,0.478059662819937,0.436936733275636,0.487990514950875
1571,0.393652164580866,0.459390279828497,0.382369800518835,0.435342528308854,0.376618983761079,0.478149273211005,0.437070279206063,0.488107790770522
1572,0.393779786649427,0.459557232423878,0.382489806567345,0.435475509905965,0.376705048348067,0.478268009155113,0.437212098640409,0.488242894603867
1573,0.393941953295792,0.459720966339665,0.382643304384749,0.435606775808183,0.376780438544698,0.4784097767033,0.437364069037527,0.488378486932527
1574,0.394086955500151,0.45990654329551,0.382784409137977,0.435748933627147,0.376882152193795,0.478538468535499,0.437522257775841,0.488522655369174
1575,0.394226833146394,0.460124544656169,0.382915655756702,0.435900684722782,0.376995690090196,0.478670927923174,0.43769126814483,0.488681834462543
1576,0.394388595227227,0.460338112421935,0.383068648438803,0.436072405858864,0.377117021430918,0.478817470666551,0.437858868643551,0.48884478757127
1577,0.394556651819374,0.460569849053971,0.383231676650184,0.436265057076148,0.37727313784201,0.478971727308789,0.438035832532737,0.489011135490378
1578,0.394728245323344,0.46078359108514,0.383405131809543,0.436435933301224,0.377408606583774,0.479116502697248,0.438208612106915,0.48918123357463
1579,0.394926594253495,0.460994019177383,0.383598259023493,0.436615043224556,0.377533682394561,0.479277303713557,0.438371726772931,0.489369238248258
1580,0.395108896424737,0.461197583744527,0.383790542032296,0.436789175881752,0.377662359263629,0.479424618972372,0.438543001686836,0.489541269813296
1581,0.395283126838266,0.461389904106166,0.383987230220878,0.436951761984643,0.377786734497701,0.479553858807106,0.438721707395439,0.489713933330861
1582,0.395448531975295,0.461580701884577,0.384188000478543,0.43711562321145,0.377909963238543,0.479679356679592,0.438897426569036,0.489867405262305
1583,0.395601154644193,0.461770134577529,0.384401200210263,0.437278092543705,0.378036187112818,0.47979125990142,0.439077584363243,0.489995561352194
1584,0.395771822897726,0.46195373786318,0.384601579691678,0.437445134855591,0.378156842901132,0.479925232328173,0.43925002715803,0.490144422456088
1585,0.395944443453413,0.46211690607002,0.384787521085515,0.437592408139592,0.378269635463788,0.480063714083935,0.43940805046027,0.49028681537002
1586,0.396114846902563,0.462303669269342,0.384999980090241,0.437768338850433,0.37839321469443,0.48020034765942,0.439591648157205,0.490434833953317
1587,0.396291037453279,0.462499544089189,0.385219432432579,0.437974507366346,0.378517363999369,0.480361930227078,0.439776468813503,0.490596357231545
1588,0.396475518898789,0.462701422433552,0.385441044451287,0.438171024741653,0.378642448654962,0.480503895179468,0.439975965366988,0.490761624444505
1589,0.396650268569044,0.462915339014507,0.385685347935267,0.438373037399451,0.378779646263743,0.480618914719056,0.440212013027767,0.490928215229419
1590,0.396845911723608,0.463133884615339,0.385925172530106,0.438576139982699,0.378907752461308,0.480754986086387,0.440420629165585,0.4910991531027
1591,0.397066165331421,0.463366975007767,0.38614708099294,0.438786019844219,0.379019490358938,0.480892794362038,0.440618599682402,0.491271001123072
1592,0.397285865642756,0.463580464472859,0.386394353570464,0.438987377672217,0.379157522725953,0.481038269177151,0.440828616802774,0.491454544655637
1593,0.397526338766722,0.463798846092227,0.386659139153688,0.439182458490604,0.379302537320439,0.481203456528471,0.441039395765551,0.491656971595933
1594,0.397738311040998,0.464003813662132,0.386927726977539,0.439386869648722,0.379451501795313,0.48135741812955,0.441238819734185,0.491841786587011
1595,0.397941238114928,0.46417617181621,0.38721852748396,0.439579039124296,0.37962698410589,0.481518717023907,0.441433902564353,0.492033199789265
1596,0.398145541276773,0.464375092224162,0.387500557524242,0.439792065456281,0.379784973729002,0.481667994872803,0.441638778177768,0.492214166006411
1597,0.398334978399532,0.464583307799182,0.387783613664133,0.440033802432849,0.379934269996444,0.48178988980337,0.441834424296091,0.492366338442428
1598,0.398522736737736,0.464793540617474,0.388066510153436,0.440260234692938,0.380090043777619,0.481939397210787,0.442043177642316,0.492536589952856
1599,0.398705502989206,0.465019986832617,0.388342030725775,0.440493537229443,0.380237449390932,0.4821006983959,0.442276132252357,0.492716987199241
1600,0.398897066970543,0.465234670520336,0.388622282270141,0.440711855017523,0.380394697344135,0.482255286164096,0.442493233398457,0.492894815913417
1601,0.399087936009097,0.465443304303898,0.388910591761744,0.440919633618167,0.380576574026783,0.482428688920917,0.442700381308056,0.49308027142843
1602,0.399271876981353,0.465649511944269,0.389194293269011,0.441120803129744,0.380726650083458,0.482588280828265,0.442911314662951,0.49326046702933
1603,0.399456973776645,0.465846116840091,0.38947953178517,0.44130761451102,0.380853651182752,0.482721936918683,0.443120315143878,0.493426222329422
1604,0.399659140296288,0.466058971459112,0.389759088139905,0.441508546723861,0.381004130753552,0.482885003774077,0.443338865806364,0.493615687779902
1605,0.399853507689388,0.466278942594486,0.390027508369003,0.441688323904313,0.381147243507766,0.483059557216468,0.443562618198159,0.493822603723114
1606,0.40005902992864,0.466497348340336,0.390309578891272,0.441901674172854,0.381291738936755,0.483235703164798,0.443784422362891,0.494014109582469
1607,0.400309829719234,0.466728597181524,0.39060518156674,0.442164535552325,0.381462927744079,0.483437475724536,0.444014571111712,0.494217724876806
1608,0.400518849700319,0.466953867181898,0.390884372344451,0.442387441280629,0.381615857427042,0.48362081307792,0.444234826091816,0.494409665801017
1609,0.400687942568713,0.467167324007304,0.391165086105773,0.442602391808759,0.381738511487792,0.48378832424616,0.444443422586402,0.494568288212383
1610,0.400887776662316,0.467390874607201,0.391434707858307,0.44282593724249,0.381884178696666,0.483970416097964,0.444660334452418,0.494758713326121
1611,0.401085567504885,0.467630891966124,0.391677585475669,0.443034064370266,0.382060003389586,0.484163569048987,0.444879694797985,0.494963770708759
1612,0.401287177302729,0.467850110777218,0.391938498918104,0.443240538036497,0.382199807326759,0.48433783597104,0.445100310254011,0.495174428203785
1613,0.401525050969939,0.468054548195309,0.392210552570925,0.44346449951655,0.382308913135421,0.484513031148689,0.445343530829549,0.495420530021777
1614,0.401732117640495,0.46827149325765,0.392474939403439,0.443670655131556,0.38245221581578,0.484680184550787,0.44554908222935,0.495631739210463
1615,0.401911430735472,0.468480636771947,0.392739819495201,0.443833238914716,0.382579538991057,0.484823552902261,0.445717257147516,0.495823629237665
1616,0.40210262028317,0.468695739321205,0.393007278587735,0.44403645866852,0.382734607183187,0.484975230897005,0.445914130496915,0.496023667315367
1617,0.402276780888041,0.468935614270171,0.393271748491483,0.444273811659327,0.382948582251024,0.485128577529266,0.4461034711526,0.49621000050389
1618,0.402475505841137,0.469154920183899,0.393537388842589,0.444490412149237,0.383128922627618,0.485286453351413,0.446301230423907,0.496400550287096
1619,0.402705166666977,0.469369548172553,0.393804200875177,0.444732513995567,0.383301799764058,0.485455715536142,0.446540097996693,0.496595526846886
1620,0.402907947918696,0.469567042385329,0.394074973137157,0.444940874784389,0.383471247528509,0.485608001081947,0.446739801254882,0.496793196704767
1621,0.403108297007401,0.469737061272709,0.394361250428881,0.445097860348569,0.383640398333255,0.485759013315982,0.446911192864503,0.496994556429488
1622,0.403304518790236,0.469921359016387,0.394618436698708,0.445281463346424,0.38378755810572,0.485898081631361,0.44708395149459,0.497185362086383
1623,0.403481641564008,0.47008936980734,0.394868028744334,0.445467925670717,0.383907927466624,0.486002432862631,0.447222708748689,0.497378125102645
1624,0.403669354096562,0.470279601555322,0.395110651061202,0.445654429220559,0.384044569896352,0.486138152840189,0.447401372494461,0.497568135901807
1625,0.403873265089525,0.470502306212175,0.395318480631251,0.445858525539418,0.384181343786835,0.486298466988216,0.447607940963214,0.497742870238596
1626,0.404059268957437,0.470702041126686,0.39554454435554,0.446052078726597,0.384302901702426,0.486434521973468,0.447799644290151,0.497923018118629
1627,0.404236481140713,0.470913647025377,0.395792627676119,0.44624211340593,0.384428408910132,0.486567943350932,0.448020584423889,0.498115476589059
1628,0.404402869167827,0.47109595185354,0.396011771306913,0.446413974509815,0.384549601640273,0.486707773353929,0.448206284192787,0.498293043120699
1629,0.404555442740101,0.471226236460703,0.396223966506908,0.446586788148242,0.384636268733774,0.486841377338655,0.448365826116742,0.498458182559501
1630,0.404709365000816,0.471400050653243,0.396423662460636,0.446733083844827,0.384753141938589,0.486964675276168,0.44851992973323,0.498626424893986
1631,0.404853721686408,0.471588885805431,0.396586435051288,0.446847212636227,0.384906865805248,0.487078765248601,0.448643967286067,0.498794822368101
1632,0.405002729454755,0.471767975696619,0.396775699915401,0.446970250931117,0.385029038925156,0.487217263205407,0.448791913047619,0.498954366751318
1633,0.405139450903952,0.47196889664667,0.396972165823519,0.447057390773936,0.385132057756186,0.487355416313971,0.448935193296521,0.499104809305174
1634,0.405299724288901,0.47216270981137,0.397168577026037,0.447187900197854,0.385257544399543,0.487495034581032,0.449090732990422,0.499262447197271
1635,0.405487871736562,0.472332248665788,0.397361215730815,0.447341407320636,0.385369257172964,0.487664737085188,0.449255547222507,0.499397253438887
1636,0.405650235383637,0.472520790311978,0.397583816896965,0.447501053645609,0.385506058298799,0.487820665256392,0.449443338882452,0.499569560031223
1637,0.405825121905459,0.472751769270271,0.397850092838569,0.447721743180886,0.38571131706398,0.487968395475767,0.449680053033993,0.499793887878731
1638,0.405977347340552,0.472928636913576,0.398061545698935,0.4478744815759,0.385843532731112,0.488100510598366,0.449858983118398,0.499972984288594
1639,0.406085418574019,0.473070313539552,0.398274845337047,0.447978478883408,0.385919772249082,0.488229202916663,0.450021147143751,0.50015031749602
1640,0.406219111199148,0.473226783656389,0.398467306070653,0.448109178119009,0.38603643213676,0.488353473709761,0.450187936398513,0.500316630971069
1641,0.406356372114947,0.473344146591364,0.39858649528331,0.448216803701598,0.386128717831072,0.488439855386508,0.450312576217793,0.500435263233651
1642,0.406500283798063,0.473499060497241,0.39875294641798,0.448332116497092,0.386242212452355,0.488559595386025,0.450449992167007,0.500582755151423
1643,0.406654462389824,0.473699417878419,0.39896172078321,0.448475510534157,0.386419498254227,0.488712532036293,0.450606732050164,0.500749963747621
1644,0.406812616496341,0.473872088268274,0.399134699178353,0.448605800001436,0.386548019506095,0.488842677813042,0.450764629026053,0.50091463140485
1645,0.406998512796998,0.474063347605976,0.399313662019554,0.448728708445067,0.386657192259723,0.488993573480627,0.450936981195439,0.501113348865982
1646,0.40714237016109,0.474211444914523,0.399463935393795,0.448834934035756,0.386748091489422,0.489105902993891,0.451065520204107,0.501253854583803
1647,0.407261028059655,0.474302721676474,0.399562729075977,0.448923412835539,0.386791659517968,0.489168565425924,0.451170338433341,0.501347645297578
1648,0.407389696670122,0.474434611711346,0.399693518788613,0.449029256822559,0.386873442876571,0.489257430971522,0.451287253277715,0.501466804253441
1649,0.407491229974524,0.474571580027938,0.39982650540669,0.449124857678244,0.386950192003087,0.489338535291952,0.451369980696945,0.501554111200276
1650,0.407606090992867,0.474693632023932,0.399959719122508,0.449226201718004,0.387043259740029,0.48942296360096,0.451467353665266,0.501664278706359
1651,0.407737051819566,0.474830330247282,0.400116731467217,0.44935694801602,0.387187976829888,0.489519839908804,0.451594988820542,0.501801882129182
1652,0.407868774759829,0.47496573360677,0.400252994294255,0.449466422111923,0.387293100484691,0.489622393202463,0.451709415951058,0.501949441889739
1653,0.408012930871767,0.475087299620597,0.40039208024101,0.449565733276341,0.387383991469265,0.489718986680206,0.451808276779538,0.502116499376016
1654,0.408126602615578,0.475196918034971,0.400493050810584,0.449647612702523,0.387465996394442,0.489823437011087,0.451905647335328,0.502249579492688
1655,0.408243873146103,0.475326695687463,0.400574862558956,0.44972068718362,0.387510483161337,0.489954180941733,0.452030861682444,0.502385957925623
1656,0.408333783641729,0.4754231130437,0.400635691502252,0.449785348973554,0.38759039667011,0.490060165047753,0.452105951197987,0.502513718886868
1657,0.408365094246303,0.475465334548323,0.4006503864682,0.449808619469432,0.387687540777888,0.490154024635008,0.452138444490496,0.502609671927402
1658,0.40843793588676,0.475538816892903,0.400677713506354,0.449873336188099,0.387773998085807,0.490246332181578,0.452180727438525,0.502709063401535
1659,0.40852993920473,0.475621836228472,0.400726365251857,0.449970354903656,0.387893470224988,0.490336928806448,0.452197949906602,0.502818011937562
1660,0.408601358364302,0.475694597162596,0.400711433510065,0.450033467328547,0.387965710645814,0.49040769845095,0.452220588824478,0.502916817133268
1661,0.408695869828557,0.475781070338472,0.400662637518357,0.450110367929816,0.387988805434271,0.490463026134755,0.452257988344281,0.503000645979751
1662,0.408749767003613,0.475846758142696,0.400603820394233,0.450160912153155,0.388045981505922,0.490523100576408,0.45227242874179,0.503080425252212
1663,0.408752991523837,0.47588334997254,0.400485527494999,0.450165824569027,0.388093529935372,0.490549233847496,0.452261638227474,0.503149205909113
1664,0.408787060402093,0.475941018505964,0.400392567608305,0.45019370104598,0.38815477407394,0.490621021900533,0.452265072908187,0.503236846794411
1665,0.408827265174379,0.476028484800324,0.400320443479457,0.450233354809717,0.388250077476403,0.490739454457322,0.45227393988585,0.503339917996672
1666,0.408848561889755,0.476054353119963,0.400213512416089,0.450252783010423,0.388317585342658,0.490813422459631,0.45226240266881,0.503408436124768
1667,0.408885220073386,0.476058354085865,0.400098174478759,0.450270773302128,0.388380195626803,0.49089428794602,0.452257136858641,0.503481006330826
1668,0.408886920290317,0.476054504654209,0.399953388151558,0.450272370422902,0.388425946814484,0.490954871717354,0.452224364489022,0.503536155509141
1669,0.408842796158828,0.47600011277085,0.399778243305663,0.450254907433843,0.388449662383707,0.49096534635742,0.452146622570753,0.503551167163768
1670,0.408822617729186,0.475960222813099,0.39959558239496,0.4502353159459,0.388482354199349,0.491012833888126,0.45210090025842,0.503573913694362
1671,0.40880650768615,0.475934921834321,0.399382326042542,0.450208950629202,0.388503792890934,0.491089762935152,0.452065393609779,0.503610736663975
1672,0.408774940728871,0.475890020561982,0.399183035083199,0.450172254193439,0.388531701557154,0.491132073058848,0.452013446136032,0.503618667909557
1673,0.40874417264624,0.475821413880455,0.398981423459165,0.450112745232196,0.388556118048081,0.491155424751867,0.451977062068811,0.503589573783091
1674,0.408702039956989,0.475758674403765,0.398773495885666,0.450077405257896,0.388603137567906,0.491200254006549,0.45191017234134,0.503585670424321
1675,0.4086397337912,0.475700943956772,0.398570313736525,0.450053530741688,0.388673151168178,0.491241552469696,0.451795949158296,0.503582270227719
1676,0.40858322430301,0.475627156762449,0.39835236701777,0.450012800369293,0.388714711849588,0.49127737317964,0.45172627891114,0.503579294262412
1677,0.408525216788755,0.475537903216096,0.398118604771108,0.449983344033134,0.388757286855992,0.491328729941432,0.451664628286415,0.503601276821586
1678,0.408467734385584,0.475455485591733,0.397889042762531,0.449933826564029,0.388801566315158,0.491372015642523,0.451608546744079,0.503582488964851
1679,0.40840099872544,0.475367388910213,0.397653875105628,0.449858520716256,0.388820014076171,0.491393719112742,0.451580957776097,0.503536506569786
1680,0.408348714997684,0.475279411034694,0.397418912440837,0.449789249158831,0.388859320392011,0.491428726987887,0.451535178006984,0.503498907620846
1681,0.408319267709901,0.475196287216569,0.397205764891294,0.449720739533828,0.38892812845269,0.491481445537874,0.451480323737638,0.503446288505466
1682,0.408254246631387,0.475105594107525,0.396934302762322,0.449644688684706,0.388971752262506,0.491520689217339,0.451428207514809,0.503392817930113
1683,0.408181228934789,0.475000136005721,0.396625649216766,0.449570612137784,0.389013784408536,0.491561317301795,0.451380454597178,0.503346081683917
1684,0.408099668673642,0.474914301643385,0.396332693456972,0.449467625124412,0.389029277884222,0.491576048557507,0.451321566437502,0.503284943356889
1685,0.407985538028014,0.474845657956898,0.395996222924067,0.44935236388705,0.389016019644104,0.491578491552429,0.451263827976228,0.50321319659058
1686,0.407894281472893,0.474751131406195,0.395703671416821,0.449222320970132,0.389028298173293,0.49157577407697,0.451183981142413,0.503128142393224
1687,0.40780439019011,0.474643153137493,0.3954425527528,0.449046855647222,0.389019400973509,0.491524487882394,0.451073974337532,0.503016564353543
1688,0.407733699421421,0.47456180032792,0.395175636313383,0.448919872815196,0.389049879604507,0.49154659425258,0.451000182539016,0.50294624497496
1689,0.407674830574997,0.474467859441724,0.394908927109442,0.448815970890343,0.389117432720784,0.49160518306671,0.450920820412355,0.502878947568028
1690,0.407616505704547,0.47440237103708,0.394660773745432,0.448686758741511,0.389172187837191,0.491653648763375,0.450865894916331,0.502820753218946
1691,0.407592653355944,0.474390808495025,0.394426666895195,0.448574773470129,0.389244282660772,0.491756582657565,0.45085711315361,0.502811679197635
1692,0.407512333404881,0.474321144526643,0.394198718350603,0.448433503183364,0.38929061903163,0.491787199737135,0.450803853430299,0.502744236830541
1693,0.407386845762666,0.474228900208573,0.393972246290197,0.44825231403207,0.389323351101891,0.491767568325066,0.450724384726624,0.50264321706678
1694,0.407318975246487,0.474145197710088,0.393783715467505,0.448103522033538,0.389369111138139,0.491786465504753,0.450685785532303,0.502557473453336
1695,0.407251387307581,0.474043238865354,0.393625346819476,0.447967847566824,0.389407799556802,0.491790880881313,0.450652353776151,0.502449651536533
1696,0.407183084864854,0.473945761143883,0.393448077719853,0.447812777531695,0.389449991585242,0.491812001789305,0.450616029708816,0.502370621423548
1697,0.407157066222185,0.473849554687121,0.393290927210638,0.44765724244912,0.389506691270808,0.491861227351768,0.45061596619958,0.502310538260466
1698,0.407096233893976,0.473766405347624,0.393126642847553,0.447498087391165,0.389546522012863,0.491891687113089,0.450571178390586,0.50223828291119
1699,0.406998178367037,0.47368305220438,0.392941049251749,0.447318699276638,0.389570492773678,0.49191730130129,0.450491487265826,0.502169849593038
1700,0.406928019940346,0.473597897098431,0.392783415018945,0.447168067765629,0.389607389826421,0.491929252993068,0.45043158348128,0.502102539234559
1701,0.406876392778299,0.473528915909619,0.392650502364024,0.447029016741057,0.389650392482335,0.491936941485246,0.450360835028015,0.50202986647032
1702,0.406806048560959,0.473446504383139,0.392508074103827,0.446896808146195,0.389680302100037,0.491942425553645,0.450320683386442,0.501968348242872
1703,0.406722076132799,0.473345611092867,0.392372498898914,0.446775778878808,0.389712867871826,0.491922853731716,0.450300156760066,0.501918368210558
1704,0.406660598186939,0.473260449903991,0.392215434003614,0.44666010805474,0.389726122978587,0.491939548079759,0.450257579624434,0.501857710728831
1705,0.406606220103567,0.473186009984088,0.392050913556661,0.446555963183642,0.389715714530602,0.491977067538655,0.450232282826666,0.501799329630108
1706,0.406551304245969,0.473110318708917,0.391894252590413,0.446447829027678,0.389741103755534,0.492005298213358,0.450169997509594,0.501730151418712
1707,0.406506150798688,0.473034183286265,0.391724943197441,0.446335083075264,0.389773319064607,0.492049899714608,0.450070550268704,0.50164042441615
1708,0.40647536323827,0.472982787428074,0.391583313840856,0.446260524889031,0.389821366247996,0.49207808425123,0.450013403560026,0.501616764559821
1709,0.406412457276207,0.472892747053388,0.391423265275447,0.446183675280377,0.389838064227315,0.492061282148227,0.449952300981767,0.501573399737568
1710,0.406345037684427,0.472821219683453,0.391261641620626,0.446106116392052,0.389833168880463,0.492051864968374,0.449904983253391,0.501539867276574
1711,0.406295819131592,0.472752403182683,0.39110660583537,0.446082664432357,0.389837504919167,0.492070003607709,0.449837293121707,0.501543100347374
1712,0.406198428038412,0.472637560530142,0.390922537149915,0.446029962966548,0.389815054235185,0.492083135932519,0.449730175148837,0.501497954247213
1713,0.406115411975134,0.472548055643282,0.390739254754718,0.445971298714666,0.38983637115936,0.492107190332913,0.449635394660772,0.501468869787137
1714,0.406063983832791,0.472453916562016,0.390537098949193,0.445952512079615,0.389868704064537,0.492119720734382,0.449521674292467,0.50145728107925
1715,0.40599472342417,0.472380703303657,0.390326786464252,0.445925601368495,0.389857652383162,0.492094536117131,0.449422952636087,0.501433111324062
1716,0.405961134754495,0.472427456302943,0.390197207142973,0.445953453229442,0.389918273923428,0.492159957665623,0.449353244718782,0.501473224848262
1717,0.405903506935542,0.472372705019731,0.390010879518736,0.4459438638232,0.389922456862729,0.492165879666799,0.449255071424214,0.501468773826385
1718,0.405802707287888,0.472244492891527,0.389784556722819,0.445892611460298,0.389864927274711,0.492151516391732,0.44914244104959,0.501438017264743
1719,0.405741675888447,0.472160618883348,0.3895911228211,0.445884434446293,0.389852185230197,0.492148331870031,0.449035402593754,0.501430969263988
1720,0.405702826343797,0.472011771234128,0.389360534262661,0.445869544671044,0.389818958936265,0.492083374923141,0.448884212751934,0.501391374397745
1721,0.405652336108614,0.471918329141719,0.389166282115954,0.445875869060185,0.389808406587219,0.492055829073462,0.448788700670745,0.50138151588707
1722,0.405611909185277,0.471899602257168,0.389037012055627,0.445948335306326,0.389841398984205,0.492073225572219,0.448736652913404,0.501418783692675
1723,0.405583383730261,0.471874032966805,0.388889077424909,0.445987001575438,0.389882200301162,0.492085062521261,0.44868300638383,0.501447186357316
1724,0.40554403905102,0.471863538834774,0.38871852367052,0.445995994214082,0.389944325075206,0.492113836301898,0.448646127237763,0.501484176936414
1725,0.405518274779363,0.471852467199281,0.388583390944497,0.44603100701779,0.389981449884104,0.492122897992928,0.448632840750689,0.501510708176226
1726,0.405508682916623,0.471852261517726,0.388439443231492,0.446059587471937,0.390017030249701,0.492118625991067,0.448650016805635,0.501533085449184
1727,0.405520722848657,0.47186014484893,0.388363095723057,0.446116030286884,0.390065374680891,0.492131369848377,0.448647646854807,0.501561914787089
1728,0.405532216903345,0.471846182271913,0.388328818501417,0.446197860647473,0.390084011854435,0.49211979957919,0.448637885422033,0.501566138970975
1729,0.405573645476836,0.471873399396617,0.38833619275535,0.446289985650574,0.39013453892153,0.492141541424272,0.448668326996728,0.501608360398348
1730,0.405662527664536,0.471939156205893,0.388421291603238,0.446402360920674,0.390222596425291,0.492213468917317,0.448699639523208,0.50167175473243
1731,0.405738588760769,0.472006619964487,0.388491730448616,0.446517016742292,0.390305625863096,0.492258745375276,0.448745814526314,0.501752824331544
1732,0.405820346052868,0.472106349826119,0.388582610719053,0.446643718739078,0.390405884000269,0.492307922804686,0.448842402617237,0.501860730018437
1733,0.405915226706831,0.472191090925022,0.38869666314809,0.446778938354896,0.390491763854416,0.492351381494066,0.448932400602509,0.501982245263416
1734,0.406020599086434,0.47227116363984,0.388812113273349,0.446921487857557,0.390564002688756,0.492366496019139,0.449023409631185,0.502137288595948
1735,0.406123889793492,0.472358171816942,0.388965982101555,0.447075986987647,0.390659264704843,0.492411536428358,0.449104743395719,0.50226944649613
1736,0.40623681937959,0.472440098985542,0.389160239872625,0.447246000408095,0.39074904418855,0.492468221185657,0.449179380218791,0.502394632370326
1737,0.406350090765996,0.472540807788556,0.389358742413677,0.447416393005237,0.390860704955396,0.492541057306342,0.449287775936575,0.502540684895085
1738,0.406464854673003,0.472656884188879,0.389605484485326,0.447608797527781,0.391023926131705,0.492648719988869,0.449400173173548,0.502695716205569
1739,0.406571444578106,0.472768607541751,0.389807269332096,0.447767778037597,0.391140427107757,0.492721814289099,0.449516157129526,0.502833165390917
1740,0.406681947340669,0.472898349758623,0.389998602464435,0.447916435264547,0.391236378406775,0.492790175312957,0.449685169203778,0.502986675135647
1741,0.406780800122514,0.473003164043814,0.390188197064399,0.448051737912342,0.391336735219008,0.49285134177037,0.449802528363222,0.503121989789833
1742,0.406867516351389,0.473096649629467,0.390342655214214,0.448165501727539,0.391418676457191,0.492897150119572,0.44988284819837,0.503235553433642
1743,0.40695646235134,0.473185258544396,0.390527114894872,0.448274380069342,0.391507580717511,0.492945054650936,0.449973368634936,0.503338346348765
1744,0.407050311926442,0.473268444160026,0.390738868781908,0.448379402727756,0.391608299878295,0.492982971100053,0.450043640255852,0.503440613531082
1745,0.407126980135086,0.473334452262507,0.390925571980054,0.448468838111665,0.391694078436173,0.493039607199408,0.450137154670615,0.503527774757074
1746,0.40719368566439,0.473380512994159,0.391114427472139,0.448540070744127,0.391757479513451,0.493088768321616,0.450257081174622,0.503585834582469
1747,0.407254721576911,0.473442947936723,0.391285336882184,0.448615243770256,0.391850187506949,0.493163150960563,0.450338875580181,0.503655809264003
1748,0.407300766405382,0.473494598932683,0.391438323410263,0.448679639496356,0.391956457012623,0.49327176798378,0.450407583022637,0.503724023239305
1749,0.407350563043869,0.47355721207057,0.391587148338429,0.448743042501179,0.392053262907633,0.493357482753142,0.450481159868162,0.503793298526051
1750,0.407388002019216,0.47363958944341,0.391728318245546,0.448810776215916,0.392168410075929,0.493443865201774,0.450534160065295,0.503865321690903
1751,0.407442039109017,0.473705405184423,0.391857798639198,0.448851253727992,0.392252620507626,0.493523111229379,0.450586167021895,0.503924269578717
1752,0.40750663530266,0.473768129520485,0.391972036812443,0.448877101453256,0.392305681720643,0.493599728828316,0.45064739358304,0.50397261698752
1753,0.407562085668686,0.473815583864252,0.392094862360558,0.448906389890901,0.392389720772426,0.493664443654246,0.450710304852997,0.504040751291302
1754,0.407626112171802,0.473854275972479,0.39220515607418,0.448918824860281,0.392478145812463,0.493720494753278,0.450757634964823,0.504112373654698
1755,0.407676645432245,0.473885432267481,0.392340006998551,0.448946714651955,0.392575266712555,0.493760917311667,0.450805332472112,0.504160395496859
1756,0.407734055176583,0.473911531905089,0.392488552878754,0.448965771785477,0.392672095473085,0.493818301928494,0.450869898125359,0.504232329583694
1757,0.407831142301298,0.473963714499175,0.392655782022767,0.449054455591268,0.392791338138499,0.493944969677352,0.450947115814316,0.50430133102035
1758,0.407923021881664,0.474023301301445,0.392827299106857,0.44916216074385,0.392904979248333,0.494059263695363,0.451027521397143,0.504380945687238
1759,0.408034613464471,0.474088473654687,0.392981652614733,0.449256630170711,0.393027207749511,0.494160444419228,0.451131300897037,0.504513672813101
1760,0.408131361104614,0.474145568880247,0.393119700222241,0.449379509398112,0.393162957116838,0.494258007613665,0.451204425045858,0.50462996253042
1761,0.408202124407534,0.474200738102822,0.393243377322289,0.449499834719724,0.393272861372878,0.494295336239192,0.451264519298441,0.504713964586008
1762,0.408298290783906,0.474288917835569,0.393385679338676,0.449614502824574,0.393388476296869,0.49435789970991,0.451356178113388,0.504816906521079
1763,0.40838536482268,0.474402638815418,0.393580958833788,0.449775459484931,0.393505709855512,0.494467071695103,0.451427236005348,0.504912597574032
1764,0.408476491464765,0.47452153449084,0.393803094636517,0.449967166037554,0.393651726066999,0.49456061209244,0.451549907669785,0.505018437658779
1765,0.408608487565356,0.474641798351784,0.394031569419468,0.450172472470926,0.393809823374779,0.494674341981193,0.451696789075484,0.505171735138605
1766,0.408746702488491,0.474703483570014,0.394278763626628,0.450355654590213,0.393936964634021,0.494781784636657,0.451774973215833,0.505270164588883
1767,0.408878105916425,0.474738827251155,0.394543048169821,0.450543121675762,0.394084190387362,0.494880212415924,0.451875452953591,0.505364983068884
1768,0.409036542856728,0.474835860078466,0.394819054464618,0.450760390326087,0.394249654860389,0.495009578513001,0.452026279262417,0.505528965444066
1769,0.409217105922723,0.474954917775919,0.395115938313555,0.450940894789,0.394403968328214,0.49511682286571,0.452173055252548,0.505665087932659
1770,0.409385831597394,0.475097544686805,0.395446490834795,0.451148723320828,0.394568397489113,0.495219510078686,0.452346164680187,0.505834802254109
1771,0.409574574261704,0.475267575631419,0.395786793509146,0.451362870244235,0.394703773672788,0.495358076538561,0.452532143636369,0.506049704491499
1772,0.409737421470814,0.475402344835858,0.396087182867276,0.451583084233651,0.394851904190913,0.495495237356904,0.452693590058228,0.506219754432983
1773,0.40987225087633,0.475520746841831,0.396402341335962,0.451850455297022,0.39502545770506,0.495692711867035,0.45285339463871,0.506405173830523
1774,0.410008872149993,0.475640079813519,0.3966801363472,0.452060212603957,0.395177106506758,0.495844364287137,0.452989378439665,0.506563897788684
1775,0.41013937347015,0.475756480215197,0.396895401009961,0.452243906338025,0.395332299871744,0.495949188030226,0.453108946144245,0.506672329938788
1776,0.410283244119834,0.475854522088519,0.397146462286057,0.45244015846318,0.395470782194359,0.496076602052799,0.453220816278786,0.506804802791289
1777,0.410415178326964,0.475912725134395,0.397386601738366,0.452582530600427,0.395553818940225,0.496177712561402,0.453271986661843,0.506925339572361
1778,0.410553180166503,0.476011332999154,0.397645708564513,0.452777338418858,0.395696003801461,0.49630992269351,0.453384015891338,0.507056209971897
1779,0.41071629284778,0.476117728021103,0.3979340498787,0.453024388720758,0.395878196019658,0.496484685759561,0.453535085833575,0.507203830724108
1780,0.410850400778842,0.476245717145091,0.398194755520207,0.453236482086567,0.396035677429537,0.496645710981959,0.453678181016984,0.507347428401046
1781,0.410966638583143,0.476430805497252,0.398446065825404,0.453445062469527,0.396220327475818,0.496807771233186,0.453864006606127,0.507492537072859
1782,0.41110093465893,0.476562889492462,0.398703549038782,0.45365103950485,0.396370885662832,0.496979910700493,0.454012981268798,0.507646313885297
1783,0.411224559212208,0.476669110174774,0.398962673474349,0.45385086691198,0.396463690056005,0.497161534859407,0.454127906958341,0.507814633260191
1784,0.411355642739558,0.476766384147484,0.39920506988239,0.454039518514451,0.396608536016878,0.497310140842223,0.454258930756615,0.507953064468495
1785,0.41151124206267,0.476832272622181,0.399461358087243,0.454213301736197,0.396776752634849,0.497460375996256,0.454395716064365,0.508074579490195
1786,0.411646977939254,0.47692802695238,0.399687682649351,0.454429219432449,0.396941207653952,0.497590381896144,0.454514805194986,0.508225859961687
1787,0.411764780092557,0.477036664793291,0.399857671916884,0.454648802661111,0.397130555643572,0.497674492808121,0.454623029799351,0.508362747097695
1788,0.411891467810429,0.477144555988459,0.400079901222398,0.454865431496664,0.397301412930936,0.497792796202459,0.454742198350989,0.508507704716598
1789,0.412003532851143,0.477264638898876,0.400301646014274,0.455125188901609,0.397460208161198,0.497927658538564,0.454851151935886,0.508683761960041
1790,0.412129734688033,0.477335473978673,0.400543339977133,0.455303079113669,0.397619435419699,0.498036560410093,0.454946668301993,0.508812108862691
1791,0.412304201777637,0.477436056702397,0.400830953920977,0.455505946729275,0.397786395973505,0.498170640685529,0.455087103035345,0.508982482954505
1792,0.412477839343988,0.477564386938497,0.40103424652482,0.455678456307482,0.397966389880166,0.498343645145857,0.455250490006487,0.509133439443278
1793,0.412675966124545,0.477696226688383,0.401287856126288,0.455847152803928,0.398136452921347,0.498496297598781,0.455399447780215,0.509295475433126
1794,0.412859500119055,0.477851938150041,0.401552770487287,0.456066023920268,0.398310016559768,0.498650499454527,0.455535899235581,0.50944937868403
1795,0.413043887299399,0.477996205559655,0.40175966138854,0.456280491847885,0.398516393029061,0.498841641831997,0.45569434688728,0.509587265320424
1796,0.413236113094109,0.478122334420244,0.402000429902929,0.456501673840266,0.398681908798549,0.498997330332231,0.455853604489926,0.509750157305362
1797,0.413375115874806,0.478241910489771,0.40222767819255,0.456724866528845,0.398843950076422,0.49911523547646,0.455993640291586,0.509907171840042
1798,0.413531599107865,0.478364640360029,0.402444255996938,0.456932437252159,0.399043779297334,0.499262978370649,0.456171148701875,0.510103313663529
1799,0.413675485446326,0.478519676481397,0.402683366998159,0.457118344037271,0.399201070418896,0.499391443712119,0.456338940527967,0.51029071778298
1800,0.413800351575583,0.478658689623272,0.402924843688601,0.457271367326254,0.399362772498633,0.499479537255921,0.456451125682005,0.510431717082453
1801,0.413800351575583,0.478658689623272,0.402924843688601,0.457271367326254,0.399362772498633,0.499479537255921,0.456451125682005,0.510431717082453
1802,0.41392064949,0.478810537827527,0.403073814925896,0.457399856858827,0.399522547532018,0.499592907164558,0.456599055189108,0.510572076323084
1803,0.413978468103527,0.478909493317379,0.403206267864069,0.457561707247293,0.399646125319301,0.499732129296763,0.456698818759183,0.510624008008235
1804,0.414155494136912,0.479141231872264,0.403422934625833,0.457791066308704,0.399733559362609,0.499908589275954,0.456973426915774,0.510814998589888
1805,0.414367848061555,0.479391314730553,0.403681749873327,0.458002779289698,0.399902498441114,0.500118034874546,0.457269529525336,0.511125084434195
1806,0.414574113614924,0.479576211302838,0.403901159661164,0.458207661222196,0.400162612833458,0.500354567811396,0.457428048609866,0.51142911247568
1807,0.414777737011835,0.479807700033416,0.404132522056792,0.458429463832361,0.4002566822543,0.500525545255352,0.457554070393447,0.511690561741651
1808,0.414934332724199,0.480026442716953,0.404353169154677,0.458592232162346,0.400291617617323,0.500623971886188,0.457713030834611,0.511863873757775
1809,0.415041532794649,0.480172111886499,0.404572240635506,0.458723935502746,0.400466206393638,0.500753848287816,0.457856540036202,0.511993063165625
1810,0.415198830442848,0.480390525621815,0.404799370105614,0.459006470565645,0.400630037725052,0.500941321893785,0.458031130564307,0.512175940781396
1811,0.415369606573931,0.480609097505714,0.404987056119872,0.459233351950787,0.400752289699698,0.501107248093359,0.458255412574031,0.512382092048083
1812,0.415590056510287,0.480862787670084,0.405145123978776,0.459517802337009,0.400867103759947,0.50127738907932,0.458578776477142,0.512629885537348
1813,0.415741736730596,0.481028890929456,0.405326756416207,0.459658621262497,0.401065130416108,0.501420246598293,0.458823978622347,0.512917227935173
1814,0.415880360519229,0.481168581224728,0.405551149032995,0.45980643583276,0.401134200027125,0.501561862362933,0.458918189414107,0.513156748446903
1815,0.416007685966796,0.481299835386175,0.405761996683882,0.459952517558215,0.401028026564797,0.501648788445086,0.459013220660253,0.513300451522546
1816,0.416127566468891,0.48150220906223,0.4059078501699,0.460098801471326,0.401079097502457,0.501710569422208,0.459181974799506,0.513419708840761
1817,0.41627079904357,0.481816381203268,0.406082350201257,0.460307955911643,0.401256486246564,0.501857404056745,0.459378249838126,0.513542966727266
1818,0.41640169467483,0.48204223349659,0.406261548536192,0.460484039817772,0.401344319966075,0.501943686347198,0.459608158663063,0.513647148852618
1819,0.416595051733523,0.48221739519489,0.406351512307615,0.460628215578043,0.401524954327276,0.501992489298326,0.459840827528527,0.513851947616393
1820,0.416784760314784,0.482454159125206,0.406453800739158,0.460756446731911,0.401727059391152,0.502123952476377,0.459997283442364,0.514081382745464
1821,0.416934979750714,0.48263287211007,0.406588977233271,0.46086831188435,0.40182539845599,0.502199633879227,0.460170631667387,0.514209112497411
1822,0.417033309283949,0.482707556548981,0.40677002854022,0.460949431267186,0.401786822297061,0.502215085545889,0.460263454565177,0.514268275535861
1823,0.417195929257954,0.482852060099443,0.406973986012996,0.461070837425753,0.401827196144648,0.502256101562693,0.460416475442593,0.51439547916772
1824,0.417402407907899,0.483052086402227,0.407130985541299,0.461245731565465,0.401916820124375,0.502375533540529,0.460570148479285,0.514528588836993
1825,0.417524676579816,0.48313931103131,0.40720602202494,0.4613764485497,0.401967762616571,0.502452526788141,0.460704315369755,0.514550714479851
1826,0.417624808452343,0.483302285141847,0.407381946506925,0.461450336640845,0.402066520966504,0.50259270432688,0.460874318415897,0.514684363951097
1827,0.417776923253103,0.483573218890681,0.407569799246409,0.46159723671285,0.402183431574003,0.502711461835361,0.4610289412865,0.51490304060431
1828,0.417850426225556,0.48374149411488,0.407634922029838,0.461715578490445,0.402176749168931,0.502733843968221,0.461107807686563,0.514964227728727
1829,0.417964886293466,0.483893396047162,0.40780146779719,0.461771021183254,0.402157406098673,0.502846225474195,0.461249772938749,0.515065559704536
1830,0.418106359216496,0.484087665850178,0.407963523960577,0.461860579492673,0.402219197150777,0.502901205585151,0.461408883719584,0.51520234991859
1831,0.418355744819836,0.484299192101214,0.408152405912587,0.462025080519386,0.402344418171746,0.502920079881278,0.461567177392149,0.515424861839407
1832,0.418462718089529,0.484379488195186,0.408173891515083,0.462116413319402,0.402356986928616,0.502865691875919,0.461618496718547,0.515466364992835
1833,0.418521431206316,0.484433791531655,0.408290079739163,0.462124078958059,0.402348063757587,0.502924583120551,0.461725854422502,0.515515263224386
1834,0.418621436825733,0.484583523319864,0.408459993989654,0.462192469733745,0.402443524130356,0.502980237760858,0.461901152343266,0.515683160632763
1835,0.41872645740763,0.484768983350742,0.40857211553793,0.462356483682633,0.40245636920222,0.503018833400192,0.462047618714875,0.515857865785426
1836,0.418862262193201,0.484890525439537,0.408735081677707,0.462541660828057,0.402489939862082,0.503157388680345,0.462156833314861,0.515973919346395
1837,0.419009725968071,0.484960175218199,0.408878601155527,0.462635223582684,0.402575562620598,0.503230995456727,0.462286271111075,0.515979755987768
1838,0.41918724015972,0.485148964747851,0.409052152415607,0.462730749296499,0.402635347177271,0.503209623091427,0.462469510387093,0.516011622178332
1839,0.419327087200737,0.485337381965309,0.409236884176607,0.462902591066735,0.402724025723107,0.503277713676562,0.462599716735781,0.516121123724124
1840,0.419410852760189,0.48544923768558,0.40942609706538,0.463116207855025,0.402759860559079,0.503367551839584,0.462615256817406,0.5162291228592
1841,0.419514376342467,0.485558974127618,0.409581424107552,0.463248297378171,0.402828715590505,0.503450910461371,0.462702691146885,0.51629049013979
1842,0.419629277676582,0.485742103807312,0.409749589017082,0.463399522695246,0.402939348294703,0.503568088182429,0.462805144471571,0.516398348692669
1843,0.419753460270071,0.485953933266481,0.409930315111218,0.463581061280162,0.403150014968328,0.50374673933642,0.462977713667009,0.516593708268094
1844,0.41982501583734,0.486066817279946,0.410072402129767,0.463729526928267,0.40322983555789,0.503841427668036,0.463176580584816,0.516674037070234
1845,0.419847591972551,0.486082523419859,0.410168213213661,0.463784225545878,0.403175025324564,0.503824873105926,0.463318945703857,0.516645170178524
1846,0.419926123068154,0.486235033921995,0.410266149266398,0.463871302642425,0.403277925791466,0.5039267848878,0.463394075304802,0.516792095108184
1847,0.420044783087993,0.486439717301281,0.410403585905994,0.464020481028921,0.403370974292384,0.504053163030547,0.463461321497105,0.516889443420228
1848,0.420094161818835,0.486483182696264,0.410480727412592,0.464089578350989,0.403388701232837,0.504084858848567,0.463537843133757,0.516948959535148
1849,0.420105007013461,0.486345430444555,0.410482028456932,0.464014654704118,0.403373699731644,0.504057074353836,0.463560583415008,0.516935067348344
1850,0.420157200942607,0.486352263171457,0.410510321012994,0.464043841954407,0.40342639591706,0.50406898426513,0.463574139504392,0.516982637796581
1851,0.420214025609795,0.48637327126959,0.410546151364506,0.464128763519136,0.403492219339598,0.504031564911353,0.46361507510029,0.517090505499231
1852,0.420237038240787,0.486337377899324,0.410550107572457,0.464169286408016,0.403433436975002,0.50401534155813,0.46364625786009,0.517086431562218
1853,0.420215025764717,0.486372547370692,0.410567326293152,0.464211413748513,0.403465976585575,0.504045300919626,0.463648737667047,0.51700294462418
1854,0.420201305333304,0.48646029739814,0.410628070587178,0.464270966341775,0.403535869274824,0.504081205180915,0.463649771800614,0.516976726124288
1855,0.420188477394988,0.486449981754128,0.410650027579685,0.464254732339262,0.403579289847046,0.50420346090503,0.463673710589513,0.517010468559832
1856,0.42011892878531,0.486376071156276,0.410648531780598,0.464266990112513,0.40360792767872,0.504228530830489,0.463703719540018,0.517024323385534
1857,0.420054416690882,0.486301057310617,0.410584816769401,0.464252805374431,0.403583334071176,0.504194272532985,0.463661883433471,0.516976191620876
1858,0.420044056419482,0.486203291026176,0.410434643277559,0.464218763152655,0.403518572986082,0.504111918037175,0.463504817522497,0.516932009785757
1859,0.419949916941207,0.486085239786113,0.41029299930451,0.464160246889088,0.40348862901548,0.504078468844181,0.463382788628283,0.516866145530355
1860,0.419799232057178,0.485982981282557,0.410168186068008,0.464127711259179,0.403467154041844,0.503997610086031,0.463300334835701,0.516768131221567
1861,0.419639007795297,0.485774453640781,0.409951041367703,0.464007894854178,0.403373099757937,0.503898491311872,0.463137352726791,0.516604043862194
1862,0.41945889760613,0.485487027348037,0.40967633861401,0.463829875296989,0.403295838572239,0.50384259264015,0.462909579421831,0.516424859411895
1863,0.419241794441203,0.48519113868477,0.409366726295075,0.463621818718986,0.403138007643988,0.503736420118536,0.462693435087676,0.516226963083015
1864,0.418998579513053,0.484887823947121,0.409040735461658,0.463424124023513,0.402939391751764,0.503592830894891,0.462441335966565,0.516027452870328
1865,0.418684811974514,0.484516742771793,0.408662724748288,0.463190026894357,0.402776811710195,0.503420965513041,0.462123652681492,0.515716981542057
1866,0.418290959706283,0.484078146707283,0.408201948723658,0.462879027247295,0.402558465855709,0.503160673153967,0.461744369543539,0.515348261063994
1867,0.417779605746374,0.483626214876999,0.407675768437455,0.46254652468587,0.402349257358942,0.502853477465546,0.46129776943838,0.514984235347361
1868,0.41730080215697,0.483098944279378,0.407146192269974,0.462164666598489,0.402104237549705,0.502551868800697,0.460829423652042,0.514571031605014
1869,0.416816209931067,0.48248321115659,0.406570376321548,0.461654834118434,0.401777837413068,0.502146995559967,0.460304368270582,0.514041363167681
1870,0.416233967806707,0.481808116376624,0.405908758111037,0.461187280028375,0.401464220869582,0.501752802194163,0.459741101659764,0.513483480874899
1871,0.415579666333555,0.481109250244625,0.405175063613854,0.46072442919526,0.401124913434007,0.501385221624533,0.45914919575456,0.512901549934197
1872,0.414933723521275,0.480300672872083,0.404499199294701,0.460263531842627,0.400865462749558,0.500997419831204,0.458529946444655,0.512331088254171
1873,0.414277493669132,0.479434629755212,0.403726115780252,0.459727298646575,0.40052620308043,0.500511394460725,0.457782908618895,0.511705826488201
1874,0.413531153414087,0.478507357766143,0.402836196136989,0.459146601729811,0.400133980176766,0.500051914005111,0.457006149486118,0.510977567992154
1875,0.412650761378029,0.477491522197608,0.40196384281979,0.458485573319239,0.399752609329845,0.499545714926262,0.456191008491295,0.510252096654388
1876,0.411761486573248,0.476475245248653,0.401012497689981,0.457777812584039,0.399305608794507,0.499000429316663,0.455284995586368,0.509545164973901
1877,0.410824745453381,0.475360980921627,0.39996044370827,0.457038371016716,0.398845634473465,0.498401559676652,0.454356857796246,0.508695883976526
1878,0.40983140473712,0.47418332998169,0.39884159167741,0.456318161192736,0.398418943413784,0.497749270035095,0.453468714840997,0.507737371895717
1879,0.408667827884161,0.472872412080945,0.397592114184446,0.45542184793035,0.397855825335719,0.497051400154945,0.452386504278101,0.506702556774722
1880,0.407473028288853,0.471493942573168,0.396279873282503,0.454450178777333,0.39721675336671,0.496352577785397,0.451227418177343,0.505581877537893
1881,0.406164344035077,0.470001721929635,0.394789885574829,0.453379567959906,0.396537150619266,0.495518887830122,0.449945352204495,0.504398444841781
1882,0.404720470244951,0.468375613015922,0.393146571627927,0.452201737207035,0.39579893191778,0.494592887364546,0.448557162029748,0.503133916341192
1883,0.403102495592634,0.466673775251508,0.39136627773363,0.450888671885325,0.394962417027534,0.493637442648707,0.446988046440947,0.50181728688092
1884,0.401379041236732,0.464848500435104,0.389493074756914,0.449471530504574,0.394084531383051,0.492506578294041,0.445346038348651,0.500343419274504
1885,0.39960676315696,0.462835235502546,0.387499186322107,0.447993955637916,0.393101464338426,0.491284961936743,0.443626913583476,0.498712926977591
1886,0.397683516183589,0.460705995544472,0.385349293252136,0.446368102296244,0.392017438805546,0.489984201562978,0.441707421720304,0.496917041956913
1887,0.395552363359399,0.45840812618037,0.383084516640873,0.444594658964858,0.39082102091391,0.488594077590018,0.439596786386935,0.494867038921367
1888,0.393357723803089,0.455990695119784,0.380659157441112,0.442709668723345,0.389550351951442,0.487074180398942,0.437428611025761,0.492803748692429
1889,0.391103524421653,0.453436613641838,0.378034475158939,0.440729820612419,0.388166197909113,0.485456856541087,0.435140014043421,0.490605049475417
1890,0.388697170168811,0.450754212115012,0.375311402561857,0.438576673917668,0.38671919307651,0.483725489320018,0.432688046718692,0.488350382801124
1891,0.386112201090419,0.447864279508693,0.372472314621983,0.436255542048862,0.38522190062487,0.481851730292838,0.430089225721219,0.486069748154643
1892,0.383462263130649,0.44494156739527,0.369494129387087,0.433832902610849,0.383582358105229,0.479900185069613,0.427429329788231,0.483603980476277
1893,0.380711850570726,0.441936414672534,0.366363084475497,0.431284098330786,0.381796079813687,0.477850745784797,0.424634945012467,0.481012927094959
1894,0.377861102479149,0.43885483650714,0.363106415802475,0.428593013147852,0.380021237266899,0.475717959882906,0.421700873201396,0.478296275831415
1895,0.374882678982905,0.435559685054004,0.359769764096865,0.425772068147517,0.378085185476555,0.473402826136463,0.418709559625081,0.475462216260967
1896,0.371883186312659,0.432164054996976,0.356309275199518,0.422821744494496,0.376006105105332,0.471029569029156,0.415662793355579,0.472551756537702
1897,0.368940948513331,0.428826023795566,0.352794559105343,0.419871838254291,0.373962309518341,0.46870566162435,0.412620366891931,0.469644933269406
1898,0.36599039954984,0.425307140452567,0.3491175425062,0.416770180956755,0.37181711806655,0.466276226190784,0.409484344760429,0.466631294385219
1899,0.363044855024275,0.421984727756586,0.345559815088225,0.413787251109574,0.369754859345081,0.463951589338613,0.406391253635822,0.46377333302461
1900,0.360042573386305,0.418748960852896,0.341946827679554,0.410785760209288,0.367678594723283,0.461700707387275,0.403250358655441,0.460950927998955
1901,0.357234352037236,0.415598990775199,0.338415890497696,0.407861841493787,0.365681612368541,0.459469854927563,0.400259179154702,0.458148828037622
1902,0.35444705531293,0.412423391894054,0.334868983570016,0.404908912285992,0.363693645724074,0.457145010424985,0.397199573963491,0.455320448016764
1903,0.351809491801009,0.409493306354591,0.331514959509972,0.402142652552148,0.361812134318246,0.455052468903244,0.394382257140362,0.452722846750345
1904,0.349295109055923,0.406733858040697,0.328274836980307,0.399448412427012,0.35998884599784,0.45306071654925,0.391726583804354,0.450183291331603
1905,0.346949604119027,0.404063139804862,0.325084244861661,0.396894574197147,0.358249269199109,0.451193370489061,0.389248973895257,0.447742217733147
1906,0.34480231363935,0.401674313947028,0.322064774255519,0.394558271121812,0.356647668817245,0.449508513353861,0.386895381488223,0.445609105981705
1907,0.342784782092439,0.399521316316701,0.319210870234981,0.392417942513662,0.355137177854563,0.44798867961902,0.384681057353332,0.443779396835158
1908,0.340940237118036,0.39751990108563,0.316504387339962,0.390404573055443,0.353786646125227,0.446647958943029,0.382654460273143,0.442020838713081
1909,0.339328064060254,0.395701793376779,0.313867793899701,0.388563280951863,0.352592944036936,0.445497547617431,0.380775292204518,0.440432809203163
1910,0.33782620412068,0.394092803202968,0.311465338390149,0.386865830639649,0.351459488500142,0.444437055896667,0.379072728894163,0.438985488910467
1911,0.336440745915319,0.39266827535202,0.309283539461324,0.385275384556252,0.350419065884143,0.443531226640679,0.377583960061759,0.437649300288101
1912,0.335207120254824,0.391418227824576,0.30722369979555,0.3838999892104,0.349517776408482,0.442764482855803,0.376197258300886,0.43653030653108
1913,0.334157841666853,0.390425197790195,0.305341776311047,0.382773870821628,0.348713614897615,0.44212867306902,0.37492730002152,0.435649335611746
1914,0.333228654400149,0.389533417604978,0.303576784977762,0.381701821993021,0.348030867533829,0.441589144056804,0.373836680876695,0.43483195144812
1915,0.332452101940879,0.388820812066029,0.301941988320467,0.380774140837557,0.347517214164985,0.441182027786303,0.37295718592672,0.434167836457096
1916,0.331740871872513,0.388186989328904,0.300462301523901,0.379965199545636,0.3471021427769,0.440940842042693,0.372144728034743,0.433633417287226
1917,0.331166388003836,0.38769044060905,0.299104955614971,0.37927229550197,0.346671445978742,0.440728184419616,0.371395107811962,0.433197419064015
1918,0.330790164731914,0.38733990554928,0.297882299996211,0.378670909730771,0.346254332842788,0.440601729557131,0.370772827734826,0.432878943196185
1919,0.330375942733974,0.387061179371334,0.29677213421697,0.378178060363311,0.346000298512095,0.440527324806316,0.370244010626133,0.432604988099021
1920,0.329987576749389,0.386925442052233,0.295834661495523,0.377868603674219,0.345867163369676,0.440544148224278,0.369769089335538,0.432430416015285
1921,0.32973641332948,0.386815526252683,0.294929067509698,0.377560131176934,0.345706327334955,0.440602760889376,0.369389378130493,0.432350048099554
1922,0.329583660690895,0.386763701559503,0.294087928267655,0.3772872513947,0.345619671679978,0.440726108904514,0.369157792164415,0.432362526523237
1923,0.329453412981546,0.386808953302913,0.293375235788636,0.377116611230294,0.345605147628502,0.440882433904141,0.368971512300317,0.432395095202836
1924,0.329428268792645,0.386971564517125,0.292787708591751,0.377058513880854,0.345629498225569,0.441154423114828,0.368844307547629,0.432585483083981
1925,0.329444545489305,0.387136600253259,0.292240837596615,0.377020912261009,0.345641976500923,0.441368733620764,0.368774675360827,0.432729019999396
1926,0.329480937479069,0.38737379643081,0.291752583348801,0.37703000134993,0.345673273476452,0.441562360718375,0.368800378096267,0.432814256466964
1927,0.329566271465814,0.387632234368755,0.291404747908642,0.377118493141955,0.345849723572138,0.441775157113876,0.368886762181961,0.43294951485052
1928,0.329715020393979,0.387967110302593,0.291132017454823,0.377274970969166,0.346024477664281,0.442061282535901,0.368987301304284,0.433217105382411
1929,0.329960320093406,0.388328646368494,0.29092913387134,0.377500777941595,0.346171543169845,0.442357716924689,0.369081542966536,0.433582599766786
1930,0.33020448846147,0.388747780396631,0.290787774075815,0.377729438582413,0.346384246153555,0.442695399233337,0.369304214945948,0.433922781555554
1931,0.330471356451953,0.389293755210569,0.290760400040702,0.37802786643503,0.346728387150507,0.443136310388044,0.36963400766237,0.434365236882381
1932,0.330784732839463,0.389781244820655,0.29078154905031,0.378354772884889,0.347018745644005,0.443532849010218,0.369941938604201,0.434780834944956
1933,0.331161010209319,0.390206181254474,0.290839805794559,0.378700220972687,0.347278341161139,0.443944699524452,0.370304150826298,0.435145419912612
1934,0.331538865751948,0.39075640866687,0.290973421015747,0.379064178268815,0.347567230635272,0.44431901973362,0.37070839623815,0.435582236471308
1935,0.331870267386334,0.391372264450228,0.291177202744364,0.379457842597177,0.347863693293041,0.444573761055031,0.371075018042937,0.436063929518873
1936,0.332342996116285,0.392001741993024,0.29147141630863,0.379911137283151,0.348206830178422,0.445007684923787,0.37155763596466,0.436589023580886
1937,0.332887788525055,0.392676240816019,0.291839363319904,0.380399849791282,0.348575883298492,0.44550731028709,0.372116808917806,0.437151229139782
1938,0.333514669670735,0.393463212343319,0.292296092634637,0.380887452100496,0.348958215716892,0.446071794116043,0.372821891423867,0.437766702530975
1939,0.334102815327505,0.39416933326104,0.292733251874922,0.381454087245772,0.349365533040763,0.446558916423254,0.373402647545493,0.438346813353801
1940,0.33478666888368,0.394829132969907,0.293251925164606,0.382137576304155,0.349832028073765,0.447146903249043,0.373954956207626,0.438945649353365
1941,0.335425932696929,0.395571245741147,0.293763737461036,0.382748581182095,0.350269995302054,0.447669125259316,0.374624279934829,0.439568648308217
1942,0.335980544252261,0.396346531594825,0.294226662545661,0.38333913679,0.350686345297575,0.448048307926962,0.37530518111337,0.440182554896851
1943,0.336642738318508,0.397126304960711,0.294799052231957,0.383987274334455,0.351147408253761,0.448545550473629,0.376008321145635,0.440814480455176
1944,0.33741704846281,0.397926656354135,0.295467957973025,0.384664051074107,0.351655815107751,0.449163409404576,0.376847683280228,0.441489308784311
1945,0.338128113602162,0.398771028148513,0.296132675770548,0.385333538796214,0.35213306298451,0.449714099291931,0.377623973856345,0.442169779068307
1946,0.338811492491339,0.399677058375283,0.296830168583739,0.386029593327585,0.352584637552636,0.450254015584977,0.378323006008577,0.442853245909071
1947,0.339548631609001,0.400533583298944,0.297562477057891,0.386741685154613,0.353091107786581,0.45077812476466,0.379080790022456,0.443533407157779
1948,0.340303469629287,0.401389848266677,0.298324331174693,0.387461606706968,0.353616779814223,0.451290380835094,0.3798649725119,0.44422232258593
1949,0.341080269766066,0.402290283337756,0.299140973744086,0.388170942527991,0.354169301260722,0.451759687893973,0.380707704882969,0.444942597991515
1950,0.341794297653652,0.403140472286801,0.299884502828917,0.388894118948879,0.354649798767721,0.452329321734922,0.381494155725715,0.445647821378936
1951,0.342517775869417,0.40393213607195,0.300626679085716,0.389688897228426,0.355107393146773,0.45295714303106,0.382277238133534,0.446350053498864
1952,0.343244390908596,0.404756069279468,0.301385416270535,0.390375419011762,0.355643505875839,0.453505688780647,0.383062365148251,0.447033437401758
1953,0.343890462085696,0.405594663411337,0.30209577334597,0.390966800168389,0.356199876197903,0.454066677157354,0.38382628584849,0.447729300342913
1954,0.344612931830244,0.406425878891195,0.302852075262276,0.391648709993907,0.35668071594184,0.454641399310492,0.384605689895187,0.44839789025464
1955,0.345429020985881,0.407230183773531,0.303671348737201,0.392296264872978,0.357184321633169,0.45515583367826,0.385389134189283,0.44897315649362
1956,0.346185098688039,0.408065844929091,0.304461897157021,0.393007393923651,0.357701317455809,0.455703064340929,0.38618840158162,0.449660188211732
1957,0.346902497066265,0.40892575770425,0.305246148413684,0.393857686713501,0.358115994797066,0.456347848569345,0.387024745227879,0.450448039653897
1958,0.347654243654191,0.409783212712987,0.30602284943895,0.394606176084832,0.358583926179703,0.456921357146874,0.38781485254979,0.451154901297208
1959,0.348443566231477,0.41074413174644,0.306835280671611,0.395378467383858,0.359142414828349,0.457440231313935,0.388596722192959,0.451921693509704
1960,0.349188226176894,0.411537736081053,0.307594433130121,0.396027195879114,0.359705231646197,0.457924305845928,0.389361808836342,0.45258945834947
1961,0.349922582239602,0.412365760391872,0.308319710243909,0.396729072394787,0.360221012326711,0.458502818013761,0.390156413568743,0.453284842058757
1962,0.350667441149372,0.413167893847813,0.308971414328476,0.397364288258218,0.360681917867256,0.459152153049897,0.390941809951433,0.453903410333735
1963,0.351381997314165,0.41398203667207,0.309721608908236,0.398079463020377,0.361177140503091,0.459683318524649,0.391706453625227,0.45458008388596
1964,0.352034331324619,0.414772267070209,0.310542427546659,0.398855511216649,0.36169712589483,0.460194160600504,0.392503917406004,0.455322445119474
1965,0.352739845751801,0.415562450362789,0.311220871026998,0.399584107178591,0.362178560665235,0.460739590670503,0.393260209788531,0.455989811912662
1966,0.353474538812674,0.416344750222295,0.311829503685432,0.400338109775617,0.362611096397869,0.46122129223861,0.393934200264486,0.456602934466443
1967,0.354187262854472,0.4171523793501,0.312533128954519,0.401046046420597,0.363099608405596,0.461725002620714,0.394675112696784,0.45724947400383
1968,0.354941542041087,0.417994216528089,0.313178637472894,0.401687531536512,0.363625619530014,0.46231663969988,0.395495995427036,0.457871428392418
1969,0.355628912599004,0.4187764796932,0.313844108871873,0.402373895194881,0.364107387219356,0.462849963874618,0.396228240460371,0.458521506611952
1970,0.356208563441714,0.419491749828674,0.314663456092943,0.403033575203009,0.364571046055094,0.463246547035355,0.396887548144522,0.459227151618719
1971,0.356876822414826,0.420293254776384,0.315395225979951,0.403739297989829,0.365071999568924,0.463757572969395,0.397609630396188,0.459889810235989
1972,0.357565848800943,0.421114284777088,0.316080401146851,0.404474881338518,0.365576915802509,0.464314047602752,0.398337762161558,0.46054012091094
1973,0.358276423117442,0.421938812091479,0.316612725986916,0.405290380363434,0.366060929353746,0.464955159268156,0.39902909989712,0.461174096411085
1974,0.358939552855447,0.422718786698434,0.317336374796029,0.405997742724793,0.366545928939632,0.465504926699968,0.399762291912811,0.461830051230295
1975,0.359651274285331,0.423587410125439,0.318196801378794,0.406682455992564,0.367083788680358,0.466092662767944,0.400606527543364,0.462503552028514
1976,0.360313271963447,0.424338589986223,0.318871354344063,0.407381335633546,0.36757383194551,0.466632899362274,0.401318048956863,0.463118275091746
1977,0.360830272527253,0.424855357075628,0.319462751971528,0.408015825920905,0.367988067331347,0.4670407416041,0.40188992170607,0.463695177443303
1978,0.36150103689398,0.425626887505767,0.320182053513417,0.408695929563609,0.36846019843722,0.467582052974679,0.402611364517625,0.464315337198046
1979,0.362330574239974,0.426609056173796,0.320835312163039,0.409427904652086,0.368951096071217,0.468241403064493,0.403389274000101,0.464912997075739
1980,0.363021812800475,0.427396279091552,0.321547713386089,0.410134477467079,0.369453904900157,0.46880636196851,0.404120283466116,0.465510645360575
1981,0.363633875966054,0.428155528305625,0.322484773739778,0.410821580310151,0.370013355798417,0.469372926181303,0.404937967027587,0.46614281894108
1982,0.364349413365223,0.428964400900089,0.323285980646522,0.411521029712434,0.370520311253986,0.469934826297757,0.405697784925284,0.466780965723317
1983,0.365070473521333,0.429706183183532,0.323999605739283,0.412235072070048,0.371029160831627,0.470435130914418,0.406384675010174,0.467408864231543
1984,0.365769543225091,0.430403002659179,0.324649721519781,0.412958711929281,0.37150236923622,0.470934464395414,0.407034815458358,0.468016275109874
1985,0.366472344448167,0.43114032573035,0.325398504903126,0.413631915010679,0.371967509714426,0.471480028867862,0.407749692391242,0.468641022396674
1986,0.367314351977718,0.431998251149841,0.326170538360562,0.414238796746317,0.37235068114922,0.472093698574924,0.408525204148096,0.469292264017787
1987,0.367987391028844,0.432753267317331,0.326929599792653,0.414958531739465,0.372839534090219,0.472630012414305,0.409216778147706,0.469937615266548
1988,0.368457311481229,0.433400518131138,0.327754965107952,0.415753451947925,0.3734112289432,0.473150312676624,0.409884145748595,0.470597844120367
1989,0.36911289311529,0.434118806975117,0.328504700356424,0.416427824363032,0.373891121341629,0.473664169262855,0.410560725658295,0.471210997496914
1990,0.369885354727409,0.434893851977464,0.329210688636675,0.417120985446228,0.37438620630683,0.474120958289029,0.41121155661455,0.471825845578755
1991,0.370534418668846,0.4356238931099,0.329913629981304,0.417794074035117,0.374841933344792,0.474628874575171,0.411843678652542,0.472420250304134
1992,0.371221342259939,0.43634948029819,0.330609458704231,0.418363766632426,0.375200491595396,0.475206142076605,0.412482322816485,0.472964388683178
1993,0.371842162933542,0.437039989801436,0.33126880918765,0.418944036673627,0.375610058024476,0.475701798318588,0.413107855053896,0.473502886139538
1994,0.372353167997698,0.437665844781016,0.331918928486549,0.419569692704643,0.376026031656471,0.476136348686296,0.413717105531821,0.473997839989179
1995,0.372822735639232,0.438366933517316,0.332498462699784,0.420160959066182,0.376480739936074,0.476628330063037,0.414278522258974,0.474569201470448
1996,0.373366413399389,0.43900678707618,0.333122402130324,0.420730696234352,0.376891665547354,0.47709932950656,0.414850299322099,0.475111855769109
1997,0.373964651140888,0.439584774800273,0.333757050781726,0.421216427827661,0.377270122407778,0.477515687000667,0.415428761663636,0.475626699833538
1998,0.374476003003104,0.440224198258164,0.3343150422526,0.421774499641728,0.377694805455276,0.477964438113003,0.415993300160621,0.476157578075692
1999,0.374971946678227,0.440929481178013,0.33486024355906,0.422409893471381,0.378154058514917,0.47848119895098,0.416548650072739,0.476749848350199
2000,0.375444391842895,0.441510120919198,0.335376813137981,0.422930249441358,0.378555953922702,0.478914711910254,0.417066778546886,0.477248367447374
2001,0.375846563272361,0.442082521396066,0.335836824601176,0.423402102540148,0.378996609983498,0.479314037128269,0.417613157857962,0.477679801409539
2002,0.376287113180614,0.442601675345037,0.336265186387442,0.423880921620441,0.379352686627059,0.479696447188491,0.418069940723978,0.478156711181367
2003,0.376799929542846,0.442984476975561,0.336675666808363,0.424305103754426,0.379597553995392,0.480002024336568,0.41842963702788,0.478618771501174
2004,0.377199319490627,0.443421318097131,0.337070500242002,0.424730454552414,0.379889921841719,0.480358816736976,0.418802322384443,0.47905605170515
2005,0.37750906825318,0.443910142376256,0.33744545370491,0.42518114571139,0.380215453319998,0.480766360286235,0.419165380430487,0.479582088400852
2006,0.377853435947194,0.444322970897862,0.337746620888937,0.425592118811449,0.380469166447189,0.481107184633601,0.419479149034358,0.479971760210643
2007,0.378178267612271,0.444714831981835,0.338008451421883,0.425992119919578,0.380701243583423,0.481462616773325,0.419748564999376,0.480236632977863
2008,0.378465982448847,0.44504753445087,0.338268672820493,0.426339356003225,0.380881146544134,0.481760584055828,0.420026104763809,0.480501320866346
2009,0.378715831238027,0.445377703602381,0.338455077072955,0.426631354372454,0.381093223200495,0.482039581825757,0.420262156468453,0.480799325183443
2010,0.379006798240131,0.445662221280527,0.33854930765569,0.426879629478112,0.381284151968235,0.482259496794753,0.420446592359834,0.481085655477301
2011,0.379190987267802,0.445922018314387,0.3386416707058,0.427101174248941,0.381431315040067,0.482458130622,0.420617872023477,0.481293609989703
2012,0.379226790648428,0.446155302779846,0.338718666036646,0.427242009677492,0.381585628678429,0.482630652873514,0.420791612343419,0.481489065022189
2013,0.379362688022726,0.446407520589789,0.338744149253416,0.427419459934841,0.38171831620268,0.482818623588525,0.42091718670667,0.481694754155792
2014,0.379547229567682,0.446688179057812,0.338733295871963,0.427629501337915,0.381758957953446,0.482949228744752,0.420990006243084,0.481805833456639
2015,0.37962914314238,0.446833749550702,0.338659647379198,0.427763357180029,0.381841428195479,0.483104603705105,0.421051474901909,0.481952067923017
2016,0.379683750329253,0.446858715553556,0.338515699425549,0.427811517204738,0.381971113038928,0.483299118606912,0.421078766826097,0.482200541543447
2017,0.379734026707226,0.447000771400894,0.338371392610398,0.427916874917837,0.382074841820408,0.483476643090102,0.421091270405785,0.482358687895373
2018,0.379742594355707,0.447151719002961,0.338217714299937,0.428092257030369,0.382200866934354,0.483670995946392,0.421118710846803,0.482439636060469
2019,0.379706886825957,0.447231155340049,0.33797998517466,0.428133544949354,0.382248034376879,0.483807194498753,0.421088507481271,0.482518536710484
2020,0.379691745231907,0.447393621295229,0.337666368909788,0.428117900882047,0.382261743080201,0.483911596316574,0.421041385724135,0.482591483468201
2021,0.379589545092923,0.447488407856499,0.33737484396677,0.428107047667535,0.382234552935404,0.483994875279988,0.420894360741079,0.482604530651126
2022,0.37946497186231,0.447507392800943,0.337046500950899,0.428068890932893,0.382200968200736,0.484095522638156,0.420770568790366,0.482636739498122
2023,0.379241730067954,0.447368316543424,0.336672666485493,0.427907802761144,0.382090641213571,0.484201844651767,0.420609789075151,0.482684696988604
2024,0.379063817628724,0.447284988257501,0.336228217287019,0.427788379937614,0.382031625490697,0.484229851293901,0.42042615235523,0.482645819954627
2025,0.378896761416503,0.447234847987303,0.335774097292856,0.427772496289768,0.38203267535251,0.484249096717463,0.420278164658146,0.482569216879143
2026,0.37869734735025,0.447111148694625,0.335252309015518,0.427609181583212,0.381932492702765,0.48421832896155,0.420021280832518,0.482486338000606
2027,0.378509763297276,0.446881033581277,0.334574473331198,0.427293853690556,0.381762622835676,0.484038341129759,0.419635315914058,0.482329024438123
2028,0.378241098448026,0.446703224040287,0.33397973072601,0.42706439586447,0.381627797959515,0.483975509418657,0.419320887834623,0.482185704313554
2029,0.377900504580447,0.446543427902241,0.333465981608382,0.426833777983248,0.38147517963079,0.48402018060994,0.418996234037665,0.48206223720318
2030,0.377583472537642,0.446347590434612,0.332834503348197,0.426566614761853,0.381296694179867,0.48396224639036,0.418633187520969,0.481906099006623
2031,0.377222331886741,0.446159685641808,0.332150246337349,0.42626871387509,0.381103410653102,0.483917672207381,0.418272170345075,0.48173397949507
2032,0.376839798771556,0.445939587948696,0.33144590380668,0.42604566152086,0.380928570110456,0.483776565180297,0.417925720939955,0.481522167935977
2033,0.376579856055347,0.445646039184871,0.330693579961257,0.42577695083492,0.380746306934636,0.483584953164186,0.417507046475631,0.481258670291531
2034,0.37627828862467,0.445349790456089,0.329902458952738,0.425439849501002,0.380586419792669,0.483455711638838,0.417084800613833,0.481015140353442
2035,0.375881004220686,0.445058206247889,0.329133373210112,0.425096419864845,0.380370321833681,0.483308465219213,0.416635481555779,0.480743233982463
2036,0.375431937041481,0.444762170194618,0.328400347520867,0.424762920772877,0.380172270117454,0.483179885443707,0.416204230431569,0.4804012929058
2037,0.375005730807622,0.444415882140921,0.327586737112151,0.424358372650774,0.379914922946552,0.483015536042501,0.415695855020456,0.480112277098554
2038,0.374479060850658,0.444044812705513,0.326731310714002,0.423853756772252,0.379556297519356,0.482841293584104,0.415067027635845,0.479880709361329
2039,0.374023480493075,0.443670682437234,0.325870664507641,0.423448928857193,0.379279812271905,0.482653316127676,0.414561746182411,0.479570764831226
2040,0.373653802546398,0.443227563062913,0.324938609169464,0.423093732177388,0.379075255756259,0.482478097019048,0.414121951731922,0.479213762641544
2041,0.37321377399052,0.442850579872004,0.324074121869623,0.42264760036096,0.378775418047941,0.482239683030976,0.413591783611524,0.478892101381193
2042,0.372709351904734,0.442521418255684,0.323236175570814,0.422166558844293,0.378386187477702,0.481866480845971,0.413042271767041,0.478524254525878
2043,0.37226354010836,0.44216445185294,0.322371247900278,0.421725423881602,0.378087431686061,0.481631136474383,0.412539151640255,0.478190946005792
2044,0.371862674862979,0.44179355075889,0.321483543616992,0.421215859662872,0.377774739889229,0.481387415962749,0.411992355019494,0.477856846827974
2045,0.37140317060906,0.441456024865425,0.320674060389216,0.420773827596515,0.377505535220031,0.481273601251056,0.411467989781956,0.477625364646746
2046,0.370907356629171,0.441092124277173,0.319823278499654,0.420378540436919,0.377248237157645,0.481122993737997,0.410974089075923,0.477336123372097
2047,0.370442163905493,0.44072852507497,0.318970161187972,0.41996689776809,0.376957344110873,0.480911536314253,0.410438751008317,0.477000000003913
2048,0.36996608152857,0.440355522917976,0.318193580520781,0.419497122390914,0.376602833989692,0.480639702878239,0.409872377559636,0.476690906721547
2049,0.36947662798959,0.439976599057463,0.317457143053042,0.419008455533487,0.376289595435527,0.480331237363097,0.409357506078654,0.47636029998557
2050,0.369062938026495,0.439635905885878,0.316740028160051,0.418627364533357,0.376039837680899,0.480130438953111,0.408888745536337,0.476073750479157
2051,0.368774347099528,0.439325680737207,0.316055564572538,0.418362701988407,0.375940575279064,0.480081585584967,0.408543843783216,0.47583147141459
2052,0.368370344983849,0.43899198989633,0.315403164218402,0.417971595808551,0.37567042961072,0.479885195904075,0.408090846526148,0.475571836382394
2053,0.367893778960716,0.438655943236018,0.31475782988842,0.417554595471333,0.375286213817644,0.479606935588073,0.407558296796039,0.475299893583811
2054,0.367519324653967,0.438337724463607,0.314178498768379,0.417208775748845,0.375029884803668,0.479423129448383,0.407140573506506,0.475065722898736
2055,0.367136995924224,0.437966140134406,0.313609167723345,0.416783606887742,0.374769097620312,0.47922581555989,0.406734827206728,0.474827889617621
2056,0.366807761381399,0.437708910426275,0.313151753368797,0.41646300830411,0.374526992345453,0.47905823076981,0.406385329717377,0.474634158358143
2057,0.366603297071743,0.437590160310179,0.312846902607045,0.416307688665509,0.374375334060525,0.479008699199079,0.406145460472888,0.474527094711231
2058,0.36634178466204,0.437379717006975,0.31248632439524,0.416067795872208,0.37423698858269,0.478881811534297,0.40587154481604,0.474364613248616
2059,0.36607349649272,0.437166640840979,0.312153455942535,0.415797015856851,0.374147763177173,0.478684275950828,0.405560469241532,0.474184020876961
2060,0.365750549617405,0.436937281229359,0.311840595281016,0.415532606294756,0.373895318672226,0.478475570198539,0.405330929798662,0.474014086624395
2061,0.365516290092238,0.436768717717669,0.31159057371572,0.415339602498383,0.373740771354689,0.478380823858907,0.405133906934954,0.473838948677441
2062,0.365379962379122,0.436624307486559,0.311326522492038,0.415165297203416,0.373678341166131,0.478393991764164,0.404966015511538,0.473709836173567
2063,0.365184924889956,0.436478238629321,0.311151899689617,0.415005616485533,0.37359230329003,0.478355624388079,0.404808784361242,0.473639452571487
2064,0.365030534537231,0.436417868572397,0.311131837892023,0.414936822357062,0.373497109847102,0.478398533261475,0.404710464715983,0.473683596889936
2065,0.364861851100549,0.436334135810013,0.311003835354437,0.414799142873208,0.373410565288373,0.478375987944015,0.404537320635271,0.47360900476543
2066,0.364638243789862,0.436171584290417,0.310836033189029,0.414599755880258,0.373365298237537,0.478284253526066,0.404319460406496,0.47350861675832
2067,0.364462936483877,0.436100172704429,0.310736779121166,0.414457932495623,0.37329205343183,0.478232435023931,0.404170879700501,0.473462015115539
2068,0.364348170547353,0.436169652381136,0.310619640901424,0.414309658636851,0.373163983397951,0.478192740975847,0.404019863684691,0.473387568122019
2069,0.364208600221476,0.436134644985653,0.310565293724659,0.414215032690168,0.373094689422244,0.47819118760682,0.403892059969739,0.473320477963164
2070,0.364047515987352,0.436059345691953,0.310669564976188,0.414223318531606,0.373123293923563,0.478276312864366,0.403864149654201,0.473354855513294
2071,0.363911719133796,0.436007912295149,0.310621040749274,0.414150597741958,0.373048343760809,0.478233573239787,0.403751014226774,0.473288004415736
2072,0.363792638162517,0.435972280773943,0.310480522514811,0.414080968576416,0.372898452614753,0.478143472774654,0.40356383227155,0.473072187230746
2073,0.36367941975157,0.435833354438921,0.310404823076971,0.413957818061134,0.372792352484984,0.478044495826681,0.403417041909591,0.473003054486127
2074,0.36352142090979,0.435789902663862,0.310344987478098,0.413863256179012,0.372774844641766,0.477940250118023,0.403367134410505,0.473015965535454
2075,0.363456402409289,0.435795813439581,0.310228085646014,0.413766792772103,0.372699014588211,0.47788415452492,0.403226719459042,0.472904591154787
2076,0.363394297360996,0.435675738515019,0.310214386658729,0.413741704982335,0.372672525754441,0.477967922989604,0.403123051749805,0.472855713831407
2077,0.363216112791576,0.435586387376301,0.310235232018536,0.413690470545539,0.372657959948849,0.478009070351573,0.403068697971768,0.47279025479688
2078,0.363146078975223,0.435544685870932,0.310177526958495,0.413619908051326,0.372597478549728,0.478013796461914,0.402960506346761,0.472745958835095
2079,0.363195844985377,0.43550636510024,0.310069504198724,0.413522918717585,0.372420167127312,0.477958478459132,0.402783142386697,0.472695089942824
2080,0.363077092219263,0.435426040377427,0.309957516032487,0.413442704562764,0.372368422774932,0.477960739070656,0.402672190023308,0.472619177939503
2081,0.36284952201928,0.435363572371759,0.309768615266619,0.413333675657221,0.372420043301114,0.477995847787333,0.40256476868925,0.472556776429736
2082,0.362778898478105,0.435356286120746,0.309679957695521,0.413256709482848,0.372377824986733,0.477981460963036,0.402491164520034,0.472506726863216
2083,0.362683655372812,0.435332405745878,0.30962948828996,0.413188496863777,0.372298965714424,0.477934674129882,0.402473250334419,0.472376046459999
2084,0.362597333975983,0.435299298891268,0.309559205496852,0.413129584683256,0.372248077921562,0.477919990081686,0.402398494798674,0.472315071090018
2085,0.362700949915685,0.43535852138731,0.30959480982795,0.413119334031167,0.372139859489214,0.477899281386363,0.402328955360737,0.472378666956128
2086,0.362669246957187,0.435362370208938,0.309510933018711,0.41309295142472,0.372089219306134,0.47786896414769,0.40225981943495,0.472348021772067
2087,0.362523230042716,0.43530201820768,0.309309158484299,0.41310946516546,0.372098265547795,0.47787591312359,0.402146211595359,0.472252055903953
2088,0.362359424769229,0.435223144180871,0.309148100124444,0.412999188251441,0.372134714715978,0.477865747942266,0.402044777250441,0.472193048663303
2089,0.362266648563994,0.435179008278233,0.309023573262179,0.412926943783513,0.372090432633716,0.477766420874748,0.402032596300458,0.472209588236903
2090,0.362197586955936,0.435161901413913,0.30897803807692,0.41288776106072,0.372100230397973,0.477724098546362,0.401997366637272,0.472219579100039
2091,0.362256358182029,0.435102260719901,0.309039929944628,0.41291480679391,0.372101159424248,0.477775066952079,0.401975075129139,0.472247032586391
2092,0.362267552523588,0.435031706960686,0.309045225431006,0.412898983988154,0.372079681061442,0.477754445760516,0.401975013208228,0.472315790046003
2093,0.362267002385517,0.435037911927622,0.309041612526808,0.412888027972971,0.372088863721919,0.47780067329077,0.401959483447054,0.472353592237278
2094,0.362293863471917,0.435101488836777,0.309017123187053,0.412900538431502,0.372138071109619,0.47792207977037,0.401928178072093,0.472337710467843
2095,0.36228882492193,0.435154665599994,0.308995113472599,0.412908005217888,0.372143949610862,0.478021856586423,0.401933381213891,0.472348290686615
2096,0.36221859199046,0.435253805281808,0.308964526102116,0.412871475667637,0.372137948493284,0.478142400582049,0.401949443138421,0.472396164862794
2097,0.362218495264776,0.435333279606171,0.308936099199843,0.412889282981393,0.372142777848801,0.478219677487004,0.401955947689149,0.472410266804383
2098,0.362251956256078,0.435418653333084,0.308889371620137,0.412952485588394,0.372114587153341,0.478273478167137,0.401974607877693,0.472377204276207
2099,0.362256077849282,0.435472977357936,0.308874640198704,0.412971166603979,0.372134481763383,0.478319840814818,0.401993707056608,0.472384847725337
2100,0.362235229672622,0.435491581250003,0.308871199497763,0.412975086880228,0.372172296812138,0.47831060168585,0.401986351619868,0.472388477979816
2101,0.362287197408424,0.435582559670359,0.308865536614182,0.413027869913778,0.372221636064133,0.478385076660704,0.402033952880023,0.472432934786022
2102,0.362380973198844,0.435732260064866,0.308875665841958,0.413096986877648,0.372273864233698,0.478535898051468,0.402133768281672,0.47253658126213
2103,0.36245077448128,0.435799137909972,0.308880631609923,0.413147713645552,0.372406907392237,0.478624414011441,0.40220421259388,0.472602130705396
2104,0.36258564192713,0.435832012999945,0.308873144396235,0.41322623581767,0.372501670698817,0.47868411415168,0.402242450908781,0.472605706050896
2105,0.362694534337193,0.435913779844096,0.308972917468661,0.413336183685107,0.372599306309382,0.47882706589373,0.402381851836084,0.472707418257682
2106,0.362747783751756,0.436044919855843,0.309109870583029,0.413515439042942,0.372766972824091,0.479072796140225,0.40258351177296,0.472856893462124
2107,0.362883505679066,0.436147650361733,0.30916541531337,0.41367415565719,0.372883032528176,0.479224155152059,0.402704511671035,0.472921661535931
2108,0.363048237898843,0.436349364270749,0.309294118134112,0.4138694764534,0.373023218894124,0.47940990760355,0.402857392611089,0.473077430552775
2109,0.363279110734501,0.436767597232827,0.309481152177546,0.41416744674465,0.373185157399116,0.479669574655233,0.403060703763599,0.473368025112368
2110,0.363448050776568,0.436971379416566,0.309608960803507,0.414368695664662,0.373369456699431,0.47989452263183,0.403252639222749,0.473529785307986
2111,0.363620572925429,0.437049552088232,0.309731005366132,0.414511118728109,0.37356280695133,0.480057513938936,0.403412374455101,0.473613871036797
2112,0.363806468645228,0.437261775935493,0.309865915832996,0.414695738962893,0.373733395690771,0.480302159581482,0.403612917789979,0.473798717467171
2113,0.363958463128789,0.437450451853591,0.309963887780525,0.414842603584831,0.37390964159889,0.480633499074563,0.403858992591949,0.473968088641815
2114,0.364152319038602,0.437663650728265,0.310073720884056,0.415052243494965,0.374112318726841,0.480877324731521,0.404065940569536,0.474176480005601
2115,0.364383490866366,0.437972723823598,0.310192917863131,0.415317083167431,0.374290091734423,0.481051191992645,0.404235852366193,0.474491562697623
2116,0.364619335376889,0.438275956423932,0.310376872634903,0.415566066108429,0.374514969143886,0.481317426524594,0.404478076595876,0.474760447952005
2117,0.364869602111577,0.438584092496807,0.310632159939709,0.415843557788214,0.374836983887194,0.48161215724753,0.404767369118408,0.47501140920468
2118,0.365115462888275,0.438853802280052,0.31076381806612,0.416116491767035,0.375064292773791,0.481911966161805,0.405023888967481,0.475250397030389
2119,0.365353402321841,0.439217980146422,0.310990557331535,0.41634498876202,0.375234931282403,0.482224461463197,0.405347345158424,0.475601726217659
2120,0.365649870327544,0.439521069958036,0.311241590805927,0.416646680987742,0.375524744155584,0.482483797011703,0.405620293797388,0.475917845176225
2121,0.36595148484524,0.439753340328168,0.311384121107793,0.416975252551526,0.375852458932099,0.482780867578229,0.405845044525496,0.476201687409851
2122,0.366244342369237,0.440100669462771,0.311583279453371,0.417223032331034,0.376096854634934,0.483094383497092,0.406153661445364,0.476473342511118
2123,0.366498960054826,0.440374595555028,0.311820095350381,0.417466265829865,0.376306111532771,0.483316604303605,0.406378362900086,0.476578594771979
2124,0.366732264702267,0.440580788372077,0.311946176944863,0.417774335409241,0.376520391248413,0.483569352696933,0.406514176982688,0.476722351011494
2125,0.366994643036775,0.440896267404835,0.312094516386241,0.418061863000254,0.376775866087917,0.483809024356089,0.406749784004284,0.476957706344955
2126,0.367222240115048,0.441310219515038,0.31224428304887,0.418374605041575,0.377009447531006,0.483925287836494,0.407004598656699,0.477286481571604
2127,0.367483005443324,0.44157602984377,0.312377640049937,0.418631540634724,0.377262894886789,0.484162469649322,0.407237825250872,0.477516072259311
2128,0.36783424283834,0.44180772124788,0.312512007186143,0.418868960491867,0.377615205618958,0.484546341025973,0.40756492479598,0.477758934340656
2129,0.36807013537955,0.442074064219931,0.312572190985306,0.419067609241073,0.377848035137762,0.484786678241872,0.407761496017435,0.477984432579694
2130,0.368225538185726,0.442295001843448,0.312563871458668,0.419188311940953,0.377980817973454,0.484995898673269,0.407831659937934,0.47816910148674
2131,0.368411849210008,0.442465842580389,0.312600100132595,0.419360329651281,0.378139219212842,0.485152595191288,0.407948369641004,0.478334397288765
2132,0.368569392066254,0.442654299380037,0.312594007991254,0.419564519340504,0.378277624987568,0.485197346654146,0.408024388745206,0.478514416013006
2133,0.368737047096084,0.442865113854388,0.31262081797363,0.419756065830215,0.378453222592427,0.485324311478474,0.408170345946835,0.478683633468859
2134,0.3689460564732,0.443045988157189,0.312772468456921,0.41997755884084,0.378657950409278,0.485503711728945,0.408422673273843,0.478821021529375
2135,0.369110192124932,0.443126066471542,0.312755032234737,0.420145967446551,0.378806474280379,0.485605562723548,0.408534679341595,0.478899496431509
2136,0.369168143548961,0.443324793585533,0.312613113232214,0.420268905373486,0.378980998680584,0.485636948828454,0.408614202809817,0.478989777541283
2137,0.369192071606242,0.44349793909033,0.312533299589137,0.420270150328011,0.379132277300024,0.485668673541974,0.408655364622735,0.479119226524251
2138,0.369296330377456,0.443544037762186,0.312401139270364,0.420299140791963,0.379214820842067,0.48565747339547,0.408599440050579,0.479122098607127
2139,0.369359654084921,0.443477263724312,0.312255751809004,0.42033629290683,0.379262556940287,0.485589336154815,0.408594007884345,0.478976793705811
2140,0.369401595353765,0.443451660245838,0.312227462977475,0.420350949549124,0.379312469794275,0.485594620531555,0.408696259622029,0.478951865281877
2141,0.369542190223297,0.443529634548402,0.31214290059631,0.420448099904894,0.379281575006335,0.485591663279601,0.408806708524523,0.478997281924071
2142,0.369563510706221,0.443524486065809,0.312029102660325,0.420458265482532,0.379269794700523,0.485533314664126,0.408811483200729,0.478916483854513
2143,0.369424386320594,0.443536818114002,0.311874675718173,0.420394791724208,0.379298631465459,0.485391490032315,0.408766477285519,0.478837654477575
2144,0.369421119981741,0.443507211942087,0.311757875721967,0.420361143853877,0.379223364810859,0.485308883871949,0.408728161509647,0.478728581627738
2145,0.369485884142808,0.443381294256864,0.31162399141528,0.420317334824406,0.379000247811941,0.48526705634376,0.408592862170177,0.478414517955626
2146,0.369463510849246,0.443303707582073,0.311498175452227,0.420270922520451,0.378919384787513,0.485135774686989,0.408506343568308,0.478294513787056
2147,0.369515471271044,0.443282890421103,0.311416258771605,0.420253823905586,0.378900067979412,0.485000820892276,0.408528783858559,0.478416933180595
2148,0.369442173340188,0.443200876302185,0.311271068129563,0.420186759039677,0.378777239937709,0.484807930441115,0.408417070364491,0.478289968562874
2149,0.369154935263832,0.443088293218237,0.311081091009922,0.420067451468522,0.378701142377589,0.484464780256233,0.408152339928821,0.478026438530645
2150,0.369025959857718,0.442985805505887,0.310916176700638,0.419970030792557,0.378610114254721,0.484232516657878,0.408025666573617,0.477894017836908
2151,0.368940969389196,0.442901247693304,0.310754198861117,0.419855680949567,0.378472595822142,0.484064071900233,0.407961870566339,0.477746364440731
2152,0.368836406396986,0.442709010351445,0.310544637863409,0.419747216408759,0.378172141133957,0.483845184561743,0.407781941426093,0.477498657615018
2153,0.368744613095732,0.442484446719053,0.310385663298521,0.419652339896085,0.37805230421274,0.483550826897736,0.407640891840936,0.477396094240863
2154,0.368648521558212,0.442260938994884,0.310165442909947,0.419535931209014,0.377989130308572,0.483240295214929,0.407579299505767,0.477297787021898
2155,0.36843314332518,0.441974109073131,0.309871466769597,0.419330160445985,0.377809262684164,0.482899567741776,0.407343892152745,0.476927422965228
2156,0.368182882253108,0.441741389539606,0.309672864481992,0.419103619833903,0.377579477403742,0.482564824141064,0.407094945604628,0.476508256707761
2157,0.368078276100005,0.441609070915888,0.309466221052387,0.418908115103943,0.377370327900979,0.482345064510403,0.406956864367508,0.476289295031254
2158,0.367959353087504,0.441403792173505,0.309199751318909,0.418637261151133,0.37716759908282,0.482068649778924,0.406666380903525,0.476050541477511
2159,0.367745019100906,0.441190304632542,0.308998628106945,0.418424927822328,0.376948040503333,0.481709752421341,0.406486103733034,0.475756895014791
2160,0.367464613207315,0.440954584775933,0.308830449845518,0.418273595232393,0.376740952574103,0.481190763016982,0.406368456676572,0.475514771885996
2161,0.367278580631214,0.440720477444261,0.308654033659266,0.418067615508516,0.376543075081488,0.480871321499345,0.406200514268281,0.475246761402951
2162,0.367052908473066,0.440507743760531,0.308521450751948,0.417837189899665,0.376333765249169,0.480644116191951,0.406063382079501,0.474869452074506
2163,0.366867386638456,0.44024646537218,0.308378882631945,0.417631930699312,0.37611726727627,0.480321957189196,0.405894881607767,0.474571330906165
2164,0.366796204155318,0.439887970554437,0.308210536449349,0.417389010968925,0.375919842812345,0.480024751030247,0.405607182328519,0.47434168042374
2165,0.366638974095918,0.439627492823502,0.308060444634228,0.417186621663064,0.375706268136271,0.479731530486785,0.405446979198282,0.474076913989037
2166,0.366372992811911,0.439390876759485,0.307905418672933,0.417033844708424,0.375393586713316,0.479333560576465,0.405404384318245,0.47375324111572
2167,0.366202521727574,0.439148562558585,0.307791557418612,0.416862360836704,0.375198055350733,0.479017611205691,0.405275657468815,0.473508021583511
2168,0.366090943546256,0.439009552146196,0.307707906837721,0.416725001255799,0.375162595429064,0.478861382379032,0.405137202961719,0.473403137007069
2169,0.365979062806061,0.438805855180352,0.307638639724819,0.4165428808989,0.375002129550317,0.478599791436351,0.405019628413413,0.47317149222241
2170,0.365968772728683,0.438603444228149,0.307659211422556,0.416352671095352,0.374844838773298,0.478333647662595,0.404897429044189,0.47293380186017
2171,0.365800094184361,0.438244923512663,0.307553052566103,0.416095085083425,0.374637529411973,0.477917481575599,0.404690791061959,0.472566587692336
2172,0.365622200002133,0.437925487142403,0.307388893015654,0.415889447727992,0.374428064828388,0.477506586101756,0.404573062870023,0.472316835161932
2173,0.365536694972986,0.437698894441519,0.30746545304339,0.415684883626368,0.374126964525383,0.477224975591066,0.404632234576151,0.47211421211374
2174,0.365281761350876,0.437403871541177,0.307538717305095,0.415372354413566,0.373859373834453,0.476961141296074,0.404453507654422,0.471819174316709
2175,0.365069309410651,0.437097962546483,0.307522626080562,0.415146601988975,0.373771085923445,0.476675452869442,0.404261912597111,0.471689285987458
2176,0.364921006123121,0.436831229194122,0.307578757944541,0.414980919204963,0.373550876414683,0.476344436153774,0.40414829113341,0.471392334042397
2177,0.364627539075301,0.436507967515717,0.30757095502566,0.414725229357465,0.373196548534519,0.476012128058646,0.403839520671363,0.470877155095128
2178,0.364417108515437,0.436168577230815,0.307537802097997,0.414480674509071,0.372946617043762,0.475609275410652,0.403621357649094,0.470526125075481
2179,0.364313669146056,0.435835234330791,0.307430279963079,0.414350968643806,0.372763992229612,0.475080758343283,0.403487204908404,0.470285003400468
2180,0.364066952880785,0.435469718651958,0.307404614779463,0.414056626566575,0.372434977041449,0.474657284723153,0.403278443146426,0.46990371584916
2181,0.363715193315839,0.435024252926481,0.307374028199297,0.413531726839853,0.372025447346079,0.474264634718791,0.402989619233302,0.469454448809385
2182,0.363450027617512,0.434631148763033,0.307358164713113,0.413231188241659,0.371722461100594,0.473813937323847,0.402767197904376,0.469076476960655
2183,0.363161761796234,0.434307029812046,0.307400439016924,0.413052905315044,0.37139696622016,0.473423044121695,0.402590237455648,0.468664357373439
2184,0.362878360209953,0.433888397966294,0.307423554544887,0.412737910232837,0.371030717314273,0.472917212052468,0.402342692316177,0.468237828087475
2185,0.362688891655306,0.433401618385996,0.307443807473063,0.412476428233373,0.370765407972031,0.472235127244267,0.402091086203928,0.467893517493209
2186,0.362412157560768,0.432966928063193,0.307456410008894,0.412177326321271,0.370436869334105,0.471705760473093,0.40182190066546,0.467496272099871
2187,0.362024389808562,0.432534146302113,0.307515660499484,0.411705905534405,0.369921441155677,0.471280932028554,0.401499432555454,0.46703074320181
2188,0.361694501376149,0.432028039835912,0.307476829140591,0.411303016692664,0.369517430456696,0.470722967902935,0.401169710197881,0.466554062405286
2189,0.361424782306818,0.431487988303735,0.307353709085501,0.410933824622497,0.369211116992732,0.470168522479482,0.40082663064178,0.466087481697616
2190,0.361043271314465,0.430995167929468,0.307260899791757,0.410650370792424,0.36889512397654,0.469573432503359,0.400479431928715,0.46557139811957
2191,0.360594616800719,0.430501769459562,0.307176496278008,0.410222372098831,0.368418972463807,0.468883877772816,0.400150763440755,0.464996895613049
2192,0.360235555955042,0.429954506824605,0.307072091049715,0.409804742125589,0.367974245620769,0.468244694507083,0.399823402735768,0.464436882873035
2193,0.359822743246392,0.429385938248064,0.306991945638562,0.409433665954004,0.367522602622671,0.467779329279551,0.399476696952173,0.463934623680022
2194,0.359374977808317,0.428818085467879,0.306977143782067,0.408876521764975,0.367018395658794,0.467233378136494,0.399130233945809,0.463365848269255
2195,0.359032169970158,0.428160707011285,0.307040019247226,0.408378465461619,0.366608335491179,0.466589787748879,0.398744091117696,0.46280716708495
2196,0.358702104062873,0.427512366588481,0.307015757785809,0.408011348601399,0.366311068856515,0.465922621409292,0.398293607979587,0.462294440652417
2197,0.358272006296755,0.426913164882295,0.306986474506897,0.407555915855843,0.365887645072061,0.46527009619578,0.397879105972834,0.461731248887581
2198,0.357738448389248,0.426447544259844,0.307031426373713,0.40709670677319,0.365392611557807,0.464578180476903,0.397493237952746,0.461152250242047
2199,0.357307972811953,0.425796083681805,0.30697754911705,0.406630558996651,0.364950816897481,0.463908806520923,0.397070134440428,0.460553272458167
2200,0.356873232828407,0.424990996824067,0.306787958003684,0.406105692296217,0.364497232380854,0.463231171171651,0.396604818262115,0.459894736010342
2201,0.35643244969237,0.424363673759979,0.30670029303186,0.405631724042373,0.36401614566357,0.462587512950674,0.396180112686616,0.459316710824265
2202,0.356059358785594,0.423752339047524,0.306592867555529,0.405185661991783,0.363529033795683,0.461912562085574,0.395719760110543,0.458745688162924
2203,0.355645180361868,0.423126718924568,0.30653388393917,0.40472849406063,0.363092328238425,0.46130644050102,0.395338525064479,0.458195699367819
2204,0.355090676287284,0.42251595351986,0.30652024724114,0.404245093492503,0.362598905727845,0.460775408902374,0.395022057721537,0.457683666946625
2205,0.354729251507365,0.422064078856449,0.306544073962803,0.403860625398724,0.362214075074978,0.460293778939682,0.394719832958663,0.457212270022776
2206,0.354443962840249,0.421604158642599,0.30658754442148,0.403433348993624,0.361872405240486,0.459758162983839,0.39441363210495,0.456618991098299
2207,0.354225969028345,0.421274450387922,0.306717391304662,0.403189479007661,0.361663918734776,0.459394239271645,0.394205229564836,0.456324703872958
2208,0.354101600430233,0.42120852844947,0.306904983702875,0.403121654286625,0.361556449915189,0.459171662042358,0.39400599028501,0.456289069609941
2209,0.354059848797473,0.421064680225581,0.307102999223474,0.40304095054739,0.361472603121167,0.458990296558297,0.393934850293662,0.456174423018543
2210,0.35412322878658,0.420884120850147,0.307385376364844,0.40300885678524,0.361519291222485,0.458872424658781,0.39402034209584,0.45613389984059
2211,0.354181435692662,0.420738355654736,0.307680028586252,0.403116404187111,0.361587298853153,0.45891630269897,0.394115654541816,0.456238732587089
2212,0.354293791567042,0.420841695854481,0.307835521563877,0.403258168342627,0.361582715111347,0.459048301560409,0.394221479929361,0.456314105373518
2213,0.354580761176213,0.42113224884473,0.308076912770873,0.403343536052141,0.361668259698062,0.459140276503797,0.394378019857344,0.456422433407075
2214,0.354797118499978,0.42139455519234,0.308372143489877,0.403556874919879,0.361859659084181,0.459315648596026,0.394515980073449,0.456674465922492
2215,0.355012138399366,0.421639418804261,0.30863433214855,0.403862247574762,0.362091863149167,0.459629537506575,0.39472135323061,0.457000698992935
2216,0.355345104502724,0.421849947754871,0.309035505921899,0.40409559000436,0.362337134203001,0.459920045578405,0.395034738646556,0.457297782361961
2217,0.355608381036743,0.42199391987354,0.30947092404006,0.404380606267896,0.362513596764756,0.460100148798823,0.395259946306356,0.457584313529782
2218,0.355859779826156,0.422243833710103,0.309819757285814,0.404664602695174,0.36270295081988,0.460374296638921,0.39551155389826,0.457883400585095
2219,0.35611136245584,0.422669804084316,0.310141338305328,0.404947803307506,0.362827139527531,0.460737770816936,0.395817062645619,0.458243491181962
2220,0.356353043243556,0.422917949669747,0.310444733351147,0.405248739723373,0.36304683804908,0.460966843075323,0.396027987132662,0.45850662640292
2221,0.356571988952981,0.423074001692558,0.310684421539997,0.405624000541011,0.363380680602972,0.461130975008238,0.396166157990682,0.458726985953519
2222,0.356795244568062,0.423277759957224,0.310980362622679,0.405880766769117,0.363543148074183,0.461392376652269,0.396361939918118,0.458951364814246
2223,0.357041961675831,0.423431339457007,0.311377259620498,0.406093912609364,0.363601050352587,0.4616603823161,0.396507209964318,0.459127778956412
2224,0.357222579206423,0.423625000118421,0.311561538170177,0.406297015825433,0.363756381136065,0.461828120472027,0.396710693520867,0.459306209293825
2225,0.357343225136251,0.423933809081395,0.311591665918472,0.406425684721992,0.36391455938744,0.462008559987346,0.397071187287726,0.459512169163234
2226,0.357470391855679,0.424088348256091,0.311721177112358,0.406577277349051,0.364021097967239,0.462208968115707,0.397207511212443,0.459650762095891
2227,0.357623222853392,0.424085867401288,0.311835803698558,0.406789477113437,0.364202147427781,0.462310119862109,0.3972581350015,0.459737635835179
2228,0.357690305216432,0.424202235166721,0.311853211603017,0.406874577340401,0.364276508130485,0.462430771896329,0.397266258635284,0.459836977534197
2229,0.35769607665748,0.424361670050288,0.311916889494021,0.406855872124841,0.364134485287762,0.46265283931844,0.397032627217135,0.459867957474816
2230,0.357714315459346,0.424441821049315,0.311909888637126,0.406875932224742,0.364156330168667,0.462803017111742,0.397004860155839,0.459944228005824
2231,0.357698411108191,0.424663469991123,0.311744215680318,0.406884312861174,0.364371910303864,0.462875032166048,0.39725953421674,0.460176347149513
2232,0.357605841525408,0.424665575510602,0.311555317775556,0.406829962343822,0.364384359416593,0.462942583616396,0.397162350849951,0.460182114413649
2233,0.357509683113587,0.424357240740352,0.31135946889096,0.406727023561359,0.364281644918458,0.463025192577784,0.39683502500153,0.459994094511097
2234,0.357372989762551,0.424187710580969,0.311165944919858,0.406637358441102,0.364226192849371,0.463045341824305,0.396647861584367,0.459926788414659
2235,0.357128569313231,0.423981039005229,0.310991839839219,0.406485143727268,0.364060183495704,0.462971155494036,0.396364776524407,0.459793486940782
2236,0.356882492844582,0.423825963660934,0.310618537990905,0.406385431211072,0.363948014456038,0.462956413790713,0.395998581864442,0.459642165350792
2237,0.356713393405467,0.423698466852567,0.310274196307358,0.406251204748757,0.363839162651184,0.462894749107087,0.395819923669948,0.459633135724946
2238,0.356438849240374,0.423595402060919,0.309873878473719,0.40601481692912,0.363788085543224,0.462795185531766,0.395677588893613,0.459601055844421
2239,0.35608196226432,0.423250686583527,0.309202460420033,0.405549299456745,0.36361242913488,0.462662605759501,0.395256408428855,0.459328356880223
2240,0.35570725083688,0.422762815801872,0.308514553262651,0.405044933300888,0.363294749237389,0.462465895415904,0.394763598139601,0.458936458614336
2241,0.355262337124652,0.422339003415795,0.307877271198284,0.404633950621756,0.362983854642089,0.462259100597125,0.394236962634025,0.458461512217911
2242,0.354781414498053,0.421824057842342,0.307186721689739,0.404205389124584,0.362771411442196,0.46207084348641,0.393693762510999,0.458109492391453
2243,0.354307226617647,0.421340740497978,0.306471517878175,0.403785273922975,0.362541001244257,0.461881948881374,0.393135619754174,0.4578187642136
2244,0.353826283482885,0.4208943061293,0.305766675721062,0.403454392421243,0.362305085290846,0.461703003450139,0.392496547987346,0.457640196141495
2245,0.353327778301216,0.420443884715372,0.305022306810845,0.403023605165329,0.362030645531957,0.461505696265576,0.391953901313553,0.45730725015902
2246,0.352816704186853,0.419972775088442,0.304248882074318,0.402545915476964,0.36177575121411,0.46132089630621,0.391530951423403,0.457032887499434
2247,0.352273410871181,0.419452399580535,0.303389387428676,0.402029945528194,0.361510316055921,0.461120469666525,0.390915258917715,0.456624635818615
2248,0.351697270744879,0.418945089676414,0.302486663273577,0.401430431261836,0.361209545960676,0.460872797938567,0.390190667816697,0.455985072678123
2249,0.351138162701069,0.418404856802454,0.301564384369112,0.400913070065144,0.360927392313746,0.460703258749364,0.389577041123231,0.455571024004141
2250,0.350538001828448,0.417724792873683,0.300479619964063,0.4003589503306,0.360666204572963,0.460564592729004,0.388869433268478,0.455241736247173
2251,0.349993146970328,0.417206376353324,0.299549610368861,0.399860838008795,0.360364980931557,0.460382631302235,0.388246546929583,0.454829954118987
2252,0.349523172347381,0.416814113244051,0.298781246285732,0.399528115462693,0.360003726279979,0.460246397256248,0.387854083395524,0.454471375461968
2253,0.348977272612058,0.416317572301206,0.297851055973639,0.399039541649697,0.359705383957821,0.460102764580433,0.387262597553072,0.454110197846174
2254,0.348287028738251,0.415760485650533,0.296762789142532,0.39833499174113,0.359388344827314,0.4598003956127,0.386371300775126,0.453654328200257
2255,0.347819200353377,0.415357667262821,0.295869431037446,0.397885108912793,0.359170981931683,0.459721854920332,0.385804260581825,0.45327904554115
2256,0.347514183035182,0.414961223533903,0.29499364089571,0.397583697411674,0.359047904764933,0.459868740697085,0.385414940730962,0.452972440350011
2257,0.347084792919916,0.414617862004104,0.294147122513652,0.397167426034162,0.35888500258183,0.459871968967981,0.384961034810328,0.452659573418912
2258,0.346747013007989,0.414546672450168,0.293568856921445,0.396864161659578,0.358767256169023,0.45996077229457,0.384743143510614,0.452375470810374
2259,0.346405551499023,0.414262950504821,0.29282892379226,0.396520769284639,0.358671445122349,0.459979949311707,0.384358525724907,0.452098319799797
2260,0.346034135881756,0.413819027711854,0.291973571080978,0.396078444718751,0.358592934871562,0.459920242178767,0.38383174836846,0.451819864424136
2261,0.345443888778182,0.413414032916925,0.291026998104932,0.395546914597106,0.358443654368114,0.45971231492817,0.383200295177524,0.451599781720772
2262,0.34517175250846,0.41313362289721,0.290335161180701,0.395246461661091,0.358464460802097,0.459745817532705,0.382762976215359,0.451430565769943
2263,0.344981981608933,0.412897778278228,0.289703196494092,0.394979084581413,0.358474057470748,0.459888460733276,0.382466043312268,0.451133770896295
2264,0.344557959599149,0.412768723218964,0.289051980181988,0.394530242010943,0.358356798343693,0.459822199607686,0.382148145903229,0.450869804366807
2265,0.344241037994611,0.412687957907368,0.288497033175755,0.394189443119638,0.358354762014048,0.459857006394011,0.381805787117269,0.450785404636132
2266,0.343974834715259,0.412386329004313,0.287867754257723,0.393927413571872,0.35828603080649,0.459905093571006,0.381385789807384,0.4505924351371
2267,0.343660909059918,0.412066484723116,0.287166329104966,0.393681402399755,0.358106000308807,0.459786175495034,0.381003181536976,0.450355928905359
2268,0.343368301702058,0.411824389887829,0.286528606662612,0.393436432339731,0.358003037406664,0.459746732485751,0.38067480853891,0.450128482056674
2269,0.34316165897065,0.411569724033716,0.285939280225446,0.393314405156107,0.357920167840884,0.459810080086309,0.380452844526011,0.449845611501674
2270,0.342931971163646,0.411352614053269,0.285388296554908,0.393059103263834,0.35783971429323,0.459807504814969,0.380086636858192,0.449621742122358
2271,0.342654838861439,0.411260853075793,0.284816235976365,0.392735682630059,0.357779707369283,0.459728217890312,0.379661847828345,0.44948092596551
2272,0.342354020468316,0.410979926081116,0.284334857990445,0.392371267364984,0.357664014367793,0.459648470067199,0.379268021268925,0.449178734595098
2273,0.342136199788451,0.410625872889501,0.284008885701178,0.391962997030641,0.35756816943503,0.459670597941422,0.378803116182879,0.448823085197281
2274,0.34183258788811,0.410275489676462,0.283556051587814,0.391621606243108,0.357424921531194,0.459521288278387,0.37843784808055,0.448494474010253
2275,0.341381741300803,0.4097972761017,0.283061262598414,0.391223094770557,0.357213981240372,0.459144027233653,0.378168865595866,0.448006444984423
2276,0.341045166613383,0.409450126355218,0.282599860021401,0.390854235457679,0.35701083569798,0.458992318017995,0.37783897010338,0.447710460598912
2277,0.340809038640497,0.409197307833672,0.282151075193039,0.390576764952289,0.356809305934309,0.458966315151022,0.377532210846421,0.447655903699898
2278,0.340399117731702,0.408801932626553,0.28162515720297,0.390207247893979,0.35653146386561,0.45870339249566,0.377128549173376,0.447300928304682
2279,0.339854012704387,0.408370127689506,0.281015138639584,0.389758149023122,0.356140417115011,0.45841356815636,0.376659151452055,0.446749135683824
2280,0.339501684906218,0.407995769639758,0.28055616477888,0.389368294473992,0.355905485542827,0.458176331392227,0.376234315107923,0.446444047950423
2281,0.339216142801728,0.407638675992381,0.280125110617121,0.389046994514174,0.355764909958117,0.457725284775606,0.375786400673641,0.446206471845819
2282,0.338817489979903,0.4071611922919,0.279670411966446,0.388610052949099,0.355494604741698,0.457423739275814,0.37530817013388,0.445814880500559
2283,0.338514539764522,0.406607301140312,0.279394140640002,0.3881028016618,0.355225936528825,0.457448795841328,0.374866194205868,0.445571238678691
2284,0.338109706040915,0.406109452694446,0.278941086142956,0.387616479023636,0.354968266014912,0.457115637023653,0.374339721461323,0.445151137212571
2285,0.337433665225689,0.405500786716665,0.278225289545514,0.386990760906999,0.354560581238524,0.456442097490058,0.37358618742066,0.444237277963571
2286,0.336953257468094,0.404969156871681,0.277734101374859,0.386518759895405,0.354275457662767,0.456063273372673,0.373098821442189,0.443765169003185
2287,0.336673283021502,0.404676114934306,0.277400559852836,0.386255472868613,0.354242761624884,0.455721200134706,0.372806137174653,0.443732032108347
2288,0.33625276661956,0.404170835347965,0.276930605127644,0.385807821704529,0.35396151957908,0.455314928025003,0.372366137296442,0.443344536712167
2289,0.335735258430852,0.403391790966982,0.276489899867601,0.385303717076594,0.353467825059074,0.455133901781567,0.372024805351211,0.442942212760169
2290,0.335329839350341,0.402830547953644,0.276025688366437,0.384826224510005,0.353121683022806,0.454796486739249,0.371642228432723,0.442515477671693
2291,0.33495122411766,0.402348392319922,0.275358853653931,0.38419383630589,0.352744378307373,0.454094653724178,0.371091116144102,0.441730692475971
2292,0.334527386730642,0.401820350715044,0.274831744999561,0.383660097331332,0.352380605576063,0.453672648508165,0.370588457018999,0.441171237648712
2293,0.334178013984208,0.401426706667661,0.274427303752272,0.383239026098471,0.352196437218519,0.453541571716528,0.370206236990219,0.440939576082228
2294,0.33381819210068,0.400948474294792,0.274044089740622,0.382794866666783,0.351858537876616,0.45316367812731,0.369726852705669,0.440458738754611
2295,0.333321542823748,0.400370235102832,0.273578292205219,0.382379128005895,0.351428580899686,0.452659850789762,0.368976307297866,0.439777894403596
2296,0.332847459529096,0.39987924730711,0.273207913027678,0.382047503660014,0.351049162774344,0.452443494925251,0.368433347047049,0.439334225601873
2297,0.332413475108081,0.39949921679614,0.27284248366189,0.381661098704228,0.350808686120938,0.452139016057433,0.36825076443827,0.438892907077682
2298,0.332014779272741,0.399063695601119,0.272455061993374,0.381224359677236,0.350599815905817,0.451687377049428,0.367812962127933,0.438437490457306
2299,0.331539780676033,0.398551068547296,0.272018873562095,0.380688552881005,0.350298942269236,0.451269486760024,0.36723047029354,0.437966129749644
2300,0.331022010353253,0.397966394622218,0.271619153672078,0.379972476500211,0.350047536457181,0.450970229374814,0.36668587294613,0.437619046273668
2301,0.33051249521371,0.397455481370023,0.271101946844891,0.37946606870426,0.349670588935268,0.450548305412062,0.366148375283589,0.437141345554817
2302,0.329939338539513,0.3969178901423,0.27037045548402,0.378988733218427,0.349110092892551,0.449900122150173,0.365224111941893,0.4365097768757
2303,0.329492928118036,0.396385405591614,0.269966762220502,0.378551938242446,0.348754738532168,0.449560523244817,0.36477961242508,0.436025026258419
2304,0.329104629966398,0.395845160557752,0.269726556290193,0.378285229440653,0.348449298290476,0.449452022440971,0.364826650775698,0.435630211718825
2305,0.328691696379755,0.39541388208649,0.269308238272971,0.377798907041748,0.348145704906733,0.449065780282605,0.364395822172663,0.435149448150817
2306,0.328349390415819,0.394982246622767,0.268930915714893,0.377135149745244,0.347948389919129,0.448663741866211,0.363755976063774,0.434574248192552
2307,0.327957438909598,0.394619536916643,0.268638707616527,0.376672806729458,0.347646714808911,0.448277726139368,0.363395053639202,0.434208671970023
2308,0.327484067630621,0.394453350508274,0.268214204545283,0.376181713529774,0.347256818819373,0.447673202423435,0.362990118892122,0.433992474337287
2309,0.327158770880025,0.394145360743492,0.267964181826746,0.37585187017811,0.346991010518598,0.447318660587977,0.362658184610305,0.433621985026144
2310,0.326881377596479,0.393756966244361,0.267996056353984,0.375752354672434,0.346784708063594,0.447260146098851,0.362615511394443,0.43324079046953
2311,0.326628495694988,0.393437548866199,0.267869183336481,0.375527443301947,0.346524260333201,0.446887611150998,0.362367327467881,0.432981520113384
2312,0.32653907609585,0.393108053188889,0.267597584382275,0.375324037549198,0.346300792796079,0.446315052463559,0.36185356185798,0.432701705674513
2313,0.326292251699936,0.392806840264521,0.267522062541376,0.37507104114191,0.346054785349847,0.446007206992561,0.361646738417675,0.432388308401809
2314,0.325949151255284,0.392551132504332,0.267637894792121,0.374758371077443,0.345718064804195,0.445717932192303,0.361749717206358,0.432221067600322
2315,0.325711644500442,0.392290730796819,0.267578628667188,0.374511261132338,0.345463808460102,0.445386406195514,0.361508622146178,0.431991990307236
2316,0.325387589258584,0.392052751889467,0.267473020095961,0.374206017948846,0.345262960206593,0.445204087652435,0.36109250909918,0.43150948993158
2317,0.325213040180535,0.391806637715097,0.267459898194792,0.374054416618862,0.345113909910083,0.445036279586698,0.360928913320745,0.431328865367162
2318,0.325291315008639,0.39149801405987,0.267313428274481,0.374084699040119,0.345009698165798,0.444744652958003,0.360627543330894,0.431474797812736
2319,0.325150549591992,0.391310856335866,0.26734710582961,0.373983965822135,0.344893656620548,0.444552421068526,0.360480598931321,0.431378850093373
2320,0.324945278368537,0.391238928103812,0.267784442758976,0.373894790148499,0.344920305594158,0.444717489592539,0.360839443151399,0.431295767172842
2321,0.32476878999601,0.391081523046072,0.267824526267911,0.37380380642868,0.344758826359429,0.444491117591742,0.360800277571459,0.431146313074893
2322,0.32441416757514,0.39105113110141,0.267631509667943,0.3736390977153,0.344423544698113,0.44381164709825,0.360491598613918,0.430796835896188
2323,0.324236923630944,0.390860579379787,0.267570129542008,0.373509072414113,0.344225260135947,0.443563556567352,0.360278498376434,0.430592250398469
2324,0.324317917152644,0.390399892479361,0.267350983954995,0.37354099278414,0.344031997469759,0.443532515836583,0.359885365465603,0.430499164819293
2325,0.324162232074308,0.390119785008282,0.267185472618179,0.373373144521005,0.34378061406448,0.44321681028256,0.359654737452793,0.430298658916061
2326,0.323880410019745,0.389968692079861,0.26723737187919,0.37298793884476,0.343594585161532,0.442963246220029,0.359574972477758,0.43015482384518
2327,0.323711581676588,0.389667833013054,0.267106604686827,0.372712855336428,0.343341316074898,0.442740199989093,0.359429729112315,0.429886914497048
2328,0.323475389613172,0.389317703524259,0.26674174832066,0.372448876109578,0.342900647454965,0.442187093700649,0.359391026022968,0.429417009566604
2329,0.323251799053036,0.389052752959176,0.266516818373391,0.372113801584222,0.342609679062271,0.441828393174682,0.359227410595226,0.42905543531892
2330,0.323221068920692,0.388747289659179,0.266316842218996,0.371811319092417,0.342492823256309,0.441835262840347,0.358951433870677,0.428565475008046
2331,0.323021750254826,0.38837573641277,0.266113842126975,0.371472202921075,0.342232354289063,0.44163824569777,0.358681021615743,0.428254983963355
2332,0.3225334367591,0.387969812961644,0.26598826770213,0.370900835840545,0.341766942620663,0.441220198699291,0.358232060245393,0.428289334752457
2333,0.322262513183546,0.387712561922088,0.265829193336854,0.370504781861517,0.341573595773642,0.440963654089214,0.357973244626251,0.428062633415902
2334,0.32207177544725,0.387449957602365,0.265584387271115,0.370152272547684,0.341436516807188,0.440786281869088,0.357868410857671,0.427706151465445
2335,0.321918393281978,0.387249855916832,0.265456305193074,0.370040860853977,0.341464299357229,0.440604063727838,0.357720901825059,0.427430303561381
2336,0.321708339332367,0.387014256962267,0.265307496291272,0.36976613194074,0.341381533213736,0.440477001416354,0.357632313469846,0.427132811176359
2337,0.321609698632123,0.38678261008267,0.26502703058535,0.369352859734131,0.341249360025311,0.440161642894792,0.357499731606229,0.426869775686738
2338,0.321337495787614,0.386395659123624,0.264622061885457,0.369118070674691,0.341024243995019,0.43959098351733,0.357197598230174,0.426986760205624
2339,0.320880560320628,0.385959768871213,0.264292771620958,0.368992447448953,0.340714266722711,0.43936881395168,0.356947515437365,0.426972720582307
2340,0.320683958628086,0.385688252140506,0.263975680911191,0.368691382059517,0.340469998792335,0.439089734321564,0.356636768244913,0.426634819614206
2341,0.320629468560941,0.385600264608281,0.263621185389003,0.368480260676369,0.340393114473741,0.438875702903033,0.356258809772126,0.425925326408837
2342,0.320449964758986,0.38536769736718,0.26335483567256,0.368249092331477,0.340218596176505,0.438616642974211,0.356025564232211,0.425736042188171
2343,0.320266705429664,0.385068307513024,0.263088376967109,0.367737976290294,0.339824997071882,0.438326113652684,0.355773988647546,0.425550543503043
2344,0.320210676493118,0.384928167012087,0.26304782272689,0.367622821969573,0.339796625822098,0.438246817667801,0.35565431462134,0.425373612195364
2345,0.320137744883029,0.384790796941377,0.263163483036521,0.367863750401968,0.340009188615516,0.438265983155075,0.355673801727717,0.42544364354947
2346,0.320128628738864,0.384797264700881,0.263217184519761,0.367854170759983,0.340134187934854,0.438269456233699,0.355746293528109,0.425583748360878
2347,0.320284989235685,0.385023398745917,0.263475646108799,0.367830235486809,0.340417401072159,0.438427158971635,0.355981601007479,0.425677565431072
2348,0.320397544355618,0.385075573974342,0.263544251883139,0.367835962456885,0.34052406701827,0.438538722878149,0.35597139376121,0.425709653218777
2349,0.320488170833072,0.385084733384568,0.263450671089554,0.367782402529435,0.340550156997053,0.438591095624526,0.355863232749959,0.425993721752992
2350,0.320567488781118,0.385211703413894,0.26348012009981,0.367824086326908,0.340606833084419,0.438700432822414,0.355967556702078,0.426165569931576
2351,0.320656463864925,0.385316006168073,0.263426667406438,0.367899015972999,0.340518184348601,0.438891650424917,0.355928040835857,0.42597824674645
2352,0.320848065632953,0.385501386292413,0.263674850357691,0.368099236719552,0.340707426794854,0.439093697301361,0.356168036445953,0.426166832259452
2353,0.321044389456714,0.385802042092736,0.264125508820443,0.368377967850197,0.341115283147792,0.439227270481279,0.356823336185704,0.426707415243581
2354,0.321258127328189,0.38611735438011,0.264480784078573,0.368675559239517,0.341303605114215,0.439503971454504,0.357207098171818,0.427071775579501
2355,0.321625565431022,0.386502945823227,0.265055443709808,0.369130129251039,0.341537068695176,0.439990481181077,0.357529983859824,0.427459038984593
2356,0.321891752862814,0.386820337024466,0.265472104390691,0.369505238850126,0.34176388954713,0.440295882330639,0.357884975567629,0.427763790735753
2357,0.322050359697531,0.387194573683368,0.26572089623508,0.369882295713369,0.341773926321823,0.440576000108601,0.358258885961354,0.428073123362561
2358,0.322288434655934,0.387484660018849,0.266074745965866,0.370190603111358,0.342007257965779,0.440847483387005,0.358536494524073,0.428318557137951
2359,0.322582304556921,0.387610242551693,0.266608480181362,0.370481724352255,0.342551775714617,0.440991299766182,0.358787131541102,0.428344809634349
2360,0.322857476045245,0.387908869920173,0.266818123378046,0.370745393069575,0.342778556233794,0.441250929200014,0.358993434347614,0.428636158440427
2361,0.323161237196225,0.388389370304092,0.266667387186821,0.37089456306316,0.342798377383765,0.441651408652355,0.359047851451321,0.42907315180648
2362,0.323395865741631,0.388622148924794,0.266968664062591,0.371143020853946,0.343039707446771,0.441892787612737,0.35923490109319,0.429445853562696
2363,0.323622417267909,0.388729868576915,0.267439100133566,0.371447220692055,0.343287133251683,0.441966378186513,0.359420333688947,0.430021544110464
2364,0.323799175503333,0.388966102404346,0.267670807341555,0.371720020095083,0.343492666916858,0.44229720873249,0.359719174209083,0.430360450038951
2365,0.32394261336742,0.389137054114204,0.268141856481537,0.372057667605177,0.343878681531536,0.442832512854645,0.360228588551901,0.430576309964733
2366,0.324002738721876,0.389292758450149,0.26839194778372,0.372286646149608,0.344101241813709,0.44304782435832,0.360508925645679,0.43069271219952
2367,0.323846856196784,0.389621626522073,0.268116254181165,0.372468066635633,0.344066610831419,0.443287359660118,0.360775443104865,0.43053434419638
2368,0.323976491239853,0.389777884114653,0.268230483661259,0.372602330636801,0.344220124424358,0.44346227986936,0.36096970189715,0.43064559926609
2369,0.32424635755984,0.38962985864997,0.268682653509044,0.372578014078348,0.344494568274399,0.443165550009649,0.360876166465659,0.430856962633687
2370,0.324403698617935,0.3897321057637,0.268893821303768,0.372691991473306,0.344689091673146,0.443273025347875,0.361036462514175,0.4309504034653
2371,0.324794936013906,0.390093544949563,0.269054570667659,0.37290490037524,0.344929764178551,0.443826395748176,0.361395710538775,0.431122261170739
2372,0.324940785653706,0.390151658677317,0.26921997342648,0.372991426777837,0.345081226346094,0.444020904155888,0.361593302788843,0.43128225407371
2373,0.32472549889401,0.390036436006497,0.269239551079845,0.372989184032927,0.344954778207615,0.444006524194214,0.361859489037227,0.431370272426293
2374,0.324748015804762,0.390091559044168,0.269385593453313,0.373150839815645,0.345218529576272,0.44424142210232,0.361998995598252,0.431374958487706
2375,0.324887616157474,0.390064363675918,0.269760738340173,0.373425950798164,0.345938921832984,0.444617224944039,0.361928980315603,0.431400912578658
2376,0.324919529831664,0.39003425667294,0.269853017892667,0.373492523156999,0.346125854633149,0.444695600494338,0.361948621951562,0.431414385050785
2377,0.324997155963617,0.390164046606803,0.269677075468265,0.373475211791315,0.346089424792384,0.444741385204595,0.361994407394637,0.431072922005157
2378,0.325010768893369,0.390250626533088,0.269771246343138,0.373642234090534,0.346330344008104,0.444858812525066,0.361987516650451,0.431146172140847
2379,0.324939110695431,0.390178722784113,0.269954934324555,0.373873537260431,0.346424035293242,0.444624219140873,0.361945740609843,0.431794683879
2380,0.324817055855609,0.390192801445285,0.269960368753391,0.373840964878228,0.346424576488435,0.444624049416261,0.361921502690381,0.431919248982542
2381,0.324607164186226,0.390469817543225,0.270095535030572,0.37378097529576,0.346700934796184,0.445077306403333,0.36187443414226,0.431842063893624
2382,0.324473514742862,0.390468686606246,0.270132916006167,0.373831886346255,0.346877765117159,0.445225601095206,0.361817624650101,0.431928478207788
2383,0.324219813272725,0.390130958345037,0.269695619478619,0.373467325929356,0.346625251040302,0.444988581579659,0.361735019018696,0.431713083346698
2384,0.324130461834417,0.390070617933393,0.269666601271382,0.373474504095262,0.346595616791767,0.44513855630169,0.361713900590757,0.431669270693104
2385,0.324264748439087,0.390154143403607,0.270172513368009,0.374113239744525,0.34701160828766,0.445655041210708,0.361721707514572,0.432067581939055
2386,0.324297180968389,0.390031289522095,0.27023281712952,0.374379828511052,0.347067853192507,0.44577709546784,0.361707452596393,0.43217527355533
2387,0.324462710313531,0.389841462300909,0.270147466745082,0.374671674282652,0.346701805635562,0.445848540203278,0.361756836631065,0.432028885816159
2388,0.324424029833169,0.38983911152477,0.270121343419757,0.374690497895092,0.346670103020433,0.445975296927323,0.36176370063443,0.431963736230042
2389,0.324150859084878,0.389928478404618,0.269815445936895,0.374229214231325,0.346814608629942,0.445735586621883,0.361785249291503,0.431875222378943
2390,0.323990910113909,0.389732733141817,0.269607287631858,0.374059867581629,0.346752126994155,0.445669428731877,0.361682189613289,0.431757177884036
2391,0.323650446795984,0.389459730274632,0.269524372381799,0.373812887932601,0.346624555531365,0.44595769483094,0.36144313517904,0.43145230319012
2392,0.323534501781511,0.389362956834542,0.269490505641251,0.373684183400643,0.34672305641952,0.446062899354324,0.361289400254745,0.431456499391038
2393,0.32377302500593,0.388906807147992,0.269473004600601,0.373865247458518,0.346849270243284,0.445946992704014,0.360910888490139,0.431801656223281
2394,0.323762370215889,0.388749178677727,0.269397427378863,0.373921157243023,0.346860484900481,0.445964875971711,0.360825228776136,0.431853555502587
2395,0.323733755313817,0.389504678474462,0.269474210428881,0.374006417649963,0.347208130550211,0.446140667348447,0.361197003724735,0.431912713885504
2396,0.323656936286095,0.389456309223914,0.269413208578193,0.37394272926048,0.347278351228419,0.44613618345479,0.361238898889357,0.43201084978043
2397,0.323357664429,0.388575486414393,0.269222166655494,0.373770230055021,0.346855301651257,0.446052230998083,0.361345171775175,0.43199024889225
2398,0.323134772227959,0.388292603148653,0.268955807078314,0.373590781988151,0.34662772355057,0.445989964243887,0.361259138194343,0.431830844474802
2399,0.322999429068544,0.387942156522003,0.26848937079867,0.373254399947141,0.346427813922855,0.445813568445925,0.360706542152236,0.431728927711825
2400,0.322793509964081,0.387608596294608,0.268176855429164,0.372957772055853,0.346265746119805,0.445631197708651,0.360360240006704,0.431567150916325
2401,0.322606252311543,0.388079918722639,0.267900327720768,0.372602717142031,0.346155630658118,0.445454838741065,0.360130519956671,0.431122023127436
2402,0.322303082553355,0.38797545860332,0.267568478482421,0.372385070486327,0.346080044180465,0.445329369833494,0.359789301414247,0.43071295191313
2403,0.321915887534861,0.38718332021805,0.267366351202751,0.372358659182114,0.346146427573883,0.445343130104217,0.359441307632852,0.430431014068212
2404,0.321459751302925,0.386595440597544,0.267072275522068,0.372149534518262,0.346065246229059,0.445074637508516,0.359080959363542,0.430026861386343
2405,0.320625409881438,0.385724234860889,0.266439718283129,0.372053564199371,0.346032282888601,0.4444652480393,0.358593059457233,0.429239729552957
2406,0.320169200837099,0.385156517984613,0.26613798746222,0.371745694787684,0.345815606821514,0.444204508597269,0.358154114255099,0.428816484694098
2407,0.320183889232363,0.385221369996761,0.266350190744612,0.370949977577774,0.345191313943935,0.44416907618439,0.357953400551627,0.428912050613121
2408,0.319791053150249,0.384686579605909,0.266070493739181,0.37045564538017,0.344850273186857,0.443757989861465,0.357441475983734,0.428501510284273
2409,0.319197793062036,0.383480818979311,0.265496049922647,0.370151617773107,0.344677924987248,0.443396640240453,0.356422842814694,0.42774474202925
2410,0.318880125694221,0.382968495708302,0.265174876961849,0.369696681951856,0.344319625846493,0.443022901703299,0.355857389613093,0.427378092468526
2411,0.318435234749569,0.382831786371639,0.264735938362819,0.369176529373143,0.343949262162518,0.44190111516018,0.355453968511241,0.426865417112471
2412,0.317960207525409,0.382194704514204,0.264166179883172,0.368880648330299,0.343706290425402,0.441340991309948,0.354964885020766,0.42638100416313
2413,0.318032995354343,0.381892329587434,0.263892203422546,0.368892381244653,0.343598299825316,0.441738268936867,0.355216540228953,0.426720716232669
2414,0.317706056117055,0.381441144185606,0.26341989018557,0.36841704962209,0.343131417784321,0.441450833120845,0.354737090481778,0.426390198864753
2415,0.316807808825907,0.38002564332002,0.262367224598048,0.36774698451661,0.342223182293576,0.440885428294571,0.353012921878364,0.425072945323755
2416,0.31608270543017,0.379042925583814,0.261611070253373,0.367227348435698,0.341848578098796,0.44039723267539,0.352194137149633,0.424329213492462
2417,0.315309700516267,0.37863975715963,0.261173735609063,0.366457467683181,0.34173938846705,0.439581863905225,0.351687957282092,0.423769922843438
2418,0.314510493336812,0.378126909619678,0.260550318836825,0.365345915295439,0.341257417856262,0.438467639143247,0.351063410368775,0.423012140409465
2419,0.313948266353111,0.376957845698714,0.259665762858855,0.365527562721568,0.340605773256887,0.438004458395558,0.350792064150382,0.422417049957284
2420,0.313393235264697,0.376288639783429,0.25902290335996,0.365458968626809,0.34077995965246,0.438433690523038,0.350724253556401,0.422115879435234
2421,0.312735164831226,0.375468556886072,0.258623709056856,0.364005754395767,0.340359963602074,0.438205515927981,0.349855912047937,0.421476087412912
2422,0.31205614063637,0.374189878127488,0.258110064931306,0.363133228450495,0.339432035859158,0.437367727024114,0.348697736511885,0.420681442886899
2423,0.31119615326421,0.37341199946246,0.257638907730548,0.362634295311433,0.33880151005583,0.436973296031706,0.347904692525712,0.419880772367001
2424,0.310432264625185,0.372584476158424,0.257382851695747,0.361656066766974,0.338318399495977,0.436170048985726,0.347187286813623,0.41913725399254
2425,0.310161778702694,0.371954079896447,0.25686058256013,0.361336334647318,0.33790925114782,0.435511162957623,0.346690660180329,0.418708022145543
2426,0.309830855943803,0.371623786450603,0.255989864300808,0.36155057259998,0.337299127350303,0.435510154629287,0.346173337104757,0.418168592574343
2427,0.309040647313603,0.370733630881568,0.255270224249705,0.360811162070236,0.336967783174493,0.435233504762383,0.345317463939193,0.417520514032866
2428,0.30838093691613,0.369646342702724,0.25465753966426,0.359490918869667,0.336832008672999,0.434611975667056,0.34446003499799,0.417066722761201
2429,0.307262836015709,0.368355530611583,0.253602274770605,0.358596949620498,0.336062881469779,0.433716349398725,0.343289046448054,0.41602584710223
2430,0.305552120899193,0.366965114841342,0.252481663576682,0.357841360915991,0.335035162852496,0.432907139394866,0.341952982087558,0.414424092850447
2431,0.304712452106662,0.366074018502779,0.251561365124271,0.356730091116143,0.334259545469722,0.431922555622648,0.341134157694286,0.413559340113755
2432,0.304052005598978,0.365371628428715,0.250423802650416,0.355898011008764,0.333572894437768,0.4306659713593,0.340486958384854,0.412872983343426
2433,0.302780448985212,0.364483623355265,0.24938738983036,0.355414290966045,0.333176548290658,0.430025932652477,0.33963704235188,0.412133106707308
2434,0.302280659074966,0.363563703923879,0.248793060473938,0.354614849401535,0.333117362389915,0.430063558835881,0.339049464700726,0.411871688455003
2435,0.301775241649827,0.362669499991868,0.248290037155282,0.354108837098498,0.332784118789292,0.430073205724173,0.338252767764915,0.410992386459381
2436,0.300380174801632,0.361745138016377,0.247747443015565,0.353633517853904,0.331949543506659,0.429545624179059,0.336669036537263,0.409911627657834
2437,0.299651214908083,0.360617467915224,0.24710397440174,0.352572186799752,0.330816671979663,0.428764251584332,0.335518387918885,0.408866928745598
2438,0.299273609951448,0.359623887280957,0.246265985639005,0.351837600469159,0.330067496559046,0.42828270509428,0.335337420968001,0.407836674248993
2439,0.298138307358071,0.358906884667163,0.245357842263932,0.351020781163556,0.329862351837866,0.427508119991603,0.335048127476693,0.407310910036493
2440,0.296998785201649,0.357856277115932,0.244188757576878,0.34973254398351,0.329176789000918,0.426113460079556,0.333995451278857,0.406337758485148
2441,0.29612845008809,0.356876777985667,0.24354674681147,0.349103065837594,0.328102250880319,0.425189772130408,0.332337172598643,0.405471803458783
2442,0.294999019804534,0.355946872007819,0.243483325452975,0.348402617957125,0.327386354486358,0.424469098554523,0.330622653124684,0.40467296000706
2443,0.294134769943912,0.355008963813423,0.242961699564195,0.347712563127256,0.327294061603115,0.424085742908571,0.329573283357798,0.403581836447834
2444,0.293867886940937,0.354425222980336,0.241936512981261,0.34755817949452,0.327116167090595,0.424306120639856,0.329097955540245,0.403078233813023
2445,0.293620468485051,0.353725812044573,0.240683365255065,0.346859794362045,0.326583557029431,0.423966999556465,0.328396557682937,0.402774995730824
2446,0.293125302198215,0.353072653474202,0.239628359823929,0.346104476360784,0.326658388905186,0.423437621061339,0.327475302660525,0.402398684413651
2447,0.292339639123679,0.351944739866341,0.238682745647325,0.345201650381805,0.326353348839368,0.422751033565994,0.326554668679291,0.401658865146354
2448,0.291427876678494,0.350455149060263,0.238200895001935,0.34402443824114,0.325296343961164,0.421807837825869,0.325616418926782,0.400693868198729
2449,0.290627774102906,0.349565444744717,0.237568488610541,0.343268562330742,0.324564984315067,0.421438809945734,0.324874028558099,0.399764911843696
2450,0.289799596948577,0.348514571854591,0.236208871920006,0.342327926382626,0.323888300838395,0.420833769485684,0.32432458224539,0.398684978584901
2451,0.288746488535469,0.347101902278921,0.235273430750642,0.341332249500425,0.323159492862139,0.419854372765461,0.323441657838627,0.397779247992475
2452,0.287936867528093,0.345963017456521,0.234404613624223,0.340477234163949,0.322364706331707,0.419653512943009,0.322242928837544,0.397068864472657
2453,0.287091147621528,0.345361089062963,0.233556568686579,0.339723218027848,0.321800022401106,0.419087715217014,0.321610260850852,0.396305682574668
2454,0.285600767932002,0.345044529243944,0.232866155520489,0.339327484588686,0.321842692779866,0.417946219120199,0.32090191001071,0.395415699287509
2455,0.285192212944505,0.344889454033585,0.231746778781522,0.338427076738188,0.321322481411691,0.41688103448137,0.319236451790279,0.395194115370284
2456,0.284511331334334,0.344477029156876,0.230971883852686,0.337878971801177,0.320575074358074,0.41620908957579,0.318308387089142,0.394679391646549
2457,0.283419495644416,0.343243943256491,0.230391863067155,0.337544687565223,0.319451415926049,0.416534105448846,0.317820169017155,0.393952811252081
2458,0.282798539059296,0.342351528932168,0.229800586037654,0.3368603199036,0.318903648721047,0.416286200556131,0.317119218506937,0.393312043440363
2459,0.282592524286922,0.342027729806334,0.229675620294795,0.336442021082818,0.318666321470264,0.415644692644429,0.317286502381324,0.392508966146558
2460,0.282009170997181,0.341275240038211,0.229183256922269,0.33576352566474,0.31814264895506,0.415216752089684,0.316588766958025,0.391872743217869
2461,0.281522411792348,0.339957846280107,0.228160506863955,0.333976820418237,0.317855637437537,0.414728491809431,0.3146785815454,0.391668926024148
2462,0.28109805091815,0.33917718586757,0.227633989735913,0.333014407563005,0.317702480055179,0.41397465314509,0.313627617142325,0.39103415590209
2463,0.280271734359918,0.338583877397549,0.227462129296266,0.332933605975082,0.317425940763604,0.412793666566091,0.312290415712984,0.389833698227531
2464,0.279599057351563,0.337858318562831,0.226851968789062,0.33243100149583,0.316853974098286,0.41245820792245,0.311437600278585,0.389103061406454
2465,0.279408537293475,0.337545020080276,0.226341241095105,0.332251573755795,0.31641330276433,0.412823554246097,0.312015399806703,0.388552271767056
2466,0.27891085201014,0.337188395036096,0.225840704495763,0.331847153044274,0.316198719398931,0.412426583894039,0.311652251887897,0.387942423176436
2467,0.278040384808495,0.33665037758629,0.224523936240131,0.33052642129243,0.31553095547502,0.412227250672488,0.310584046947403,0.387926345859125
2468,0.277370532790907,0.335929651592352,0.223853039232914,0.329939217407346,0.314858070757315,0.412150330737075,0.310171502206021,0.38736449729021
2469,0.27683527043389,0.335085067751565,0.224259297044568,0.330149354101342,0.314713234792661,0.411056228161196,0.309578999532347,0.385539772291898
2470,0.276171384252472,0.334464563995946,0.223883964322575,0.329763082319327,0.314383277698798,0.410462707590485,0.309181530628957,0.38504450024894
2471,0.275225918779414,0.333635595413419,0.223263159439328,0.329192503953713,0.313460087087153,0.410849983711695,0.309817179164571,0.385769029550754
2472,0.27467179082293,0.333073367724108,0.222640809564964,0.328865867384598,0.313054441321371,0.410899413385928,0.309657931741884,0.385500105021424
2473,0.274129232976024,0.333262953402996,0.221186999772726,0.328238255288531,0.313146064708537,0.410920471834666,0.308702714310755,0.385265494599878
2474,0.27384243294074,0.332901428346264,0.220385220745868,0.327946340418453,0.313118602336649,0.410703465084492,0.308264086271743,0.385234076784258
2475,0.274678964028606,0.331802193049287,0.21990155237381,0.328593554940296,0.313501947888972,0.410115797935906,0.308035936994947,0.384786351601078
2476,0.274482211287334,0.331355263198104,0.219698651375027,0.328493546330404,0.313244707991546,0.409777741390797,0.307491449443653,0.384107347717876
2477,0.273358633883078,0.331548953836469,0.220664054758786,0.327488333109672,0.312155324952695,0.409160116899308,0.3069582754266,0.383591209745331
2478,0.273020953896885,0.330879289292222,0.220420560010682,0.327270479867432,0.311980289837128,0.40901046427466,0.306417413923028,0.383381666061922
2479,0.272530319786588,0.329805151563722,0.219303064849367,0.32786747758727,0.312395725927176,0.410151205496475,0.305156535949477,0.382798438220023
2480,0.271940648625383,0.329644898132199,0.218937764326583,0.327418574614097,0.312018488700944,0.40981097352358,0.304555507931064,0.381961557160076
2481,0.272087527318285,0.329595595076965,0.218105638270698,0.326045015064738,0.311594925566414,0.408142887139239,0.304848291793427,0.381739939831492
2482,0.272042951188831,0.328856744494835,0.21763676149521,0.325901729840265,0.311525053192168,0.407567310591883,0.304856575485913,0.381417486360582
2483,0.27096470586643,0.328195366428387,0.218405000790168,0.325803800890327,0.310794211655008,0.406465841927641,0.305361071788273,0.380040703706271
2484,0.270694220662724,0.327984211530625,0.218431370224551,0.325381920614135,0.31021950670255,0.405998078680913,0.304761716032869,0.379403425467725
2485,0.271741874044953,0.327134728296293,0.217368470735605,0.326400622664176,0.310441125636529,0.40714935530933,0.302187175333878,0.379297084943184
2486,0.271880446096273,0.326836193585735,0.217155222292552,0.326628842780889,0.310786909656811,0.407405184059695,0.302099801748362,0.379597335247748
2487,0.27167907350073,0.327938246715755,0.217971762815075,0.325205326292319,0.310885258757501,0.406911056827586,0.303890365912418,0.380760251059985
2488,0.271953686341115,0.328329756408143,0.217683875649263,0.324701832052025,0.310626041226621,0.407100454511691,0.303751331698101,0.381001646475997
2489,0.272385701459461,0.328716784847519,0.217149306567996,0.325508635860921,0.311329517206285,0.408283948376848,0.304482448093343,0.381959703213349
2490,0.271696368481414,0.32783947778252,0.21675204621192,0.32495453082772,0.310851488168999,0.407937405294426,0.304461738416746,0.381896259861912
2491,0.269951415634678,0.325602668358444,0.214718939645868,0.322551269167689,0.307940015725843,0.406563165396965,0.301223823047327,0.379175245093109
2492,0.269917409713984,0.325185400449062,0.214222939190707,0.322599388071985,0.307290212206064,0.405982417229479,0.300165059378947,0.37901265605649
2493,0.270099479633297,0.324046564845252,0.21594691038377,0.324214672493443,0.307997156941869,0.404283448714957,0.300800031891884,0.380869038729237
2494,0.269840047958573,0.323773483711558,0.215761001673716,0.323957148721358,0.307533718385512,0.403806264854365,0.301399271618662,0.380688695586841
2495,0.271295514092986,0.326621076775891,0.21431581297382,0.324359582417052,0.307919375342679,0.405201778913623,0.303065950259633,0.380546725324901
2496,0.271493798928494,0.327057740832134,0.214893414801944,0.324433577180754,0.307687052701313,0.405358664780447,0.303395856395031,0.380570472708672
2497,0.269810954920763,0.325723519955421,0.215999848774188,0.322400844523086,0.305672923896479,0.405493507774076,0.303846047444533,0.37854840995952
2498,0.268999591865141,0.325064343825911,0.215717001613771,0.321153084537941,0.30520615693296,0.404778423410502,0.303850023440774,0.378092839566061
2499,0.268090554467319,0.324057106206059,0.216588673482012,0.321360960001214,0.306090711639632,0.402878424505948,0.301716002599253,0.380686645771041
2500,0.268639387591653,0.323546759928352,0.217184470323089,0.321245328161758,0.305674310508407,0.402319329316228,0.301105417782029,0.380302848775667
