"wavelength","517","518","519","520","521","522","523","524","525","526"
350,0.116098750374281,0.0613720099800569,0.0786405158250135,0.102599940378999,0.0537137439436385,0.0958258734550152,0.0425737398252404,0.0957076832168319,0.0689777412270065,0.0876424759535592
351,0.117587536633201,0.0620786266445544,0.0776249714574064,0.105541790808706,0.0531458070324839,0.0958831429871034,0.0467442778780589,0.0947223143091851,0.0674971003788033,0.0865850862492016
352,0.115999942038295,0.0583949138646652,0.0704558183339344,0.100573526738638,0.0499381548537628,0.0908973634574216,0.0444369834412685,0.0917502970962448,0.0631007072476323,0.0799678091454819
353,0.11708600103338,0.0587714544128548,0.0724715464863092,0.101012506040789,0.0539033256851833,0.0903920499681848,0.0432926559000667,0.0941224554108868,0.0668551450560488,0.0804398646991311
354,0.116020195601583,0.057370705564866,0.0736061372995021,0.100761042435262,0.0525373652429397,0.0910819676836631,0.0419513212531822,0.0926766317762462,0.0651764202890372,0.0793528347357187
355,0.114185810085048,0.0560246242310783,0.0735240320036028,0.0989985215277257,0.0499928195920799,0.0912667746848857,0.0416611144534674,0.0900825497116685,0.0623469635250788,0.079283218653523
356,0.113779912824675,0.0570885728338188,0.0737004213551472,0.0963271895247927,0.0518365931494742,0.089999954428661,0.0431142551340001,0.0903217803144385,0.0644804862657451,0.0831526374305481
357,0.113599338630628,0.0560945643253739,0.0729310438401018,0.094772035209892,0.0489157817603418,0.0887693754370124,0.0417077573656514,0.0885542756302816,0.0640337510920996,0.0815659958610126
358,0.113629629697318,0.0562404974099038,0.0716067055290993,0.096032336800359,0.0465714086946941,0.0882970503337004,0.0403523854680218,0.0886505464346271,0.0633410991363234,0.0796960883668172
359,0.113258839493252,0.0581736339247817,0.0699572269405708,0.0986407167107716,0.0470078241764887,0.0883563620269844,0.0401866610807705,0.0908753023745395,0.0631283634689324,0.0795697526930421
360,0.109737352822273,0.0570332226702287,0.0670507754976792,0.094677488926156,0.0451441605113499,0.0870867110417978,0.0380377381111231,0.0876249682256071,0.0591048714835553,0.0752346781956847
361,0.111021287011828,0.0562658132928836,0.0690589979379818,0.0958079503700828,0.0461041375043174,0.0865641360290505,0.0384565267372827,0.0868514526721741,0.0607346597968652,0.075680695958136
362,0.115050434067367,0.0572352075471832,0.0738223944904442,0.0999594723012526,0.0491030270328666,0.0872146365211685,0.0407462868012768,0.0892592342473643,0.0655019587793707,0.0792273231377303
363,0.114312580271608,0.0600818281037118,0.0744818421506907,0.09780080657968,0.050188962599268,0.0885389133292022,0.0413482127134643,0.0915941453677641,0.0643924150778406,0.0784471203255644
364,0.114299036505367,0.0593893208995343,0.0731141879369973,0.0972065477764979,0.0511670409973526,0.0896334840965347,0.0416971655636387,0.0915600638059883,0.0636208204729364,0.0778548428372265
365,0.113410056428893,0.0558525540593311,0.0711193584346199,0.0968925049124542,0.0501229769318229,0.0887312261158321,0.0405227020120096,0.0893280383385294,0.0619269661422643,0.0762828321629021
366,0.110356633364675,0.0522307724205574,0.0696664472231244,0.0950950428808137,0.0464412069403404,0.0855255452243747,0.0374749400577689,0.0863159174715658,0.0585220168798509,0.0730368403722254
367,0.110888744605108,0.0543297454010572,0.0689583594466947,0.0959801443482912,0.0478034725006641,0.0862575024099376,0.0380295716129919,0.0863607033522767,0.060874721548917,0.0739831741972564
368,0.111717958267959,0.0549319706534811,0.0686397873500535,0.0952459706689183,0.0491099675375554,0.0869394441251618,0.0386075296261547,0.0860880142163154,0.0622734853048877,0.0743702758072763
369,0.111297183297795,0.0527017943252188,0.068463952568626,0.0927651021990392,0.0483702820699351,0.0862708076834831,0.0379685395589592,0.0850109994947544,0.0608391798835304,0.0728850168534789
370,0.111024778759732,0.0564099916176473,0.0683910294521856,0.0958382911154796,0.0488478033857126,0.0878957159783488,0.0389954381438727,0.0880336146727707,0.0629995621687328,0.0741795619818244
371,0.110849675175785,0.0574899532364426,0.0682656805154722,0.0962485372150252,0.0491988540447845,0.0867475663779973,0.0390666317326931,0.0878721071502138,0.0625001616868524,0.0737686165766367
372,0.110650867682303,0.0555148218218356,0.0682740436448942,0.0941587764792391,0.0490226934456768,0.0841489855527422,0.038536242658654,0.0858233241017697,0.0600202390469893,0.0726477662290832
373,0.11027979240174,0.0537663284993121,0.0687758675565433,0.0934506398276111,0.0483913009285728,0.0842204948373454,0.0389361676021727,0.0867966173385826,0.059319343493344,0.0740060255743099
374,0.110930846751901,0.0546701667864183,0.0702363406228112,0.0948461585593213,0.0497487646902837,0.0867396907809883,0.0385221919595355,0.0872088747639589,0.0618669374308142,0.0754811822032477
375,0.110943268070438,0.0560408973737978,0.0705264848631522,0.0954181275543391,0.0502620856314682,0.0872700873633081,0.0378258268398546,0.0862483393625812,0.0635063018741454,0.0749670710259946
376,0.109384346788125,0.0558758930964905,0.068689030525268,0.0934272217045312,0.0481317825072957,0.0838715697193832,0.0377521144124588,0.0845259559585935,0.0613017463067025,0.0722220930619095
377,0.10944966269912,0.0559514137218344,0.0693473560081476,0.0936661857493324,0.0482330542126215,0.085793495064691,0.0396712509700014,0.0862284262241658,0.0595623932117907,0.0733675816769704
378,0.109500236113736,0.0552000107851258,0.0685252424357931,0.0923224547464099,0.0478490655262687,0.0863513382158904,0.0390899633668479,0.0862104461748792,0.0582860626943681,0.0722992212611234
379,0.109162512773469,0.0539173591285335,0.0660311415110313,0.0897089461626636,0.0465225352464858,0.083986751817964,0.036064935465075,0.0840537802850539,0.0576204737208211,0.0687346810599825
380,0.109838697283885,0.0543523825502957,0.0667331672478778,0.0918624983512863,0.0468787517576254,0.0838431573369436,0.0366582193162901,0.0857035062998128,0.0581955287091768,0.0702186785988881
381,0.109863825819404,0.0539302792775265,0.0680634732014361,0.0933965797489801,0.0471322031118191,0.0841061901713881,0.0368499094242155,0.0860353819734491,0.0583254464107927,0.0715387366948581
382,0.109415576900811,0.0532647096509961,0.0685332488440627,0.0935949318675955,0.0466992364273156,0.0842347785185802,0.036252679476482,0.0851839539285821,0.057938403170778,0.0719400164276525
383,0.109304234427148,0.0539240052341163,0.0672562503378736,0.093466034972125,0.0455870766325609,0.0840280132233574,0.0357683969131497,0.085039569863562,0.0576323100039787,0.0721364610907713
384,0.108903032525333,0.053782141466003,0.0670189863906262,0.09347045155314,0.0455485553741098,0.0834454613375077,0.0359510277820996,0.0841151628818681,0.0577170398566689,0.0712628685472201
385,0.108823594339045,0.0536653082648976,0.0673334487311469,0.0927751705061056,0.0459377885897307,0.0832427623934101,0.0365211620907856,0.0839060921008971,0.0579123952828298,0.070540193018101
386,0.109262406343969,0.0539976243077447,0.0672662953865366,0.0911534194693103,0.0459920621144744,0.0836355280138908,0.0369363518203798,0.0848848908940069,0.0577537540863011,0.0707135142087444
387,0.108623093041096,0.0525455374843456,0.0657671402209511,0.0905676708644264,0.0456397485122395,0.082914732275538,0.0361333878846852,0.0830535217065599,0.0561486773880006,0.0702387783417418
388,0.108380946293625,0.0517308883960034,0.0655911628281865,0.0909206045942197,0.0453984167214172,0.0820578329245779,0.0358271748984789,0.0826881788374372,0.0561507646184456,0.0704100907741433
389,0.10892062288205,0.0522656987693645,0.0667457436814941,0.0917163306251053,0.0455511290567951,0.0819160879960159,0.0364947368212536,0.0842449861407216,0.0577932270057732,0.0711572695182031
390,0.109480301084312,0.0530998715439608,0.0660874080037287,0.0919970313843322,0.0461950454863272,0.0833536315568939,0.0373471359533172,0.0839006588725376,0.0577354628285205,0.07083672085672
391,0.109714521908956,0.0531672102971562,0.0667766802722818,0.0920322569779261,0.0463788421045723,0.0844592614673803,0.0375570122120359,0.0844258962246247,0.057908844483257,0.0709508265733331
392,0.109792480614873,0.0530397562355333,0.0682076547044763,0.0920998658420104,0.0465848768238055,0.0850007317735719,0.0373064886098097,0.0852552798495333,0.0582318589922357,0.0713782866780442
393,0.109961328236362,0.0535882988834758,0.0684884594966446,0.0923857049766239,0.0474484105971518,0.0852189525895206,0.0370578711438146,0.0848439892784148,0.0580662134820307,0.0713815345793906
394,0.10888163585486,0.0517707092068329,0.0660467966730198,0.0916792359690361,0.0455606948173583,0.0834588019341042,0.0354547927652272,0.0829038345238984,0.0575606656106428,0.0696854503715245
395,0.107757501865603,0.0506068207497101,0.0646478059311801,0.0911071506214639,0.0443122639695168,0.0825117403405194,0.035032519452214,0.0823634946675213,0.0573002176849931,0.0683085210327868
396,0.107674329452196,0.0517807754170354,0.0663022699856314,0.0915322165090614,0.0457060855669859,0.0838264072265965,0.0368986317934184,0.0843529324679674,0.0575157516525654,0.068536573125343
397,0.108805556154238,0.0512842192434976,0.0666815147282155,0.0926327497300957,0.0458849276190059,0.0839471553690816,0.0372617972225204,0.0842666412358762,0.0574024816981941,0.0686577219802205
398,0.109120157361594,0.0507461629823815,0.0662996927012212,0.0922080994387607,0.0446344390780942,0.0830239792500232,0.0364635823139232,0.0832491204454242,0.0568927478502168,0.0685227878051368
399,0.108447159391073,0.0509115369255114,0.0658461195079189,0.090657917543179,0.0432835125537553,0.0821584139355508,0.0354577141241549,0.0824788533010215,0.0564738903624568,0.0684298951536306
400,0.108546060094882,0.0517541894363545,0.0663285367356689,0.091162358153088,0.0450234666557526,0.0836862966005611,0.0359338283618096,0.0833320366054875,0.0573279843486054,0.0692392151667507
401,0.108392331802937,0.0513360933614501,0.065346616703676,0.0911648624836642,0.0450999834503147,0.0832921888446839,0.0362256502090059,0.0834310092272126,0.0573191832448783,0.0690871001559414
402,0.108416666502209,0.0508994693451991,0.0645627413879743,0.0911500242041102,0.0447270724386616,0.0823649051728079,0.036666031026413,0.0834191878878314,0.0570489948016468,0.0689061897324142
403,0.109274232804668,0.0523323928632469,0.0664132684652719,0.0922675567601489,0.0465304240411525,0.0837290775472484,0.0379318198140279,0.0846218245001349,0.0578055500360538,0.0701747391991517
404,0.109340305742993,0.0522954333158674,0.0667922543115742,0.0923519877772719,0.0461732598578696,0.084151120271941,0.0375170172913322,0.0845400503875674,0.0579781736722046,0.0698924060428686
405,0.108974221323013,0.0517235198080616,0.0663281196770219,0.0918182094473517,0.0451260074118856,0.0839514827103328,0.0366622582695283,0.0838706437328664,0.0575750767796773,0.0689133157153208
406,0.108763550314274,0.0517414395178723,0.0660228971824619,0.0914545894045944,0.0449227497182764,0.0837923801432847,0.0365571769722408,0.0835934559645598,0.0570419686317302,0.0683538061889931
407,0.109371448986961,0.0527082462046963,0.0661837118879192,0.0923843313569073,0.045408355318604,0.0840671143874473,0.0371533112149747,0.0845447281173046,0.0575065393501734,0.0687705631716703
408,0.109027251650501,0.0524273370175078,0.065990878254473,0.0921034051834592,0.0448298212295794,0.0836812059300542,0.0365545855636441,0.0845604181176818,0.0577970400949816,0.0688410896203392
409,0.107864400955077,0.0510605331603945,0.0653434194936079,0.0906185295074614,0.0434548659276719,0.0827561538197865,0.0350157336551853,0.0835216657493266,0.0574880351882785,0.0683392200420419
410,0.108110991712013,0.0513700113182659,0.0648440417485086,0.0906496628538381,0.0437557440037574,0.0827372133471151,0.0351461699677949,0.08349865757816,0.0568321857533465,0.0681750471337167
411,0.108655495023806,0.0517262186717985,0.0651940041950764,0.0912411003246526,0.0449243621637707,0.0831618681342222,0.0358786599146274,0.0838349029882277,0.0570910522085038,0.0684025869741105
412,0.10877782437109,0.0517771568618569,0.0657729324771298,0.0915230816637769,0.0456719616226515,0.083465127054148,0.0362045071294422,0.0840068259293282,0.0574518971631903,0.0685724521876706
413,0.108025121384207,0.0515856891505653,0.0655726059757803,0.0907908032766526,0.0447718928111469,0.0831161998701817,0.0352978310058578,0.0835788702031143,0.0565786928811188,0.0681417620904235
414,0.107941565086937,0.0513347587967322,0.0654071402647118,0.0908825135965793,0.0447365944206248,0.0829769724677031,0.0350939809670876,0.0832775706054022,0.0565642961262276,0.0680855082780999
415,0.10877971555082,0.0513077002202214,0.0655426732851544,0.091583001981424,0.04524216528944,0.0832757093605778,0.0355584894172741,0.0837802147789331,0.057047985911284,0.0684276344816039
416,0.110084040098174,0.0516687344753494,0.0660013877648696,0.0923212976640378,0.0456508261089828,0.083893123253097,0.0362315243536662,0.0850788127140392,0.0574721966262256,0.0689377845847305
417,0.109889436979596,0.052424035866715,0.0664095578175292,0.0924607908952443,0.045725196066724,0.0839823073497314,0.0363738562792654,0.0852872456662186,0.0578963550896727,0.0690899518442822
418,0.109387906530997,0.0523429438508137,0.0665458835048933,0.0920625650782403,0.0455016575096254,0.0840417656521861,0.0360491251710475,0.084732327109139,0.0577626037142283,0.0690823225623955
419,0.109152125014765,0.0515340861406098,0.0663682273047404,0.091462769569821,0.0452521942656433,0.0842219910804716,0.0356692759371049,0.0840475091706921,0.0572423840235894,0.0690527762293079
420,0.108976806625499,0.0518418632728774,0.065982624370473,0.0913537150219334,0.0456342308545774,0.0842460527075396,0.0361985968040868,0.0843237286632209,0.0574883884503419,0.069052425276284
421,0.109107739887831,0.0520024519904062,0.0658287292647858,0.0915429603010114,0.0457263662234709,0.083974873576032,0.0363910267611259,0.084605796842761,0.0575378730300984,0.0691660246056874
422,0.1094217377022,0.0520610024212569,0.0660654883762922,0.0919125583532495,0.0456552815596619,0.0838606129457966,0.036245039568045,0.0848675754476298,0.0574116973332828,0.0693455136903281
423,0.109631573382736,0.0524920975651792,0.0666435170304549,0.0923118868587298,0.0459284866730856,0.0845241389159603,0.0362573385272282,0.0853935371282518,0.057498756398376,0.0694914070589611
424,0.109511643599689,0.0525486147663385,0.0664212131922752,0.0922110347654149,0.045966856184498,0.084734596442469,0.0365624264455091,0.0856483756234201,0.0578032196977113,0.069791352554931
425,0.109449481610007,0.0525307740184913,0.0661067439426251,0.0920996662572336,0.045971677560361,0.0848328212442676,0.0366944666601852,0.0856771416988714,0.058106182318701,0.0698788655968277
426,0.109695219220393,0.0527090410107517,0.0663522751505759,0.0923343381877094,0.0461473815195953,0.0851743443884054,0.0363822301558951,0.0856680274880784,0.0581842123106577,0.069557054925403
427,0.109519343462661,0.0524652301755463,0.0662820877114292,0.0919788897378222,0.0461819918252806,0.0849817912028498,0.0364563370285718,0.0859148915078631,0.0578274234348686,0.0695503272314147
428,0.109512485392608,0.0525156490833874,0.0664410765290579,0.0920068495057643,0.0463150881145469,0.0852497992601282,0.036801342411748,0.0863456609903036,0.057982757747603,0.0698318159773106
429,0.109835080539977,0.0529425343559705,0.0668806031425452,0.0925756319294819,0.046548412330555,0.0860472792311288,0.0371436018486407,0.0867317857013198,0.0587132212174983,0.0702276280649571
430,0.109909976518372,0.0526965476156201,0.0667531069571161,0.0924427322949333,0.0464131879470068,0.0858232604731542,0.0369224588444359,0.0865003980041643,0.0585892191568515,0.0703267489915214
431,0.1100508565314,0.0527826020713263,0.0667466470508674,0.0923729859226159,0.0466060730603888,0.0858334089961275,0.036800390690124,0.0865464891807611,0.0586658544007746,0.0705743395004076
432,0.110323876296844,0.0532720914453078,0.0670189436838599,0.0925730761421237,0.0470934903135083,0.0861993727116831,0.037000041273393,0.0869688997622567,0.0590550662166096,0.0710232969187778
433,0.11067678322077,0.053758249260293,0.0674654062693521,0.0929936918850064,0.0474481840077829,0.0864931015886063,0.037516267656632,0.0874454867960435,0.0594183697837187,0.0715221810986706
434,0.110801699361622,0.0540009129431771,0.0677015408864566,0.093278660518406,0.0475214499962735,0.0868722777300923,0.0378011757250529,0.0877843825369463,0.0598902518706429,0.071846010935123
435,0.110744531848896,0.0539787027634233,0.0677340904595487,0.0931951902009911,0.0474354652785189,0.0871362113618391,0.0376977417139959,0.0879607680609191,0.0601176084578676,0.0719780287621725
436,0.110658840343732,0.0538064822801418,0.0676889942257754,0.0927738793073213,0.0473913073121803,0.0871344446823445,0.0373120606564605,0.0880500041474469,0.0598660223572575,0.0720202511017472
437,0.11072184149641,0.0538582406977872,0.067693893965238,0.0931502931546475,0.0475221919637343,0.0873116554242637,0.0374810347953097,0.088317714048033,0.0599750963808528,0.0723471906902013
438,0.111043857281802,0.0542392023885134,0.0680073937368233,0.0937201773705983,0.0479935634183529,0.0877240030706409,0.0379407573483295,0.0888142780558823,0.0604549165561579,0.0728629881470868
439,0.111488861756762,0.0547712618700358,0.0685066510199937,0.0940166060938117,0.0486255080889378,0.0882273186997962,0.0383125191985477,0.0893938398498442,0.0610277066866657,0.0733273723810853
440,0.111355570826358,0.054673779065177,0.0681714237316229,0.0940385416594763,0.0484211711205597,0.0882750393235887,0.0380380304762556,0.0894931534381889,0.0608563934219909,0.0731822961032898
441,0.111449127955875,0.0547199626052155,0.0681435101736994,0.0940611562960739,0.048531063692734,0.0884462581396584,0.0379686542141945,0.0896776864614482,0.0609116397759331,0.0731869013633029
442,0.11184185549849,0.0550858355480387,0.0685501720158994,0.094267287166076,0.0490594165613133,0.0888803330844264,0.0382745792999282,0.090084202948161,0.0613769174558444,0.0735728612396924
443,0.112049694230052,0.0555176077001671,0.0687516566164131,0.0947907281646067,0.0493169473250859,0.0893999563745234,0.0386185191084875,0.0905409662493481,0.0618563742951523,0.0741951829483074
444,0.112307887375206,0.0558530711749874,0.069029562182579,0.0951663572646833,0.0495515596869449,0.0899715682510805,0.0388955563523809,0.0911125536324178,0.0621902606452115,0.0747658224307293
445,0.112572191392403,0.0561556894560617,0.0693566212052297,0.0953665832830697,0.0497564976175028,0.0903483090207784,0.039138678842408,0.0916330756847104,0.0624463505294681,0.0752091082172006
446,0.112760079122873,0.0565309901397178,0.0696359992443565,0.0955255254597515,0.0499020421802543,0.0903422736792397,0.0394136054281697,0.0919310918594101,0.0627647209959989,0.0755459743809008
447,0.113130703261431,0.0567308747043996,0.0699026371504479,0.0958738026345248,0.0502819101136368,0.090729935655623,0.039570336722564,0.0924025143446124,0.0630998490774402,0.0759132255480522
448,0.113433424151643,0.0568170513577253,0.0700860358954373,0.096184781007196,0.0505713630178157,0.0911743686158,0.0396168404489624,0.0927744893988598,0.0634041589054302,0.0762830116361787
449,0.113514395892811,0.056904677030899,0.0701884750613858,0.096273378933215,0.0505955547845852,0.0914027631990568,0.0396270824788984,0.0928998955060028,0.0636419581151549,0.0766075463553376
450,0.11361287052747,0.0571390621528351,0.070441315389244,0.0961498543531462,0.0507769417332176,0.0916925907201297,0.0397998891205519,0.0931784021879919,0.0637671691865125,0.0768017898926029
451,0.113974254785494,0.0575636869489831,0.0707988486885853,0.0963684075408431,0.0511614800983068,0.0921122489005707,0.0400838524352401,0.0936685440051843,0.0641212829882776,0.0772085335316663
452,0.114453094772526,0.058037098394437,0.0711424095999801,0.0969072813060285,0.051613759140575,0.0925949887554032,0.0404045991491404,0.0942602931015173,0.0646614568181241,0.0778231090146682
453,0.114363654435761,0.0581480639837244,0.071231042557348,0.0970195863561593,0.0517388055550862,0.0928939321313791,0.0406510857960771,0.0946037498602759,0.0648583835116123,0.0782112991166404
454,0.114623224662895,0.058437404699412,0.0714088542385413,0.0973610102992828,0.0519992786522778,0.0932138721131654,0.0408711020365831,0.0951521418217015,0.0651245599737176,0.0786762323673284
455,0.115075115389098,0.0587946862660356,0.071624533638638,0.0977524271808602,0.0523057990123463,0.0935559238906476,0.0410256747998441,0.0957665071245542,0.0654660694794549,0.0791648853955899
456,0.115147723527743,0.0588644380428364,0.0716818080389324,0.097726709695353,0.0523622771270837,0.0938507305835368,0.041055083515908,0.0960812897929828,0.0657431501314702,0.0794936703120401
457,0.115382907991339,0.059043791490889,0.0718807581740997,0.0980134284840144,0.0524499469656917,0.0942304146719973,0.041057221463062,0.0964191683556627,0.0661484442704004,0.0797583390508383
458,0.115740037670864,0.059296038237712,0.0721803555542174,0.0983941949617543,0.0527241844795692,0.0946153401116173,0.0412822001640012,0.0967374013963565,0.06650356947479,0.0800367674955232
459,0.116057254037736,0.0595332921791278,0.0724696242812696,0.0985818196992369,0.0531972199254909,0.0949089865453789,0.0417890536025102,0.096976715788529,0.0666645495665465,0.0804053180936921
460,0.116073035402543,0.0597907676421164,0.0726045768181875,0.0987407059342027,0.0533922242449194,0.0950693253504282,0.0417122792235714,0.0972460431501888,0.0668791028517081,0.0809579088941265
461,0.116331178275699,0.0601761229659556,0.0728849658393123,0.0990691338183882,0.0536713615080175,0.0954571357620467,0.0418305027439411,0.0977906686563684,0.0673228196555464,0.0815636480696173
462,0.116934896412674,0.0606180901069118,0.0733378829052878,0.0995316722528208,0.0541148827560227,0.0961125013710899,0.0423505092675715,0.0985392191722072,0.0678797426884169,0.0820945022313001
463,0.117161798455969,0.0606669119895977,0.0734573818683892,0.0996454212345794,0.0542257440341515,0.096488399055389,0.0423207381751739,0.0988133595695412,0.067843618544886,0.0824123133350766
464,0.117190726159843,0.0608331118388665,0.0735325416940727,0.0997917977710195,0.0542914739721365,0.0967406120874269,0.0423302415259407,0.0990637018985813,0.0679687311571137,0.0826718150484103
465,0.117220813063196,0.0611115904613991,0.0736757614920347,0.0999760459483464,0.0543908386510176,0.0969267027463347,0.0424840394353375,0.0993935009240567,0.068315272007471,0.082957019441998
466,0.117520401251712,0.0611753512905054,0.0739156301969352,0.0999798844269002,0.0544956176384167,0.0970780462656024,0.0426171849149271,0.0997171030314423,0.0685162954447895,0.0833187961528268
467,0.117931546756863,0.0614869933050441,0.0742239546163081,0.100213669982786,0.054770340685294,0.0974560573386575,0.0427984275331505,0.100050616785607,0.0688293717642612,0.0836951058252591
468,0.118243642472952,0.061927118201705,0.0744633579094194,0.100585774110651,0.0550438551904905,0.0978646438299383,0.043001006283923,0.100366494597694,0.0692132934402285,0.0840498262795588
469,0.118291624764807,0.0622219739018086,0.0745128367047133,0.100867765096178,0.0551064589169191,0.0980344983539295,0.0431697767773885,0.100639989901471,0.0695398840039288,0.0843606389252475
470,0.118349284509416,0.0622237568090631,0.0745619629445107,0.100936681032782,0.055165281471699,0.0981817532466685,0.0432185071942875,0.1009302906233,0.0696375492380847,0.0846485475783389
471,0.118509361999843,0.062216379046248,0.0747068809881466,0.101048498328832,0.0553512846516505,0.0983225854140759,0.0432971912481278,0.10127262816095,0.0697680613451021,0.0849636523253064
472,0.118795978918434,0.0624122569546005,0.0749593811693012,0.101335592069308,0.0556657578838734,0.0985248244218236,0.0434740186190914,0.101659222503152,0.0700921826101646,0.0853427023279007
473,0.119141600455068,0.0627411517047382,0.075145508113564,0.101492003509202,0.0557768495297127,0.099092765679199,0.0435107705240226,0.101969422554549,0.0704025577262546,0.0858023983307803
474,0.119448934815635,0.0631656716621036,0.0753838442881011,0.101791617078578,0.0560311363373963,0.0996464730591246,0.0437772349557897,0.102351589044259,0.0707874800799654,0.0862355351368247
475,0.119645125387938,0.0635518585322107,0.0756445223413673,0.102170387549377,0.0564035385966205,0.0999906381377224,0.0441759652521257,0.102783397485713,0.0711503391201829,0.0865897176770229
476,0.119647912598615,0.0636184142354355,0.0757090235413177,0.102154186317981,0.0564291143789573,0.100074190396161,0.0440371229288266,0.103036618192978,0.0711480232485887,0.0868562705202017
477,0.119947429651566,0.0637873481096926,0.0760035564264837,0.102320021186834,0.0566720749105856,0.100417072409691,0.0442118623487862,0.10340802078954,0.0713457222447238,0.0872058702023629
478,0.12034190883842,0.0640548858410894,0.0763542529431437,0.102644678665561,0.0570090773779039,0.100863052124987,0.0445570890310932,0.10380581567328,0.0716926086452738,0.0875477697628141
479,0.120375159797474,0.0642555799240435,0.076375124415772,0.102871893184191,0.0570728778466115,0.101000165105099,0.0445648833242143,0.104007830159993,0.0719028346061648,0.0877161800937914
480,0.120601903770436,0.064553762162647,0.076532053204683,0.103080693200605,0.0572854375138147,0.101279236361947,0.0446898459156241,0.104362392197657,0.0722152066701097,0.0882311070293766
481,0.120824577138982,0.0647712206182695,0.076791714113684,0.103324409371897,0.0575380214588915,0.101633769276132,0.0448613903556095,0.104760190365546,0.0725447125252762,0.0887325895593275
482,0.120851989781815,0.064792840597652,0.0770278472204628,0.103607947832316,0.0576753059250521,0.101918985469813,0.0449513530179719,0.105052429563651,0.0727916089612782,0.0889054847793668
483,0.121073610380138,0.0649866642869341,0.0771032208681664,0.103716105624199,0.0577163946034139,0.10202355223923,0.0449484268452083,0.105258903069694,0.0730176721353668,0.0892870136976689
484,0.121380986435792,0.0652905482741068,0.0772316416671092,0.103926948161121,0.0579155955179273,0.102287775960856,0.0451159599861751,0.105541757186115,0.0732875835869734,0.0897391337850722
485,0.121688947837844,0.0656215417753715,0.0775005401973952,0.104304457725562,0.0583015378674872,0.102782586016072,0.0454639181932796,0.105974478679216,0.0735951510849489,0.0901327400155873
486,0.122019992140401,0.0659016067358602,0.0777851752038808,0.104493364560598,0.0584839360181105,0.103070098110079,0.0455133696875223,0.106518392526128,0.0737970648237884,0.0903654111741272
487,0.122070958712143,0.0660455587950232,0.0778666084349256,0.104650436546746,0.0586040562704529,0.103301046074741,0.0455384165606477,0.106830142862042,0.0740117337250153,0.0907019235183186
488,0.122068929176124,0.0661534984319407,0.0779000279634709,0.104845097292639,0.0587833138061234,0.103596720871769,0.0456755925239796,0.107011715466906,0.0742946844030708,0.0911714350225117
489,0.122636765271838,0.066471134046357,0.0783260157208679,0.10510934407031,0.0591601912661072,0.104090894739357,0.0460006000523624,0.107493056442777,0.0746687440163351,0.0916437447843853
490,0.122897202418059,0.0666803989695482,0.0785858037170218,0.105335241838258,0.0592814068409564,0.104314333822592,0.0461505607575554,0.10780739969527,0.0749430284408781,0.0920048229088807
491,0.12296724098963,0.0668772817497623,0.0786988296896237,0.105534345940392,0.0593549876937225,0.104485408405988,0.0462061586967219,0.108047309331604,0.0751651575227402,0.0923267898742273
492,0.123206590009848,0.0672233114709774,0.0788379732561942,0.105742678695989,0.0596884632324106,0.104938675257582,0.0463656288825794,0.10842935707007,0.0754411879403471,0.09271695031025
493,0.123487485881666,0.0674269441264609,0.0789813025510285,0.105874052717387,0.0597202860859462,0.105209907685397,0.0466350849379377,0.108840287298123,0.0757315824119214,0.0930377233915769
494,0.123744823797898,0.067595954169482,0.0791904974918233,0.106090416765104,0.0597947193126972,0.105498185426982,0.0468286651572456,0.109248147070249,0.0759769626388786,0.0933698828842899
495,0.123957553199617,0.0678529531612296,0.079495300629586,0.106464738644599,0.0601503440232225,0.10594868845467,0.0468701751600781,0.109636558042572,0.0761885236100486,0.0937850356874347
496,0.124202383848004,0.0682557854233862,0.0798507442295849,0.106745540033579,0.0604538366904863,0.106349006843077,0.0470466308220345,0.109989858596798,0.0765976450041766,0.0942799486363289
497,0.124551520510399,0.0686182864206874,0.0800880682063055,0.107058370769314,0.0607298802842363,0.106723063607483,0.0473056075350422,0.110446349235048,0.0770418286255453,0.0947433360459656
498,0.124925661526836,0.0688717030349527,0.0802042718528909,0.107383956154244,0.0609735873130429,0.107067747209569,0.0475488484631524,0.110967664275232,0.0773982237276866,0.0951374807826305
499,0.125003612675348,0.0690808609293631,0.0804061144250142,0.107481171453579,0.0611233243631251,0.107328317459895,0.0475807411371686,0.111264189782239,0.0775500779134214,0.0955041789538396
500,0.125259755180763,0.0692825587802187,0.0806445886169729,0.107745032850706,0.0613499636986728,0.107667091215167,0.0477332353485811,0.111610963637735,0.0778074443039797,0.0959225747020481
501,0.125666539020059,0.0695262643430521,0.0809038245230303,0.108148578296878,0.061666633380046,0.108096265033193,0.0479727196997898,0.112056306482658,0.0782009776402656,0.0963795631301731
502,0.125957897153891,0.0698568818994513,0.0811664744995521,0.108461268405459,0.0619986592072898,0.108544178219217,0.048096932875522,0.112539706161467,0.0786187939898433,0.0968114775734787
503,0.125999027422533,0.0700991393944854,0.081285941328557,0.108570659945287,0.0620666869788661,0.108745608610135,0.0481579230200295,0.112770149044646,0.0788454653328675,0.0971628728717235
504,0.126125764915392,0.070314915227025,0.0814721416765745,0.108689528495054,0.0621755502274046,0.108974423064447,0.0483191951734591,0.113013955302238,0.0790587179496198,0.0975366665080233
505,0.126608769604599,0.0705870432626965,0.0818842680604951,0.109022415409607,0.0626024538641426,0.109482257077876,0.0486667615153184,0.11353313379267,0.0794382109047,0.0980214635764351
506,0.126841125517935,0.0708237451371367,0.0820215022655969,0.10934109092888,0.062806485325363,0.109775732471456,0.0487628071046773,0.113915695118692,0.079692218219455,0.0984615366973139
507,0.126979435108391,0.0710441353965385,0.0820888707879187,0.109621217281002,0.0629488252293587,0.11003217036632,0.0488236452461494,0.114270096661019,0.0799253350870687,0.0988268781475352
508,0.127177046408142,0.0712838961907068,0.0822709592756851,0.109875754416209,0.0631783605066607,0.110383527636102,0.0489964786800632,0.114695574550988,0.0802365863837973,0.0991516215611537
509,0.127483579636556,0.0716202558761293,0.0826464702353884,0.110173907275172,0.0635465284740978,0.110777885610428,0.0491985959429866,0.115225788003225,0.0806903722123792,0.0995879574716503
510,0.127771800996457,0.0718994634884391,0.082947197530028,0.110427710045444,0.0638397406887947,0.111189785562556,0.0493841766133875,0.115657760062284,0.081072800010048,0.100101338896396
511,0.128013511931256,0.0721062401273446,0.0831311088650051,0.110616284226362,0.064011890409327,0.111579249310745,0.0495497353650303,0.115989035642707,0.0813331984929516,0.100617787569386
512,0.128266524929461,0.072346529686614,0.0833561485381716,0.110766045473947,0.06415713549621,0.11188424820759,0.0497313120064496,0.11639995778983,0.0815551086799602,0.101005970764302
513,0.128508959046705,0.0726454211670385,0.0835906510993002,0.111109765353738,0.064403443612862,0.112235298526898,0.0499527975827081,0.116886044057144,0.0819041054434764,0.10145334263946
514,0.128771154876858,0.0730101741499967,0.0838578609872557,0.111520400300149,0.0647056240367456,0.112653337431116,0.0502122313810857,0.117381558245742,0.0823329468644614,0.101965367699453
515,0.129085619170195,0.0734144456527116,0.0841796651849908,0.111754125197637,0.0649521369586221,0.113103063396273,0.0504830682818698,0.117794065800478,0.0827063642786464,0.1024743392411
516,0.129276159679081,0.0735906488482114,0.0843843366792055,0.112000367643227,0.0651663641126106,0.113382289258261,0.0505965445222555,0.11811586577086,0.0829593619252575,0.102859332181745
517,0.129493811060253,0.0737857962054562,0.0845916693129875,0.112282749859502,0.0654087341934065,0.113708864551271,0.0507387528878942,0.11853475160953,0.0832453646547093,0.103279848017904
518,0.129856049601576,0.0742002194490152,0.0848990970269084,0.11259439985784,0.0657214397833537,0.11423707388411,0.0510431163207916,0.119140212182207,0.083674070744494,0.103849031681843
519,0.130137491465484,0.0745265130323418,0.0851168306558677,0.112924964048137,0.0660681103072471,0.114603813934485,0.0512131698493763,0.119520909543793,0.0840398407876319,0.104313196069906
520,0.13046850506806,0.0748343540213112,0.0853873083158162,0.113219027348147,0.0663487922031906,0.114974657802736,0.0513586516817139,0.119915597030894,0.0844473249409717,0.104823976827388
521,0.130871405001195,0.0751762599810551,0.0857478120474905,0.11347890294512,0.0665592306643695,0.115435941079715,0.0515625222815912,0.120449296303859,0.0849173320149316,0.10542437441413
522,0.131148025551631,0.0755678394347184,0.08603028933111,0.11380992755541,0.0668622307279811,0.115916682923939,0.0518574875878886,0.121041662664981,0.0853010515017458,0.105935944945693
523,0.131440680852145,0.0758897597432928,0.0863299881867115,0.114162250515455,0.0672055815403605,0.116394924017164,0.0521318228406577,0.121555350191054,0.0856678558800153,0.106493347422618
524,0.131766795459941,0.0761758256745506,0.0866663698130759,0.11454444849873,0.0675535360632515,0.116861586780171,0.0523631776364086,0.1220291710263,0.086077885801341,0.107099713383224
525,0.13206532081926,0.0765712023984117,0.0870150580434428,0.115001802341944,0.0678688526568099,0.117317981070301,0.0525880691574519,0.122634841246218,0.0865983370012755,0.107672095897616
526,0.132468907417168,0.0770174888906894,0.0873373035715538,0.115433483818902,0.0681973641872301,0.117818810985278,0.0528313582548012,0.123285620410698,0.0871057796707686,0.108293396063012
527,0.132897260564599,0.0774654223173204,0.0876577598705123,0.115805237323219,0.0685518906994887,0.11836063971684,0.0531075036233281,0.123909724478566,0.087569284736216,0.108981876180527
528,0.133234323069722,0.0778790292957743,0.0880247873109975,0.116130550464082,0.0689356748365997,0.118925505225822,0.053418615021809,0.124463103867784,0.0880071172970984,0.109729102803867
529,0.133641458763334,0.0783454316949107,0.0884976103518058,0.116621911007376,0.0693548994158123,0.119543083579138,0.0537065043692726,0.125120835940615,0.0885824621178618,0.110464975113978
530,0.134115302830394,0.0788577875399754,0.0889708193394722,0.117148650622838,0.0697847655079728,0.120193066849085,0.0540235603458749,0.125866963861952,0.0892316311946645,0.111235344605602
531,0.134613787940707,0.079385017824842,0.0893773802470444,0.117600309267772,0.0701996567742183,0.120839039629458,0.0543959765923115,0.126644479286381,0.0898634487203201,0.112070466405418
532,0.135032035826123,0.0798484834981893,0.0898259721802013,0.118057416277992,0.0705620212933788,0.121384536888157,0.0547175293268303,0.127337942634681,0.0903728194240022,0.112898723916403
533,0.135485829491032,0.0803493725035258,0.0903129108490266,0.118578114366513,0.0710038558048032,0.122036233065639,0.055066266818847,0.128082989280535,0.0909627714588367,0.113749479485677
534,0.136012937334151,0.080924581099759,0.0908139355270585,0.119159138820632,0.0715400884029237,0.122826403955337,0.0554628896306044,0.128928728318621,0.0916910557382399,0.114653349739723
535,0.136535368980173,0.0815189929429926,0.0912532337378897,0.119701782588722,0.0720049635984346,0.123517897224908,0.0558376715669692,0.129802724656238,0.0924014103372847,0.115655514854976
536,0.137087729231688,0.0821448794416791,0.0918076554711835,0.120267778184643,0.0725078918834803,0.124277206936186,0.0562535753848869,0.130691806926345,0.0931766402963991,0.116641939879284
537,0.137684014311003,0.0827902392526479,0.0924437111393784,0.120884515362568,0.0730531617948404,0.125101276123818,0.0566882310479262,0.131604972214368,0.0939831681620359,0.117635982085007
538,0.138329312301933,0.083431826678493,0.0930099824396735,0.121565225055132,0.073595425793595,0.12590426166687,0.0570743049135955,0.13256777548458,0.0947301126554577,0.118737641826819
539,0.138934477686407,0.0841055374184506,0.0936114530958464,0.122223222978183,0.0741844757208622,0.126757253728924,0.057512545704179,0.133549959336124,0.0955861063198602,0.119907188391187
540,0.139560774246716,0.0848456388302918,0.0942770734218197,0.122904584559683,0.0748001068645106,0.127686154926786,0.0579805527398724,0.134607780750138,0.0964855112542631,0.121132280184368
541,0.140283131911633,0.0856678503213477,0.0950077102162291,0.123673689544054,0.075415193995427,0.128687714765355,0.0584412261276807,0.135790090708443,0.0973439394244069,0.122407374227458
542,0.14098603446376,0.0864805785185089,0.0957439170666556,0.124470952516283,0.076077387339736,0.129639619074255,0.0589850434550586,0.136959882742724,0.0983735678922263,0.123742275941203
543,0.141729664384827,0.0873113250449326,0.0964969358281187,0.125312998591387,0.07678470279728,0.13066767100297,0.0595405588720953,0.138152780762651,0.0994760452868292,0.125150960085803
544,0.142547634334889,0.088189791482967,0.0972891651992138,0.126198431339498,0.077522783269265,0.131829047509291,0.0600684842429966,0.139406376370391,0.100569937777519,0.126640825139913
545,0.143360921112211,0.089117976778112,0.0981625116510044,0.127045630184112,0.0782576145732904,0.132935376046347,0.0606598472700139,0.140714315278845,0.101697618163738,0.128212990965613
546,0.144180390216887,0.090096137507932,0.0990287876528157,0.127969577852068,0.0790077719727154,0.134058306556522,0.0612492285239473,0.142083340082008,0.102861777239878,0.129794583942903
547,0.145021052154937,0.0911150160786038,0.099882971708059,0.128983062359816,0.0797884825458084,0.135239524548474,0.061829150747285,0.143512425898319,0.104075358893641,0.131394826865977
548,0.145907541877722,0.0921493487367283,0.100823842466997,0.129972316168845,0.0806147919453938,0.136493494815234,0.0624640193678989,0.144990063706935,0.105366860154154,0.133125190633942
549,0.146806002091591,0.0932280379040894,0.101789344800018,0.130996539599734,0.0814653974817126,0.137787262422493,0.0631070344322092,0.146523211462968,0.106713705946009,0.134955982921326
550,0.147733691202989,0.0943632011331042,0.102798579183443,0.132061717748431,0.0823367593320399,0.139120054401266,0.0637743627182408,0.14810085771724,0.108107636136828,0.136857291687133
551,0.148727825249712,0.0955568663509519,0.103900471965302,0.133153731748594,0.0832317320298107,0.14050392744735,0.0645044159474719,0.149703062347212,0.109545112950556,0.138792118005622
552,0.149693496068564,0.0967481271506421,0.104983356437232,0.134282441471085,0.0841245916069418,0.141908169950041,0.0651642211056709,0.151333609883499,0.111031398790628,0.140796860458601
553,0.150678254882571,0.0979579293714486,0.106059955769187,0.135461100727292,0.0850411970654977,0.14333864333313,0.0658218401690295,0.153022194708501,0.112558009961601,0.142852958733013
554,0.151741089700064,0.0992263537353714,0.1071800422882,0.136695773226082,0.0860085645680331,0.144812656932954,0.0665669372900509,0.154798887793603,0.114127262419083,0.144955144255192
555,0.152829061149238,0.100599584227995,0.108440831834781,0.137962491875963,0.0869991217821414,0.14638027031423,0.0673508237171344,0.156683769484821,0.11582948176633,0.147256486704498
556,0.15392998725918,0.101999049289977,0.109728313203449,0.139254886264355,0.0880221615090167,0.14794560723906,0.0681424136735624,0.158596692596135,0.117594840714664,0.149625045481262
557,0.155045106456525,0.103389388413664,0.110983478054963,0.140577085393033,0.0890794040934442,0.149484775565741,0.0689295339891687,0.160508087596802,0.119381808029112,0.151992628016319
558,0.156204092059742,0.104857349768832,0.112311499935342,0.141959995375747,0.0901452825100248,0.151172775928503,0.0697371369267393,0.162523586680346,0.121246377925121,0.154498296616921
559,0.157382412477378,0.106401728955186,0.113706930733849,0.143375970365327,0.0912792924802064,0.152945389236805,0.0705924024084762,0.164638015920806,0.123184942247278,0.157075692268183
560,0.158564067261238,0.107986509564923,0.115134587821683,0.144811816941153,0.09245098433843,0.154734451050803,0.0714729947184896,0.166797410813681,0.125164956518133,0.15969700558528
561,0.159735726857407,0.109526177706561,0.116513143247652,0.146267280625289,0.0935241037690642,0.156446294906084,0.0722955481668144,0.168879349640834,0.127111612945779,0.162367227930358
562,0.160974437257157,0.111149618791603,0.117994508947136,0.147754983962723,0.0946571423232038,0.158228400506276,0.0731693560329718,0.171037852356328,0.129162917065949,0.165136702359033
563,0.162250391293363,0.112820256050048,0.119545067219207,0.149285373116437,0.095836678103748,0.160081907135075,0.0740741867702567,0.17326834398772,0.131291286913161,0.167969175037685
564,0.163491046055322,0.114441383614436,0.121058397876964,0.150862841697725,0.0969828583761764,0.16194646135053,0.0749394134992311,0.175506690113946,0.13340426442642,0.17079630589057
565,0.164763391972756,0.116140182521951,0.12261731681535,0.15240360146367,0.0981402975178402,0.163793727951509,0.0758094762330674,0.177816355790695,0.135565213503023,0.173693295365737
566,0.165992311816212,0.117854392579598,0.124171745180787,0.153918939435632,0.0992825993827148,0.165626671917424,0.0766474362211036,0.180128864754918,0.137756585198188,0.176635598400398
567,0.16713467212094,0.119526992681804,0.125691042683707,0.155451105593951,0.10040075459758,0.167472130388495,0.0774443485463613,0.182397744122346,0.139965035368323,0.179602384820749
568,0.168424734108963,0.121304531276131,0.127354018819947,0.15709152784988,0.101630414634187,0.169435096130194,0.0784016893988878,0.184802966332889,0.1422670259004,0.182690372027314
569,0.169699509089191,0.12308719821574,0.129027506922898,0.158713514806257,0.102851895907572,0.171360062010802,0.0793201042968024,0.187192908311511,0.144589572686174,0.185758774781863
570,0.170880030756557,0.12481360954564,0.130636835903966,0.160256816344894,0.103995754906775,0.173175025045402,0.0801141872158809,0.189490027989122,0.146886906071124,0.188754317302137
571,0.172109568061248,0.126516082509945,0.132258579557741,0.161816924578821,0.105113096629023,0.174996073590821,0.0809788595712179,0.191796892915742,0.149176842987322,0.191831530239227
572,0.173319342392986,0.128268487591262,0.133897456451322,0.163394638164092,0.106261915334599,0.176869305486938,0.0818537573382602,0.194145638312289,0.151508278513949,0.194926633789962
573,0.174509690781012,0.130064396325798,0.135537787927914,0.164978128853844,0.107424782237836,0.178758123327144,0.0827067897535526,0.19650939352784,0.153868020398021,0.198009461047893
574,0.17574301874216,0.131821617956039,0.137138629818131,0.166538918532669,0.108509249176517,0.180537278660961,0.0835179301473499,0.198797628405707,0.156182631651754,0.201069903169506
575,0.176901838459666,0.133580138057464,0.13877492739458,0.168089092288333,0.109583561349081,0.182332865727169,0.0843402851321308,0.201106797877723,0.158525343197089,0.204166299580058
576,0.178019318457334,0.135330331184329,0.140423194823237,0.169639659907638,0.110666747890601,0.184136389136286,0.0851638081543666,0.20341970254998,0.160887172918476,0.20726490123607
577,0.17918201049522,0.137054536923966,0.142034083916865,0.171201294373113,0.111759544689406,0.185897731485534,0.0859587061417633,0.205688996793094,0.163235564519167,0.210307971555085
578,0.18035827619572,0.138838557161514,0.143725911868089,0.17276166744879,0.112838049635514,0.187679584574926,0.0867711244750552,0.208031504305627,0.165638212846307,0.213407175678425
579,0.181564917941975,0.140653616174574,0.14548936352394,0.174348194821284,0.113908500791476,0.189482315406464,0.0875848416999053,0.210419421462922,0.168066897930678,0.216623946602962
580,0.182817121531667,0.14245706057434,0.147285723064298,0.175987736712906,0.114974173687356,0.191295938701911,0.0883862288909566,0.212809603573534,0.170490233625781,0.219957813802347
581,0.184104525817875,0.144243899971274,0.149061506171823,0.177697370101059,0.116005461284835,0.193130601444681,0.0892256744874499,0.215218800051833,0.172942068112962,0.223231640329785
582,0.185422083897839,0.146017907493856,0.150859642561331,0.179386884325609,0.117025043781439,0.194918001162533,0.0900307522377185,0.217608657626371,0.175399193271711,0.226475589255013
583,0.18675066707988,0.147783624477271,0.15269383947528,0.181024244949273,0.11804424639068,0.196648941121107,0.0907911344448517,0.219971747409978,0.177851181249766,0.229714335772993
584,0.188053203903177,0.149550759113953,0.154536014699321,0.182697933256076,0.119056330614276,0.19843907084813,0.0916303998098149,0.222383973552722,0.180330292590547,0.232968016730162
585,0.189302758780496,0.151327274138252,0.156312522669325,0.184333241255433,0.120050372175251,0.200183902376175,0.0924244916733148,0.224687902745018,0.182762438666987,0.236147767481875
586,0.190469692656067,0.153078769164155,0.158002485843943,0.18586894316711,0.121015311477883,0.201845119343734,0.0931378224565283,0.226860283160174,0.18511516370086,0.239206770317269
587,0.191522246072709,0.154733671539589,0.159624516668498,0.187242285674481,0.121938183148525,0.203423343924421,0.0937902152254464,0.228972070778451,0.187381548176895,0.242123107212813
588,0.19235441457156,0.156307907292368,0.161061585498984,0.18844264213511,0.12283590056322,0.204868632437552,0.0944018746627963,0.230903844534767,0.189493347945314,0.244774134712039
589,0.193007017273146,0.157772935284101,0.162297634763587,0.189486688048438,0.123684786386982,0.206194412931715,0.0949241746792559,0.232665141552584,0.19148232019984,0.24719632400461
590,0.193572128110703,0.159094284251147,0.163365536818694,0.190409185389008,0.12444649117272,0.207429828423574,0.0953008103625578,0.234306035757892,0.193410633102776,0.249474356790267
591,0.194105569687379,0.160337960461807,0.164441923034712,0.191304348211573,0.125104138443706,0.208553903984134,0.0956567914614194,0.23587766757448,0.195312871911541,0.251625460195142
592,0.194567206323664,0.16149641718827,0.165418777550483,0.192147366277771,0.12569197216741,0.209609451364289,0.0959962151594419,0.237351079332389,0.197148051466921,0.253652226024417
593,0.194925450594531,0.162563396994224,0.16621564678531,0.192904484842476,0.126251689425085,0.210632151476814,0.0963181199949266,0.238696552900905,0.198881964508306,0.255574801965247
594,0.195228782843315,0.163568286372647,0.166997217805107,0.193571339411295,0.126818470460182,0.211586234305966,0.0966644642953185,0.239914764959174,0.200542305806669,0.257467448237464
595,0.195505180771611,0.16448403331982,0.167758031698654,0.194175770354699,0.12734128628863,0.212508769597216,0.0970591662556741,0.241024395662158,0.202074161521049,0.259336895830572
596,0.195829999275569,0.165374864582444,0.168522182130781,0.19480628260209,0.127848547762324,0.213470666247092,0.0975252034638886,0.242099890883582,0.203511246945048,0.261251761805474
597,0.196394929197694,0.166484119029706,0.169374680673509,0.19568759022636,0.128529830209179,0.214621794175457,0.0981118420801288,0.243322822216934,0.205040704288701,0.263424626803088
598,0.197001758355209,0.167659246668894,0.170286506344725,0.196610110241542,0.129207166976911,0.215803919760323,0.098619943648657,0.244596251824476,0.206594434493739,0.265555170751996
599,0.19759464075051,0.168833572229858,0.171238907600398,0.197511719852293,0.129845314156742,0.216935946199788,0.0990203472421994,0.245904013665886,0.208166548456889,0.267556895619478
600,0.198202218509187,0.169981500857064,0.172215128014004,0.198416813482419,0.130498195229665,0.217978403737255,0.099404966553487,0.24727698585837,0.209787990348034,0.269485716990928
601,0.19862142199153,0.170920759187447,0.173066285618909,0.199113496031241,0.131038756737924,0.218869145725165,0.0996965110769158,0.248460064908135,0.21125236055596,0.271205860782139
602,0.198888539609253,0.171695329578918,0.173789235069639,0.199651098822178,0.131459308669981,0.219592278586927,0.0999352543591006,0.249487483054976,0.212563296536112,0.27275293961276
603,0.199109137789161,0.172422300562538,0.174421670731278,0.200149268362188,0.131801269395623,0.22017079493395,0.100197559335518,0.250456280582203,0.213791470229506,0.274217541921518
604,0.199194215316907,0.173091480914669,0.17486905132866,0.200485219859221,0.132143094072154,0.22074367049611,0.100518479909786,0.251112986178013,0.214934861620334,0.275616679209096
605,0.199345904313838,0.173761984176349,0.175304855932023,0.200839576355444,0.132503313015672,0.221370114332142,0.100889731875748,0.251673829639856,0.216015686534039,0.277041812601247
606,0.199705844518649,0.174462258186098,0.175876804008709,0.201354761354196,0.132872062837724,0.222047966545789,0.10128321405241,0.252355793755191,0.217044562969343,0.278531110413786
607,0.200110374395053,0.175109897424273,0.176551353085983,0.201944915026886,0.133199352588159,0.222636123707107,0.101641423098537,0.25319043794534,0.217998527295875,0.279954863227586
608,0.200642653443451,0.1757220348407,0.177272086259021,0.202568397315478,0.133411940012027,0.223171385401436,0.101961336031678,0.254066163864349,0.218853666851633,0.281268642238964
609,0.201257427160493,0.176315734635629,0.177992883027854,0.203165332092971,0.133541487332441,0.22366906364028,0.102256913601281,0.254912428809837,0.219625938178796,0.282472661765301
610,0.201685173277551,0.176912483153775,0.178669414887488,0.203619357888291,0.133796000226677,0.224110172963786,0.10257745975848,0.255705935862578,0.220399135816865,0.283629201992858
611,0.20212412686417,0.17743592815288,0.17933514009068,0.204090065850036,0.13400883880567,0.224467175484974,0.102809284888826,0.256464471542566,0.221046704765296,0.284688079714522
612,0.202623219588908,0.177914506114414,0.18002939573586,0.204616656316254,0.134151680857258,0.22478482003211,0.102986641265474,0.257225984130466,0.221631101065907,0.285655195253043
613,0.20316041151402,0.178445176184942,0.180802805839134,0.205175918954797,0.134269657226622,0.225159478483721,0.10323067423233,0.258049828897847,0.222333855578906,0.286578129086622
614,0.203552316782216,0.179026768336416,0.181538355120614,0.205678130234732,0.134490277938714,0.225604964951809,0.103387676102964,0.258874409575584,0.22316951096994,0.287571504055107
615,0.2038550054691,0.179576216629157,0.182211698210339,0.206081878099844,0.134746573597386,0.2260360961702,0.103476144658118,0.259653732850118,0.223963094161258,0.288513884513915
616,0.204177499003719,0.180015908864781,0.182845664359455,0.206391176861441,0.134945555424497,0.226373689257653,0.103558184836324,0.260368885535711,0.224539844584735,0.28926977024684
617,0.204463309813467,0.180447081345047,0.183549992762243,0.206752470162735,0.135201207096838,0.22676763767683,0.10365154857765,0.261106133025194,0.225081047663598,0.290017348182069
618,0.204776201834209,0.180899369078847,0.184287137017248,0.20716578530653,0.135514963209243,0.227187158044955,0.103758744962733,0.261884674337099,0.225650866995004,0.29081285319887
619,0.205093853613705,0.181389748699074,0.184991306651861,0.207560024005676,0.135878396965346,0.227591588362752,0.10387823409096,0.262687854496044,0.226288967146603,0.29167319057756
620,0.205128178920607,0.18190921669341,0.185563232349078,0.207699093925535,0.136293365800519,0.227953047628736,0.104019092594786,0.263425283452806,0.226993756037371,0.292551773674096
621,0.204992540731245,0.182551694815947,0.185984605300273,0.207773134052298,0.136717489474744,0.228337612775714,0.10407959075815,0.264079493148986,0.227843332845502,0.293417277217954
622,0.204796752312827,0.183266447947468,0.186316421499475,0.207855381993976,0.137113963927167,0.228730515066406,0.104066396427501,0.264658579021821,0.22873963787242,0.294203214028952
623,0.204654833274418,0.183827690842914,0.186726784507338,0.207875823209276,0.137444976891915,0.229008470174336,0.104111710648725,0.26520188313708,0.229353370610297,0.294780548709876
624,0.204652559591986,0.184363049581516,0.187327266895747,0.208069044343984,0.13789775639204,0.229433083956742,0.10432748563196,0.265946219472344,0.230030367070375,0.295567039226428
625,0.204750290451642,0.184886630255173,0.187983052505506,0.20839588009898,0.138383227815038,0.229927528978481,0.104596542174116,0.266773084918887,0.230777516879351,0.296522461334386
626,0.204831462268008,0.185367160143721,0.18841823993486,0.208672460815469,0.138672547853025,0.230253058967194,0.10468054217604,0.267372693242297,0.231445668863077,0.297368766669143
627,0.204958932676781,0.185889596380311,0.188874682955442,0.208968381928078,0.138956318438216,0.230704405073124,0.10483474586011,0.267992764376643,0.232206739397668,0.298309528717349
628,0.205104032186726,0.186447360488376,0.189357197611244,0.209332778036535,0.139246683061568,0.231219190156468,0.105064001110808,0.268620262695671,0.233039112671633,0.299308788231296
629,0.205239182923023,0.187002762306572,0.189823796770934,0.209769457154702,0.139514878573841,0.231678213925499,0.105310646523767,0.269201088507158,0.233870576322226,0.300288651651748
630,0.205424424774236,0.187471701433533,0.190247313101087,0.210071399815652,0.139712404946726,0.232066844894992,0.105478421378913,0.269737512716552,0.234600374352161,0.30120694939401
631,0.205632720991108,0.187952360971874,0.190659497681212,0.210343745716207,0.139899388209439,0.232444962480409,0.105648250015714,0.270289252133653,0.235285553844116,0.302120673251647
632,0.205843144214335,0.188474931883843,0.191066629903109,0.210657015891633,0.140093988612063,0.232840206392233,0.105858152054053,0.270849425797186,0.235963744148694,0.303042833020909
633,0.20604157483789,0.188894843148704,0.191394723715771,0.210954699943559,0.140198841064467,0.233187087369144,0.106026689599598,0.271236966540921,0.236594938960061,0.303855661084066
634,0.206353400842691,0.189309941234622,0.191788170289558,0.211351327473529,0.14034535896605,0.233618550523527,0.106223110682163,0.271686985580034,0.237276965567562,0.304738407780968
635,0.206746776348053,0.18972470131967,0.192236617156367,0.211816956649753,0.140516174019037,0.234100630088237,0.106439616728569,0.272203891654106,0.237983647256971,0.305696590982938
636,0.207042060876592,0.190061862055603,0.192588293306118,0.212185287472956,0.140558297995022,0.234443742560164,0.106598728331701,0.2725866311899,0.238571715699814,0.306583570650308
637,0.207372503972751,0.190448823469328,0.192988272644589,0.21262400363251,0.140611838350681,0.234796045526828,0.106795949518445,0.273052253916054,0.239157567803908,0.30743457942895
638,0.207749136118055,0.190863654812651,0.193411881558729,0.213110620145474,0.140693739419018,0.235176961227835,0.10699965637847,0.273572320362725,0.23976172903318,0.308305030310008
639,0.208139391515557,0.191241026180597,0.193789451999585,0.213564712498303,0.14078308486929,0.23556503455803,0.107145209788907,0.274043588590707,0.240375968808929,0.309253637285182
640,0.20849816124996,0.191682612135907,0.194252992536922,0.214056041768474,0.140914874171933,0.235967597401437,0.107340239714465,0.274559410092297,0.241040421373463,0.310231718684279
641,0.208830344193012,0.192155243040395,0.194718461433523,0.214522363842408,0.141056028206121,0.23639464383003,0.107547114700193,0.27508342899331,0.241718089765848,0.311178786195047
642,0.209149952937341,0.192616531015037,0.195111897954658,0.214923260800075,0.141188692417942,0.236841754826148,0.107723667502429,0.275584039152821,0.24237534231867,0.31206913425436
643,0.209467987769052,0.1930731848153,0.195518702332009,0.215368618351684,0.141394964314156,0.23724604922797,0.107894950574127,0.276124877422623,0.243033251981537,0.313003788511399
644,0.209762016390096,0.193509167185536,0.195935471588186,0.215816567992518,0.141613926454833,0.237654234569642,0.108077217582582,0.27664154590591,0.243700753101146,0.313937390366385
645,0.210026514998743,0.193933574456399,0.196356886590443,0.216237182270189,0.141818192268574,0.238086850399001,0.108273452612838,0.277123106082281,0.244377831489298,0.314861346588185
646,0.210284842649547,0.194405587442601,0.196780300520131,0.216623134842487,0.142044151706862,0.238519907565802,0.10846702990997,0.277660554346468,0.245048015428054,0.315844478302158
647,0.210540602570373,0.194872457032911,0.197206597200866,0.217001290363678,0.142260242308235,0.238936626135812,0.108652452674558,0.278190097352926,0.245740742011823,0.31683315078207
648,0.210789467152966,0.195328291313203,0.197624359418887,0.217370502587985,0.142478443912179,0.239341674777333,0.108829453807711,0.278702783310826,0.246444876964091,0.317783386706569
649,0.211019108601526,0.195794041172582,0.198012429815152,0.217710327682724,0.142739275327887,0.239755213389333,0.109001959398207,0.279220099657874,0.247119936581047,0.318648983112327
650,0.211188777887406,0.19617349141041,0.198404675088281,0.218017455056152,0.142968817849385,0.240092984652521,0.109135291530602,0.279682997653258,0.24773920219575,0.319526104092082
651,0.211326660292731,0.196534403169726,0.19880366795704,0.218327444856561,0.143185702005054,0.24041584473356,0.109259264803273,0.280112495927748,0.248363990909457,0.320429644099283
652,0.211476161642835,0.196969767616997,0.199199413544853,0.218669732337807,0.143422006953825,0.240806380236294,0.109412599275038,0.280549068345482,0.24905900354054,0.321340032973386
653,0.211615899105286,0.197363429106375,0.199569308935208,0.218939236241062,0.143595963893285,0.241168666920619,0.109549051885097,0.280985634222516,0.249691981789314,0.322179825326668
654,0.211741810741013,0.197721719257312,0.199895232561717,0.219142400944916,0.143729453954255,0.241452971922238,0.109639510004387,0.281391557812651,0.250286544866179,0.322993493048071
655,0.211855595899242,0.198069493411027,0.20019070628271,0.21930976655959,0.143859713814949,0.241664411653775,0.109685172552158,0.281760764997389,0.250889396447873,0.323823239498702
656,0.211969478277777,0.19844109327235,0.200563982224581,0.219494961783733,0.144039646654805,0.241951546202223,0.109765977901022,0.282170733024659,0.251568438561053,0.324657053604781
657,0.212090987026771,0.198824335674811,0.200919548607432,0.219700874158784,0.144190499558719,0.242216843459328,0.109855167497802,0.282561849704074,0.252218955012225,0.325510503204646
658,0.212205584532495,0.199205755524091,0.201223140560005,0.21990570536556,0.144290236561291,0.242428611475559,0.109926558075916,0.282906901620724,0.252818455382913,0.326376421788137
659,0.2122632481952,0.199567260552474,0.201514720846105,0.220050026991434,0.144388231361315,0.24263910261972,0.109947874312473,0.283216005397019,0.253450812342177,0.327213128752162
660,0.212324610733328,0.19993849048375,0.201819048733876,0.220177556079109,0.144483752048242,0.242830476455062,0.109969573893293,0.283519733428308,0.254107999245986,0.328092576160434
661,0.212392828189727,0.200298825537519,0.20212097966146,0.220283760488526,0.144567663677905,0.243009053884776,0.109977146996305,0.283795422999694,0.254758800019337,0.328980831008999
662,0.212444991157171,0.20060710608831,0.202385617851916,0.220347279045885,0.14462540032365,0.243189593926331,0.10992957236479,0.283999725379247,0.255359007693744,0.329796599480765
663,0.212497582224019,0.200963660341689,0.202690796068256,0.220452534907657,0.144698544778117,0.243343399202192,0.109933768451657,0.284293027979917,0.256016403714462,0.330677208821706
664,0.212545437742385,0.201335172397,0.202998663910455,0.220584118275504,0.144766256411965,0.243493192866796,0.109948948146087,0.284608840946593,0.256677003656008,0.331567131678972
665,0.212582223727338,0.201671996040319,0.203266356605382,0.220709503499738,0.14480872263378,0.243662310570463,0.109921376812321,0.284859782038443,0.257280892660192,0.332399737975196
666,0.212615926092714,0.20199806026028,0.203560671580552,0.220835371158094,0.144885300292471,0.243817091144848,0.109907052657899,0.285127876262894,0.257931844949286,0.333275847598611
667,0.21266503857446,0.202358376093695,0.203879265278051,0.2209722745657,0.144972699542176,0.243966871381647,0.109915620093496,0.285417092727883,0.25859305198755,0.334194074540284
668,0.212729971297169,0.20275617507198,0.204206192735282,0.221120898513448,0.145052921971396,0.244131520957842,0.109939377053478,0.28571932358629,0.25923699006018,0.335124874855872
669,0.212766915470331,0.203101692239088,0.204502623025803,0.221259040161959,0.145130361482567,0.244357398821182,0.109936750761524,0.286006487628919,0.259879875866469,0.335992578810982
670,0.212818609763951,0.203436857088426,0.204813070355452,0.221396630918422,0.145204361881789,0.244565976934906,0.109945028246803,0.286333825311071,0.260493212881942,0.336830087750839
671,0.212915204921946,0.203792576628998,0.205149918722881,0.221557687607041,0.14529527434449,0.244766041463019,0.109987099909444,0.286709723079928,0.261089433099517,0.337684350609555
672,0.213082623599138,0.204197509808297,0.205499418781693,0.221783596356295,0.145445302703359,0.245044277154779,0.110078593073269,0.287102533474516,0.261718125902759,0.338626390594597
673,0.213240425159132,0.20463507712426,0.205878773408244,0.222021955529714,0.14561231968238,0.245351421580747,0.11016575354465,0.287515622504122,0.262376533981839,0.339527199408737
674,0.213404359782636,0.20507980888742,0.20626741889609,0.222263216802846,0.145792315035126,0.245677203698504,0.11026006628863,0.287941726277368,0.263056120419108,0.340399090419824
675,0.213620498504456,0.205505487823212,0.206640241181961,0.222516629440541,0.145995315195919,0.246028158652916,0.11039519270538,0.288379071763201,0.263742148056751,0.341299601881112
676,0.213862367811445,0.205926881763776,0.207068332144767,0.222825889813492,0.146241777196534,0.246461883445129,0.110572909273095,0.288900694596018,0.264409303091655,0.342193642596211
677,0.214124824353245,0.20635664430701,0.207503682925044,0.223144473227566,0.146495358918041,0.246920864887766,0.110761141764705,0.289441000797042,0.265059395284613,0.343089918270006
678,0.214406420893404,0.206800838795774,0.207907272065628,0.223441865821426,0.146728223440193,0.247365248703456,0.110935716802701,0.289952664667686,0.265699077946159,0.343997851437591
679,0.214704470131256,0.207235731356118,0.20832461475883,0.223782205846273,0.146958176029592,0.247872681366332,0.111103471849538,0.290510282023569,0.266326986536019,0.34490881376562
680,0.215042582219858,0.207726573044587,0.208775839331317,0.224173619223487,0.147251920711439,0.24841667881012,0.111350155089601,0.29115855999054,0.266982583403702,0.345828715534354
681,0.215435406525132,0.208274629141814,0.209269258182494,0.224617551858715,0.147617842769003,0.248995277200278,0.111681851809728,0.29188477932065,0.267671313613345,0.346757214416899
682,0.215896080057599,0.20878225869674,0.209800454604722,0.225110041120308,0.147976516073011,0.249656305954014,0.111980474019445,0.292587776044126,0.268350332161041,0.347689828164568
683,0.216331157582573,0.209271254000484,0.210346481133569,0.225627807116442,0.148348833945278,0.250301627751658,0.112299274207235,0.293307164358907,0.269007065342983,0.348576254098472
684,0.21676506208471,0.209793591938601,0.210931099551971,0.226210138655425,0.148762907073191,0.250963258225482,0.112680791224096,0.294076231613402,0.269660220347283,0.349457466500258
685,0.217286961987183,0.210422297441476,0.211602073293543,0.226928311723482,0.14925499057954,0.251741627047643,0.113167508796637,0.294930462562767,0.270347074175945,0.350421722728797
686,0.217823112105297,0.211042483441689,0.212273919749928,0.227647933088372,0.149775724734081,0.25253180226305,0.113679674085642,0.295829483557448,0.271004520085057,0.35129877432873
687,0.21838635108814,0.211664570877162,0.212960003817236,0.22839736757688,0.150326314032683,0.253348560322201,0.11423299732002,0.296763662306571,0.271656370564193,0.352156943273626
688,0.2189934813265,0.212321166880702,0.213692122505221,0.229230533993092,0.150913713169567,0.254222828372463,0.11485353970453,0.297732412882644,0.272342639305105,0.353095254950755
689,0.21958054690197,0.212998221009279,0.214477741659817,0.230127353646682,0.151516319856983,0.255131066054157,0.115498966712961,0.298758098292984,0.273086381053034,0.354061428736578
690,0.22016881756429,0.213695424880453,0.215251456379364,0.231034166516941,0.152124975008597,0.256027783331753,0.116175620982575,0.299794661610925,0.273802978405678,0.355018009678826
691,0.220776850735939,0.214406057309802,0.215997091129768,0.231929500683252,0.152743359001882,0.2568977930355,0.116883786114776,0.300816306196344,0.274451182212796,0.355939640217937
692,0.221405344578071,0.215105695844553,0.216826206916131,0.232868833986177,0.153403459925574,0.257795720668783,0.117601541198826,0.301852275659414,0.275091444774839,0.356815154270965
693,0.222038384870892,0.215810902985724,0.217639370433067,0.23381221094897,0.154081937033414,0.258688361935127,0.118334898885678,0.302883569225557,0.275761603772477,0.357693879087527
694,0.222663951085351,0.216525308332943,0.21842032662825,0.234753410193598,0.154748316520189,0.259567612486991,0.119084236828439,0.303903228389445,0.276461189510764,0.358610958927077
695,0.223272824089727,0.217243210317857,0.219222592451782,0.235715561245199,0.155361009795076,0.260445943692841,0.119847272321887,0.304913752446143,0.277152698246241,0.359595531585296
696,0.223828213356149,0.217913537090432,0.219998533307209,0.236618776764273,0.155917246039,0.261272907731182,0.120552974040335,0.305882412489919,0.277827779307186,0.360519641969279
697,0.224347318013862,0.218555187340586,0.220751694381254,0.237464512501762,0.15646216577173,0.262050666930317,0.12121966400213,0.306825852717154,0.278492112385311,0.361391549279422
698,0.224866210699949,0.219208741241295,0.221501748730607,0.23828489445178,0.157049495715448,0.262804364013771,0.121894075207329,0.30777354549454,0.279160011137684,0.362267918697425
699,0.22538143005612,0.219846562530697,0.222248300182564,0.239090261101319,0.157612758922203,0.263573450654266,0.122545737620286,0.308687462868669,0.279854196221999,0.363150332873948
700,0.225896562127869,0.220486117531439,0.222980075036063,0.239895457768307,0.158159529018596,0.264320906790024,0.123192954279649,0.309581261282628,0.280534896759201,0.364053561901414
701,0.226409228877174,0.221137184819929,0.223684824042325,0.240700315563288,0.158699459226493,0.265024800866733,0.123840123449953,0.310467695599191,0.28118030639642,0.364978939972011
702,0.226902184172876,0.221768260145814,0.224348085924944,0.241464185488486,0.159217271808549,0.265750629041262,0.124430414576262,0.311339904683566,0.281851949319418,0.365887798159116
703,0.227358846793581,0.222393645526249,0.22501162275215,0.24218709704913,0.159711399803557,0.266459667248563,0.124978360842553,0.312166005616111,0.282539299937147,0.36678926376561
704,0.227790413243926,0.223017847586623,0.225685177844506,0.242866354200151,0.160179687252916,0.26713126476967,0.125506892924591,0.312948230578916,0.283228041245533,0.367688620435925
705,0.228249764241196,0.223634317804328,0.226335293458683,0.243488122002168,0.160614969207327,0.267763988655462,0.126055292693868,0.313737310967514,0.283897223094909,0.368584079160385
706,0.228697767618165,0.224219192802431,0.226977795512218,0.244123824073885,0.161059353771386,0.268410953855453,0.126582197174978,0.31450099346746,0.284566399246994,0.369503105068655
707,0.229113605105645,0.224774186039305,0.227598602651649,0.244757221418838,0.161500522137233,0.269031750863146,0.127069361117217,0.315237853495353,0.285217224690777,0.370402751952452
708,0.229486887176259,0.225317066414103,0.228172404933186,0.245332314646416,0.161902770119119,0.269548747001575,0.127511009568736,0.315959445596884,0.285820276876651,0.371213455523695
709,0.229891313208378,0.225885178721152,0.228724224301382,0.245916389344269,0.162330872031264,0.270127812592971,0.127958417962143,0.316667926599455,0.286485983465964,0.372079464080721
710,0.230289074548177,0.226466706118145,0.229281545558418,0.246500136633138,0.162770993324639,0.270730592271146,0.128399263247062,0.317355295824068,0.28716783883109,0.372992530759559
711,0.230645460430185,0.227041801984293,0.22986040677416,0.247068269516647,0.163195102315708,0.271299750209936,0.128821111202556,0.318023502454384,0.287814566277965,0.373918020281595
712,0.231046875323611,0.227609557176019,0.230422520180895,0.247650646336238,0.163583275725087,0.271893302475587,0.129274635237474,0.318730345838876,0.288512334444311,0.374861892621212
713,0.23145871591292,0.228156120083925,0.230986963133734,0.248219081728937,0.163979383418891,0.272484020636978,0.129729394596516,0.319411994519577,0.289184415327264,0.375777529232265
714,0.231857531778313,0.228683834295624,0.231558566926065,0.248766553053259,0.164396985061123,0.2730558176777,0.13016111722509,0.32005150083168,0.289809981993192,0.376642798130498
715,0.232247767239468,0.229227743987032,0.232114649081551,0.24933297953505,0.164787872203125,0.273620440723922,0.130557455389702,0.32072936229405,0.290491012051582,0.377470815334222
716,0.232640107324896,0.229751978395964,0.232619855476647,0.249869942171288,0.165172807017511,0.274150919657358,0.130948747161164,0.321403252984489,0.291129150283426,0.378325415486189
717,0.233035294390732,0.23026108201135,0.233100488167185,0.250388362801877,0.165556324159027,0.274670697877995,0.131347746314785,0.322061424826534,0.291727997937976,0.379199942789438
718,0.233426661201002,0.230785035392157,0.233627154792182,0.250937401890492,0.165934867945965,0.275237628040061,0.131756233628794,0.322707187126421,0.292355519485557,0.380037387179394
719,0.233816921359572,0.231324132065116,0.234151731883136,0.251482264081578,0.166360307695475,0.275810329406651,0.132184419821827,0.323346832539875,0.293015234569536,0.380900799310304
720,0.234197325759928,0.231851105993474,0.234672039347532,0.252012887479924,0.166769801068819,0.276359769065631,0.132594230850298,0.32397605331814,0.293662370290138,0.381744976740606
721,0.23456303452251,0.23234366180684,0.235193205975101,0.252527601329695,0.167101837599636,0.27687467122169,0.132955071877913,0.324593940518114,0.294255289874591,0.382524177196233
722,0.234953714018574,0.232872729382978,0.235701830364926,0.253041105282045,0.167512389446358,0.277438677593169,0.133369296733318,0.325249555429773,0.294875998641477,0.383377908421005
723,0.235342658696431,0.23337266956166,0.236189124314017,0.253548476066664,0.167932074449244,0.278015882711364,0.133789845621497,0.325869558207135,0.295497991360236,0.384237831707773
724,0.235714206440489,0.233824727980845,0.236658615400309,0.254056659777145,0.168310475705749,0.278573325777406,0.134184206872411,0.326428769158929,0.296102202837439,0.385050187236962
725,0.236091274232559,0.234354502544983,0.23714231035199,0.254615010648291,0.168682323160225,0.279109441161221,0.134585371702827,0.327037567568782,0.296708281833562,0.385828755905466
726,0.236465027568704,0.234848909270611,0.237608858797217,0.255130471789254,0.169065173264808,0.279615074439628,0.134969807996381,0.327642976696919,0.297312453919601,0.386615360813393
727,0.236835038863617,0.235299859095806,0.238064559859394,0.255596502445547,0.169463065483965,0.280115835176945,0.135341435334512,0.328238318692454,0.297910254538842,0.387428695708232
728,0.237207263187816,0.235789210614169,0.238549311527298,0.25608241772292,0.169867176031883,0.280672038016953,0.135727904900136,0.328854091159115,0.298494642523991,0.38826822057515
729,0.23759096883324,0.236303208290785,0.239038648268394,0.25657968090105,0.170258672246571,0.28122940034633,0.136143063227336,0.329482274704332,0.299095384208216,0.389086753995412
730,0.237983771767096,0.23681440777728,0.239523662647056,0.257085631804825,0.170650969677852,0.281772783882736,0.136563907641775,0.330109567484558,0.299699179871616,0.389883355978301
731,0.238377822419394,0.237289576595656,0.239997565083059,0.257595476559616,0.171061869711281,0.28230128314711,0.13695784796371,0.330716886822607,0.30027901623602,0.390671551546875
732,0.238760270919482,0.237722160022392,0.240439127007184,0.258102328445469,0.171444017089582,0.282832967413126,0.137342793553963,0.331267810917186,0.300827972169494,0.391439194223363
733,0.239161963634451,0.238161539694681,0.240883915706239,0.258602917924293,0.171822155502553,0.283368487923655,0.137729567475392,0.331819413384037,0.301391925861237,0.39220766645691
734,0.239586974203309,0.23863270391172,0.241348919521656,0.259090876075849,0.172215802429969,0.283900902519496,0.138122237116525,0.332401844963366,0.301986783526315,0.392978445129587
735,0.239940213609292,0.239070419494121,0.241777926659883,0.259540192919829,0.172605858628526,0.28440239778991,0.138507849792568,0.332932757879557,0.302522206761419,0.393680233819128
736,0.240330285182577,0.23952902442867,0.242208746527705,0.260022311229124,0.172987173111161,0.284933088370405,0.138893581235519,0.333481140499788,0.303071853908257,0.394387658258636
737,0.240765100442051,0.240002143180596,0.242645402389177,0.260535318079384,0.173371363510598,0.285492604694278,0.13928648646003,0.334051938473726,0.303645536066939,0.395118957726772
738,0.241139388342123,0.240411667509888,0.24305434798593,0.260992320357878,0.173792665455179,0.286012090161814,0.139695411890289,0.334576366758718,0.304183505855625,0.395830124887502
739,0.241537748049594,0.240869136571658,0.243467087263125,0.261491684406807,0.174198604092037,0.286541148512051,0.140104261798173,0.335159038291135,0.304712702530753,0.396587396784638
740,0.241950587778284,0.241355202322568,0.243891377715483,0.262004719204049,0.174591218545189,0.287084445740147,0.140512380784374,0.335767862262877,0.305239459177129,0.397364505292482
741,0.242337276440261,0.241804418899673,0.244323727457016,0.262464280692594,0.174993805192486,0.287630926381564,0.140922268589078,0.336324037539625,0.30576581511775,0.398100933025806
742,0.242713509479976,0.242243285337262,0.244745405075442,0.262947834191716,0.175420941012834,0.288185895934665,0.141307936927829,0.336869758919498,0.30631272013804,0.398798006135039
743,0.243099821375663,0.242671720515352,0.24513583788119,0.263429164835364,0.175845299497986,0.288707647870091,0.141689179135547,0.337401784763255,0.306862447443937,0.399488386858441
744,0.243501190341151,0.243085133295756,0.245492469986029,0.263881437813065,0.17624123254367,0.289178776463028,0.142080056749094,0.337919685911471,0.307392161881853,0.400186974983871
745,0.243868143631904,0.243473836190208,0.24586907444587,0.264320414862417,0.17660362215227,0.289675450068499,0.142453007440222,0.338456147379976,0.307880542631045,0.40083215212332
746,0.244232378987208,0.243839109219366,0.246225515967031,0.264775001918612,0.176977929295483,0.290186790956328,0.142816440578217,0.338953543635496,0.308351139855709,0.401455804534672
747,0.244620799520129,0.244206486359715,0.246575590858321,0.265253771579672,0.177386458402328,0.290706580337511,0.143193489636689,0.339425253418616,0.30882541193622,0.40209384182679
748,0.245059538286179,0.244638494568883,0.247011056496907,0.265742400110338,0.177827635890408,0.291235693319697,0.143631925147214,0.339982341954573,0.309325857848567,0.402795284385655
749,0.245502559481247,0.245073084305198,0.24740723531421,0.266221103153399,0.178249010045037,0.291768284839788,0.144070107907713,0.340524286921445,0.309826769656122,0.403479353929518
750,0.245913946702213,0.24547996462016,0.247762016808366,0.266674971523495,0.178659943315888,0.292299670441582,0.144481904701911,0.341040258767573,0.310301580704623,0.404126417793359
751,0.246271759914431,0.245849251556081,0.24812519723706,0.267100047429956,0.17909447589972,0.292827662184397,0.144861439114184,0.341557204915806,0.310729824667639,0.40474556697902
752,0.246671684401142,0.246266462262423,0.248514957014035,0.267572194218172,0.179515103299355,0.293365950486645,0.145263873159427,0.342105540843914,0.311171327004055,0.405357821666834
753,0.247076510160653,0.246694696437118,0.24886551562732,0.268027826124109,0.179915716650665,0.293867230430371,0.145671553123043,0.342622242311166,0.311627436175748,0.405955938839639
754,0.247452144602424,0.247089518633105,0.24914533191509,0.268423742423316,0.180309510875272,0.294313351443164,0.146066190732607,0.3430730461391,0.312087105926939,0.406529090045474
755,0.247853542735676,0.247455362563866,0.249486764255547,0.268869245983055,0.180765062473417,0.2948158311442,0.146470687317891,0.343578154078394,0.312537651097672,0.407064454232707
756,0.248263041934182,0.247784513012323,0.249837586068206,0.269299043293978,0.181182251690383,0.295326309456595,0.146880353490042,0.344055486496513,0.312959538752678,0.407614376354102
757,0.248674259659231,0.248104059914779,0.250171586838236,0.269704383384214,0.181543779070666,0.29582421204322,0.147293254728463,0.344490122914398,0.313353254679922,0.408192462723192
758,0.249097049187321,0.248496465179638,0.250496467803342,0.270153538189622,0.181942907719938,0.296325329681189,0.147712659174337,0.34495640565292,0.313741547722672,0.408759903204618
759,0.249512638781931,0.24883570038102,0.250827795599494,0.270634408461127,0.182356605195695,0.296837587366164,0.148105960567354,0.345458867727656,0.314170821112779,0.40933028645954
760,0.249912910362404,0.249150197215303,0.251154440992775,0.271097712363807,0.182772707028999,0.297351907738573,0.1484913008158,0.345969541122929,0.31461160681227,0.409892754802924
761,0.250299830398875,0.249528167883263,0.251456797447583,0.271485163560068,0.183183207683394,0.297853702418816,0.148907398994028,0.346446291768329,0.315003972695713,0.410431554528432
762,0.250740537917828,0.2499173851379,0.251778660124518,0.271909472727316,0.183640187280475,0.298379647345025,0.149338154334849,0.346937862603795,0.315401186751918,0.411002266229698
763,0.251174544054767,0.25028224690369,0.252091914676528,0.272341496829549,0.184084816324667,0.298894799849528,0.149758631897821,0.347418047166115,0.315813792097054,0.411537910419662
764,0.25155653488166,0.250610004861783,0.252375438741693,0.272752916413494,0.184475018870094,0.299372839358073,0.15015683552718,0.34786664819162,0.316229533306146,0.4119955746066
765,0.25196625719748,0.250959293205547,0.25267111152521,0.27320492691024,0.184883903463647,0.299855869451001,0.150568442952048,0.34832228932959,0.316584206939661,0.412483783817222
766,0.252383495380225,0.251287323369443,0.252979634715204,0.273655081266537,0.18531674296915,0.300339970463002,0.150996285464525,0.34879572231063,0.316916635935706,0.412944580323909
767,0.252796893403367,0.251591804011515,0.253287791794843,0.274087853601571,0.185760580610943,0.30082691514971,0.151434505142936,0.349270977512403,0.31724692430893,0.413377119652806
768,0.253204949398503,0.251924013800337,0.253562997772491,0.274523140163365,0.186176284441248,0.301326480550923,0.151865535611883,0.34969408236785,0.317567384968145,0.413857794459573
769,0.253642520601102,0.252269804005721,0.253826378234462,0.274940307061471,0.186617289765767,0.30183792980765,0.152301375396795,0.350119018347639,0.317953368561818,0.414341568918278
770,0.254080381581981,0.252589755274707,0.254084341165005,0.275335288457932,0.18707202280659,0.302346452555421,0.152738551801315,0.350552838576832,0.318337283747756,0.414807515677177
771,0.254470887002253,0.252844868707523,0.254340985723518,0.275716396607449,0.187504546168661,0.30283514846817,0.153167927391881,0.350986451341936,0.318609667904277,0.415243715356077
772,0.254892347729541,0.253155771957302,0.254623044965106,0.276142685465388,0.187924979160791,0.30334606789891,0.153587617301601,0.351439652695137,0.318937119898352,0.415659809641193
773,0.255332811131803,0.253486813154566,0.254922888348392,0.276592759273013,0.188360984877446,0.303857714155448,0.15401602111771,0.351907111881879,0.319294786437863,0.416090841163861
774,0.25577407190142,0.253797594984179,0.255223483866376,0.277037287609269,0.1888244265668,0.304352519443811,0.154465551981043,0.35237576024064,0.319636755798331,0.416556215792646
775,0.25622873119611,0.254114660073208,0.255504447021273,0.277468236488462,0.189275753402607,0.304859255673129,0.154927648985092,0.352827212922195,0.319944058050853,0.417032144750244
776,0.256656134633905,0.254408058709881,0.255725476163964,0.277871320263372,0.189692217317131,0.305344834533125,0.15536094839088,0.353230227245822,0.320246478675825,0.417423881207168
777,0.257064540713161,0.254683151810331,0.255917223414116,0.278264443605844,0.190101727713545,0.305812450062919,0.155776608987585,0.353615812633907,0.320551107569505,0.417751596343197
778,0.257519623660223,0.254986383024224,0.256195466149351,0.278704222348207,0.190594948194452,0.306306953634345,0.156247473176495,0.35409123512283,0.320839136670901,0.418169753162375
779,0.257980941204248,0.255293490125161,0.256482763528968,0.27916544008046,0.191074676921798,0.30681527352509,0.156736431985968,0.354553842364878,0.321129308412285,0.418595266945175
780,0.25843638718235,0.255608344402962,0.256751787303072,0.279616598740586,0.191539793261455,0.307343246551294,0.157219713382982,0.354989198510355,0.321439302013919,0.41901824192804
781,0.258885582407226,0.255938141850944,0.256993744376525,0.280029395687002,0.192018062485761,0.307893236714979,0.157678487002494,0.355413093841385,0.321775001594469,0.419442770889026
782,0.259355008015706,0.256243469294534,0.257228173853518,0.280448535586729,0.192479817862684,0.30839743203743,0.158117296612631,0.355825831162178,0.322049083020452,0.419801704501744
783,0.259821874493667,0.25654050158908,0.257465044765149,0.280866989069958,0.19293603385618,0.308895555952561,0.158569118281267,0.356244125399913,0.322295144798738,0.420163290115284
784,0.260268261455462,0.256835268639111,0.257706174236962,0.281278785836456,0.19339912846411,0.309412509781446,0.159047483663526,0.356677766492921,0.322550591174075,0.420567715177822
785,0.260701119191918,0.257081191923823,0.257938061584878,0.281699048336084,0.193871789002349,0.309895270219959,0.15950499133686,0.357119294057129,0.322824282674842,0.420943649391415
786,0.261134648132247,0.25733611934744,0.258142763183624,0.282107793973047,0.194349034931684,0.310369615372347,0.15996453334742,0.357532450682011,0.323078069505866,0.42126411427315
787,0.261593658256746,0.257628658548091,0.258349771403658,0.282511968135236,0.194841672951719,0.310864564415949,0.160448843476884,0.357928254976731,0.323323081560622,0.421563870854844
788,0.262112888440188,0.257962876332685,0.258633652206552,0.282942254162067,0.195374427926552,0.311414050357376,0.160982086850879,0.358361064061557,0.32361534575634,0.421937495461369
789,0.262581806407978,0.258220929266126,0.258836885224483,0.283363131221571,0.19583109020293,0.311916985694824,0.161458152280172,0.358719663738699,0.323797491032368,0.422235272603458
790,0.263044563146897,0.258480363955033,0.259021628753032,0.283788453497855,0.19628267124802,0.312410704220583,0.161915208426733,0.359082930396071,0.323962673076578,0.422526863141295
791,0.263572128122549,0.258833753842859,0.259284732135392,0.284237615530862,0.196826379978933,0.312954167880563,0.162422814689648,0.359553181535968,0.324243299903685,0.422910079190685
792,0.264088830520316,0.25905883673537,0.259500113292034,0.284674586283991,0.19733800313986,0.313457336559586,0.162945219726158,0.360006093046344,0.324510987481559,0.423225198884967
793,0.264575802718067,0.259280085076745,0.259666149212939,0.285076535925749,0.197825943487082,0.313948368520329,0.16345557350496,0.360400563054322,0.324722735685647,0.423516166853387
794,0.265036079815938,0.259570063849139,0.259812155706804,0.285450335022157,0.198309188432817,0.314452479930625,0.16394900990992,0.360746258175765,0.324890822018995,0.42382123159593
795,0.265499592478439,0.259835029155591,0.260008484254611,0.285855507492646,0.198801988520873,0.314967548115836,0.164463925807621,0.361137603989091,0.325126399224911,0.424133239631872
796,0.266014434744683,0.260108313256222,0.260248641103476,0.286316718775909,0.199322457132472,0.315504663158081,0.164987490412392,0.361572763114648,0.325395552172323,0.424441130429769
797,0.266556534239743,0.260406866315566,0.26049279445703,0.286808889856831,0.199858775398553,0.316047456726906,0.165514240163249,0.362023167820041,0.325655230813751,0.424743653767764
798,0.267052762734794,0.260735372549889,0.260676930061796,0.287268099975425,0.200378986256294,0.316562245896302,0.166041584388469,0.362437775374369,0.325850861886987,0.425045475944843
799,0.267561081404575,0.260960912517372,0.260884275390368,0.287672763177993,0.200929835030487,0.317101207245585,0.166584928733451,0.362869265431188,0.326027486911589,0.425339856005948
800,0.268064561091289,0.26115513479634,0.261093499433065,0.288073446705732,0.201472371518737,0.317638823805412,0.167125932884373,0.363275191856575,0.326189040136082,0.42560974744299
801,0.26855404149368,0.261413577154562,0.26128181331712,0.288524820558981,0.201977432229581,0.318147530424427,0.167651101894348,0.363629709953094,0.326354104411344,0.425857448429073
802,0.269127293229895,0.261719176029223,0.261533783791914,0.289023224410139,0.202544576835253,0.318664536004104,0.168201220701539,0.364069633335647,0.326656247894393,0.42618188898173
803,0.269696277042426,0.262016028273994,0.261733619316786,0.289498368437301,0.203105666279487,0.319207939728608,0.168759160594124,0.364507829181452,0.326891049337952,0.426478953205979
804,0.270218863711501,0.262278171457193,0.261858632492186,0.289919970539141,0.203627419773664,0.319763102420823,0.169316098378311,0.364897308964906,0.327008706724947,0.426716993352787
805,0.270724799427151,0.262522694917551,0.262034525582284,0.290314727552095,0.204131663733546,0.320263964282138,0.16987927610564,0.365258121954157,0.327206144255688,0.426982232984044
806,0.271273035585846,0.26278368849153,0.262216717280949,0.290737263234516,0.204679870513351,0.320789979753184,0.170453968711883,0.365619745337105,0.327404469167093,0.427243816367025
807,0.271841522676687,0.263022205818204,0.262394934462174,0.291173316290335,0.205250368789264,0.321327798473895,0.171032618041019,0.365995177489096,0.327582708203554,0.427496280198341
808,0.27237683671663,0.263189324511883,0.262570913781899,0.291584657226144,0.20578959790777,0.321833651978189,0.171601654096064,0.366388584107936,0.327740397375715,0.427740414093269
809,0.272932094097113,0.263509609311179,0.262769058823275,0.292051692910322,0.206351836693801,0.322383375828222,0.172149704718255,0.366799996941508,0.327901991022252,0.427953198944576
810,0.273496201640268,0.263849088449217,0.262963339610924,0.292526264607599,0.206928443230481,0.322925946232875,0.172695451427841,0.367215329308985,0.328072913356913,0.428184626198842
811,0.274053955581539,0.264090450946318,0.263134738648432,0.292968606539893,0.20750591449496,0.323430619866428,0.173261454184705,0.367617999922804,0.328253362207967,0.428458066137884
812,0.274597465394306,0.264307828326034,0.26329940117574,0.293410093886091,0.208080671138912,0.323969775612376,0.173866419306645,0.367979997874664,0.328441279475169,0.428685084130616
813,0.275185687951729,0.264549872305074,0.263499176557654,0.293890506397556,0.208671746375908,0.324566319230383,0.174517186330964,0.368386790504459,0.328618217544048,0.428962475814483
814,0.275800459119066,0.26481791408544,0.263705872744674,0.294384325363375,0.209264496196159,0.325174813910666,0.175169198882231,0.368835704121266,0.328779765006724,0.429283418032176
815,0.276351685358638,0.265067990991005,0.263825578497437,0.294804303014605,0.209813047807981,0.325683772771169,0.175728799870829,0.36924261944556,0.328934539593211,0.429546423365508
816,0.276895971385785,0.265330838116147,0.263989858798474,0.29524773395452,0.210418934132424,0.326216242296048,0.176328146866086,0.369629803416179,0.329084669928313,0.429774025354127
817,0.277448480984931,0.265588692528252,0.264186628060366,0.295711954242157,0.211049979473878,0.326758871484138,0.17694877585895,0.370017004408427,0.329246837535947,0.429986082012971
818,0.278013484182665,0.265813961817505,0.264363561102715,0.296165637920185,0.211641404883947,0.327273078261401,0.17753938641028,0.370412922362617,0.329425905351163,0.430195696015458
819,0.278583861757331,0.265986457736332,0.264485497515762,0.296573513460552,0.212169818276024,0.327793907306278,0.178110277768498,0.370749463764791,0.329542664360815,0.430355722438107
820,0.279189274979598,0.266222633764223,0.264614041470166,0.297018697561789,0.212725482403938,0.328333857579768,0.178702522604301,0.371086810760616,0.329641371404835,0.430523800477481
821,0.279821453554166,0.266538197991946,0.264780454649188,0.297523550368026,0.213346623004529,0.328890145786939,0.179330255941467,0.371463062906369,0.329765936850549,0.430738732261158
822,0.280397087356413,0.266749701723944,0.264957653809152,0.2979954208623,0.213972505106881,0.329436648662864,0.179957824568081,0.371871532409066,0.329960039941664,0.431011205474758
823,0.280958149012797,0.266978593759621,0.265103318210059,0.298406897209778,0.214574401489625,0.32996050275777,0.180582100065518,0.372247932889322,0.330089393334041,0.431194909911908
824,0.28152933066978,0.26722469868057,0.265228857903195,0.298792661842052,0.215174653622187,0.330476502240977,0.181203904889922,0.372588469326451,0.330173510497364,0.431345004243968
825,0.282127740714975,0.267440618436979,0.265373465052078,0.299220741573473,0.215816163620499,0.331013563337697,0.181830137636399,0.372924805339076,0.330306551603531,0.431606980567328
826,0.282730328124392,0.267689989270956,0.265524836450239,0.299658337737798,0.216409378492616,0.331563893671608,0.182496041045792,0.373304784525469,0.330473052184521,0.431860232032323
827,0.283326690393406,0.267934566336913,0.265688590519505,0.300114358968648,0.216986307611935,0.332114346285451,0.183160791721737,0.373698519422607,0.330655613645581,0.43207763767861
828,0.283920008156809,0.268151885339362,0.265870695102384,0.300593005777926,0.217594327312604,0.332666271670654,0.183799131828426,0.374088794819683,0.330836647134909,0.432279814066368
829,0.284558889786383,0.268423842697889,0.266087647461276,0.301080136759848,0.218285780976102,0.333285606302804,0.184480532027798,0.374558716882578,0.331018240964784,0.432605610956781
830,0.2851522481089,0.268655200559911,0.266214926792437,0.301510338933805,0.218898159617756,0.333825851054869,0.185119122373735,0.374930363650003,0.331098214822411,0.432829815321373
831,0.285702160863225,0.268849179734363,0.266288201615096,0.30190269562417,0.219438331678113,0.334298383625623,0.185720705625007,0.3752224053675,0.331120927470906,0.43294145584628
832,0.286298129617771,0.269099559360501,0.266491823767326,0.302356529032301,0.220071387490759,0.334861451457456,0.18637726460077,0.375635419232817,0.331267395691168,0.433127363538518
833,0.286883264325874,0.269336532310351,0.266670235858942,0.302811705016728,0.220706348512314,0.33538785876729,0.18706717232344,0.375997465315861,0.331423818936175,0.433371528612047
834,0.287455819082384,0.269558605078976,0.266818479343032,0.303266816278947,0.221344009760973,0.335897184791058,0.187739160477946,0.376328986754315,0.331557163030729,0.433601184987236
835,0.288031760596943,0.269778392864319,0.266964460280312,0.30372547446237,0.221996051984492,0.336440934335226,0.188356414773837,0.376688122466197,0.331667392037901,0.433753413377136
836,0.288636729640312,0.269981294806411,0.267090665605743,0.30414129611066,0.222612914703699,0.337033222307591,0.18899957567837,0.377051830686643,0.331828608208373,0.433928160561236
837,0.289274471253089,0.270212103597866,0.267227908791331,0.304547931793565,0.223230451313933,0.337596521177063,0.189678203018966,0.377431066128321,0.331932032431628,0.434090562165426
838,0.289918499705062,0.270465483790452,0.26738776009976,0.304973803366017,0.223859364616217,0.338105036096083,0.190377722529769,0.377815176160616,0.331978985933495,0.434238436425619
839,0.290492130768189,0.270647824197383,0.267553347662834,0.305436572602631,0.224461198058934,0.338616333524755,0.191052948817118,0.37815816914932,0.332164572748609,0.43443366379722
840,0.29107124286209,0.270874109089944,0.267661497338794,0.305890810065564,0.225089347219418,0.339129280741278,0.191697983660425,0.378447039387639,0.332301559907029,0.434619746619276
841,0.291673517990202,0.271125690049553,0.267787036210803,0.306344530124038,0.225746570795098,0.339680237186946,0.192347800983331,0.378750550765119,0.332402852474431,0.434813086683846
842,0.292292247036775,0.271336996123584,0.268035389422898,0.306820757366393,0.226412688636888,0.340302575133166,0.193048370900146,0.379155361755154,0.332551374274265,0.435049757338469
843,0.292899970384307,0.271539403929999,0.268196966001963,0.307254868109775,0.227059134179817,0.340877001607208,0.193733562552175,0.379528555240221,0.332683986737054,0.435250576855188
844,0.293554079487473,0.271790185970576,0.268362926050008,0.307700186896338,0.227709465589964,0.341445805401468,0.194447873821994,0.379951028055811,0.332870636389462,0.435529597343628
845,0.294248453179146,0.272093550604972,0.268578142324883,0.308173911398539,0.228373491425388,0.342029705228682,0.1951940327347,0.380435386425891,0.333107977046254,0.43589905780731
846,0.294788937072284,0.272321205517502,0.268679984129912,0.308561876299477,0.22900717045014,0.342538751288471,0.195830317319052,0.380764830082058,0.333171226860683,0.436065027888399
847,0.295353771911524,0.272529572141742,0.268821912394355,0.309002346883776,0.229648032433368,0.343075719583433,0.196517390368487,0.381081890917338,0.333258038153589,0.436258014470507
848,0.295961395163202,0.272747363236921,0.269004675732255,0.309483382741096,0.230293248045195,0.343647665237993,0.197243401705588,0.381422154141542,0.333416634574072,0.436495687505923
849,0.296536541856862,0.272987885895346,0.269138516802612,0.30990049878379,0.230916662965478,0.344199509171218,0.197893741691837,0.381758805027827,0.333599767777294,0.436670165047988
850,0.297158679702814,0.273211616168867,0.269298992196881,0.310293339856797,0.231544922379668,0.344695944107913,0.198562868877981,0.382081364684661,0.333723881429349,0.436831449204593
851,0.297787590305578,0.273441792051011,0.269464995942381,0.310696579357894,0.232185845562511,0.345193780180149,0.199263688443865,0.382440663430485,0.333838814062963,0.437030523080172
852,0.298377665075132,0.273691912332318,0.269619614926839,0.311129813466482,0.23284110273119,0.345747178357444,0.199978927760844,0.382851866350109,0.333994890649018,0.437276472101808
853,0.298938205707305,0.273899775494496,0.269829596299459,0.311563185460305,0.233511465592233,0.346345438153629,0.200640692290559,0.383166125388766,0.334151396108868,0.437433129814351
854,0.299500265014422,0.274104962700248,0.269991149881029,0.311986298767357,0.234138645866543,0.346893391167402,0.201308048692115,0.383510350390086,0.334276647199867,0.437600803420396
855,0.300091308114865,0.274327909352944,0.270116036927138,0.312415112345997,0.234738122269846,0.347402672837627,0.202007810183923,0.383902190044755,0.334391066040606,0.437824425811589
856,0.300733352658789,0.274569797774095,0.270327156599596,0.312890042418622,0.235396203826536,0.347987373023242,0.202733992270831,0.384252604450334,0.334565356104157,0.438094130610967
857,0.301360048039571,0.274802219278322,0.270498300266772,0.313355617834331,0.236106135296357,0.348542377247712,0.203471950766298,0.384582530917543,0.334759671674096,0.438359611506646
858,0.30195932651483,0.275037214766628,0.270656389129111,0.313792993460558,0.236775811239749,0.349074522459943,0.204184083019066,0.384929817294383,0.33492349749909,0.438607725642784
859,0.302541964211644,0.275289805449525,0.270852408815822,0.314208246251664,0.237346661878467,0.349616904349676,0.204856190456867,0.385320695645132,0.335034002949606,0.438841060199977
860,0.303141211865301,0.275534721876099,0.271059927237924,0.314671145269813,0.238032107831869,0.350184857017285,0.205606000881385,0.385692437674727,0.335209195133076,0.439075682503516
861,0.303750493452915,0.275768805052553,0.271233464197276,0.315124064702616,0.238691126788256,0.350726976619063,0.206335385962404,0.386096030523513,0.335395453219879,0.439297986001215
862,0.304369242576878,0.276012350950123,0.271377995796516,0.315539961768052,0.239303331798425,0.351246386580697,0.207008712091316,0.386531027507052,0.335568299833861,0.439536636239052
863,0.305010640871447,0.276320563275434,0.271566808721602,0.315936395826266,0.24003031590682,0.351823889883899,0.207681931465418,0.386924409672793,0.335751875887843,0.439885501999336
864,0.305586228874232,0.276534990639949,0.271745816183659,0.316367953434696,0.240691126412616,0.352376042060476,0.208388114008537,0.387283780585449,0.335898736347168,0.440106279622821
865,0.306158421880082,0.276734657778503,0.271927461184369,0.316842890875656,0.241333764476657,0.352925589828583,0.209120745183055,0.38764616700549,0.336050904360786,0.44028386440896
866,0.306816603779329,0.277045689620249,0.272137581860015,0.317342013681212,0.242056127879781,0.353516499555234,0.209853613943863,0.388048902899641,0.336261383750892,0.440579011774736
867,0.307463890682702,0.277336228094078,0.272349306079387,0.317806483065835,0.242759309757265,0.354091524240722,0.210547146980852,0.388446656446451,0.336445361732378,0.440863889426542
868,0.308065650610382,0.277594460906465,0.272536691239583,0.318234592218364,0.243417434394021,0.354647172229449,0.21125565706609,0.388810603853883,0.336628373798911,0.441160246780769
869,0.308644487727933,0.277840156748202,0.272710180247493,0.318643596252142,0.244034425608276,0.35518461326277,0.211996062866793,0.389143557395591,0.336823963925226,0.441459924553079
870,0.309314384315922,0.278136857735988,0.272945411914567,0.319069052027405,0.24464797044072,0.355699588781828,0.212708035754101,0.389493288748933,0.337012792726501,0.441680295730057
871,0.310004277613168,0.278377597574405,0.273154829310368,0.319570825795207,0.245334554429304,0.356284926096095,0.213473445920032,0.389917736617122,0.337184757640549,0.441925031791274
872,0.310656275312588,0.278609387929622,0.273346760941957,0.320104477846022,0.24605490049759,0.356888570847037,0.214257423327778,0.390373092448368,0.337380064845239,0.442235915108147
873,0.311238025344389,0.278923188642904,0.27356649810519,0.320591307643377,0.246732749406884,0.357419886218734,0.21498788720717,0.390780981529214,0.337645835533097,0.442612540052866
874,0.31191011725915,0.279210175646135,0.273824109571858,0.321095332437591,0.247456180425852,0.358023748328746,0.215715555124763,0.391198865299056,0.337901019327386,0.44293728121156
875,0.312584335845053,0.279531461629843,0.274084109111568,0.321609782993053,0.248195158045237,0.358639222674787,0.21645742372553,0.391615377006784,0.338143528956367,0.443268317287279
876,0.313209026960981,0.279890100549159,0.274315044182586,0.322123935402517,0.248920633765505,0.359228643999559,0.217208036630492,0.392031111577398,0.338378095691798,0.443631113583822
877,0.313862173986606,0.280129043963312,0.274494175301039,0.322636019531624,0.249631255431848,0.359854896095069,0.217924889519645,0.3924918866252,0.33860620852746,0.443949315314402
878,0.314508596347597,0.280405531805757,0.274715859731238,0.323148619903337,0.250346129671669,0.360416121800965,0.218648983167322,0.392934299711794,0.33882871685617,0.444245471350259
879,0.315138242645891,0.280721394634665,0.274967181044639,0.32363555989764,0.251032026522658,0.360921328567935,0.219387536426407,0.393343111575093,0.339039049276263,0.444536745455942
880,0.315753587014436,0.281013231810738,0.275186093567243,0.324071746279091,0.251649146354329,0.361437087883037,0.220131776539672,0.393730496043026,0.339230520177436,0.444838620145665
881,0.316375680964105,0.281310106145615,0.275378441210215,0.324577175052836,0.252339199910562,0.362022188371816,0.220867309323112,0.394140388072689,0.33942756610676,0.445131390196993
882,0.317007588165648,0.281582465917385,0.27558700151078,0.325064131730652,0.253047018050118,0.362597646563501,0.221591557985394,0.394529627120284,0.339624530641115,0.445421213233956
883,0.31766025565714,0.281834576666207,0.275832277425152,0.32548684236052,0.253731486225226,0.363131365269624,0.22232418281665,0.394898264765859,0.339847916890063,0.445734189370682
884,0.318372090347852,0.282157744067947,0.276072950913481,0.32593848653683,0.254429780885273,0.363735282869466,0.223136559706943,0.395374854588617,0.340222288435346,0.446142586621605
885,0.319108810052559,0.282534225076691,0.276350458841698,0.326478754929334,0.255217688340535,0.364362777961809,0.223946127607529,0.395838088556931,0.340560660882023,0.446556225763477
886,0.319811960328697,0.282909118948,0.276641138679077,0.327068246059437,0.256025957656877,0.364986615016634,0.224725670343865,0.396278464665331,0.340821268039654,0.446918427713062
887,0.320424477947669,0.283210648466839,0.276893388942726,0.327611626546081,0.256722424561442,0.365585067850767,0.225477534384261,0.396736386296401,0.34104370882686,0.447203571032564
888,0.321058909004363,0.28346838852493,0.277139385516402,0.328098023410773,0.257420644665329,0.366139046623163,0.226205360195631,0.397163643250888,0.34128118078631,0.44753201676019
889,0.321704920475415,0.283751591229888,0.277399998664268,0.328577996336473,0.258124768328842,0.366665502801486,0.226935552729282,0.397557689099522,0.341541999155655,0.447875181076948
890,0.322335046349519,0.284074229233848,0.277664884826595,0.329070704932249,0.258814426813346,0.367179938436608,0.227672724922571,0.397938364690325,0.341801769967957,0.448194573723752
891,0.322904156389058,0.284294289771285,0.277842881833575,0.329487406614522,0.259427789642291,0.367671849674614,0.228355393619752,0.398354179840284,0.341960294172893,0.448452724523254
892,0.323610136746082,0.28463381049606,0.278079656189446,0.329980005803423,0.260158739597715,0.368228762019329,0.229105279828554,0.398857216877946,0.342233660714445,0.448906794784952
893,0.324376833251877,0.285054958507854,0.27838414723294,0.330546744324758,0.260965769175875,0.36884375111231,0.229897040887275,0.399384180144597,0.342595173072408,0.44945490861497
894,0.324999856871416,0.285393531378861,0.278691322485509,0.331100519345086,0.26168921586579,0.369456016051778,0.230636608079431,0.399824263648742,0.342891326538668,0.449821780769939
895,0.325636855267663,0.285730661251896,0.278988536509517,0.331603260888077,0.26239852029391,0.370051031174665,0.231415918539123,0.400327551824156,0.34311841886986,0.450159177418857
896,0.326292827703426,0.286082861281491,0.279264138168179,0.332097698365433,0.263092325652286,0.370642031178529,0.232185869664812,0.40084895168444,0.343404771739579,0.45053376247826
897,0.326941992719294,0.286434790845413,0.279516136965477,0.33259468414106,0.263769250404453,0.371226967346088,0.232901381339685,0.401315584408942,0.343775699599938,0.450950016270146
898,0.327517288961155,0.286700564649532,0.279746923596781,0.332980605475095,0.264434484826713,0.371739435472776,0.233545649232124,0.401623330483538,0.343959542932149,0.451277132437537
899,0.328199178836452,0.287054675299943,0.2800680510819,0.333511292788191,0.2651810902229,0.372368945696363,0.234308236156357,0.402046382544434,0.344280290534183,0.451749611364189
900,0.328912974895156,0.287442924137359,0.280422309860561,0.334126926214984,0.265941231630197,0.373043691922966,0.235128352970116,0.402576800062943,0.344699939950464,0.452262921950654
901,0.329480785341908,0.287718819074478,0.280678860411293,0.334622680323145,0.266585766337705,0.37358393014694,0.235836288100149,0.403064627448122,0.345021449690889,0.452581070154067
902,0.330091129322578,0.288048176832575,0.28092779077866,0.335086437430935,0.267281075359086,0.374179985865868,0.236587838065507,0.40351101879674,0.34538766848921,0.452991251328091
903,0.330740831114989,0.288442125220089,0.281203841820956,0.335592865099007,0.267975437442286,0.374756719363908,0.237332905498245,0.403954206284246,0.345734430333605,0.453427292301771
904,0.331387377453003,0.288860567712181,0.281506249099929,0.336148580140475,0.268626022661386,0.375262692363601,0.238026691736244,0.404409234287994,0.346016528122561,0.453820100646189
905,0.331949296639664,0.289198529007662,0.281772519081978,0.336619599759742,0.269259504454891,0.375749844862142,0.238675981491692,0.404826287444373,0.346266585983707,0.454178297136962
906,0.33252089040709,0.289497529007468,0.282051142225386,0.337071034661209,0.269889989375306,0.376295112112318,0.23936015211126,0.405244245573674,0.346551651365812,0.454542270016132
907,0.333109384600433,0.289767592057263,0.282339355823207,0.337537514728032,0.27054586812741,0.376859234012925,0.240051353275262,0.405694335886591,0.346862677191268,0.454958372928839
908,0.333689398822298,0.290024165343828,0.282619590373956,0.33803854526987,0.271251717827894,0.37736863837405,0.240692897011548,0.406195823312378,0.347165796318759,0.455453985996503
909,0.334293361875671,0.290385410809473,0.282934425966036,0.338544167845518,0.271964184526362,0.377965577647791,0.241430082113351,0.406698099085809,0.347551887132651,0.455904866967963
910,0.334892326483225,0.290775501657262,0.28326078295006,0.339046101384487,0.272660159946515,0.378562913565397,0.242153502354262,0.407172356561167,0.347941610747476,0.456328755182466
911,0.335465776804768,0.291128526841675,0.28357816269756,0.339524290924774,0.27331936507117,0.379098315116409,0.242804404731213,0.407614859224497,0.348276445530648,0.456730090239221
912,0.336016214541908,0.291426459544835,0.283883050736227,0.339923224184081,0.273916459407751,0.379582858385959,0.243451782326451,0.408055081665266,0.348551827886747,0.457050889669045
913,0.336581660669604,0.29176655378761,0.284170252229657,0.340441446760186,0.27455004691534,0.380169182663906,0.244150186102421,0.408562705068141,0.348955512602584,0.457500244614066
914,0.337177302373504,0.292129958842888,0.284460690085768,0.341013388531641,0.275216761380037,0.380796253754499,0.244873413205647,0.409096812847725,0.349392834650887,0.458024482308277
915,0.337801741028595,0.292471829818627,0.284783467023882,0.34150157193776,0.275878966431258,0.381351499154687,0.245566225303102,0.409588100807863,0.349704563117079,0.45849059228427
916,0.338438511394629,0.29290467745237,0.285155818114776,0.342032562129297,0.276573054409546,0.381996273876839,0.246243414665336,0.410108573132373,0.350090355987354,0.45898935824998
917,0.338995184974805,0.293262894971531,0.285499335073392,0.342495278238906,0.277211090633683,0.382546444195858,0.246882304983143,0.410587945264975,0.350423901072391,0.459413105742629
918,0.339463928404686,0.293499144581462,0.285768426841469,0.342887606289035,0.277780851065616,0.382962530762955,0.247476036477557,0.410995026681485,0.350679490625649,0.459748238279447
919,0.339957806437313,0.293751568471579,0.285968392862828,0.343377589852567,0.278384745920111,0.383432442446421,0.248040801888189,0.411362338143499,0.350998302673574,0.460123527078168
920,0.340545832666234,0.294112964112542,0.286327980848794,0.343955177986693,0.279075992988856,0.384066423265923,0.248748653994799,0.411895146606877,0.351411599119836,0.460708026552359
921,0.341156887263972,0.294539656711824,0.286753488185983,0.344524085596777,0.279793304558821,0.384700426166587,0.249508149474212,0.412490868666531,0.351856779771643,0.461298459945619
922,0.341701077633773,0.294946846364341,0.28708440047934,0.344996639518296,0.280450348378881,0.385166261751455,0.250176613593459,0.412986952393105,0.352261224281251,0.461686563287853
923,0.342244166534638,0.295309375345164,0.287363409712167,0.345476053934906,0.281042647781758,0.385715773573106,0.250797524455475,0.413435124908897,0.352684240445788,0.462228492222678
924,0.34276121822096,0.295680541876858,0.287648659729838,0.345943822272111,0.281638239397291,0.38629121114897,0.25140411301848,0.413895221584019,0.353054455316375,0.462729379945437
925,0.34324625215622,0.296050523519738,0.287980173088477,0.346406197866416,0.282258731041584,0.386838916501966,0.252004495375331,0.414399856526601,0.353387984928893,0.463138437840231
926,0.343717797430516,0.296348289832666,0.288374038199964,0.346896792256707,0.282876167197726,0.387324854343837,0.252583587368148,0.41494867311795,0.353788796054381,0.463569107904982
927,0.34423291246658,0.296718750814608,0.288743217973994,0.347361926253457,0.283485191843668,0.387850816798398,0.253206773058766,0.415416205101878,0.354117761017502,0.463998668827902
928,0.344803026840156,0.297099589140406,0.289055821874097,0.347856649200543,0.284127672986931,0.388393043871733,0.253840273356372,0.415870421231907,0.35446996384726,0.464454847156319
929,0.34539064949102,0.297414255091608,0.28931929747441,0.34839035443883,0.284803229630888,0.388901007816931,0.254439807548462,0.416372206930554,0.354906187752065,0.464934113338846
930,0.345838711405354,0.297680772811031,0.289605479161865,0.348734640860253,0.28533252742136,0.389320308887415,0.255003577603316,0.416801740466014,0.355195074200392,0.46529040334345
931,0.346342501540518,0.298077167350313,0.289953493372789,0.349157436468946,0.285924490084533,0.389858527931562,0.255566207589421,0.417266637993737,0.355579024678522,0.465774024100378
932,0.346892600236533,0.298547644276307,0.290322949309347,0.34967680055888,0.286582097897229,0.390471456527388,0.256160885338297,0.417766856850887,0.356022098759222,0.466332414943691
933,0.347356888295492,0.298890814710211,0.290629413222701,0.350145858180602,0.287172036812281,0.390955764291675,0.256809638200046,0.418234978466983,0.356320899077364,0.466731692577273
934,0.347924665247739,0.299255895364365,0.290988315020761,0.350635505104363,0.287732788581583,0.391432661395542,0.257435345865925,0.418737484513876,0.356687916140776,0.467229603023903
935,0.348493710814789,0.299628654243543,0.291343110584843,0.35114372773183,0.2883209267158,0.391974498896855,0.258031686411826,0.419236191487116,0.357092694139138,0.467753814604325
936,0.348984360473271,0.299974827811736,0.29164659922975,0.351660857494412,0.288944657533337,0.39256748179024,0.258610495263782,0.419701539299815,0.357491260769423,0.468233838653546
937,0.349454556283045,0.300265293718503,0.291920228085313,0.352188088159857,0.289497696652495,0.393022813441007,0.259203308167812,0.420151125874743,0.357886807443103,0.468708430500896
938,0.349944014461818,0.300527744409468,0.29223274663149,0.352667198238484,0.290076805133651,0.393491446525652,0.259740605873464,0.420631637906658,0.358325876341307,0.469177684393996
939,0.35044487741784,0.300837978787569,0.292552650199522,0.353138970898274,0.29067201746457,0.394000312834502,0.260252594427313,0.421141866532591,0.358767570952571,0.469680059104877
940,0.350924455078608,0.30125355630024,0.292824751288487,0.353656833811863,0.291237548239617,0.394521456950206,0.260805523419444,0.42164503955145,0.359138039360587,0.470233094824667
941,0.351341201839154,0.301573149665391,0.293151656669015,0.354042036887797,0.29179036883942,0.394998936354241,0.261384691389736,0.422019798272278,0.359403455652125,0.47061335041155
942,0.351831624574916,0.301903672138147,0.293467970898866,0.354479215210873,0.292338263300414,0.39550281443468,0.26200060265912,0.422494054681384,0.359750828610246,0.471058525413995
943,0.352384795941174,0.302270018770119,0.293756169691827,0.355006393689582,0.292880024257494,0.396050188274952,0.262622224268305,0.423082933453855,0.360196214678124,0.471604097886811
944,0.352784790444592,0.30256069375937,0.294075226972626,0.35543796617305,0.29340179647575,0.396576262970616,0.263164037081427,0.423495899092561,0.360515803689914,0.471981300318657
945,0.353263846130926,0.302890556730121,0.294445444707207,0.355910623402642,0.294013286506525,0.397074624131885,0.263749294708444,0.423923546665138,0.360872688447284,0.472411073968547
946,0.353791490054528,0.303246947335561,0.294812293899495,0.35635961501321,0.294636418675077,0.397567294867132,0.264332279451215,0.424368971741898,0.361279231308992,0.472846430627011
947,0.354276598361328,0.303585261868175,0.295114722357287,0.356727713268822,0.295187830518331,0.398064537356127,0.26484962493946,0.424796052610574,0.361693790435531,0.473214611484383
948,0.354658677266675,0.303866916041193,0.295331623084453,0.357159814903853,0.295754126767707,0.398490504952176,0.265333341780517,0.425192067925307,0.362021688041538,0.473594997189265
949,0.355157317311792,0.304208949356717,0.295668789730854,0.357697191555007,0.296378429185547,0.398955115500808,0.265885221146907,0.425652805584165,0.362385804027018,0.474068561261167
950,0.355697900961138,0.304567608351487,0.296081256568682,0.358243320490463,0.296975770535315,0.399451575093185,0.266440664221062,0.426161112517808,0.362760400736153,0.474583479340187
951,0.356024386503131,0.30480168698643,0.296354086206445,0.358620379843978,0.29739771602348,0.399894685455954,0.266841197797248,0.426616753330615,0.363030559132869,0.475002391758189
952,0.35644273040923,0.305090827415259,0.296589264330984,0.358939309078549,0.297893743192309,0.400350261868083,0.267330171278169,0.426983265057559,0.363377579025415,0.475412210426782
953,0.356916448172096,0.305415901022546,0.296914422559277,0.359346891394266,0.298444619346078,0.400824667804873,0.267904607947398,0.427406148862841,0.363806231431491,0.475816833424687
954,0.357393019407186,0.305763461457104,0.297343864183672,0.359879335799507,0.299005187934439,0.401320186310287,0.268518516391615,0.427943513528912,0.364260400471745,0.476235772082165
955,0.357898437712943,0.306199684614349,0.297664174906296,0.360350599284591,0.299566256216866,0.401855008425239,0.269129359776344,0.428434659894646,0.364621033661531,0.476753454579874
956,0.358313450837065,0.306587753784557,0.297935772594329,0.360797566117097,0.300082465278999,0.402310231038353,0.269598016232185,0.428836978077564,0.364935531934328,0.47714008694473
957,0.358683040027238,0.306861225562619,0.298182539630294,0.361211921543604,0.300575862973966,0.402765479256859,0.270020810397376,0.429197226855899,0.36525971822298,0.477478643514679
958,0.359098254465465,0.307033167426518,0.298429116855727,0.361585768627981,0.301094187329905,0.403317534571541,0.270548701123747,0.429595815040691,0.36563939574639,0.477930450781432
959,0.359527517030991,0.307342554749574,0.298727935901254,0.361953506121744,0.301656635323115,0.403734777422942,0.271092330765343,0.430048892251619,0.366033911396382,0.478396505208087
960,0.359930474503041,0.307660563901939,0.299031797995713,0.362339777943737,0.302233006037699,0.404124746013946,0.271590150001024,0.430494604900623,0.366389211270966,0.478850555977412
961,0.360315532809177,0.307931622168731,0.299329364026279,0.362750428365868,0.302788448087641,0.404547513323998,0.272048738777119,0.430905068121564,0.366690217855756,0.47925087888392
962,0.360739180185422,0.30819725950489,0.299646635351,0.363174166747059,0.303292908176703,0.404998500325487,0.272544725230064,0.431297594229572,0.366970381656751,0.479553145849968
963,0.361211705305246,0.308581188673892,0.299922698100112,0.363628978237561,0.303815356719033,0.405476969850816,0.273179626512366,0.431793571075532,0.367408575640435,0.479980098773956
964,0.361635088829768,0.30891389152837,0.300146363233509,0.364088012429119,0.304329678186883,0.405933166449326,0.273751449131531,0.432270883658943,0.367826494881937,0.480386026331869
965,0.361980224690143,0.30911745193559,0.300350895343028,0.364525185517805,0.304825458998991,0.406366621326271,0.274154741612816,0.432662649040873,0.368103876849018,0.480691049838727
966,0.362440945636096,0.309496779418781,0.300640586286621,0.364936219644606,0.305379230424142,0.406931025286302,0.27467158772576,0.433163204782016,0.36844246678861,0.481170865082509
967,0.362915652149514,0.309786960074119,0.301069188514974,0.365331194752862,0.30594780718224,0.407447141706048,0.275171900264773,0.433666048453301,0.368765889327752,0.481619185771967
968,0.363353220093506,0.310020528576053,0.301475918434671,0.365744242710202,0.306488594470861,0.407878892960873,0.275652456947076,0.43408538693738,0.369083802694789,0.481998782932786
969,0.363733846626626,0.310326113790883,0.301671845701294,0.366198114744058,0.306978002083012,0.408266107873661,0.276148394149404,0.434387182789309,0.369429656624057,0.482355668504229
970,0.364107549069717,0.310600346414993,0.301931668003882,0.366585522553646,0.30751781118118,0.408682935519414,0.276618775835121,0.434794864129106,0.369773202809932,0.482778324479371
971,0.364540567538773,0.310901006363317,0.30221111079298,0.367004445754416,0.308023091399129,0.409204927578104,0.277130867328378,0.435252068823835,0.370168834274811,0.483245457829174
972,0.365020761401953,0.311249657082623,0.302502441095577,0.367467648360588,0.308522155547411,0.409786046491876,0.277684151614346,0.435741494904165,0.370592963268186,0.483749646336895
973,0.36545372717606,0.311615978034611,0.30285437672944,0.367884709048507,0.309164483943296,0.410261173079923,0.27820243533429,0.436297895341535,0.37093800536445,0.484302413580737
974,0.365821401220203,0.311926785444895,0.303192968227432,0.368244335049068,0.309735408365805,0.410711779098379,0.278714412795226,0.436665014135184,0.371198103531497,0.484791850773768
975,0.366173940770145,0.312215644660042,0.303540035744955,0.368667488629992,0.310274357036555,0.411152933919619,0.279261872706922,0.437019695840321,0.371543650276419,0.485186929267961
976,0.366561798777638,0.312512581322434,0.303885051609466,0.369199392715235,0.310826509330947,0.411586600611045,0.279839431826427,0.437501631144263,0.372038113612554,0.485511993983741
977,0.367007380979237,0.312778675437225,0.304074876567764,0.369640981457799,0.311317545215881,0.41201084543905,0.28031634331414,0.437928126278605,0.37239703715454,0.485872516996508
978,0.367321133521049,0.312977378280836,0.304279876393827,0.369925806279968,0.311709613704049,0.412374932340732,0.280722133304885,0.438316563926242,0.372654198060644,0.486201648290748
979,0.367653599055281,0.31323960742534,0.304534774263011,0.370211925607607,0.312169643933743,0.412786336548648,0.281151559784234,0.438707211850808,0.37291817585587,0.486567442138032
980,0.368196708438914,0.313671655421171,0.304801159350537,0.370670749985863,0.312842320480157,0.413341958570353,0.281684421522537,0.439123467567643,0.373278930812346,0.48703169228775
981,0.368513092251983,0.313833866552579,0.30496112783986,0.370925224720167,0.313244317260872,0.41368823729833,0.282134995931545,0.439389384675677,0.373470712658438,0.487310991138532
982,0.368880593546351,0.314055417641474,0.305253572157541,0.371288048318578,0.313669436615795,0.414144585006207,0.282613517103099,0.439792000150477,0.373739658481115,0.487701146761122
983,0.36936130471427,0.314387295306782,0.30565332514753,0.3717871411413,0.31422542378564,0.414695828973874,0.283137117943922,0.440322773534995,0.374117141944623,0.488161487643893
984,0.369777253139851,0.314587669184176,0.305881438134909,0.372158563769357,0.314795706211988,0.415004601309394,0.283621840990167,0.440687956310496,0.37441306248948,0.488342166543245
985,0.370127787268459,0.31476066971531,0.306040400778718,0.372533773307211,0.315320496615437,0.415378787992259,0.284072434701688,0.441071369349507,0.374723607157638,0.48866987609136
986,0.370447199571992,0.315028633870808,0.306267895176792,0.372889411146406,0.315788692486448,0.415742302721727,0.284512700384219,0.441459245241465,0.37500567673256,0.489075860889859
987,0.370762991690761,0.315374750683884,0.306585260804245,0.373205701733386,0.316215791345433,0.416047649269455,0.284968381044984,0.441818490262142,0.375231222810674,0.489425446509323
988,0.371062269795562,0.315491562941793,0.306763602012665,0.373516557567557,0.316637206037133,0.416433795776414,0.285458500855932,0.44213731043861,0.375435359669147,0.489621218684981
989,0.371453835609028,0.315722066908308,0.306986150785549,0.373764119264968,0.317125291935843,0.416802466283522,0.285949006261645,0.442478853074674,0.375772659082333,0.489915090618042
990,0.371868235047003,0.316016063273549,0.307312057932103,0.374126932023273,0.31763226640484,0.417195441854109,0.286412708149282,0.442849667824673,0.376113423192953,0.490307423443615
991,0.372215281670466,0.316245635401927,0.307705928643981,0.374710883486082,0.31809586223051,0.41766479280764,0.286864445076819,0.443227105568202,0.376305498871033,0.490703264056544
992,0.372597217806607,0.316548948611215,0.307944924054742,0.375017094976292,0.31859303457999,0.418135663625116,0.287489721669444,0.443570259608467,0.376540485119289,0.491021314243855
993,0.372969200680633,0.316774662964779,0.308128611550366,0.375307782981094,0.319067972677235,0.41847762410285,0.288013222731533,0.443878626232238,0.376770770705844,0.491327415907197
994,0.373297193646546,0.316939442259298,0.308295070430815,0.375663016631534,0.319506764179954,0.418760343106741,0.288386961941128,0.444179517600169,0.376976371508887,0.491591459942502
995,0.373580315052539,0.317159417577052,0.308449797156962,0.376027624119401,0.319946969660081,0.419172877158572,0.288741492410655,0.444522890189707,0.377172555686206,0.491760817496686
996,0.37399130790615,0.31730514499216,0.308714938895415,0.37639161780438,0.3205816576279,0.419659020322567,0.289199435287744,0.444982501247458,0.377477833456792,0.492161497824582
997,0.374462443545914,0.317578816352979,0.308999354061604,0.376794447726748,0.321154571274668,0.42011531357641,0.289724412709698,0.445414446031855,0.377827076969213,0.492598792608472
998,0.374877890484955,0.317923433631159,0.309201427109601,0.377213178678032,0.321570698968939,0.42045315934447,0.290251831360287,0.445740227999801,0.378136943903382,0.492913062844746
999,0.375112422749102,0.317926520199699,0.309250764028135,0.377540042917895,0.322009604007065,0.420626626024609,0.290711686416247,0.446004077154962,0.378336812737222,0.493080941276699
1000,0.375431302222125,0.318033820822632,0.309315433234199,0.377757573584334,0.322435076176955,0.420939945073315,0.291052488267698,0.446311708098044,0.378485677573207,0.493247448695071
1001,0.375431302222125,0.318033820822632,0.309315433234199,0.377757573584334,0.322435076176955,0.420939945073315,0.291052488267698,0.446311708098044,0.378485677573207,0.493247448695071
1002,0.375755686399733,0.318342393265066,0.309627514063041,0.378077527346376,0.322936673074001,0.421345011575126,0.291581612829908,0.446594806439889,0.37866201200756,0.493601400725764
1003,0.37605646367196,0.318519269668157,0.309788021273298,0.378352920012938,0.323363056021883,0.421670135422563,0.29206301600313,0.446906601054489,0.378848509633776,0.493808365875817
1004,0.376487094503665,0.318631583077423,0.309818086854904,0.378661315969975,0.323746283524377,0.421999729253833,0.292653560895619,0.447339938804302,0.379053591802075,0.493963726834595
1005,0.376785961671815,0.318794139313515,0.30995833813874,0.378928793743489,0.324174749797637,0.422346102300186,0.293139930158244,0.447676740099676,0.379221795199683,0.494125718534326
1006,0.376986343957236,0.31892890905542,0.310125745772114,0.379146276152822,0.324628519976708,0.42267814660175,0.293571050019108,0.448069320765383,0.37946087311047,0.494209950453334
1007,0.377193857399137,0.319044329515126,0.310268830036157,0.379320852721512,0.325058770126432,0.422935553301921,0.293979449983069,0.448312451377689,0.37957054199221,0.494339016347727
1008,0.377329100272942,0.31919805446618,0.31044049520393,0.379411827634172,0.325495440642558,0.423150116351291,0.294308769182521,0.44842171410989,0.379549016823915,0.494538727766643
1009,0.377531470533693,0.319371429661199,0.310635450967519,0.379622536756448,0.325977942232567,0.423433898232512,0.294668567130709,0.448588614917881,0.37961398771799,0.494683927022814
1010,0.377755213831056,0.319519769521192,0.310843677089884,0.379790662386752,0.326505068096314,0.423681586637604,0.295003585158332,0.448699009998073,0.379645570259715,0.49480092526063
1011,0.377988785066071,0.319654962546974,0.311022582197403,0.380082440019997,0.326937702241533,0.423904071979748,0.295465957546892,0.448865669418109,0.379689207523566,0.494962735689489
1012,0.378208381912398,0.319909614387768,0.311167172364854,0.380526203825104,0.327508612887466,0.424333350505386,0.295819671596198,0.449035241615932,0.379875848321896,0.495087269827899
1013,0.378386258250196,0.32003172548986,0.311308935040395,0.380802159391964,0.327953796690147,0.424699886424145,0.29621285690129,0.449161374165348,0.380038049901747,0.495092037082936
1014,0.378604929643925,0.320067530189334,0.311447361103019,0.381014416313912,0.328366995453313,0.425016906713322,0.296727200281618,0.449345081688032,0.380177931698856,0.495179316723744
1015,0.378819207240065,0.320094455465909,0.311446676455943,0.381161803997303,0.328787854251914,0.425296324610235,0.297093696251986,0.449535241960059,0.380302004082034,0.495282526272219
1016,0.379002215585711,0.320121530076089,0.311463964982872,0.381207986427897,0.329123884960632,0.425379476292237,0.297465460049214,0.449762532488578,0.380376441675917,0.495254160824528
1017,0.379255403371497,0.320231709426639,0.311535123759649,0.381393377758133,0.329581957725354,0.425562349530538,0.297949736930041,0.450078817770823,0.380440445277428,0.495294633750465
1018,0.379495774872958,0.320366282674533,0.311642640201912,0.381638812463588,0.330024597259099,0.425784661724882,0.29838453928984,0.450337551400063,0.380526278979541,0.495388444513951
1019,0.37970354779086,0.320617465435682,0.311783370508393,0.382024604495356,0.33051448572102,0.425989341784303,0.298801001388833,0.450622551483536,0.3806597647519,0.495480462747649
1020,0.379922354710949,0.320777127097277,0.311904343801291,0.382256745493599,0.33095158923807,0.426254850327163,0.299201318761166,0.450813746704788,0.380728560073498,0.495570433668308
1021,0.380201093007175,0.320920192696325,0.312107598447397,0.382519704419544,0.331392215846033,0.426638794431631,0.299608538227587,0.450943423159579,0.380755015610502,0.4957805325928
1022,0.380412013001704,0.321034994475751,0.312208839933036,0.382684472534944,0.331790822881634,0.426919566036567,0.299969304309753,0.451083169955498,0.380797401743692,0.495880461791792
1023,0.38055615827301,0.321118813402262,0.312194523663511,0.382625704906583,0.332130962741967,0.427212113940245,0.300218391682416,0.451163743926937,0.380795252132287,0.495891256928133
1024,0.380743903167751,0.321193439798754,0.312245649855956,0.382735020003098,0.332509279921525,0.427421909596318,0.300598233042665,0.451272549973282,0.380812120884546,0.495932821525729
1025,0.380892333639877,0.32124329457003,0.312290545149425,0.382864359716921,0.332880917920798,0.427508843054214,0.301023252988134,0.451402666218119,0.380812714194262,0.495934082549637
1026,0.381132257268678,0.321286978495887,0.31233041562668,0.383118060940938,0.333261261248066,0.427713568569306,0.301487440636808,0.451497331963706,0.380903980989706,0.495997853032153
1027,0.38141678777118,0.321387631298732,0.312496280000593,0.383377944666657,0.333701926753566,0.427946513437412,0.301963909207849,0.45165210896873,0.380996175075857,0.496096053928241
1028,0.381629222560704,0.321534653759904,0.312720448844959,0.383645585097008,0.33414396011098,0.428152263135395,0.302428083914884,0.451807684050094,0.381111355821528,0.496205108557682
1029,0.381830580046109,0.321513281256432,0.312830853340362,0.383779575479074,0.334589944345846,0.428377108040669,0.302790162993539,0.451896608672077,0.381202368742991,0.496280919815068
1030,0.382037413141459,0.321577036543445,0.312925718272482,0.38384043806059,0.335054756499281,0.428589978096348,0.303113004313732,0.452094646057199,0.381274558951538,0.496319316102726
1031,0.382245892781459,0.32164003104157,0.312956948574203,0.383990814344557,0.335470162647418,0.428795836710935,0.303438099608244,0.452217146859781,0.381320090039748,0.496343476671366
1032,0.38244263383501,0.321608379471268,0.312827282921486,0.384115741973678,0.335837162976127,0.428922407800616,0.303690016690606,0.452265721430111,0.381294036518485,0.496256936325066
1033,0.382580921015065,0.321625894464951,0.312809675038495,0.384264855462166,0.336198519965342,0.429093968305924,0.304032694494105,0.452342726523595,0.381288744925598,0.496261326212715
1034,0.382691266793248,0.321760441403212,0.312804389332409,0.384489867880156,0.336539735206031,0.429314319979533,0.304413889726898,0.452427738921576,0.381277199172815,0.496342253450146
1035,0.382841419762677,0.321797162109038,0.312859324378567,0.38468174250428,0.336893243818856,0.429523578378162,0.304787764976651,0.4525206128972,0.38131097323233,0.496374508309176
1036,0.382975821131758,0.321784022504823,0.313008721233719,0.384870528338737,0.337269868720899,0.429781235118232,0.305236579036579,0.452636545382565,0.381409853600319,0.496430207541652
1037,0.383124411915355,0.321789630375157,0.313090210116989,0.385019778900039,0.33759398409189,0.429924687548918,0.305607903279453,0.452732191981463,0.381414164094292,0.496454842456388
1038,0.38327808842724,0.321746034682746,0.313173807404986,0.385132889390051,0.337830306598531,0.429947465779565,0.305899114543297,0.452770896979038,0.381348406061843,0.496397234678965
1039,0.383471667515224,0.32175669703992,0.313236438058826,0.385292115864223,0.338175589938822,0.430111551298298,0.306253780206526,0.452889459148091,0.381363114239071,0.496392738774703
1040,0.383692041451696,0.321795778146077,0.313285042557702,0.385459513132298,0.338548016878524,0.430299888995913,0.306639649089291,0.4530628777822,0.381383968426838,0.496414677431545
1041,0.383846685951069,0.321800332739976,0.313247949284106,0.385558097437206,0.338911324931573,0.430414317968399,0.306970861329411,0.453181469829061,0.381345915766842,0.496419077581343
1042,0.384066418346552,0.321837126537391,0.313282135127623,0.385776676677568,0.339297068935435,0.430654782223488,0.307344355769359,0.45331270928462,0.381412161911343,0.496410001130438
1043,0.384346013408303,0.321931310287911,0.313390356610569,0.386016277152725,0.339714983191798,0.430930774327444,0.307722258212847,0.453496571236441,0.381489700259775,0.496459718572791
1044,0.384572028423991,0.321923305006021,0.313480087214022,0.386139824940576,0.340021274932763,0.43109428607884,0.30798230138104,0.453551870073247,0.381430578792204,0.496444345278825
1045,0.384798675402403,0.32190566351768,0.313598102829366,0.386302914283326,0.340274478495977,0.431279211897512,0.308342386840262,0.453616400726877,0.381448935882576,0.496430978136002
1046,0.385009730323648,0.321957661016467,0.313698423942117,0.386454922139792,0.340598119235604,0.431470953988749,0.308680815851258,0.453688734485654,0.381450396534726,0.496415866824181
1047,0.385247701678982,0.322065901591008,0.313808346215557,0.386585101449843,0.34095022594508,0.431720602925016,0.30900978381439,0.453761349857502,0.381476020444366,0.496437677472399
1048,0.385440132181738,0.32207020986767,0.313881679419625,0.386716023747571,0.341309482866812,0.431878930894115,0.309354160324575,0.453844317441939,0.381437939769022,0.496374510641439
1049,0.385584992565063,0.322098641325508,0.313965515320054,0.38684674379021,0.341703141450906,0.431952290099017,0.309708966327485,0.453926080991645,0.381367243920639,0.4962497777276
1050,0.385729824234788,0.322064996037214,0.313982584503794,0.386986178120011,0.342055259111636,0.432111321852742,0.310061434731417,0.454004107993233,0.381301421562909,0.496147530503092
1051,0.385844131025411,0.321882062259252,0.313906778900347,0.387126230395649,0.34240578674949,0.432297943518383,0.310439852571946,0.454106485647658,0.381186066075727,0.495967053617668
1052,0.385991214581884,0.321828709758117,0.313932694281434,0.387250766292984,0.342741691292943,0.432461477986871,0.310789994102741,0.454182365774733,0.381122237962027,0.495892025182251
1053,0.386177053294532,0.321860170806081,0.313987953013614,0.38740725318118,0.343089315256952,0.432659166929487,0.311153836359332,0.454277561369607,0.381118580378315,0.495903625444462
1054,0.386307084134352,0.32182546589889,0.314005496787117,0.387514067723313,0.3433815139924,0.432824374294477,0.311487178640484,0.454304846622234,0.3810645000711,0.495872279253913
1055,0.386413913308321,0.321776912787572,0.314046673444972,0.387536260877621,0.343590780789444,0.432939680904382,0.311765312153434,0.454213711679763,0.38096790832508,0.495842584484876
1056,0.386536539936338,0.321748373811687,0.314099681310883,0.387626830367858,0.343883580974586,0.43306952363904,0.312072547191178,0.454243814047906,0.380909542429389,0.495837425924782
1057,0.386619941452887,0.321691742683139,0.314135377460502,0.387726777001627,0.344183095924641,0.433181573709786,0.312379066468018,0.454297349952017,0.380850625578295,0.495846749621097
1058,0.386706243391243,0.321657117900035,0.314145627835001,0.387857413604278,0.344455789010738,0.433368810962238,0.312676127848032,0.454345603510288,0.380789993749306,0.495831499389742
1059,0.386861998999222,0.321635362319052,0.314228471178181,0.387973899554132,0.344821165139018,0.433509209115971,0.31301783692698,0.454499420863338,0.380744811947067,0.495805671199068
1060,0.387005447419671,0.321640537459332,0.314245870823908,0.388091681106437,0.345261288772949,0.433579490606075,0.313396681623501,0.45468481202489,0.380752287049382,0.495823976098945
1061,0.387179786933417,0.321657244527852,0.31424605025747,0.388203830886879,0.345641175529635,0.433696432469436,0.313740402076731,0.454749394855769,0.380739229104017,0.495780967983084
1062,0.387387869740311,0.321686144961758,0.314180184743196,0.388282815098992,0.346034301975162,0.433792637934705,0.314105158370483,0.454717915515932,0.380718269750921,0.495672327434302
1063,0.38754916588728,0.321681489364444,0.314191143632987,0.388372407306006,0.346357443859496,0.433937742918878,0.31441430213845,0.454784606159102,0.380694441839931,0.495603106747234
1064,0.387753917081242,0.321708608841226,0.314220089841486,0.388504461675725,0.346623947719423,0.434141802214891,0.314672461840253,0.454864352118903,0.380705617104455,0.49556517040257
1065,0.387873169357678,0.321691348808387,0.314254499847796,0.388582593069216,0.346934793558402,0.434295736761188,0.314968065702771,0.45488908493477,0.380664196929923,0.495461222552748
1066,0.387885711515593,0.321606198792698,0.314323589073863,0.388601765846759,0.347186965199053,0.43444743991496,0.315233817442651,0.454901680558133,0.38055522940576,0.495294381186008
1067,0.387974984454212,0.321575224817603,0.314354175998016,0.388665005437908,0.347519329901445,0.434590364852579,0.315549198576545,0.454967380150483,0.380529957780229,0.495200808825944
1068,0.388043386118091,0.321527475245795,0.314383842234498,0.388708639735956,0.347955535422002,0.434687140419902,0.315898071633141,0.454977458768217,0.380514049775753,0.495088506195274
1069,0.388152390926586,0.3215316641048,0.314395688663347,0.388790760094188,0.348316333304489,0.434825480632409,0.316252220030352,0.455051325628812,0.380504751565869,0.495013658303121
1070,0.388351270591472,0.321611445839401,0.314371885735003,0.388947031943796,0.348670037724699,0.434997368226966,0.316635570939414,0.455291528572248,0.380595549744595,0.495012953882104
1071,0.388479655574878,0.321624417202497,0.31437102309538,0.389029151835092,0.349003186899977,0.435141595202643,0.317002921677701,0.455388838192578,0.380582984241228,0.494977631367036
1072,0.388599936493297,0.321646862865515,0.314368484626054,0.389092788247753,0.34928821091161,0.435311295293521,0.317379181616907,0.455407829379606,0.380477208232823,0.494937060553271
1073,0.388688408188816,0.321657735672374,0.314368394067912,0.389156404591602,0.349594382853239,0.435443793143829,0.31775125625179,0.455439481149621,0.380437816685326,0.4948969899138
1074,0.388696187146901,0.32161551795368,0.314351674771659,0.389140586362897,0.349876748459875,0.435514295912284,0.318095669234224,0.455398421646447,0.38036608289134,0.494822319423499
1075,0.388752929180174,0.321577347592063,0.314416160520987,0.389206518080393,0.350205084068318,0.435638940192566,0.318483679395026,0.455383322579797,0.380347872195868,0.494830441469615
1076,0.388873548663651,0.321598107467813,0.314429611369887,0.389296127787281,0.350563883456081,0.435762779868949,0.318890336042982,0.455468308400655,0.380393655696217,0.494816602528805
1077,0.388930701110126,0.321603945794301,0.314342648542859,0.389319486224672,0.350868970091151,0.435829564434194,0.319190706366339,0.455547191105633,0.380373539033762,0.494731195714261
1078,0.389002097332463,0.321645107617627,0.314339907109973,0.389364728197021,0.351290207089224,0.435950734096578,0.319533404708801,0.455625936458548,0.380368599633947,0.494706286992672
1079,0.389087914677254,0.321735783776388,0.314339705259111,0.389410646403425,0.351830436498502,0.436102118064481,0.31986826168,0.455759733251302,0.380361323137555,0.494728012067645
1080,0.389177072392184,0.321769190220993,0.314338616326465,0.389434461337943,0.352233260508969,0.436233874940419,0.320202915903236,0.455831377352451,0.380321907981397,0.494662783418781
1081,0.389245638653207,0.321792357788525,0.314394184367129,0.389438208584813,0.352634230186467,0.436374100469477,0.320537275475668,0.455849453599772,0.380274104357907,0.494600015504324
1082,0.389340283146621,0.321821666843939,0.314402527234883,0.389469259238208,0.353024248398722,0.436512179417029,0.3208709735019,0.455916466596768,0.380226549392416,0.494496060359289
1083,0.389495555666558,0.321831384276672,0.314364129428259,0.389485036310066,0.353316263697956,0.436643058865917,0.321188904259998,0.456012609783977,0.380129140064742,0.494274495219871
1084,0.389574130446103,0.321835405963173,0.314339688910971,0.38951929786835,0.353665417716216,0.436773443846575,0.321522740492753,0.456060517881852,0.38008138039421,0.494151526579905
1085,0.389596762869278,0.321816157295236,0.314302085457673,0.389594556864999,0.354048782935721,0.436892511895228,0.321852815066664,0.456057015307943,0.380042416711387,0.494022190121492
1086,0.389652467263481,0.321855147738018,0.314286832400256,0.389641104976206,0.354444536194098,0.437036966786092,0.322205052467827,0.456131939341556,0.380031660922308,0.49396675465057
1087,0.389686293143217,0.321924414923461,0.314301146994309,0.389695235424206,0.354876199563543,0.437230412418786,0.322606686498468,0.456265530217429,0.380109498036914,0.494048032421125
1088,0.389738711516475,0.321966845932907,0.314282640308363,0.389723252991318,0.355246178360283,0.437353845262905,0.322951191719998,0.456320438110737,0.380095229643574,0.494019008656723
1089,0.389815215270996,0.322028448354692,0.314246981036474,0.389683733990725,0.355571696786213,0.437418070765049,0.323248115310648,0.456369760526439,0.380020053684607,0.493960456012957
1090,0.389892040208682,0.322102074634782,0.31423171164526,0.389708331958173,0.355957870119611,0.437542141213712,0.323587787993578,0.456443086636708,0.379993319658335,0.493925803538158
1091,0.389977574649118,0.322199394130816,0.314202437826929,0.389782915962882,0.356350115033765,0.437675723632608,0.323923673341366,0.45648550860581,0.379965113123175,0.493854895296934
1092,0.390053919401292,0.322231153180839,0.314171393202081,0.389816497910684,0.356706434911982,0.43777273664244,0.324250984732886,0.456485778778804,0.379881549395629,0.493758197207031
1093,0.390117146245326,0.322232862634505,0.314165489692515,0.38983504554171,0.357092353857746,0.437891683729954,0.324601477561341,0.456520952348319,0.379848518321045,0.493707779067855
1094,0.390180685662014,0.322218350823679,0.314194369443433,0.389875305685423,0.357548968092028,0.43808164884155,0.325005347130481,0.456601145568259,0.379872166259914,0.493703152682591
1095,0.390245821126576,0.322247222012973,0.3142116669828,0.389909392948691,0.357945364684455,0.438198257909606,0.325362090576199,0.456684282777877,0.37987671118125,0.493697427292738
1096,0.390286945286206,0.322218572492224,0.314245031093991,0.389877544076352,0.358294072689706,0.438242312561209,0.325706673474895,0.456767271023743,0.379866423297242,0.493707565596994
1097,0.390359711440141,0.322257467596062,0.314241099376823,0.389927995120925,0.358674993991497,0.438355385999995,0.326035628634279,0.456820164627564,0.379867464286427,0.49368676433693
1098,0.390456051457429,0.322395497334209,0.314223467811899,0.39007620338732,0.359061797945991,0.438482025590943,0.326341620423231,0.456905159281184,0.379911867519588,0.493697107414024
1099,0.390541813196122,0.32246437864668,0.314215749793582,0.390119257567432,0.359461028242979,0.438614733997117,0.326669689357257,0.456961734107138,0.379904263808771,0.493654470589386
1100,0.3906344816805,0.322503713646023,0.31417708765408,0.390138410450668,0.35988007380667,0.438804024282168,0.326972408568462,0.4569209178057,0.379844599512191,0.4935298872966
1101,0.390715385717393,0.322544763875557,0.314162351462169,0.390144591640693,0.360265286633668,0.438922350483076,0.327310962527817,0.45697279720289,0.379823184626902,0.493467376080694
1102,0.390804693253573,0.322595078391171,0.314188991174412,0.390077400106607,0.360670200938496,0.439007851194789,0.3277069582038,0.457115485646205,0.379827146955596,0.493446651718996
1103,0.390870073128343,0.322619521733155,0.314181707912607,0.390061652817587,0.361036540716297,0.439102902862363,0.328052379856461,0.457186066708033,0.379790432751505,0.493377922936753
1104,0.390895999135542,0.322573772743312,0.314156715728512,0.390063851714315,0.361315903086901,0.439128213395652,0.328373376948084,0.457218825780602,0.379731026945165,0.493285309273919
1105,0.3909618996062,0.322611533473968,0.314133491739472,0.390075612644289,0.361670290785809,0.439220690589516,0.328715632849609,0.457306610364512,0.379700761801738,0.493225375930755
1106,0.391022364723568,0.322700654306821,0.314067212042991,0.390112181563431,0.362040649063431,0.439367854127056,0.329044535465104,0.457398208073795,0.37965316415658,0.49315840152083
1107,0.391105655999867,0.322761650670821,0.314051160625068,0.390139005186401,0.362425876125054,0.439501241824314,0.329380164393471,0.457483262168394,0.379616022636227,0.493082681671372
1108,0.391252724740334,0.32291607229067,0.314070841258291,0.390196975768165,0.362854667401369,0.439649269957794,0.329759501567234,0.457637622006043,0.379630331146068,0.493011212438355
1109,0.391368454007004,0.32296582649858,0.314090308028323,0.390208207918513,0.363319799914795,0.439828205676767,0.330096842079168,0.457746946334656,0.379610871547785,0.492973623102456
1110,0.39143706977126,0.322987723853995,0.314093163990307,0.390207208040031,0.363706901500414,0.439949153772633,0.330433339853804,0.457815414586044,0.37957902281842,0.492929466545038
1111,0.391474557342906,0.322929904661214,0.314123831447195,0.390168953513976,0.364064889587179,0.440036400287251,0.330749397535756,0.457824338195619,0.379518189488987,0.492863340240386
1112,0.391528923776742,0.322935997525868,0.31411819630181,0.390184320752636,0.364427459225668,0.440144542257828,0.331079305659526,0.457873051785142,0.379479905819803,0.492822682682944
1113,0.391549650317986,0.322919812058222,0.314062098297014,0.390198632829783,0.364750302207833,0.440230348102614,0.331411189676999,0.457912658989852,0.379437556016127,0.492821581928454
1114,0.391584748442462,0.322939124595687,0.314052801824157,0.390220506524603,0.365096872395955,0.440336675964651,0.331734926500621,0.457952221640151,0.379404205235287,0.492790296289609
1115,0.391619087038803,0.323003044612597,0.314070227198975,0.390295041734916,0.365461217878008,0.440457451414304,0.33205467575047,0.457995035961842,0.379390914803162,0.492744478486029
1116,0.39168877382319,0.323037576323542,0.314062397437024,0.39031891463678,0.365809275158662,0.440581431107189,0.332379236834556,0.458040161229947,0.379354341733733,0.492698594241266
1117,0.391783263706627,0.32306033551567,0.314053342798323,0.390301642699044,0.366148294947749,0.440739109094924,0.332712334156897,0.458079819730323,0.37930273713326,0.492665376182004
1118,0.391840031145117,0.32309616187009,0.314046293619598,0.39031011015986,0.366484937707009,0.440835808784358,0.333022444382972,0.458118075632892,0.379260916120637,0.492602357479832
1119,0.391895911330931,0.323163242250887,0.314013254005523,0.390315347577724,0.366800289438469,0.440876161291809,0.333312444661301,0.458151165110293,0.379189823152088,0.492514017821158
1120,0.391978718699765,0.323179521859132,0.314009294982971,0.390326341429839,0.367149073902016,0.440979612942288,0.333623158779764,0.458207835382501,0.379165273653079,0.49243585813539
1121,0.392022489683333,0.323140515479144,0.314048458466423,0.390342962911659,0.36752663773138,0.441068422097121,0.333925807366524,0.458278297719164,0.379192784707134,0.492324820264896
1122,0.392106488462582,0.323159729843516,0.314049754485179,0.39036624035957,0.367878303985898,0.441179367022139,0.334233707912961,0.458336710263279,0.379184773361009,0.492249945824807
1123,0.392283354428519,0.32316616746125,0.314008848611052,0.390389061135769,0.36822893185414,0.441386918829919,0.334556756569168,0.458392313569683,0.379181454567996,0.492184757001622
1124,0.392399902493504,0.323192627291913,0.31401749924108,0.390422539739454,0.368588309752064,0.44152599772651,0.334886815792273,0.45847087774348,0.379175341216409,0.49214015293244
1125,0.392497192711455,0.32324565674305,0.314040329723938,0.390464406596341,0.368945192049538,0.441637983922167,0.335219737119153,0.458556349417782,0.379160815472439,0.492114816794968
1126,0.392581967402855,0.323382116153432,0.314066707124632,0.390532440284742,0.369298494763603,0.441714368071613,0.335556308348227,0.458652703176478,0.379127641315129,0.492141774032231
1127,0.392641726480415,0.32341259941025,0.314083543208808,0.390550519626616,0.369611479759304,0.44179757583573,0.33586880076956,0.458697362666611,0.379084941880635,0.492079006590081
1128,0.39266465335356,0.323401060778905,0.314137881720863,0.390549913337224,0.369905333251619,0.441835818338036,0.336176395444661,0.458737154342608,0.379041372112052,0.491986758371836
1129,0.392705884551724,0.323411014179305,0.314157961438374,0.390565501414364,0.370237198337595,0.441943243859356,0.33649842739945,0.458786959759382,0.378999650017717,0.491926127332103
1130,0.392735267221257,0.323389480702305,0.314134471753348,0.390545878766353,0.370542566361353,0.442095028959051,0.336836882298581,0.458796527616828,0.378923130415884,0.491830478349745
1131,0.392771630642347,0.323387020197076,0.314142838443669,0.390572401787246,0.370869276256413,0.442193750121396,0.337104427549503,0.458823806897251,0.378889299670219,0.491751908894352
1132,0.392809999879956,0.323416097712722,0.314193003822047,0.390657320838437,0.371272831000423,0.442320684633197,0.337353145578548,0.458908920480255,0.378911367061618,0.491740708268889
1133,0.392849809653115,0.323406335603927,0.314184825201059,0.390682634998668,0.371594584861612,0.442394361961989,0.33760502015733,0.458923972274611,0.378868455135951,0.491646195438033
1134,0.392875176211582,0.323349968919622,0.31412039605217,0.390681047763689,0.371825675236223,0.442373067791715,0.337747733453932,0.458847140291627,0.378788336304765,0.491444434377179
1135,0.392930537897594,0.323343362758158,0.314115658536581,0.390702384990865,0.372143399198239,0.442435922896699,0.338011471044195,0.458859357810751,0.378743692392921,0.491352794600185
1136,0.393008222611708,0.323370628477937,0.314117215811181,0.390707715040007,0.372496579200542,0.442522448029036,0.338372532592974,0.45888226051672,0.378689344218748,0.491308006762003
1137,0.39307759860938,0.323356156231868,0.314114651778651,0.390721656462527,0.37282228290924,0.442611604239716,0.338690426381398,0.458929688782659,0.378634452887308,0.491228394828314
1138,0.393154114887216,0.323334474507511,0.314155341592707,0.390752762203369,0.373186749915375,0.442751934493223,0.339064004614373,0.459069756186327,0.378593398190243,0.491182691775485
1139,0.393240242544101,0.323327735649377,0.314174366118072,0.390787824190661,0.373524323413748,0.44286097858549,0.339378257062279,0.459140149011604,0.378566702624919,0.491133273022092
1140,0.393324188658238,0.323287322784302,0.314154583553642,0.390824455898531,0.373828619727005,0.442947672834918,0.339621442530492,0.459177064370279,0.378525921277921,0.491050123039381
1141,0.393415371658115,0.323267084496823,0.314156419809587,0.390854119304189,0.374125838948211,0.443043164697071,0.33990650963333,0.459221127088279,0.378500389209772,0.490973319758518
1142,0.393515079246241,0.323262682403353,0.314167133674726,0.390885249624394,0.374416439159465,0.443138212816279,0.340196518742888,0.459254647915343,0.378490567376451,0.490904944374412
1143,0.393650653323472,0.323306190425852,0.314198532605259,0.39093501736747,0.3747111557942,0.443236916395313,0.340474563927182,0.459258878518394,0.378535897988538,0.490884584314594
1144,0.393715046213595,0.323293431991706,0.314205406813116,0.390955871756087,0.374994427006459,0.443313624273363,0.3407707400554,0.459281557717731,0.378493620941406,0.490788938751766
1145,0.393749215168656,0.323252259277847,0.3142060583636,0.390946005962909,0.375246902666308,0.443377096278842,0.341104227495136,0.459317362951585,0.378402845592772,0.49063664430826
1146,0.39379894863732,0.323238533124677,0.31421322110984,0.390973970370502,0.375534899109592,0.443459732356326,0.341397308902785,0.459337591980955,0.378367254989039,0.490543431746624
1147,0.393817154327155,0.323229909791767,0.314219205420358,0.391023995636102,0.375842973302385,0.443544500996417,0.341676254187707,0.459348771798775,0.37832387142028,0.49044965247157
1148,0.393853907113054,0.323201519150974,0.314215448955331,0.391038412213867,0.37613761488958,0.443607734968096,0.341947796243795,0.459358001691968,0.378275476232693,0.490360587995278
1149,0.393895650460431,0.323174292288026,0.314202081488904,0.39104914833068,0.376448963343582,0.443668838845373,0.342201423714604,0.459348367553647,0.378260394249267,0.49030828598306
1150,0.393960048247398,0.323146884893742,0.314209898242365,0.391063582605915,0.376729524909126,0.44373973340255,0.342466231103233,0.45937252820057,0.378223796114964,0.490224559853024
1151,0.394030168775932,0.323081193121549,0.314209999672499,0.391039355770039,0.376967513685037,0.443780583263864,0.34272198166697,0.459413089589291,0.378135709482492,0.490103208820004
1152,0.394101168817336,0.323061679891792,0.31422805541943,0.391057525401472,0.377256989445848,0.443854206644906,0.342989495679281,0.459443004126979,0.378099353283631,0.490020189909331
1153,0.394226885883395,0.32309633193784,0.314299504921545,0.391129004994217,0.377591715262264,0.443979415471455,0.343283843589195,0.459512979382203,0.37811474945685,0.489969023725722
1154,0.394291272094327,0.32308440068101,0.314315674971325,0.391155455442037,0.377861929663098,0.444064174935782,0.343544408186407,0.45953294419174,0.378091729142048,0.48988553552457
1155,0.394310595099996,0.323073045527788,0.3142908529021,0.391170478777255,0.378121317573436,0.444132261075611,0.343801107129874,0.459498191209349,0.378069118773768,0.489780275948609
1156,0.394341040936264,0.323045935023526,0.314293893132098,0.391184419709282,0.378384762441265,0.444203252529058,0.344036811034889,0.459497297631693,0.378034564573319,0.489708547398367
1157,0.394338094631154,0.322968984838921,0.314296048872182,0.391165118564482,0.378582767056134,0.444251199171645,0.344217149988741,0.459499877549074,0.377976143353962,0.489664999644341
1158,0.394359856183509,0.322925007923688,0.314286744662853,0.391169425468598,0.378821146025556,0.444318252123874,0.344441218501352,0.459493157060289,0.377922884690405,0.489576591051621
1159,0.394401449500047,0.322894798871399,0.314292984333481,0.391194693730497,0.379109358273164,0.444424085012492,0.344670185970533,0.459482618215858,0.377847586803366,0.489482943129627
1160,0.39443772247926,0.32286534765591,0.314289695637543,0.39121343051492,0.379382180845594,0.444487785223812,0.344913054607907,0.459493478706869,0.377804613463794,0.489397511333073
1161,0.394475741347898,0.322842286365209,0.314275406744415,0.391233151176321,0.379652716954432,0.444535808406506,0.345172325113163,0.459509905645851,0.377775488626476,0.489299610729208
1162,0.394513575314092,0.322836254657271,0.31422118248454,0.391261871677152,0.379914082755611,0.444560773706135,0.34545828710626,0.459506947480695,0.377756652577349,0.489135539412512
1163,0.394563274950256,0.322812415837942,0.314222145069528,0.3912700546276,0.380187154352723,0.444625097718274,0.345742243446515,0.459552091053109,0.377738771289227,0.489060697261632
1164,0.394615852118328,0.32277557585004,0.314250570583759,0.391257882122599,0.38047638026987,0.444676136734336,0.346043988633942,0.459656701562587,0.377756263729708,0.489058529454456
1165,0.394675300037253,0.322763840489357,0.3142620997826,0.391275877316263,0.38073823461154,0.444749415186308,0.346321298798072,0.459696392595714,0.377730581533155,0.488986869122953
1166,0.394750052860688,0.322761033316541,0.314292767808567,0.391305040783483,0.380985089191566,0.444876698772742,0.346614918979751,0.459723860866628,0.377680273827077,0.488905402633858
1167,0.394818903309506,0.322752780093742,0.314303775930342,0.391318872550672,0.381248774075894,0.444954091369613,0.346871279888054,0.459752845771084,0.377641939123186,0.488834089023916
1168,0.394892343728665,0.322764435226656,0.314299913269398,0.391347557747617,0.38150432357529,0.445005033354548,0.347090697603249,0.45976459573023,0.377604418017462,0.488743617907831
1169,0.394951408647519,0.322754468057679,0.314296821976039,0.391358556429841,0.381762218336986,0.44506042384301,0.347320705361261,0.459767355225777,0.377548536768229,0.488650506892782
1170,0.395013873397003,0.322727636437541,0.314276952412771,0.391339983442759,0.382039381941622,0.445095660882927,0.347523895915843,0.459758483134561,0.377471073902028,0.488562059609274
1171,0.395059942450879,0.322703750654919,0.314285659571927,0.391339756661118,0.382301868147394,0.445155011876016,0.34775896637779,0.459772514028658,0.377421790517364,0.48848679273377
1172,0.395082416559356,0.32267481165325,0.314309448243079,0.391343039281241,0.382546528865835,0.445210828513546,0.348010035125809,0.459768052886187,0.377372738264271,0.488397003790041
1173,0.395117659294284,0.322647531968239,0.314322650997933,0.39135425584637,0.382798497947022,0.445287794040066,0.348259117961204,0.459784163542339,0.377321312708334,0.488322676821547
1174,0.395119328120573,0.322583106497598,0.314343169214182,0.391362092807071,0.383050374414619,0.445399879777629,0.348531688862237,0.459827662001191,0.377272183065893,0.48826790177146
1175,0.395175837072489,0.322579775909085,0.314371866494163,0.391387955433754,0.383309495810048,0.445493397321676,0.348785514731622,0.459878945234805,0.377251350223835,0.488221846533662
1176,0.395300639958666,0.322646863111396,0.314406616289307,0.391435546588084,0.383572381567016,0.445592542771897,0.349001541956152,0.459970027321175,0.377248560066037,0.488188907489966
1177,0.395371462814793,0.322659177882675,0.314424069350517,0.391476749943881,0.383835978534393,0.445685085435104,0.349261333527408,0.460011163532793,0.377229861517845,0.488141105041825
1178,0.395438062157609,0.32268049247404,0.314446563854404,0.391536159630882,0.384127818648733,0.445792476699393,0.349564637391278,0.460050521833251,0.37724209348503,0.488101471981725
1179,0.395522710201759,0.322702885656605,0.314466573568329,0.39158106721635,0.384378002868995,0.44584753254754,0.349840341750727,0.460057691405848,0.37723516205429,0.488076890834808
1180,0.39556047974591,0.322678717031511,0.31447463959059,0.391609222439081,0.38463022515964,0.445917091262569,0.350086945920232,0.460075076107389,0.37721048452872,0.487998525709724
1181,0.395528095806555,0.322574322903701,0.314457403381514,0.391625553926377,0.38487486041893,0.44598302334694,0.350336489277882,0.460043816862728,0.377153086962108,0.487870804353651
1182,0.395565545242283,0.322555134073457,0.31445123787854,0.391636895643675,0.385115499265514,0.446048831190671,0.350586798267887,0.460066359164783,0.377110470133542,0.487797228405904
1183,0.395621582837699,0.322561636967823,0.314447054546967,0.391627050800631,0.385328812758854,0.446102370443067,0.350786724497268,0.460126384329953,0.377057375143332,0.48771078290777
1184,0.395672593841036,0.322559102770467,0.314453090733647,0.39163442037922,0.38558575829956,0.446170918981055,0.351033769831918,0.460170597245055,0.377028902595873,0.487657101391018
1185,0.39574667636882,0.322576745462126,0.314451287510386,0.391631629198327,0.385849790266672,0.44623961911264,0.351326995717288,0.460211719410483,0.376991526599645,0.487652478177594
1186,0.395806759027576,0.322589738884286,0.314465992428129,0.391664810896208,0.386136182111228,0.446323014571913,0.351592912051292,0.460262887394421,0.376988885993459,0.487615502064614
1187,0.395859156570249,0.322594028039262,0.314499259892592,0.391732677435761,0.386456661777466,0.446423977332345,0.351859096316196,0.460327272684496,0.377047692399623,0.48757139079182
1188,0.395912637755322,0.322604867812402,0.314524282447218,0.39176611833899,0.386766170823831,0.44650673123366,0.352105143034433,0.460380344362026,0.377041744414124,0.487528140040919
1189,0.395960003360543,0.32263644429325,0.31455953773163,0.391808945745185,0.387112543965852,0.446592325064085,0.352323288581939,0.460430514724993,0.377012549695381,0.487487050140608
1190,0.396016895735484,0.322654104514332,0.314580604683057,0.391838660021283,0.387402155347839,0.44667874498135,0.352579952298144,0.460487751911497,0.37700016965367,0.487435998691333
1191,0.396080254518335,0.322663735124338,0.314596235651803,0.3918355134578,0.387663472858903,0.446751581307099,0.352857027262035,0.460561136715763,0.376960260624641,0.487377903169474
1192,0.396138171497259,0.322668122412003,0.314612183954632,0.39184839417509,0.387928659337561,0.446831480814194,0.353101495893765,0.460601190227809,0.376934504895983,0.487323451553985
1193,0.396201895266257,0.322650249488726,0.314603294285403,0.39186200845622,0.388144823796147,0.446925790499701,0.353345889960811,0.460617778030088,0.376933810899851,0.487256320055123
1194,0.396267110890936,0.32266408432945,0.314622847421626,0.391891819774871,0.388395559929911,0.447012430461351,0.353604547232041,0.460657616673849,0.376928340031307,0.487202357590275
1195,0.396327941941505,0.32269830652244,0.314670317688464,0.391938259705293,0.388676497834459,0.447078792072965,0.353844772839427,0.460687447331341,0.376922804028704,0.487147345107991
1196,0.396384164314829,0.322720130340054,0.314700893069276,0.391969540135117,0.388942283291489,0.447167892820932,0.354080324378739,0.460714601956454,0.376900752921912,0.487108114911449
1197,0.396452531978082,0.322769376851456,0.314751352624781,0.392012323794613,0.389203932052684,0.447292263097,0.354338376527695,0.460774598327633,0.376875405488447,0.487099786048707
1198,0.396498944798785,0.322795851770406,0.314771201676082,0.392047455727441,0.389480212014579,0.447379068433144,0.35459741116105,0.460799003463176,0.376855773356515,0.487070215275623
1199,0.396549968547812,0.322802858082764,0.314790412746873,0.392069450238485,0.389742256003807,0.447461798638284,0.354833962921752,0.46083407750488,0.376818212964115,0.487027428744423
1200,0.396593625473465,0.322768219576758,0.314790872362596,0.392069613737102,0.389995345410277,0.447551347072257,0.355027296292695,0.460847555564324,0.376743989233791,0.486985891826533
1201,0.396639784114963,0.322791520030322,0.314807099479636,0.392087910304489,0.390254520855036,0.447621906767296,0.355278326545563,0.460893780343789,0.376727676977496,0.486934790683718
1202,0.396693200260692,0.322835082094575,0.314818373656884,0.392109737456913,0.390510276897138,0.447651287685885,0.355562127346567,0.460965985835136,0.376745406699937,0.48685398401055
1203,0.396725065155804,0.32285473494598,0.314843455771035,0.392127709166956,0.390769158740802,0.447729208386109,0.355805912790539,0.461015216257755,0.376718640609021,0.486800645892505
1204,0.396724551346262,0.322899707731702,0.314891767676089,0.392135780006374,0.391014410760907,0.447834223173515,0.356047140900485,0.461052087082213,0.376693896265013,0.48676670738074
1205,0.3967734841411,0.322906677771728,0.314903504353026,0.392162791773965,0.391296366136478,0.447910840563629,0.356296302423219,0.461110113242045,0.376670686068633,0.486710999240851
1206,0.396840175375341,0.322867611286845,0.314913500284835,0.392204736423843,0.391629906023218,0.447991591970035,0.356524766818659,0.461187411990835,0.376602097292684,0.486653360126327
1207,0.396895578524235,0.322859820072091,0.314909739142917,0.392232595698267,0.391894608651641,0.448069221125958,0.356770320715229,0.461232400304156,0.376589309220048,0.486592911410303
1208,0.396987596913858,0.322860719339915,0.314854026212199,0.392271308083061,0.39214631327951,0.448133728750112,0.357047206074852,0.461273583935937,0.376637406210253,0.486516848627549
1209,0.397044312321533,0.322859149439667,0.314846890821874,0.392298489293077,0.392394460869829,0.448194666817984,0.357299881894952,0.461316347259783,0.376636786841709,0.486450967038744
1210,0.397061867352064,0.322864699434021,0.31486536407475,0.392293454990627,0.392563161346987,0.448257053664826,0.357523088214878,0.461316907654375,0.376636207344241,0.486377209133158
1211,0.397104037819874,0.322861506979307,0.314874396386165,0.392322433124216,0.392810202867502,0.448328197889976,0.357778417638942,0.46135828994663,0.376621868302303,0.486324669975785
1212,0.39715037474865,0.322845963712343,0.314900584116293,0.392395858461497,0.393138741733383,0.448378365974963,0.358064877126867,0.46145321114464,0.376574191734644,0.486308441173698
1213,0.397194050427417,0.322840087198194,0.314919227742387,0.392415301873902,0.393407382792511,0.448445765892414,0.358315456504433,0.461507037932232,0.376539046873394,0.486250526088032
1214,0.397231875923344,0.32283686187586,0.314917086792259,0.392406084919129,0.393686013985234,0.448550992697697,0.358541980389061,0.461548913472752,0.376504312076641,0.486177244601937
1215,0.397286444330275,0.322835482653548,0.314936734165244,0.392420878469259,0.393939006871181,0.448630737672276,0.358797910696225,0.461590857822873,0.376474291337801,0.486116006019188
1216,0.397325569911689,0.322829337587529,0.314962756363255,0.392400240620411,0.39413252921594,0.448681668029923,0.3590394363248,0.461584883140942,0.376441726826829,0.486015335517646
1217,0.39742923727359,0.322849804211337,0.315023787138279,0.392409781333268,0.394333562636584,0.448771975443965,0.359316296939742,0.461635781160937,0.376415830864613,0.485957705466827
1218,0.397500189406589,0.322841659389887,0.315044159719276,0.39245827339189,0.394614289476151,0.448854070727059,0.359564249192784,0.461716561533613,0.376395299250017,0.485903548037712
1219,0.397524697839985,0.322846421395172,0.315032385933229,0.392497171729661,0.394885674820035,0.448896365826233,0.359813512351479,0.461751291606856,0.376368810340906,0.485826630189626
1220,0.397607050386645,0.322866930643927,0.315049475351344,0.392547120964813,0.395162394646924,0.448988279403301,0.360074947867827,0.461804226406638,0.376382457895151,0.485781047109271
1221,0.397692829371773,0.322901768064539,0.315040094273844,0.39260881027842,0.395491201061604,0.449119815049225,0.360305561799177,0.461865072341592,0.376433828881581,0.485735792576606
1222,0.397769925640409,0.322911566926824,0.315064571417028,0.392635784444036,0.395752554446054,0.449193865794521,0.360561846956703,0.461919874296408,0.376437769993439,0.485681801944571
1223,0.397893691332725,0.322916612283365,0.315137873597637,0.392659549911734,0.395968539788026,0.44925178840339,0.36086972978599,0.461968120573717,0.376450262705732,0.485645144854529
1224,0.397977940829541,0.322941018463596,0.315168455579956,0.392682348614865,0.396208050532561,0.449329992300886,0.36112968114859,0.46202224368313,0.376449972227547,0.485615948481184
1225,0.398017657159841,0.322964792424643,0.315188010350112,0.392669240503788,0.396415050132665,0.449379015978153,0.361354097402971,0.462088040856296,0.376416544957104,0.485585761094984
1226,0.39807843826152,0.322985721105546,0.31520180683831,0.392693497293712,0.396680699440815,0.449453824182961,0.361604500253454,0.462136227334696,0.376387883230375,0.485537734189429
1227,0.398153902117284,0.323028831328038,0.315191424858013,0.392758565778584,0.397010899552816,0.449579430881705,0.361859334270638,0.462175681811976,0.376365029923747,0.485502358225512
1228,0.398209777535965,0.323059134034664,0.31520610075673,0.392781227950736,0.397271205625362,0.449666546770603,0.362109320199985,0.462217757390086,0.376345082764336,0.485454875227498
1229,0.398239134083477,0.323068882935079,0.315225941557834,0.392764441093212,0.397527311837316,0.449714979975696,0.362378290945825,0.462234994567502,0.376298014350026,0.485372320067099
1230,0.398303367545174,0.323080982205391,0.315247800546526,0.392800191369498,0.397782023082172,0.449798218399769,0.362618531549461,0.46228981538994,0.376279051948432,0.485313818791429
1231,0.398382077422685,0.323103065880807,0.315285069865107,0.392856316302711,0.397973886494349,0.449905444396642,0.36282841435038,0.462375404928911,0.376301255921224,0.485264383315256
1232,0.398450606852293,0.32311953299433,0.315312544905012,0.392895254584992,0.3982023445408,0.449982326767771,0.363056175492194,0.462434466149118,0.376292678206338,0.485219044973251
1233,0.398547403451507,0.323122432217813,0.315340128350295,0.39297928567388,0.398477814623155,0.450068515127128,0.363284949180683,0.462513675197837,0.376278658863342,0.485193357475086
1234,0.398611315244514,0.323126972061199,0.315360220244487,0.393021452687979,0.398718623831627,0.450135175315945,0.36350374492305,0.462565446259074,0.376258681385899,0.485139493905464
1235,0.398634934426657,0.323128244208038,0.315375411084832,0.393010106418469,0.398922177705714,0.450157841660396,0.363710106532523,0.462563100348966,0.376217186510498,0.485040331003628
1236,0.398685259515535,0.323139100007579,0.315387491376928,0.393018862650986,0.399179116464999,0.450198299990545,0.363943171262555,0.462604614982151,0.376180937138784,0.485020839151133
1237,0.398739719899911,0.323159499771786,0.315403548288219,0.393048210306232,0.399410869383746,0.450296791424016,0.364206598426786,0.462664265861693,0.376181319270168,0.485027698209191
1238,0.398797393113434,0.323179796680268,0.315418970787571,0.393059846150841,0.399634632784875,0.450369938140967,0.364428179826462,0.462733590050198,0.376162326541736,0.484965645357408
1239,0.398855406614857,0.32320058569628,0.315442412593895,0.393066567531106,0.399863533397669,0.450409811805732,0.364620863345312,0.462789973774822,0.376169667244945,0.48491515426587
1240,0.398905188816634,0.323233668446604,0.315474130088799,0.393085803219533,0.400091697753136,0.450502790219385,0.364860316133964,0.462850945556445,0.376202795897532,0.484888177264561
1241,0.39894021380232,0.323253655794864,0.315508992296355,0.393116275163423,0.400306742524604,0.450565813948727,0.365063535706301,0.462891621616959,0.376193714149441,0.484832348317435
1242,0.398941249676015,0.32326262264569,0.315556659410901,0.393145772224078,0.400498074986841,0.45058535633163,0.365206498473381,0.462883307789657,0.376176662046409,0.48472521538228
1243,0.398981495336656,0.323268917623118,0.315573060193622,0.393188155571048,0.400730844616353,0.450646218137538,0.36541493540335,0.462934400395528,0.376141137877749,0.484651115936405
1244,0.399028761235292,0.323262371079909,0.315571653898777,0.393256989115383,0.400975244252545,0.450739970284261,0.365662233693019,0.463015745099952,0.376056652394645,0.484593929618883
1245,0.399085453154509,0.323285084269173,0.315605877072559,0.393301602567205,0.401213221225646,0.450809738864938,0.365882372750936,0.463079965629016,0.376028552998915,0.484538336212268
1246,0.399181442517995,0.323319544979984,0.315631501624834,0.39333919270203,0.401489592467109,0.450884456401897,0.366115573154,0.463180492555512,0.376022446351256,0.484469331845394
1247,0.399234459549838,0.32334356255487,0.3156733254932,0.393376968993552,0.401720255885097,0.450951087136143,0.366336199286451,0.463238585707746,0.376000289892427,0.484435467086803
1248,0.399251025818905,0.323387692894553,0.315766089780628,0.393420166670232,0.401912437012802,0.450993644406019,0.366530623539122,0.463240838165865,0.375989167956413,0.484437199383456
1249,0.399309160047315,0.323419474534009,0.315808145832621,0.393445113315112,0.402129462433594,0.451061558556868,0.366754235293003,0.463296320684568,0.375987197211447,0.484416443241568
1250,0.399371719597152,0.323436661338717,0.31581716423077,0.393452808158453,0.40234112340495,0.451141928519195,0.367008659351244,0.463365020700086,0.375973598630145,0.48441452815714
1251,0.399428527881864,0.323446189025569,0.315844609194525,0.393469355865749,0.402550627848523,0.451213769121152,0.367220275343655,0.463427157726689,0.375969446056347,0.484376731067264
1252,0.399516702103251,0.323440558401244,0.315863504788151,0.393467881422396,0.402773670976129,0.451298094725321,0.367411383310952,0.463540585001549,0.376012777746314,0.484299733484261
1253,0.399588136421407,0.323461729941851,0.31588855308494,0.393485309978315,0.402985318003181,0.451377651280254,0.367626300678617,0.463602739364955,0.376007281610524,0.484249046732553
1254,0.399640792668034,0.323489739396926,0.315925926646002,0.393517617893292,0.403185953205886,0.451449507472815,0.367825319436368,0.463615713478794,0.375964922145343,0.484203381625228
1255,0.399695907081864,0.323510871970136,0.315957024666062,0.393549598656121,0.403391961750503,0.45151874594556,0.368031234475882,0.463649205932227,0.375938007616331,0.484151376162469
1256,0.399754221863823,0.323549558557047,0.315975531191798,0.393589088613973,0.403605373840912,0.451589898076878,0.368271036796804,0.463662656194046,0.375894892511023,0.484095410307114
1257,0.399811846039753,0.32359586148208,0.316010404998738,0.393632618494453,0.403805924593971,0.451660784713199,0.368501256971313,0.463697017483473,0.375858634366815,0.484068192126625
1258,0.399854552057224,0.323598013385408,0.316061789806161,0.393660319767942,0.403996242984202,0.451716580519752,0.368657402565614,0.463747373278821,0.375848912312768,0.484018079591233
1259,0.399878345231933,0.323576022414499,0.316089276011966,0.393693290856145,0.404146091680801,0.451770234487249,0.368824331024789,0.463814296604559,0.375820477892579,0.483936383087217
1260,0.399938513067464,0.323610891118128,0.316129515900455,0.393718567707026,0.404325533633723,0.451832779849805,0.369017412388006,0.46389400975504,0.375779313079537,0.483924052144614
1261,0.400001183456156,0.32363289742036,0.316172551357999,0.393718454321479,0.404498499424195,0.451883882927322,0.369148795224336,0.46393477810262,0.375747985588685,0.483899965223668
1262,0.40004243720593,0.323625458010919,0.316181396838797,0.393729366591976,0.404647460927228,0.451925424862832,0.369304457447561,0.463969584923431,0.375716706139297,0.483853095163486
1263,0.400098432027579,0.323670639369246,0.316201714058706,0.39376131165571,0.404837162245825,0.451968693020054,0.369492564997568,0.464040584129083,0.375696494332348,0.483842575986402
1264,0.400160194741505,0.323696303318693,0.316232694030836,0.39378237105316,0.405020215701128,0.452023580557862,0.369655623891067,0.464106978046214,0.37568685652128,0.48380477407532
1265,0.400214661902006,0.323701080994853,0.316263045407411,0.393794706760468,0.405188655963752,0.452073695309506,0.369795258676885,0.464188932368095,0.375697605563024,0.483724783572555
1266,0.400273097866046,0.323720188314985,0.316300608592401,0.393833781551718,0.405370559150159,0.452136476183786,0.369965380207598,0.464241999695999,0.375691124560231,0.483689587889446
1267,0.400345550436138,0.323760971242642,0.316357091908626,0.39387688661691,0.405586714664411,0.452220733449197,0.370153160889482,0.464289807777562,0.375685144610313,0.483686662544628
1268,0.400417902192277,0.323788230923355,0.316395610697392,0.393931840836138,0.405770690581934,0.452292777678858,0.370317190009615,0.464332275506833,0.375680426524548,0.483658911023224
1269,0.400495094127466,0.323808997959926,0.316435409729597,0.394035183612699,0.40592440791748,0.452370039198931,0.370490320924687,0.464348024872839,0.375681015245296,0.483643827592502
1270,0.400554998241153,0.323826330671088,0.316458096683556,0.39408689343703,0.406104917606307,0.452431842776777,0.370645871948802,0.464393374735034,0.375670863101845,0.483607733950749
1271,0.400612530778379,0.323840310931954,0.316449825619478,0.394109773632981,0.406303603203144,0.452484893006584,0.370762623764906,0.464466533202947,0.375651110510079,0.483543630820805
1272,0.400672336216303,0.323854180370798,0.316487482563322,0.394149916824238,0.406473967283275,0.452536559258398,0.370916413426537,0.464506015067362,0.375634574875458,0.483489424113633
1273,0.400715859354641,0.323872825472855,0.316546778264102,0.394171048995777,0.406656139905446,0.452582857277541,0.371084589997166,0.464533964860936,0.375623115212747,0.483434786792316
1274,0.400760187398798,0.323872374216328,0.316583419362002,0.394201298717362,0.406812590607806,0.452612954406847,0.371246641338058,0.46455936050663,0.375591350598054,0.483380007113418
1275,0.400800793457814,0.323860636433142,0.316631174017019,0.394240262985303,0.406911079245516,0.452620183123194,0.371420031975486,0.464552046196531,0.37553739224983,0.483318440588923
1276,0.400865408969122,0.323857679107159,0.31668060698507,0.394291085004082,0.407052828520768,0.452659363338115,0.371597870006251,0.464583223580373,0.375512007643103,0.483268059160638
1277,0.40094003616638,0.323841544603416,0.316706624650152,0.394346388725666,0.407210902613038,0.452697336075383,0.37178653385936,0.464640014592189,0.375489719590059,0.48321644173468
1278,0.401011586031358,0.323826413423627,0.316745335448744,0.39439699719718,0.407359129064776,0.452744008533586,0.371954611751207,0.464691062561652,0.375454467923846,0.483172472520894
1279,0.401104989735672,0.32381346952937,0.316798156667996,0.394443774219017,0.407511791760245,0.452818978620285,0.372109851547487,0.464770859352038,0.375421182715859,0.483132824166662
1280,0.401191916841848,0.323812394915534,0.316874513705372,0.39453003006052,0.40769796172531,0.452898675427481,0.372286600798698,0.464823981840234,0.375424664541126,0.483125379872266
1281,0.401266873850224,0.323816064968045,0.316912980451779,0.39460399028769,0.407843485822137,0.452958015162243,0.372458659910506,0.464850658748873,0.37537793767846,0.483092159741886
1282,0.401299713569573,0.323799487070205,0.31694655373936,0.3946500339458,0.40796272903682,0.452959985806181,0.372583612816924,0.46483844957021,0.375308110319819,0.483018185878965
1283,0.401340522785764,0.323782484003082,0.316977686725679,0.394739089977191,0.408086000964213,0.452971341179166,0.372748566051317,0.464821000607037,0.375273743579675,0.482960840489767
1284,0.401408791758914,0.323777479265694,0.31699973007453,0.394799017963355,0.408186842389467,0.453000478291412,0.372902901528684,0.464803680441103,0.375215257221075,0.482880755983393
1285,0.401481464130554,0.323759145031478,0.317036646838376,0.394817354328871,0.4082603893423,0.453025205893682,0.373001564173153,0.464796999766949,0.375133512321792,0.482804275197817
1286,0.401598137479291,0.323732580466714,0.317073354213644,0.394915924192038,0.408352909281172,0.453104379205386,0.373144536174542,0.46484398429258,0.375107489174031,0.48277574401375
1287,0.401676571309623,0.323701277869229,0.317110270155519,0.39498166271128,0.408452283723208,0.453145489174174,0.37328984481078,0.464860452301793,0.37507916005748,0.482720651080772
1288,0.401756814332845,0.323671327900261,0.317147922234035,0.395039296884342,0.408547833552942,0.45318528968813,0.373441620157209,0.4648802535968,0.375065195698285,0.482666443893897
1289,0.401822314897728,0.323635326161429,0.317195396496456,0.395096998266117,0.408652336062052,0.453216260490789,0.373576782499842,0.464890791638826,0.375024807458697,0.48259990767678
1290,0.401853209243231,0.323577380412859,0.317251102788472,0.395150379850227,0.408786430799099,0.453229535108175,0.373722012389897,0.464887957563406,0.374995034006441,0.482520884703504
1291,0.401903311022614,0.323541212660612,0.317293697306749,0.395206988953576,0.408881726583309,0.453238649823231,0.373859087505029,0.464892261327722,0.374940250597565,0.482440155055828
1292,0.401970807806059,0.32352304246355,0.317344146933141,0.395276602322545,0.408964279601548,0.453243941613041,0.373984366763599,0.464902972573302,0.374842781430931,0.482353446682222
1293,0.402027577393748,0.323496325792775,0.317386697877816,0.395327652898045,0.409049947466131,0.453262435534244,0.374097911332462,0.464911155050179,0.374787883879751,0.482261775113611
1294,0.402079181717314,0.323461198615129,0.317410101567607,0.395366168365594,0.409099893653723,0.453273253550613,0.37420132403965,0.464903289189014,0.374746037835928,0.482147741896583
1295,0.402131623324328,0.323447197689053,0.31744469048028,0.39542054353049,0.409189766674544,0.453299604565409,0.374324549337048,0.464915972286816,0.37470841214923,0.482078009986483
1296,0.402176551256799,0.323446352280817,0.317492295840391,0.395469631747361,0.40931573032043,0.453352427179229,0.374435548829237,0.464941857249574,0.374681216420786,0.482028915556084
1297,0.402226813660324,0.323435173048659,0.317530106591163,0.395511993917186,0.409413849400184,0.453380901928822,0.374558596770068,0.464969447951736,0.374656179360225,0.481970292865698
1298,0.402274256156277,0.323421897386329,0.317553956024329,0.395577144672469,0.409509251162236,0.453386522556039,0.374719861466522,0.465013774200539,0.374636927887494,0.481925812748735
1299,0.402332944960222,0.323425950769791,0.317586112818972,0.395618564279905,0.409614312432446,0.453409607147054,0.374860309294177,0.465053925768831,0.374619687826498,0.481888674259425
1300,0.402411090127287,0.323440101397662,0.317624101146087,0.395627499162041,0.409702669248509,0.453451502313957,0.374987149210558,0.465105756520808,0.374634551015993,0.481866439118219
1301,0.40247003426941,0.323447310124541,0.317656453504135,0.395654216170703,0.409796833131385,0.453475729056248,0.37510502799404,0.465127374068247,0.374614411992586,0.48181734048663
1302,0.402515939252478,0.323451345243247,0.317674794858772,0.395684548622103,0.409885912098977,0.453486640831641,0.375218292228925,0.46512032365395,0.374582084182354,0.481763991604998
1303,0.402587004556427,0.323486959648713,0.31773157824569,0.395711799048978,0.410034718149538,0.453528616509264,0.375329055559399,0.465143175820038,0.374526271410461,0.481729165858217
1304,0.402633432615678,0.323525655778719,0.317768773008952,0.395734587477903,0.410126786603767,0.453544709568453,0.375400955946711,0.465140913405115,0.374450390877024,0.481634139138012
1305,0.4026657531984,0.32353359452338,0.317798399201636,0.395764126813344,0.410244330456653,0.453529499884086,0.37552813207293,0.465138321407403,0.374388322673519,0.481522985325883
1306,0.402718362065099,0.323587862801961,0.317862217356129,0.395809339751335,0.410401508572359,0.453577274010153,0.375679741375404,0.465202230463607,0.374383300153567,0.481487413899344
1307,0.402751105663975,0.323661171262335,0.317898489099341,0.395830981691014,0.410507085102487,0.453608939579154,0.375797583525857,0.465262931481237,0.374415045788979,0.481468089876512
1308,0.402750010124633,0.323699983381874,0.317932695177529,0.395849147266117,0.410628213866199,0.453628294628969,0.375940228691259,0.465293263408615,0.374442989548528,0.481469161287125
1309,0.402759680291373,0.3237512008406,0.317970089980578,0.395866002988863,0.410753777149929,0.453667820355431,0.376038712296699,0.465325448978173,0.374422590557516,0.481492929041231
1310,0.402787337761554,0.323786571023152,0.31796390039782,0.395843729460365,0.410843417313135,0.453642819653898,0.37607770543172,0.46532108889446,0.374352372043169,0.481464502021125
1311,0.402827176386885,0.323811599934022,0.317978870652119,0.395831067265715,0.410962073465584,0.453613218832245,0.376175488081351,0.465335007897905,0.374301273018324,0.481415569953971
1312,0.40286921780828,0.323868101931563,0.318013156746213,0.395840459951925,0.411094681409358,0.453645193281426,0.376294645750085,0.465398985825401,0.374285940367546,0.48139899658784
1313,0.402952991762042,0.323936919948593,0.318070253333041,0.395868358210152,0.411255697623962,0.453720162455346,0.376440067988119,0.465537509552206,0.374307483862628,0.481387961617215
1314,0.402989507449328,0.324013533618453,0.318101389402191,0.395882726823859,0.411384385300695,0.45375340655711,0.3765537008909,0.465593458254537,0.374300577284316,0.481367696943664
1315,0.402991329930652,0.324117303556614,0.318145001963226,0.395925597153465,0.411503523117304,0.453824822597448,0.376703544056853,0.465646630903737,0.374319805266307,0.481379265962767
1316,0.403010586679828,0.324207993635582,0.318167111857225,0.395916343422738,0.411632289314278,0.453854129612122,0.376802585044231,0.465681815989548,0.37430134805207,0.481351358572118
1317,0.403025189416931,0.3243110084531,0.318158274945323,0.395854606667829,0.411745844158208,0.453808893637577,0.376840012086832,0.465647159638819,0.374229611077381,0.481268735936799
1318,0.403048755221842,0.324387957615547,0.318168179362124,0.395841117417913,0.411882496215273,0.45382242164862,0.376931428904848,0.465674952537126,0.374213872587636,0.481246474082369
1319,0.403091530873422,0.324447586345677,0.318190058328497,0.395830028513042,0.412064966494471,0.453877679099114,0.377044796914163,0.465756386266654,0.374232409743347,0.481248204608694
1320,0.403110774557101,0.324520681338076,0.318196244858396,0.395824969620465,0.412207273120238,0.453904530835281,0.377131109558049,0.465798182213901,0.374218254974591,0.481231379855549
1321,0.403114517698294,0.324569813337224,0.318191880180332,0.395851702387894,0.412327471983949,0.453929105559067,0.377218037448709,0.465814973772005,0.374194019466124,0.48123550249194
1322,0.403118654289908,0.324636191841424,0.318192497678807,0.39586438251751,0.412442997278743,0.453952485610182,0.3772972193601,0.465851732658305,0.374191721371041,0.481220996700753
1323,0.40309707684583,0.324720481266431,0.318187686311274,0.395870073223002,0.412517940708457,0.453961190977778,0.377353032592138,0.465889459845103,0.374181572337668,0.481176036735685
1324,0.403104655602851,0.324816033101022,0.318187830185854,0.395857053875275,0.4126400515457,0.453985747682339,0.377426014752157,0.465938398070601,0.374176772783466,0.481166679250641
1325,0.403155203057711,0.32494034096606,0.318168281885495,0.395832653498344,0.412799535888083,0.454030104031289,0.37750883009588,0.466019189083144,0.374201065486608,0.481188471127948
1326,0.403167241225194,0.325029880121536,0.318191241434024,0.395819451050893,0.41293012741895,0.454051168223713,0.377584343341817,0.466070816251947,0.374219630905127,0.481191223707532
1327,0.403186331741698,0.325129907325942,0.318256975594915,0.395797630891426,0.413082134381411,0.454081588615766,0.377661613950104,0.466128299122635,0.374248147003958,0.481219650071958
1328,0.403163965761364,0.325186996464247,0.31829251447004,0.395774066871234,0.413211844474876,0.454064695493062,0.37773978431239,0.466135543441523,0.374238508937784,0.481182786511937
1329,0.403095634967142,0.325211766294597,0.31830610854101,0.395748959156392,0.413266359631469,0.454024102190449,0.377779639442453,0.466111275671869,0.374196971753812,0.481127226744227
1330,0.403046532126084,0.325260079503742,0.318335194928159,0.395725632489818,0.413336526180551,0.454050313611944,0.377845469003568,0.466133582217973,0.374183915955798,0.481099249221658
1331,0.403075084365869,0.325336515346082,0.318328383785263,0.395729031577446,0.413435310078992,0.454105150937833,0.377940924263105,0.466176149886645,0.374175173884734,0.481119056064521
1332,0.403116116831682,0.325409641803137,0.318301773389911,0.395722004462876,0.4135091697454,0.45413559969163,0.377986315460518,0.466176792463953,0.374135519072944,0.481140486590855
1333,0.403158643678639,0.325475324753813,0.318313573733229,0.395689452969066,0.413609413549047,0.454185715546172,0.378043460376396,0.466189187648969,0.374136109537269,0.481153183400665
1334,0.403217978993368,0.325547804923655,0.318381005174493,0.395717893127626,0.413748725886579,0.454246381525842,0.378147737945376,0.466240760980049,0.37418447709574,0.481179777205922
1335,0.403241005615453,0.325630948394971,0.318427115943197,0.395756541366773,0.413851995736487,0.454270884401193,0.378209982118141,0.466275560814632,0.374200607789415,0.481169530328364
1336,0.403221343349561,0.325691675828835,0.318439327643753,0.395739265214189,0.41391923222798,0.454281708743189,0.378243616066877,0.466298429385779,0.374173178476173,0.481130360435466
1337,0.403214961465881,0.325733514277017,0.318474826481052,0.395765932956044,0.414013955515905,0.454308693596061,0.378297691675529,0.466307430021111,0.374152160956233,0.481121987353708
1338,0.403224627396966,0.325767045472322,0.318477142301663,0.395811441162453,0.414090471144769,0.454320193901694,0.378330737029122,0.466304128058021,0.374140084908799,0.481123098544844
1339,0.403235631025045,0.325783593145668,0.318473513191485,0.395828451446834,0.414151423308464,0.45432383217917,0.378363140312023,0.466307855431124,0.374132322941889,0.48111495192118
1340,0.403251439333828,0.325764174388828,0.318444163510208,0.395827523089654,0.414217593277002,0.454323581381883,0.378400312334935,0.466301529118946,0.374137178393195,0.481116206472402
1341,0.403248530457655,0.325764256201636,0.318450027270495,0.395814737214405,0.414259349989072,0.454326671795813,0.378417968529419,0.466285380397702,0.374120855197386,0.481090164320347
1342,0.403259526943972,0.325775152958666,0.318460195954393,0.395774439095716,0.414256133495783,0.454331729256347,0.378417140005416,0.466275054630491,0.374112082660028,0.481047245535214
1343,0.403239381453601,0.325758482908762,0.318473577907407,0.395762781715044,0.414282506499872,0.454304092472128,0.37841692003239,0.46625296985378,0.374073438326734,0.481002989886785
1344,0.403156052399211,0.325713380559773,0.318514591023169,0.395746705821899,0.414335123945233,0.454267184998329,0.378403875832984,0.466212717105797,0.37398710232829,0.480944653203203
1345,0.40312627565304,0.325695447224153,0.318534064414799,0.395731091900995,0.414332103206908,0.454224709521689,0.378387483509904,0.466176314196283,0.373944739878088,0.480889226246533
1346,0.4031355368235,0.325666662047777,0.318533733236374,0.395745866250072,0.414309889830046,0.454132129653539,0.378354531794382,0.466147048806655,0.373914983836876,0.48083550090473
1347,0.403108462872755,0.325657960463784,0.318541175034023,0.395735721754967,0.414280421355234,0.45407992413233,0.378347817526837,0.466097693738125,0.373870600582988,0.480764033704152
1348,0.403088387771166,0.325711995308431,0.318549565422223,0.395692383267481,0.414190954869727,0.454076857439164,0.378364940460922,0.466016856104328,0.373840981197995,0.480683449854344
1349,0.403058984584445,0.325698085388455,0.318553824539084,0.395672003123934,0.414152441972314,0.454020861303299,0.37835025720809,0.465958748371527,0.373805187862072,0.480593425072071
1350,0.402987156088999,0.325656683582185,0.318566069613468,0.395664523256145,0.41416262983998,0.453943632673245,0.378350853291842,0.465918115731855,0.373773702382911,0.480489512320725
1351,0.402939469139896,0.325603350257003,0.318567801810901,0.39565722213638,0.414123201123311,0.453875065085854,0.378322571367955,0.465861885469653,0.373709165869347,0.480392005113246
1352,0.402911862318196,0.325494938661553,0.318554460820263,0.395662272801156,0.414073631575924,0.453772722001389,0.378229185769228,0.465805683179417,0.373614392717402,0.480292747547346
1353,0.402877223322536,0.325410820658991,0.318551210643803,0.395643981259917,0.41401930422976,0.453688973071918,0.378179503274394,0.465743632601378,0.373540779755149,0.480186953322876
1354,0.402842037639863,0.325327969807595,0.318546905244413,0.395610512355675,0.413919203449861,0.453603817290267,0.378144715778433,0.465659671501579,0.373458080729057,0.480061742549969
1355,0.402811325842405,0.325254803872294,0.318540027196479,0.39558570137302,0.41385433330354,0.453559643414649,0.378110681361267,0.465585580174033,0.373365090260437,0.479962564500559
1356,0.402796278676934,0.325187241742268,0.318551027545043,0.395561236505485,0.413841393283778,0.45354287772009,0.378087524069005,0.46553852721914,0.373280026433801,0.47989928186029
1357,0.402754212709608,0.325125565529062,0.318572304202543,0.395537244676008,0.41378793673663,0.45350427321474,0.378071485617959,0.465501242125841,0.373229623074352,0.479795226232331
1358,0.402714694793016,0.325063418862647,0.318567072953687,0.395496612984324,0.413715057010693,0.453442991223095,0.37802794644238,0.465428716894069,0.373155865113076,0.479694651833945
1359,0.40269473749668,0.324996503200912,0.318545289390517,0.395475039345204,0.413666620248563,0.453384988417532,0.378005265654382,0.465351345082197,0.373100693119547,0.479607857543347
1360,0.402654795249818,0.32491652143225,0.318550079315001,0.395461897616925,0.413606131542913,0.45332626305997,0.378012726907387,0.465301599797023,0.373086990106689,0.479520740574007
1361,0.402597329344383,0.324839176382363,0.318556578530302,0.395436223238555,0.413552336786656,0.45326173353249,0.378002589611672,0.46522789731195,0.373038904654208,0.479436879353747
1362,0.40255739828109,0.324747525529079,0.318560349699762,0.395436116974502,0.41353708482224,0.45322727216776,0.378002051680061,0.465159975511674,0.372983532785313,0.479353771387661
1363,0.402508930194594,0.324666932397244,0.318573766280546,0.395419875288349,0.413525942777371,0.45321213028903,0.377995569834083,0.46511524742166,0.372962167890708,0.479277921889368
1364,0.402443777470792,0.324631639311611,0.318572630990799,0.39535440457011,0.413505816839386,0.45316277830484,0.377967610677344,0.465052369863772,0.372946083358838,0.479202993991331
1365,0.402429190001454,0.324582063232468,0.318573286776358,0.395328717954862,0.413493991425761,0.453099058969005,0.377961321907251,0.465011431595757,0.372941123414048,0.479133745819419
1366,0.402381811948484,0.324513005144867,0.318582341313864,0.395330612929335,0.413468890704198,0.45306716941702,0.377944710388671,0.464983248598638,0.372916563451218,0.479056733388186
1367,0.402322722533352,0.324453903622936,0.318617701620715,0.395365518325192,0.413446773977219,0.453065402609675,0.377921958127396,0.465006691009409,0.372892111467773,0.478999967108836
1368,0.402264880417793,0.324360979731686,0.318619565707072,0.395371435021564,0.413401524118905,0.453029641517981,0.37790926037063,0.46496867967231,0.372857428484457,0.478924556794916
1369,0.402210192419304,0.32423019141849,0.318608334800879,0.395411761568727,0.413338152487606,0.453014280034184,0.37791095637523,0.464915062575535,0.372812865721095,0.478843743386441
1370,0.402128595539363,0.324117294934276,0.318591860935516,0.395386087688114,0.413274472371714,0.452951722807821,0.377878934282208,0.464846144281525,0.372746582227498,0.478734641122587
1371,0.402041968055289,0.323989724358892,0.318560392167499,0.395300807580029,0.413208147312881,0.452843754453824,0.377851199031107,0.464752485825093,0.372670448505493,0.478621650559093
1372,0.401929734447778,0.323872560211085,0.318527565526187,0.395249849617732,0.413095596424184,0.452733587930928,0.377782971741844,0.464644760041188,0.37258282634555,0.478467016075458
1373,0.401811889165715,0.323787132579574,0.318504626775096,0.395209412912254,0.412979298525033,0.4526121931207,0.377690176638323,0.464540712927469,0.372478142803786,0.478273306558371
1374,0.401644943178552,0.323645716907362,0.318456316301246,0.395150998666131,0.41283446964882,0.452475053829709,0.37757254955639,0.464385711782113,0.372369815910072,0.478069643238317
1375,0.401458675728075,0.323484735060991,0.318389244582539,0.395100632541957,0.41262890547274,0.452334723444582,0.377419974896712,0.464198413659581,0.372266097857563,0.477838851338428
1376,0.401235353483568,0.323318741806807,0.318317245470349,0.395007405982876,0.412459952936715,0.452162899808639,0.377266817913219,0.463995465131809,0.372140742051414,0.47762353612265
1377,0.400950453701286,0.323104997781329,0.318230720105384,0.394882250702673,0.412310705868004,0.451988186168832,0.377100987144338,0.46376428521214,0.371985502990475,0.477421687182068
1378,0.400665955554238,0.322904510410413,0.31813568422941,0.394739175547567,0.412109168596898,0.451746579254045,0.376909170171651,0.46351037742058,0.371828112182845,0.477160882410492
1379,0.400362189782051,0.322732342019058,0.318049605995375,0.394587292501918,0.411909470009461,0.451444605936346,0.376707716490391,0.463240388182458,0.37167284682952,0.476883577813226
1380,0.400039111097357,0.322517449526038,0.317920491549987,0.394403946998187,0.411656620266582,0.451143408931753,0.376478423197889,0.462929288278659,0.371486870228322,0.476578069143816
1381,0.399694688585996,0.322273065646582,0.317765782566781,0.3941796843918,0.411354526460845,0.450809271956783,0.376229824606035,0.462584373748281,0.371284069301187,0.476218087284476
1382,0.39934560056781,0.32202777041631,0.317597820735168,0.393950565562385,0.411040399746555,0.450454240465317,0.37594466815689,0.462212397395579,0.371074683809247,0.475851892455655
1383,0.398973479745312,0.321762543797665,0.317394753063003,0.393691813210186,0.410697076271117,0.450099270243872,0.375629837656819,0.461811466657372,0.370843987709103,0.475486986551768
1384,0.398607833116059,0.321491598496519,0.317191559342937,0.393441037587351,0.410338872734336,0.449710632414745,0.375308142841909,0.461392566579679,0.37060837353498,0.475090965984688
1385,0.398237666980696,0.321217503146693,0.316991777593071,0.393190546842529,0.409961194511153,0.449259868760068,0.374931787518348,0.460929482640683,0.370373008472938,0.474642854009786
1386,0.39786219092895,0.320930979699595,0.316757144330566,0.392907129883663,0.409526438387596,0.44875537197728,0.374484375264857,0.460416565934597,0.370099252627055,0.474156618348876
1387,0.397468388371638,0.320611746225033,0.316482047699385,0.392576081542115,0.409037214301243,0.448191539531594,0.373991175758512,0.459845047578959,0.369780181964254,0.47359242594206
1388,0.397068864288043,0.320245898872697,0.316171301648978,0.392204047915647,0.408517487175837,0.447574224789174,0.373466201377417,0.459243828850412,0.36941395959448,0.472972729728883
1389,0.396685241506704,0.319882386317952,0.315852060439998,0.391806083820656,0.407977505936684,0.446939246957484,0.372921861190437,0.458616245604763,0.369029775909797,0.472317005897325
1390,0.396304252292549,0.319542991584096,0.315533339246989,0.391416507775914,0.407421720735943,0.446303252559718,0.372365490685528,0.457999189232332,0.368648872141609,0.471663885250441
1391,0.395924530700542,0.319194123293008,0.315212023248019,0.391020261743281,0.406864212221204,0.445657076992524,0.371826876393002,0.45738172967703,0.368245571974146,0.47102066119511
1392,0.395565518960461,0.318872748865076,0.314911544274543,0.390623192257863,0.40632324333772,0.445052085103909,0.371278988610947,0.456766952209245,0.36787307723823,0.470394060524992
1393,0.395181806796876,0.318530974088141,0.314579290857983,0.390200487722686,0.40576036489303,0.44443502689833,0.370679001021491,0.456164818558943,0.367488207650453,0.469765146450143
1394,0.394786173277025,0.318137889783679,0.3142157997903,0.389738256210203,0.405180649672147,0.443767655164098,0.370082099152889,0.455554437689974,0.367049539873568,0.469113664610319
1395,0.394425717651297,0.317786184890236,0.313857220503394,0.389299668465166,0.404655990964936,0.443150311440428,0.369522307210523,0.454987826325105,0.366669559785926,0.468491019747003
1396,0.394044788361128,0.317443359662251,0.313483767825068,0.388870844756896,0.404153054406861,0.442549287795335,0.368964568995876,0.454428968885161,0.366290583734531,0.467890456491723
1397,0.393650876729769,0.31707574035341,0.313112343224534,0.388436348357962,0.403647779963822,0.441935480140991,0.368406100403286,0.453875011067894,0.365884818731314,0.467336586674591
1398,0.393268007409634,0.316735582434636,0.312771072002394,0.388031436389352,0.403175892454148,0.44139492716325,0.367878382266058,0.45338478360179,0.365526398300671,0.466851179638807
1399,0.392847191988361,0.316401318189425,0.312427046597562,0.387616218355146,0.402688633698662,0.440890934481948,0.367324726366175,0.452893793366712,0.365167127667461,0.466361346530286
1400,0.392381240378266,0.316063921610525,0.312086592411866,0.387208579673722,0.402178311606816,0.440440146226082,0.366738265741424,0.452427617098265,0.364803686864877,0.465896752726922
1401,0.391927006719596,0.31572235843162,0.311746525923526,0.386770594317959,0.401689089037876,0.439951365115946,0.366150728238608,0.451938018512936,0.364449519088463,0.465442298420772
1402,0.391474420374054,0.315409852667434,0.311420188280824,0.386322586146965,0.401238142948452,0.439515221952757,0.365588061589883,0.451477328046663,0.364126456755802,0.465015994001586
1403,0.390990614191837,0.315066783420178,0.311073888052157,0.385861554827898,0.400736173504775,0.439015360151337,0.364970522152671,0.450961721803646,0.363774041470612,0.464567086485057
1404,0.390504769425882,0.314690589351124,0.310711150227066,0.385388163479046,0.400237967291186,0.438476469262101,0.364319923783632,0.450418219754718,0.363393949375234,0.464139335835629
1405,0.389976846473698,0.314317681977263,0.310361062432694,0.384882905269564,0.399678565738708,0.43790056182626,0.363646059738883,0.449847125202582,0.363031352584017,0.463666369547429
1406,0.389395461119117,0.313940609725421,0.310005847590903,0.384345674407717,0.39906040216718,0.437288957318531,0.362932793498583,0.449226770992359,0.362663949261549,0.463145502677298
1407,0.388843478573724,0.313575495072735,0.309669569028732,0.383842322745515,0.398455069536609,0.436705077359422,0.362226799151724,0.448638610508707,0.362327601872093,0.462666480309678
1408,0.388251380307246,0.313185841678787,0.309316965547694,0.38331781420006,0.397782483609323,0.436057204259594,0.361467624046326,0.448001165012191,0.361974675992394,0.462151481939226
1409,0.387711255886911,0.312851415796808,0.309034400323627,0.382816167323022,0.397198612645947,0.435486150728377,0.360786278054333,0.447450667899126,0.361706154644446,0.461722908930867
1410,0.387184972481852,0.312530269416322,0.308765114952018,0.38231601418452,0.396618207561431,0.434918417272656,0.360114698530409,0.446913634834098,0.361476043239885,0.461298506369238
1411,0.38670679283217,0.312250344741029,0.308556142328073,0.381876957430616,0.396106692512381,0.434448966278306,0.359491115546038,0.446463958893971,0.361285410479256,0.460992171420944
1412,0.386218760751714,0.311966635732551,0.30837760125048,0.381389426951602,0.395592331468729,0.43395044523442,0.358875906621093,0.446003309780285,0.3610968122433,0.460678464292134
1413,0.385859208797029,0.311795100683566,0.308296310366659,0.381064155718321,0.395242932075175,0.433688302506325,0.358379876382624,0.445751132532701,0.361062485208818,0.460593527259993
1414,0.385551494586463,0.311649731567036,0.308251484235812,0.380831017142419,0.394945301191271,0.433527253734901,0.357894764791604,0.445571408071383,0.361072938891219,0.460630065679466
1415,0.385348702281319,0.311632492263392,0.308325393870414,0.380692191061215,0.394825319596679,0.433570309916105,0.357584420515969,0.445602135671161,0.36122767965689,0.460848230713671
1416,0.385251728024121,0.311728629192564,0.308509813262178,0.380657691212383,0.394868069039587,0.433818904009519,0.357425369285215,0.445831762085197,0.361548864087401,0.461250467783559
1417,0.38522727067145,0.311910319092917,0.308757405195941,0.380725349627314,0.395024296470027,0.434186895853932,0.357335861471831,0.446186380701693,0.361924156474205,0.461803975529504
1418,0.385300552860412,0.312156298009066,0.309092097829663,0.380864850439916,0.395291000630559,0.434719005257385,0.357354219149096,0.446687590852063,0.362362490508106,0.462506693387379
1419,0.38544172801738,0.312460574445904,0.309478502588049,0.381073265567894,0.395633117977689,0.435345360754119,0.35742729839564,0.447306774578166,0.362880275380017,0.463300642480588
1420,0.385591553923222,0.312759774674866,0.309879204592955,0.381301577905035,0.395992283818551,0.435975305118782,0.357525494597828,0.447925587057635,0.363428156559722,0.464139185289964
1421,0.385754308872683,0.313055086925883,0.310306851482881,0.381526500973592,0.396359203713243,0.436655079863714,0.357645875174917,0.448564140649738,0.3639949783332,0.465029445829618
1422,0.385942200477366,0.313402798041412,0.310741508135241,0.381776235645405,0.396766664278567,0.437342273586316,0.35777173924084,0.449247475047597,0.364580840859797,0.465910906948214
1423,0.386110939288985,0.313726578525834,0.311154101026515,0.381996191144648,0.397127258675741,0.437976564802238,0.357882053359574,0.449862988025438,0.36513873575162,0.466744678977579
1424,0.386265209599264,0.314003440994479,0.311560895184744,0.382181772694497,0.397430912807395,0.43857429761984,0.357923084843723,0.450428625354632,0.365641542891938,0.467550625821746
1425,0.38642688687513,0.314305642751473,0.311949062423018,0.382405065298261,0.397741991355376,0.439099948837144,0.357957407993496,0.450989235006491,0.366131581327527,0.468312259534302
1426,0.386522164224342,0.314537392888409,0.312287402302779,0.382546856523445,0.397937490142948,0.439514318584979,0.357975503430771,0.451414362841223,0.366579482825059,0.468977546497256
1427,0.386556719857322,0.314712783644018,0.312598313687215,0.382626401312279,0.398080416493855,0.43989283377665,0.357963159796769,0.451780178994944,0.366987689132547,0.469575616899142
1428,0.386578848309519,0.314904900105545,0.312868390607956,0.382724457168391,0.398231462676671,0.440210563002182,0.357914110653053,0.452134687418607,0.367391034866539,0.470108572491007
1429,0.386600864375992,0.315060834814776,0.313115613327283,0.382777368376042,0.398332822046549,0.4404959402901,0.357830325893062,0.452422319645757,0.367765511831313,0.470579128495463
1430,0.386590165311161,0.315181713026322,0.313336198870685,0.38281911744721,0.398411603998824,0.440750352567966,0.357736688205365,0.452655292410685,0.368103251789897,0.470998862971206
1431,0.386561581285869,0.315293089339764,0.313552338925211,0.382864609046083,0.398466263265479,0.440912624129029,0.357618297217765,0.452869881235659,0.368406505502468,0.471383876458122
1432,0.386552073781831,0.315385380010138,0.313775097499843,0.382870293485537,0.398536866342621,0.441084240117669,0.357534053468032,0.453090767767758,0.368678711593684,0.471758956305218
1433,0.386525088009576,0.315447208468937,0.313949523189106,0.382834141090239,0.398587373058975,0.441258861207195,0.357477196508071,0.453270520567451,0.368946986509319,0.472081882440713
1434,0.386509278832278,0.315511229445394,0.31412795062129,0.382829339488173,0.398626450709049,0.4414127780962,0.357410096081913,0.453451963286478,0.369206412584197,0.472414296889124
1435,0.386504428373021,0.315565430813075,0.314310307545587,0.382812886944243,0.398663036038956,0.441559294468417,0.357333362781225,0.453641295096712,0.369449434830276,0.47275396378515
1436,0.386487084955701,0.315616358626107,0.314459607118005,0.382818199639489,0.398704099736559,0.441699182546068,0.357275451332711,0.453806547012701,0.369690913843351,0.473045198208144
1437,0.386474180886566,0.315663309315275,0.314583452745037,0.382857269190782,0.398725373257349,0.441818706471866,0.357232328011743,0.453944081298307,0.369939456524759,0.473318617437163
1438,0.386435888041252,0.315694751979063,0.314707302781538,0.382864024595822,0.398756477031492,0.441926794898555,0.357181475423552,0.454085932851115,0.370146275625132,0.473552691470877
1439,0.386373978930609,0.315713347480654,0.314809999430397,0.382862321510277,0.398799102621066,0.442030297119828,0.357126879370641,0.454216032008214,0.370327706604818,0.473719014916907
1440,0.386335126688577,0.315723968729751,0.314917894823391,0.38285961241965,0.398834617555564,0.442138236352373,0.357098682134935,0.454356798090457,0.370516514008736,0.47393197049387
1441,0.386278918344352,0.31570976783472,0.315021736460566,0.382829585784056,0.398849363911741,0.442220978542243,0.357073729413817,0.454494143305609,0.370678867036598,0.474145326407477
1442,0.386249796125187,0.315730688105524,0.315123813368701,0.382832612952951,0.398896136580944,0.442321885044849,0.357062247946035,0.454633106386608,0.37084799149173,0.4743479880731
1443,0.386246900183281,0.31575503050197,0.315224398632137,0.382846898345896,0.398968901746122,0.442443364441518,0.357071685444478,0.454785669010083,0.371035749010549,0.474577394069685
1444,0.38623891620078,0.315791659665762,0.315320595357845,0.382862798517942,0.399028888466218,0.442548653519493,0.357093334717757,0.45492867172617,0.371193596632219,0.474760741016824
1445,0.386233082380123,0.315851616979975,0.315405452054913,0.382896997945954,0.399089894324129,0.442646112926891,0.357127191146223,0.455065793161103,0.371329516617074,0.474908448347539
1446,0.386241659250809,0.315905822574318,0.315501625112024,0.382942458661607,0.399166241649949,0.442760481281676,0.35716309618972,0.45520072094772,0.371466035106542,0.475055429087649
1447,0.386270058629457,0.315968787793548,0.315604230617925,0.382996943691794,0.399246832400988,0.442888180273891,0.357225926805754,0.45534142842628,0.371600706740284,0.475188676796032
1448,0.386283940464068,0.316030585295471,0.315702414723547,0.383044334879013,0.399330787481748,0.442990398118157,0.357271742614548,0.455462040032768,0.371713202302812,0.475317660372715
1449,0.386299370790869,0.316085606364531,0.315811107071675,0.383100878268787,0.399442889662755,0.44308815319349,0.357292719414464,0.455561150322945,0.371810816813394,0.475434880138297
1450,0.386315891586967,0.316152474868613,0.315905049311211,0.383151348360889,0.399518279967894,0.443180529082085,0.357343064974957,0.455663211603777,0.371900805597768,0.475542007143018
1451,0.386328088259628,0.316221328125369,0.315994422365908,0.383205902394425,0.399569804402676,0.443240703681005,0.357409348005689,0.455757395277481,0.371968851724735,0.475649029819511
1452,0.386330883758358,0.316299956731259,0.316070643363895,0.383241718865661,0.399631916171913,0.443332431927861,0.357471629334752,0.455858812904164,0.372040274601413,0.475733752109549
1453,0.3863224569182,0.316393304739585,0.316112481598508,0.383247678671413,0.39966672113306,0.443450303090188,0.357541361824609,0.455959171764806,0.372089485990532,0.475769310163525
1454,0.386330794215407,0.316494458291483,0.316192549904891,0.383287398159626,0.399737380223519,0.443549725469562,0.357621736773639,0.456064635007653,0.372169565973019,0.4758493534704
1455,0.386338999557455,0.316623215319774,0.316292500554328,0.383332762310601,0.399841829241784,0.443656652674486,0.357710218467734,0.456176960216981,0.37227870540406,0.475953065684115
1456,0.386356569520514,0.316705806488028,0.316377739702732,0.38337774807075,0.39992089437903,0.443753733744389,0.357793785620706,0.456280598418442,0.372359157213128,0.476041918188484
1457,0.386375374989245,0.316785919092663,0.316469883534631,0.383437055593853,0.400008333060079,0.443826084755835,0.357883578864369,0.456392963176611,0.372420009686969,0.476103850211594
1458,0.386421132453477,0.316890777124352,0.316555605706332,0.383530356367306,0.400136178940409,0.443923027929309,0.357988896942249,0.456530563887509,0.372522615578349,0.476201038017163
1459,0.386432804750894,0.316968690171249,0.316602852668378,0.383600027431104,0.400224299750627,0.444029408023398,0.358094786674867,0.456638932937891,0.372596249549353,0.476247751989659
1460,0.386416331186339,0.317037850249691,0.316644127238879,0.383653643529094,0.400302414845293,0.444096075560543,0.358176242506785,0.45671162924442,0.372646558061053,0.476261278399771
1461,0.386416277078692,0.317122836127559,0.316693119759299,0.383710401657034,0.400404773620212,0.444169540208424,0.35824338849038,0.456774199154761,0.372709440518775,0.476337106463522
1462,0.386418582681504,0.317187564431182,0.316749124862251,0.383745798948124,0.400490235074741,0.444245189497131,0.358329576590794,0.456843247332221,0.372773474841864,0.476417466654558
1463,0.386440472520578,0.317237319767001,0.316817618167733,0.383789100235411,0.400603445855066,0.444305470601844,0.35842848173661,0.456943220149688,0.372858581599072,0.476480899761246
1464,0.386488329351726,0.31730235534403,0.316884966823342,0.383835448715444,0.400746136635634,0.444407720555548,0.358544440409496,0.457059644656582,0.372944677010791,0.476567526705678
1465,0.386550738671414,0.317387044110072,0.316941581401549,0.383892324519733,0.400843345817684,0.444519465135746,0.358676511956156,0.45716774879423,0.373037429219116,0.476664795472967
1466,0.386606436192713,0.317474793397572,0.317007118271291,0.383986499229474,0.400954300794479,0.444624049096481,0.35881789266005,0.457269992531555,0.373141190417778,0.476734003873884
1467,0.386665771026911,0.317550401703816,0.317093264892392,0.384070559958244,0.401104628988773,0.444758934877912,0.358987373590363,0.457370064809671,0.373217653909662,0.476809294975321
1468,0.38673930178057,0.317630379724376,0.317181211169265,0.384149676695776,0.401247537521376,0.444897902056503,0.359141868044362,0.457490820196666,0.373298872195323,0.476917117103678
1469,0.386790779713763,0.317687483885474,0.317254921733018,0.384247239416286,0.401415771414466,0.445024950338792,0.359276330946095,0.457600996792289,0.373383460878083,0.476981512369546
1470,0.38683317123867,0.317736317451431,0.317325095755801,0.38432822477831,0.4015803770685,0.445154434242532,0.359457652255348,0.457695212585302,0.373453671511251,0.47704988689379
1471,0.38688076487778,0.317809815122496,0.317386387134189,0.384401950854483,0.401717953129421,0.445280148757548,0.35962133592704,0.45781652484446,0.373536715352146,0.477155761098924
1472,0.386944364082105,0.317868014314111,0.317434093070559,0.384474379217111,0.401865684774397,0.445394597697963,0.359748788224356,0.457918827035696,0.373608475239189,0.477236647160924
1473,0.387021757080055,0.31792592615186,0.317530078875422,0.38455222946879,0.402020528697233,0.44553565996244,0.359919305439439,0.45803848105677,0.373680009990114,0.477348251670109
1474,0.387093635024712,0.317981540701322,0.317642671828904,0.384639066802649,0.402189356959905,0.445702408409096,0.360087854147593,0.458195356526825,0.373775216701341,0.477467268312819
1475,0.387161350796985,0.318033318450449,0.317700727438416,0.384697632089017,0.402375510340713,0.445837471787072,0.360232989829436,0.458314899445316,0.373851972811902,0.477548230643225
1476,0.387211889221695,0.318108518578049,0.317750217585639,0.384763252301209,0.402540033715917,0.445957248432295,0.360403686810268,0.458432289509922,0.373925256853766,0.47765365983545
1477,0.387277185954291,0.318169840868758,0.317811894715486,0.384845250962244,0.402708236769848,0.446100585156169,0.360584488616079,0.45857097251469,0.374011567275945,0.477757027442383
1478,0.387329712626975,0.31823656565447,0.317843840955168,0.384922288515705,0.402882508247013,0.446233925497965,0.360774786380619,0.458722970305327,0.374113115942201,0.477851460845985
1479,0.387428475545125,0.318297291024475,0.317922164870468,0.385016675254718,0.403062385479827,0.446389807768037,0.360966025527414,0.458870808007598,0.374197979566538,0.477959383172737
1480,0.387571593365107,0.31834232439763,0.318048240652787,0.385150717682711,0.403240670950688,0.446588784409038,0.361182126142113,0.459045186521204,0.374284049482526,0.478093096062711
1481,0.387669147423995,0.318402417466386,0.318137380592446,0.385246781388517,0.403416929303779,0.446749566716389,0.361382541871651,0.45917814193007,0.374362992131749,0.478191841482544
1482,0.387773985433387,0.318479185900368,0.318226906436233,0.385322380784994,0.403594034631063,0.446892521222117,0.361563079417714,0.45927844631489,0.374424909638259,0.478264026637515
1483,0.38787004670561,0.318537675224327,0.318302936269635,0.385419974984721,0.403773487627428,0.447048159832563,0.361777908088565,0.459401957857806,0.374506861698179,0.478368504229409
1484,0.38792567871692,0.318595538857036,0.318349758782362,0.385505387642126,0.403950971589654,0.447182757766579,0.362011303592925,0.459507495544886,0.374593731509299,0.478483233896142
1485,0.388016302874595,0.318644308094504,0.318427301033597,0.385611597600461,0.404124135484476,0.447355911762151,0.362219901784942,0.459641407034309,0.374687492691333,0.478583701301478
1486,0.388135845779142,0.318662173245174,0.31852527090369,0.385746951048769,0.404304506472694,0.447570940677799,0.362435891677686,0.459815407753582,0.374797611637344,0.478692233328151
1487,0.388234048046162,0.318721040433516,0.318603069125663,0.385861879107167,0.40448388791683,0.447740630637323,0.362657669554479,0.459961170122698,0.374894997368685,0.478801013336779
1488,0.388326837708064,0.318801675689746,0.318694229267753,0.38598299813643,0.404652176071225,0.447913851712567,0.362871694679693,0.460102960529131,0.374991193144076,0.478896927555486
1489,0.388422866258361,0.318867030496171,0.318757495590887,0.386094774383938,0.4048314834087,0.448073488398456,0.36307961982952,0.460241064001415,0.375077656573195,0.478988636827874
1490,0.388504314587936,0.318940588994772,0.318770699541295,0.386193099286162,0.405021541053749,0.448185712667378,0.363301981143531,0.460357825970685,0.375163346281228,0.47908942038255
1491,0.38861303276329,0.319023490789234,0.318834110568959,0.386297177193279,0.405198940033942,0.448341858690352,0.363512266625028,0.460492758324451,0.375240741335642,0.479195454428221
1492,0.388743273631211,0.319105557977734,0.318911972337133,0.386389201039936,0.405362121909739,0.44852154519678,0.363680817185321,0.460645394953651,0.375293037634715,0.479291447632112
1493,0.388865939862653,0.319193728335515,0.318994978195142,0.386499092254319,0.405552556418852,0.448690436897917,0.363897071222198,0.460785265537506,0.375382967466714,0.479387184695217
1494,0.389001569875323,0.319302634965244,0.3191187878033,0.386625826242424,0.405767623441327,0.448874278005331,0.364151200572784,0.460924184599579,0.375502695778968,0.479493470592434
1495,0.389133171780894,0.319398135218839,0.319207853413839,0.386741238273661,0.405958472957016,0.449044366053365,0.364374039932404,0.461055314537548,0.375575153891559,0.479591097961853
1496,0.389255624831304,0.319474600384607,0.319284974292627,0.386858123171385,0.406153111461587,0.449216203022975,0.364606288682975,0.461173591797947,0.375643003553327,0.479683507877162
1497,0.38937830514417,0.319559111791716,0.319352125902033,0.386974531496003,0.406339662875318,0.449368427666213,0.364826062050716,0.46129464751254,0.375716645954137,0.479768486905767
1498,0.389509172912485,0.319653197696699,0.319389989981313,0.387086439888954,0.40648990247317,0.449495713316115,0.365019986610653,0.461421185332893,0.375747652424431,0.479859117911214
1499,0.389627742839706,0.319742142261403,0.319452441831039,0.387196422849458,0.406665249283744,0.449639893509694,0.365232716513522,0.461545829563088,0.375805631567628,0.479930834950694
1500,0.389724755737236,0.319823630905206,0.319513630275139,0.387304389326945,0.4068576927757,0.449770484948597,0.365447022397185,0.461658350512115,0.375886826948813,0.479962924650077
1501,0.389856604398104,0.319921175347377,0.31958593465025,0.387428848872433,0.407058549538161,0.449918103413065,0.365672580009317,0.461789842694411,0.375978433164506,0.48003550215883
1502,0.390014049955962,0.320023468425956,0.319687380415593,0.387558738503726,0.407272397525583,0.450094230076753,0.365908966094234,0.461924346619988,0.376089049760687,0.480119772251953
1503,0.390148864582447,0.320126450107475,0.319765484555348,0.38768209838951,0.40748075129706,0.450250165028941,0.366135830674816,0.46206297058086,0.376181690382026,0.480201871318668
1504,0.390297704892758,0.320265437706993,0.319843960810124,0.387820627460022,0.407711629843229,0.450403643179617,0.366367795924871,0.462238194388578,0.376295802037155,0.480316271599245
1505,0.390426726208112,0.320364931945614,0.319912284509782,0.387949792353913,0.407915441783385,0.450553188792301,0.366606905706146,0.462371059843544,0.376380545570328,0.480407453074409
1506,0.390504999796919,0.320426472002056,0.319942999590316,0.388063886515467,0.408081772364565,0.450672843941151,0.366846658081624,0.462459677828739,0.376419255384217,0.480468749007455
1507,0.390621799153773,0.320504009730972,0.320005304180136,0.388172848403006,0.408272507949675,0.45082415316852,0.367080969165681,0.462590677514342,0.376477518105406,0.480554499338042
1508,0.390757929850067,0.320578238355559,0.320089969931729,0.388272724240891,0.408467901711892,0.450992498902262,0.367318613751714,0.462726191156347,0.376540095417008,0.480648104614601
1509,0.390905451185594,0.320631940983869,0.32015974509727,0.388393544671724,0.408665548812084,0.451171541893312,0.367559092017938,0.462860697862798,0.376594520660453,0.480748288339318
1510,0.39103667394043,0.320709450137998,0.320218244557969,0.388500824786437,0.408863480667279,0.451342331269655,0.367784548036905,0.463025689002353,0.376667109150352,0.480853219057903
1511,0.391171549126509,0.320824217734427,0.32031670962582,0.388633650008105,0.409071726740209,0.451528737604108,0.368024560711632,0.463193306646458,0.376758018757097,0.480980524483638
1512,0.391281622632939,0.320932331034519,0.320384345979697,0.388776604077821,0.409272383999465,0.451710396339019,0.368282193955203,0.463305285594952,0.376839328703606,0.481079500852882
1513,0.391377631072399,0.321029316321651,0.320430194232052,0.388885769801166,0.409450219379131,0.451851818243369,0.368520832414433,0.463400802383948,0.376927284019762,0.481150962392811
1514,0.391494642574244,0.321135350912709,0.320532150630403,0.388999409093054,0.409632983061006,0.452007729385228,0.368755108291496,0.463531215791702,0.37700322870158,0.481251251901436
1515,0.391633927465239,0.321232117852813,0.320628388648764,0.389121370102534,0.40985244780536,0.452185432503187,0.368975381302295,0.46365100058448,0.377054489105488,0.481355971292244
1516,0.391772471151221,0.321332188365509,0.320693969766328,0.389254879513739,0.410052857500758,0.452339890674623,0.369195762519513,0.463769826968626,0.37710620714123,0.481470470799785
1517,0.391887825872875,0.321441825622484,0.320775748140879,0.389394359273127,0.410227568565434,0.452496008023045,0.369431087127468,0.463918475174191,0.377161734227127,0.481604716684835
1518,0.391998849136618,0.321521687850283,0.320842105927084,0.389518870114284,0.410412959305307,0.452650780995733,0.369648797357979,0.464030745710781,0.377227177193963,0.481711886041894
1519,0.392123353907007,0.321601925324608,0.320894422745712,0.389635279758577,0.410587713971506,0.452790736880953,0.369868467417271,0.464119563280528,0.377321479727275,0.481801639324412
1520,0.392254591378167,0.321698852813073,0.320971008739614,0.389740207352386,0.410766847956558,0.452923178880583,0.370090462286863,0.464243620608806,0.377436361990431,0.481926878167627
1521,0.39237676715241,0.321791863852093,0.321043891358142,0.389835076507659,0.410953812717407,0.453052906892653,0.370281463629792,0.464351274244452,0.377519487278542,0.482035389986397
1522,0.392486622478351,0.321881581508599,0.321083367297724,0.389938703141822,0.411120259817835,0.453163000648465,0.370479637965097,0.464439682492095,0.377564631720557,0.482114490055925
1523,0.392576168612423,0.321973699546059,0.321105282402256,0.390051407195804,0.41129025122396,0.453245948173428,0.370679409308932,0.46454138037945,0.377612320512526,0.482212727986725
1524,0.392659764964033,0.32204626910292,0.321136535813891,0.390156486350828,0.411465063032256,0.45335895543195,0.370861583709037,0.464631235426749,0.377658199568163,0.48230131143892
1525,0.392781997429948,0.32210107360888,0.321188713895104,0.390276684570414,0.411635958106427,0.45348830533218,0.371068834542898,0.464755676724066,0.377725728274114,0.482402362046456
1526,0.392903035259606,0.322178305486583,0.321263081146358,0.390398455991556,0.41182976361886,0.453599636106805,0.371271775462457,0.464933188247281,0.37782649586557,0.482519850344341
1527,0.393013858628276,0.322260295029646,0.321355147909283,0.390502236026364,0.412027203731513,0.453758972865578,0.371481602387158,0.465092744144144,0.377930178304892,0.482632378818637
1528,0.39312602559277,0.322333082873853,0.321454689134612,0.390628780373985,0.412200739017374,0.453926495185363,0.371703209073096,0.465225056284554,0.378003032078019,0.482754928681053
1529,0.393219745021999,0.322404766401273,0.32155650181954,0.390765574978906,0.412370259657724,0.454042251988529,0.371884158204628,0.465355564862045,0.378061905800617,0.482862268807912
1530,0.39333150626825,0.322473321741877,0.321651992011153,0.390882574220003,0.412554717612105,0.45416756124859,0.372075336822771,0.465473941187846,0.378150706950261,0.482983602476331
1531,0.393443346392573,0.322534467412614,0.32174336670967,0.390985417345531,0.412741342181525,0.454287536426206,0.372286551059093,0.465570539182797,0.378217845772157,0.483115284751804
1532,0.393522420385633,0.322578534808044,0.321817084187786,0.391062353533866,0.412905553361618,0.454383248727431,0.372463246890134,0.465671831050536,0.37827915882931,0.483198787840703
1533,0.393617978006462,0.322637702251004,0.321876811152028,0.391143978170263,0.413065262567724,0.454518995369872,0.372646858239693,0.465792499160954,0.378374438553161,0.483295918511011
1534,0.393714848065822,0.322701642943205,0.321922106991471,0.391232802811993,0.413215736283893,0.454653192636321,0.372825416801632,0.465872118173089,0.378439136579093,0.48340715544865
1535,0.393789494485025,0.322758413238881,0.321956997225353,0.391318651009839,0.413338345408139,0.454753560559377,0.372960984931793,0.465936995688459,0.378501613748845,0.483496231958765
1536,0.393890883912692,0.322840763429675,0.322021162266414,0.39143340098959,0.413486005332315,0.45487919690908,0.373129727567881,0.466049698588667,0.378598184919301,0.483626941092656
1537,0.393985044141213,0.322910810171101,0.322096948768274,0.39154454140571,0.413666016849351,0.454990963037214,0.373311013626021,0.466161383414539,0.378691940760771,0.483769739199734
1538,0.394062005296228,0.322980280251442,0.322168975674987,0.391643049942689,0.413816686214861,0.455111801495411,0.373468985030121,0.46626728259199,0.378770943386644,0.483879473059992
1539,0.394108043038933,0.323040226005846,0.322257566665961,0.391735756053252,0.413954307298379,0.455259408657281,0.373618022409187,0.466390152800279,0.378849972078362,0.483967659250971
1540,0.394194385543429,0.323112698892669,0.322328847133594,0.391830663718181,0.414089759563117,0.455374978486742,0.373783484540455,0.466490851678277,0.378912467318927,0.48407591724254
1541,0.394304243738422,0.32319568625408,0.322391842415041,0.391922899680459,0.414215372933544,0.455468922248045,0.373942592636922,0.466564886292529,0.37894813314729,0.484182415016802
1542,0.394377302758405,0.323265520592065,0.322451024942153,0.392004545699597,0.414345846314217,0.455570058655359,0.374098220204804,0.46666370799105,0.379003944045808,0.484271223788839
1543,0.394453913637372,0.323329726459321,0.322510591962355,0.392082006986526,0.414482227689953,0.455655778794807,0.374270941608716,0.466780657438101,0.379062461786196,0.484358587276239
1544,0.394519200239723,0.32340447969293,0.322565172465108,0.392162781063366,0.414609725808569,0.455764480352832,0.374427100893768,0.466871935364629,0.379132504441936,0.48445693253927
1545,0.394540110635029,0.323474416050225,0.322597222324008,0.392229667370594,0.414720862255967,0.455885382610063,0.374558499336972,0.466958361403265,0.379214774790309,0.484533699971995
1546,0.394604110399171,0.323548723532843,0.322655633591844,0.392310962504915,0.41485492806815,0.456010277497882,0.374710041814374,0.467043894641789,0.379293422681565,0.484637688488602
1547,0.394694922666804,0.323638852217144,0.322724334882243,0.39240485891061,0.415004380334022,0.456144108200386,0.374878310223875,0.467103689368514,0.37937366802013,0.484783057606126
1548,0.394777143019193,0.323709720659125,0.322783268483409,0.39249025753571,0.415117712389808,0.45626560460092,0.375022268487507,0.467174972577263,0.379444717920777,0.484884638092779
1549,0.394867866615044,0.323760880270903,0.322865808814376,0.392578271189177,0.415224690425288,0.456400663266504,0.375152375440381,0.467264586352519,0.379514972929734,0.484972807701731
1550,0.394939472857252,0.323837757250265,0.322923276788523,0.392648390618372,0.415346695337193,0.456498847621272,0.37529459050918,0.467346931242158,0.379584510451502,0.485053935306636
1551,0.395002124740466,0.323925538693529,0.322957789337456,0.39270766935555,0.415450110450694,0.456577894629054,0.375435094405215,0.467421012997229,0.379653547606387,0.485107503291804
1552,0.395081453184187,0.324008820789092,0.323006620907337,0.392784449972522,0.41556647403705,0.45666644407274,0.37557855459638,0.467505236074757,0.379721920330611,0.485192134743479
1553,0.395168930106628,0.324107112077363,0.323044315768046,0.392857145800736,0.415714360195093,0.456725153091122,0.37573297202039,0.467582086112549,0.379793085981983,0.485277385589626
1554,0.395237766640402,0.324187552498906,0.323094264816009,0.392932787429274,0.415831521437861,0.456804391046132,0.375871205032525,0.467681108675312,0.379846293744267,0.485369170195257
1555,0.395303926104928,0.324257986376842,0.323155799172242,0.393024887506435,0.415924599964965,0.456901303743017,0.375990558356842,0.467805107812087,0.379877296780354,0.485493071876566
1556,0.395368449203606,0.324322221909854,0.323213574339387,0.393097040968067,0.416025156280744,0.456993245577962,0.376128149001644,0.467899411963011,0.379937930082238,0.485586746460836
1557,0.395409955784637,0.324373443410794,0.323275020891494,0.393151353621827,0.416117386989719,0.457088333445587,0.37627984685177,0.468008054628968,0.380009843929077,0.485663542663914
1558,0.395476776418324,0.324436044930342,0.323340578791597,0.393222881681971,0.416226537808108,0.457176108652849,0.376418308497862,0.468086550630703,0.380064555436265,0.485753186851337
1559,0.395571361775049,0.3245023228422,0.32341763239762,0.39330530723325,0.41634451624021,0.457260465587703,0.376562760751715,0.468124813125042,0.380131102589176,0.485836248931644
1560,0.395630575121056,0.32455283824897,0.323464984371026,0.393362652243932,0.416441503354804,0.457340269853131,0.376681549049689,0.468179414133261,0.380183966627931,0.485913352404937
1561,0.395673996839049,0.324604336835816,0.323496873694667,0.393404877788024,0.416549188794403,0.457410180869388,0.376770023981436,0.468228420060327,0.380207715079291,0.486003873567993
1562,0.395730407936863,0.324659619093054,0.323545812321412,0.393474942242813,0.416650432731011,0.457500526880123,0.376887409320782,0.468293424318624,0.380257532245717,0.486083947241014
1563,0.39577994449536,0.324702556903193,0.3235708023783,0.393547304140158,0.416717146084965,0.457609149181157,0.376997956205087,0.46835957642724,0.380325352586415,0.486154437531301
1564,0.395836446097589,0.324740681978089,0.32362998247147,0.393611671909941,0.41681742866077,0.457694980396658,0.377130836255738,0.468433271107528,0.380384042287034,0.486211506091647
1565,0.395898932075119,0.32477539184292,0.323739308108881,0.39369396169022,0.416954900622743,0.457777598068014,0.377306032065777,0.468532632672159,0.380440720088975,0.486246774862706
1566,0.39596309881588,0.324823639103434,0.323796264847838,0.393766759537349,0.417048955737104,0.457854163037687,0.377437022479754,0.468603427186993,0.380498326390562,0.486304302307671
1567,0.396022513187343,0.324865441420707,0.323830227119256,0.393812834132979,0.417114814655601,0.457899007714398,0.377545756275576,0.468660853345241,0.380552254785729,0.48635010107235
1568,0.396084207060841,0.324914411712165,0.323881960544241,0.393874266742418,0.417211386516834,0.457979382166236,0.37767047122383,0.468716921232036,0.380610917772836,0.486417343911096
1569,0.396156439563985,0.324991753144189,0.323914164448777,0.393955312749609,0.417310287420504,0.458071169562527,0.377778021282384,0.468740050450199,0.380680115351756,0.486519401936612
1570,0.396233913235384,0.325048392421975,0.323963004504778,0.394026484238271,0.417396847889742,0.458179623058977,0.37790253705614,0.468809009487808,0.380741868223874,0.486605383691947
1571,0.396306434440668,0.325080685935246,0.324037543798406,0.394090052551937,0.417494936041964,0.458332288492601,0.378052373996696,0.468914965955116,0.380796058360509,0.486698352779327
1572,0.396390545481802,0.325143524562021,0.324100061080133,0.394165578870342,0.417604083003064,0.458445684324502,0.378198400193697,0.46900255025811,0.380861561960898,0.486778373342227
1573,0.396499905688217,0.325220948115305,0.324152923319258,0.394242852995694,0.417692562986024,0.45854759815802,0.37834039979322,0.469095087942389,0.380933753870041,0.486850753090906
1574,0.396584608398898,0.325288288792264,0.324217351095521,0.394330018922849,0.417801878570837,0.45865844325473,0.378482455859617,0.469197977094649,0.380993534746128,0.486920389946545
1575,0.396651768517692,0.325367990380298,0.324287852937981,0.394432796192653,0.417935207233525,0.458744120552556,0.378624395498561,0.469284676689921,0.38105424263785,0.486957055658389
1576,0.396729329402616,0.325434825882588,0.324352767532825,0.39450878363442,0.418073601610176,0.458843603362972,0.378769099870732,0.469384902726547,0.381115056248464,0.487034594387372
1577,0.396806456175291,0.325492774349669,0.324427794453521,0.394581406878666,0.418244357214442,0.458975465659513,0.378921961409711,0.469530607959745,0.381169594925245,0.487151874117381
1578,0.39688342524557,0.325551936533879,0.324489915282081,0.394662924897629,0.418366017840961,0.459079012015914,0.379074810904894,0.469645276049794,0.381218421684927,0.487235901054167
1579,0.396970721493405,0.325605953226055,0.324544269540635,0.394732219901664,0.418463997004854,0.459166599527003,0.379228047496867,0.469749049601622,0.381268141646452,0.487336091272039
1580,0.397052189311546,0.325662568026708,0.324599924117249,0.394798682340395,0.418584459970744,0.45925714773693,0.379388634965742,0.469843625320345,0.381319441785314,0.487411131705206
1581,0.397114755957933,0.325721892039355,0.324647814036256,0.394861083180738,0.418668670524649,0.459326974006069,0.379555403568982,0.469911513847511,0.381351833095396,0.48743028057946
1582,0.397188566273261,0.325769070708624,0.324688922690993,0.394937077583876,0.418773946901708,0.459413588956046,0.379704305005333,0.469989490363701,0.38140575592541,0.487485023350789
1583,0.397269386559467,0.325806313614116,0.324711440416508,0.395017666578762,0.418931467612399,0.459505277885671,0.37984905842001,0.470055929723008,0.381477707848485,0.487567712527991
1584,0.397354213518132,0.325855100552994,0.324767942758459,0.395099496086306,0.419055705236047,0.459607069785718,0.379998630283617,0.470145872296129,0.381541458675449,0.487629479643588
1585,0.39745572676525,0.325896438696967,0.324849624820419,0.395194871766142,0.419151897545598,0.459737979878124,0.380141110165238,0.470272734313249,0.381625898515855,0.487691837069144
1586,0.397546629694198,0.325953081547073,0.324912598678777,0.395297652086927,0.419272541977279,0.459844006551165,0.380282279833902,0.470364012704734,0.381685397666154,0.487751401092705
1587,0.397619895738376,0.326025284690157,0.324979371761433,0.39539005699453,0.419387629327117,0.459924082954583,0.380407083874634,0.470427512087023,0.381716108146957,0.487771152511668
1588,0.397710940695785,0.326098288760545,0.325053843287368,0.395485399599298,0.419514093353364,0.460032084832459,0.380569789856602,0.470522198369531,0.381768738137965,0.487835080645245
1589,0.397808694557361,0.326185684829124,0.325106600323858,0.395601756492848,0.419649160562906,0.460139703489003,0.38074980052474,0.470605216912719,0.381809392116544,0.487932030748578
1590,0.397908592977634,0.326249660155657,0.325181216403931,0.395712500032532,0.419798818478358,0.460256050925701,0.380932814078497,0.470712004632453,0.381870244797861,0.488021343360254
1591,0.398023255401241,0.326303800585362,0.325296758895938,0.395813016061041,0.419980582253389,0.460418383699693,0.381163714384332,0.470869643617342,0.381970220554449,0.488150914030439
1592,0.398136036677744,0.326363317367187,0.325389983091171,0.395920802976543,0.420133894867118,0.460537931053419,0.381354185490058,0.47099816036291,0.38203983940035,0.48823755120756
1593,0.398243411244171,0.326394766283869,0.325482549912121,0.396042872465596,0.420285563397675,0.460618454346641,0.381505906909364,0.471123893701457,0.38210438143834,0.488281204179977
1594,0.398351776294485,0.32647031877038,0.325559235953323,0.396154519327937,0.420434264169756,0.460730771664495,0.381684626672179,0.471237936127655,0.382162532901389,0.488356946143942
1595,0.398467758604362,0.326586618901731,0.325607073945852,0.396255723010993,0.420550200888868,0.46083171529819,0.381867176365089,0.471325305625609,0.382196352806587,0.488437203688413
1596,0.398583917973999,0.326675697471182,0.325680341027539,0.396368320899158,0.420691701393775,0.460956568811036,0.382049905247262,0.471435921899406,0.38224737931739,0.488508168159636
1597,0.398701099383014,0.32678366783655,0.325765897418534,0.396480084370087,0.420861987033137,0.461141753474982,0.38225514403836,0.471566995296241,0.382302044783919,0.488594263085047
1598,0.398814337018195,0.326866108670956,0.325840475562439,0.396597271316797,0.42101199392328,0.461269212946203,0.38244031500927,0.47166625698463,0.382362687283203,0.48866965984189
1599,0.398931978743037,0.326917688184431,0.32593095298327,0.396725091138026,0.421162118220947,0.461360846223565,0.382601875572961,0.471752481207489,0.382434222417914,0.488724861148502
1600,0.399038640397105,0.326975915378651,0.326000952020102,0.396847015719326,0.421306123050446,0.461471571963688,0.382775348993461,0.471853991412176,0.382496400931389,0.488782112285058
1601,0.399118149680726,0.327016509910116,0.326026951883535,0.396967086247786,0.421417791123469,0.461558395228571,0.382959836100848,0.471929741563211,0.382559271139928,0.488829775132927
1602,0.39923204306732,0.327082005288235,0.326095481282576,0.397095207627673,0.421569569753236,0.461660069505136,0.383127867932359,0.472030431206133,0.382624880441659,0.488907663609579
1603,0.399360778709658,0.327162609514694,0.326190822224223,0.397230063334622,0.421759805602565,0.461797828711291,0.383277154145582,0.472164153092725,0.382680380619978,0.489000477436628
1604,0.399487610245608,0.327233992887631,0.326271912188843,0.397355298134198,0.421911201327578,0.461906497843033,0.383453171271352,0.472290045270974,0.382750421336815,0.489085514990633
1605,0.399658479877848,0.32731898169306,0.326369721083282,0.397482762309255,0.422065077743886,0.461987639316144,0.383635922079543,0.472420193484264,0.382847438127168,0.489198108756385
1606,0.399782773770717,0.327395575877362,0.326453888847334,0.397605962170972,0.422211694364922,0.462088222566907,0.383810479428159,0.472542271564647,0.382910730479174,0.489286539361554
1607,0.399869643573899,0.327456372990378,0.326520293889054,0.397719639183036,0.422313607113309,0.462180201272785,0.38401156419855,0.472668976058725,0.382961007720329,0.489358326498404
1608,0.399972717182225,0.327528474224717,0.32659457390363,0.39783426078476,0.422449798398394,0.462290490124719,0.384185927009242,0.472789049633847,0.383015911206168,0.489422264428422
1609,0.400046863581517,0.327606840124735,0.326657019983236,0.39793977150916,0.422612112125356,0.462432197859057,0.384324780197436,0.472889728883953,0.383028423070662,0.489463201175798
1610,0.400145918968364,0.327684501370534,0.326746586088538,0.398062865368554,0.422771647373102,0.462548946210259,0.384482134781505,0.473006956898273,0.383089861921428,0.489528627079405
1611,0.400279893457278,0.327770596202258,0.326859609958116,0.398194508775485,0.422947713660741,0.462655328488257,0.384638136194796,0.473135269308938,0.383191820447113,0.489594831380628
1612,0.400389860934292,0.327843831779814,0.326954375687519,0.39832459125126,0.423104787802894,0.462771855391017,0.384805327469787,0.473256460719292,0.383276335792436,0.489664867449414
1613,0.400496485147134,0.327920044833859,0.327079897695565,0.398470474658984,0.423265296708356,0.462891353273238,0.384995854999278,0.473379454623419,0.383399172310917,0.489761762687348
1614,0.40060630756745,0.327985470312835,0.327169719112903,0.398612296222055,0.423407908261833,0.463001049847457,0.385168577830305,0.473508100526122,0.383478303099698,0.489844894673081
1615,0.400712007992305,0.328018078410765,0.327201690675445,0.398756542483465,0.423520061454178,0.4631074438846,0.385335466949053,0.473638039613234,0.383514837160201,0.489916715650853
1616,0.400806846140696,0.328080440327943,0.327275045071083,0.398882967621019,0.423648397892204,0.463222969032396,0.385498316453531,0.473764370326212,0.383571779741054,0.489986891036042
1617,0.400880777472217,0.328147654209447,0.327339886429652,0.398990254627885,0.423765668898113,0.463327252887089,0.385642074245107,0.473895437644162,0.383608352883431,0.490049092033784
1618,0.400977590442953,0.328222218282162,0.327434593330099,0.39911342421187,0.423898765814348,0.463433865786276,0.385796418833566,0.474018462599888,0.383662083942809,0.490118957382688
1619,0.401091107197471,0.328339018669858,0.327603936424029,0.399242218700643,0.424065450836644,0.463565496098991,0.385967902300108,0.474137574031656,0.383743678170497,0.490187005716362
1620,0.401185116057998,0.328417264224083,0.327704001545424,0.399356195461067,0.424200291705508,0.463675534973255,0.386122687087651,0.474248583287918,0.383806725272751,0.490262933133785
1621,0.401292967578333,0.328476506789583,0.327774454002804,0.399476528622218,0.424317433201533,0.463764959951268,0.386258047094293,0.474361950508896,0.383860646422443,0.490357638775231
1622,0.401393418207397,0.328539386449188,0.32785743022943,0.399594439420867,0.424447392443552,0.463865288137123,0.386415860067673,0.474462518755181,0.383925294242136,0.4904396933402
1623,0.401447791147256,0.32856680806429,0.327890745269585,0.399681752211098,0.424551756046542,0.463945451934517,0.386582628114932,0.474531665287073,0.383978795399686,0.490520641246417
1624,0.401540278531264,0.328631503833658,0.327962455096685,0.399792661841274,0.424683779353906,0.464060478211651,0.386738654729815,0.474626468322132,0.384054777245915,0.490590432855676
1625,0.401656415623971,0.328724649714317,0.328078800256699,0.399929436278984,0.424855196297878,0.464210476065776,0.386910745137281,0.474728489856933,0.384148954321641,0.490640912749398
1626,0.401772921941368,0.328803533978342,0.328171944911994,0.400050493534349,0.425005840544431,0.464336157796213,0.387069207566074,0.47483020900667,0.38424180707876,0.490705349838386
1627,0.401927978947959,0.328915694589156,0.328275950297596,0.400184829747409,0.425175642874444,0.464481808657261,0.387207094138995,0.474955726412932,0.384374020281652,0.49078045582152
1628,0.40204314511231,0.328979025591245,0.328349755761929,0.400284955992379,0.425302751602365,0.464597761949781,0.387344699740901,0.475058190852613,0.384449796102658,0.49083897858055
1629,0.402125494017573,0.328988124221204,0.328382058063418,0.400346953665549,0.425371803940714,0.46465808457855,0.387464770662707,0.475131940857222,0.384478271278682,0.490881053527091
1630,0.402237824183781,0.329037095477167,0.328452619595729,0.40044001625255,0.425488356064353,0.464772261063683,0.387618584556064,0.475235708722769,0.384542162499504,0.490948682277799
1631,0.40234372579813,0.329060887657388,0.328519601841288,0.400520527923353,0.425614818808362,0.464908868810079,0.387785027517412,0.475338581445636,0.384580807435368,0.491009681292012
1632,0.402453177296906,0.329129656422127,0.328601270194748,0.400620090543382,0.425729402872973,0.465042423145229,0.387953714830006,0.475459906690087,0.384649789750633,0.491086791264484
1633,0.402600488011797,0.329273454303507,0.328726645861971,0.400765730753936,0.425872200964984,0.465228564277987,0.388183683593725,0.475629422239877,0.384778438973873,0.491213410509995
1634,0.402713320028653,0.329363560958676,0.328826147367678,0.400875721335357,0.425998260168806,0.465356080086282,0.388338253699326,0.475753079966057,0.384864698081501,0.491303800348661
1635,0.402774935859764,0.3294342073646,0.328904512023418,0.40095639767186,0.426091461764751,0.465416790826856,0.388429769469803,0.475856419842226,0.384925305127909,0.491376234548808
1636,0.402891238172191,0.329523830627905,0.329000305140176,0.401065361037942,0.426200496816703,0.465539221307739,0.388560264958995,0.47597329764766,0.385001865364318,0.491452395048597
1637,0.403053829089571,0.329611552981089,0.329118218884065,0.401193309164957,0.426326236965571,0.465690582296679,0.388669483586058,0.476065884322783,0.38508278994283,0.491510413369624
1638,0.403161641661914,0.329676989374026,0.329202024380114,0.401286751431828,0.426438867235388,0.465799110068736,0.388786397484081,0.476175119198291,0.385145104811283,0.491575473606622
1639,0.403255810583434,0.32974406131057,0.329267616549076,0.401359256547406,0.426539582168768,0.46591354979266,0.388927950278399,0.47631382422957,0.385208370188133,0.491641413387843
1640,0.403368829879189,0.329813636136893,0.329345038593571,0.401465153143618,0.426646424956425,0.466032372389799,0.38906649758445,0.476428369503331,0.385265031639175,0.491717453507486
1641,0.403468650398022,0.329869294732489,0.32939706623616,0.40156817179046,0.42675940750845,0.46611891161723,0.389205564323491,0.47654740698182,0.385301263266271,0.491818245840705
1642,0.403543062149899,0.329906639015094,0.329468111884953,0.401664992785893,0.42686385252714,0.466205872135498,0.389326645423351,0.476636235753104,0.385335835012739,0.491884331296297
1643,0.403619751957516,0.329939009876724,0.329572927688595,0.401801842742406,0.426962589957918,0.466312121601175,0.389445450152344,0.47667953193337,0.385357239679765,0.491928329519054
1644,0.40371261078349,0.329983056614024,0.329656149332147,0.401911264496118,0.427065288310316,0.46641722622485,0.389571554448692,0.476761919313049,0.385404061057494,0.491988403698004
1645,0.403782889813975,0.330000117333157,0.329727039007826,0.401979978568808,0.42717182870986,0.466503815668512,0.389689543619914,0.476860405156257,0.38545539550198,0.492034038605135
1646,0.403846581801448,0.33003302995791,0.329801303368047,0.402063020723071,0.427261784433074,0.466588401783626,0.38979032260216,0.476930046752984,0.385511705227098,0.4920841067801
1647,0.403940540862905,0.33008842071567,0.329862413742193,0.402154443542266,0.427346399749582,0.466693964118219,0.38989656832966,0.476997594088944,0.385594851535137,0.492143983581736
1648,0.404017357126109,0.330150731060117,0.329939900851011,0.402241688268725,0.427428528541259,0.466783263243416,0.389996426152436,0.477076301258313,0.385665141365629,0.492216966164089
1649,0.404038165151645,0.330214344613163,0.330030640682316,0.402324136706089,0.427490908072183,0.466829112908162,0.390060179419657,0.477118772152798,0.385725423792036,0.492281635525566
1650,0.404101846248232,0.33027812114952,0.330112795013828,0.402403384361989,0.427560964830615,0.466911121046082,0.390144247079283,0.477195018838447,0.385785502379667,0.49236112866881
1651,0.40422451055522,0.330366791471428,0.330212429439183,0.402492663816193,0.427647936382103,0.46703488642701,0.390268884095894,0.477339999018326,0.385852277286469,0.492500182395695
1652,0.404294037550098,0.33043811362914,0.330287914010008,0.402563725882296,0.427715394677121,0.467118579124832,0.390345157741608,0.477427162278768,0.385913364809158,0.492572647976916
1653,0.404327193129047,0.330503787945854,0.330330609872538,0.402603953871293,0.427770388736056,0.467199269327286,0.390393509680153,0.477462668508324,0.385962871463856,0.492578532681876
1654,0.404394050418574,0.330547757680228,0.330401447709662,0.402672633813061,0.427823546261022,0.467263024708796,0.390442619768824,0.477548355303775,0.386019155366492,0.492648714337366
1655,0.404450712565952,0.330567591459971,0.330469040287274,0.402743830179644,0.427876440470693,0.467280033685771,0.390456647530199,0.477639540632794,0.386072891769609,0.492712120481292
1656,0.404516534789695,0.330608199740378,0.330551529191493,0.402824383259332,0.427905068564233,0.467332695182204,0.390494862520458,0.477728175663496,0.386136214832311,0.492798645656576
1657,0.404624354982792,0.330623024411138,0.330660998345901,0.402928870700941,0.427902704890017,0.46737683744812,0.390552432725848,0.477857275927181,0.386188426550273,0.492953311894604
1658,0.404702492348932,0.330678178636804,0.330762388945968,0.40302640700437,0.427932796489664,0.467466282257691,0.390594873496712,0.47796316761695,0.386280389971838,0.493074189343554
1659,0.404751222571602,0.330792733236149,0.33086832984687,0.403130823296643,0.427950769229451,0.46762229915121,0.390646672636294,0.478040679631226,0.386416795588888,0.493174813223422
1660,0.404818074168057,0.330856266397152,0.3309672608106,0.403217978235603,0.427992645685461,0.467716737578392,0.390670673939444,0.478128425835056,0.38652002265351,0.493282572944295
1661,0.40489417826047,0.330909214683789,0.331065347395557,0.403294197433332,0.428099874110587,0.467810450019617,0.390676211474286,0.478234020686111,0.386646583066355,0.493399412752009
1662,0.404957220217859,0.330959704780379,0.33116222551331,0.403380178665682,0.428136845642998,0.467893066093409,0.390673732057451,0.47831443656917,0.386736941402238,0.493502289713162
1663,0.405033313487067,0.330982205205549,0.331259809915853,0.403477932131874,0.428148468420454,0.467941677311178,0.390643913213144,0.478388527530665,0.386787961140433,0.493605295677336
1664,0.405077454248455,0.331016514179661,0.331344890606702,0.40353694339925,0.428148683406045,0.467979308789341,0.390629243433579,0.478437636530096,0.38684367078055,0.493687883999477
1665,0.405096942745339,0.331052215596946,0.331440094620427,0.403580830058358,0.428094719813222,0.468012360915345,0.390627846815492,0.478444872720777,0.386873312279681,0.493749028168882
1666,0.40511292926469,0.331100538312777,0.331496344559204,0.403625226857058,0.428073021682569,0.468048284117738,0.390593441587379,0.478489958811346,0.3869361571552,0.493818062646286
1667,0.405107043064575,0.331156564233765,0.331506464223703,0.4036248934248,0.428059875113944,0.468050510064994,0.390558012415547,0.478538516243867,0.387004478160039,0.493879257839512
1668,0.40510584392571,0.331204373634638,0.331552124875503,0.403660794363406,0.428048462729504,0.468078478423096,0.390495800912789,0.478583066930998,0.38708317845963,0.493935565808725
1669,0.405106575878745,0.331264795550931,0.331576248808416,0.40372616795786,0.428048840005045,0.468138393875847,0.390386187771909,0.478651891098978,0.387198797501143,0.493982473047667
1670,0.405093320499174,0.331315726327864,0.331639504225479,0.403780485736972,0.428038579496119,0.468176244692813,0.390301215493152,0.478702096441791,0.387285808725134,0.494049227690086
1671,0.405069855718995,0.331359370195832,0.331762054506496,0.4038451554012,0.428034014506806,0.468203656264668,0.390216461145269,0.478733137969362,0.387372818120879,0.494111368272691
1672,0.405043811774953,0.331386556425467,0.3318322331536,0.403887040740395,0.428008581809298,0.468232494778709,0.390125581165463,0.478765629600073,0.387431647262158,0.494188643665556
1673,0.404999804720623,0.331394786442465,0.331888004897624,0.403918602895605,0.427958564813224,0.468259164250641,0.390036835632261,0.478799469729707,0.387456489616425,0.494287592205353
1674,0.404973628575585,0.33143064742367,0.331950821887135,0.403951104427621,0.427930822775207,0.468284889083098,0.38994632988575,0.478832157261182,0.387508869878304,0.49439106657159
1675,0.404954435032245,0.331462696220723,0.33198869791001,0.40396273201778,0.427901283611208,0.468310860587632,0.38984084820294,0.478846924669491,0.387541467466096,0.494500498958648
1676,0.404932215610225,0.331498737148316,0.33204486184323,0.40399159968794,0.42787313433969,0.468329052217492,0.389754486439585,0.478884051288092,0.387608104315193,0.494610991848796
1677,0.404928538851624,0.331568960215286,0.332126059755027,0.404039514793381,0.427872814378867,0.468345522549772,0.389680331326809,0.478947386183214,0.387730098822314,0.494752828739262
1678,0.404894473066918,0.331607567354525,0.332185212574192,0.404065139545627,0.427833941353341,0.468353019861379,0.389604172644308,0.478980033710006,0.387793123374724,0.494848011504627
1679,0.404828642549812,0.331619940016869,0.332230236036037,0.404078330467683,0.427756647673417,0.468345326192637,0.389538970938809,0.479011109665478,0.387836352270993,0.494912319505794
1680,0.404798864772332,0.33164363415872,0.332284592154625,0.404104202770278,0.427717134357093,0.468351507098093,0.389463660641114,0.479030017881352,0.387886394606633,0.494993453466314
1681,0.404769226689211,0.331661285207064,0.332325128227417,0.404115736032205,0.427670747722073,0.468345674684408,0.389377764029068,0.47901001477745,0.387893205206945,0.49504359224168
1682,0.404746693632026,0.331691531674062,0.332396833385099,0.404153750112147,0.427648231811233,0.468372352270802,0.389308608402712,0.479033475444617,0.387952833780521,0.495137137825346
1683,0.404753541381905,0.331731992628353,0.332497766128796,0.404228557041866,0.427662756591648,0.468427996579691,0.389255355059602,0.479086718037701,0.388045458370276,0.495273655606456
1684,0.40474356772734,0.33175946412263,0.332571604070869,0.404262781614228,0.427658763476657,0.468466521294418,0.389173987431351,0.479107589740186,0.388136772526756,0.495373871489842
1685,0.404727421479296,0.331793309933519,0.332657957461874,0.40429013773589,0.427659653794086,0.468539793643394,0.38908595089604,0.479137453002448,0.388269837481387,0.495480104038974
1686,0.404701128923709,0.331813214754647,0.332720022628046,0.404311692785632,0.427646218389887,0.468545230609301,0.389003396598081,0.479147126280105,0.388339598335509,0.495566790474646
1687,0.404667883509937,0.331802292058225,0.332744256835621,0.404296124447839,0.427632414840666,0.468493872236724,0.388900799119707,0.479115832828932,0.388377392845159,0.495619861332246
1688,0.404644303431517,0.331834253227335,0.332801637005244,0.404323881143535,0.427600314394354,0.468488992507134,0.388810965539713,0.479120524408129,0.388438302665408,0.495699713230919
1689,0.404605442972995,0.331883715494383,0.332865564508994,0.404378843360304,0.427544987465777,0.468451515947571,0.388734899153449,0.479125606468935,0.388462225792073,0.495789035123617
1690,0.404590192608698,0.331929498313783,0.332935396487645,0.404414822233749,0.427505815173793,0.468475384827824,0.388660652922144,0.479166582043273,0.388532310966069,0.495870006774707
1691,0.404597805063071,0.332003214966016,0.333025353167353,0.404455783329543,0.427463525897149,0.468572551402316,0.38857995771293,0.479245247928119,0.388664908935554,0.495953662315271
1692,0.404598005324052,0.332048690908185,0.33309458863245,0.404500451665656,0.42742223697872,0.468605317721852,0.388510876337587,0.479291677484807,0.38872445613683,0.496037617087789
1693,0.404599502689129,0.332073976187354,0.333152848838151,0.404538059213187,0.427375185604069,0.468627245505602,0.388460261347287,0.479347320910766,0.388744711178122,0.496116547045817
1694,0.404605261801186,0.332113217732312,0.33322662202459,0.404580277187385,0.427360319795654,0.468655633689665,0.388399139525565,0.479400883219791,0.388810516049686,0.496197407164888
1695,0.404619361067214,0.332148455632688,0.333296643221405,0.404632871181259,0.427346542294129,0.468652706697929,0.388325191005773,0.47942248500051,0.388854869862975,0.496281742506526
1696,0.404623407312622,0.332195270998714,0.333375845374968,0.404686414613598,0.427365343850903,0.468688129076201,0.38828080863544,0.479492214141354,0.38894125068694,0.496369185372235
1697,0.404632840931583,0.332270634333534,0.333482745938168,0.404748464846501,0.42745031310745,0.468773134038089,0.388269461538832,0.479616438271801,0.389107649426376,0.496461803235333
1698,0.404620968182582,0.332283318072673,0.333544265157316,0.40477254663019,0.427445077599353,0.468785460262389,0.388196823976678,0.479666506438838,0.389167229815486,0.496533178225332
1699,0.404593983474541,0.332261275919068,0.333582973096519,0.404783004520786,0.427414444954897,0.468765167416358,0.388118194459049,0.479699005600331,0.389178242662696,0.496595991033031
1700,0.404569782371292,0.332278016852175,0.333635109153213,0.404808056938094,0.42738699404846,0.468777293026924,0.388021989145236,0.479732461630648,0.389222681897973,0.49667238589182
1701,0.404530813989113,0.332271140592308,0.333665334129265,0.404805767293728,0.427306245538858,0.468764890521759,0.387864925785602,0.479718623713253,0.389225379165108,0.496731715102791
1702,0.404509446617994,0.332285035486396,0.33372334050383,0.404826517025882,0.427276799344065,0.468769934101055,0.387770935160409,0.479754558472016,0.389275245445061,0.496819594723456
1703,0.404496146555389,0.332337216195342,0.333799333993521,0.404869867638606,0.427282839564487,0.468807076171875,0.387702415596067,0.479826098395275,0.389362047393325,0.49693638939751
1704,0.404478290946918,0.332377227399618,0.333877283557675,0.404921004875152,0.42726274219357,0.468829901686904,0.387632615287703,0.479867347261933,0.389451760013285,0.497038015433686
1705,0.404463836454398,0.332402785931537,0.333968818881599,0.4049694363028,0.427238386953968,0.468832034916168,0.387574801878117,0.479901193708148,0.389550012301968,0.497135201968587
1706,0.404445885039159,0.332430884546502,0.334032002645119,0.405027568678915,0.427215141373241,0.468858452285415,0.387525670923735,0.47994878027949,0.389639829680744,0.497246364195004
1707,0.404424806766331,0.332483753252272,0.334097767444457,0.405115238783254,0.427190949675439,0.468917877469356,0.387493114945024,0.479997903822698,0.389759051163415,0.497373151910142
1708,0.40439568624417,0.332489364984228,0.334128988512313,0.405183547635643,0.42715972067705,0.468934444614003,0.387442950289645,0.480029971524235,0.389819277136939,0.497447082368315
1709,0.404384887997604,0.332487880009518,0.334150271003035,0.405224953648702,0.427120329310239,0.468922140330764,0.387380554449762,0.480072404359818,0.389855713130692,0.497551335433618
1710,0.404364750363018,0.332515481862738,0.33419740917384,0.405236860078687,0.427079636971635,0.468919085833913,0.387302503055663,0.480113426906508,0.389892464246618,0.497610482136846
1711,0.404355316625152,0.332533638174904,0.334256008708916,0.405288249478357,0.427054173835659,0.468915337760155,0.387225215193,0.480168600004853,0.389949710750529,0.497669384947736
1712,0.404295921385356,0.332526783528884,0.334301543157232,0.405309991140257,0.427002566439537,0.46890189135185,0.387143167553872,0.480203641908419,0.389990300759064,0.497753822266676
1713,0.404216338146783,0.332516773352782,0.334325908007422,0.405293734258387,0.426934482675078,0.468896505868856,0.387052696832669,0.480191854542663,0.390001359792496,0.497814315950118
1714,0.40419920969631,0.33250078596955,0.334375630329157,0.405321716937583,0.426917419922098,0.468916887535661,0.386978738287762,0.480200188346365,0.390044458655264,0.497933315918158
1715,0.404150137825001,0.332488420491604,0.334416955787791,0.405331208773065,0.426876777580814,0.468915556900173,0.386897370765504,0.48019046584292,0.390083336031586,0.498050410609851
1716,0.40415306422801,0.332515892314924,0.334461539710428,0.405313704715941,0.426829241428305,0.468903320732193,0.386837291344249,0.480200006325195,0.390127253236097,0.498113500647021
1717,0.40412730261269,0.332510358172159,0.334512475232901,0.405303678339494,0.426789563586852,0.468898489848346,0.386772021961604,0.480199134994662,0.390186153468076,0.498190085976796
1718,0.404026970038584,0.332461266649608,0.334541951054421,0.40526687689551,0.426697214774153,0.46886145181447,0.386675886776732,0.48012471515063,0.390246324179405,0.498211564181763
1719,0.403973158612611,0.33244376519361,0.334583404177168,0.405245517407802,0.426641642981281,0.468838751799837,0.386617392839682,0.480115159351557,0.390297838676735,0.49826292965327
1720,0.403960762752253,0.332440291231219,0.334644496905592,0.405242827809911,0.426637227287428,0.468821924665029,0.386594906481384,0.480158483048854,0.390365849631589,0.4983853340604
1721,0.403920504972785,0.332421579837739,0.334707085247642,0.405240166988348,0.426615993506837,0.468832221361441,0.386556174244856,0.480192180791124,0.390429225327396,0.49845385638484
1722,0.4038779084063,0.332411299182159,0.334779476720766,0.405236551788168,0.426603141777155,0.468883343904168,0.386535036925903,0.480292042066284,0.390472560486164,0.498474136635447
1723,0.403843809361174,0.332405672366376,0.33483570057101,0.405238601915732,0.426577843737244,0.468894167517934,0.386509633545052,0.480325892320148,0.390520878506904,0.498525082864656
1724,0.403783032178962,0.332377169873431,0.334897056935501,0.405253760438572,0.426534459583031,0.468896818771738,0.38644513958988,0.480284591680583,0.390578008712102,0.498555931271774
1725,0.403744600215132,0.332358096623941,0.334940318191925,0.405254524396793,0.426501331056484,0.468914272737483,0.386420634159933,0.480292928237959,0.390628217360977,0.49860383775141
1726,0.403727265012337,0.332356880375367,0.334945012734817,0.405239354333957,0.426450453507646,0.468899852100024,0.386432096379255,0.480298994719209,0.390671577063603,0.498684331322005
1727,0.403728568056441,0.332362485024347,0.334980267761878,0.405252823759652,0.426434933879274,0.468908740962487,0.386441917149004,0.480309444020684,0.3907237215482,0.498769783202618
1728,0.403753266000567,0.332371316414208,0.335027538783161,0.405278125246263,0.426446835545594,0.468960787641208,0.386456152106764,0.480364287224937,0.39078064351297,0.498867537579937
1729,0.403770749856967,0.332379083857295,0.335071789960601,0.405300199387954,0.426465384835188,0.468998013874192,0.386503795900667,0.480392970540378,0.390835736007973,0.498956472553034
1730,0.403819634854288,0.332410452882706,0.335144815977322,0.405347453562983,0.426520371634538,0.469029723252897,0.386576289987452,0.480383916898844,0.390895763006403,0.499064457585187
1731,0.403827368303086,0.332413115518363,0.335186501157964,0.40537801388227,0.426551219279019,0.469056566228605,0.3866389652056,0.480402827671223,0.390947402885583,0.49914342274061
1732,0.403781421611774,0.332387911208561,0.335197338961146,0.40537582224401,0.426550256210239,0.469074662723854,0.386710845237076,0.480433454767043,0.390987506839026,0.499168848326745
1733,0.40378641754269,0.332380983041102,0.335225122668147,0.405408964019744,0.426592953333423,0.469103814103964,0.386805723476767,0.480467215029253,0.391041316986576,0.499244875493989
1734,0.403788099272443,0.332357572749013,0.335217857802424,0.405442473208464,0.426660219176318,0.469109229623482,0.386903373848876,0.480500977682689,0.39110083439776,0.499340204301463
1735,0.4038263959797,0.332361071559447,0.335271703459472,0.405508457330435,0.42671342555947,0.469160228646901,0.387012308485535,0.480558885826609,0.391154826068254,0.499433980939003
1736,0.403935554880167,0.332405149572158,0.335395039017667,0.405632267518606,0.426795135579634,0.469271559731802,0.387174164068442,0.480648184116576,0.391218978544166,0.499593594879995
1737,0.403995899750799,0.332408459591023,0.335462280825625,0.405714526998509,0.426861067056324,0.46934151315317,0.38730048837279,0.480709758126352,0.391272459129126,0.499674531263064
1738,0.404059345018792,0.332405227312399,0.335555617488754,0.405816706863441,0.426890776760339,0.469423435548935,0.387412458438212,0.480784448161081,0.391321559729365,0.499700648319379
1739,0.404093293294075,0.33240218735384,0.335601864210131,0.405875766825378,0.426960713880814,0.469483943894719,0.387511542938897,0.480840082923738,0.391356741329028,0.499741628744758
1740,0.404068792030104,0.332357479050093,0.335546124208212,0.405862233768085,0.427061349975057,0.469486209670413,0.387570808277,0.480844621006244,0.391364485331691,0.499719578775757
1741,0.404095128039149,0.33235731327939,0.335587299447662,0.40590987521722,0.427143280038761,0.469539102066144,0.387671647397618,0.480897733396499,0.391406196905697,0.499769792860679
1742,0.404130851864159,0.332391501764532,0.335679694847146,0.405978493656749,0.427246531669721,0.469621102959003,0.387791477678723,0.480979211675535,0.391453384094586,0.499875530859239
1743,0.404177283561136,0.332408666855142,0.335734772224133,0.406032198669875,0.427307595277383,0.46968783217417,0.387898182074543,0.481048329367892,0.391509303756428,0.499945524973465
1744,0.404254724660911,0.332438444380063,0.335825792727877,0.406113469301099,0.427321260107079,0.469780566449915,0.388029014025268,0.48114601262558,0.391596779994054,0.500029684444913
1745,0.404332222997323,0.332466280024917,0.33588856224566,0.406183041503315,0.427391489941034,0.469847190939699,0.388145713554198,0.481214839694232,0.391668831581005,0.500113341975486
1746,0.404414596625446,0.332481178136353,0.335897361823267,0.406202601597636,0.427468798864754,0.469886767821743,0.388240738452123,0.481249591633557,0.391731296600063,0.500176141696494
1747,0.404484937901523,0.332514210842019,0.335950750629813,0.406276701946688,0.4275494632753,0.469942339587142,0.388334966561135,0.481314628178626,0.391797566354151,0.500261398842414
1748,0.404568734277081,0.332549604717659,0.336030247227312,0.406398869432018,0.427668989314983,0.469987761825733,0.388430371032425,0.481379686418256,0.391871371641592,0.500370949375527
1749,0.404621852822851,0.332601363122716,0.33609346127346,0.406486799580595,0.427746794026271,0.470034300619386,0.388520400603127,0.481444596874802,0.391920171489101,0.500455874298099
1750,0.404659664949963,0.332683708768512,0.336156907221549,0.406598091503073,0.427805901121172,0.47008712584413,0.388604228206212,0.481530877510897,0.391952930105234,0.500537152920175
1751,0.404691493391995,0.332724920461812,0.336227526078399,0.406676933445427,0.427856408335079,0.470159125413218,0.388685171593738,0.481607926994144,0.392010900320052,0.500612607813775
1752,0.404695738191424,0.332745174251468,0.336301701477034,0.406716216693087,0.427885460723273,0.470246661700139,0.388764456324329,0.481672943253565,0.392069134481585,0.500666424421492
1753,0.404734784899743,0.332813508368607,0.336378747504582,0.406784413429563,0.427961129056058,0.470327066269981,0.388857735226078,0.481754055631614,0.392129962194917,0.500771793770687
1754,0.404772623192109,0.332890339616432,0.336469156532507,0.406841559720776,0.428040604549432,0.470421530680172,0.388948698550618,0.481851347171842,0.392208876974228,0.500905419868807
1755,0.404811199571075,0.332946802673117,0.336495439810242,0.406924461432174,0.428119211934228,0.470459589840336,0.389005063489559,0.481922344925109,0.392237666795282,0.500982859166269
1756,0.404876621477208,0.33301122739176,0.336532780121958,0.407008498735549,0.428197927920901,0.470478530767384,0.389063378009267,0.481971707378628,0.392265603150141,0.501058693204043
1757,0.404896835211753,0.333020948002285,0.336596678782291,0.407051824630867,0.428207235641677,0.470459444133636,0.389089489853388,0.482021618030434,0.392277496947325,0.501103131785883
1758,0.404932142103058,0.333026900085945,0.336698718236597,0.407164270431613,0.428255094866302,0.470531960708269,0.389184405256591,0.482098108610698,0.392364111999819,0.50118024818005
1759,0.404974696737694,0.333067279649736,0.336809748930437,0.407257973742465,0.428316567666139,0.470634341262926,0.389298249849277,0.482133118573296,0.392472024154576,0.501265893943399
1760,0.405035236963056,0.33313342621752,0.336894026694622,0.407332374109643,0.428397103097043,0.47071375286429,0.389416875852913,0.482179922685955,0.392529321996925,0.501360008739855
1761,0.405087001667498,0.333203697241279,0.336923893907502,0.407445516645999,0.428479422632051,0.470815346024152,0.389534575757104,0.482235165637151,0.392613949956143,0.501460873714644
1762,0.405143395408255,0.33326145468414,0.336940035342071,0.40755469954602,0.428549165472488,0.470873257776166,0.389637173714144,0.482271944786011,0.392690233505174,0.501538383934731
1763,0.405234724408245,0.333318504196833,0.336987019978552,0.407679482911507,0.428669413409999,0.470901577667457,0.389729850735164,0.482339628890499,0.392709400521933,0.501618538485491
1764,0.405281240268093,0.333374463959929,0.337059365887718,0.407806893323886,0.428744528632844,0.470961534050914,0.389838565716,0.482413468169925,0.392776405566482,0.501704107526694
1765,0.405320670000354,0.333420807973459,0.337129201534657,0.407936429967183,0.42880595951516,0.471016274815875,0.389994213778858,0.48246874408096,0.392858780309221,0.501730845587437
1766,0.405379509649959,0.333461509977614,0.33720007737451,0.408056698692961,0.428901729066929,0.471092970414187,0.390128922983966,0.482526595692895,0.392906490434424,0.501793476830752
1767,0.405405084508214,0.333519602303813,0.337276072855955,0.408119299911237,0.428959276100341,0.471199360637201,0.390284081382995,0.482626633600929,0.392976206633885,0.501897855446209
1768,0.405438938939987,0.333590041265215,0.337333384793224,0.408177878543133,0.429029213559464,0.471284986875955,0.390465712030804,0.482723348832278,0.393070919678922,0.501981355960241
1769,0.405542300978028,0.333687270829355,0.337416624658173,0.408252228652281,0.429147273488766,0.471387754523074,0.390586385548424,0.482835349077433,0.39317400525947,0.502138533767032
1770,0.405646928798762,0.333775401049428,0.337529170075571,0.408318032340091,0.429286303461021,0.471505481401761,0.390708213999496,0.482967087569273,0.393260109084287,0.502257533061634
1771,0.405700172381843,0.33378741220978,0.337600741153976,0.40845762290316,0.429420390852976,0.471574295899644,0.390838889589239,0.482995358150064,0.393340381706307,0.50234032376841
1772,0.405778935341951,0.33383701857782,0.337704197915913,0.408591291575507,0.429541233421639,0.471668568181975,0.390982695482046,0.483099880125419,0.393432443980703,0.502442659538421
1773,0.405821434137476,0.333872658226688,0.33784350965353,0.408744237932522,0.429648968894046,0.471771379032799,0.391171991142961,0.483263645327517,0.393521863378916,0.502528144579664
1774,0.405898734490707,0.333908069531488,0.33793437861081,0.408869002896395,0.429757290230306,0.471862457978148,0.391323172347828,0.483350709187549,0.393595920065982,0.502608217629407
1775,0.40604892014024,0.333983409729241,0.33803169463647,0.408982074227612,0.429870125653381,0.471980562762006,0.391448343917169,0.483442104526177,0.393671285592116,0.502681306624901
1776,0.406147801659649,0.33404081344816,0.338114211465654,0.409082482330393,0.429962525093417,0.472065996913467,0.391583942276097,0.483528713155675,0.393749379427054,0.502766810354778
1777,0.406222318191375,0.334052003908016,0.33811472261283,0.409152016606073,0.430040557902709,0.472104763083911,0.391719143176074,0.483521137047145,0.393811882741664,0.502843831483966
1778,0.406312941902514,0.334102913290872,0.338192205056479,0.409248891500334,0.430134701002917,0.472188835600331,0.391843660681207,0.48358746201527,0.393871383303729,0.502934382778389
1779,0.406384135383816,0.334183152000875,0.338328283994215,0.409345622429109,0.430215830879789,0.472272563613103,0.391965040562362,0.483727939564793,0.393938856527616,0.503061396619403
1780,0.406464142721792,0.334260640118949,0.33842232442274,0.409462124632758,0.430319076136599,0.472369927066638,0.392093157102253,0.48383530945527,0.394008029123728,0.503185194849399
1781,0.406564745728322,0.334352623834753,0.338543520669777,0.409601402315957,0.430440787107535,0.472517827708986,0.392193369424103,0.483947314339123,0.394051379540873,0.503299396024007
1782,0.406657030959177,0.334437686499421,0.338634450577529,0.409738646075434,0.430546936884769,0.472632594103955,0.392325867698362,0.484050833288297,0.394133444168658,0.503428202804554
1783,0.406742073966932,0.334540957613935,0.338678597475384,0.409884541276984,0.4306570834732,0.472728951615561,0.392503185950312,0.48415980831784,0.394251281410146,0.503581025645478
1784,0.406824971277903,0.334599939013859,0.338743869724418,0.410038989391219,0.430756829759157,0.472831581564096,0.39262577580364,0.484244024764065,0.39435055841489,0.503697485734739
1785,0.406910331285873,0.33462836347863,0.338804498282552,0.410202238005379,0.430856656174606,0.472930175723078,0.392732547816112,0.484291275965395,0.394473011565086,0.50381038137896
1786,0.406991540092214,0.334677970121156,0.338880901923271,0.410360160587606,0.430957615084531,0.473017623924902,0.392850357642404,0.4843786801161,0.394548151258457,0.503906406938045
1787,0.407044584545425,0.334698955079761,0.338971300272709,0.41051999837787,0.431045223301746,0.473097143592679,0.392925032623232,0.484468127444708,0.394580226642669,0.503953536417254
1788,0.407134574644759,0.334742061043147,0.339042068956205,0.410665032032911,0.431132424373014,0.473174434292333,0.393058032032461,0.484539424113723,0.394654526561558,0.504038313424996
1789,0.407276317502777,0.334810643035212,0.339123801724277,0.410820442610641,0.431215121966139,0.473235354770477,0.39324010570085,0.484630881652533,0.394721998739849,0.504140513482593
1790,0.407333605303996,0.334863465858696,0.339198561207985,0.41092447269528,0.431303008305968,0.473329196511882,0.393396398857476,0.484712966255574,0.394824566547453,0.50424453109996
1791,0.40740563347873,0.334955122623241,0.339246025130407,0.411039208714488,0.43142413566049,0.473437691078742,0.393568862964429,0.484811746548892,0.394929351794674,0.504368263060563
1792,0.407484879090016,0.335035937988936,0.339321076910739,0.411215316676287,0.431585772696194,0.473540578890545,0.393780179763758,0.484942222256102,0.395050602526182,0.504510819781868
1793,0.407504257983048,0.335077108395058,0.339388452107963,0.411348416808278,0.431736144008393,0.473637781245029,0.393938585767322,0.48506815875478,0.395130685878894,0.504584083295119
1794,0.407604726426012,0.335123441503032,0.339430518191965,0.411436681778733,0.431834433354476,0.473709688940746,0.394054032757377,0.48515852973153,0.395155271211976,0.504653037642091
1795,0.407760502298905,0.335138622655025,0.339512563388224,0.411606363978751,0.431934120422916,0.473812689851115,0.394207586775232,0.485242733334732,0.395241689427679,0.50479821153069
1796,0.407848236296117,0.335156064915267,0.339610157661057,0.411762102456565,0.432037789527628,0.473925445696388,0.394339957707202,0.485342275023396,0.395295972480301,0.504903064250779
1797,0.407924173854497,0.335241310836453,0.339712532853761,0.411875449755243,0.432117384254851,0.474023048645807,0.39448482945082,0.485434262572023,0.395342994364678,0.505009527512159
1798,0.408009132703222,0.335304550772729,0.339831137524194,0.412079711907709,0.432239932412535,0.474152075136122,0.394675063394987,0.485565738546367,0.395512814766814,0.505162198670509
1799,0.408076061627655,0.335370602093684,0.339933362410865,0.412233927167344,0.432369874564847,0.474256162701357,0.394827153775563,0.485700165318042,0.39563426849583,0.505264255831992
1800,0.408185143280015,0.335465735858979,0.340029904341573,0.41234261972289,0.432460744069585,0.474387135303959,0.394963790830147,0.485804430890805,0.395731265468521,0.505361819401762
1801,0.408185143280015,0.335465735858979,0.340029904341573,0.41234261972289,0.432460744069585,0.474387135303959,0.394963790830147,0.485804430890805,0.395731265468521,0.505361819401762
1802,0.408449285377005,0.335686235882879,0.340260755478462,0.412627134953009,0.4328172132912,0.47473625614899,0.395325305860986,0.486214711139122,0.396060541227676,0.50582603787905
1803,0.408728418509088,0.335924540633669,0.34051640119112,0.412839007754701,0.433228120492917,0.475081189695639,0.395688757977469,0.486648356198072,0.396440014783427,0.506314592536686
1804,0.409033699836307,0.336271564464308,0.340750485153717,0.41318302087596,0.433685937760042,0.475531467097393,0.396080066643656,0.487156066643412,0.396858841062849,0.506834232313372
1805,0.409442099265818,0.336690158530903,0.34098028999879,0.413652273948032,0.434103728192154,0.476068097622927,0.396528615698892,0.487761419279567,0.397250886166587,0.507346734187638
1806,0.409773053983143,0.336952086324687,0.341275544247816,0.41399030671636,0.434463811162762,0.476450844266932,0.396904034585957,0.488301064817876,0.397653331637962,0.507841622054625
1807,0.409944872893734,0.337079698957754,0.341585284251166,0.414217125703261,0.434794137283823,0.476690704511265,0.397257121154564,0.488616733091715,0.39796728925736,0.508259191099087
1808,0.410232998063628,0.337331857590995,0.341811153396001,0.414532631469764,0.435117354352435,0.477069230310769,0.397681667287442,0.488913338770233,0.398294771029065,0.508621561623889
1809,0.410496479939528,0.337573247731897,0.341932655690176,0.414821237603461,0.435420158769092,0.477457654222477,0.398048976950965,0.489220024466027,0.398613269429751,0.508956142354898
1810,0.41070366571916,0.337718363738765,0.342097498870076,0.415056131298477,0.43574324227141,0.477800036561469,0.398359856918952,0.489518463028447,0.398839824642933,0.50938106603597
1811,0.410915414737158,0.337882435375215,0.342276520634239,0.415295091525934,0.436065038285766,0.478087030068204,0.398677290293873,0.489817347559157,0.399100669567836,0.509729056811748
1812,0.411175860670072,0.338115804121969,0.342472226885395,0.415604249533796,0.436399392571956,0.478436369721134,0.398996386646361,0.490208030936086,0.399379018221829,0.510079570687451
1813,0.411384519157556,0.338313238174289,0.342599172999955,0.415855658576825,0.436652528265737,0.478587251152538,0.399230994914858,0.490563051377641,0.399615012507762,0.510260169406538
1814,0.411602128108448,0.338419539845952,0.342773112162443,0.416010819771612,0.436845557553154,0.478671354263799,0.399461623923322,0.490796052953462,0.399790997179935,0.510440594177529
1815,0.411783920315099,0.338529825051974,0.342932705032032,0.416124132467362,0.43699427639965,0.478850135396861,0.399732407909606,0.49093871821238,0.399985628001798,0.510650144216308
1816,0.41186270285349,0.338674462996503,0.343039843640924,0.416257768638009,0.437139141466516,0.47900343943051,0.39991535384254,0.491035898920892,0.400107305716586,0.510834275632333
1817,0.412017923170638,0.338841887841554,0.343176332513284,0.416460500614955,0.437398838998082,0.479219764415956,0.400139250098469,0.491192537772126,0.400243313396636,0.511012390395532
1818,0.412144756993151,0.338926237830423,0.343225155222957,0.416571352880771,0.437615557237001,0.479459422904012,0.400392634072393,0.491353262154508,0.400396556436251,0.511139904159965
1819,0.41218522232153,0.338914234324981,0.343272203480498,0.416636339893479,0.437728819881842,0.4795856538996,0.400565554775116,0.491437777514901,0.400520720398946,0.51129241096722
1820,0.412327112268046,0.338953908115016,0.343432360747804,0.416756058512464,0.437911347661216,0.479722041572912,0.40075533627693,0.491571597436497,0.400654944925875,0.511481252717099
1821,0.412500871501482,0.339067971344782,0.343539691697489,0.41688546901413,0.438113420574571,0.479897978616497,0.401003090298104,0.491749831477262,0.400788604269041,0.511608807139571
1822,0.412762878483709,0.339200537124185,0.343635717877579,0.417014799478466,0.438271054178646,0.480112379776889,0.401267684463629,0.491977591953363,0.400902264546992,0.51172745876679
1823,0.412960783519691,0.339333251967042,0.34373699199934,0.417172850615696,0.438424008641291,0.480281324302185,0.401535576282987,0.492155102767009,0.401038508192921,0.511918477662913
1824,0.413064211252951,0.339444186941863,0.343890656524228,0.417296511978549,0.438604072708934,0.480427546361971,0.401731163825443,0.492306990625365,0.401167322779515,0.512130891991411
1825,0.413127330857807,0.339535655330035,0.34397902632902,0.417336260115202,0.438730213241902,0.480589638960203,0.401901030730017,0.492447769856411,0.401250399062825,0.512252960091113
1826,0.41320012974142,0.33962633742749,0.344015305591923,0.417378081230459,0.438868508707016,0.480726729895101,0.402115922475884,0.492592818204334,0.401312493784831,0.512335309314142
1827,0.413385940508114,0.339704719778317,0.344121649757259,0.417546416529869,0.439111615202018,0.480889227894922,0.402345703808138,0.492773790919066,0.401428440087954,0.512516072894198
1828,0.413595778554167,0.339780336219127,0.344241196426748,0.417715018427077,0.439324333757432,0.48104705877603,0.402604557239366,0.492896938701186,0.401578059358212,0.512747307390167
1829,0.413720289788374,0.339873257789175,0.344303605365891,0.417843427060727,0.439493605898313,0.481146279831972,0.402833383190926,0.493014264112039,0.401706766405209,0.512864773538154
1830,0.413872666367314,0.339988075034086,0.344386234967829,0.417986885161906,0.439692944019596,0.48128828205252,0.403065057271767,0.493174215895079,0.40181726478839,0.51294858166106
1831,0.414018713716797,0.340054565928017,0.344501615252095,0.41813045798831,0.439833516738989,0.481440839144805,0.4032404130193,0.493329779407115,0.401942039272558,0.51304365362615
1832,0.414059740974892,0.340107531179343,0.344607865008896,0.418195173769646,0.439904010680603,0.481548465706943,0.403392064098092,0.493400785273424,0.401986346444997,0.513177518824478
1833,0.41413387926989,0.340272607809414,0.344663420358205,0.418296312473828,0.440118087767814,0.481668511124675,0.403620864739385,0.493571253146467,0.402047418453068,0.513272612881488
1834,0.414342487325418,0.340470264812495,0.344755528614571,0.418416232451231,0.440422450509816,0.481876066600662,0.403904534988966,0.493795252092104,0.402152930681923,0.513324585644818
1835,0.414525085192364,0.340568878931747,0.344848179712775,0.418519761930863,0.440571945872687,0.482037751334252,0.404082098217816,0.493902882894076,0.402253154924751,0.513433067850077
1836,0.414690969414299,0.340546889393635,0.344960065336253,0.418633244323494,0.440650921419638,0.482099913588065,0.404160800490882,0.494007416363051,0.40236267806698,0.513574160389177
1837,0.414739450713193,0.340547451899058,0.345039375830077,0.418736335583373,0.440759982613805,0.482124253810963,0.404276217331682,0.494134398655367,0.40245265713574,0.513665771650763
1838,0.414717645886541,0.340694250542364,0.345076937994552,0.41890019315767,0.44087830234504,0.482240543923789,0.404461132012501,0.49427728366692,0.402582581020984,0.513798349245212
1839,0.414812117372353,0.340799315305187,0.345151775506846,0.419016616992351,0.441036381475866,0.482399467544569,0.40467053765338,0.494429259081067,0.402693214915738,0.513910951374889
1840,0.414912002672995,0.340940636333898,0.345233453741858,0.419060751372331,0.441287409388264,0.48261492311189,0.405015929935639,0.494601285967275,0.402795524519919,0.514062032040162
1841,0.415001053773264,0.341044496164057,0.345290353235109,0.419164777170727,0.441448869894599,0.482783372536585,0.405244914599822,0.494751245818687,0.402914659901829,0.51422241001709
1842,0.41513818533056,0.341149192761998,0.345335183275649,0.419256729313712,0.441559354919166,0.482992661789185,0.405418352824074,0.494879554172544,0.403029870063202,0.514361146305019
1843,0.415361213590398,0.341210906190403,0.345423749461932,0.419434265176365,0.441721061595254,0.483210951027856,0.405617246397128,0.495057906398848,0.403152021793016,0.514498375774308
1844,0.415501381733174,0.341243154233439,0.345535332811552,0.419636483349562,0.441937662186925,0.483348746640122,0.405818411119744,0.495276521939244,0.403332746681604,0.514651285232152
1845,0.41558431784143,0.341385108373454,0.345639329929492,0.419822502422247,0.442118472805069,0.48347242339004,0.405978458568023,0.495448494978757,0.403535362258575,0.514874242887555
1846,0.415741641028891,0.341545884481927,0.345774734484342,0.419994209782772,0.442303096797531,0.483658648207213,0.406196539286168,0.495601250714186,0.403646734279782,0.515081461996351
1847,0.415910570571475,0.341637525900734,0.345919130052671,0.420169112054371,0.442491884205044,0.483838860941938,0.406412688417369,0.495819752641979,0.403745484860924,0.515223047166899
1848,0.416020569078492,0.34175852887134,0.346046631551443,0.420300204363067,0.442662543034753,0.483995551564321,0.406560226669884,0.495987668257106,0.403882887198754,0.515368082534704
1849,0.416040752812538,0.341918506275865,0.346138733508318,0.420384860236457,0.44276247564638,0.48414517742639,0.406628621990536,0.496057450629568,0.403999095878618,0.515524805920617
1850,0.416139067978513,0.342021791774901,0.346240351622787,0.420510876285636,0.442880804405407,0.484281085050441,0.406760670993533,0.496210349769585,0.404119928735134,0.515683551784351
1851,0.416245641677874,0.342111818416183,0.34636196970186,0.420658722023888,0.443023959034562,0.484409848475326,0.406903064664508,0.496418290386145,0.404269769378837,0.515820231831994
1852,0.41638376041389,0.342169602238029,0.346470530498491,0.420739333183598,0.443159488052869,0.484513740694913,0.406999820968097,0.496639587008988,0.404450479132262,0.515968547574767
1853,0.416495847169786,0.342204768763787,0.346537742548535,0.42081602684895,0.443287078793174,0.484632112792325,0.407093780285695,0.496720543809408,0.404629947024878,0.516069259919652
1854,0.416542863456074,0.342284056936836,0.346555290607591,0.420872128376577,0.443387420450933,0.484682597147982,0.407207186228445,0.496788925529328,0.404705951066436,0.516141053745571
1855,0.416504792367746,0.342371109274414,0.346543696228956,0.420938101739342,0.443444045726813,0.484683032668667,0.407259818157868,0.496957137713613,0.404776776543955,0.516314881976989
1856,0.416481459746599,0.342413969288807,0.346584212839655,0.421012779706664,0.443459552154693,0.484651509368266,0.407278320673573,0.497014751749591,0.404911305762251,0.516415769747458
1857,0.41648644857491,0.342495977016379,0.346640652358744,0.421077924305181,0.443539330064942,0.484690546368793,0.407313088228857,0.497090605059964,0.405019246788306,0.516466764576091
1858,0.416565172635501,0.34263099454438,0.34672567231298,0.42121268930642,0.443645132571055,0.484758612924532,0.407420596845356,0.49726856953545,0.405120808592892,0.516542221757934
1859,0.41651941176503,0.342684491580004,0.346770231491623,0.421264061326082,0.443671863952419,0.484784985857989,0.40739176214664,0.497354053981664,0.405174625933619,0.516621882765258
1860,0.416405553757735,0.342705178735367,0.346849249289532,0.42121573772613,0.443734183644322,0.484904734653047,0.407252663607239,0.497342640575729,0.405196690450855,0.516608615376401
1861,0.416337354951964,0.342743103757225,0.34687678248672,0.421220754964475,0.443744511703478,0.484890139657597,0.407164888975544,0.497334797328046,0.405229210110108,0.516612877261044
1862,0.416255872820695,0.342802900860594,0.346874085157973,0.421247164700631,0.443708590544853,0.484771012037863,0.407062294897365,0.49733255982668,0.405209378731222,0.516708412534464
1863,0.416103892575105,0.342726029384568,0.346805361300571,0.421226883723268,0.443533272682346,0.484590106749577,0.406910077302249,0.497258633589216,0.405204474978022,0.516703548929511
1864,0.415958727586853,0.342611792576054,0.346764331092494,0.421169133137246,0.443367762503871,0.484449869804635,0.406719839901025,0.497138691673869,0.405205143438424,0.516566964626763
1865,0.415831196268906,0.342601009834513,0.346768307605543,0.421177685945558,0.443243935551666,0.484338639542103,0.406536834712331,0.497086092376186,0.405230797511373,0.516480689911906
1866,0.415667591331602,0.342570358672799,0.346707512145795,0.421131363690848,0.443095880639388,0.484211420927741,0.406356707546364,0.497001619166495,0.405253322490713,0.516437216985215
1867,0.415399503952618,0.342512350548892,0.346593536499678,0.421030934638432,0.442912928943637,0.484129892955041,0.406163850802326,0.49692549180404,0.405253139357141,0.516448899265181
1868,0.415186707543238,0.342438068802597,0.346529251133166,0.420925523379977,0.442699127521513,0.483969249368289,0.405883171790629,0.496755896370625,0.405219051592046,0.516345549796453
1869,0.415077249403992,0.342371979245054,0.346474881637784,0.420808356725738,0.442499633959256,0.483753221780343,0.405600699123359,0.49652548316085,0.405226610201903,0.516228100678006
1870,0.414828491315856,0.342331728223434,0.346388067627584,0.420687321941432,0.442266398775982,0.483542933322581,0.405281510538503,0.496345821624424,0.405190146707015,0.516122028399874
1871,0.414479860088504,0.342306115364706,0.346288332978698,0.420554842449372,0.442018301056937,0.483330875677035,0.404904401790175,0.496115592064913,0.405093174373582,0.515947717930571
1872,0.414155573567624,0.342210487336485,0.346225075738774,0.420385388905175,0.441637761245754,0.48303954154537,0.404411243328957,0.49589826547424,0.404960119900446,0.515762700438381
1873,0.413797725283801,0.342086232309904,0.346158579987673,0.420172043914325,0.441317175991414,0.482778257527126,0.403969995596815,0.495811182728827,0.404913591907786,0.515680424117008
1874,0.413444282802093,0.342003778193762,0.345974648042269,0.420020285337022,0.441010793971383,0.482577929260831,0.403543366799959,0.495622110585926,0.404840368258952,0.515534944466993
1875,0.413090309640634,0.34184939458777,0.34580826425869,0.41984673414786,0.440521059357154,0.48221995638537,0.402959151378498,0.4952982088867,0.4047315764396,0.51527869383363
1876,0.412720614214419,0.341689069047868,0.345775556154686,0.419639212802569,0.440047279410215,0.481895489824597,0.402386927773084,0.495085107995799,0.404707366659359,0.51510606569815
1877,0.412306003350917,0.341539527800707,0.345648631425563,0.419421961491748,0.439605541245554,0.481544853986982,0.401742750670675,0.494789116251365,0.404667911337348,0.514936577557835
1878,0.411882234045937,0.34148450288172,0.345522114477826,0.419244565986708,0.439246748106535,0.481191299224403,0.401092591832053,0.4944707381031,0.404704837121915,0.514866300045339
1879,0.41136055543097,0.341294103598843,0.345316310044584,0.418995495083049,0.438653117967251,0.480693524379988,0.400284982590928,0.494053617117819,0.404580954492409,0.514597756317229
1880,0.410844658507682,0.34100601306972,0.345077608905045,0.418724159141827,0.437962319705017,0.480169954675449,0.399374681873136,0.493591316934018,0.404420166123874,0.514242394042545
1881,0.410184137280415,0.340747209011683,0.344776365083003,0.418375427187108,0.437280081434252,0.479572257929516,0.398401478292018,0.493084471453259,0.404213989195313,0.513906876564717
1882,0.409420591285552,0.340454748533814,0.344363384170317,0.417986615292291,0.436488091349077,0.478843126145268,0.397329637412049,0.492512387097987,0.403908429795924,0.513517339567678
1883,0.408553178649788,0.340176898213196,0.343999478365657,0.417552584662222,0.435620163884169,0.478070215963509,0.396178675140065,0.491877266225,0.403551764470622,0.513032681201949
1884,0.407641779090893,0.339869504205294,0.343660272126139,0.417017705020681,0.434757671412394,0.477306047124593,0.394940393832895,0.491224813555874,0.403240791225087,0.512548000492284
1885,0.406675125855483,0.339490744155191,0.343247519200701,0.416440234449009,0.433845325021138,0.476439987226735,0.393636481133614,0.490453829385679,0.4028524840034,0.512045582247386
1886,0.405648762390668,0.33909718664432,0.342784865813175,0.415845166932425,0.432774404984835,0.475507388624159,0.392203458658692,0.489595724823059,0.402435681107666,0.511448607686579
1887,0.404636700866802,0.338661553061559,0.342302340032157,0.415256310268726,0.431501037516192,0.474509296347668,0.390659608948641,0.488638960384542,0.401972619532228,0.510739505772816
1888,0.40344560975485,0.338194850006894,0.341780964468169,0.414540928581312,0.430218242024039,0.473403329735733,0.388973458697556,0.487610728680187,0.401492163036825,0.509970676752649
1889,0.402090351091363,0.337750856345235,0.341195989941115,0.41377948479996,0.428898359909699,0.47223393513161,0.387131073706288,0.486474606716473,0.401013930962808,0.509151008347829
1890,0.400719358754915,0.337176121772619,0.340564290936088,0.412903625744783,0.427459722304602,0.470943881395697,0.385253674632973,0.485287462334836,0.400425795874753,0.508288249043683
1891,0.399256019090981,0.336487745783699,0.339885169982578,0.411910515601736,0.425895017780888,0.469477352800629,0.383240451435172,0.484015809200356,0.399707551801037,0.507302493509614
1892,0.397734729110698,0.335790768309603,0.339201618085819,0.410863838535583,0.42426326970651,0.468006043281402,0.381161428585885,0.482681884579704,0.399038724613878,0.506300117498808
1893,0.396143731829597,0.335020045070847,0.338473420572415,0.409737448433091,0.422527585378538,0.466462818117622,0.379059698155951,0.481273548263147,0.398334368498525,0.505300183134641
1894,0.394543372612259,0.334215750857485,0.337705106347603,0.408543645775461,0.420765048435519,0.464877986048547,0.376834126554028,0.479834003021667,0.397636990685966,0.504241718173114
1895,0.392819069653859,0.333394112195487,0.336909978740618,0.407229928613193,0.41886305190941,0.463229604024176,0.374436986679965,0.478282672888611,0.396833685209992,0.503033924426044
1896,0.390988897909212,0.332543732827212,0.336111506379553,0.405865421117923,0.416851759182742,0.461459104861691,0.371951469039624,0.47664661052149,0.396029415924358,0.501807634576648
1897,0.389204950019185,0.331665455258384,0.335338862655516,0.404503093575573,0.414860885603389,0.459701417889512,0.369524762703553,0.475033059280029,0.395260353174833,0.500634663562476
1898,0.387401837176917,0.330719062734107,0.334520769716571,0.403117195055699,0.412768832174378,0.457831733878671,0.367060244610637,0.473330621671892,0.394405200114031,0.499438843790364
1899,0.385568047880589,0.32980605611727,0.333761117167094,0.401637597102598,0.410732573700317,0.456072055738677,0.364602059012692,0.471719115110315,0.39363048822319,0.49828012945665
1900,0.383675911073388,0.328883150533704,0.333061685680833,0.400100165093595,0.408728383640799,0.454362614482474,0.36215178227746,0.470166730557256,0.39296736216808,0.497140574949781
1901,0.381868124941563,0.327974335568038,0.332363221929218,0.398570909378715,0.40670203385249,0.452618551029876,0.359714922049943,0.46857629576051,0.392255432143208,0.496054812058949
1902,0.380015631993582,0.327034224193235,0.331639414099168,0.396847305340873,0.4045624576134,0.450784366134836,0.35719259595673,0.466851860856618,0.391398454164194,0.494883651756601
1903,0.378270802426648,0.326158353890285,0.330981942082266,0.395316940074354,0.40259159738813,0.449118732027061,0.35480420599744,0.465375217193106,0.390749297305704,0.493920240115092
1904,0.376591944252643,0.325275019440322,0.330349256454646,0.393886319275034,0.40065454968146,0.447438148694379,0.352448096949385,0.463970065882425,0.390182642664074,0.493042920557964
1905,0.375022376837658,0.324478738402196,0.329773273743665,0.392523615139008,0.398838375601028,0.445970780979446,0.350208260215307,0.462699781836287,0.389733826284538,0.49234741478372
1906,0.373497421597367,0.323764232535157,0.329293133880905,0.391173864153743,0.397103215008981,0.444544524778524,0.348120361369564,0.46147814210405,0.389319328292366,0.491725163323589
1907,0.372020052837799,0.323127647191055,0.328887964059983,0.389871284717285,0.395489766131276,0.443246115560071,0.346180450531824,0.460401412280926,0.389002483883394,0.491241281283907
1908,0.370647061279081,0.322534828835823,0.328526416606937,0.388683226287606,0.393971569665055,0.442067569690823,0.344284948675102,0.459445249400396,0.38877488452188,0.49086812531421
1909,0.369339221199409,0.322012133645555,0.328250027992157,0.387558764783524,0.392513577811155,0.440948856395419,0.342501539810979,0.458564897148861,0.38859010521024,0.490577096942051
1910,0.368145938901349,0.321542959031699,0.328014740388226,0.386463623322495,0.391184665244478,0.439965950471675,0.340814989270211,0.457733391149594,0.388510048698742,0.490416538415935
1911,0.367071094145707,0.321139878290604,0.327804972282995,0.385389472030645,0.38998983015421,0.439175757750129,0.339170532887952,0.457025503936755,0.38860709871866,0.490426355398246
1912,0.366046647871053,0.320761189126447,0.327666905393848,0.384499492325028,0.388884828193327,0.438429384150916,0.337672454709065,0.456441683636426,0.388673833504358,0.490489577516384
1913,0.365126900508801,0.32043534522825,0.327641097595823,0.383736014756782,0.387929632878485,0.437781495210417,0.336309947637176,0.45594367058831,0.388758451865545,0.490685675000952
1914,0.364250110022184,0.320158670813746,0.327605676339083,0.382977501994906,0.386979373616535,0.437169580258767,0.335054313850119,0.455459404720892,0.388906998945662,0.490899171738
1915,0.363407863221792,0.319942279620966,0.327612507150192,0.382340946562443,0.386076491922444,0.436645881729286,0.333966774383302,0.455083480536538,0.389109413870641,0.491202578923805
1916,0.362661150069559,0.319740280229372,0.327630414584971,0.381799905344138,0.385261570709964,0.436169403518025,0.332879977252678,0.454810560896723,0.389361058781294,0.491514398830501
1917,0.361977747741813,0.319519558986665,0.327675948824112,0.381250647060543,0.384564767407852,0.435758837303829,0.331890337074069,0.454579827192023,0.389614474298949,0.491891770735254
1918,0.361367794136343,0.319309977036522,0.327741298831388,0.380638287947997,0.38392463563375,0.43537015632363,0.33100445321346,0.454347248536086,0.389904704450065,0.492329739760009
1919,0.360808246463601,0.319160661006802,0.327819526252873,0.380172014893349,0.383372780951459,0.435104665492441,0.330186539848865,0.454179988759075,0.390226162861008,0.492762095447543
1920,0.360330090769264,0.31901743200923,0.327950439929908,0.37984619325756,0.383001226982927,0.434980660199903,0.329399080712938,0.454132537206981,0.390569934664189,0.493254904677335
1921,0.359880020769758,0.318890348240609,0.328049227450634,0.379500666502801,0.382594363767276,0.434825905507712,0.328748638566906,0.45410574940944,0.390929205234386,0.493730012875956
1922,0.359500994692668,0.318847874247339,0.32810543908119,0.379177220810219,0.382170496722227,0.43470989981807,0.328281506162992,0.45411031299601,0.39137493412357,0.494194895853043
1923,0.359127447715828,0.318773281351643,0.328227183198049,0.378905547896661,0.381852271349256,0.434648317151362,0.327756504838577,0.454103236093242,0.391750531509468,0.494676836171583
1924,0.358727525759634,0.318646570399749,0.328395279366807,0.378674222440876,0.381597898194762,0.434616522307123,0.327240968879555,0.454133914642967,0.392059601000039,0.495164350490136
1925,0.35844999698223,0.318570179920549,0.328536415350899,0.378478813012284,0.381409378400206,0.434615316437581,0.326832796322273,0.45421790603867,0.392432600079053,0.495685938430622
1926,0.358238675826518,0.318540085720141,0.328709234062049,0.378294785075683,0.381300833914394,0.434709731321603,0.326434867035731,0.45429138238527,0.392843861307807,0.496280836382337
1927,0.358082577299039,0.318507329191497,0.32887328767039,0.3782137959837,0.381260503466364,0.434793323786555,0.326110496184595,0.454382310761342,0.393229340661465,0.496815952171746
1928,0.357959330236381,0.318487183649906,0.329041404973695,0.378151342393328,0.381234064019188,0.434864215219821,0.325917531360512,0.454567210521478,0.393587507837985,0.497297055113938
1929,0.357962083609561,0.318477816165721,0.329181027113528,0.37813865902213,0.381254185364318,0.434876837321892,0.325918809895722,0.454894009880527,0.393964630305053,0.497738954187989
1930,0.357904797020503,0.318488971891322,0.329341744084389,0.378144762702562,0.381313734302745,0.435034550708151,0.325836720836256,0.455139447667533,0.394322495849618,0.498235044107042
1931,0.357773705535691,0.318515963947431,0.329562593819741,0.378197782610572,0.381402130844833,0.43527113155048,0.325751608179792,0.455382188297867,0.394635841964276,0.498730664235277
1932,0.357797694218266,0.318551174820543,0.329707612388368,0.378270054576142,0.381536633008726,0.435475113294482,0.325783377982002,0.455653911489023,0.3949466588637,0.499154460303369
1933,0.357914057979973,0.318601754785504,0.329752066368419,0.37835089666301,0.381722251407252,0.43574677025369,0.325841021897423,0.455942643787487,0.395259469353592,0.499586924733674
1934,0.358026424768025,0.318664459405153,0.329901066846744,0.378481456794148,0.381943672662402,0.436019811979283,0.325979285619423,0.456223294938019,0.395583706746707,0.50001408921869
1935,0.358219662966115,0.318733779885419,0.330080703230904,0.378645427767112,0.3821750837251,0.436229283636655,0.326245708499196,0.45648649725444,0.395878484921194,0.500298718649814
1936,0.358423686927956,0.318817124168672,0.330251672082783,0.378854618679408,0.38248743503374,0.436519098092336,0.326534400255486,0.456811272516442,0.396182655671482,0.500681001465313
1937,0.358645805864728,0.318914472465453,0.330443756045384,0.379104399788523,0.382857350558118,0.436857319951358,0.326865964662765,0.457161824874871,0.396496337270736,0.501109166490387
1938,0.358859613263792,0.319017496890719,0.330708710416473,0.379413468287565,0.383327693752436,0.437288255278441,0.32723494295826,0.457524847203975,0.396879552894208,0.501685983903976
1939,0.359116898637768,0.319170412788836,0.330922557475412,0.379695264694163,0.383707362503311,0.437662327996417,0.327632368002399,0.457887506647305,0.397131628079875,0.502045512460618
1940,0.359404551518855,0.319358478463921,0.331099915187515,0.380012272490026,0.384070730449849,0.43802368032343,0.328067715167051,0.458285988105578,0.397288659455756,0.502310416145586
1941,0.359744620128757,0.319539039859687,0.33129821519338,0.380316358538379,0.384532874712734,0.438454887008568,0.328570437545463,0.458705324263907,0.397538003789397,0.502655874428556
1942,0.360117695566224,0.319740113557753,0.331488268018984,0.380561853890283,0.384995389027758,0.438898097076392,0.329118584278402,0.459098409644462,0.397769253751692,0.502915309945553
1943,0.360506219560065,0.319968979103183,0.331730824283506,0.380919904322031,0.385488522709639,0.439381011299668,0.329690094681648,0.459553552325796,0.398009353826307,0.50325070483226
1944,0.360996507726989,0.320205377447736,0.332014312351076,0.38137209133439,0.386098934455401,0.439956681710866,0.330366432793185,0.460123092158685,0.398293490453875,0.503736020965087
1945,0.36141599471265,0.320454970981082,0.33226161748036,0.381772668041815,0.38667269434795,0.440489428600459,0.330993977603079,0.460612098869919,0.39857765830477,0.504094918412309
1946,0.361751837749368,0.320736201679151,0.332543642851613,0.382216845281645,0.387214156008486,0.441011008918507,0.331556456988184,0.461063852485078,0.398866837551642,0.504334899105846
1947,0.362179881388204,0.321036160860946,0.332805879342432,0.382645679204702,0.387772981129468,0.441551508850861,0.332219107299493,0.461545283493514,0.399121419879004,0.504660790684041
1948,0.362638211582752,0.321349442778966,0.333050877568687,0.38306241757614,0.388346415352322,0.442099438284072,0.332924435006173,0.462028068344521,0.399369656057609,0.505001449383509
1949,0.363111722231296,0.321656083328713,0.333225359269062,0.383413973161317,0.388966189724314,0.442643195148309,0.333678917238093,0.462494216584678,0.399637651453246,0.505340602319291
1950,0.36359700745308,0.322000153810572,0.333496066351446,0.383865017022877,0.389551108593203,0.44321614104835,0.334396660285153,0.462970558430381,0.399900519886152,0.505668316503157
1951,0.364145529720278,0.322410200603445,0.333814218656469,0.384360394619927,0.3900829351239,0.443824224754895,0.335145565266682,0.463445990833377,0.400131091402208,0.506037402559627
1952,0.364669576522243,0.322754608956109,0.334111916849645,0.384860786977935,0.390713816045419,0.444404985034886,0.335925985573518,0.463973557000563,0.40036382508188,0.506382597046763
1953,0.36516398152009,0.323041184009118,0.334446859798074,0.385407442915563,0.391441672472432,0.444963201946077,0.336700594568161,0.464511558172964,0.400591485038085,0.506671144545377
1954,0.365702408181962,0.323422646628606,0.334749515760711,0.385935471732273,0.39206173172609,0.445576538515899,0.337480685641086,0.465063386218931,0.400869624820123,0.507011643169447
1955,0.366317939284849,0.323840509725345,0.334993428424899,0.386495340935434,0.392634080915928,0.446243154222998,0.3383423975254,0.465686424420829,0.401169823410798,0.507411257883526
1956,0.366859649274381,0.324239519577522,0.335316714755167,0.387010571988637,0.393287418560101,0.446848828238691,0.339149237989432,0.466272069141828,0.401433839260567,0.507770680050906
1957,0.367376266111057,0.324708429921004,0.335733375589748,0.38747837712683,0.393946601977579,0.44743140303393,0.33988401273797,0.466851766376562,0.401726399859926,0.508104311592974
1958,0.36789572663469,0.325141146577705,0.336054230016012,0.387991188185591,0.394574376385758,0.448061064810512,0.340663058071873,0.467411056871496,0.402021457871476,0.508461287614049
1959,0.36836564296023,0.325575457346004,0.336336447205628,0.388490367884093,0.39524064858473,0.448725274797921,0.341444384146916,0.467936867650794,0.402362721069338,0.508824090028501
1960,0.368843358297909,0.325923781119387,0.336656835876831,0.38901016106457,0.395941907306882,0.449297834981223,0.342272811905861,0.468490266815242,0.402530621347882,0.509179346075399
1961,0.369391073294014,0.326309341576485,0.336982879305458,0.389557222016874,0.396593932820322,0.449909405030618,0.343075536958904,0.469073742310562,0.402793596754715,0.509553556285668
1962,0.370031379529367,0.326701098460929,0.337235932911877,0.390191451021232,0.397151191629404,0.450595317461228,0.343912001433183,0.4696742683539,0.403092439593549,0.509952412264672
1963,0.370540840556343,0.327093397865386,0.337573264503545,0.390711249075449,0.397789745013919,0.451197121660912,0.344676756788467,0.470241072165682,0.403391180300436,0.510335756239168
1964,0.371049805029522,0.327494809220921,0.338068880075734,0.391179020838948,0.398532611064444,0.451747499860585,0.345430760398628,0.470869220761975,0.403688791103517,0.510734374356592
1965,0.371520436224194,0.327848317294939,0.338377796337689,0.391682351314783,0.399142832158455,0.452274741000007,0.346136126852115,0.471405461177659,0.403962349320053,0.511098943780469
1966,0.371840393123857,0.328180468742573,0.338536258666447,0.392162931493585,0.399646361842015,0.45273367680048,0.346713406146137,0.471786452942842,0.404252296994238,0.511432390050274
1967,0.372290310227925,0.328524394652035,0.33883316498633,0.39263285115932,0.400244484087425,0.453269932807742,0.3474206473167,0.47232316716785,0.404531155412757,0.511796518505743
1968,0.372879483571707,0.328839271472229,0.339172013651408,0.393120131378351,0.400850422846261,0.453829193537709,0.34822692349186,0.473008638017322,0.404771205147852,0.512163880302394
1969,0.373332514793016,0.32914911232928,0.339434125588456,0.393599514111697,0.401431023731989,0.454348614746307,0.348926371316531,0.473525550433785,0.405021730824154,0.51251628577193
1970,0.373693540749965,0.329462226613,0.339717511476547,0.394003291730288,0.402071006744689,0.45490046427204,0.349615420870954,0.473971587967874,0.405303637809672,0.512887408207254
1971,0.37413974158821,0.329785969420892,0.340017077770373,0.394470687415548,0.402678154585587,0.455443763874933,0.350320051180929,0.4744883175629,0.405557442501534,0.513242445205354
1972,0.374590724312173,0.330106411882591,0.340294952303957,0.394968917523576,0.403257397966711,0.455968155421193,0.351001234919612,0.4749881491659,0.405795264823926,0.513584579054708
1973,0.374980550278996,0.330388849522306,0.340448069212534,0.39553798197484,0.403738638125426,0.456410210928191,0.351574562222011,0.475363449877951,0.405980819565669,0.513885884789416
1974,0.375427460630771,0.330720060681382,0.340732272282826,0.396032320309109,0.404330597500063,0.456945316179073,0.352248753319225,0.475837624381224,0.406246014613029,0.51424021187555
1975,0.376005301013365,0.331101983327274,0.341167388588118,0.396521689494375,0.405021741030078,0.457571659255658,0.353029145976225,0.476464456942715,0.406571632562593,0.514645180268686
1976,0.376453636901921,0.331441573323829,0.341438871468568,0.397015552715329,0.405578186768545,0.458085243491132,0.353705831142535,0.476950308406573,0.406811739228576,0.514967895864926
1977,0.376780280871178,0.331779120297189,0.341600950436875,0.397494989134414,0.406047495674237,0.458574720263143,0.354313600211875,0.47729564550281,0.407015806460248,0.51523905037183
1978,0.377206278642765,0.332109172221191,0.341876250154544,0.397947259590713,0.406625390151915,0.459048530496881,0.35497706745014,0.477764612807506,0.407272603382132,0.515569989671302
1979,0.377658830080294,0.332387413855594,0.342157475880011,0.398397085471494,0.407174295097425,0.459414413187565,0.355621280450249,0.478292386263865,0.407494458810691,0.515850510432177
1980,0.378104522722786,0.332730733665526,0.342425596625866,0.398850244733224,0.407757317033724,0.459877685076089,0.356299246422657,0.478777300271038,0.407747720350876,0.516199294969776
1981,0.378614200424397,0.333126992007244,0.342768342067161,0.399248440720869,0.408518634964845,0.460397745245033,0.357065171183659,0.479279713219266,0.408099067304857,0.51669547998179
1982,0.379071129121441,0.333484727082348,0.343075181068734,0.399680189131826,0.409145382065338,0.460894412264605,0.357761085575168,0.479793329191484,0.408395022879911,0.517084000312546
1983,0.37950264981468,0.333802816198691,0.343298592228327,0.400111187505305,0.409672202080901,0.461383250373509,0.358416149657911,0.480302654817191,0.408655836499801,0.517397390498801
1984,0.37988346163994,0.334244569352219,0.343587235484312,0.40060964528019,0.410181709345085,0.461952389775997,0.359081444272953,0.480785294094772,0.408902724905706,0.517760030982002
1985,0.38032596892433,0.334605793164642,0.343850964213796,0.401094866899939,0.410746775140435,0.462464963508968,0.359752003184414,0.481261774707812,0.409148671562451,0.518118334282118
1986,0.380774387675401,0.334910618444648,0.3441263852196,0.401609940370308,0.411292673404054,0.462933909026041,0.360404911418335,0.481741373468906,0.409374500327906,0.518432992833855
1987,0.38122970742547,0.335257312476718,0.344408162377462,0.402066854581226,0.411861707375564,0.463456933044683,0.361046420889328,0.482248624906699,0.409629905323028,0.518787525975911
1988,0.381726855787229,0.335629746828189,0.344647927496689,0.402524233310094,0.41251130429542,0.464032646112408,0.361686810353908,0.482753870256538,0.409865169586734,0.519193446491264
1989,0.382189076148406,0.335988651252981,0.344961888415622,0.402971301783018,0.413077977462459,0.464538790974723,0.36234621184028,0.483232553647854,0.410146172801694,0.519573951338916
1990,0.382613454187714,0.336339993317752,0.345390035422122,0.403368417898119,0.413607036602292,0.465032434133135,0.363024940072565,0.483767902735899,0.410520209267179,0.519939655008444
1991,0.383072710324319,0.336712893526587,0.345710284700918,0.403781482633395,0.414119830252204,0.465529752107421,0.363644825978399,0.484236763218426,0.410800792829246,0.520311302658032
1992,0.383578773838734,0.337082848934821,0.345979992197831,0.404194113457434,0.414573780627252,0.465954135075329,0.36425400090513,0.484585106926667,0.411008330997102,0.520682418746725
1993,0.384031192739051,0.337464721533843,0.346293779917022,0.40462339932142,0.415074911500327,0.466436136647396,0.364867634266178,0.48501996284057,0.411292111907651,0.521072789990025
1994,0.384434646341228,0.337851257528892,0.34660048544103,0.405027429192874,0.415580362466277,0.466950085676828,0.365453112855064,0.485517643722898,0.411566848621666,0.521483246000965
1995,0.3848867611784,0.338285990778256,0.346863020636754,0.405499058672146,0.416090911918616,0.467512419588335,0.36598707866897,0.485953612409934,0.411851780214474,0.521887349411314
1996,0.385359868113611,0.338669071394067,0.347151629412661,0.40591177969877,0.416583735727394,0.467998209496874,0.366556677759161,0.4864032876938,0.412151494869658,0.522242822108541
1997,0.385822156062794,0.339025770172722,0.347492215837794,0.406334945191463,0.41709847937991,0.468491734464129,0.367182293553359,0.486887972600954,0.412545559957916,0.522553144098967
1998,0.386270554472591,0.339433916215794,0.347794437234416,0.40672558854386,0.41756889445137,0.468917483479953,0.367716313028448,0.487326131534317,0.412815761319385,0.522950470590619
1999,0.386806307136648,0.33985454538076,0.348070867441316,0.407083529678273,0.41801389558821,0.469254028741584,0.36820733380285,0.487732344413679,0.413002411016283,0.523366879176587
2000,0.387211755763987,0.34025997007156,0.348331557767324,0.407434039199646,0.418445738223739,0.469654406872707,0.36869194810209,0.488138292935937,0.41325577222662,0.523747436417715
2001,0.387468902886297,0.340762615673085,0.348585765185911,0.407790993398053,0.418861150027437,0.470087022444518,0.369160886159124,0.488523994626402,0.413492856516851,0.524189736566506
2002,0.387851169312532,0.3411161422985,0.348851303737688,0.408109539522318,0.419271992907498,0.470438051741176,0.369575362844975,0.488914147213365,0.413753148791816,0.524585586794041
2003,0.388290517155989,0.34131107283043,0.349068604246354,0.408361058830397,0.419669570335497,0.470735319638393,0.369941477794958,0.489327633885688,0.414038807743203,0.524880730756036
2004,0.388654442502664,0.341620942410604,0.349327484528712,0.408654349559834,0.420036510452921,0.471094158052631,0.370310885998878,0.489680705686083,0.414324395222538,0.525236839428232
2005,0.389034572327833,0.341920314279153,0.349650709805603,0.408994255753421,0.420398579899669,0.471410954925691,0.370651930011779,0.489991564665134,0.414607009558469,0.52563041970826
2006,0.389397463039234,0.342225526422083,0.349939180445173,0.409268043929074,0.420738128613483,0.471752428326011,0.370974410718181,0.490327787820124,0.414914085247597,0.526041530651909
2007,0.389737172265685,0.342626839195012,0.35027522654308,0.409523541418085,0.421061341945907,0.472231222589235,0.371343372418128,0.490684529231739,0.415307248804664,0.526530936387059
2008,0.389969251751194,0.342963307320303,0.350478889813807,0.409750084033165,0.421327917038771,0.472587882644644,0.371565422619103,0.490914624685369,0.415584065921443,0.52688689715291
2009,0.390268449226288,0.343280612789463,0.350739035757905,0.409984416792079,0.42159398229925,0.472898092633613,0.371849176107112,0.491217195779726,0.415899027134275,0.527292221402346
2010,0.390643647772533,0.343547745044715,0.351007584175752,0.410157372552586,0.421883975092324,0.473141738962422,0.372144601089156,0.491591953435019,0.416228800928154,0.527756775479221
2011,0.390875828756325,0.34383604097338,0.351248062805681,0.4103660098912,0.42206297582948,0.473397988730554,0.372349114677151,0.491847151062026,0.416526635072103,0.528116766733093
2012,0.391000818181846,0.344144717879064,0.351466323632065,0.41068159012619,0.422119317391944,0.473594075394326,0.372537242981072,0.492002755728974,0.416760436213925,0.528365262425287
2013,0.391216477552232,0.344397732435242,0.351704739542957,0.410820553709922,0.42228530044899,0.473811672091635,0.372671038208871,0.492249043616261,0.417086306554288,0.52872772961408
2014,0.391430355289733,0.344586387744984,0.351914792067088,0.410807947538871,0.4224730757977,0.474033689527119,0.372676657861103,0.492523124916574,0.417495889590954,0.529101277071307
2015,0.391590014109161,0.344821386386647,0.352138523168623,0.410906762168935,0.422584404836743,0.474238573615735,0.372739592691717,0.49272564898065,0.417790483038364,0.529464772475358
2016,0.391795946197745,0.34506054230559,0.352412432532357,0.41096367627869,0.42273067058194,0.474468474604254,0.372877090205795,0.492934827618111,0.418093146669564,0.529903204357171
2017,0.391944231434505,0.345280279006678,0.352642002567043,0.411029248855868,0.422835293120627,0.474637246176295,0.372885606407064,0.493139098454281,0.41835877515118,0.530286623665438
2018,0.391984859012344,0.345533036646997,0.352868576223671,0.411219339766045,0.422827795606163,0.474742458569006,0.372805584509015,0.493263653021545,0.418443855466213,0.530606230677304
2019,0.39204517868071,0.345751398549981,0.353063532840785,0.411320380457417,0.422838743085005,0.474865066623396,0.372742588114275,0.493398731789417,0.418665658858585,0.53095300541249
2020,0.392101489449482,0.345895302369514,0.353200915046856,0.41137316115628,0.422861332993023,0.474944406103668,0.372581292109506,0.493511529384957,0.418935972100813,0.531261633701545
2021,0.392181996500427,0.346090247319277,0.353325698667262,0.411342260292141,0.422923945036093,0.475037068290552,0.372469208403239,0.493763417773779,0.419311146750862,0.531657147941368
2022,0.392210842373931,0.346279129482037,0.353529139709435,0.411339187661183,0.422883205582005,0.475140896736079,0.372339478767008,0.493889697094593,0.419585706371892,0.532036368255418
2023,0.39220732181032,0.34647748960844,0.353780637408059,0.411313491153288,0.422767526818665,0.475288049649113,0.372265048215556,0.493961665956299,0.419876657275985,0.532445699543456
2024,0.392185594601322,0.346637789053989,0.353955226137094,0.41126531203623,0.422669527296474,0.475384850167127,0.372075457622839,0.494019189743824,0.420140899025667,0.532790076769303
2025,0.392115400526333,0.346797995165065,0.354170142546425,0.411208908984437,0.42255528127935,0.475479607670258,0.371806031300627,0.493998217884069,0.420325850522435,0.533114721611405
2026,0.392087864536527,0.346951596675768,0.354323835679476,0.411130130784481,0.422388171147901,0.475505428086616,0.371572229794109,0.494069244601179,0.420582786474602,0.533465631958976
2027,0.392108758128708,0.347087665117831,0.354358451262145,0.411017278140397,0.422160001700277,0.475467469189464,0.371323185662141,0.494234793581134,0.420931632827864,0.533798846365727
2028,0.392030219272897,0.347204924774277,0.354474117087142,0.410903062118205,0.42199174661816,0.47546726815994,0.371041326839808,0.494251808816243,0.421189186882975,0.534124136870968
2029,0.391907451032367,0.347319636334468,0.354637172468606,0.410766527370359,0.421837266841307,0.475459527155509,0.370763616607041,0.494216440473658,0.42137151170572,0.534495037792857
2030,0.391783522480272,0.347400350211741,0.354765756608854,0.410640826630498,0.421613291749393,0.475423361841818,0.370444192156209,0.494215270895918,0.421612525128728,0.534798880638774
2031,0.391536920655403,0.347367004912576,0.354875804253141,0.410549572192893,0.421368458190706,0.475426439178748,0.370053343935479,0.494112451016327,0.42183447282337,0.53496725781686
2032,0.391422372008047,0.347484445151683,0.355021424649719,0.410387174501013,0.421172245226752,0.475346113214362,0.369689838245164,0.494043410980224,0.422105648376095,0.535301274779461
2033,0.391276097248592,0.347598298437027,0.355125519204217,0.410164814737322,0.420875164100422,0.475180176331886,0.369312895111923,0.494069987280078,0.422357920233408,0.535642117157373
2034,0.391095149219156,0.34768962894392,0.355226418441092,0.409959902845204,0.420550682952033,0.475036830082598,0.36887167422667,0.494083347207861,0.42258271435964,0.535884081720691
2035,0.390876547429559,0.347787873561943,0.355342337868786,0.40975240857797,0.420222995154716,0.474922312731262,0.368465932611066,0.494020573172524,0.42278757597872,0.53613761679438
2036,0.390573320108227,0.347924549372607,0.355475846889282,0.409492925172582,0.419907277201676,0.474809140149387,0.368067939853429,0.493844577076462,0.422897913944184,0.536383331972763
2037,0.390328609237124,0.347996697917588,0.355576101133929,0.409260857316928,0.419557762573588,0.474697083546218,0.367618726389318,0.493791878663853,0.423114375885997,0.536648446317682
2038,0.39011528654722,0.348030002328048,0.35567797573363,0.409058216912806,0.419140500078326,0.474621303039644,0.36714523767926,0.493799373709234,0.423406427332698,0.536888036788511
2039,0.389860161869918,0.348076951879808,0.355758949727746,0.408843705071531,0.418783234010307,0.47451836081214,0.366689658967657,0.493708834418717,0.423626946155623,0.537151904625766
2040,0.389611763208224,0.348113765334236,0.355792306926631,0.408651915378183,0.418484725506769,0.474421916340519,0.366195665328207,0.493636030047191,0.423854554029386,0.537494098663497
2041,0.389324407165089,0.348133707403903,0.355861405664844,0.408388487840211,0.418110842344279,0.474268045548236,0.365710673306377,0.493535735115123,0.424059744650966,0.537749339458887
2042,0.388953398699846,0.348143040687037,0.355953113617151,0.408064146422622,0.4176839448224,0.474058371190469,0.365278443058778,0.493304937054655,0.424224886097087,0.537920746792105
2043,0.388640589025431,0.348144148423488,0.356015455189044,0.407798094009377,0.417304178964401,0.473884436382868,0.364795928311876,0.493160785369329,0.424390164280468,0.538141983854046
2044,0.38836090849501,0.348102980632169,0.356042996263598,0.40748859172015,0.416908072860701,0.473646964813294,0.364253553956605,0.493083743767713,0.424549018017269,0.538362289286612
2045,0.38806676400522,0.348103675560643,0.356142541489255,0.40721947370497,0.416538619394594,0.473504805885826,0.363719220966856,0.493004466564727,0.424705220079893,0.538580309863283
2046,0.387701293706253,0.348115681735626,0.356217003523999,0.406972773632452,0.41611910723103,0.473375438098728,0.363263305860943,0.492784794873889,0.42487127153053,0.53881008655825
2047,0.387383094370696,0.348119308382782,0.356263405331821,0.406760571463227,0.41571364764447,0.473212688385668,0.362785164142756,0.49266450749475,0.4250274024937,0.539090958121785
2048,0.387108663112408,0.348167071938835,0.356396268551967,0.406586490295061,0.415400968626918,0.473056370911338,0.362391581845968,0.492659687657953,0.425224728004393,0.539361037060021
2049,0.386807880346781,0.348214325411794,0.356430856226046,0.40634403679312,0.415008170840416,0.472858106421753,0.362048343610927,0.492504398041065,0.425411624588186,0.539512139513331
2050,0.386530223427245,0.348244921981535,0.356497446481741,0.40610669352086,0.414695429339275,0.472724519741763,0.361661089286134,0.49238377366284,0.4255451684817,0.53971247958502
2051,0.386328196015638,0.34826688366835,0.356545968163356,0.405903485207667,0.414536986012516,0.472643581240033,0.361259714149518,0.49231407713722,0.42557751582374,0.53989475239311
2052,0.386083389050291,0.348313730986664,0.356637622792606,0.405685382826161,0.414253814766189,0.472543790106332,0.360885231148527,0.492243088081206,0.42575692318658,0.540110168463908
2053,0.38578919505518,0.348385114578709,0.356761027571189,0.40539405466455,0.413861394797804,0.472477034319824,0.360512884279731,0.492121936041254,0.426009695214718,0.540363230717133
2054,0.385523780733783,0.348386985750107,0.356850911399934,0.405161079732801,0.413575985722994,0.472361520971671,0.360136806270404,0.492009512885484,0.426177353666781,0.540558885340147
2055,0.385265045948274,0.348360807745363,0.35697015278872,0.404979497321497,0.413298853450965,0.472186558542839,0.359754343621329,0.491944778493367,0.426412309740404,0.540736182906965
2056,0.385034199237923,0.348373153978247,0.35703214097075,0.404792701410273,0.413057053885076,0.472072851285612,0.359436122604241,0.491860155609959,0.426589360762698,0.540913872151279
2057,0.384803872423749,0.348301990268155,0.356985010725885,0.404592500287745,0.412913464910729,0.471971465817321,0.359095606852208,0.491684169068772,0.426607969482195,0.54102966054618
2058,0.384614231627849,0.348317908681223,0.357044205902024,0.404445210690466,0.412738995650368,0.471886991374483,0.358823486292458,0.491607135788273,0.426735580398375,0.541206332625617
2059,0.384494502070951,0.348441867192346,0.357181257640211,0.404378789388671,0.412603961471208,0.471859239774216,0.358624214766757,0.491640084047198,0.426946197073364,0.541462330704812
2060,0.38434978363669,0.348527956014933,0.357238002204543,0.404224652399746,0.412345404449525,0.471804206643183,0.358466483321869,0.491607516912389,0.427141127121534,0.541639642442795
2061,0.384181412740418,0.348553731704112,0.357293842916598,0.404107998211225,0.41217226113954,0.471725906419133,0.358314215348776,0.491552567800848,0.427281857293534,0.541771841243147
2062,0.383989662514925,0.348695504723596,0.357395244283387,0.40401325546002,0.412057639928287,0.471638331911351,0.358245733920591,0.491568665750261,0.427454391889297,0.542006126917517
2063,0.383830671563869,0.348754033361377,0.357483142658147,0.403921556682715,0.411958547781476,0.471597619345321,0.358097456494522,0.491557828027544,0.427584634548355,0.542205038403587
2064,0.383668328520439,0.348745856332885,0.357531984560266,0.40384191193868,0.411957755641088,0.471583844751572,0.357932731952137,0.49152499683762,0.427639764072251,0.542412131327773
2065,0.383508251332827,0.348789003258466,0.357600604427149,0.403737759502662,0.41185376209922,0.47155494278344,0.357768221511269,0.491508742500207,0.427764676372633,0.542543481639993
2066,0.38337217069989,0.348831840853946,0.357694448412505,0.403589049478206,0.411653002059595,0.471565246296624,0.357514940229925,0.491506428963336,0.42792807289,0.542612577772352
2067,0.383238710148167,0.348909165452325,0.357781924465808,0.403538236121341,0.411581505091221,0.471540362084455,0.357400305951051,0.491497125790685,0.428057880206824,0.542761322249301
2068,0.383084091184847,0.349049506494202,0.357873105241902,0.403567616014264,0.411555575758216,0.471483060681136,0.357416916942459,0.491452312787234,0.428199035581309,0.542877023962287
2069,0.382943297249731,0.349124540167204,0.357925010910295,0.403500244381388,0.411497281869821,0.47143280121816,0.357331892245056,0.491475153417516,0.428326243181355,0.543031166785632
2070,0.382828524029239,0.34920199455009,0.357968452763933,0.403482153208751,0.411563228506991,0.471409878583781,0.357272323469211,0.4916409538387,0.428460656478769,0.543374694074556
2071,0.382718831107485,0.34924915930903,0.358037266886051,0.403409676718069,0.411534109231895,0.471344080769531,0.357190254908541,0.49163777353403,0.428542337606686,0.543534189829829
2072,0.38261301260711,0.349185895639568,0.358098970799154,0.403206674054205,0.411407807511846,0.471212209806082,0.357046012258264,0.491534164406912,0.428554172167219,0.543547525264413
2073,0.382511417335981,0.349248306581631,0.35809218954055,0.403017454118673,0.411236375444639,0.471123701502425,0.356866697448688,0.491472680239317,0.428611362904077,0.543576076886794
2074,0.382364255425805,0.349361764388433,0.358163534180106,0.402999172130792,0.411246579476624,0.471150147269932,0.356824524432633,0.491458479089656,0.428788964994201,0.543735405386357
2075,0.382226730350724,0.349386195678101,0.358305806747216,0.403005885599898,0.411264744630918,0.47111011482998,0.356827300943067,0.491391558916514,0.428918124792852,0.543861328601969
2076,0.382212290655455,0.34953139035616,0.358486783114293,0.403025371122555,0.411235393752655,0.471150576271327,0.35681778183926,0.491518093914912,0.429053757936281,0.544112171265494
2077,0.382205571636887,0.349667916014202,0.358598247463771,0.403008589986904,0.411195935465269,0.471228087268705,0.356786499179383,0.49163925493533,0.429289057467579,0.544383897952481
2078,0.382135523535033,0.349718874820734,0.358696658821409,0.402937383404888,0.411149961787185,0.471182914202922,0.356725200132358,0.491653423086079,0.429401925715673,0.544554085170523
2079,0.3821105933155,0.349676256092935,0.358820907175134,0.402738347175865,0.410988972742561,0.470976157273295,0.356610736139811,0.491544589839048,0.429333800869624,0.544609288366913
2080,0.382072468693216,0.349771886973665,0.358888665344631,0.402692709131992,0.410953506050365,0.470957139401848,0.35652590517346,0.491564515478564,0.429440518608051,0.544751130801004
2081,0.381942117285946,0.349878034923607,0.358807851082766,0.402672398819763,0.411063936175449,0.47097624578898,0.356412146066006,0.491586928990488,0.429632427942677,0.544928424925231
2082,0.381853049350156,0.349970332313121,0.358912493020392,0.402691586910853,0.411045038175693,0.470981989277066,0.356374717372488,0.491615349697832,0.429767595931345,0.54504745862351
2083,0.381830206851437,0.350225414400454,0.359189899720538,0.402857112886689,0.410945591865807,0.471141896504464,0.356413700652528,0.491701667386099,0.429968951264866,0.545137538736429
2084,0.38178807848145,0.350304245234305,0.359254781856583,0.402897355959502,0.41091201281226,0.471153554956981,0.356359646957189,0.491747065282466,0.43010498822337,0.545248042958486
2085,0.38166833247262,0.350175441669347,0.359241086153862,0.402888681358328,0.410869780812262,0.470986116357696,0.356274366895155,0.491784482198017,0.430149513089203,0.54530618618004
2086,0.38162935116272,0.350188431075988,0.359324414464046,0.402886139459373,0.410825472988025,0.470952078524002,0.356229528530517,0.491819965643148,0.43023534200404,0.545409594935733
2087,0.381675969031365,0.350210278283931,0.359333614681739,0.402837247969006,0.410806483740987,0.470950690812179,0.356142845594712,0.49186623029119,0.430310102684482,0.545572817796111
2088,0.381719026152688,0.350235656849279,0.359332627050108,0.402775761330922,0.41082522980846,0.470940286974268,0.35609342344745,0.491876010074988,0.430411771792572,0.545739030083339
2089,0.381663491884691,0.350380614573539,0.359520059337288,0.402823837748851,0.410840409835837,0.470978269177265,0.356108423478496,0.491922291434067,0.430573572721448,0.545842861971549
2090,0.381640574279595,0.350519652447909,0.359736473926983,0.402866770689908,0.410828555517518,0.471087024553408,0.35609614818387,0.491888552895735,0.430711145597132,0.545899044300369
2091,0.381671573380533,0.350578110682543,0.359789642483053,0.402865056493299,0.410822328313123,0.471115792734284,0.356015135983251,0.491904648873489,0.430734198440946,0.546015409545659
2092,0.381686250041976,0.350668240770925,0.359812286332477,0.40292866224061,0.410954465609938,0.471118370016032,0.355964412133991,0.492088056491659,0.430847127357884,0.546229257513997
2093,0.381740684144205,0.350777654389785,0.359921109431391,0.402986836872831,0.411039915674093,0.471198171492769,0.35599796592829,0.492193700831698,0.431005446482384,0.546425695703761
2094,0.381914087797687,0.350902692394817,0.360080251959581,0.403025583125758,0.411114093996956,0.471356472251883,0.356109386077501,0.492329363833458,0.431198768699607,0.546744418346832
2095,0.381968707683668,0.350975133510362,0.360165667030764,0.403070449420681,0.411171206565559,0.471396960538718,0.356154751809784,0.492401892425441,0.43131519664511,0.546902958556207
2096,0.381948126052228,0.351064255983478,0.360265407590326,0.40317419031957,0.411248430721868,0.47141276842852,0.35628970918013,0.49241228315956,0.431480387314284,0.546919882646402
2097,0.381987667224145,0.351141909015679,0.360374540919299,0.403219636349814,0.411321876706348,0.471487155148155,0.356331426813567,0.492484531397769,0.431607979815102,0.54708438176166
2098,0.381995859938655,0.351124387738418,0.360392894504305,0.403144475669478,0.411374827000351,0.471489516941656,0.356235793398144,0.492537369742451,0.431592783891064,0.547285981310593
2099,0.382056531714889,0.3511951984663,0.360486861600634,0.403216543305723,0.411432267015215,0.471534895194716,0.356236528401905,0.492650626953156,0.431706986567869,0.547434794588367
2100,0.382198308647124,0.351353234143849,0.360730806002051,0.403424541908169,0.411490567252439,0.471694152440481,0.356240336584658,0.492851590480829,0.431982522500503,0.547651886044171
2101,0.382279802600762,0.351442778007822,0.360831824471656,0.403511042035445,0.411555671431936,0.471786246620858,0.356261364757517,0.492994530592338,0.432111226161337,0.54782210687669
2102,0.382312128059538,0.351468808984023,0.360801651799385,0.403578595885402,0.411541561518148,0.471755065870512,0.356264812734635,0.493081618681926,0.432130714805424,0.547844851053662
2103,0.382414863617121,0.351600758779074,0.360880255492898,0.403678474547746,0.411684156510263,0.471884767910762,0.356425196405867,0.493281330937019,0.43224661110627,0.548003399219922
2104,0.382571600676981,0.351789512056871,0.361044959568795,0.403771657338667,0.411900499084991,0.472113549415833,0.356553003811424,0.493487211536134,0.432412765543084,0.548290380851728
2105,0.382720802797956,0.351938540083408,0.361158259490147,0.403885245569031,0.412066317427679,0.472225965026777,0.35664793806404,0.493641915529048,0.432587274741531,0.548506878652068
2106,0.382913743428991,0.352065328248377,0.361305080173805,0.404092927626538,0.412218333206856,0.472341153961898,0.356692398231085,0.493870740819217,0.43279616375629,0.548662850910406
2107,0.383098634904744,0.352270610922565,0.361458986163083,0.404303733419681,0.412344317307236,0.472492569203177,0.356712601350848,0.49404662792199,0.432973133145048,0.548807614624427
2108,0.383254614744239,0.352458152009111,0.361624023851657,0.404487923957546,0.412494287020476,0.472645531912599,0.356811150605094,0.494219101724848,0.433152025312634,0.548981435825153
2109,0.383328385109483,0.352574916977656,0.36171743865092,0.404591208786543,0.412592733649304,0.472757524947403,0.356901818838419,0.494331143889669,0.433220777652597,0.549092505513665
2110,0.383484898879389,0.352757638197508,0.361859890021879,0.404792106800632,0.412761377920061,0.472910897112764,0.357046237398617,0.494563153174367,0.433416980904058,0.549282162781263
2111,0.383658274263798,0.353064349727376,0.362092940767394,0.40505731060373,0.412991740598241,0.473110348642189,0.357322459146719,0.49484501417113,0.433764645027832,0.549540514324643
2112,0.383888066101975,0.353234421965238,0.36227234236238,0.4053058347274,0.413186308179892,0.473303907945355,0.357484356241068,0.495096134485214,0.43394139023565,0.549783398795276
2113,0.384211715790677,0.353297631982605,0.362403305236168,0.405582021751279,0.413377689218799,0.473473778320797,0.35756579585271,0.49542647583775,0.434027345024703,0.550044248588774
2114,0.384430662904394,0.353479418758646,0.362555926775606,0.405841015680643,0.413589842849129,0.473703273118977,0.357731948929247,0.49568787870849,0.434203046036144,0.550289427336582
2115,0.384658545136741,0.35368411940841,0.362748680275249,0.406092139214661,0.413815351941466,0.474016692797895,0.357922196969798,0.495861240041508,0.434334706346182,0.550577632361911
2116,0.384855843261388,0.353851549790249,0.362891341165557,0.406344666242467,0.414049322408901,0.47425579216278,0.358075882793273,0.496098873410899,0.434499850736393,0.550814276680982
2117,0.38493266826159,0.354071179304634,0.362981833476962,0.406595246591748,0.414322643746048,0.47447942385528,0.358212671028225,0.496325065116399,0.43473988805918,0.550974387416415
2118,0.385097534507145,0.354261325848829,0.363067942500652,0.406866563800819,0.414528183200152,0.474690619466051,0.358437229804772,0.496623033690815,0.434974549178895,0.551166465161993
2119,0.385403949841804,0.354376853355137,0.363280218534874,0.407088552884844,0.414749874725731,0.474915298505663,0.358675677261647,0.496988095245892,0.435170314712554,0.551519056096505
2120,0.38558866294062,0.354504518289058,0.36348979567254,0.407363758715721,0.415003506321726,0.475192311129071,0.358907206051091,0.497323109853397,0.435379103896641,0.551829425470116
2121,0.385739910038845,0.354647924636717,0.363679777416126,0.407681633906361,0.415251552161484,0.475492333978937,0.359156107658224,0.497619243977107,0.435592062608587,0.552008475218397
2122,0.385969366843481,0.354850360849867,0.363924593215511,0.407943130393566,0.415488368747231,0.475782553401608,0.359353000236097,0.497870769953164,0.435800910445026,0.552238448721594
2123,0.386192554197189,0.355084386932911,0.364026392943934,0.408178554536949,0.415693378183723,0.475952476964879,0.359396332246707,0.498010290521019,0.436016552052385,0.552480979540634
2124,0.38642995290272,0.355292385902591,0.364143999327706,0.408421673332628,0.415926993747619,0.476145580154143,0.359476022225654,0.498264894121219,0.436259959049987,0.552678227967214
2125,0.38662955114071,0.35547786212125,0.364334783097053,0.408664044518609,0.416145796967504,0.476377512975829,0.359645619143715,0.498522956233147,0.43645424394532,0.552881764988336
2126,0.386898267363287,0.355681455882327,0.364621282443662,0.408887238787067,0.416363049349183,0.476636050287533,0.359932660367492,0.498843096672912,0.43666974509906,0.553251341097607
2127,0.387061938057884,0.355849680060502,0.364778385491613,0.409109923021186,0.416550832366746,0.476842742695552,0.360075918613437,0.49908985883298,0.436835042695409,0.553440049803161
2128,0.387062679013922,0.355959225415916,0.364959191516961,0.409360967203571,0.416748787391347,0.477103763945258,0.360227480225632,0.499378062226456,0.436938645521585,0.553424903529917
2129,0.387212361428464,0.356078556881259,0.365074148309496,0.409546936311356,0.416891532742481,0.477262822399937,0.360350481586081,0.499556772591762,0.437034952214005,0.553532284989828
2130,0.387483614776693,0.356246246453949,0.365030235037289,0.409641387687005,0.416991943760717,0.477337602537487,0.360375785963965,0.499619987959033,0.437132165133878,0.55372686793272
2131,0.387621542174067,0.356328005574086,0.365105394383529,0.409817507050877,0.417071925975153,0.47742248892054,0.360429823494552,0.49974797423013,0.437208087623915,0.553797798910883
2132,0.387704319454172,0.356281024911403,0.365268495494864,0.410083706395895,0.417109862002689,0.477479823102475,0.360524430842157,0.499882365302886,0.437216302031904,0.553814528798524
2133,0.387834405037804,0.356351241282658,0.365327117289569,0.410239678854296,0.417146433986965,0.477491953054464,0.360555576345423,0.499950840351865,0.437254199539761,0.553834794508356
2134,0.387962399680542,0.356526659402764,0.365389347968229,0.41040519068289,0.417176774863805,0.47749983084889,0.360526200423457,0.500016116707949,0.437342618260241,0.553834367809956
2135,0.387998301689422,0.356530188244221,0.365418474498177,0.410472189441514,0.417166669674388,0.477418305708003,0.36048424860845,0.500083245840945,0.4373653099198,0.553737024726215
2136,0.388044574525715,0.356467961872035,0.365307866532271,0.410500698965179,0.417120631949855,0.477262050360022,0.360499202656938,0.49999944008026,0.437278008464684,0.553620940123597
2137,0.388126579862649,0.3565488521429,0.365167694291177,0.410500393251844,0.417080935474337,0.477223881421371,0.360540657687892,0.499863824440669,0.437213011064358,0.553555270033837
2138,0.388136971105,0.356519462860079,0.365103892539474,0.410581157050138,0.417026411522055,0.4771611233366,0.360437338212091,0.499835512585107,0.437165566238629,0.553439698010587
2139,0.388106392974525,0.356354723831261,0.365080509914659,0.410704715756005,0.416946060022775,0.476990993133189,0.360340796833058,0.499795889163301,0.437078435064594,0.553263782867195
2140,0.388086983880515,0.356291280262034,0.364992752751066,0.410703265292496,0.416863465952149,0.476865864161666,0.360267517248906,0.499668529455538,0.437025341972132,0.553100837663357
2141,0.388084125953166,0.356217455669054,0.36490506246645,0.410622535933998,0.416734183192508,0.476680444527786,0.360104710363266,0.499463758109599,0.436968794014923,0.552851895380838
2142,0.388017219536141,0.356097533534671,0.364793673238117,0.410531684034986,0.416515767280813,0.476357474502048,0.359971887381191,0.499202383985091,0.436812754780165,0.552526897389234
2143,0.387848077076042,0.355912511713174,0.364632233872958,0.410346552559119,0.416167741325886,0.475880767192501,0.359929179835881,0.49876062786939,0.436540923539732,0.552118262876097
2144,0.387747624338709,0.35575905301581,0.364426971070851,0.410210005290505,0.415897116863246,0.475514172668954,0.359781420587775,0.498432319868683,0.436297802157447,0.551679654482811
2145,0.387690486444868,0.355631724641612,0.364201100952744,0.410135039443191,0.415613389137642,0.475098458286241,0.359540820766334,0.498175835216013,0.436034561847236,0.55113259905491
2146,0.387547924147147,0.355415815203299,0.363963129083897,0.409953573061893,0.415283628319081,0.474628167273145,0.359328123656484,0.497797915314125,0.43574156646224,0.55059363441962
2147,0.387348697795815,0.355153819213789,0.363640806959452,0.409653232382056,0.414958808249152,0.474223495289738,0.359107916599362,0.497374709344507,0.435376907696575,0.549996854197878
2148,0.387189618461039,0.354884483471944,0.363367297349845,0.409428953923114,0.414627550771743,0.473738952669654,0.358877477258866,0.496906805253695,0.435074684047489,0.549428732345574
2149,0.387039344227236,0.35454633078228,0.363180888488599,0.409229427646585,0.414219426849461,0.473065311755557,0.35864454592333,0.496316585463884,0.43486047767036,0.548934388015294
2150,0.386834527199364,0.354223067442833,0.362901475364025,0.408971757057499,0.413845947755614,0.47250889140042,0.35836229259124,0.495811288093301,0.434497568500853,0.548328090652528
2151,0.38662448960939,0.353875238197826,0.362574931819378,0.408667603752305,0.413548569960369,0.472045744129934,0.358047143178968,0.495329492961633,0.434091458549757,0.54765903279707
2152,0.386400390156448,0.353552761127145,0.362179767423133,0.408484856358463,0.413139532764244,0.471484796766697,0.357722404961512,0.494824787369376,0.43363235566185,0.546930267115771
2153,0.386166014293299,0.353296020534262,0.361892534452073,0.408307565628446,0.412689584761984,0.470878566387501,0.357386130802273,0.494385226383893,0.433179743827612,0.546319652078617
2154,0.385889276280711,0.353059416284111,0.361605158755697,0.407926252301543,0.412360721247351,0.470394558712091,0.357097040016957,0.49384642706153,0.432737636068577,0.545733427747406
2155,0.385701708674176,0.352849105692851,0.36139659164571,0.407665304726256,0.412027794498682,0.469954185549401,0.356844790762225,0.493275577959358,0.432383943843885,0.545238774743912
2156,0.38559620783237,0.352617724803635,0.361217883118512,0.407555366419502,0.411714825533212,0.469484527223139,0.356599178488103,0.492842804923129,0.432140583719472,0.544736884464601
2157,0.385427457086689,0.352214974341952,0.360869137149229,0.407295195623542,0.411396794757138,0.469079190604885,0.356393773948033,0.492435659694785,0.431790347363289,0.544105182968326
2158,0.385228025826231,0.351857584990863,0.360490167264867,0.406992152857634,0.411061575779974,0.468725027915064,0.356220282543143,0.491987565591579,0.431295841014536,0.543504418167203
2159,0.385043368230941,0.351592926272372,0.360185724391022,0.406770608870133,0.410787200378864,0.46832211791472,0.356076588713282,0.491612522234676,0.430932456086467,0.543016847401333
2160,0.384836936866014,0.351368544625721,0.359855183677119,0.406555368992727,0.410517544010994,0.467831130089638,0.356022772536743,0.491315070557157,0.430615467690729,0.542665682817531
2161,0.384663967088077,0.351121201702815,0.359604968101284,0.406368422137386,0.410271538567614,0.46748332356044,0.355901819090594,0.490980201422898,0.430289431164016,0.542216204204854
2162,0.384509117381081,0.350956061844976,0.359472990764811,0.406282019864294,0.410079670363938,0.467179712978905,0.355731180735342,0.490635052186012,0.42999175615048,0.541725888856338
2163,0.384375131862992,0.350755303807581,0.35926252378787,0.406117943651958,0.409913649793129,0.466922305934935,0.35564468019243,0.490362647641863,0.429704768844072,0.541378859657585
2164,0.384269874865374,0.350512582815676,0.359065419426988,0.405867154103072,0.409720011569276,0.466763605561813,0.355579818191586,0.490118319955972,0.429420092572395,0.541086619668481
2165,0.384158268332532,0.350303728789646,0.358805782152785,0.405716598855203,0.409603026153089,0.466594500648795,0.355525082623793,0.489859712528599,0.429111350925787,0.540756863575769
2166,0.384017341065739,0.350118240408492,0.358430557995629,0.405587258328503,0.409588796011725,0.466450598278231,0.355517575192415,0.489634036880152,0.428812900024047,0.540537610163072
2167,0.383938275653635,0.34994033263972,0.35819589029916,0.405493423002443,0.409541230524161,0.466313410958574,0.355536888274431,0.489454859090323,0.42855867952117,0.540295462846129
2168,0.383920641691145,0.349741374097449,0.35803450603824,0.4055062449535,0.409502832691766,0.466164136428809,0.35554975765959,0.489287069546583,0.428300406506198,0.539985216599455
2169,0.383880637078608,0.349579047491724,0.357815437099989,0.40545079151207,0.409500579443014,0.466096967952785,0.355601707042232,0.489123617856667,0.42802458006118,0.539685109035743
2170,0.383869553383059,0.349447954604521,0.35764824930443,0.405363942800744,0.409537997013332,0.466145650564675,0.355746852428368,0.489041394603485,0.427767055523354,0.53944465386467
2171,0.383865576736322,0.349381749836561,0.357457653076691,0.405310165435699,0.409562878639927,0.466109122386675,0.355850365761779,0.488908760888522,0.42755461253851,0.539188425880677
2172,0.383861034619084,0.349228999029823,0.357227583659679,0.405189093247037,0.409579784579397,0.466003298223178,0.35589062078176,0.488697540260564,0.427302304019912,0.538858757867527
2173,0.383781233163832,0.349051666985159,0.357050397774532,0.405137794322705,0.409552295339177,0.465866427054118,0.355907061770444,0.488516988146393,0.426990105318681,0.538591765828888
2174,0.383677438609665,0.348880240126587,0.356845646772931,0.405068930970894,0.409480656645843,0.465547054840154,0.355860258446983,0.488305826437288,0.426647309933061,0.538288264230806
2175,0.383579091629872,0.348584815839503,0.356557837585105,0.404882696858086,0.409406233015321,0.46532698644043,0.355870386369429,0.488081832502934,0.426313804904771,0.537844401520387
2176,0.383401591197665,0.348326005745231,0.356172856582736,0.404732436911481,0.409298138979729,0.465261107573726,0.355942228147905,0.487888365314655,0.425956446150407,0.537402819666247
2177,0.383275287001868,0.348150230209261,0.355814569228809,0.404585130481359,0.409137061754461,0.465067496360911,0.35596365446197,0.487578290592146,0.425544911054798,0.536946212703093
2178,0.383249435479435,0.347903455503277,0.355540717494581,0.404432447261597,0.409034364480856,0.464841488394274,0.355985977730018,0.487267957115252,0.425170851818393,0.536475232189031
2179,0.383403553244695,0.347599311103569,0.355412601900971,0.404322344312228,0.408976963763506,0.464612423493431,0.356066484637497,0.486948821184796,0.424865899294538,0.536061420123787
2180,0.383318419905964,0.347350070391272,0.355072483036135,0.404144239416555,0.408802617386925,0.464304256248808,0.356009465320764,0.486581432849643,0.424440611328494,0.535523441358947
2181,0.383193148481842,0.347151030488913,0.35464833464803,0.403898686847617,0.408638408840242,0.463903472584392,0.35582977569609,0.486144344290012,0.423991254279699,0.534856943228637
2182,0.383051366392184,0.346860068354608,0.354291101708651,0.403685060318353,0.408416032978983,0.463512753689099,0.355751891099818,0.485736749329799,0.423486565434801,0.534265657973786
2183,0.3827285182082,0.34656297812573,0.353896674904512,0.403522600989796,0.408039139000403,0.46313391758866,0.355689442300282,0.485368191855793,0.42289585923307,0.533730244515522
2184,0.382526610657591,0.346237500070238,0.353447683652152,0.40323150131807,0.407731556006868,0.462649947971599,0.355530093992022,0.484854113352307,0.422301416931263,0.533041353447932
2185,0.382434552765927,0.345844197712448,0.353038468712913,0.402799610873394,0.407469647766626,0.462019580410308,0.355364740366414,0.484221791939912,0.421617472569305,0.532297785129459
2186,0.382273390973305,0.345408419081756,0.352579539009917,0.402519091679788,0.407144861452705,0.461483864830026,0.355202774910364,0.483659208600477,0.420985089473175,0.531533999370566
2187,0.382095086314386,0.34491952543805,0.351951909498716,0.402306091531419,0.406806633819662,0.4609935202204,0.354935631954536,0.483110047023597,0.420375084570362,0.530617728244582
2188,0.381870389391008,0.344475793729987,0.351395955965152,0.401945639231846,0.406434015035299,0.460382047496787,0.354701250423697,0.482418359461239,0.419737300837964,0.529723244159719
2189,0.381563486907395,0.34402100745617,0.350875341270413,0.401508750025075,0.405989196826679,0.459700605356872,0.354487345836922,0.481611788894742,0.419081717312406,0.528803640506425
2190,0.381380088742026,0.34352431869681,0.350453760471357,0.401271845264685,0.405558087946728,0.459130731834861,0.354342046123995,0.480954662272389,0.418482927512666,0.527990961112332
2191,0.381117841558236,0.343086058649029,0.349856377573227,0.400927129941214,0.405215626860131,0.45843319860764,0.354119499672076,0.480215380034654,0.417865809153686,0.527099907197729
2192,0.380810218414225,0.342691561445637,0.349228936298801,0.400485618468886,0.404884261743723,0.457643694829625,0.353892427559229,0.479466940789779,0.417150677339927,0.526181974950593
2193,0.380610972114964,0.342301266180375,0.348805628665339,0.400253710986888,0.404594421038721,0.457010885414219,0.353734512607205,0.478937200236397,0.416488964230753,0.525404597073574
2194,0.380349873207856,0.341881441890401,0.348331832647241,0.399937834332272,0.404150773574795,0.456382472070178,0.353447569729706,0.47828164838357,0.415890302822774,0.524531921361486
2195,0.379998990604833,0.341398724476033,0.347844027580901,0.399456083308383,0.403619886038406,0.455705556111806,0.353118778265927,0.477448906626523,0.415254565692368,0.523609088745873
2196,0.379615894994093,0.340840564249331,0.347422412674615,0.398976720757165,0.403133628367823,0.454998170804846,0.352892172560143,0.476571475760886,0.414611157810394,0.522680738494496
2197,0.379248022285426,0.340293295703899,0.346905137624251,0.398541822025886,0.402603466781815,0.454191891918971,0.352594999642349,0.475720871634026,0.413892850437981,0.521661217148359
2198,0.378799888254823,0.339650217622662,0.346240004792669,0.398169202135087,0.402068512759119,0.453322504666903,0.352282806665724,0.474865937384048,0.413084318261756,0.520562889777932
2199,0.378408326804543,0.33908207124766,0.345646321586857,0.397665159659207,0.40147869038484,0.45237128419329,0.351911927254774,0.473911708147531,0.412347189728212,0.519439340287091
2200,0.378069396789745,0.338557794713176,0.345113645674467,0.397098598580464,0.400841571277894,0.451295031222262,0.35148645847794,0.472912532540942,0.411615242733607,0.518237803347122
2201,0.377716554440323,0.338016955411599,0.344524391847804,0.396591575211616,0.400182346954845,0.45029654823885,0.351079392762836,0.47192283130192,0.41086567761072,0.517067861364806
2202,0.377327135203948,0.337425325066363,0.343824091112646,0.395924825093154,0.399398557164096,0.449188551095497,0.350595160486627,0.470739997879636,0.410080804985056,0.515775880374239
2203,0.376995100306924,0.33692091976409,0.343259325865178,0.395474355400874,0.398796742502689,0.448235618386172,0.350246532730606,0.469812264264576,0.409404696087666,0.514687713246497
2204,0.376696961280548,0.336463686074566,0.342667589549824,0.395252330804645,0.398166765692277,0.447268791859754,0.349887272060691,0.468942893258488,0.408677976252603,0.513573885711555
2205,0.376442611617048,0.336061009144712,0.342243198522166,0.394908771813356,0.397748357019134,0.446526292697209,0.349668756987871,0.468240349366509,0.408112925198508,0.512744031517825
2206,0.37611221424092,0.335607178274818,0.341903795578587,0.394448799744189,0.397423482637214,0.445739371643718,0.349556315070823,0.467547656935961,0.407648305089,0.512030372613023
2207,0.376000928000011,0.335395223125977,0.341712864859819,0.394259448094756,0.397298092671733,0.445456482277223,0.349541417993829,0.467254554193702,0.407371252841743,0.511613200220183
2208,0.375982910064239,0.335264969946902,0.341635755200569,0.394004619180022,0.397290836720482,0.445476112376103,0.349525660720346,0.467173043462162,0.407095040344193,0.511367956010988
2209,0.376105773715609,0.335287801662877,0.341708119517189,0.39407672214896,0.397550045012285,0.445730670038702,0.349781948635413,0.467380053962145,0.407111445558671,0.511456969777266
2210,0.376451222484261,0.335539549313894,0.341946250421601,0.394498461630951,0.398047694094992,0.446402488839585,0.350289124187599,0.468061780042322,0.407472440439729,0.511887482125121
2211,0.376805361350193,0.335900893473282,0.342288530639609,0.395051732095258,0.398740509578174,0.447241010738153,0.350790810954252,0.468721400288476,0.407890396815285,0.512534166198668
2212,0.377265024579654,0.336195256358983,0.342728875023226,0.395573446473691,0.399656461779234,0.448210811678358,0.351440337924804,0.469462574468384,0.408170803006684,0.513433478936058
2213,0.377823923157929,0.336679219636593,0.343249468779031,0.396167243836176,0.400579225280418,0.449467344326016,0.352353091495418,0.470565218415852,0.40879591414221,0.514539465281409
2214,0.378442239628762,0.337392357531732,0.343783277325053,0.396796722513959,0.401620730522173,0.450876988334692,0.35318667207987,0.471820573477675,0.40950302102062,0.515759706778179
2215,0.379153733932435,0.338078837578369,0.34430226980307,0.397497888348634,0.402758033003036,0.45227684039467,0.353958144439002,0.473028042532457,0.410071599966253,0.517025454951818
2216,0.379827410585073,0.338795999060238,0.344847450099536,0.398304725003944,0.403820510460586,0.453633779329205,0.354841085849144,0.474312354004641,0.410815637471988,0.518340873883762
2217,0.380479236482363,0.339618169865949,0.345435335841191,0.399213948425536,0.40493235359445,0.455033361463731,0.355758459481508,0.475642854814031,0.411623369878368,0.519687629958888
2218,0.381055091385518,0.340259256937004,0.346015232743392,0.39988469366807,0.405920083682449,0.456281493269846,0.356521899612789,0.476737378392674,0.412218959241023,0.520854886856794
2219,0.381532237873044,0.340719619851471,0.346650181717118,0.400401424958884,0.406798247223016,0.457428975294338,0.357211079645172,0.477645645565354,0.412532342424594,0.521932647579655
2220,0.382042875110972,0.341245767923214,0.347145880701071,0.400955271231554,0.407659931204642,0.458529035032098,0.357897409716821,0.478567665971002,0.413130284683298,0.522959775778434
2221,0.382605013209834,0.341815690302064,0.347582926814874,0.401465612227294,0.408562317755215,0.459638691685037,0.358546035379269,0.479453593866381,0.41385761402278,0.523924899312061
2222,0.382979353544002,0.342222864672154,0.348027725588754,0.401876187242797,0.409229609676049,0.460466290600793,0.35908154303236,0.480183898308695,0.414394068913927,0.524726313683495
2223,0.383214298025565,0.34248735199132,0.348383085867312,0.402228083255032,0.409717502747851,0.461105818070865,0.359602118074692,0.48078571301693,0.414927387934748,0.525377241076436
2224,0.383541733226751,0.342891762866772,0.348759178266562,0.40261393707159,0.410235366561607,0.461731868754144,0.359997840533831,0.481412440045029,0.415474467777016,0.526095976040751
2225,0.383843392982851,0.343267258614352,0.349228572255884,0.402913079536522,0.410630448276349,0.46214244006506,0.360182086573105,0.481966196673026,0.415948370386995,0.526742468679187
2226,0.384028858669364,0.343593001131288,0.349556880007894,0.403190084225257,0.411011443231242,0.46258273886407,0.360427053348962,0.482385679424427,0.416336479100957,0.527296649842379
2227,0.384177223381916,0.344001619866137,0.349692695165969,0.403528329038352,0.411359661253845,0.462971524718974,0.360663085431457,0.482700392439863,0.416680544823997,0.527793334958796
2228,0.384368776332097,0.344324576200671,0.349966885360245,0.40378301763371,0.411704861214149,0.463370785327011,0.360858735675721,0.483075885810548,0.417111572186191,0.528335401806242
2229,0.384488426990628,0.344518072852096,0.350319053492008,0.403898833712541,0.412096234309175,0.463795861341082,0.361077447866175,0.483385579864879,0.417522734140265,0.528800758914391
2230,0.384545754376264,0.344781912498251,0.350556678712758,0.404045440896493,0.412275778222311,0.464089505209002,0.361162733294656,0.483627694208054,0.417845296462996,0.529254087763983
2231,0.384652995963801,0.345117671031624,0.35074386632592,0.40423250926273,0.412265127325698,0.46433413496862,0.361127819355972,0.483955093877688,0.418234434220506,0.529806008480281
2232,0.384736340912166,0.345337423809094,0.351020335495041,0.404355075172742,0.412397630215253,0.46456487780689,0.361092801484529,0.484160213397214,0.41858523946222,0.530269748104952
2233,0.384723272778404,0.345418250354843,0.351294537568729,0.404451574207163,0.412494502038623,0.464667134843762,0.361035960815428,0.484115563922321,0.418691180946564,0.530588015235949
2234,0.384671302084357,0.345623558704174,0.351495643135013,0.404504006857488,0.412497270701889,0.464759368084821,0.360866176268699,0.484197277760358,0.418956326434317,0.530961742731285
2235,0.384723147812023,0.345907592990377,0.35173019454597,0.404614162006072,0.412566046470365,0.46490639675054,0.360606788685394,0.484451779184821,0.419428502480986,0.531452211625854
2236,0.384554882984067,0.346106339656773,0.352008943698886,0.404448087276422,0.412650872169495,0.464940777367223,0.360342936769162,0.484403306299743,0.419821464258225,0.531704264894413
2237,0.384189153806989,0.346238787015159,0.352121935961813,0.404161180186369,0.41240929085403,0.464848151811308,0.360060573718163,0.484314784785794,0.419908865047128,0.532027380406698
2238,0.383984150031276,0.346324696692668,0.352109675274122,0.403977114111073,0.412003317171905,0.464768468132973,0.359597558482228,0.484337560802959,0.42010870914677,0.532369831707994
2239,0.383852331275871,0.346288489336402,0.352156964540938,0.403700043696477,0.411711895536017,0.464573321759784,0.35917507341338,0.484128200340679,0.420374113060648,0.532534361364366
2240,0.383630118043996,0.346328935912455,0.352303575619571,0.403426571637047,0.4114727276661,0.464381468900005,0.358768391193039,0.483941934304558,0.420520337444265,0.532893364496471
2241,0.383427308786986,0.346529355074287,0.352370765745408,0.403279838353349,0.411284465995189,0.464224038029656,0.358145072897249,0.483957523247359,0.420868270698468,0.53331989260256
2242,0.383135916850437,0.346613019333678,0.352436529100248,0.403088193619678,0.410982676004907,0.463975403971866,0.357518886302065,0.483837307923768,0.421234224943342,0.533440010178178
2243,0.38281307519605,0.346663182228855,0.352506814841989,0.40280972252679,0.410624541687476,0.463793632129635,0.356905586586137,0.483632839384664,0.421432364392191,0.53368249858841
2244,0.382375872017352,0.346626304231793,0.352580677704547,0.402429727610717,0.410188240647687,0.46369618064408,0.356264429620488,0.483351606210049,0.421409463770876,0.533962558497808
2245,0.38200544816317,0.346701847750948,0.352606002164828,0.402145392271869,0.40978236223981,0.463460419156813,0.355596865829874,0.483210867111709,0.421599610989913,0.534274674259156
2246,0.381668752721548,0.346785165510463,0.352569180412724,0.401835987631734,0.409320136963862,0.463125547426497,0.354916797264061,0.483007998764115,0.421837718219399,0.534600055069064
2247,0.381232838207222,0.346862143457603,0.352652517842309,0.401526369882759,0.40885603447126,0.46289879893565,0.354248609937887,0.482801135636162,0.422011709849057,0.534841616198778
2248,0.380695250616345,0.347018218697761,0.352766162702519,0.401295506548995,0.408332719401043,0.462660401145161,0.353572709961548,0.482734218393164,0.422223931852467,0.535024995587795
2249,0.3802546509972,0.347071208198872,0.352864526745948,0.401005241244312,0.407895218717189,0.462391455312198,0.352852034263777,0.48258108911913,0.422434280438876,0.535314466583458
2250,0.379856425484434,0.347060412648608,0.353077538600269,0.400654418293642,0.407552534982581,0.462222059726829,0.352111792233079,0.482287057977364,0.422509292392399,0.53562683050059
2251,0.379392232705729,0.347071583874542,0.353198196467242,0.400310497423264,0.407103313118341,0.461961972322216,0.351388413031643,0.482099530526101,0.422786813864277,0.535907175971815
2252,0.378922427986733,0.347006659684018,0.353183797973403,0.399907491346816,0.406627899642049,0.461484085531312,0.350603837624639,0.481983125607802,0.423286765371352,0.536244768459881
2253,0.378447472188103,0.347040855748466,0.353283499257351,0.399605034682214,0.406160537889688,0.461234628076166,0.349871257174397,0.481821132095848,0.423591908066985,0.536554658923445
2254,0.377879823319107,0.347151641545921,0.353482212421704,0.39935844369321,0.405603704953175,0.461181588699164,0.349229999368216,0.481645759844239,0.423944846822508,0.536802075409423
2255,0.377385601836079,0.347175429887586,0.353580564642,0.399072004263183,0.405080852176205,0.460952057780842,0.348508485434541,0.481490368325374,0.424200170917333,0.537060193601067
2256,0.376969343410339,0.347210583054721,0.35363459935585,0.39884249445083,0.404590408280894,0.460744265239658,0.347718232935657,0.481368103035025,0.424260168469316,0.537406124952886
2257,0.376556520144578,0.347293061807333,0.353772667795806,0.398613712756805,0.404189807507141,0.460531104938558,0.346995977189102,0.481239508315026,0.424422830899839,0.537689496509601
2258,0.376133753338501,0.347332784397154,0.353922697139068,0.398349981791927,0.403825100464151,0.460126322627618,0.346214584099842,0.481056275878599,0.424593070973225,0.537868413049825
2259,0.375735167140715,0.347365915749283,0.354004291078668,0.39808356552374,0.403397225528702,0.459861245076345,0.345545887465571,0.480929333311237,0.424758486671259,0.538060891235077
2260,0.37539804673921,0.347500114901727,0.354091156658432,0.397865126879534,0.4029828889518,0.459757914696518,0.345033541674003,0.480805358421471,0.424920092865035,0.538232651170896
2261,0.375000422707504,0.347515914683642,0.354215134405399,0.39757796132787,0.402682597602349,0.459568672779092,0.344415385750076,0.480776135613325,0.425106669284633,0.538452456288813
2262,0.374638038411059,0.347495476940676,0.354294639144804,0.397354705811202,0.40217791727966,0.459321987939598,0.343795514043625,0.480753691727939,0.425358365170875,0.538692439725867
2263,0.374315730626778,0.347575313636186,0.354416977898259,0.397226060910124,0.401629994926314,0.459148173896084,0.343386989209076,0.480674573679522,0.425666831318224,0.538826191039061
2264,0.373922547482651,0.347649615450789,0.35459390237702,0.39703066104784,0.401253901588217,0.458929927665891,0.342937646288824,0.480583105514337,0.425945870986765,0.538895981884876
2265,0.373584672444561,0.347730081826548,0.354712175695254,0.396895307972668,0.400935506384988,0.458762032483888,0.342380546943211,0.480468928902814,0.426177497035406,0.539000397973246
2266,0.37321819486774,0.347658111071164,0.354711983086065,0.396808733923489,0.400607282097416,0.458579476728806,0.34182850219937,0.480259311807917,0.426311406247141,0.53911009891138
2267,0.372796578889108,0.347565670911767,0.354684649971184,0.396602981873925,0.400305324800297,0.45827516301792,0.341336750368747,0.480139375996675,0.426408632395476,0.539148132113152
2268,0.372444829519487,0.347522585077824,0.35473490345727,0.396372029809743,0.399958882029096,0.457983229867479,0.340879828485422,0.480050923343499,0.426498324224822,0.539147162979604
2269,0.372128408054612,0.347453361615404,0.354823007216264,0.396163995772165,0.399549419943516,0.457582040339467,0.34046284666303,0.479965634496977,0.426531431496993,0.539132952267105
2270,0.371796500274219,0.347400309244659,0.354890190339721,0.395967393978167,0.399172258793279,0.457332037586589,0.339976315176346,0.479914403743151,0.426651877913185,0.539134790909209
2271,0.371488854893448,0.347400020024205,0.35503699855897,0.39568047431716,0.398817588420517,0.457165140061644,0.339501485385961,0.480010292391032,0.426833724310192,0.53904268455362
2272,0.371146899967349,0.347330314314431,0.355037934356291,0.395418034698771,0.398429142110258,0.45691670103026,0.339036912037628,0.479853340973879,0.426874046512284,0.539012914381416
2273,0.370762793337327,0.347200012518334,0.354922599306251,0.395249017073021,0.397985183603804,0.456680139613037,0.338505225011926,0.47957569798196,0.426889169670672,0.539127021131711
2274,0.370420469234171,0.347132857442528,0.354862482000103,0.394992169641702,0.397599480169015,0.456422148368938,0.338020556529591,0.479338245328207,0.426887792396747,0.539005236755702
2275,0.370147622987973,0.347105835349241,0.354741241541888,0.394525863726044,0.397227107069088,0.456133292255917,0.337604175517953,0.478939382806847,0.426749273715035,0.538655260821275
2276,0.36978443005127,0.347036702419771,0.354705857557397,0.39436416992652,0.396910329722839,0.455871604565396,0.337179955104921,0.478735500402432,0.426747606798283,0.538612348722705
2277,0.369327539207744,0.346985913946242,0.354773229462898,0.394471809855846,0.396694122108253,0.455650511947257,0.336703866890499,0.478721712521754,0.426915327770292,0.538702002856526
2278,0.368972802685982,0.34685114764752,0.354718524891634,0.394304671316682,0.396353234579799,0.455330593403021,0.336300941405323,0.47847172317767,0.426863468908581,0.538563510652293
2279,0.368662697658771,0.34659158969926,0.354645136621291,0.394167268966007,0.395948109824803,0.454951632610349,0.336049903577964,0.478123418857692,0.426700837418624,0.53849954781147
2280,0.368264780463051,0.346468839149227,0.354527924182626,0.393952487672994,0.39558339631027,0.454554811262872,0.33561290916633,0.477858601288817,0.42655988331959,0.538372285370891
2281,0.367853730313663,0.346409505210256,0.354295320611915,0.393455309647259,0.395176387066145,0.45409962921781,0.335036805180696,0.477581585308192,0.426278515045733,0.537963739361779
2282,0.367522482104496,0.346290548130631,0.354154980848522,0.393166867839822,0.394814640124031,0.453720207402552,0.334613419314241,0.477228725225647,0.426135929189093,0.537700289247873
2283,0.367132559789672,0.346274370454845,0.354019981200869,0.393043571831234,0.394513082783987,0.453314073670317,0.334148587750404,0.47683461177072,0.42611962810346,0.537603962814452
2284,0.366778976989515,0.346115075084796,0.353905480787946,0.392812128153285,0.394200716431837,0.452933306663899,0.333751866296633,0.476524587010055,0.426001854769193,0.537422551476374
2285,0.36665515626894,0.345738591809187,0.353886924326855,0.392567686539877,0.393885871226173,0.452594288067708,0.333584032184458,0.476167860626485,0.425828302756446,0.537100073981293
2286,0.366315265038158,0.345528354727405,0.353780936525806,0.392312191318858,0.39354269101759,0.452266755482629,0.333222462852297,0.47579535917417,0.425716919697495,0.536917377292564
2287,0.365705311106977,0.345402523742853,0.353667695097691,0.392022565430783,0.393233477411118,0.452030880533724,0.332676323519488,0.475564706620389,0.425678872937263,0.536987916366639
2288,0.365296909192532,0.345185082826734,0.353494965733199,0.391751087155543,0.392878062472496,0.451695167807539,0.332281070161804,0.475270507140667,0.425533077352358,0.536772324236501
2289,0.3649470092067,0.344922721129739,0.353148842434705,0.391447039279127,0.392370689388213,0.451279293673641,0.331960387863493,0.474782497058885,0.425343373715264,0.536266214267097
2290,0.364551847376331,0.344769772929652,0.352938625233779,0.391182660775732,0.392017517102445,0.450907587173358,0.331523217327313,0.474413004202081,0.425157846402432,0.536027498840105
2291,0.364262749813415,0.344630576029746,0.35278003993182,0.390969932371953,0.391797436444996,0.450475979661024,0.331053807040012,0.474201739685329,0.424816223523335,0.53583523745291
2292,0.363945264385383,0.344471980352972,0.352645094052054,0.390717410651796,0.391493669672832,0.450082256692541,0.330671027915876,0.473907898000965,0.424604509417783,0.535575227364713
2293,0.363546820846957,0.344475805089304,0.352687602212443,0.390482204780112,0.391271615371173,0.449770146560374,0.330226265642127,0.473677072526128,0.424568592236326,0.535530075858709
2294,0.36315501294859,0.344394102870011,0.352575368617747,0.390243657154443,0.391007481368573,0.449431529540624,0.329834784755321,0.473263403686626,0.424456355259967,0.535436562905058
2295,0.362809521139902,0.34394134331338,0.352242611449368,0.389941509729394,0.390480727951509,0.449006529810478,0.329542289356501,0.472841810389562,0.424253094960026,0.534892482389
2296,0.362361774292199,0.343645605983884,0.35212957456467,0.389580332075339,0.389951251672779,0.448752344045356,0.32912614136876,0.472474097470549,0.42401770845199,0.534442483075986
2297,0.36192047490083,0.343568624161727,0.352104941358897,0.389146431116997,0.389550172664523,0.448402804164988,0.328561940400095,0.472060004421333,0.423588593217386,0.53419206066468
2298,0.361431238219646,0.343352530692259,0.351845510347142,0.38877755470332,0.389227249134159,0.447964820595632,0.327970068146182,0.47170570172424,0.42316025144046,0.533892920282506
2299,0.361041952428037,0.343129140065006,0.351675182956168,0.388442732388441,0.388853060006023,0.447551771085714,0.327540604581782,0.471302709769588,0.422907340538563,0.533519288914902
2300,0.360754879487068,0.343036163600473,0.351635379723834,0.388100111033879,0.388619569657124,0.447054393768054,0.327203629029159,0.470853523984996,0.42273593168013,0.533153137147388
2301,0.360369191511051,0.342858486348417,0.351418463607279,0.387830168833262,0.388187356301647,0.446691363116348,0.326830025723122,0.470492644787048,0.422541506274123,0.532855222593483
2302,0.359937241152025,0.342491406037548,0.351018470690447,0.387676744980746,0.387558271708178,0.446439283308058,0.326597219142446,0.47017507073652,0.422510828454249,0.53250294496065
2303,0.359585475918494,0.342284688275198,0.35081725349712,0.387412675993375,0.387136533723776,0.446026841465561,0.32613405765161,0.469789660322327,0.4223006917759,0.532151122889722
2304,0.359305939857174,0.342257103261599,0.350688361348683,0.387160498731682,0.386774738240179,0.445550449624117,0.325437405917864,0.469417624734938,0.421944744921589,0.531959036740952
2305,0.358846918830162,0.342059971875452,0.350452933275225,0.386829294035363,0.386370748499741,0.445196218988502,0.325059585827012,0.4690873885545,0.421693951294749,0.531580197752883
2306,0.358338783405381,0.341737512609869,0.350238901393071,0.386377752902247,0.386034118352548,0.444845172004227,0.324749707843533,0.468720811911234,0.42147097782446,0.530982570061127
2307,0.357887712328989,0.341525620046098,0.350019043227863,0.386038417913019,0.385649815281653,0.444462801421172,0.324431641849641,0.46839836523359,0.421207807340818,0.53054839378947
2308,0.357220202871281,0.341348187399051,0.349660805959547,0.385707134735131,0.385126598584389,0.444160953195875,0.324285646775761,0.468156772206272,0.420919313677721,0.530152931967387
2309,0.356822841251319,0.341149531472531,0.349485171135333,0.385409693100661,0.38484166603191,0.443834009166268,0.324078725544165,0.467875330388189,0.420717089040038,0.529800796326622
2310,0.356695934948734,0.340988178713841,0.34951359794875,0.385189339540897,0.38473501494116,0.443378111163561,0.32376806408379,0.467593878892691,0.420575685250175,0.52954372170782
2311,0.356433956271674,0.34079085640162,0.349332053253367,0.38492407007029,0.384484173622152,0.443020392837778,0.323555624569862,0.467241926316077,0.420296515580421,0.529144223693904
2312,0.356179731531016,0.340590848065301,0.349089621894611,0.384628329622108,0.384293276029588,0.442866009270839,0.323508245081296,0.466870533969227,0.419984155831489,0.528693386903743
2313,0.355931852942335,0.340316516481212,0.348899457550329,0.384363650443525,0.384069778839337,0.442517013508363,0.323354393836811,0.466527128053687,0.41976449543046,0.528286536632076
2314,0.355636566036599,0.339981600018214,0.348637498959846,0.384157033110826,0.383803266044695,0.441999811763546,0.323109021802855,0.466101113108948,0.41946971469603,0.527841838428504
2315,0.355433088808774,0.339691799202948,0.348386263500593,0.38387608252688,0.383463483650697,0.441596981253576,0.3229354720265,0.465727146935519,0.419208216904791,0.527378673909284
2316,0.355306963622856,0.339332659141071,0.348181110282096,0.38355094288652,0.38291685077763,0.441124717248821,0.322752179276726,0.465456760043167,0.419195564915127,0.526947656656716
2317,0.355162073897658,0.339029656495078,0.347989179141994,0.383250429227526,0.382749289994088,0.440780180654591,0.322637875994675,0.465099987119667,0.418885383443951,0.526493306800035
2318,0.355116178853013,0.338760753908563,0.347784878938809,0.382856948857682,0.382855819517857,0.440644996985352,0.322650161432012,0.464547202913281,0.418192647856814,0.525876938641487
2319,0.354942479298559,0.338554617635027,0.347537642232543,0.382583293574943,0.382656066642109,0.440347790805927,0.322554307927712,0.464292810438814,0.417872295863652,0.525458695195108
2320,0.35461619776668,0.338455011978259,0.347332134048615,0.38243727954969,0.382623297521794,0.439976192128337,0.322442622386711,0.464335590378787,0.417733298091522,0.525306871072876
2321,0.354468019334681,0.338246720527919,0.347094576454545,0.382240949614312,0.382464558724875,0.439695370982218,0.322328142538772,0.464090057499032,0.417415274253859,0.524917327146792
2322,0.354371252020248,0.338071363060754,0.346741208158722,0.382143354302757,0.38183928454182,0.439435151067202,0.322156942670382,0.463900448781883,0.417168535759406,0.524465835812455
2323,0.354235424788389,0.337804336223885,0.346449991267175,0.381890916591857,0.381475510556942,0.439084020100695,0.321988856064985,0.463611688030259,0.416948080402437,0.52402469687212
2324,0.35422343630851,0.337320793550988,0.346220391726641,0.381429074215676,0.381359964259758,0.438734492455571,0.321818387186794,0.462914561699686,0.416607562401465,0.523338201570034
2325,0.354147550344672,0.337023078311943,0.34596377231572,0.381158087978646,0.381157218711459,0.438400876898863,0.321655724753002,0.462506761838947,0.416248767086074,0.522849304664077
2326,0.353956781619788,0.336867703781605,0.345701946406349,0.380957714291586,0.380908268318013,0.437913797578827,0.32144517240979,0.462316393723571,0.415999185263242,0.522626836262971
2327,0.353806373166696,0.336585353882738,0.345419419218525,0.380689786230197,0.380712306147048,0.437562121309978,0.321284659339126,0.462066865536118,0.415710807558723,0.522233402299521
2328,0.353650586251331,0.336272568004194,0.345078108061622,0.380463741834604,0.380576364946859,0.437420007613243,0.321188828551014,0.461921139387819,0.415163495451774,0.521687470521877
2329,0.35355935622419,0.336019716656444,0.344828741089921,0.380278674953192,0.380406629619899,0.437155207867044,0.32108270284857,0.461714207490078,0.414851618233591,0.521340358134938
2330,0.353597035365394,0.335636092466166,0.34464036613238,0.380060486610759,0.380240106935618,0.436783363349314,0.321058138060513,0.461440963585341,0.414885794874498,0.521102881847148
2331,0.353497520590219,0.335410372678909,0.344416951096612,0.379830223036302,0.38006305404109,0.436527590601089,0.320919866878422,0.461194059287773,0.414685769950996,0.520757171548816
2332,0.3533955468715,0.335579256288447,0.344259557579481,0.379710809876379,0.37990754049414,0.436357807126992,0.320666340306835,0.460999997897731,0.414435894884572,0.520532495351049
2333,0.353238273337032,0.335389830805269,0.344058936213361,0.379550230154822,0.379692698098585,0.436092615963976,0.320473575837079,0.460706461472415,0.414174261047212,0.520251256354734
2334,0.352867469262608,0.334905507082843,0.343730862639851,0.379411369349868,0.379397484636073,0.435751791384554,0.320251203013168,0.460240986029686,0.413727702931805,0.519834311854525
2335,0.352522207536489,0.334561018748338,0.343494876165448,0.378971297159539,0.379130629913845,0.435550799162226,0.319988673939459,0.459953835028729,0.413305595939689,0.519321971452924
2336,0.352553423980756,0.334417445047205,0.343436889994907,0.37894434949542,0.379048942312931,0.435552537902017,0.319899273937046,0.459942658096546,0.413187376561506,0.519111113587811
2337,0.35266586529146,0.334146774621504,0.343373657737966,0.378939980385235,0.378878107850142,0.435448128173326,0.319824978361527,0.459670961835651,0.412961008567251,0.518917203741384
2338,0.352648165658205,0.334200180399976,0.343249891519146,0.378598641543221,0.378730994274853,0.435337231476776,0.319770561715492,0.459371116339849,0.412768277851526,0.518738785376747
2339,0.352617672141313,0.334472902041288,0.34319977797788,0.378583903406344,0.378688740285559,0.435437734974101,0.319620221335024,0.459539366555448,0.412905254514184,0.51868495083706
2340,0.352518068179307,0.334372723152587,0.343140348669957,0.37845461675439,0.378546851746305,0.435359937310316,0.319427622021489,0.459458205511264,0.412762536934621,0.51861030106527
2341,0.35211105290474,0.333947656832136,0.342981115165484,0.378123702729395,0.378230957229762,0.435007758638023,0.319099825229746,0.459164248683183,0.412531582339931,0.518573738199273
2342,0.352068443249951,0.33388526490066,0.342977304605753,0.37805986622326,0.378157136827327,0.434947275435984,0.31903282558637,0.459173895423762,0.412385258055895,0.518484958720273
2343,0.352230294696452,0.333857550738776,0.34309639533535,0.378216335008193,0.378210783020748,0.435015310583148,0.318984161712451,0.459425670519484,0.412103545219615,0.518274478064869
2344,0.352307169143535,0.333882182668863,0.343180114990246,0.37833706317241,0.378204617310615,0.435173817975893,0.319053101846814,0.459427334884643,0.412148051694937,0.518489172586852
2345,0.352429080930513,0.334075754295726,0.343239175749654,0.378521184000308,0.378248832271801,0.435497725328163,0.319361442496371,0.459356436916478,0.412412956429111,0.518909779094967
2346,0.352607154554639,0.334250856831436,0.343472206463543,0.378681408427803,0.378336277288892,0.435631765920319,0.319530112556032,0.459502932579465,0.412638597100867,0.519189221691834
2347,0.352831809123436,0.334367770180253,0.343918948728393,0.378899109924515,0.378439234364095,0.435826856342896,0.319673868437923,0.459621225903662,0.413062724504142,0.519664592001487
2348,0.3530416553984,0.33464805107634,0.34407399575715,0.379061646053589,0.378538648292131,0.435914763884691,0.319871873680634,0.459859903035814,0.413273757774244,0.520188746818178
2349,0.353279038345899,0.335167417058536,0.344152751473955,0.379118784298599,0.37870389415899,0.435704724525186,0.320101384752757,0.460392720788419,0.413347322347866,0.520644856396854
2350,0.353551989342788,0.335436324099745,0.34432482315571,0.379381846246037,0.378827902188247,0.435887801034743,0.320295615632887,0.460676944394748,0.413596597489899,0.521031699172933
2351,0.353833839230878,0.335620281364615,0.344265691569777,0.379762415479655,0.378809675281453,0.436302942155234,0.320455066116598,0.460835338218858,0.413876439861925,0.521606394584334
2352,0.354140692301066,0.335885876950785,0.34455043090902,0.380113605052406,0.379091437171377,0.436605134797866,0.32073435392703,0.461071475172961,0.414149763278902,0.522125002891104
2353,0.354524833216381,0.336042540157705,0.345224372218695,0.380616577831011,0.379596899436841,0.436997899155608,0.321064815991009,0.461191833046207,0.414438321926136,0.522299450437789
2354,0.354883493305183,0.336357158723719,0.345596609255807,0.380944177586819,0.379931453351007,0.437409811594804,0.321381960904051,0.461605590574071,0.414901479933146,0.522879178078045
2355,0.355211091322711,0.336859165077578,0.345856919145259,0.381067507162803,0.380360152381673,0.437719388478017,0.321731683851672,0.462233850848928,0.415478680832375,0.523867639480178
2356,0.355568553974834,0.337226100257794,0.346279618150483,0.381470533068691,0.380743377758157,0.438232294681169,0.322184588061812,0.462717331569317,0.415940449629086,0.524590854146441
2357,0.355950407672199,0.337570463546078,0.3467535222988,0.382001868658109,0.380992790697596,0.439067624902244,0.322730086902605,0.463335329684821,0.416509698957323,0.525307481785309
2358,0.356363620666652,0.337914346032312,0.347111093123791,0.382440329008658,0.381324162315901,0.439565936103977,0.323145678747471,0.463865507339399,0.417055938127624,0.525998544991174
2359,0.356904114587827,0.338206705648814,0.347577404724262,0.383073076656614,0.381768553558728,0.439982906535316,0.323617342154851,0.46433028627334,0.417494680846543,0.52669267343636
2360,0.357194229455212,0.338552914939225,0.347900862934454,0.383466374237508,0.382126144363189,0.4403823997021,0.324055652652588,0.464672637309258,0.417923878833391,0.52724035523778
2361,0.357266206606928,0.338915623954061,0.347888546577682,0.383462970417325,0.382369487481365,0.440522192061844,0.324246776619525,0.464863778191161,0.418445312572695,0.527538193279308
2362,0.357615247596584,0.339297937652088,0.348209770367955,0.383926275584652,0.382732188073742,0.440883201186246,0.324730108844811,0.465310383546324,0.418923854095062,0.528201559298236
2363,0.358015205161164,0.339873167976594,0.348835588047057,0.384847344830398,0.383309795413956,0.441487678513548,0.325641177365233,0.465871579855669,0.419319829155092,0.529168576506278
2364,0.358275094867259,0.340092407133498,0.349143863483271,0.385141225840238,0.383548367776457,0.441818927056401,0.326034257976574,0.466163434551444,0.419645937867779,0.529640182498887
2365,0.35874567236717,0.339973937828003,0.349293988732704,0.385258783127428,0.383522231092215,0.441952877773375,0.326203164470584,0.466461441698127,0.419928592097262,0.530065956879593
2366,0.358999120605841,0.340205007352354,0.349668729302137,0.385507283227388,0.3837633767922,0.442329442058548,0.326484270643884,0.466838430351481,0.420306472680198,0.530499955635557
2367,0.358748297805001,0.340432952073244,0.35010137261975,0.385212134903751,0.383952317589695,0.442810238731514,0.326505219994796,0.46701612261663,0.420672816442305,0.530457482378015
2368,0.358958166314647,0.340608716635701,0.35031860743718,0.385372303204713,0.384125300486765,0.443053606326112,0.32661976609209,0.467188043825728,0.420934772543989,0.530663004042467
2369,0.359660475677221,0.341161480452729,0.350662418839854,0.386220272019818,0.384614404064409,0.443481480542251,0.326960656222326,0.467678271709388,0.421332196285448,0.531329070174782
2370,0.359828716263511,0.341326019130759,0.350871541551902,0.386532521812514,0.384803672248475,0.443582428238867,0.327124069804258,0.467834562244402,0.421535466972261,0.531567318105252
2371,0.359815466838637,0.340906470949844,0.350709994201724,0.386576948477894,0.384642647409269,0.443123906908122,0.327093833899386,0.467492106441242,0.421431019784562,0.531400192160076
2372,0.359897327783683,0.34096692689501,0.35067262970387,0.38670829887538,0.38463660436964,0.442982789406967,0.327100487806234,0.467450232329494,0.42145357445684,0.53145094259464
2373,0.359709685299844,0.341313111605526,0.350776639299255,0.386651770301319,0.384636863316696,0.442864452660144,0.327028156410301,0.467595012661445,0.42142205691479,0.531499323697912
2374,0.359551189811209,0.341398286082985,0.350778649551032,0.386698414916473,0.384633122785991,0.442809780131715,0.327100509276996,0.467530525286576,0.421516812799721,0.531512175843928
2375,0.359438784567722,0.341538438718171,0.35048209378726,0.386804296560339,0.384618704155596,0.4428646914748,0.327261688152014,0.467292508225892,0.421753096389472,0.531558317438042
2376,0.359489884324566,0.341666350555346,0.350525133230522,0.38694882201809,0.384630590762824,0.44291611441244,0.32732391967687,0.467288732089587,0.421845872874542,0.531614391902429
2377,0.359660995947832,0.341614515724907,0.350979622728062,0.387226643890135,0.384700459773402,0.443148073133633,0.327584684342974,0.467360425001958,0.422011556894341,0.531724299240061
2378,0.359534215503194,0.341556752656551,0.351027441085016,0.38730381642583,0.384688705400518,0.44311901020451,0.327566650965729,0.467311602266903,0.422049802788754,0.531637916108755
2379,0.359357120845326,0.34156366026164,0.3508413335149,0.387157079405347,0.38466627283234,0.442826128289222,0.327121781414423,0.467372525355215,0.421785014904272,0.531359487240557
2380,0.359332372132915,0.341577456350369,0.350965474043741,0.387312817976145,0.384607089319979,0.442785662734559,0.326989095726813,0.467431781405374,0.421757566962565,0.531295920754954
2381,0.358991530971217,0.341351151431824,0.351113480036781,0.387613864363986,0.384395956135649,0.442793137415438,0.326937023269668,0.467218811234111,0.421790423906939,0.531120200698401
2382,0.358871229746924,0.341375979051631,0.351100216303367,0.387721876208722,0.38431616565223,0.442682060970949,0.326835872971777,0.467249401129937,0.421889581171388,0.531083990582575
2383,0.359348209245951,0.341878455260041,0.351332786749277,0.388021835591233,0.384331913394659,0.442619440313849,0.326931474885063,0.467697292491241,0.422234614192887,0.531407512712946
2384,0.359385867549488,0.341929537679584,0.351429189813087,0.388175307864725,0.384290398995284,0.44265997775648,0.326890430308304,0.467833926606748,0.422403536038799,0.531555170246305
2385,0.358952390936893,0.341565061414486,0.351000080894812,0.387920096212402,0.384238880946972,0.442601173635726,0.326681794854625,0.467800426507885,0.422566196941922,0.531491010713091
2386,0.358860501245351,0.34162507611227,0.350943616134023,0.387875324029204,0.384258018487565,0.442570761995226,0.326502479521739,0.46786283171737,0.422629495473891,0.531653205721933
2387,0.358873991219212,0.341771694549834,0.351385445395447,0.388054978491432,0.384314192413174,0.442784838118533,0.326219448975842,0.467816486992616,0.422393616997211,0.532042669416453
2388,0.358796911433913,0.34178345884718,0.351458908694752,0.388087935450564,0.384320548396603,0.442892592831149,0.326110670369281,0.467805663549346,0.42242947565842,0.532241248283385
2389,0.358913970899585,0.342109839502087,0.351245769464224,0.387932950736005,0.384399695664458,0.442782679861864,0.326091134556857,0.467901362736688,0.422541360784651,0.532408314013541
2390,0.35891856162155,0.342295969115027,0.351326685272225,0.387993219027577,0.384425868878494,0.442814194479092,0.326061381373191,0.467979089961033,0.422710808839628,0.532657295460444
2391,0.358648136015394,0.342164330428052,0.351562171149983,0.388299335700173,0.384383645247633,0.443177545922512,0.326363629308533,0.468139214841365,0.423252461453802,0.533022473346444
2392,0.358538631549797,0.342069670532942,0.351534823275295,0.38832563054938,0.384298255742629,0.443154032163793,0.326308351231397,0.468076310949831,0.423501139763443,0.533033238730475
2393,0.358530192050422,0.342033390880015,0.35149655541513,0.388212365637025,0.384141879562203,0.442566749832591,0.325826142362405,0.467591417711688,0.423531883805962,0.532533061738314
2394,0.358540278369629,0.342034609639691,0.351575579689855,0.388282014074867,0.384054215999411,0.442585684893241,0.325636956185873,0.467638565227679,0.423651893290051,0.532696777125162
2395,0.358651293477223,0.34185081729634,0.351413226078622,0.38822498903254,0.383915292673153,0.443036664581501,0.325519105039161,0.468112298172885,0.423722844504479,0.533254191378431
2396,0.358700428286065,0.341854762513162,0.351333419196904,0.388198999204996,0.383829273101339,0.443005647754878,0.325257502272053,0.468143346408082,0.423710362334296,0.533341510117293
2397,0.358791858849881,0.342187675574953,0.351520465431382,0.388557889858411,0.383975880300509,0.443058820284952,0.324971781006637,0.468233656899771,0.423706392808813,0.533665310956734
2398,0.358794886919181,0.342320979084451,0.351683975886761,0.388636553142439,0.383886192175682,0.443184346004979,0.32488020753583,0.468412549691508,0.423685962121682,0.53398614937793
2399,0.358764229530542,0.342535186866007,0.351807415858899,0.388346562941901,0.383574992064642,0.442877786283042,0.324843736892409,0.468307403587074,0.42337962423547,0.533855701603185
2400,0.358631813418376,0.342537985939771,0.351857580244676,0.388225052209373,0.383385700630283,0.442622654919715,0.324647836045708,0.468097143102785,0.4233524907371,0.53364885294531
2401,0.358377013817362,0.342199451397629,0.351960555151465,0.388191746628038,0.383133981422174,0.442771899459348,0.324624730342934,0.468085524948727,0.423828493191144,0.533525595330587
2402,0.358120231536487,0.342010297343239,0.352050506056459,0.388018214862515,0.38288313596743,0.442708533610777,0.324534561990613,0.468025135707023,0.423825372577161,0.533585689256382
2403,0.357726563200931,0.341790218579298,0.352026513416121,0.387823148464595,0.382816752986902,0.442185251974264,0.324296359512647,0.467622610725627,0.42352280532043,0.533538025262312
2404,0.357384636583863,0.341538483381545,0.351977946244877,0.387621397768255,0.382587356198912,0.441868820459541,0.323861387858819,0.467250725770757,0.423416023463659,0.533354198917856
2405,0.357086141259749,0.341263864371676,0.352016456067351,0.387102389814991,0.382155975796555,0.441798572517332,0.323242615402909,0.466940299003888,0.423043984599322,0.533380820081463
2406,0.356751225168164,0.34113440459068,0.351940967290814,0.386869892595564,0.381786309539518,0.441563664338944,0.322786751975866,0.466753645230649,0.422770855023718,0.533401005201853
2407,0.356458118293053,0.341218092003539,0.35173626225135,0.387127063861936,0.381446905892038,0.441326914784298,0.322111088904723,0.466806506992507,0.422934456057072,0.533116803239176
2408,0.356079112624,0.34099441899104,0.351490659635007,0.386968279167339,0.380991247651098,0.440966473028509,0.321563164215459,0.466425220438145,0.422825021192828,0.53289383598198
2409,0.355579446550377,0.34061685858379,0.35102516607001,0.38655749523594,0.380189732012082,0.440312703863478,0.321406346031817,0.465696752759569,0.422294277856633,0.532989040254302
2410,0.355134441590051,0.34039033116897,0.350781623855886,0.386349619287651,0.379846670189017,0.439831637241334,0.321076008405475,0.465296174833835,0.422035748567684,0.532894456831548
2411,0.354806816774004,0.339973940468733,0.350855432931436,0.386056936557549,0.380134784673673,0.439463304925338,0.320760259761079,0.464769294808736,0.421977363159647,0.532543115416048
2412,0.354238157544801,0.339596962838553,0.350550308300531,0.385637985539234,0.379763974495555,0.438973665748411,0.320190418204378,0.464160858218503,0.421755107836552,0.532209849419327
2413,0.353335284689386,0.339449960490479,0.349873491606263,0.385506036200643,0.379178670912514,0.438514270683373,0.319165683191281,0.463774458077011,0.421469906678761,0.53176912112505
2414,0.352754939327421,0.339258831552754,0.349642981894908,0.385118946960122,0.378776557403019,0.438021858110873,0.318493489618395,0.463516077027428,0.421373985410558,0.531448593876526
2415,0.35225418670687,0.338940718931936,0.349552688688573,0.384035836219745,0.377971951827076,0.437397273268702,0.318112287140516,0.463362953993683,0.421251382933959,0.531286364653039
2416,0.351656502616432,0.338679054952223,0.349248982794893,0.383412728631146,0.37709560599898,0.43677994650355,0.317339404880221,0.462825851236527,0.421114030565441,0.530951123761948
2417,0.351138286978919,0.338724121977604,0.349185805894932,0.382881784635301,0.37622555129992,0.436281670151918,0.316582016456026,0.462052742610004,0.421179496255285,0.530780035012571
2418,0.350871968689194,0.338365918441086,0.34921400158647,0.38267435305494,0.375768309710749,0.43555858506789,0.315603351662335,0.46160100469941,0.421342233484307,0.530215809588231
2419,0.350495865490228,0.337820895413188,0.348613184881935,0.38279797990504,0.375423585827173,0.434995199008535,0.315106678476501,0.461533062381483,0.421053970856515,0.529419929285687
2420,0.350081492033726,0.337484280503325,0.347897898771712,0.382405191449975,0.374677014633425,0.434478944965856,0.314587164490167,0.460716752572095,0.420667488936486,0.528865741740063
2421,0.349321707733964,0.337275378212924,0.347843181656251,0.381284923723239,0.373654600531393,0.433447768321055,0.314094223642884,0.459749554096138,0.420075976304751,0.5286223190825
2422,0.348734145529405,0.337166038520922,0.347820801514744,0.380698854372136,0.373429387101447,0.432693755025996,0.314192694267116,0.459631255282094,0.419568135734054,0.528523294410741
2423,0.348365991463369,0.336953859538865,0.347644455154098,0.380280041701157,0.373213520489194,0.432360039665759,0.313414539520292,0.458904535638686,0.419198030956258,0.528162058185416
2424,0.347381006409246,0.336529514919325,0.347406965847296,0.379561339936771,0.372171896675321,0.43133106531425,0.311833481435493,0.457948810951516,0.41887634108449,0.527718914007894
2425,0.34668062484155,0.336244762963989,0.347314223439977,0.379332751634418,0.371494696505336,0.430597376251022,0.311186728666258,0.45822207893876,0.418664487017408,0.527527774720554
2426,0.34622084157116,0.335949968957495,0.347097975987651,0.379053002888131,0.370898891002102,0.430594649041153,0.310720744182301,0.457943137314488,0.418397805527146,0.527098482407212
2427,0.344974880561176,0.335193193408475,0.3463794147062,0.378061354733589,0.369503603625035,0.429660786636025,0.309668258190102,0.456578661006994,0.418190985272825,0.52631959435628
2428,0.343709090010366,0.33446684634344,0.346058453453408,0.377170825379385,0.368287800562909,0.428229428117106,0.308631214048072,0.455390045966039,0.417982347965744,0.525647481208443
2429,0.343258879193341,0.334081938312723,0.345829347502583,0.3762520630214,0.367782725815329,0.427618197805638,0.307429114103429,0.454233362192044,0.417618510330186,0.524808286041604
2430,0.342968698287165,0.333314765667241,0.34489946674865,0.375051744266563,0.366766894067922,0.426963161835644,0.306090112784008,0.453237810078837,0.417202785132789,0.524053544657542
2431,0.342096045813883,0.332717890060528,0.344565702040682,0.374760929021233,0.365334417585222,0.426017216129542,0.305300595636274,0.452792240989636,0.417096811203979,0.524139002496508
2432,0.341309491378851,0.332797825931903,0.344900790247344,0.374648167999217,0.3644964164197,0.425375025068206,0.304806051574078,0.45225228866571,0.416712802524514,0.523940672684602
2433,0.340626443538096,0.332476332561004,0.34439968832714,0.373792689677485,0.364097226234677,0.424525235606746,0.304075378784643,0.4515965219125,0.415799605434491,0.522970233704539
2434,0.339606348120634,0.331715793370257,0.343713797725103,0.373110545367557,0.363413224395331,0.423093992088554,0.30321116813549,0.450719894036595,0.415220104334197,0.522120233713371
2435,0.339190316585542,0.331424136051787,0.343319800787902,0.372488079685668,0.362314918995831,0.421882716886529,0.302272438059075,0.449596075130126,0.414681048724486,0.521394562201409
2436,0.339370952043472,0.331263050222261,0.34263900774387,0.371522730951827,0.361290684602515,0.421390539032987,0.301393652397083,0.448996582404702,0.414394514553744,0.520877671644199
2437,0.338567363477775,0.330511908995866,0.342002538692862,0.370837629763468,0.359889019675134,0.420962569919339,0.300520305096108,0.448407809942158,0.414527012246774,0.520518924272258
2438,0.33720732048028,0.329775422424772,0.341631483635421,0.370641888844188,0.358357640071199,0.419864568602549,0.299463267329396,0.447531225827769,0.414191710041688,0.519596134572377
2439,0.336593271744697,0.329506413353619,0.341523679325429,0.370006017098405,0.357525559749161,0.41853289845928,0.298503410845237,0.446450704482021,0.413641192643242,0.51844935476301
2440,0.335840399165509,0.32902471781674,0.341084113840795,0.368881140722216,0.356801895559482,0.41789961672918,0.297398349015488,0.445217309113778,0.413160991914946,0.517751238629515
2441,0.334950346869513,0.328789474598322,0.340468800241035,0.368197770126468,0.356183184006326,0.417356729668154,0.296363909505993,0.444698357753423,0.412970313339185,0.517772847561956
2442,0.334433754134145,0.328920358971547,0.340217201677644,0.367808712330995,0.355535350682555,0.41638984816983,0.295309739752019,0.444399970484735,0.41314829525304,0.517816430883298
2443,0.333192505812363,0.328449306429873,0.339946433424667,0.367263905821764,0.354544584165309,0.415575138786871,0.293980692487332,0.444038252617618,0.413118733488411,0.51742204801332
2444,0.331856931215385,0.328093285358492,0.339731680157789,0.366591814360406,0.353901831601846,0.415003917030239,0.293455923961005,0.443879807335677,0.412511085523793,0.517281625637589
2445,0.331464803864209,0.327936277679348,0.339221432678343,0.365833333807549,0.352972886635025,0.414146255325963,0.292745360945493,0.442540886353355,0.411717072793592,0.516304195626775
2446,0.33116461732839,0.327306622765181,0.33882230253787,0.365216925402405,0.351526415894193,0.413037402263277,0.291260057882703,0.440710805387801,0.411410035126062,0.515108888634934
2447,0.330840123203756,0.327022906913687,0.338735668162405,0.364703243811627,0.350808368234005,0.412537946767648,0.29042831003673,0.440297861583854,0.410885428085455,0.515601739488694
2448,0.330012176828249,0.327085434240909,0.338101957323667,0.363958482481902,0.350506531670637,0.41190549300703,0.289501971452781,0.440320270134553,0.410183001957485,0.515817219142779
2449,0.329008879107285,0.326762815746672,0.337882302701853,0.363267977597219,0.349619835950563,0.410722944887387,0.288585426758058,0.439951421129086,0.410094167978099,0.515100687564446
2450,0.328715624215863,0.326455678050731,0.338358708006335,0.362800087226081,0.348797219025096,0.410275682696569,0.288379956675154,0.439227762042067,0.409875776670536,0.515171927757036
2451,0.328051703958251,0.326210278990296,0.338296768113989,0.36203037910388,0.348287304005643,0.409452409902073,0.287218768487648,0.437807859700253,0.409027087184141,0.514517758211277
2452,0.327458864317451,0.325719937630733,0.337775100638479,0.361361628495285,0.347560575033554,0.408097484054287,0.285908233302044,0.436680146223404,0.408658285352613,0.513043548364358
2453,0.32728489853668,0.32554621547002,0.337600126336311,0.3609986652372,0.34722019537032,0.407618177225656,0.285679075310358,0.436213180250147,0.40909076214305,0.513287784699892
2454,0.32626903826208,0.3252241638509,0.337200514557327,0.360042183213062,0.346836350759639,0.406931495207347,0.284829947668655,0.435395380449461,0.409283532720772,0.513987154441298
2455,0.325853353764139,0.324081302923472,0.33698659390755,0.359180641393743,0.344564449415246,0.406510522635677,0.283827964095516,0.434731785269693,0.409921743917993,0.512997372784042
2456,0.32535537544744,0.32374956882854,0.336731807593636,0.358719257127426,0.343563862729735,0.405982462060382,0.283247509696313,0.434235154086032,0.410290329187082,0.512645792433873
2457,0.324385844521517,0.323809166238978,0.336447061593272,0.358893669059688,0.343392293761913,0.404619245300279,0.282181024431457,0.433872382004239,0.4098023148119,0.512184964116403
2458,0.323767760205546,0.323556680794352,0.336407812554292,0.358761586790688,0.342676752300551,0.403832052576082,0.281350118913531,0.43353900311578,0.409560183036829,0.511697008122636
2459,0.323860073332233,0.324082627788247,0.336845224960638,0.358992885410033,0.342594601947962,0.403884640159759,0.281621037782295,0.433427007403531,0.409932060749571,0.511972111649543
2460,0.323146150177726,0.324019840580494,0.336479272940492,0.358536396561533,0.342263983743088,0.403426163494981,0.28124990195267,0.433107716972486,0.409712546964704,0.511800862908367
2461,0.321759564167352,0.322854623007621,0.335314710436853,0.357093871532569,0.341072828997845,0.402862145146363,0.280011962319131,0.432744433099768,0.408483806691336,0.510933153814538
2462,0.320912525241048,0.322219905414258,0.335056433066411,0.356329421780006,0.340114333700327,0.40237797633428,0.279277546731644,0.432307055252377,0.408136619092668,0.510323238218593
2463,0.319559253922693,0.321667644366736,0.334733752914832,0.355498778901132,0.339600690794775,0.401378799920123,0.278809038491419,0.431588510647399,0.408444483043186,0.509673177407517
2464,0.318686770080832,0.321359838504602,0.334425663944956,0.354651934064355,0.338895332621781,0.400707248785367,0.278136806649611,0.431136318940778,0.408044729459059,0.509181793762825
2465,0.318782772322081,0.321494857141844,0.335391561605867,0.354359878440442,0.33763519984403,0.400750188519258,0.277463335793448,0.430766380107977,0.407416786528974,0.508745256961248
2466,0.318721341499626,0.321383034150667,0.335541106023336,0.353942707281814,0.336799278241584,0.400198054504717,0.276833438133316,0.430362628792851,0.407326351555315,0.508468769598159
2467,0.318893549283062,0.321673655382046,0.335039032192832,0.353433004267034,0.336446692956966,0.399142999569017,0.276205857793377,0.430724330593918,0.407453307151658,0.508827575078804
2468,0.318554145410311,0.321353218560713,0.334277148274792,0.352678706210942,0.335808794812356,0.398546269057175,0.275545407175034,0.430132967566585,0.406911454259784,0.508550844069238
2469,0.317877817105637,0.320068830422022,0.332449610694801,0.351466283926437,0.335271180905207,0.397763207279063,0.275101002326826,0.428201121276655,0.405987857755704,0.507946043616697
2470,0.31751109621191,0.319549486089694,0.331781005264293,0.350874963040321,0.334675740150447,0.397174631739193,0.274343220163318,0.427244783201237,0.405968697214566,0.507445321409272
2471,0.316835043142977,0.319202216477045,0.331605448430768,0.350563915508347,0.333694915105287,0.397486781766855,0.272771016635407,0.426241216882347,0.405977781071084,0.506203236328718
2472,0.31633731189596,0.318670347979392,0.331118123246339,0.349974718164472,0.332958539159264,0.396997159015373,0.271991044963673,0.425400754869964,0.405541511543033,0.505463042752443
2473,0.316538752322197,0.318664048824727,0.331374516039139,0.349711520490433,0.332506674949902,0.395851402411751,0.271679430445713,0.425584980278524,0.406260497561925,0.50535358929572
2474,0.316183969533023,0.318471322172622,0.33151885782713,0.349638240326036,0.331912290153909,0.394979747023006,0.271329536357964,0.425408726015377,0.406359532536075,0.504975856981144
2475,0.3153499843867,0.317879033020829,0.331213689915902,0.349487670771808,0.331159533527926,0.393732058340523,0.271866651387755,0.424849755874075,0.404620887906826,0.505165856597632
2476,0.314555357452169,0.317302381165151,0.330901562648854,0.349043879142042,0.330722086016305,0.392772949147708,0.271713551798923,0.424320239611815,0.403916018710523,0.504406048692176
2477,0.313318270698201,0.316507430846944,0.331126590985475,0.34860144675945,0.330397911351588,0.391934199576049,0.270985412639896,0.423917714801514,0.404448813086497,0.501897962961027
2478,0.312629223618678,0.316235105966394,0.330882807127748,0.348510235415861,0.330067163498524,0.391426911934338,0.270340348268297,0.423376107912021,0.404275569639715,0.501319350934697
2479,0.3122911181568,0.316369658496845,0.32980683353138,0.348506060591402,0.330196082769112,0.391558146517806,0.269115581281102,0.422550725401418,0.403907076623395,0.501804224932865
2480,0.311745808038031,0.316112687200354,0.329093188333669,0.347827676320266,0.330044059485003,0.391099698967077,0.2685659386484,0.421972548553435,0.403327000663849,0.501169485794806
2481,0.311560821541709,0.316131549397863,0.328100105595988,0.347180354779888,0.329630189752914,0.390255272592305,0.26827767308946,0.421555433762309,0.401740643608317,0.501181428583915
2482,0.311178807331883,0.316079088123991,0.328006669559778,0.346869556442551,0.329214437484595,0.390068347599313,0.268002945779729,0.421002527319932,0.401352095436702,0.501506275646973
2483,0.3101606405676,0.315369567608471,0.329034233465845,0.345269014537749,0.3288870783531,0.390063647119351,0.268939884069539,0.420361093402342,0.402054031984786,0.500996049536525
2484,0.309880000152804,0.315093760548107,0.328909725202677,0.344703240983321,0.328257844126667,0.389714484847374,0.268599098593411,0.420023617781174,0.401828490807015,0.500175244689318
2485,0.31040189514435,0.315613458852445,0.32864111845824,0.346311833044312,0.327245144291553,0.389945028512366,0.266700270822364,0.419701880010584,0.401844524970949,0.500412080842941
2486,0.31033876457033,0.315582407628554,0.328759555625885,0.34634994241706,0.326649008028402,0.389804697266229,0.266372659107384,0.419683507386531,0.401843410075887,0.500255246459893
2487,0.310145566312534,0.315165608706185,0.328559090066074,0.345357482417908,0.325593927219177,0.388462044989594,0.26660616452363,0.4206660632673,0.401192820609466,0.498273560351173
2488,0.310055291817873,0.314881775826897,0.327932176142477,0.345068474795736,0.325254728863248,0.388255254347089,0.265920362496507,0.420140757360103,0.40045174999117,0.497516402113885
2489,0.310305281933473,0.314579707433145,0.327354566401314,0.3444331162784,0.326516589464177,0.389756661313953,0.265915682285361,0.418649407430244,0.400053820315333,0.498714218024909
2490,0.309369858958385,0.313952214748505,0.327170111819368,0.343702173705369,0.325848820932364,0.389308231741661,0.265853224444333,0.417868073743335,0.399191668306348,0.497668780516842
2491,0.306702643211101,0.312784664864264,0.32634433810647,0.343462963315947,0.323906253955089,0.387533765130361,0.264594931706914,0.416030503945649,0.396612641533328,0.494155312374226
2492,0.306704091071982,0.312440507460104,0.325655711536233,0.343322996798134,0.323284003045901,0.386912186136686,0.263520180403375,0.415593753795258,0.396305233642506,0.493795191462613
2493,0.307781686481116,0.312374327637769,0.325840940284692,0.342911949141543,0.32172340526716,0.386086283201815,0.263016824783042,0.417240194480608,0.397905082634923,0.495458844534734
2494,0.307895181931817,0.31222033024656,0.326120384143117,0.342458166324927,0.32149894017994,0.384676919476581,0.262687204190978,0.416719542002461,0.39830245394606,0.49483447172501
2495,0.309914587332996,0.312930117830882,0.326237154424794,0.341966320144343,0.324065761399571,0.383341706316409,0.261419751175718,0.414809683268299,0.399135125679125,0.494603499518258
2496,0.310674836872184,0.312994524340736,0.325450141667727,0.341916352595133,0.324323614842845,0.382987863566029,0.261272257755564,0.414885086951423,0.400016371364916,0.494296301911354
2497,0.309073696057235,0.312058378837581,0.324437198478741,0.342462229787535,0.323128799079059,0.381794128560915,0.263276374595211,0.414994769402789,0.401041731175748,0.491215080581851
2498,0.309164687343727,0.312114835045251,0.324508603868325,0.342056710750953,0.323177307207541,0.381322788227633,0.263875495278999,0.414790914838135,0.400764958913619,0.490716840138571
2499,0.310974369092234,0.313174441193389,0.324084576448309,0.3417521410115,0.323089286327045,0.383824737408385,0.263840472123578,0.416562337627429,0.399609125755579,0.493893013953006
2500,0.311163205540978,0.312940518641178,0.323671950870578,0.34143426265205,0.323355884533779,0.384570901295884,0.26388131008823,0.41736192284004,0.399703651282592,0.494060045885262
