"wavelength","701","705","709","713","719","722","725","728"
350,0.0385756544279705,0.0458014344504537,0.0475153986938453,0.0442734423826942,0.0414794809548428,0.0440470085471849,0.055534248687901,0.0529120849049276
351,0.0408381682792099,0.0476554896699865,0.0500129736166071,0.0466967544213833,0.0434295076226845,0.0477977087677653,0.0580614157195315,0.0515093518198021
352,0.0388735200044625,0.044312570793744,0.0444029436889317,0.0446228750346146,0.036768649042559,0.045289093209721,0.0521795498253952,0.0428333059327305
353,0.0404493534996642,0.046026182086482,0.0445099799529778,0.0427643390087312,0.0392284054451916,0.0440681258180908,0.0543485664740607,0.0467175964499038
354,0.0393980811115236,0.0440481216473064,0.0434383328783171,0.039849252349472,0.0384717308597424,0.0439538971174708,0.0547274486467907,0.0466349911112995
355,0.036169995601373,0.0421737315739243,0.0416797972965111,0.0388372859292131,0.0359769945493202,0.0453029971419361,0.0528766312910849,0.0451272146757726
356,0.0331163539000883,0.0446446074062288,0.0411135408176886,0.0417981350333354,0.035531951442307,0.0474430166934945,0.0506567164876878,0.0470813980968276
357,0.034279681422554,0.0418706964241358,0.0426821956326072,0.041539151453878,0.0359130606861133,0.0440838637805084,0.0506403334195998,0.0453084376426023
358,0.0369974787682718,0.0413620357237561,0.0436016254693842,0.0426542775761103,0.0375785165635089,0.0425456496130633,0.0506088079609284,0.0447432809580056
359,0.0381227693537095,0.044792497188346,0.0423879516943285,0.0453863772376468,0.0391984795687541,0.0444949990084007,0.0495452588069638,0.0464340051559315
360,0.0324934805251954,0.0410395185658159,0.0393677512877002,0.0397925822513701,0.0349021470998242,0.0391384042568044,0.0486999905265838,0.0422415269389392
361,0.0347657648118947,0.0389940216172764,0.0397530351936773,0.0376786777512116,0.0345706479116851,0.0398451797983768,0.0505727279632693,0.0426877920854411
362,0.0418228562960415,0.0403048184840676,0.0428990563432936,0.0402558897084734,0.037995394558388,0.0450656096565209,0.0533624459410512,0.0463573323938581
363,0.0408627171641752,0.0428068186999476,0.0447377681807896,0.042912791226399,0.0394367968363869,0.0453042637099895,0.0529083204237315,0.0455944531428792
364,0.0373450314014497,0.0438295268061365,0.0443316147524063,0.043676809680503,0.0389131779237735,0.044636135807069,0.0524846570765926,0.0454930302557067
365,0.0342165499579435,0.0427166087444938,0.0417916804282117,0.0419644572681545,0.0369491831734896,0.043646975937273,0.0511701720813175,0.0442907564547433
366,0.0334791827564453,0.0402901321839958,0.0384619879411628,0.038907430249187,0.0348329378526902,0.0424825744885248,0.0485639794669893,0.0407395140132954
367,0.0355928245026614,0.0412715913564531,0.0395700137432928,0.0408449200271858,0.0362252365948027,0.0418265333127961,0.0499360774709432,0.0410556398066128
368,0.0369531707506461,0.0418569960125001,0.0410405822690242,0.0418741761926215,0.0380566022509523,0.0420834857977106,0.0513032433481364,0.0423505017345719
369,0.036585493771736,0.04104449073922,0.0407903014648037,0.0404411434376827,0.038634016977394,0.0430160018383558,0.051127280933589,0.0430887090667921
370,0.0378086145078348,0.0427678385177865,0.0398280312046013,0.0424703270099337,0.0386377730257664,0.0435958407701135,0.0522024791124832,0.0444405128846449
371,0.0367674294465519,0.0428863754419715,0.0395809036566209,0.04325538054211,0.0365473029447733,0.0427578182990807,0.0512661316677881,0.0438213078294505
372,0.034394397153413,0.0418358760178112,0.0393175440795438,0.0420085956351242,0.0347006797851452,0.0415013151585993,0.0496108684008033,0.042205861884191
373,0.0338134867274133,0.0420060759593409,0.037623559085666,0.0398433227237631,0.0368744432644409,0.0418155866382043,0.0504735378562635,0.0422403358059127
374,0.0361712536444601,0.0428222487284856,0.0405325892474568,0.0405485501814399,0.0385424251936392,0.0431972741969533,0.0524775381030857,0.0441814993466572
375,0.0374025380914217,0.0425856446636628,0.0418146951992454,0.0415708286911215,0.0384508237214384,0.044114951968213,0.0531221430429548,0.0447815525626093
376,0.0350778809295452,0.040696384351934,0.0376955466067599,0.0407482293730585,0.0368287324743126,0.0434646373570803,0.0512687926109044,0.0424192619971323
377,0.0356801524739902,0.041085427433602,0.040470663784446,0.0413615710753666,0.0369479541665537,0.0419046890795332,0.0511896031923438,0.0433032795313423
378,0.035153413451979,0.0408965482584274,0.040769360479764,0.0418622456950854,0.035743255813087,0.0411810556262118,0.0497100154152156,0.0430137562508239
379,0.0331828255093923,0.0397419136110303,0.0369050554323311,0.0414668725121854,0.0332662771967712,0.0418344751205652,0.0472077270673846,0.0408880533536521
380,0.0345093047160089,0.0405678422838933,0.0372474654323304,0.040266246426523,0.0337121201889421,0.0431794652213158,0.049101653612697,0.0412534356838113
381,0.0360655262442725,0.0412778144602244,0.0386881038027934,0.0397529151117997,0.0350100938046068,0.0426064208774016,0.0500382408806243,0.0419453910775941
382,0.0365263916003854,0.0412922301004531,0.0396970784155058,0.0398932748953861,0.035649955938367,0.0412740330418029,0.0499986548771458,0.0420060250392041
383,0.0353567250276701,0.0407184549877735,0.0392274882145975,0.0400025656187478,0.0345342766365295,0.0416755243635109,0.0507264583585848,0.0411042882320821
384,0.0341867517455571,0.041221806669027,0.0382972503492294,0.0397180519169386,0.0343043200681094,0.0422397264411086,0.0505658455166612,0.0420706917212695
385,0.0340456282551381,0.042007881885866,0.0382667023216593,0.040090923771688,0.0346687417160139,0.0420837143391654,0.0505088712699195,0.0428902135516989
386,0.0350674427881627,0.0420109083357384,0.0394333932792431,0.0412140710418123,0.035041411243565,0.0410959406254071,0.0508522867619595,0.0419965075942624
387,0.0352379671570536,0.0399701157690989,0.0388496844733676,0.0393857226308943,0.0354263889840449,0.041144054829102,0.0483092278745753,0.0409783084244859
388,0.0352840948175396,0.0400809510386523,0.0385931070624214,0.0389058453576868,0.0349894828213665,0.0409893512819908,0.0475232449302385,0.0405494025132085
389,0.0355287213282177,0.0421725757776362,0.0392929347152465,0.0403478925981698,0.0341878497688492,0.040573040580452,0.0492690793024432,0.0409574872599649
390,0.0358403859764438,0.0410750361194879,0.0400602382815974,0.0401315685430841,0.0349628794602608,0.0411571757290848,0.0501861972429118,0.0419948365231679
391,0.0366831966918507,0.0416767194821463,0.0403171128385603,0.0413197700558298,0.0360090385800605,0.0421227793707674,0.0502581087053488,0.0434894694777819
392,0.037204449666039,0.0433085323996142,0.040216190855446,0.0426756232455466,0.0370577874097985,0.0430499941102239,0.0501177050016458,0.0441609129479026
393,0.0363273107151372,0.0435351566127942,0.040107436126665,0.0418744191130998,0.0379449069806519,0.0434425443359683,0.0505802782552281,0.0427230771675686
394,0.0353229209079113,0.0417332443265651,0.0389146869604893,0.0407128707139883,0.0361661573531384,0.0414795034033771,0.0503627095274873,0.0413049876940142
395,0.0349291238949565,0.0405577409083881,0.0382611608902916,0.0403415007066235,0.0345011120042352,0.0399723494137728,0.0499445117996585,0.0408524050929481
396,0.0353260567203213,0.0413944271438294,0.0390143150671142,0.0409389943240943,0.0348193451678238,0.0406521532496305,0.0498402536148511,0.0414839002599617
397,0.0355343227622556,0.0409588621823325,0.0390988573124109,0.0402983268728853,0.0348221730405127,0.0408456313094557,0.0501185957542701,0.0417989739823765
398,0.0356711822684165,0.0407943155951919,0.0391977352479275,0.0399053615696126,0.0342143717233163,0.04091904158316,0.0501189883406489,0.0415434399415573
399,0.035699280491817,0.0412341676755918,0.0394044225888748,0.0402892948124127,0.033712172650128,0.0411859827756248,0.049960312982341,0.0410742823274553
400,0.0353777463997754,0.0414126618993446,0.0391895433512874,0.041095040270229,0.0352977116054517,0.0420189850611619,0.0506855732330448,0.0414423923224177
401,0.0354088173923852,0.0409417714099292,0.0389314190945517,0.0413130408635605,0.0350871962089726,0.0414609681305907,0.0498732412107576,0.0415942091301851
402,0.0358824442685534,0.0406613790194371,0.038877111063787,0.0411607423962973,0.0343317027922303,0.0407751117531059,0.0488737307660059,0.041633113710168
403,0.0365799853157854,0.0416289249984911,0.0391991063763946,0.0412665664085767,0.0355828778648052,0.0419632665935295,0.0499377236288604,0.0419682469880889
404,0.0366421344167008,0.042518943386043,0.0398909575777449,0.0415256931511469,0.0359528101029129,0.0426932357854415,0.0508336875799145,0.0422305135664024
405,0.0365970881277103,0.0426365211827848,0.0398667572206315,0.0415292939442671,0.0357465670742983,0.0428613349338462,0.0508603030062285,0.0420825592608002
406,0.0368776394519499,0.0420231980574453,0.0388940523836324,0.0411916910423204,0.035658779411545,0.0427049368883713,0.0500885875573408,0.0416392292184911
407,0.0373183132900747,0.0425391788635586,0.0395723575633932,0.0414991495984053,0.0365076904005111,0.0425480449671596,0.050105851895107,0.0424030792926332
408,0.036614191369229,0.0424428490286441,0.0394033706853542,0.0415133512097961,0.036298884708145,0.0419390072590629,0.0497797662022301,0.0424903296708999
409,0.035269450564522,0.0415922758589722,0.0382342606063654,0.041037752263928,0.0350954835140303,0.0411582421839266,0.0490679414886745,0.0415840854671684
410,0.035869303599636,0.0415384354814218,0.0384442709322578,0.0405941346638704,0.0352298790413784,0.0413427512954514,0.049095756286342,0.0409525146597259
411,0.036423729225404,0.0422178812374457,0.0391999370934403,0.0410134102704614,0.0351649586783596,0.041754983016761,0.0497882435563351,0.0413537029918716
412,0.0363523028766691,0.042635021006504,0.039557715060691,0.0413753851963777,0.034959703900523,0.0418919323952717,0.050276551430549,0.0418327023697451
413,0.035658461194274,0.0416869454718822,0.03871947108208,0.0404131537296121,0.0351138100540592,0.0414462312132022,0.0495791588846729,0.0409952953206491
414,0.035547188402519,0.0416482688509793,0.0388293386758839,0.0409049378500043,0.0349714365822582,0.0416360571192575,0.0492671332604279,0.0406149607286089
415,0.035949055166457,0.0423347800384047,0.0393735599080027,0.0417919439794466,0.0352457842376719,0.0421429092862262,0.0496039517728414,0.0410437629871506
416,0.036504012605911,0.0431079457085258,0.0396860441207856,0.0419950519606236,0.0361825608374266,0.0425198120300775,0.0503709326543156,0.0420382945859206
417,0.0366841869015275,0.0431324152346644,0.0399099584902187,0.0420765109723599,0.0360673365058169,0.042696152602128,0.0506196845902374,0.0423258793977678
418,0.0364364248825461,0.0428666800205504,0.039881262192713,0.0418662245080557,0.0356462735121358,0.0425029253377925,0.0504570621385032,0.0422782532841808
419,0.0360433491295536,0.042677041671989,0.0396519504077691,0.041518184688682,0.0353078397416844,0.0420674644780943,0.0501911287154975,0.0421225302087118
420,0.0362540782254924,0.0428644889673656,0.0395354797653034,0.041651588540316,0.0349457213933023,0.0418600788562509,0.050437063886212,0.0418576572912576
421,0.036527316038088,0.0429954281788131,0.0395820313999842,0.0417148459060064,0.0350259958854591,0.0421185860920956,0.0504742286837074,0.0417910919510075
422,0.0367032126682789,0.0430889907756994,0.0396884602755327,0.0417963446091754,0.0354672869345582,0.0425996535833605,0.0504277401495837,0.0419378043903668
423,0.0367536954017423,0.0433203996886484,0.0396845630373831,0.0421885512932187,0.0359253499646912,0.0428312981097403,0.0507200646010576,0.0421603247791865
424,0.0365965634717633,0.0433522661525771,0.0397634658358593,0.0423205675657305,0.0359975974425142,0.0427432340815476,0.050837352844294,0.0421058870862073
425,0.0366757641481597,0.0432951092543809,0.0398621470965235,0.0422880409349512,0.0359617073689428,0.0427095369081969,0.0510265184327565,0.0422118604752523
426,0.0371720551490452,0.0432830286828948,0.0399073533291905,0.0422548517335741,0.0360397655796704,0.0429313421226476,0.0513836962142271,0.0427346580997486
427,0.0368759291627178,0.0431900733934979,0.0399394955604406,0.0421160301362587,0.035627402680503,0.0425609467603434,0.0508033752368895,0.0426974340595101
428,0.0369543684395653,0.0433217218060939,0.0400525997693925,0.0422424103779917,0.0356780049447219,0.0425263853000094,0.0506324218771611,0.0426988973218498
429,0.0375678406263734,0.0436511523381446,0.0402100138427704,0.0426016458687305,0.0363064038233821,0.0429954414371747,0.0512222873113106,0.0429192666089101
430,0.0370727021077815,0.0435403108691944,0.0400971143625993,0.0424440565796301,0.0362027101978796,0.0428176798440042,0.0512733464306334,0.0427672073904014
431,0.0369757298492764,0.0437909535857375,0.0403575488927175,0.0425371115592037,0.0362738026515639,0.0428543473415025,0.051404767278983,0.0428068823609197
432,0.0373780886972853,0.0442961488447157,0.0409446756021855,0.0429131235522268,0.0365856903674292,0.0432264088897911,0.0517068130346245,0.0431438746995988
433,0.0376742341046738,0.0444790506176736,0.0414281985455538,0.043224656367208,0.0368015264876859,0.0436869736489704,0.0520342352246757,0.0436417388691619
434,0.0377887741110687,0.0447755168179324,0.0415388434505097,0.0432750154103654,0.0369367961533099,0.0437957744590844,0.052187829738513,0.0438032197476409
435,0.0377362159548787,0.0449439763828389,0.0414080501026265,0.0431450175307756,0.0369115264396177,0.0436727957204311,0.0522396037546638,0.0436964773461629
436,0.0376029847646539,0.044755336460172,0.0412957333305134,0.0430300758597141,0.0367278445057245,0.0435794154176397,0.0522905333342001,0.0435603751316024
437,0.0375480709692915,0.0447472021562511,0.0414956016256427,0.043279621279958,0.0368254590382965,0.0436784886395186,0.0521516511085238,0.043680639374583
438,0.0378838612401053,0.0450728274039176,0.0418739800701417,0.0436683598372912,0.0371755798235833,0.0440274906170894,0.0522616299369326,0.0440529631741465
439,0.0384795305195666,0.0455506705179214,0.0422111254578724,0.0439467835984557,0.0375481343212561,0.0444454255362082,0.0526931409734469,0.044474120033238
440,0.0381942370107244,0.0452602825385808,0.0421026024985413,0.0438188788134681,0.0372653835918809,0.0441958174701738,0.0526680907566199,0.0442759110628702
441,0.0380607443056267,0.0453552259328416,0.0421174033650113,0.0438305689111014,0.0372647387980057,0.0440903032956801,0.0526881178080432,0.0444109029368562
442,0.0383071019950099,0.0459347940822089,0.0423973580249745,0.0441104228123948,0.0376387754150061,0.0443352260074748,0.0529280183623622,0.0449237617453877
443,0.0385855455473664,0.0462992311996557,0.0427754754026368,0.0444800102117918,0.0378363743127713,0.0447029969104165,0.0533494142563245,0.0451599979356172
444,0.0386389975165518,0.0464757677315587,0.042949630041835,0.0447244094395613,0.0380667086285818,0.0449729049583672,0.0537978111036249,0.045284310241656
445,0.0386951632800414,0.0466185548122322,0.0431632296205521,0.0448692122729745,0.0382582276789371,0.045114368742126,0.0541024874405804,0.0454585875702926
446,0.0390541632033355,0.0469131242105497,0.0437181203250535,0.0450238962936598,0.038312200007002,0.0451934180116081,0.0541546782680454,0.0458032739574795
447,0.039146159431925,0.0472185248744137,0.0438355256261262,0.0452185420988656,0.0385083780261836,0.0454347107246987,0.0543477679223081,0.0459368809292138
448,0.0391861297467098,0.0474445132027863,0.0438287834933645,0.0453947987703173,0.0386813359908533,0.0455472830863853,0.0544813144600048,0.0459442360436827
449,0.0393269916165792,0.0475643540310454,0.0439965707452331,0.0454863920624371,0.0387108147106186,0.0454134022337001,0.0544492919949001,0.0459476402251858
450,0.0392215600304244,0.0476666132380631,0.0442313023326793,0.0453776726060546,0.0387183668203206,0.0455749894516335,0.0546124693231321,0.0459558720720684
451,0.0393799736855909,0.0480218834472051,0.0444618541073013,0.0455341606725892,0.0389224597057232,0.0458317154281047,0.054876505077136,0.0463332859164469
452,0.0398076658101751,0.0485057320237588,0.0446694204984258,0.0459334663249849,0.0392728899617993,0.0460592248138088,0.0551597153359461,0.0469462138320618
453,0.0398812943267551,0.0484626528004178,0.0448939132155596,0.0459317425697668,0.0393817661854811,0.0462051829278786,0.0553847132054161,0.0470055201327792
454,0.0400825924934886,0.0486391572251977,0.0451729775713312,0.0461447880694531,0.0394405177027421,0.0463218789331946,0.055602702833626,0.0472816486410824
455,0.0403065707546027,0.0489477738202994,0.045443991347602,0.0464850619547938,0.039524650684983,0.0464297433245132,0.0558180794889769,0.047648549799274
456,0.040243958198408,0.0489770018636869,0.0455989846748384,0.0465974419207094,0.039670286916783,0.0465376791194961,0.0560101656667471,0.0476466536970703
457,0.0402777004873655,0.0490010236968586,0.0456090192105253,0.0467648776437567,0.0397818933696212,0.0466209305925595,0.0560264243845876,0.0477153628351218
458,0.0405132667214211,0.0491794544490433,0.045770702571512,0.0469491570225589,0.039905315029236,0.0467495495971321,0.0560528111311332,0.0479042603063546
459,0.0408851073128416,0.0495355822365554,0.0462331215272983,0.0470566760215284,0.0400754639815504,0.0469609448596673,0.056253757476284,0.048147832186287
460,0.0408320775862324,0.04956950345545,0.0462380936881724,0.0469430897496972,0.0401433383832031,0.0470678889944,0.0564094505615929,0.0481804387149778
461,0.0408702195065706,0.0498842826957551,0.0465169450967713,0.0471187186431837,0.0403663031166993,0.047309891136345,0.0567609459347335,0.0484100431936717
462,0.0411937695619402,0.0505718430164972,0.0471721400089214,0.0476293939400469,0.0407339709929876,0.0476921651516956,0.0572511985762975,0.0488960129237074
463,0.0413658079390002,0.0507247245695798,0.0470020211472503,0.0476147817903486,0.0406913298607996,0.0477495281592132,0.0571927483322761,0.0490087786983212
464,0.0415313978219353,0.0507480789062361,0.0470139884937033,0.0476759953540548,0.0406870666382287,0.0477838103838201,0.0572367844301635,0.0491606714651542
465,0.0416242549291116,0.0508030510007509,0.047301786171841,0.0478416211094477,0.0408354282398576,0.0479146776971046,0.0574713898283459,0.049378542214092
466,0.0414605589082021,0.050948460501453,0.0474105617815408,0.0478041834563117,0.0410594401932449,0.0481695481177468,0.0576461803836044,0.0494645247452328
467,0.0416498563774883,0.0511643268270657,0.0476130212396061,0.0479534466093864,0.0411788932026705,0.0482731826420991,0.0578722634888793,0.0494558448155225
468,0.0419196047429836,0.0513702335829198,0.0478456190174156,0.0481768651463111,0.0412301842528613,0.0482809578053087,0.0580711521452352,0.049485572086187
469,0.0418556343311026,0.0514909927487513,0.0479692273097138,0.0482551369952914,0.0412926849920171,0.0483313527837938,0.0581385067819072,0.0496732514162801
470,0.0419149271348468,0.0516332994074768,0.0479210257334217,0.0482263166028714,0.0412242935416017,0.0484191200749213,0.058099709116039,0.0498163678533696
471,0.042018366833728,0.0517804069232115,0.0479407717350226,0.0483270584583154,0.0412265306252789,0.0484708642615625,0.0581577878431968,0.0499597435781879
472,0.0420980370120444,0.0519327856111423,0.0481564137219668,0.0486297621375372,0.0414335382634749,0.0484817943800351,0.0583995950645676,0.0501365012410858
473,0.0422498507854282,0.0521783620760856,0.0483364988888489,0.048727935860694,0.0417501027875178,0.0486473820143924,0.058562266957252,0.050263802452759
474,0.0425318692246038,0.052447503914518,0.048576443830459,0.0488522028967789,0.0420971342924197,0.0489064216971186,0.058888499253131,0.0505275623806001
475,0.0428281157953454,0.0526572389580538,0.0488355524640302,0.0490189644350053,0.0423258942356922,0.04913828047347,0.0592654025874916,0.0508170219219968
476,0.0427816782451773,0.0526730089813327,0.0489040603628956,0.0489903793484076,0.0421536917821447,0.0491122656290604,0.0591374570146876,0.050632488932546
477,0.0429731748023302,0.0529264469083493,0.0490599764902548,0.049231624485285,0.0422428655462794,0.0492905831118105,0.0592039677482103,0.0508140686873498
478,0.0432691141120508,0.0532759282880876,0.0493270691370562,0.0495493111199853,0.0425298928196254,0.0495511497446426,0.059422690307838,0.0511792528352331
479,0.0432693787605707,0.0533672453058072,0.0496181357360523,0.0495175179870898,0.0426569038933658,0.0495621543345532,0.0594762784924512,0.0511695998183176
480,0.0433040254710521,0.0535921511356064,0.049837082534511,0.0496796172091673,0.0427524434319807,0.0497768010235508,0.0596623086979548,0.0513763667437552
481,0.0434147977092056,0.053885376151545,0.0499357614778036,0.0499131236406068,0.0428794251679995,0.0499640064397573,0.059886984972427,0.0516446455428393
482,0.0435617040974917,0.0540914368787527,0.0499292143987723,0.0500306087349268,0.0430469620976842,0.0499107423059387,0.0600331562947307,0.0517659158906289
483,0.0435518730895337,0.0539663474244957,0.0499931781474288,0.0500546628909733,0.0430352825999727,0.0499625971300948,0.0601552905313676,0.0518508885046297
484,0.0437266411795268,0.0540867385849044,0.050221298536602,0.0502481980705789,0.0431958875604632,0.0501579500455234,0.060403624498041,0.0520253653244635
485,0.0441113468259267,0.0545970610040291,0.0505711492026415,0.0506153924857831,0.0435719004439414,0.0504346889121981,0.0607593953335134,0.0522904476528051
486,0.0441006019711176,0.0548365582111916,0.0507660419155163,0.0506652406011041,0.0435856689796389,0.0505693123756977,0.060882145604546,0.0524121344216377
487,0.0440721978332987,0.0549320190662927,0.0508678688033404,0.0506533317215993,0.0436556237835969,0.0506597163940603,0.060949268021108,0.0525627426505487
488,0.0441908423137247,0.0550302868251551,0.0510146420032543,0.0507749415361177,0.0438515087192321,0.0507658351940034,0.0610843328803203,0.0528128970938534
489,0.0445157006420297,0.0553402420142189,0.0514253755847656,0.0512249614077256,0.0440316517160385,0.0509386772867959,0.0614013797703394,0.0531789852629016
490,0.0447015591242758,0.0555975098529137,0.0515858385417514,0.0514011890662978,0.0441332663237515,0.0511681842690676,0.0616091226453587,0.053319467349724
491,0.0447860568080498,0.0557787675682276,0.0516270722046858,0.0514207631845911,0.044224087064758,0.0513575174475176,0.061756741437817,0.0533355913774655
492,0.0449078381391598,0.0559304212836864,0.0518245448989839,0.0515734752823642,0.0443894180937446,0.0514160326340129,0.0619678358768404,0.053453190263305
493,0.0450109407719725,0.056072730350668,0.0519778984212685,0.0516854029426175,0.0444791094342119,0.051512733541746,0.0621114834067423,0.053734213001459
494,0.0450833838134187,0.0562139982832473,0.0521483926388712,0.0517749610900101,0.0445679213851939,0.0516272524733353,0.0621923393549116,0.0539283906737316
495,0.0451739551998722,0.0563982736002156,0.0523956000688623,0.0519082985693612,0.0447278537779221,0.0517481723629783,0.0622932858977283,0.0539455090491129
496,0.0455333973458664,0.0568213938571404,0.052707558425314,0.0522711032392328,0.0449590095068056,0.051966362893713,0.062719833767846,0.0542677610835869
497,0.0458168717384908,0.0571567438293902,0.0530374216478044,0.0525350086763516,0.045221663078288,0.0522072149327313,0.0630668903863611,0.0545956067404925
498,0.0459173098299924,0.0573211031758774,0.0533121971662912,0.0526177094711735,0.0454525519407159,0.0524068616275419,0.0632076074787689,0.0548212728449302
499,0.0460058261826306,0.057532805322265,0.0533895945329808,0.0527239695270851,0.0455312543293811,0.052486945463976,0.0633383832039525,0.0550742499482982
500,0.0461512603719197,0.0577066914392268,0.0535545462505156,0.0529657631269276,0.0456629500601792,0.0526687113599892,0.063569067614809,0.0552576307514023
501,0.0463588526670774,0.0578971951472267,0.0538392838316181,0.0532698914896619,0.0458842839465274,0.0529415551592433,0.0638512255058558,0.0554315396574263
502,0.0465843653108125,0.0582042040256106,0.0541466077523504,0.0534574075045721,0.0461461149391373,0.0531749029706281,0.0640468628244977,0.0557185965516671
503,0.0466361500448008,0.0583244318210853,0.0542268367055399,0.0535099397406522,0.0462576457222204,0.0531656342863524,0.0641663250772636,0.0558680421695311
504,0.0467303960926326,0.0585074619008403,0.0543585838567864,0.0536260035707567,0.0463772970128629,0.0532435719051011,0.0643662304682918,0.0560546651998409
505,0.0470545870105441,0.0589728135796427,0.0547845926896918,0.0539489855502861,0.0466538258089581,0.0536713727688376,0.0647374853244816,0.0564316435076652
506,0.0471792024001374,0.059166063838619,0.0549485365108063,0.0540826675655562,0.0467641785639307,0.0537396164667617,0.0648604668593199,0.0565562556988643
507,0.0472507308718313,0.0592985790080981,0.0550401699558467,0.0541994921635719,0.0468801185531067,0.0538193132096462,0.0649889484072819,0.0566763962737186
508,0.0473913501455465,0.0595249567001543,0.0552324176782843,0.0544313663055325,0.0470957132933607,0.054110361104694,0.0652727305076025,0.0569412927376136
509,0.0476021363461199,0.059774199460079,0.0555914434735249,0.0547844724237762,0.0472641528391716,0.0542942480846067,0.0655635525382011,0.0572067819245002
510,0.0477826629576048,0.060029644915698,0.0558465449226833,0.0549657378341828,0.0474961962056967,0.0544721574053395,0.0657864097683881,0.057433943442256
511,0.0479292152893078,0.0602627158707724,0.0559846608250978,0.0550038249196722,0.047734683994292,0.0546616811077452,0.0659609461496909,0.0576314973442983
512,0.0481295353221965,0.0604264384222523,0.0562274698673982,0.0552318131780003,0.0477503916650167,0.0548118996173673,0.0662017347771367,0.0578565982341295
513,0.0482859007134832,0.0606507824912577,0.056490669737026,0.0554730604442076,0.0479294932358375,0.0550131395057977,0.0664718482903853,0.0581380728120724
514,0.0484586088769388,0.0609718895310574,0.0567930423471641,0.0557148891319807,0.0482185544744114,0.0552775575887519,0.0667436798729685,0.0584609607114019
515,0.0487414848413405,0.0613651475049732,0.0571599699029162,0.0559802976126109,0.0484078273116376,0.0555667561836089,0.0669862321845401,0.0587784340576756
516,0.0488991364378247,0.0615239834371459,0.0573171099443563,0.0561016919506878,0.0484824426700084,0.0555966208759823,0.0671362322908035,0.0589123159749001
517,0.0490196238385599,0.0617090631397189,0.057474309467049,0.0562650354432429,0.0486160428163432,0.0556903566449629,0.0673744978782093,0.0590916543898339
518,0.0491999021452686,0.0621244787596486,0.057819263400974,0.056599323577942,0.0489208838245408,0.0560856828213714,0.0677990309507542,0.0594906753997967
519,0.0493474803302011,0.0623840750868978,0.0581542192766587,0.0567873290766585,0.0491554100302373,0.0563181707697608,0.0680470372106077,0.0598323086063908
520,0.0495397046281059,0.0626451305685972,0.0584381989524116,0.0569926626135718,0.0493871225170235,0.0564869686346469,0.0682509701142909,0.0600954888745198
521,0.0498032409626241,0.0629807053282844,0.0586923810229657,0.0572890517473397,0.0496436234306816,0.0566759134756421,0.0685128233835744,0.0603237425947695
522,0.0500840299760475,0.0632961334238636,0.0590533931127576,0.0575832013103445,0.0498573796695054,0.0569144865286802,0.0688777374808872,0.0606743513958018
523,0.0502877025887769,0.0635532124472636,0.0593237689554605,0.0577945766523737,0.0500878499040673,0.0571583090131583,0.0691794645122871,0.0609443246097215
524,0.0504514534686334,0.0638008389695329,0.0595473541586164,0.0579806174252346,0.0503360006212476,0.0573944018004154,0.0694272579034597,0.061159818595481
525,0.0507133417218388,0.0641597765458495,0.0599380879675792,0.0583079197431707,0.0505633737031686,0.0576276558866434,0.0697530801129351,0.0615048001319207
526,0.0509881488923503,0.0645214867470335,0.0603038201020933,0.0586568442814283,0.0508712981907603,0.0579385553121826,0.0701183813817645,0.061902752673102
527,0.0512253043533082,0.0648466067971408,0.0606416079743305,0.0589775442760953,0.051185953793191,0.0582568958195351,0.0704828167857725,0.0623037204984834
528,0.0514041937815701,0.0651368141524527,0.0610024714702935,0.0592527780693725,0.0514121536577015,0.0584908207113084,0.0708156061275809,0.0626698573479375
529,0.0516852437068333,0.0655610424558635,0.0614157692706509,0.0595807821487235,0.051758315968042,0.0587874086670203,0.0712118783524536,0.0630373060837031
530,0.0520181722235371,0.0660560816792731,0.0618274306569207,0.0599320807695443,0.0521313935518797,0.059131164945549,0.0716181377027469,0.063460128143357
531,0.0523330976226575,0.0665287911195455,0.0622025025836517,0.0602826523276785,0.0524399802844883,0.0594848464145394,0.0719864263310415,0.0639486177039235
532,0.0525773445009297,0.0668714717988167,0.0625863335405493,0.0606825414928586,0.0527013440263464,0.0598105056625702,0.0723154030109776,0.0643674741328299
533,0.0528596320151044,0.0672520594680731,0.0630257011856446,0.0610929905061845,0.0530282116101503,0.0601372742026822,0.0728043993482731,0.0648196853428355
534,0.0532063104740938,0.0677399745375537,0.0635378085495614,0.0614971817058882,0.0534423464882776,0.0604924624458857,0.0734393277782366,0.0653297049592383
535,0.0535178274495802,0.0682761881484338,0.0641145654295059,0.0619063106697225,0.0538291041031585,0.0609134468278571,0.0738690677346798,0.0657949788150067
536,0.0538831796159429,0.0688073026740379,0.0646486794524612,0.0623385097284321,0.0542828393752088,0.061313741093734,0.0743359482696061,0.0663252008181083
537,0.05426487695177,0.0693174102660974,0.065140642496771,0.062784636104314,0.0547436464496268,0.0616948916485583,0.0748760029693626,0.0669101182799888
538,0.0545586018806243,0.0698158322252066,0.0656552863774945,0.0632200595007054,0.055070239576671,0.0621073563721487,0.0754299579847094,0.0674758924331863
539,0.0549318621942004,0.0703604688116877,0.0662321332678065,0.0637297095713399,0.0555208202462718,0.0625958653045662,0.0759857501484306,0.0680682081648191
540,0.0553580234411906,0.0709503190584172,0.0668541663393953,0.0642877326284184,0.0560460798585586,0.0631073221026881,0.0765655772878905,0.068695389654536
541,0.0557748463359854,0.0715676278872359,0.0674932932186382,0.0648479142663509,0.0565368848136439,0.0635820367289466,0.0771987302847282,0.0693530836358771
542,0.0562377318244955,0.0722013581281031,0.0681782214819183,0.0654317063546985,0.0570481214079839,0.0641046721886884,0.0778838943352903,0.0699913804407756
543,0.0567214853719276,0.0728786650650744,0.0688772539318942,0.0660622124404312,0.0575931067026788,0.0646765870012307,0.0786074156009147,0.0707276162495459
544,0.0572099875633488,0.0736069284971581,0.0695830725493301,0.0667351174217191,0.0581753515718253,0.0652863141085225,0.0793557730459311,0.071591486556608
545,0.0577341719906526,0.0743261092712253,0.0703729246911767,0.0673690300018869,0.0587859524783643,0.0659160023152609,0.0801250371138185,0.0723302828253498
546,0.0582546230749299,0.0750838769931682,0.0711644454314034,0.0680167574023524,0.0593990742315918,0.0665460067605059,0.0808666656144573,0.0730978409772116
547,0.0587680391791803,0.0758814698820577,0.0719394795270619,0.0687063612433269,0.0600278007294569,0.0671813312170793,0.081611206055318,0.0739550720112133
548,0.059315870768135,0.0766581405102474,0.0727527823599033,0.0694421019374522,0.0607440785339505,0.0678619890796219,0.0825019178379995,0.0748610163730048
549,0.0598765722533528,0.0774802660639203,0.0736154716628941,0.0702128328193836,0.0614332763612822,0.0685390016606971,0.0834111360332603,0.0758106392446863
550,0.0604745642237405,0.0783536637411662,0.0745183693878489,0.0710137477275605,0.0621291143309369,0.0692308844446128,0.084304644464238,0.0767811047112164
551,0.061148961361255,0.079254405602352,0.0754386049365394,0.071841230448539,0.062930953028993,0.0699863890330588,0.0851893924615929,0.0777427785360899
552,0.0617547713907519,0.0801291692204145,0.0763857559221008,0.0726598913483794,0.0637058151762629,0.0707622439293167,0.0861301458948944,0.0787206563820672
553,0.0623466164914907,0.0810285082039717,0.0773577099457366,0.0735093480529184,0.0644776290766096,0.0715518599255896,0.0871240367059695,0.0797647086570386
554,0.0630083523002193,0.0820103068589228,0.0783582400940113,0.074428264455955,0.0652955789412686,0.0723631457174799,0.0881599410365378,0.0809062329176177
555,0.0637236194401959,0.083040298295715,0.0794398844885762,0.0753502972628381,0.0661473984781171,0.0732424586356984,0.0892895246105566,0.0820558655951668
556,0.0644339098690916,0.0840806664792072,0.0805547500283088,0.0762986159870419,0.0670240423964476,0.0741472623205446,0.0904151105764274,0.0832346241348145
557,0.0651229972123021,0.0851201165728587,0.0816735994345805,0.077297178549965,0.067929706065323,0.075050071542342,0.0915037672490874,0.0844541515649795
558,0.0658806017912397,0.0862053724335574,0.0828243484219603,0.0783619965500431,0.0689095230517277,0.0759677282196127,0.0927028172017205,0.0856690121325347
559,0.0666830384202408,0.0873362707986636,0.0840220325922679,0.0794523136713574,0.069896960202797,0.0769463561855812,0.0939308696510803,0.086996373804688
560,0.0674957334459006,0.0885022224950694,0.0852495934462,0.0805413251608666,0.0708747352432362,0.0779760247402429,0.0951546899875371,0.0884120172193269
561,0.0682586433762676,0.089678840642116,0.0864489363343427,0.0816061123280962,0.0718711882049711,0.0789825249589553,0.0963794061270969,0.0897326154809502
562,0.0690917545912632,0.0908760084705444,0.0876992906723134,0.0827586499124087,0.0729270499413841,0.0800342598423165,0.0976686437473427,0.0911297936624806
563,0.0699651925666214,0.0920827426723845,0.0889938900885677,0.0839629020961108,0.0740248547075266,0.0811221308245383,0.0990064461694568,0.0925918067947304
564,0.070789631569178,0.093283858046816,0.0902933309654937,0.085123978873978,0.0751199001552804,0.082206672325254,0.100344422387128,0.094038255585974
565,0.0716358283704613,0.0945144258292403,0.091628731580426,0.0863271335870655,0.0762270596373327,0.0832968334709146,0.101724544216963,0.0955070668493607
566,0.0724635095173979,0.0957378950202869,0.092935412157409,0.0875284610894528,0.0773084358978946,0.0843858161161563,0.103094329581773,0.0969740364496937
567,0.0732501740821264,0.096930992882954,0.0941796890654821,0.0886961675262913,0.0783542789256347,0.0854757905965901,0.104418919992806,0.0984332012564061
568,0.0741562998533024,0.0981936623616915,0.0955492991728155,0.0899645714456644,0.079526481830285,0.0866161283573008,0.105819154227009,0.10001885783372
569,0.0750623784150589,0.0994681614837933,0.0969354654375694,0.0912616816236427,0.0807165105268569,0.0877813459446311,0.107268216045751,0.101573475722249
570,0.0759033253415773,0.100718896886384,0.098275578089778,0.0925301865877225,0.0818575860348054,0.0889485168021728,0.10872076878697,0.103041287535692
571,0.0767477775405374,0.101968913369649,0.0996328912522918,0.0937512655371449,0.0829859688739497,0.0901037300305995,0.110095587606666,0.104608869376173
572,0.0776307358527701,0.103235770387135,0.101003294319701,0.0950116439767868,0.0841679191206283,0.0912649916191122,0.111490773006214,0.106199418525861
573,0.0785311941102738,0.104497901429409,0.1023607148022,0.0963091580560019,0.0853847981675707,0.0924209561898446,0.112920203827177,0.107779662081732
574,0.0793687529664155,0.105691389940737,0.103649537685734,0.0975583898839056,0.0865336946333529,0.0935298891806948,0.114327123050874,0.109343821110451
575,0.0802091583261887,0.106909521275992,0.104981090615965,0.0988465427056548,0.0876852063958695,0.0946600158853784,0.115708397941117,0.11091398673586
576,0.0810651413527186,0.108128279199413,0.106332928868206,0.100141783998715,0.0888487283394687,0.0958153135963681,0.117092347349109,0.112489342469986
577,0.0819288785384219,0.109289673559974,0.107639992653321,0.101381133502406,0.0900143269311361,0.0969748428887296,0.118518524452884,0.11406259685098
578,0.0827716749115748,0.110489234838719,0.108977247336784,0.102682238838591,0.0911933661171205,0.0981321945657093,0.11994665912757,0.115664291478894
579,0.0836333886613334,0.111707152761535,0.110357830863881,0.104049276167574,0.0924096805326894,0.099340700997097,0.121401179720904,0.117314651377077
580,0.0845459838341248,0.11291519163294,0.111766454982681,0.105460493442088,0.0936768516941206,0.100626505223689,0.122893889117145,0.119012744456335
581,0.08546673250238,0.114145379414184,0.11312838988785,0.106892508599388,0.0949775850737368,0.101871984836873,0.124349688084987,0.12070047829711
582,0.0863915002777971,0.115342090440902,0.114460787765144,0.10829949062782,0.0962379570271758,0.103126549577226,0.125792638080535,0.122366358717405
583,0.0873154301749642,0.116490116170364,0.115790987408055,0.109665346923933,0.0974339363743512,0.104405041503864,0.127234467246148,0.124016465017217
584,0.0882378601670814,0.117660316626602,0.117181670022053,0.111040094010523,0.0986378104381403,0.105656377552116,0.128667214338191,0.125700353865324
585,0.0891272324098834,0.118806461490151,0.118498752256173,0.112354107414267,0.0998133985623551,0.106883951047855,0.130071444365162,0.127346545443023
586,0.0899380846117695,0.119880761722658,0.119712641364114,0.11356775050664,0.100926300720915,0.108047369408053,0.131405461111948,0.128917667127715
587,0.0906091952816147,0.120824590403526,0.120866503141858,0.114656541743105,0.101936056973085,0.109072189460582,0.132606580768151,0.13039530071364
588,0.091227036885777,0.121745417735239,0.12191333402402,0.115654773427787,0.102878573296835,0.109987095877641,0.133761853541635,0.131721767933199
589,0.0918101055449682,0.122663005820743,0.122849141695144,0.116565034260063,0.103762198157033,0.110803856814205,0.134854864505153,0.132904076622603
590,0.0923529418363111,0.12356256828269,0.123685776887836,0.117378379650655,0.104581544545837,0.111533845205338,0.135836680137851,0.133973510043684
591,0.0928550832926005,0.124417005261122,0.124493375545173,0.118117388787353,0.105320039238815,0.112243797208953,0.136739568755868,0.135005494711948
592,0.093346444017954,0.12529048884888,0.125276763468039,0.118841597165719,0.106003970837794,0.112914867035139,0.13757916585434,0.135969346051636
593,0.0938432907364299,0.126224716923459,0.12603845170729,0.119589401895758,0.106668104113577,0.113535413621288,0.138370466866509,0.136851518925362
594,0.094287440724084,0.127131995729325,0.126799902654765,0.120289852087201,0.107342731304174,0.114157972367002,0.139128474667903,0.137744878322989
595,0.0947133550336725,0.127961950841149,0.127566904634971,0.121006104346437,0.108004374352389,0.11478150327366,0.13981946637995,0.138627719323868
596,0.0951874739988308,0.128720633283228,0.128358661625558,0.12180670987349,0.108690251970919,0.115420620007946,0.140506285124332,0.139527307842425
597,0.0958642406775112,0.129511778084345,0.129228383984314,0.122797284056382,0.109570336594035,0.116127686802773,0.141450864868076,0.140575300782931
598,0.0964874027785199,0.130239088940776,0.130072223572599,0.123745059391142,0.110439033209663,0.116808206902153,0.142434101338575,0.141637811044865
599,0.0970199981860399,0.130914639220582,0.130871178851711,0.124595577972732,0.111224114283828,0.117468866959527,0.143370256936782,0.142662136595496
600,0.0975735729572357,0.131628602774921,0.131667659253281,0.125416919385046,0.111936922708733,0.118190658054514,0.14424677567303,0.143645436040536
601,0.09799917056864,0.132313622100259,0.132331723275708,0.126098701036082,0.112611707627756,0.11878851966826,0.145010171882485,0.144484137596843
602,0.0982827230496613,0.132923163782754,0.132856801576583,0.126627650625224,0.113185329782635,0.119271463951499,0.145600836169401,0.145157558441229
603,0.0984837918930304,0.133445552028816,0.133290073218763,0.127054122799163,0.113600833644653,0.119710813792965,0.145994554752694,0.145697335634331
604,0.0988474668553524,0.134124292841984,0.133736422240582,0.127631596342592,0.114110282747973,0.120117904761722,0.146419458771606,0.146272585845467
605,0.0993545662872593,0.134873501844807,0.134252629637266,0.128335993564319,0.114737428228975,0.12055452917406,0.146917878711599,0.146930783374839
606,0.0999313549860703,0.135560474825907,0.134839400326078,0.129083977824206,0.115426872580892,0.121054811863251,0.147474925005445,0.147658360262962
607,0.100481722724236,0.136060371196613,0.135369344140395,0.129758633689505,0.115992785354437,0.121565037513149,0.148003395147299,0.148334178639842
608,0.100971126725591,0.136442074389249,0.135800734381584,0.130347031179948,0.116473030939077,0.12202810267253,0.1484607679309,0.148933817789698
609,0.101381653003424,0.136761408252879,0.136165524778849,0.130870154871374,0.116907127684721,0.122447397698594,0.148870933660927,0.149471857491104
610,0.101709010971082,0.137056399172372,0.136621320722642,0.131408425675997,0.11734132599175,0.122920086160021,0.149372789191014,0.150018422149229
611,0.101995042210824,0.137312368998369,0.137003298877696,0.131844926097622,0.117720876345733,0.123389632398109,0.14980090512997,0.150559009855724
612,0.10223899935959,0.137523781474427,0.137316246751453,0.132178247165742,0.118021128664715,0.123846325236862,0.150143792523913,0.151095255460164
613,0.102418813399944,0.137691029329305,0.137658650448142,0.132475645102147,0.118236352294059,0.124301925519731,0.150477234149379,0.15163537059547
614,0.102639019662709,0.137920620218819,0.137992997543242,0.132771910312357,0.118497737123454,0.124721313703282,0.15082927597104,0.152139045481872
615,0.102870829947867,0.13817082471962,0.138313735464191,0.133057748123046,0.118783749438356,0.125083800818113,0.15119781239291,0.152627184064598
616,0.103070035507314,0.138371602205486,0.138633903819642,0.133328198102177,0.119050618218054,0.125398984460956,0.151573882487519,0.153137195828578
617,0.103346251060884,0.138550266329214,0.139024135449637,0.133695521792781,0.119395645470529,0.12580889732407,0.151964116667709,0.153665546805664
618,0.103584645585915,0.138704861368307,0.139444295934386,0.134062450723256,0.119763317164438,0.126232327381534,0.152357029663012,0.154204490736645
619,0.103705302390371,0.138838423464831,0.139843027020477,0.134346473549918,0.120086362000019,0.126584709814747,0.152735089852295,0.154731556519724
620,0.103769309049055,0.138957522845302,0.14016321559751,0.134562519671441,0.120299623680725,0.126831937554727,0.153061377622244,0.155187782996283
621,0.103792613238566,0.139168817989502,0.140436152652891,0.134656442265427,0.1204377687935,0.126963246595704,0.153380353788687,0.15554512889003
622,0.103802647374272,0.139431009284015,0.140700935835284,0.134684096995659,0.120546186161479,0.127049186879869,0.153700993311179,0.155860976237237
623,0.103839859618019,0.139511612829648,0.141016256615257,0.134843558937085,0.120688842199119,0.127272643589982,0.153993120290441,0.15631402740387
624,0.103958808356112,0.139571343186406,0.14141512284302,0.135123629125288,0.120921480255735,0.127615868699679,0.154331272545098,0.156891121637721
625,0.104112710964777,0.139681668695576,0.141844198349566,0.135425805740213,0.12119982729628,0.127981178797165,0.154713472763103,0.157480870950393
626,0.104203210037939,0.139881216929742,0.142200552680636,0.135601812711309,0.121424679267531,0.128220085193774,0.155095376506361,0.157910006258716
627,0.104357557289383,0.140140816036972,0.142559295182786,0.135902372169217,0.121708695645458,0.128478194879597,0.155472318275119,0.158335141906494
628,0.104578782536084,0.140451607772853,0.142917570635968,0.136257839601541,0.122021075801277,0.128789182261032,0.155834312428671,0.158772659521943
629,0.104827364681943,0.140791889053267,0.14325731171096,0.136561151277878,0.122309462634519,0.129141507934716,0.156173683840107,0.159210238238795
630,0.104984294524851,0.141052578133879,0.143555037698024,0.136867440852439,0.122562323079128,0.129418741112579,0.156486151746392,0.159643304472543
631,0.105179401627063,0.141351437703062,0.14386644852177,0.137192910727261,0.122827662360071,0.129710490528186,0.156795076276505,0.16005152358685
632,0.105483976447023,0.141738939238398,0.144203712998056,0.137532920341727,0.123126811550088,0.130060590716732,0.157108087785821,0.160431915771108
633,0.105822849853107,0.142091517120188,0.144465042584347,0.13783348168768,0.123414751984708,0.130387993184499,0.157387018906384,0.160817494916092
634,0.106194522209963,0.142490455714708,0.144776569127323,0.138176116647552,0.123729671205238,0.13073367981611,0.157712608931724,0.161200824715997
635,0.106562423534251,0.142920869318023,0.145131760441581,0.138559569568386,0.124062879779502,0.131098982006217,0.158068065590375,0.161573488189086
636,0.106853363735108,0.143281603889394,0.145406329831329,0.138907981849605,0.124362693635118,0.131454189856133,0.158345591351234,0.161923254158238
637,0.107203849266052,0.143692456355,0.145686946071723,0.139304521920692,0.124697001356264,0.131776499183948,0.158657121804195,0.162275655840187
638,0.107586544228315,0.144134359449315,0.145988699643537,0.13973082609867,0.125048876854071,0.132086592668081,0.159003942088243,0.162645283202631
639,0.107921545655864,0.144544140480403,0.146304403109828,0.140137929208277,0.125380368708748,0.132422549187697,0.159352365240321,0.163040210285049
640,0.108262218783347,0.144958180780614,0.146641102765775,0.140572937555926,0.125788664538505,0.132812522694413,0.159734082576108,0.163452677317595
641,0.10858471277827,0.145359452433611,0.146983815535103,0.14101269377758,0.126184807260915,0.133154214855085,0.160121452190939,0.1638402292479
642,0.108871440647294,0.145738964880157,0.147319855177324,0.141433799757865,0.126503202409275,0.133390152686411,0.160485119095563,0.164187557375714
643,0.109165677156834,0.146139285003807,0.147652529264958,0.141848345526342,0.126868955794139,0.133698150102671,0.160812716219786,0.1645908915034
644,0.109461133359649,0.146566098225678,0.147999941928424,0.142260456859097,0.127253261864487,0.134023640626956,0.161161886781246,0.165023114831128
645,0.109754182569458,0.14700014275665,0.148363623445361,0.142672870951833,0.127632047837155,0.134336682252703,0.161541729048122,0.165463708711126
646,0.11005370177556,0.147379755470158,0.148718526122485,0.143088783389567,0.12799602482259,0.134664160596452,0.161872853464692,0.165915225124098
647,0.110319881564122,0.147719944866765,0.149060217981984,0.143498668023636,0.128349015644294,0.134969968894626,0.16220152401668,0.166325068243171
648,0.110569792883785,0.148048612777238,0.149388328608426,0.143899872694931,0.128702210235908,0.135262120849109,0.16255077348722,0.166710072639206
649,0.110860132838301,0.14840858288612,0.149706760219239,0.14429321597675,0.129072774893743,0.135577787268234,0.162933389511195,0.167136327203404
650,0.111117689326724,0.148729594497897,0.150036712613616,0.144637724625882,0.129392936544769,0.135848338301682,0.163250154929834,0.167553251455048
651,0.111375541310853,0.149045106171049,0.150382188806774,0.14497076840382,0.129702973510034,0.136132745324261,0.163551497976111,0.167972792487761
652,0.111680216301386,0.149404505412022,0.150735702157207,0.145340935323819,0.130059163851816,0.136504119340596,0.163914681735955,0.168412684388989
653,0.111939998443981,0.149740109784503,0.15105958255784,0.145688362663306,0.130379175221992,0.136851224473405,0.164257854957584,0.168806065925815
654,0.112165288992197,0.150049812697932,0.151354294477003,0.146015711367234,0.130672847930338,0.137147232095956,0.164551798218087,0.169183427484989
655,0.112388254243678,0.150342488057978,0.151630156158301,0.14633999376401,0.130957316201103,0.13740525821921,0.164806128793402,0.169571731445052
656,0.112669545752081,0.150627719937002,0.151901901600832,0.146698331643597,0.131230652045468,0.137719549880485,0.16512409311248,0.169947089061393
657,0.112971546560725,0.15095076965227,0.152218896313988,0.14707829609704,0.131545787925792,0.138061318143716,0.165452810716137,0.170359971373025
658,0.11326222529194,0.151294156155198,0.152568549473542,0.147453279032653,0.131892530025114,0.138400992534462,0.165767703208429,0.170806356758472
659,0.113507770850361,0.151547439129598,0.152852815052864,0.147769981581126,0.132169947795554,0.138700830936144,0.166079706539785,0.171207423117613
660,0.113772748674332,0.15182055169459,0.153114974264067,0.148091392122966,0.132471505279996,0.139007400749159,0.166373529134947,0.171607618718444
661,0.114059748422316,0.152123775709024,0.153376766093322,0.148439769208849,0.132798189449936,0.139337436276678,0.166665776408418,0.172009971042438
662,0.11434184264921,0.152423462685782,0.153654780919136,0.148818020813615,0.13310954487588,0.139693802454124,0.166988262643983,0.172402430242768
663,0.114633313906606,0.15275301456983,0.153945178931385,0.149194393237406,0.133423600967368,0.140065614303074,0.167313070029391,0.172815133468811
664,0.114930681156533,0.15306202630137,0.154208400216934,0.149552112802945,0.133733813268361,0.140413106605789,0.167634798951108,0.173218569959418
665,0.115225002246985,0.153307596980147,0.154418873228035,0.149885818357938,0.134035926548409,0.140711055184037,0.16795023079757,0.17359029621181
666,0.115497330895895,0.153572476675506,0.154655830386968,0.150220521507492,0.13435817889676,0.141033001725228,0.168234382979218,0.174013402107975
667,0.115762578422655,0.153858353393821,0.154929553142252,0.150570991697799,0.134699712802014,0.141368687832465,0.168555270139205,0.174442823961984
668,0.116035829587284,0.15415816663496,0.155225667379494,0.150937108006671,0.135045223664617,0.141706182421241,0.168932547915556,0.174853355351725
669,0.116332899575466,0.154460802507852,0.155484820742584,0.151288698943657,0.135349753333982,0.142044659984083,0.169269199906488,0.175287002220592
670,0.116618277332298,0.154759909275571,0.155754548372044,0.151644238593708,0.135646898354288,0.142378019080411,0.169615836929157,0.175690497781802
671,0.116893766152046,0.155070698263138,0.156047166547416,0.152011964096317,0.135955858151275,0.142708713508288,0.169973614831563,0.176067416554907
672,0.117194105219325,0.155431809126789,0.156347492048773,0.152393643000458,0.136287411459124,0.143046495416752,0.170301870946712,0.176470825846385
673,0.117498201632921,0.155752461628327,0.156649526891863,0.152754737602756,0.136615045097805,0.143408679961324,0.17066577217708,0.176890153518448
674,0.117805815211972,0.15604409680148,0.156940237127293,0.153103003722861,0.136951427499195,0.143774515055596,0.171058633201886,0.17731390902009
675,0.118120440835495,0.156354140768242,0.157213105188669,0.153462186246883,0.13731642843935,0.144114092182192,0.171447173340038,0.177728758838796
676,0.118416844257261,0.156688188390936,0.157541162585056,0.153839503848141,0.137651688443822,0.144463378217742,0.171800869300541,0.17813217251056
677,0.118709630515313,0.15703341706255,0.15787851926721,0.154218973196712,0.13799205836162,0.144809111556261,0.172176568913012,0.178544919287246
678,0.119009653520636,0.157374958018631,0.158183909288484,0.154582231288909,0.138360033687691,0.145138696557499,0.172604052008713,0.178979533430852
679,0.119287194895746,0.157700925095563,0.158485260212614,0.154908611140148,0.138683876013802,0.145457148912234,0.172972358127701,0.17940494369677
680,0.119598470107541,0.158036583685837,0.158834001164748,0.155254619604615,0.139019227097477,0.14582150964492,0.173353646283011,0.17986432174789
681,0.11994354673184,0.158400282103377,0.159233277932854,0.1556353004457,0.13938589106198,0.1462262311379,0.173764864968402,0.180347063607136
682,0.120232721797968,0.15880946665934,0.159613500240885,0.156004593168672,0.13975257725896,0.146565888657867,0.174130774328333,0.180747698302817
683,0.120514357575519,0.159192256131863,0.159994898982772,0.1563650224127,0.14009508799523,0.146899892221874,0.174522600680857,0.181177976470144
684,0.120803430640326,0.159570281449303,0.160400595624369,0.156725600912614,0.140431755550156,0.147246184616853,0.174935551600753,0.181644700810576
685,0.121102233312448,0.160015800407884,0.160859591451719,0.15710151105806,0.140804743094515,0.147605571007614,0.175326101365389,0.182101550340806
686,0.121420652352903,0.160462931632899,0.161346228300738,0.15747768197758,0.141134440144511,0.147960432561118,0.175726528754201,0.182564053474233
687,0.12173932351162,0.160923517066542,0.161852768467662,0.157854669807813,0.141467356604228,0.148311714373697,0.176156433387448,0.183051664656024
688,0.122039677845952,0.161412138626467,0.162369279975626,0.158231154272586,0.141856323968485,0.148665482911745,0.176620249784463,0.183567026536904
689,0.122355362978726,0.16186800239245,0.162857242248475,0.158581468048298,0.142224130328191,0.149036546257497,0.177066542036944,0.184018828391795
690,0.122656697274329,0.162295908060121,0.163350938209201,0.158903335710942,0.142570387215787,0.149386404829165,0.177481403539426,0.184460258145529
691,0.122937585768446,0.162720660323015,0.163872637465968,0.159215150346838,0.142904822235445,0.14970798184207,0.17787112686771,0.18493079024871
692,0.123253869404426,0.163201040596842,0.164405486792898,0.159578190755931,0.143242366627951,0.150075052028425,0.178273287256407,0.1854185502427
693,0.123594371225368,0.163708225793954,0.164964618663403,0.159963625703298,0.143602531489378,0.150440049611314,0.17870746529391,0.185908062717385
694,0.123936007853588,0.164216244705466,0.165520395513304,0.160347489519516,0.143977234440139,0.150790819880804,0.179160128167741,0.186400862016992
695,0.124239394915702,0.164695233032829,0.165997460631752,0.160704275795683,0.144331404190144,0.15114271517262,0.179584710930194,0.186915613629942
696,0.124532205599653,0.165175166889408,0.166488695257938,0.161052931659702,0.144676328180876,0.151493169400524,0.179973364411722,0.187366131069607
697,0.124828145838455,0.165637378054492,0.166986065386879,0.161400108573933,0.145016367810575,0.151835608523146,0.180361227518774,0.187795105188036
698,0.125136525706815,0.166057218616438,0.167453384342212,0.161749767104137,0.145355003338153,0.152163361410536,0.180792569612778,0.188279212390503
699,0.125460473052566,0.166512403966193,0.167932100648909,0.162111067297744,0.145695420368961,0.152484032816343,0.181217665992291,0.188744779239217
700,0.125772156271219,0.166979185544389,0.168402244346231,0.16246535654666,0.146036355851596,0.152827275339576,0.181624659117903,0.189188957939828
701,0.126059980067344,0.16743029212406,0.168847345103988,0.162806472806781,0.146375829324209,0.153203792204648,0.182022671543684,0.189627166873847
702,0.126378494637979,0.167880618942519,0.169288901044008,0.163183877841975,0.146710597954531,0.153557924467996,0.182479742084314,0.190106244602436
703,0.126693201351022,0.168293366873564,0.169721963009073,0.163556846090983,0.147054970863159,0.153914670289224,0.182894731188628,0.190570635146996
704,0.126993475433869,0.168681810458799,0.170146977410732,0.163907634191762,0.14741244247452,0.154275570680481,0.183248287212882,0.191006195849631
705,0.127300526977824,0.169134433614393,0.170571756388267,0.164247462842227,0.147774835084325,0.154605299258109,0.183630984174014,0.191453878511068
706,0.12761868742782,0.1695777409672,0.171001325638933,0.164587837586567,0.148112973520738,0.154957201387732,0.184035536593087,0.191918446926994
707,0.127927761440443,0.169985951480891,0.171412623453097,0.164923486697258,0.148439974475256,0.155317385728365,0.184434043532106,0.192368523909869
708,0.128197402968988,0.170355069419345,0.171772049922898,0.165243053011997,0.148787513205933,0.155641423898144,0.184787629503778,0.192758558677509
709,0.128484912494026,0.170726820120422,0.17214128114349,0.165597408819742,0.149088181219599,0.15595600817552,0.185177233075017,0.19319830454977
710,0.128792126451103,0.171103341021232,0.172530044236043,0.165965735463493,0.149405675197583,0.156276468511717,0.185565185888819,0.193649885499995
711,0.129107470263736,0.171483015231513,0.172936920319525,0.166321337304006,0.149793926776064,0.156612569313151,0.18591540337055,0.194068353336399
712,0.129414326056275,0.171893048715802,0.173369409964363,0.166685270445115,0.150144021159155,0.156954955422562,0.186309552724003,0.194522691112393
713,0.129717328005266,0.17228150134875,0.173777355962996,0.167028023940948,0.150468765948341,0.157307425234991,0.186713207813893,0.194967640828218
714,0.130022248107447,0.172630985272359,0.174143053402444,0.167346903718988,0.150789551868042,0.157670462234614,0.187105893112394,0.195385046339353
715,0.130339739444224,0.17298969932449,0.174508818964085,0.167693498032035,0.151134607064513,0.158043926912781,0.187504992541953,0.195819619180304
716,0.130617973897817,0.173364396074396,0.174872669729579,0.168036090634447,0.151473292500722,0.158363351641172,0.187868348017472,0.196204319160157
717,0.130873398634468,0.173741924568894,0.17523374892258,0.168376528287236,0.151799510038822,0.158647832899061,0.188216532181139,0.196571910096222
718,0.131169500585572,0.174091728202543,0.175589581159451,0.168735828977976,0.152121715463525,0.158974996248524,0.18861241817462,0.197021819852765
719,0.131477657927006,0.174442828881038,0.175975129062049,0.169061856317341,0.152444422591057,0.159314251670659,0.18897069604821,0.197444657897799
720,0.131786585406811,0.174798935829834,0.176368739918453,0.169381216663397,0.152775635291214,0.159648112556217,0.189309303666927,0.19784307985437
721,0.132089349296965,0.175162363788422,0.176742629756699,0.169732343442916,0.153119007942916,0.15996612415764,0.189672823677186,0.198250490338651
722,0.132391540655846,0.175572451933676,0.177138837259887,0.170089784366779,0.153452409527157,0.160295622223612,0.19009654212875,0.198701076222839
723,0.132675436919792,0.175969304735405,0.177524869551082,0.170418142639162,0.153772950802224,0.160615254452363,0.19048187479677,0.199144314219802
724,0.132941601555247,0.176317296232346,0.177883622009976,0.170713692371655,0.154086247190948,0.160919637221911,0.190792325138448,0.199549201460212
725,0.133238732555756,0.176650111870848,0.178249349917567,0.171047875584317,0.154413799057768,0.161253180429025,0.191160262113195,0.199946092282322
726,0.133531316518139,0.176983698567211,0.178591697067931,0.171380301575709,0.15473446246739,0.161570697868154,0.191536204564638,0.2003187036017
727,0.133809274357355,0.177319453852889,0.178911324339066,0.171704433629747,0.155041595821046,0.161867970025356,0.191893739967834,0.200676770398554
728,0.134082156301702,0.177643945621767,0.179235550841568,0.17204144349665,0.155339535789755,0.162175581249988,0.19221911794226,0.201052679284606
729,0.13437254734529,0.177982954606472,0.179570263216381,0.172375241141511,0.155653270634647,0.162496047924247,0.192552583598978,0.201480571108835
730,0.134678130954489,0.178327469078268,0.179911954708984,0.172688289762705,0.155968470446244,0.162821972898168,0.192898454989332,0.201920270710452
731,0.134983147460022,0.178656765207951,0.180253519512777,0.172970451287372,0.156260246083885,0.163137644009526,0.193246839769146,0.202309564523274
732,0.135248632864696,0.178958902921715,0.18060721852103,0.17327781318163,0.156541944486098,0.16340345304523,0.19358004580578,0.202657512491167
733,0.13550744546262,0.179277336525309,0.180943140339491,0.173601729217081,0.156831088734398,0.163675839986524,0.193916896289456,0.20300233495079
734,0.135786211213407,0.179627846395854,0.181248291249843,0.173924868367393,0.157132098699357,0.163987626678789,0.194265552443513,0.203373842518185
735,0.136069480425109,0.179926545330184,0.181568117773069,0.174231134112375,0.157409074696389,0.164270681917538,0.194587812709725,0.203777025216889
736,0.136354797640498,0.180236653045317,0.181899031766227,0.174523479459969,0.157697574559005,0.164568662882681,0.19492291979654,0.204145882288089
737,0.136634323424595,0.180571250238858,0.182229124522054,0.174816147793978,0.158001897013975,0.164881224371996,0.195274653366639,0.204477936286735
738,0.136892655403476,0.180890606524712,0.182535573564803,0.175141278624183,0.158292279655778,0.165159696640499,0.195608123224794,0.204843055587142
739,0.137165987531805,0.181201479388254,0.182838962416349,0.175425843433347,0.158587756202729,0.165421910572174,0.195940806729424,0.205224071357337
740,0.137458918138636,0.181517649331967,0.183167075020828,0.175698592543523,0.158898256261916,0.165698423396565,0.19627796189452,0.205597459879308
741,0.137758043040921,0.181850503334679,0.183539621849601,0.176017595044709,0.159224172719517,0.166016960761395,0.196621722749087,0.205937602028813
742,0.138004481947495,0.182134281718974,0.183853866129991,0.176295683315307,0.159498882309057,0.166295205876081,0.196981855426577,0.206268030984007
743,0.138249929299522,0.182414777740511,0.1841420445203,0.176566819903127,0.15976122727179,0.166551898294634,0.197334265729996,0.206606272886877
744,0.138535362520208,0.182732337263764,0.184444907577198,0.176859081492868,0.160047009327831,0.166813679086957,0.19766362116985,0.206958462063593
745,0.138810937647399,0.183055602361655,0.184759929298394,0.177117976853767,0.16032796742758,0.167078310731806,0.19799716056804,0.207298200506867
746,0.139101543985127,0.183386122527305,0.185078218375368,0.177390204950187,0.160616652828894,0.167354498277163,0.198326965812196,0.207641062134205
747,0.139395816784602,0.183711392129276,0.185396275197932,0.177690404274598,0.160901816780682,0.167640038431549,0.198651337349704,0.207987871370714
748,0.13963147973965,0.184000378122459,0.18572107074367,0.177995132081335,0.161138591499054,0.167921063033288,0.1989779718266,0.208318362356499
749,0.139867050490882,0.184248000549636,0.185993259095315,0.17827586693974,0.161359413080178,0.168162231625112,0.199278345576392,0.208671443033098
750,0.14012067370921,0.184487609945794,0.186249572259796,0.178539525020822,0.161604901107937,0.168384733841567,0.1995744475988,0.209020378257602
751,0.140393920336672,0.184768793707182,0.186561386284683,0.178809635358698,0.161915294057598,0.168634405405726,0.199908836616587,0.209318278009081
752,0.14067065942953,0.185072435246113,0.186848002341268,0.179076664477463,0.162242734582279,0.168898983164564,0.200272785144797,0.209638497503852
753,0.140939099660144,0.185378720769973,0.187123597496934,0.179340186334719,0.162532440531853,0.169161895838852,0.200612876048333,0.209957811059941
754,0.141196259361419,0.185670665323878,0.187411834096784,0.179600681457459,0.16276354569306,0.16941267925066,0.20089815418926,0.210252803123305
755,0.141468108132711,0.185937436871225,0.187718535254279,0.179859393003793,0.163031940425782,0.169669631265514,0.201194563384853,0.210554940620321
756,0.141716628766491,0.186225908829935,0.188007224721888,0.180101497609985,0.16327597195278,0.169902393206402,0.201499364373885,0.210850548781197
757,0.141941967602499,0.186536289207526,0.188277378133788,0.180333683143344,0.16349275679611,0.170113022120941,0.201807513984529,0.211139921821908
758,0.14219755326921,0.18680460711549,0.188580964972397,0.180593452704414,0.163764916624768,0.170348281207191,0.202110148961136,0.211443020901379
759,0.142439966139623,0.187056704339031,0.188839311333855,0.180850364925812,0.163996606578859,0.170578630407555,0.202428887998078,0.211739448907034
760,0.142674470473688,0.187298807733695,0.189061110213703,0.181076772406204,0.164194835908893,0.170806937268249,0.202741143454896,0.212023970409704
761,0.142924809465,0.187535780989989,0.189295578131402,0.181255653117173,0.164409775102153,0.171046175297461,0.203011188095242,0.212299379104777
762,0.14318572891099,0.187819096258506,0.189584921447746,0.181505126572653,0.164646052153197,0.171273323347901,0.203306617947402,0.212590621994406
763,0.143430897062591,0.188101845616231,0.189871686959715,0.181782855872241,0.164893984864548,0.171491380924601,0.203602442313281,0.212883238365046
764,0.143649272633954,0.188348606899174,0.190112103625875,0.182023829535515,0.165140145452536,0.171705888911133,0.203876967274456,0.213159273150989
765,0.14389156067856,0.188624075275738,0.19036992076354,0.182170463841271,0.165372680892759,0.171915503589983,0.204175862082035,0.213407396802161
766,0.144147440230411,0.18888876399272,0.190625484038383,0.182362969724633,0.165593848433203,0.172120772382252,0.204462536401808,0.213683182902096
767,0.144398260683149,0.189121692323211,0.190873618602669,0.182627342101596,0.16580723922613,0.172321025127543,0.204728630817509,0.213969388898852
768,0.144611324620887,0.189321579282117,0.191129002476411,0.182841366346564,0.166016811752812,0.172512408600779,0.205001091156185,0.214145115235726
769,0.144834573267165,0.189535127578096,0.191370401858184,0.183051782052329,0.166241316429735,0.172719854316933,0.20528763200101,0.214357694139682
770,0.145068313427153,0.189772366779399,0.191599316656068,0.183257247110267,0.166474184110403,0.172932574911781,0.205584891850206,0.214616898183511
771,0.145296098323411,0.190025830916671,0.191829273104752,0.183446073004734,0.166698265420502,0.173126207183399,0.205882389235477,0.214876036646597
772,0.145542773465779,0.190289764901172,0.192093876909733,0.183667868971856,0.166920230939249,0.173312667749745,0.206172531570408,0.21511305433419
773,0.145789162442037,0.190543516115041,0.192353381727108,0.183868405408403,0.167135716982558,0.173502401727924,0.206442862783053,0.215346611004698
774,0.146024158286091,0.190778301401728,0.192580260054575,0.184018763704611,0.167340001256405,0.173698654296401,0.206699792870298,0.215591020831321
775,0.146289265203634,0.191028404487473,0.192823323890161,0.184218405862853,0.167531598433935,0.173884026018099,0.207016689222044,0.215826756662997
776,0.146514617296573,0.191269646713976,0.193042732572199,0.184413196068578,0.167710409025691,0.174057199420744,0.207295084341581,0.216037601970869
777,0.14670206308551,0.19149333698278,0.193244175374952,0.184589241558635,0.167881021515752,0.174233768458466,0.207527119798684,0.216244175047842
778,0.146936075534614,0.191707152180455,0.193486659799372,0.184776808025334,0.168051917094137,0.174451894375441,0.207808400877052,0.216512817392585
779,0.147165474537168,0.19192260514206,0.193726740536169,0.184973826754664,0.168263202951491,0.174640126416639,0.208087790006486,0.216768053717281
780,0.147385375986098,0.192152139405565,0.193953047442502,0.185166413075853,0.168505086491221,0.174799538309128,0.208361343336123,0.216987758499253
781,0.147605128400427,0.192398293804386,0.194164294456105,0.185339343308231,0.168743009384866,0.174959050589015,0.208634825968117,0.217172685339779
782,0.147825358771807,0.192585743878724,0.194351795628288,0.185519973719809,0.168924606489805,0.175137229492499,0.208871472434508,0.217347837395472
783,0.148046494416251,0.192756277389303,0.194548918010286,0.185699459128138,0.169094780752847,0.175310372794701,0.209095803501548,0.217540475305532
784,0.148267487499359,0.192953703798092,0.194777181132037,0.185868210205659,0.169283337112494,0.175467888214485,0.209336232248363,0.21775483647462
785,0.148483097760426,0.193190879951765,0.195021726955199,0.186028986958991,0.169443498734032,0.175653618661739,0.209618876358908,0.217937625980288
786,0.14870135412054,0.193436638881644,0.195233795822152,0.186153768045297,0.169609759829537,0.175811031046117,0.209870446685047,0.218103590380618
787,0.148927889659036,0.193680781139359,0.195429304515369,0.186279101946954,0.169803743120738,0.175947045493914,0.210099126631613,0.218277607874077
788,0.149166183681934,0.193930880100883,0.195684470711353,0.186502363985072,0.170037317749751,0.176125609031918,0.210387143229476,0.218496300124624
789,0.149376430803534,0.194106692567125,0.195855332607077,0.186664448658742,0.170209347827561,0.176288231252465,0.21065148008845,0.218679709841265
790,0.149569254171322,0.194268002974314,0.195997967098507,0.186787039073003,0.17033768448364,0.176438215131643,0.210898343615323,0.218858841936359
791,0.149768836822138,0.194497869424573,0.196210288504253,0.186938436197759,0.17047675336579,0.176592300445525,0.211150616788041,0.219076943928138
792,0.149975079688413,0.194737035153246,0.196446265909053,0.187114179054904,0.170652792046402,0.176735181027965,0.211360127068648,0.219234097948811
793,0.150190733212068,0.194937774812714,0.196678385388174,0.187278453222194,0.170823970751588,0.176879610509174,0.211586681425847,0.219359541259757
794,0.150408369401913,0.195090222158668,0.196882650127621,0.187413448366745,0.170972269873212,0.177027932808684,0.211854867254493,0.21949327696931
795,0.150595498378569,0.195255853894081,0.197027289224691,0.187540943813554,0.171142693556055,0.177152223834656,0.212100028214154,0.219682301547374
796,0.150791713411815,0.19543796029314,0.197200537971824,0.187672352204919,0.171309963849903,0.177295013541085,0.212334530968379,0.219864417723971
797,0.151002119262512,0.195632909894383,0.197415293927067,0.187813342193901,0.171470277978671,0.177455726984307,0.21256880851469,0.220024853897232
798,0.151210327140339,0.195828263195332,0.197634157519465,0.187964177327275,0.171632231252124,0.177604956841797,0.212814788085772,0.22017751906188
799,0.151420249981501,0.196013236689345,0.197828559720359,0.188123318622853,0.171809780310602,0.177718910793677,0.213060674524042,0.220324627320214
800,0.151612668242952,0.196197245748401,0.198004224110245,0.18825181156369,0.171971073924481,0.177811019597799,0.213282569600851,0.220439571212687
801,0.151779581613526,0.196388912488198,0.198174587388388,0.188329692588946,0.172093998815824,0.177908960407319,0.213479300956999,0.220525942870978
802,0.151978971642423,0.196573355079962,0.198343437087839,0.188447038282225,0.172242311221094,0.178056533920802,0.213758622494732,0.220751499735677
803,0.152188202197617,0.196734935882988,0.198491836260994,0.188593469853717,0.172399878002106,0.178210389913516,0.214044026995341,0.220956262890162
804,0.1523868493424,0.196886589205951,0.198638165486152,0.188743415265609,0.172551086221695,0.178346403465753,0.214289305766799,0.221081483114175
805,0.152557670949499,0.197087675408832,0.198865518683449,0.188849357569908,0.172682209659244,0.178472017158569,0.214497108736545,0.221233748573817
806,0.152749022193689,0.197286015192046,0.199071387563233,0.188975108343344,0.172832344593228,0.178586544135435,0.21471826979302,0.221377773269949
807,0.15295907797359,0.197460753149178,0.199237986007526,0.189116181852729,0.172985428664045,0.178702931297641,0.214951455099538,0.221489649721115
808,0.153162665236741,0.197609650467635,0.199389212859273,0.189240090797241,0.173104740963715,0.178835504629555,0.215170888221865,0.221559634677052
809,0.153344004974283,0.197793521638791,0.199587526212188,0.189349992563873,0.173211945834374,0.178940025346905,0.215359604171484,0.221715316690511
810,0.153515029450287,0.19798626149643,0.199786738731937,0.189449730155223,0.173341385964809,0.179053816936021,0.215566441809646,0.221892231276939
811,0.153690759995725,0.19816491273729,0.199951460935879,0.189548742236426,0.173507429798582,0.17919495128284,0.215816003204648,0.222025170191216
812,0.153882426715503,0.19835675953806,0.200124780482572,0.189673334539929,0.173666674334369,0.179289399506203,0.21603788987806,0.222128246850974
813,0.154069539128786,0.198534112417048,0.200292342996834,0.189788049134732,0.173817975941478,0.179396899958472,0.21625620179897,0.222224399688239
814,0.154250434977904,0.198682743166926,0.200450761709552,0.189877502246831,0.173955784520762,0.179520374469482,0.216468458820112,0.222332367201914
815,0.154440585245817,0.198800303568542,0.200605909250397,0.189944387369074,0.174071459367673,0.17961190897986,0.216649328935738,0.222467280275192
816,0.154626049736545,0.19894526225958,0.200773183793863,0.19007430453549,0.174182620438845,0.179705851370784,0.216838779046308,0.222586100177803
817,0.154810807319929,0.199114877351148,0.200926383685665,0.190229444545863,0.174309716322152,0.179827854263296,0.217053613506615,0.222702244383237
818,0.154996751593979,0.19928665030605,0.20104614596257,0.19034415667937,0.174457942669208,0.179979938652492,0.217291111545054,0.222832064301455
819,0.155138229781585,0.199438176914186,0.201215626774556,0.190420876575547,0.174541343146032,0.180046157670578,0.21747899361134,0.222906781692639
820,0.155312049583905,0.199621633199503,0.201418038720539,0.190494150610921,0.174653522931019,0.180111192653312,0.217696006507132,0.223005958541248
821,0.155534188771487,0.199831679632347,0.201609339798219,0.190591497602942,0.174822282752921,0.180226116460142,0.21795178266004,0.22315104897922
822,0.15569868998157,0.199945206796495,0.201694244306545,0.190733546380424,0.174941065858344,0.180370847727732,0.218106661445384,0.223241297682587
823,0.155844886807353,0.200054359043688,0.201813915612999,0.190839260429775,0.175023282949967,0.180462848604514,0.218285981511956,0.223342800552611
824,0.155997450787529,0.200182366392641,0.201973561007314,0.190921484789022,0.175104704145081,0.180525116715126,0.21850416475123,0.223459703302288
825,0.15617736241819,0.200324408524027,0.202116245746404,0.191033329992573,0.175234934548182,0.180630882364668,0.218723853528432,0.223567921774317
826,0.156378958320119,0.200501158817044,0.202275856974037,0.191097886126574,0.175394754690816,0.180731492854025,0.21893025265468,0.223648845951042
827,0.156540460914216,0.200669935602462,0.202434426775502,0.191150384693896,0.17551833956248,0.18081830848959,0.219128600130841,0.223717795905645
828,0.156641369550464,0.200801631810162,0.202571729683056,0.191228317224424,0.175577953806935,0.18089396414477,0.219320354226271,0.223795268524245
829,0.156813005237003,0.200940975610944,0.202679562524198,0.191324642592355,0.175679348809263,0.180977877768404,0.219482323024713,0.223902613529692
830,0.156960278847968,0.201036974174337,0.202797546734797,0.191416575976641,0.175781610954388,0.181052593187204,0.219630240784799,0.223993553966336
831,0.157082818739804,0.201129961486313,0.202929623847679,0.191502608146863,0.175876931245716,0.181121727729835,0.219778905240251,0.224072262220569
832,0.15726563645899,0.201343961131656,0.203047357512242,0.191601213290761,0.175986413443853,0.18120822998992,0.219943121765362,0.224189689324559
833,0.157424856331734,0.201528222625668,0.203202267600845,0.191706020436217,0.17610323838313,0.181295460770565,0.220134951069559,0.224348787380927
834,0.157578402270681,0.201681423419231,0.2033619638296,0.191815075441159,0.176213690215679,0.18140389016497,0.220353215287958,0.224484575202236
835,0.157753242630304,0.201831436358929,0.20348478368113,0.191917121789744,0.176307389565996,0.181540322855548,0.220583408895855,0.224541617025579
836,0.157874367083783,0.201935442157867,0.203601173774984,0.19194932613964,0.176398474315429,0.181590275583767,0.220771260550286,0.224611503763278
837,0.158006554211455,0.202020514593129,0.203735932674623,0.191972877479097,0.176503948429057,0.181663253392746,0.220962941318633,0.224711565959268
838,0.158183121151154,0.202121919752849,0.203894316085466,0.192036166473037,0.176629444995177,0.181788723532176,0.221173762965315,0.2248161617623
839,0.158383730433923,0.202287787834005,0.204054460819448,0.1921680893981,0.176766980462136,0.181851705287325,0.221363540857074,0.224829565231011
840,0.158556659353636,0.202453605763257,0.204199540642894,0.192246608094607,0.176868726496156,0.181940251772321,0.221533837187736,0.22490364060591
841,0.158698722179247,0.202610948224824,0.204336280018026,0.192307018121025,0.176959208303033,0.182053677801633,0.221712867173804,0.225049211379701
842,0.158833404544764,0.202772520034051,0.204478684725406,0.192436601394421,0.177086356646937,0.18215736110717,0.221932706458444,0.225210849443028
843,0.158998724684319,0.202930739143497,0.204588188090508,0.192538501153306,0.177193857399028,0.182241396512342,0.222129830666702,0.225315467697288
844,0.159156207865388,0.203057856554118,0.204721082694844,0.192599269602452,0.17729433015291,0.182331889823588,0.222321959287556,0.22539652314553
845,0.159288629107707,0.203151775117495,0.204893260253615,0.192645511244897,0.177397307355068,0.182436719859093,0.222521235210803,0.225488135078484
846,0.159451640890172,0.203272399053541,0.204992645045193,0.192780084882412,0.177476946919294,0.18250475697279,0.222698968548663,0.225590993458213
847,0.159621850869128,0.203412629228783,0.205127682643187,0.192906869626343,0.177616304312879,0.182595042165518,0.222894498215198,0.225703889966699
848,0.159781511826387,0.203566411244083,0.205295245721069,0.192987905442408,0.177781188814841,0.182716358447131,0.223092288764826,0.225811367583714
849,0.15991750070853,0.203725482774525,0.205424791048845,0.193027149172561,0.177868086926814,0.182844413270653,0.223247250737217,0.225892066182578
850,0.160076852157792,0.203889892547264,0.205541929829252,0.19314260821253,0.177999805861577,0.182954068216298,0.223451702482089,0.225999128508159
851,0.160237984439861,0.204039475033918,0.205690139369695,0.193272871744187,0.178132164224023,0.183053590215316,0.223673011495028,0.226150918499821
852,0.160384468520341,0.204165170954237,0.20588432198096,0.193352748222443,0.178224092013492,0.183155207437134,0.223871009503546,0.22632193902271
853,0.160571598724571,0.20430310948,0.206033682424881,0.193429638504763,0.178355015362248,0.183259746518292,0.224067990775608,0.226359381354216
854,0.160711557416586,0.204455140472128,0.206167472933996,0.193502404909055,0.178477249422211,0.183344948069373,0.224242656932513,0.226430027719187
855,0.160817030251792,0.204588951132403,0.206305195278063,0.193591278154502,0.178584998077521,0.18342156578893,0.224419601087631,0.226567379723001
856,0.160997769107144,0.204640610144311,0.206456494253269,0.193736189827664,0.178713118685987,0.183532289765628,0.224666775019302,0.226675198439862
857,0.161179333952865,0.204808030129252,0.206589153505757,0.193863412486406,0.178877363922342,0.183664699389664,0.224893897607228,0.226802225727797
858,0.161328455705364,0.205010024459301,0.206721290348971,0.193955006442418,0.179012995075399,0.183768893809335,0.225096150481221,0.226937273622985
859,0.161444253078664,0.205129084647426,0.206872566104646,0.194024474664223,0.179077132973982,0.183822883750963,0.225292205749709,0.227062316614135
860,0.161626891327376,0.205250000896882,0.207000207782163,0.194153149508372,0.179232884004356,0.18398671064698,0.225493113181416,0.227200021246108
861,0.161805667699726,0.205412288249544,0.207151211084418,0.194257165208412,0.179391347411561,0.184123473436215,0.22570305885905,0.227312599151935
862,0.161945232134882,0.205596592297727,0.207323334634068,0.194325006378588,0.179507648704758,0.184196001728813,0.22592046683597,0.227399462251232
863,0.162063050222196,0.205705850232243,0.207443307265742,0.194450494647021,0.179604561726452,0.184312992567646,0.22613643784416,0.22751070053643
864,0.162217848279448,0.205838513426098,0.207588404475551,0.194559433338416,0.179759145151656,0.184439298647492,0.226366762425788,0.227663654744591
865,0.16238327852616,0.206006587350958,0.207750612817363,0.194663140271665,0.179931302763293,0.184571993560387,0.226609881199482,0.227818834278277
866,0.162511285138471,0.206188620077602,0.207903590260937,0.194788553347058,0.180050923730302,0.184708359274419,0.226849902596935,0.227932889706979
867,0.16262383112279,0.206348510990962,0.208098329127747,0.194873015650461,0.180145762016207,0.184798105332731,0.22702131548409,0.228080509549345
868,0.162760284520124,0.206493121216141,0.208275070701155,0.194987883904476,0.180264387990823,0.184896620358074,0.227217284457111,0.228260575539781
869,0.162942464817912,0.206643244569509,0.208416770664507,0.195154365764086,0.180419771441836,0.185034325231693,0.227471200960902,0.228450070193353
870,0.163168822533315,0.206842718909584,0.208593324947487,0.1952953428628,0.180561812848203,0.185190515728043,0.227696327164214,0.228599751160526
871,0.163352044865206,0.207003454012936,0.208744882028161,0.195426317173263,0.180732260253881,0.185334696056782,0.227945230130532,0.228711323358985
872,0.163514032806838,0.207155245351882,0.208889267162082,0.195554711640967,0.180925313217919,0.185480192770003,0.228211366720675,0.228840347736606
873,0.163711313368019,0.207360727694792,0.209066648081975,0.195687295363212,0.181113796954062,0.185647831319773,0.22846207514489,0.229043785710734
874,0.163866169274761,0.20752532821267,0.209231093540378,0.195821226771656,0.181268824674962,0.185751476488076,0.22864706713705,0.229171843155917
875,0.164019344178776,0.207680165754128,0.209403485849147,0.195970799769041,0.181406962484299,0.185855024554157,0.228852164949115,0.229319305742089
876,0.164192198922819,0.207845971461488,0.209589815552549,0.196126656422575,0.181539231972883,0.185997068924873,0.229120325613888,0.2295324520538
877,0.164339427094018,0.2079955058881,0.209753857125257,0.196219850134619,0.181646286792438,0.186134668798849,0.229385269900616,0.229715367442638
878,0.164526241850041,0.208151426934442,0.209902954484537,0.196366509261687,0.181820622723207,0.186296972023968,0.229658689521034,0.229863638294041
879,0.164727543986492,0.208325592612618,0.210051807529588,0.19653756455424,0.182026254183192,0.186472584584357,0.22991343138009,0.23000441985796
880,0.164886396816617,0.208521275137698,0.210219783223612,0.196649762640299,0.182175471631867,0.186634258204324,0.230121037292277,0.230181072637766
881,0.165082466429261,0.20870674231175,0.210405861043153,0.196800335840993,0.182341974345957,0.186796217765914,0.230395187001875,0.230373078768959
882,0.165273545028265,0.208877652814338,0.210608718608174,0.196995982817231,0.18250839745483,0.186937885719568,0.230680925670243,0.230569259219193
883,0.1654380811219,0.209046557339452,0.210824430859835,0.197208700893791,0.182668670222285,0.18706643616881,0.230931931914068,0.230764103202505
884,0.165634926389059,0.209255327851941,0.211048928421213,0.197357013780122,0.182867119490677,0.187264556727984,0.231161541659032,0.230965426484892
885,0.16582130690452,0.209481029569312,0.211246413981036,0.197498280451444,0.183079645814728,0.187448399931039,0.231424720808018,0.231146465564378
886,0.166002582247076,0.209716320066256,0.211427998832022,0.19764630770786,0.183272162473825,0.187609974852611,0.231713803277299,0.231315425546356
887,0.166206511256563,0.209952524633411,0.211625622166435,0.197798563040709,0.183413032225392,0.187777934212628,0.23198572725836,0.231497127687212
888,0.166432854727759,0.210098808873528,0.211792348971111,0.197995974562647,0.183569220498775,0.187944978611825,0.232219642532458,0.231673792513128
889,0.166632894282305,0.210249313534153,0.211955971000542,0.198180803928454,0.183753361324369,0.188094088323657,0.232456688851307,0.231852395506909
890,0.166783231431074,0.210463304921965,0.212140291816562,0.198320271487628,0.183955052912243,0.188227130586773,0.232728153861368,0.232035556885519
891,0.16692677987033,0.210666546386547,0.212340187864441,0.198464683448261,0.184130676411153,0.188394291326138,0.233026882445419,0.232201873431102
892,0.167090439996,0.210849764812561,0.212533842830476,0.198621392574674,0.184299896424265,0.188558872114061,0.233318461460204,0.232423296120578
893,0.167268813349909,0.211026288405043,0.212719901335376,0.198809085919493,0.184474808183272,0.188711017253269,0.233588739206663,0.232682931713532
894,0.167441161820318,0.21122271866457,0.212912831981212,0.199038909608064,0.184664863022196,0.188860293226182,0.233842141802152,0.232919219714806
895,0.167649247975788,0.211419510174634,0.213155810903543,0.199210560755153,0.184873563296732,0.189072360801071,0.234143708674062,0.233158486512645
896,0.16786977521261,0.211655474243185,0.213425378819918,0.199381242301195,0.185089372614091,0.189300240408646,0.234445471893528,0.233395363194956
897,0.168082352563938,0.21192594925843,0.213678595094644,0.19958049972745,0.185293451522219,0.189494879132205,0.234714687698558,0.233616254558003
898,0.168289932277419,0.212112056900304,0.213837178942662,0.199719686284932,0.185442853458463,0.189627958794391,0.234986938910878,0.233784874721366
899,0.168523249381479,0.212265066467327,0.214050662495366,0.19988830226012,0.185664279727353,0.189797800833279,0.235254952110814,0.234019147572869
900,0.168749195264218,0.212438007431543,0.214305590868871,0.200096142977093,0.185934739996016,0.190000765801921,0.235537467170076,0.234293312321302
901,0.168915081313229,0.21267758817273,0.21451138711241,0.200312687900719,0.186159111875274,0.190184999017338,0.235858592776992,0.234515398261387
902,0.169117173281867,0.212902877027208,0.214685742031574,0.200524013147204,0.186359927682097,0.19038170678244,0.236171822047052,0.234727174688626
903,0.169334165173007,0.21313136135661,0.214897338486453,0.200720982428071,0.186528274003391,0.190560179428856,0.236461659489575,0.234958861457116
904,0.169550238746066,0.213367141624871,0.215155923148845,0.200905274649715,0.186677758146422,0.19072437902137,0.23674070421714,0.235216393547907
905,0.169801180788813,0.213557869627916,0.215327975226338,0.201096470517206,0.186873782539955,0.190973774842262,0.237075006918095,0.235459496971717
906,0.169983243548543,0.213744578059649,0.215549066814955,0.201290418281428,0.187084203741442,0.191171280472132,0.237387890913909,0.235689575657469
907,0.170132558842709,0.213946072222694,0.215809295473496,0.201495887759667,0.187306599025014,0.191342884511313,0.237672549717439,0.235905517710262
908,0.170337086957444,0.214170171379084,0.216038092666961,0.201725185615782,0.187548567330788,0.191571710351926,0.237956972823069,0.236114664954716
909,0.170533498736115,0.214408037401523,0.216220145651066,0.201979889986111,0.187815724388337,0.191776045568681,0.238283222455752,0.236370426695808
910,0.170752719315239,0.214646875932617,0.21642384212105,0.202225090075323,0.188031700476802,0.191966091133146,0.238612816158431,0.23666650817654
911,0.170988500178949,0.214882177041651,0.216676819662064,0.202430488433658,0.188182170617659,0.192148794442694,0.238909574241719,0.236976593495204
912,0.171148537528638,0.2151254908208,0.21692194973425,0.202573290952156,0.18836893005744,0.192304621293909,0.239151372456027,0.237253461573777
913,0.171381931251126,0.215360193737834,0.217181698554342,0.202753652258599,0.188612008974122,0.192520833528906,0.239424509424234,0.237498529817688
914,0.171646010855801,0.215574253526723,0.217438282405439,0.202978268144553,0.188858525467577,0.192762727227442,0.239757387794932,0.237739806256324
915,0.171843251301646,0.215761592702171,0.217663610687388,0.203207565312832,0.189043303112107,0.192960237614877,0.240130295149188,0.238006717341723
916,0.172023476822105,0.215930273782511,0.217854246281045,0.203369282803886,0.18924173380327,0.193147568927834,0.240398639191887,0.238256728917872
917,0.172221335083101,0.21614914677197,0.218053741619755,0.203556710436104,0.18946191032246,0.193344162555341,0.240667986347921,0.238494768804062
918,0.172445174865821,0.216414031312039,0.218279521578681,0.203813458382894,0.189701281606257,0.193561708761502,0.240978443195119,0.238735122225161
919,0.172669380665378,0.216615286710922,0.218508892150492,0.20410057899781,0.189950993261151,0.193803333303581,0.241255563488826,0.239000052338897
920,0.172874856594114,0.216882035316473,0.21875716282937,0.204353776950701,0.190154266991378,0.194030384651896,0.241543672278849,0.239275626676011
921,0.173091466654458,0.217143129529419,0.218993701922121,0.204557710879937,0.190360979999745,0.194240006207161,0.241809347292582,0.239563494769686
922,0.173338566345907,0.217312040525718,0.219195551043769,0.204731950856774,0.190616497585515,0.194439377828091,0.242036175824683,0.239854363983856
923,0.173508756989591,0.217509868716367,0.219435368828417,0.204956174671036,0.19077949470036,0.19462042304811,0.242391162952348,0.240072060842526
924,0.173703122146522,0.217741177305575,0.219678897978256,0.205186987644265,0.190968364170267,0.194793365507881,0.242692757771259,0.240283226830828
925,0.17394375613819,0.218009768786384,0.219918438800425,0.205426925332922,0.191221223217508,0.194995559735293,0.242945356877101,0.240539962696391
926,0.174165895773708,0.218317057837414,0.220175407331525,0.205724082450287,0.1914833786885,0.19528442193738,0.243343964019791,0.240868281588861
927,0.174360532621695,0.218482670432396,0.220387247677555,0.205901424129741,0.191667060883389,0.195483692079272,0.243614636472988,0.241110456547687
928,0.174578229416878,0.218644263405423,0.220615663133759,0.206077731095231,0.1918340790965,0.195665919749606,0.243831864388868,0.241334710290409
929,0.174832058697116,0.21891732383911,0.220896920782672,0.206353635096194,0.192042627834312,0.195897334868009,0.244102181944461,0.241612064652887
930,0.174958239955262,0.219094576846163,0.221090904168898,0.206538543701194,0.192213644954938,0.196020303790726,0.244372206359251,0.241844602481068
931,0.17514006660271,0.219313139970795,0.221301724807049,0.206786648785062,0.19240717028494,0.196210050718633,0.244631108632851,0.242074547289243
932,0.175373293905979,0.219572607319107,0.221527007403729,0.207065739731123,0.192609366144075,0.196448343045785,0.244838573847009,0.242315763169156
933,0.175538077015899,0.219785540480935,0.22170291610449,0.207232939007993,0.192771032398325,0.19660045967343,0.244958598144773,0.242560149589858
934,0.17576105382332,0.220001088434411,0.221942903849875,0.207425258453707,0.193058900186797,0.196823668560753,0.245229320903757,0.242756793995586
935,0.176024408162323,0.220236949763867,0.222181755021055,0.207682097527479,0.193326499910407,0.197061118756623,0.2455077609302,0.243028276909874
936,0.176273550438604,0.220482196707959,0.22236630493445,0.207977088248101,0.19346761330246,0.197257874933669,0.245706942705379,0.243391221802842
937,0.176411967595405,0.220669907311,0.222517658268533,0.208173570760967,0.193549698782821,0.197427058354002,0.245993029821058,0.243569747506628
938,0.176600763468107,0.220880708953473,0.222737593929878,0.208386709811774,0.193695416021147,0.197623556698408,0.246269085361838,0.243812899718732
939,0.176827023993973,0.221101694905636,0.222981227163537,0.208580268324348,0.193908387672439,0.197842312221235,0.246479632289792,0.24409806831603
940,0.177008673035565,0.221284545284041,0.223159392348934,0.208687133025938,0.19412541502869,0.198045053235554,0.246611843597362,0.244309598737503
941,0.177125460650818,0.221408533766906,0.22335009462767,0.208841125158761,0.194256436460849,0.198168328129073,0.246821638416173,0.244487229576115
942,0.177272970289724,0.221621577246651,0.223584106812415,0.209055809061335,0.194393799185097,0.198324849017479,0.247039935760792,0.244695786036018
943,0.177481438007324,0.221919943657343,0.223818277602554,0.209299160272501,0.194574474158892,0.198522662528641,0.24721727723857,0.244935611403529
944,0.1776850660397,0.222091535051544,0.223921334184106,0.209494891585014,0.19474462116395,0.198619267736636,0.247353679741982,0.245121791829199
945,0.177872270609194,0.222303021924259,0.224130357526817,0.20975570172078,0.194918825006195,0.198763989028421,0.247526904434781,0.245297137809879
946,0.178021013605624,0.222518806449719,0.224346161826498,0.209998468129906,0.195054573568033,0.198933723697967,0.247673582717718,0.24548001170559
947,0.178128416723137,0.222678300724461,0.224459372205523,0.210134979703075,0.195126461845151,0.199075824602778,0.247737529067278,0.245669081124977
948,0.178247276436386,0.222816021419114,0.224666396517982,0.210238573181662,0.195215070334647,0.199204958426816,0.247830130637741,0.245809631207309
949,0.178436750134316,0.223005551720656,0.224879362959079,0.210414260432498,0.195308850391817,0.199328924428129,0.247937592816904,0.245972148108562
950,0.178641324895172,0.223217773360164,0.22503728109088,0.210627825826873,0.195398909185792,0.199437865901529,0.247998923194257,0.246126971908486
951,0.178739652937558,0.22335523095984,0.225111210735164,0.210750426532207,0.195476466162235,0.19951533264795,0.247944415390102,0.246183854905171
952,0.17888550689073,0.223467294823357,0.225170097162675,0.210827303025791,0.195509976526122,0.199621242051967,0.248013260162731,0.246237212392136
953,0.179042170155826,0.223579023404078,0.225300799072708,0.210970663530807,0.195568891069892,0.199728885085658,0.248103711001891,0.246365153728073
954,0.179168537863996,0.223699818923317,0.225494817618361,0.211201284420887,0.195680720248452,0.199833071844615,0.248127712181057,0.246576567306001
955,0.17926495563055,0.223805616040494,0.225544317682531,0.211338593195902,0.195760657946972,0.200003590615797,0.248119049537051,0.246755496025331
956,0.179426442634336,0.224033691418341,0.225728645889722,0.211502577601872,0.195864119548743,0.200124613460435,0.248218975614929,0.24691895845025
957,0.179590625833982,0.224265660839237,0.22594627482006,0.211678021539663,0.195955273529162,0.200187082857029,0.248345430884931,0.247052631268993
958,0.179672592404241,0.224348028320912,0.226020162088897,0.211816652661974,0.195995435661834,0.200238100644092,0.248381610697664,0.247155273373681
959,0.179801070690253,0.224475184434309,0.226154088908778,0.211949829455816,0.196093189264425,0.200374021680641,0.248510377372994,0.247317921600999
960,0.179939300921891,0.224656418210819,0.226330601511077,0.212113430417281,0.196247140264861,0.200542697542885,0.24868143041238,0.247519356580332
961,0.180107923273518,0.224883804366408,0.226532517989452,0.21230972877089,0.196438209328593,0.200722616861741,0.248867988503523,0.247753083876641
962,0.18038077934042,0.225137358978738,0.226751151527838,0.212509610241297,0.196635466872373,0.200928448996528,0.249076419369639,0.248030114379083
963,0.180623762711824,0.225363417988658,0.226958239074525,0.212760968844775,0.196828354431886,0.201127217220571,0.249288789061705,0.248318619550853
964,0.180755513816593,0.225541715903708,0.227141375939379,0.212957629786977,0.196969264600215,0.20125262396899,0.249471863627523,0.248481757092671
965,0.180797458162174,0.225671993267397,0.227300529640301,0.21306445665216,0.197077505673685,0.201333373796434,0.249629468682091,0.248517165887607
966,0.180985409023681,0.225760917650372,0.227443176328844,0.213286172787945,0.197357983995479,0.201659527247965,0.249856249812346,0.248794069303094
967,0.181218377292818,0.225979449067979,0.227669667163539,0.213578059755059,0.197616399210713,0.201910226827571,0.250145263735753,0.249123410545151
968,0.181441380196863,0.22625279619361,0.227922554668769,0.213841498094584,0.197806505574017,0.202071419072159,0.250422535682376,0.249404870273426
969,0.181621731891497,0.226437548700995,0.228101736260989,0.213995245479637,0.19795415422231,0.202252525478095,0.250624714852767,0.249603035547133
970,0.181776217135755,0.226703251496253,0.228308008525427,0.214245473525091,0.198101533972706,0.202447315595204,0.250958288578257,0.249870913397504
971,0.181981214998926,0.227026085157675,0.228604016180953,0.214557992846822,0.198338255936807,0.20268284519394,0.25129859722943,0.250248754062195
972,0.18221857131185,0.227321814529918,0.228928874657132,0.21486480637506,0.198621223984297,0.202953722075955,0.251585981666347,0.250624526926511
973,0.182375175952797,0.227471581886613,0.229106405427789,0.21508764042107,0.19877996421534,0.203218291077697,0.251859057399227,0.250760004690177
974,0.182598631935178,0.227692673050514,0.229288082863347,0.215290626641691,0.199068850204382,0.203406965419785,0.252188219618118,0.251049831481438
975,0.182894279982342,0.227991657622055,0.229546990869196,0.215530072236557,0.199392348393741,0.203657411891628,0.252540668810269,0.25139542802662
976,0.183196389975243,0.228305721849241,0.229882278134463,0.215804759722859,0.199646389799481,0.204006204633835,0.252860280063794,0.251665541320415
977,0.183336314838171,0.228516130429968,0.230156085938474,0.215968710068497,0.199891743514117,0.204119751619956,0.25307926444065,0.251904835052797
978,0.183429157821391,0.228671593429685,0.230384981546635,0.216157529280565,0.200055181542227,0.204268483979828,0.25335232331166,0.252129060796109
979,0.183603651543525,0.22888366632459,0.230629067254132,0.216377999145485,0.200262691589838,0.204485321231298,0.253724616957104,0.252408594765638
980,0.183926827160448,0.229213514266293,0.230922451996768,0.216585684968396,0.200631005363218,0.204704617080696,0.254158725518601,0.252783549698704
981,0.184081406780594,0.229272358517077,0.231019500907539,0.216761459456474,0.200752433671719,0.204878308791634,0.254475570336876,0.253014507202755
982,0.184322117405662,0.229468492990515,0.231182296959644,0.2169811535792,0.20088695619489,0.205076342646849,0.254775360317936,0.253299066648014
983,0.184626039858706,0.229831305840715,0.231478571445954,0.217260404556969,0.201143429536896,0.205337366193898,0.255096141648302,0.253679785419119
984,0.184707207920563,0.230009107604888,0.231759128347628,0.217545854283102,0.201439960283272,0.205650878511416,0.255398940806335,0.254023246791647
985,0.184858008837307,0.23019267260637,0.231943016095387,0.217721463205896,0.201646446965357,0.205860843376036,0.255626419905526,0.254211660926667
986,0.185131673410237,0.230402050711147,0.232100366804659,0.217892904125373,0.201842573925351,0.206024405562591,0.255904672169588,0.254355647234579
987,0.185441345385364,0.230622676400058,0.232310451295298,0.218122548600159,0.20209630223031,0.20621643552257,0.256285799288956,0.254573775617024
988,0.185503167355971,0.230818766797146,0.232612046683966,0.218302946343904,0.202373319064003,0.206465721412176,0.256609534241216,0.254918951490489
989,0.185665359316654,0.231114111008641,0.232865662076352,0.218489176166542,0.202630290794231,0.20670002201179,0.256980747319237,0.255100350931146
990,0.185912905928555,0.231375140668827,0.233054993285588,0.218658750349686,0.202846742216508,0.20693507662351,0.257329789813819,0.255303832315757
991,0.186126558287455,0.231478599310606,0.233225182854424,0.218804375130732,0.203031599312133,0.207193816767594,0.257589645265499,0.255725295815817
992,0.186300231403896,0.231715748223807,0.233473826583424,0.219082017231606,0.203260891038566,0.207405717262203,0.257932913673965,0.255890181839374
993,0.186464697436356,0.23193509745449,0.233706959856813,0.219348691409637,0.203499530675188,0.207575014888561,0.258339282657736,0.256160884311949
994,0.186651984837472,0.232069119733778,0.233896371233706,0.219528514319331,0.203766533565566,0.207736482500594,0.258674096753373,0.256480391416876
995,0.186883866116735,0.23214729198481,0.234064419187478,0.219634651762676,0.204097366442327,0.207941561002508,0.258797695429336,0.256577142576644
996,0.18711116727368,0.232427924746789,0.234209555793469,0.21995637135102,0.204361305663216,0.208211348823428,0.259162174657077,0.256988565167875
997,0.187311423503781,0.23275971004864,0.234425981739972,0.220216916764211,0.204485448314983,0.208390141752574,0.25956835117421,0.257391390073323
998,0.187478827212138,0.232958723542336,0.234682542597824,0.220294208352098,0.204552025623452,0.208476678736543,0.259928264337321,0.257616000776171
999,0.187624627907785,0.232889289807712,0.234786400515138,0.220355277868913,0.20481347458893,0.208683640503236,0.260385904894667,0.257818683872629
1000,0.187754823958061,0.233144884073696,0.2349993051551,0.220542519588064,0.204944842073904,0.20879282785692,0.260632802765167,0.257902067746257
1001,0.187754823958061,0.233144884073696,0.2349993051551,0.220542519588064,0.204944842073904,0.20879282785692,0.260632802765167,0.257902067746257
1002,0.187887307426544,0.233381282989819,0.235277865237024,0.220648966366218,0.205213061882672,0.209127832713684,0.261035027640717,0.258131282039954
1003,0.188050968616332,0.23358038013209,0.235541838104872,0.220760439118302,0.205426132141828,0.209411674505431,0.261375734830196,0.258345102244673
1004,0.188257538848285,0.233812833755242,0.235795177310167,0.220894811952207,0.20558421803669,0.209721953040671,0.261772243057199,0.258506191688668
1005,0.188478922345545,0.233967139405583,0.235945862556675,0.221038324232252,0.205789113918058,0.209932244519744,0.262043808542879,0.258676644056402
1006,0.188781622648032,0.234029993920726,0.236042341789677,0.221135229557212,0.205991967809599,0.210082081879512,0.262166328807161,0.258819094088803
1007,0.188925704026171,0.234153751877965,0.236201067879752,0.221297446907128,0.206193939064642,0.210247149982433,0.262409017257011,0.259059311630599
1008,0.188952562267998,0.234246874210039,0.236281687845942,0.221584271854597,0.206434106789317,0.210303879439587,0.262682156420351,0.259389243850451
1009,0.189094836075826,0.234415210079004,0.236420825110785,0.221771209833463,0.206632966674106,0.210485009070076,0.262934559147531,0.259639405804991
1010,0.1891835721377,0.234649157349346,0.236639753194084,0.22189710065951,0.206780652402665,0.210743762165854,0.263197079727931,0.259923075144936
1011,0.189370992073709,0.234860289775091,0.236850595205571,0.222096033643573,0.20700373938097,0.211031521319386,0.26353046575686,0.260140577267139
1012,0.189612151675887,0.23512956405017,0.236980835333026,0.22230798033308,0.20716814445587,0.211257075915933,0.263850469015434,0.2603115459048
1013,0.189822777785541,0.235330670336295,0.237145101372295,0.222436907015611,0.20739616182861,0.211380275021955,0.264111613674297,0.260444877253966
1014,0.18989848454184,0.235412139241332,0.237237585227385,0.222614168838098,0.207623917165264,0.211486924863265,0.264443652884383,0.260661097095423
1015,0.189884731113135,0.235523146395787,0.237314342728198,0.222755577471911,0.207786489706208,0.211554317589068,0.264794829818239,0.260865862221023
1016,0.189918941336642,0.235672435053503,0.237536487564271,0.222781930516724,0.207983387167744,0.21162848195419,0.265094634390312,0.260985263658949
1017,0.18995044710683,0.235808877693616,0.237755782399728,0.222826384267932,0.208166176248014,0.211797897519976,0.26535337403504,0.261195088004321
1018,0.190055860459208,0.235935816650522,0.237929029687618,0.222954306612005,0.208341713950201,0.21197215721851,0.265623119881552,0.261412276185159
1019,0.190238845122459,0.236129385351936,0.238161202391552,0.223156700748049,0.208502061019012,0.212179519220735,0.265910072068399,0.261623870573965
1020,0.19040339735441,0.236265554575356,0.238348745430132,0.223308234105244,0.208678833588311,0.212341345512209,0.266164638868964,0.261858325760617
1021,0.190618337612932,0.236282989082777,0.238447383589815,0.223540294671175,0.208859551650312,0.212525586661147,0.266374338423406,0.262190067632465
1022,0.190800813111587,0.236406838246908,0.238566294607328,0.223660996204272,0.209027585753615,0.212682271793585,0.266619713827877,0.26240749536071
1023,0.190996639895711,0.236582079822526,0.238674671755477,0.223682606427125,0.209224202393593,0.212783860252024,0.266874350848156,0.26255901444841
1024,0.191093990155146,0.23673906308256,0.238809613691325,0.223740903082693,0.209387804923881,0.212917011918221,0.267115566987959,0.262718187275848
1025,0.191118057743467,0.236905008278578,0.23891966501008,0.223781524421973,0.209510632392804,0.213082333544377,0.26733965756974,0.262851586760746
1026,0.191197313874655,0.237157256349311,0.239103216035444,0.223794208106773,0.209633730038796,0.21322824553361,0.267607790177083,0.262975700524821
1027,0.191203334005575,0.237251610606189,0.23921356254628,0.22386950490122,0.209834900480536,0.213317286145653,0.267891585719764,0.263011819330755
1028,0.191253010415804,0.237401678483903,0.239481266178441,0.223990724049843,0.210003903411559,0.213406915627327,0.268152928493522,0.263190724990785
1029,0.191360400487311,0.237620797045063,0.239671816268884,0.224110114233302,0.210200131017684,0.213509092256695,0.268457512424117,0.263395730480968
1030,0.191442634107098,0.237752335755606,0.239709468637416,0.224229432268911,0.210374863381726,0.213639902610571,0.268803853626936,0.263547183060291
1031,0.191543297015838,0.237911663545556,0.239817258025867,0.224321180799115,0.210505927703784,0.213788069594718,0.269069656513343,0.263738649642622
1032,0.191655186566094,0.238162805109491,0.239928054095103,0.224365603083447,0.210575692608045,0.213988773264881,0.269306179695034,0.26402705829867
1033,0.191743762726668,0.238267916243918,0.240014479963907,0.224472138933258,0.210694253744715,0.214145491509246,0.269541697927957,0.264176580301106
1034,0.191834911876083,0.238228180598546,0.240076425780237,0.224617836874462,0.210778976388415,0.214292819723888,0.269725811900018,0.264231910081122
1035,0.191939088843018,0.238343419319123,0.240196094244589,0.224731891015584,0.210933587102776,0.21443277143446,0.269923541208868,0.264375640470025
1036,0.192050077949966,0.238481346791773,0.240324457628607,0.224871737598765,0.21116931256926,0.21456694905917,0.270150729175356,0.264526787224819
1037,0.192132030835805,0.238605919562533,0.240458966502316,0.224963138348468,0.211313559526213,0.214695284275012,0.270331169667286,0.264650978650808
1038,0.192204315760924,0.238829803449636,0.240655407762315,0.22499352783404,0.211451426414723,0.214828010022905,0.270444170857608,0.264796348098554
1039,0.19227764361729,0.238962788612229,0.24078225675998,0.225055027599811,0.211588318887271,0.214947157130339,0.270625458821367,0.264920625276416
1040,0.192331067032131,0.239018805073574,0.24086333958458,0.225095043634232,0.211690103482024,0.215073147449542,0.270862496541435,0.265008761468047
1041,0.192358902042253,0.239101484307232,0.240973227202927,0.225210169612797,0.211746417800801,0.21513449949382,0.271004644237,0.265090490791496
1042,0.192434689722352,0.239174146451301,0.241054428792031,0.225266979404515,0.211910659267359,0.215241746776334,0.271139398605362,0.265178617922644
1043,0.19257493889253,0.239222831835098,0.241134569961944,0.225288215511339,0.212110986895075,0.215339041764308,0.271376134076378,0.265330100397903
1044,0.192678692694252,0.239341214296471,0.241218590730709,0.225398090982948,0.212246369717064,0.215419397966604,0.271556891454663,0.26540537021535
1045,0.192802583255061,0.239471998744209,0.241275467151213,0.22548497360941,0.212391941209482,0.215553198451761,0.271720309689516,0.265471600000042
1046,0.192948635051905,0.239574290032133,0.241349051981872,0.225575872296334,0.212505881083307,0.21568020627034,0.271891282766712,0.265547279131666
1047,0.193131178973741,0.239702681772968,0.241414965406873,0.225748343392881,0.212570271132352,0.215833548812415,0.272093631398855,0.265597253846487
1048,0.193262432415156,0.239822745727128,0.241492589780477,0.225796622042248,0.212646292659868,0.215919526280027,0.272264992245308,0.265696147956153
1049,0.193388199492216,0.239907719892194,0.241609761399855,0.225747550792218,0.212719756299782,0.215987220667855,0.272403207810588,0.265831719377557
1050,0.193518432233567,0.239992817502017,0.2416593449419,0.225774909762759,0.212789650091888,0.216059742450688,0.272551934623449,0.265925567183697
1051,0.193613236601643,0.240081349243648,0.241649510364945,0.225753976980645,0.212843589110175,0.216050778696619,0.272743816421733,0.266046214435633
1052,0.193735736587028,0.240182627898008,0.241689262859316,0.22581348828173,0.212913423027204,0.216134020998864,0.272870880740754,0.266132302818439
1053,0.193917746907576,0.240267583978053,0.241712692239126,0.225987506591286,0.212963730826442,0.216320709664101,0.272917915523149,0.266181957571105
1054,0.194038437501833,0.240379054884368,0.241770297183074,0.226063523785824,0.213066538996506,0.216416610603497,0.273035768948478,0.266233990817758
1055,0.194104905748634,0.240563275035773,0.241902972465579,0.226115388460984,0.21324791855229,0.21649333481279,0.273161116865874,0.266254456557224
1056,0.194209861504003,0.240674914970756,0.241971923699077,0.226180450170438,0.213340596015751,0.216577780917787,0.273278044224547,0.266303876611074
1057,0.194318067931859,0.240773616717087,0.242039668764117,0.226245292250724,0.213410544676435,0.216622093946234,0.273428713480887,0.266361915367377
1058,0.194398764763173,0.240810867562292,0.242038035373348,0.226234989749342,0.213501152155926,0.216672135651133,0.273590513835585,0.266415376187585
1059,0.194540087478577,0.24082950382869,0.242036849915071,0.226250986129067,0.213522623151279,0.216740822225721,0.273663963822042,0.266488181339275
1060,0.194683717575715,0.240882794739004,0.242110005976172,0.226265539793603,0.21349983188969,0.216781078907273,0.273741127072448,0.266553768998206
1061,0.194781592367075,0.240950644250593,0.242129398367481,0.226272606663008,0.213558117281062,0.216840629784349,0.27383866591078,0.266616481633631
1062,0.194865130747238,0.241049955275851,0.24213605783422,0.22623493561189,0.213670931267489,0.216876643645889,0.273932093421371,0.266655922804259
1063,0.194940364477558,0.2411133663116,0.242176359075721,0.226249745655571,0.21375221416302,0.216938321663154,0.274025027099944,0.266743886428853
1064,0.194981261779692,0.241191264810557,0.242202064170515,0.226327939624831,0.213886832750853,0.217041169172067,0.274146119923959,0.266875883588535
1065,0.195035022206236,0.241220559160023,0.242254152878674,0.226319179530289,0.213917131190498,0.217110675193473,0.274222782364285,0.266943089298347
1066,0.19507914748989,0.241181149970943,0.242369886925233,0.226253670299305,0.2138627340124,0.217164090351492,0.274260048819342,0.267030753127382
1067,0.1951257281656,0.241214936040426,0.242424466660662,0.226245980109927,0.213867454803526,0.217212633963106,0.274317753753932,0.267051717614379
1068,0.195169444513471,0.24124769628323,0.24241944422581,0.226204638209495,0.213834005379033,0.217259387751002,0.274347541665802,0.266975171812661
1069,0.195221918298241,0.241310536478157,0.242475706840265,0.226207028582485,0.21384261564435,0.217296955288443,0.274434907015423,0.266978313636208
1070,0.195285667348635,0.241452300184143,0.242586902862141,0.226295118360102,0.213918577287756,0.217319414568693,0.274586929518937,0.266984406427731
1071,0.195346573434434,0.241531016221805,0.242634666304159,0.226338782823723,0.213966461328409,0.21735090769532,0.274671909588626,0.266992537348488
1072,0.19543161215921,0.241591863891057,0.242654956753923,0.226379759589179,0.214017228846124,0.217401798566339,0.274766395692945,0.267005630070315
1073,0.195476925436212,0.241645391495939,0.242704274617666,0.226395875378908,0.214032062842816,0.217414083250068,0.274836136245781,0.267049552781627
1074,0.195540459692584,0.241661058575108,0.242739589450798,0.226400107269548,0.214047494540801,0.217411837372834,0.274874169335495,0.267071596744905
1075,0.195515006830428,0.241696697079102,0.242753239862895,0.226371393824653,0.214012239653552,0.217381431107329,0.274864780277553,0.267193227001441
1076,0.195458747626824,0.241738805841645,0.24276317920073,0.226360007212158,0.21394890572152,0.217376569879793,0.274844266380577,0.267297609296713
1077,0.195412538195588,0.241776206121162,0.242833914307836,0.226356518854648,0.213981656215254,0.217349231893411,0.274868269795468,0.267394193925416
1078,0.195409910785372,0.241811061851147,0.242860117766234,0.226354491246636,0.214013655775068,0.217389639973101,0.27490768157646,0.267465640973505
1079,0.195427818196125,0.24185141860697,0.24280953413599,0.2263731137082,0.214111408616893,0.217501715617434,0.27495723375399,0.267495046639029
1080,0.195436333817362,0.24188307189908,0.242861083952099,0.226384638862624,0.214133722862973,0.217562715518218,0.274990931477019,0.267556612547841
1081,0.195500252565038,0.241899666776724,0.242976727088045,0.226399314779251,0.214155425469618,0.217657959597797,0.275053843453558,0.267623049914272
1082,0.195487952628149,0.241928667847384,0.243053574734975,0.226384459056423,0.214135123606152,0.217685163827575,0.275093703479403,0.267694919588328
1083,0.195423607338017,0.241958704769508,0.243184407111084,0.226383694259816,0.214026955549816,0.217653773882207,0.275112701502489,0.267808879780164
1084,0.195373005635425,0.241985639551883,0.243230841136715,0.226341739920337,0.214005809559065,0.217649538405236,0.275115868674046,0.267847405036402
1085,0.195286677526634,0.242020569021437,0.24319514392887,0.226197535258617,0.214020004988153,0.217621609204763,0.275087774270392,0.267842070590244
1086,0.195235233261331,0.24205171762988,0.243220326015639,0.226167778748919,0.214013564886378,0.217606031436797,0.275112736073842,0.267859600686881
1087,0.195183813259798,0.242070542956385,0.243227647941661,0.226190165013163,0.214017055102318,0.217609791703897,0.27515732461561,0.267818288520788
1088,0.195156224870512,0.242103026018517,0.243260081631843,0.226194470091702,0.214044502045034,0.217603893831496,0.275179529701064,0.267829838317654
1089,0.195209710297804,0.242164192926287,0.24334893008896,0.226294378763366,0.214096078992444,0.217574262900591,0.275247073631849,0.267906967196983
1090,0.195177638434652,0.242188890460864,0.243412013275758,0.226314002233506,0.21410784405147,0.217569386782471,0.275281400406224,0.267942539570664
1091,0.195115219975162,0.242190241028512,0.243465045970807,0.226285840496165,0.214128258776156,0.217598297312731,0.275299980308586,0.267936647407814
1092,0.195044347703394,0.242205512413927,0.243520224523039,0.226208086384724,0.21415423855119,0.217596803478044,0.275240007623883,0.268010156872171
1093,0.194942605162339,0.24221874828031,0.243554548927089,0.226179825438812,0.214125633864686,0.217585093390022,0.275230547423368,0.26803296393789
1094,0.194736562163927,0.242206969187318,0.243575088214081,0.226134698733471,0.214016852164118,0.217577274047405,0.275241316547707,0.268038308911483
1095,0.194676375397207,0.242215667892884,0.243595987105046,0.226114103370258,0.213969419289341,0.217554511921005,0.275230420417286,0.268033930978858
1096,0.194707050762004,0.242243355644883,0.243588936662716,0.226146469434396,0.213929790764803,0.217505593585078,0.275209544422756,0.268014336875725
1097,0.194635418052474,0.242271357630778,0.243623141233306,0.22611635967092,0.213892795568016,0.217464498149022,0.275193949384013,0.268008828496133
1098,0.194587879773706,0.242309642673956,0.243686454460676,0.226042449967284,0.213866692351281,0.217413225221212,0.275169692212501,0.267972331598353
1099,0.194500295818654,0.242323488294362,0.243726976404638,0.226005798128962,0.213845549468585,0.217388038658623,0.27515010347049,0.267988306750794
1100,0.194289770742094,0.242355820404395,0.243803192338241,0.225963063907386,0.213827054915435,0.217357031893895,0.275134990550369,0.268083825048814
1101,0.194190725280772,0.242344000149017,0.243814212124413,0.22592488386955,0.213807782988233,0.217345357240099,0.275117124068719,0.268091613456034
1102,0.194189653240194,0.242256750608578,0.243737025370288,0.225911507859404,0.213812610131112,0.217381041169048,0.275113790772436,0.268064718588712
1103,0.194111134654493,0.242235674409829,0.243743823517854,0.225886426747614,0.213784573548797,0.217381201504679,0.275081915128389,0.268059526348085
1104,0.194004008851113,0.242227078583548,0.24376595441717,0.225848249556533,0.213733909501526,0.217362030204487,0.275011897003724,0.267989900213275
1105,0.193931421644148,0.242224066714074,0.24378952760275,0.225815898566119,0.213694652355217,0.217359590397504,0.27498183655967,0.267974551903937
1106,0.193841629412053,0.242273679064884,0.243881074229695,0.22579003424053,0.213637571598944,0.217385497046791,0.274968306834649,0.268030859585458
1107,0.193754266067106,0.242291108375911,0.243929863402542,0.225761942433731,0.213589694233235,0.217356582067765,0.274936637842154,0.26805618745274
1108,0.193710834317608,0.242284810863829,0.243946216652628,0.225734097036718,0.213570352756066,0.217277821462491,0.274927820043453,0.268104234960273
1109,0.19364611231822,0.242284476166487,0.243951119676706,0.225712673254068,0.213514304000647,0.217241143883153,0.274912060437176,0.268106069800137
1110,0.193583214975951,0.242282008277677,0.243971302120222,0.225651968358024,0.213479206354377,0.217202011871495,0.274863305804006,0.2681007578668
1111,0.193500487828407,0.24227603738652,0.243992909250551,0.225562928343586,0.213446911530364,0.217130740616078,0.274768028771928,0.26804580939182
1112,0.19342006910598,0.242267202068537,0.244014239521666,0.225505817494499,0.213409925401429,0.217085597037466,0.274703261315627,0.268076077342691
1113,0.193349731916481,0.24224552084017,0.244043981481519,0.225419229651387,0.213387693572026,0.217078034370762,0.274621494126287,0.268149529709379
1114,0.193272983396123,0.24225148219369,0.244060433822311,0.225380599707671,0.213335864815073,0.217054834546535,0.274583345941485,0.268167933494386
1115,0.193170981575423,0.242295849670262,0.244066584049648,0.225393923049063,0.213263401775057,0.217026644147755,0.274588257219114,0.268236413566744
1116,0.193094101624645,0.242271954496788,0.244079048616494,0.225382044352559,0.213197070245954,0.216982863372127,0.27454952959146,0.268227047423338
1117,0.193046301189453,0.242217760985475,0.244090571891994,0.225390857810207,0.2131226648809,0.216950384993017,0.274552760670662,0.268106873707765
1118,0.192969645819737,0.242192335305521,0.244099466324319,0.225361451008462,0.213041225752851,0.216900290261679,0.274470309903635,0.268062633273913
1119,0.192870574746785,0.242138666071869,0.244130375468606,0.225316333494522,0.212952365692326,0.216812525543382,0.274308915153437,0.268043848417829
1120,0.192798475095407,0.242089293109601,0.244121286042791,0.225262006681195,0.212872989234092,0.216743245454217,0.274174179803193,0.268007373836291
1121,0.192755844895189,0.242057228654857,0.244068469619436,0.225168901411193,0.212815073730861,0.216692667366282,0.274007539102002,0.268002051919783
1122,0.192667691374174,0.242039952887654,0.244048244498706,0.22509955639961,0.212712931056309,0.216623240493971,0.27385010427705,0.267960552962257
1123,0.192576712355272,0.242043097268053,0.244043636251,0.22503500641789,0.212592839605781,0.216543675830683,0.273741680687713,0.267907564014089
1124,0.192474380562267,0.241999329531571,0.244006018410811,0.224972105861309,0.212470109261156,0.216460688308846,0.273565811521348,0.267820885610424
1125,0.192352236254905,0.241944107099874,0.243960865904515,0.224913640419013,0.212331711216919,0.216371879393467,0.273357251107926,0.267709586665875
1126,0.192180931903194,0.241906225247709,0.243932109100164,0.224883328378987,0.212163687412097,0.216283731544212,0.273123431769298,0.267570954439807
1127,0.192041394034367,0.241845364503996,0.243874504710488,0.224785058569846,0.211982582165065,0.216160346328435,0.272859839973876,0.267432629174259
1128,0.191934388022952,0.241734527694719,0.243788830448894,0.224658933062987,0.211820574408859,0.216035239420727,0.27255590206412,0.267256091851806
1129,0.19175902559431,0.241643355693692,0.243685507773829,0.224540189984329,0.211586696424447,0.215868150873871,0.272229417692608,0.267114312359812
1130,0.191547358854212,0.241585550552811,0.243574959371514,0.22438482824111,0.21129793548668,0.215660904153128,0.271892147860428,0.267031829527434
1131,0.191346399155338,0.241479500930654,0.243457220860672,0.224246564977916,0.211007017174279,0.215451620245873,0.271504746687567,0.266827992444665
1132,0.191109403718613,0.24133965376205,0.243321320573738,0.224148317652713,0.210693530424429,0.215218991254255,0.271089216587725,0.266572390950753
1133,0.190892127492359,0.241195351702912,0.243157091867894,0.223984618324906,0.210352559449992,0.21498202954486,0.270617890046832,0.26632292528037
1134,0.190677058324064,0.241032929415499,0.242992242006721,0.223780930597552,0.209974425164106,0.214728473456758,0.270109188246037,0.266000954606474
1135,0.19047815214239,0.240872192552117,0.242802115204789,0.223579148620265,0.209608340435861,0.214476438127014,0.269553892806556,0.265699659843909
1136,0.19032068576585,0.240701371037234,0.242560562194594,0.22332723502989,0.209244192110634,0.214239678559777,0.268920923498688,0.265435664972324
1137,0.190097423853863,0.240522635692432,0.24233124956438,0.223114445136982,0.20883798693113,0.21395789894386,0.268300589181674,0.265127415139633
1138,0.18983665791196,0.240351100428407,0.24212077002755,0.222944111398735,0.208409186981915,0.213656623567283,0.267650353758378,0.264784530351428
1139,0.18960428109498,0.240156907376868,0.241871825780002,0.222726680285206,0.207982140640024,0.213339980335275,0.266994304936357,0.264427476593711
1140,0.189344300840333,0.239939004243921,0.241583421257255,0.222490761219266,0.207508880309433,0.212974035637977,0.26634851228068,0.264053983023275
1141,0.189084241093012,0.239720277580622,0.241307912049431,0.222261875113213,0.207053185091257,0.212622595597578,0.265664684766242,0.263668947081915
1142,0.188832111020245,0.23949380862673,0.24102637273902,0.222023304754533,0.206604733632584,0.21227039070951,0.264956853414823,0.263268196611776
1143,0.188614019059939,0.239249090415984,0.240718561794229,0.221751839039091,0.206183407550028,0.211911153542355,0.264211366885356,0.26283621532962
1144,0.188381495192918,0.239026889767429,0.240446816726748,0.221502242243897,0.205722834834692,0.211572402822035,0.263500873740194,0.262428231334099
1145,0.188123704290785,0.238808615145221,0.240192038471459,0.221265644628511,0.205227067356262,0.211244930596169,0.262754727626586,0.262008852617293
1146,0.187890122799987,0.238589284881587,0.239936015054152,0.221029660615568,0.204790007832176,0.210905097926091,0.262084916005536,0.261621682704627
1147,0.187673422462941,0.238364862133534,0.239689663495329,0.22077015699758,0.204359886068236,0.210559079237378,0.261455326599853,0.2612324288564
1148,0.187471575654819,0.238172462302987,0.239442023646201,0.220559597573513,0.20394237316556,0.210243705789926,0.260835675168351,0.260891380110262
1149,0.187262000771868,0.237971945697461,0.239168550959261,0.220386187775502,0.20355291478237,0.20991954515093,0.260224569472153,0.260594630836162
1150,0.187084508827618,0.237820757251238,0.238964791346302,0.220199703707869,0.203178001409623,0.209631159910516,0.259677658354715,0.260283835422075
1151,0.186933889672377,0.237735365898963,0.238805716755151,0.22003175322764,0.202783833377041,0.209354631148025,0.259154948536772,0.259979646663188
1152,0.186802727383016,0.237607200578154,0.238627031821836,0.219858268705175,0.202450764168262,0.209136828658954,0.258681846853195,0.259709550180935
1153,0.186694703937106,0.237469497991176,0.238469469763011,0.219659696845284,0.202162019116686,0.208971090306113,0.258271610949581,0.259436526601645
1154,0.186587455725256,0.23736028422655,0.238331251858893,0.219503422331365,0.20189474870698,0.208792656621432,0.257882721018377,0.259202655122112
1155,0.186504514288744,0.237236124270133,0.238177546380507,0.219369712837342,0.201669585704149,0.208658584045222,0.257513990785276,0.259025258883259
1156,0.186421211235279,0.237142927805204,0.238054829076608,0.21924317216749,0.201447300955162,0.208518586560807,0.257193010345691,0.258840752910066
1157,0.186330260376524,0.237089814936127,0.237981567733682,0.219150495694687,0.201246551190486,0.208345046785112,0.256922163573201,0.258651693761043
1158,0.186257461459063,0.237040956743541,0.237904555649887,0.219049386774981,0.201058722654122,0.208216295809848,0.256672689045452,0.258499865007049
1159,0.186189390395978,0.237008511449216,0.237810990073334,0.218929926313644,0.200852049385247,0.208117367460989,0.256470947528016,0.258355218426433
1160,0.186145725832271,0.236973554185817,0.237754648608307,0.218843092078134,0.200704099887648,0.208039268822835,0.25627434238757,0.258250642383993
1161,0.186119005058122,0.236944439774048,0.237721509448411,0.218772433279034,0.200591686947118,0.207982672247557,0.256093862326438,0.258178543377314
1162,0.186121886801615,0.236931191076773,0.237726197779491,0.218716635633908,0.200525142974441,0.207947944351886,0.255929546627626,0.258157673397882
1163,0.186090395921749,0.236910765466787,0.237698779712465,0.218659206366886,0.200437817380293,0.207925674359571,0.255784394842394,0.258106948359319
1164,0.18606504188471,0.236892837807625,0.237679103814661,0.218636334485355,0.200389315025005,0.207951275583202,0.255648201039098,0.258074160788232
1165,0.186031538125485,0.236860813616362,0.237666366519844,0.218573662423551,0.200316091127964,0.207915931321613,0.255545052654239,0.258037250194603
1166,0.185971932731273,0.236816435583342,0.237636481224973,0.218473293355693,0.200209698491861,0.207868002021712,0.255477358347767,0.257993283703717
1167,0.185931234717479,0.236792115528092,0.237630043918635,0.218420817252246,0.200146395407223,0.207820266221586,0.255404679055833,0.25795404053766
1168,0.185895860959258,0.236756875440759,0.237662449235001,0.218381891019138,0.200103327938155,0.207716412834024,0.255347302732758,0.257926092230876
1169,0.185876038820478,0.23674441384347,0.237661226099453,0.218337383632801,0.200068653380931,0.207680563870052,0.255298563536521,0.257895746967553
1170,0.185866819037077,0.236764124268262,0.237634829526235,0.218307141838077,0.200073225536876,0.207695419324439,0.255266592963306,0.257843048581315
1171,0.185849694527472,0.236770170500454,0.237633667224257,0.218288247314823,0.200038806857988,0.207679481842746,0.255221227737246,0.257825122305735
1172,0.185854327235563,0.236783248961265,0.237642108571617,0.218277038521958,0.19998404921354,0.207675345331735,0.255184793168875,0.257833250881306
1173,0.185840410340136,0.236783997756723,0.237640017375965,0.218250515942047,0.199948488089292,0.2076691126994,0.255143263601137,0.257837092054479
1174,0.185803382171795,0.236774211037233,0.237637430553733,0.218227851912339,0.199908543184546,0.207653136166806,0.255075430173897,0.257873201202086
1175,0.185776766746613,0.236771545574771,0.237649860054414,0.218214525852922,0.199863305024471,0.207633731804262,0.255034299862979,0.257879820469756
1176,0.1857554086299,0.236758364359804,0.237651317897546,0.218191791097825,0.199825485716166,0.2076130200784,0.255014985367253,0.257860228841762
1177,0.185727948646132,0.236755955089427,0.237668511748243,0.218167441387332,0.199794154975653,0.207601499028999,0.25499038764315,0.257854193594714
1178,0.185711381840042,0.236757566336375,0.237722967556161,0.21814222481603,0.199751810660399,0.207570448556921,0.254985638987698,0.257828735136095
1179,0.185666220961378,0.23678481378744,0.237765002335949,0.218162581258592,0.199719656553015,0.20756580815274,0.254964115109352,0.257830595091767
1180,0.185635143683804,0.236777921464027,0.237783854419881,0.218122262699216,0.19967797987579,0.207571138211306,0.254932821509863,0.257834053244266
1181,0.185600731462515,0.236751491482715,0.237791214853891,0.218035768547521,0.199642557700486,0.207608479332733,0.254888824449507,0.257865889119243
1182,0.185566517558489,0.23675994740761,0.237799619070953,0.218001271130531,0.199614579684771,0.20760913028539,0.254851508474625,0.257856699841207
1183,0.185547008089507,0.236773379682421,0.23777899958916,0.217960468427744,0.19958268322182,0.207604719797351,0.25481026914766,0.257833126095631
1184,0.185497279872326,0.236775283681435,0.237796025127938,0.217943869768048,0.199544601924613,0.207595490234768,0.254763738074012,0.257813333567182
1185,0.185419644085016,0.236801403986424,0.237834670968758,0.217979334101705,0.199513817990529,0.207572734369482,0.254712538479757,0.257774167115546
1186,0.18536883946376,0.236807540897039,0.237859634338162,0.217969898786383,0.199492001430632,0.207551081970617,0.25466925045346,0.257746152147897
1187,0.185300919894094,0.23678445246328,0.237902366104564,0.217947336139313,0.199461810189754,0.207530233804163,0.254620645879549,0.257712442098183
1188,0.185264912560536,0.236776449918847,0.237920592209901,0.217923881244632,0.199432261298459,0.207504627416598,0.254577292819188,0.257705848212258
1189,0.185265519152661,0.236773831380493,0.237917041761853,0.217876765289303,0.199425372674175,0.207465031708344,0.254524914529381,0.257705733531138
1190,0.185252548286295,0.236774306526291,0.237925708278886,0.21784840553508,0.199401124832998,0.207434756356233,0.254510591684065,0.257717406817128
1191,0.185249222560729,0.236766792588568,0.237924548291834,0.217829409717557,0.199339830384489,0.207394565582659,0.254516780845892,0.257778980021812
1192,0.185234876938126,0.236774493585837,0.237936180127452,0.217807034478831,0.199316837366643,0.207380963561593,0.25451953616034,0.257798477754182
1193,0.185207050994257,0.236799564700543,0.237955679064144,0.217798216393494,0.199318859199084,0.207385259828958,0.25456036498279,0.257776231551146
1194,0.185195159674318,0.236822840185768,0.237977757114155,0.217774744532696,0.199313912449071,0.207388635226625,0.254578587789176,0.257793207403187
1195,0.185179536412776,0.236864882746057,0.238008825924617,0.217731662004179,0.199326386795527,0.207409418847268,0.254571672100591,0.257809263976925
1196,0.185178881311126,0.236883751435552,0.238038270229097,0.217705185904105,0.199330987098831,0.207430695020614,0.254580354650602,0.257834201202352
1197,0.185210818354355,0.236885249751535,0.23807015582391,0.217676246534762,0.199335227584306,0.207461037547217,0.254603745269676,0.257895801744498
1198,0.185221425076792,0.236889215898244,0.238099828877939,0.217649561438986,0.199325701770123,0.207471510644616,0.254605906676803,0.257959246238071
1199,0.185221600404502,0.236908645793526,0.238139934010308,0.217647385979409,0.199317925241208,0.207493506889856,0.254630156897944,0.257987543958447
1200,0.185221673968735,0.236918848950449,0.238179102136427,0.217673114793621,0.199307717656533,0.207516098533934,0.254666639844265,0.257990634475391
1201,0.185207426064148,0.236946687838143,0.238236144358391,0.217669683424368,0.199303050145792,0.207555453233889,0.254697844701009,0.258025302920294
1202,0.185167080629483,0.23700737149915,0.238312117125749,0.217675185081581,0.199282480482598,0.20760332221112,0.254733074106732,0.258042569546997
1203,0.185153554176787,0.23703898908229,0.23837229708027,0.217662905399292,0.199295662217696,0.2076482574432,0.254774419284047,0.258099748537812
1204,0.185139944978729,0.237052490647522,0.238438222268278,0.217620574172788,0.19933228535036,0.207721918678286,0.254814074286763,0.258204495087534
1205,0.185140078278325,0.2370876282757,0.238497223870287,0.217606904419419,0.199362079148746,0.207751910733221,0.254859348291771,0.25826284722109
1206,0.185155449283625,0.237128097630721,0.238540591598217,0.217595696309444,0.199410558664968,0.207745871215706,0.254911513589588,0.258321915983111
1207,0.185165323078121,0.237160408067117,0.238602233057525,0.217592530353927,0.199444846513551,0.207767358100087,0.254967977509451,0.258367612926562
1208,0.185187948144134,0.237214621951379,0.238679290636917,0.217613886946016,0.199470374860343,0.207770656898723,0.255020926839379,0.2583792256577
1209,0.185198371314177,0.237237505635528,0.238738714242373,0.217615548902081,0.199496704515397,0.207804917130158,0.255090135521654,0.258415465666255
1210,0.185192886540456,0.237216143365191,0.238792487144108,0.217600490621264,0.199517504292202,0.207883571151707,0.255181392364519,0.258448892038754
1211,0.185207561503233,0.237236572909407,0.238853902319398,0.217608454865918,0.19955030690234,0.207927443398032,0.255258863562338,0.258504015215032
1212,0.185233927323579,0.237262888117496,0.238912838382409,0.217627955847618,0.199588197432941,0.207964369551314,0.255335859814776,0.258591970944525
1213,0.1852471722639,0.237294649452868,0.23896840639304,0.217634117117272,0.199623909306242,0.208001377887668,0.255418976269809,0.258651361057798
1214,0.185251047999951,0.237359687987127,0.239027227008767,0.217671282722485,0.199664912998851,0.208009472900265,0.255501956863461,0.258704404635204
1215,0.18527888716325,0.237409692954717,0.239088382065302,0.217667166432666,0.199706200220565,0.208043353547525,0.255581083992827,0.258766613593748
1216,0.185306240161521,0.237459851426532,0.239144808859768,0.217609838990185,0.199743464002706,0.208102509002814,0.25566552380637,0.258813912204317
1217,0.185349794459145,0.237490886810224,0.239200591103366,0.217570157207916,0.199788534651344,0.208154988093491,0.255752292094781,0.258867115279191
1218,0.185399623948955,0.237513910637587,0.239264810441436,0.217566939131332,0.199837203886857,0.208185865757034,0.255816791621235,0.258945787649024
1219,0.185442526031655,0.237552271023418,0.239320770634977,0.21757500332942,0.199863871700399,0.208224674428883,0.255870481798053,0.259010875972184
1220,0.185475327200251,0.237595542532088,0.23937872310024,0.217580456595713,0.199906912373123,0.208263971704576,0.255943232461337,0.259074854300448
1221,0.185479527522296,0.237642048605115,0.239426539205825,0.21762869044596,0.199954616985329,0.20828836068606,0.256017081295957,0.259126157427039
1222,0.185514743092948,0.237682190653816,0.239491504998653,0.217632855893207,0.199997335013874,0.208329141952602,0.256093182725158,0.259194004242511
1223,0.185568972789575,0.237736393896807,0.239566289257572,0.217603135527967,0.200042966138982,0.208390585932288,0.256186511195929,0.259266872261973
1224,0.185601342747765,0.237769384455751,0.239634515309174,0.217594505040349,0.200084173543582,0.208431299266258,0.25626168710771,0.259342072441203
1225,0.185634567377761,0.237780249970206,0.239714769498144,0.217582108836081,0.200118791035364,0.208458388042092,0.256322057152001,0.259432189675836
1226,0.185664207479435,0.237803894715827,0.239775017588836,0.217590474611463,0.200150959686068,0.208499264085837,0.256397996990023,0.259505417118939
1227,0.185677264169004,0.237827662954833,0.239810975009109,0.217620729763465,0.20017942328314,0.208546018398253,0.256472964960718,0.259582462507762
1228,0.185704953747438,0.2378523018767,0.239880087867181,0.217619611678411,0.200221393150081,0.208583412710254,0.256556352065318,0.259638998371552
1229,0.185726144518186,0.237879983375549,0.239966134375451,0.217610530995093,0.200265113614733,0.208611544199438,0.256651854336135,0.259664184342295
1230,0.185771516007559,0.23790790206501,0.240031045495763,0.217616895592376,0.200306362248472,0.208657773224292,0.256742897076965,0.25971412566791
1231,0.185856422876596,0.237924319465873,0.240110140151253,0.217613153000623,0.200357823857829,0.208708940257315,0.256839480967534,0.259763535910404
1232,0.185895470834593,0.237959912014259,0.240172030893193,0.217609079770449,0.200399975629437,0.208758166051998,0.256928426968376,0.259819460230974
1233,0.185932898056257,0.2380143746633,0.240189644283667,0.217632054775276,0.200440566639536,0.20883939446122,0.257017287714165,0.259888262904883
1234,0.185964614387285,0.238057511015909,0.240242557862466,0.21763212246639,0.200475531906858,0.208888518250263,0.257101840681814,0.259958310070857
1235,0.185953377184023,0.238105112422287,0.240312879283853,0.217605379469379,0.200494210704178,0.208901953230203,0.25718007682836,0.260033333553422
1236,0.185955538618396,0.238152814797566,0.240388968342371,0.21757663044051,0.200533985175104,0.208935503535565,0.257253570439549,0.260101852979253
1237,0.186003303496081,0.238210529171002,0.240461423871957,0.217574989866505,0.200581614240251,0.208977185689274,0.257337255009203,0.260169242813808
1238,0.18603607228243,0.238245843306082,0.24052920741653,0.217588952099934,0.200602594870681,0.208990536236814,0.257417928339259,0.260238653530572
1239,0.186075360739065,0.238262146413413,0.240593474542343,0.217597888381919,0.200650058571928,0.209041094272737,0.257512830283205,0.260320633445855
1240,0.186120692601347,0.238311780217791,0.240651892058191,0.217609389759174,0.200701416028782,0.20909416790998,0.257597816160749,0.260417672285777
1241,0.186156472935151,0.238336377569312,0.240713737928116,0.217614229364496,0.200744511497382,0.209142541271786,0.257671863105976,0.260492780118566
1242,0.186196286349291,0.23832982193037,0.240777895663552,0.217607471255557,0.200789014976644,0.209194198874178,0.257733368702182,0.260587716730641
1243,0.186208581445664,0.238347031958902,0.240848692597091,0.217606849304234,0.200823885422548,0.209250435183557,0.257811047135131,0.260640765815276
1244,0.186196731655469,0.238376410727479,0.240928536039652,0.217610405988529,0.200849284409826,0.209311942380558,0.257883892001479,0.260644995443309
1245,0.186205791759944,0.238401456341589,0.240988203213185,0.217613304053998,0.20087942191223,0.209352658199739,0.257966819374344,0.260678542645505
1246,0.186197817777139,0.238428916772998,0.241044758362662,0.217626667727868,0.20090777609805,0.209394492484299,0.25806590559136,0.260707269154982
1247,0.186214683513789,0.238459013951237,0.241099208132147,0.217607035996529,0.200931057874505,0.20942162124286,0.258153961828417,0.260750649017513
1248,0.186269411460865,0.238495126225826,0.241133918534283,0.217561807154654,0.200947013651069,0.209406076644153,0.258250158076492,0.260811869865638
1249,0.186292515923705,0.238521217402655,0.241182584687312,0.217542733085896,0.200977968657748,0.209443644712907,0.258320514610109,0.260865110962979
1250,0.186300136610182,0.238550046637195,0.241253829995376,0.217508948978321,0.201014852145005,0.20951491419625,0.258376318983937,0.260903338606598
1251,0.186315753548157,0.238566634742065,0.241301384814155,0.217492592485778,0.201042440398649,0.209555657824872,0.258436383903628,0.260965491127453
1252,0.186326530221795,0.238559410511605,0.241333126615388,0.217506430566043,0.201080216865504,0.20961159896947,0.258473810312461,0.261063494582216
1253,0.186338888519762,0.238573490786398,0.241365727466561,0.217509424807154,0.201107653827161,0.209656787634225,0.258525834341766,0.261124129637247
1254,0.186362114672014,0.238601124846923,0.241384166508459,0.217517705796809,0.20112348976743,0.209670891407329,0.258594211799493,0.26118513509582
1255,0.186375247316749,0.238611808166149,0.241411233703996,0.217507370060046,0.201138798755566,0.209693982215069,0.258649392976992,0.261231102325576
1256,0.186387441043569,0.238624042406138,0.241442832508048,0.217488069833147,0.201157563889374,0.20973762135115,0.258707189198567,0.261246216649687
1257,0.186380045818989,0.238640086351397,0.241477265203866,0.217471313046927,0.201162239283043,0.209757170822728,0.258748210294857,0.261250528328372
1258,0.186371703053513,0.238625651093323,0.24149624659727,0.217450061530107,0.20116539692585,0.209742899805883,0.258768888655168,0.261276499842751
1259,0.186368449157836,0.238619375223231,0.241531286587275,0.217426059057727,0.201172353765867,0.209773398071776,0.258825465309736,0.261344201616094
1260,0.186363833661867,0.238645631399604,0.241571430305267,0.217416891094537,0.201169230472191,0.209788536282489,0.258898422629572,0.261381550733264
1261,0.186353549174755,0.238674483603234,0.24161686832272,0.217402235716435,0.20117956347412,0.209805221579556,0.258927445303876,0.261414879459558
1262,0.186350791874597,0.238685196447532,0.241677435037917,0.217396999960626,0.201189681575959,0.2098586431389,0.258923713770004,0.261482945718604
1263,0.186344186758065,0.238694164827789,0.241720493174873,0.217383846472562,0.201183345597494,0.209886525934042,0.258909911305874,0.261520961141152
1264,0.186336618233652,0.238707449463626,0.241751313180443,0.217359377557786,0.201179182802823,0.209907538714961,0.258909735666082,0.261552329416771
1265,0.186329660040658,0.238707053748086,0.241763892590848,0.217337322584695,0.201175594247197,0.209928173311341,0.258882431824703,0.261600067035207
1266,0.186322124676513,0.238709317902858,0.241781021717963,0.217318434424215,0.201166985013523,0.209938423000906,0.258877992136101,0.261616347765661
1267,0.186324208292906,0.238725360586129,0.241796514549407,0.217276860844315,0.201154916388027,0.209923956509808,0.25890827896469,0.261586247561048
1268,0.186296259798308,0.238734572716625,0.241805124747597,0.217255320814585,0.201128640139216,0.209933318839996,0.258911637572094,0.261591995296599
1269,0.186242396207523,0.238737504049433,0.241813928840883,0.217258508432631,0.20109557142159,0.209962173085287,0.258903718501682,0.261628518703676
1270,0.186212366589583,0.238732769409543,0.241805480668404,0.217236241571211,0.20106135417199,0.209960699947146,0.258878745704556,0.261621000668716
1271,0.186168794922531,0.238721202203618,0.241768673862888,0.217213067714234,0.201015152921301,0.209944905595074,0.258848650287742,0.261581458692444
1272,0.186138501392214,0.238718745490487,0.241755927176107,0.217175355394766,0.200977434431204,0.209940247662734,0.258812082301694,0.261567408160848
1273,0.186149596788114,0.238711464985414,0.241744747284282,0.217108140405561,0.200948778233461,0.209918987072019,0.258745817399556,0.26154329785267
1274,0.186124948819538,0.238701570844326,0.241738370963113,0.217070331732408,0.20090307994573,0.20990928723751,0.258693239623831,0.261520877389744
1275,0.186067146709987,0.238706860186105,0.241760760023743,0.217052985213276,0.200858525936249,0.209935765616004,0.258656587847476,0.261538371019715
1276,0.18603211274287,0.238701199566267,0.241755306155191,0.217006294516874,0.200792724433817,0.209924749454701,0.258602638862166,0.26151551947829
1277,0.185987731400641,0.238690158869744,0.241732910721808,0.216956792165367,0.200695162794313,0.209891942179421,0.25855429000557,0.261451852257017
1278,0.185958774620982,0.238661694595943,0.241712472536263,0.216910269609646,0.200618622752515,0.209859197601635,0.258479633571598,0.261402675368741
1279,0.185951535913912,0.238625301306164,0.241699705899567,0.216847382605956,0.200550240814258,0.209815827052451,0.258399961031444,0.261350306375866
1280,0.185946747860107,0.238580990977108,0.241650466325675,0.216768727640831,0.200459309708279,0.209748875506939,0.258275118437455,0.261287099239315
1281,0.185922102830235,0.238516374820956,0.241590701893331,0.21672297100567,0.200382880514179,0.20971269954512,0.258140394326668,0.261242870896221
1282,0.185890982562276,0.238461252135422,0.241525704664865,0.21669349370715,0.200307142570397,0.2096817270533,0.258006735204605,0.261187532979493
1283,0.185856436730505,0.238437688326292,0.24145768364114,0.216635211685281,0.200206135629252,0.209636779892474,0.257873654017725,0.261081108238093
1284,0.185815780239174,0.23841716528972,0.2413989183117,0.216551806361098,0.200112377189804,0.209581876153038,0.257741735596785,0.260970417422073
1285,0.185783144906155,0.238390419399445,0.241326167074517,0.216504147932055,0.200009262873189,0.209503852856494,0.257587758246021,0.260858204704026
1286,0.185764378829215,0.23835725937955,0.241262876443895,0.216430296562291,0.199898426586707,0.209423109022866,0.25742896774219,0.260747969290868
1287,0.18572657526612,0.238301849672896,0.241178515363108,0.216342828276313,0.199767150635348,0.20934559500674,0.257257454508508,0.260628242040641
1288,0.185675067353108,0.238219629467421,0.241063283421896,0.216262576782666,0.199616440213957,0.209270936543516,0.257075225897024,0.260521040879269
1289,0.185632892263187,0.238145471703093,0.240965388502738,0.216165742170419,0.199460363853808,0.20918569091981,0.256865488588254,0.260387778525009
1290,0.185595166378139,0.238064615073595,0.240868556762702,0.216025130824894,0.199288578257224,0.209097907937159,0.256640933888072,0.260227246965216
1291,0.185536632997404,0.237975199043709,0.240763890597408,0.215911034118753,0.199109091519,0.208998119398298,0.256398929647652,0.260073320304897
1292,0.18546580743174,0.237881871994115,0.24065886141827,0.215804017688314,0.198915008424562,0.208883518612941,0.256120798047797,0.259915971628308
1293,0.185401072211541,0.237780385690525,0.240554893956319,0.215694945420049,0.198723760666412,0.208778473320358,0.255854141120177,0.259755302252955
1294,0.185323574713193,0.237672016583867,0.240461548639743,0.215590998571647,0.198531396928034,0.208678684923203,0.25559861243271,0.259594922432524
1295,0.185254617288824,0.237551989089861,0.24034368840406,0.215485236731941,0.19832829954337,0.208564943317142,0.255303409708633,0.259419503746072
1296,0.185205528195409,0.237401456873669,0.24020584401479,0.215385362879494,0.198114636637734,0.208442390630195,0.254977876957002,0.259230222928889
1297,0.185135640293112,0.237286089681884,0.240070013746584,0.215274620712637,0.197906532686293,0.208315550623723,0.254658418818457,0.259046907734086
1298,0.185060251551622,0.237189735611445,0.239914041930388,0.215162369264293,0.197684171144042,0.208184952933052,0.25430260319181,0.258858636603021
1299,0.184963568979505,0.237069748895265,0.239769661135042,0.2150328663583,0.197465717559629,0.208040116242195,0.253972817203766,0.258660418039451
1300,0.184859315317183,0.23698206013743,0.239649830039897,0.214887518654143,0.197287528992574,0.20789944884092,0.253682593172266,0.258461403795948
1301,0.184734251298845,0.236854300797233,0.239507038024959,0.214744464515076,0.197056283787579,0.207738542956313,0.253348402177927,0.258253646874568
1302,0.184583095357324,0.236682769709047,0.239364521434153,0.214579860561003,0.196786176313531,0.207553218964683,0.253013758370224,0.258032124454803
1303,0.184421258757832,0.23650048217536,0.239181321697044,0.21443767526263,0.196520557433263,0.207353912315549,0.252636946692375,0.257817492110632
1304,0.184279468226622,0.236348212158008,0.239004042409683,0.214311294055237,0.196263537260185,0.207183169315866,0.252230346466692,0.257578799025624
1305,0.184112192772676,0.236196736235082,0.238824869094033,0.214152965582604,0.195960587388356,0.206996575164834,0.251814462474006,0.257330338349977
1306,0.183926913373536,0.236032572312573,0.238628837545729,0.213993433820845,0.195666969374331,0.206788143744143,0.251373920032517,0.257083770094901
1307,0.183757097716075,0.235859312454255,0.238444984543249,0.213828174129897,0.195363779676156,0.206570681819278,0.250926566093244,0.256800469822275
1308,0.183563394511187,0.23567161894072,0.238275660123554,0.213641333887121,0.195018246028889,0.206330002345116,0.250476331317288,0.256503518403612
1309,0.18335291467321,0.235451705349415,0.238079135618892,0.21345392288691,0.194671005066927,0.206080165170132,0.249990558839486,0.256243373849746
1310,0.183161927922383,0.235252153169625,0.237873839288619,0.213262552500162,0.194345873246966,0.205849102563235,0.249485493755244,0.25595376178754
1311,0.182945783302214,0.235069907042706,0.237656332710613,0.213062370940704,0.194017150955541,0.205610489002612,0.248973016921224,0.255622755214218
1312,0.182692642946805,0.23485854911616,0.237432879738068,0.212855841199081,0.193657871936208,0.205347454508385,0.248436754495743,0.255315697312164
1313,0.182397076016809,0.234630417226815,0.237177249635679,0.212637136590926,0.193282053353109,0.205058914539236,0.247874569632783,0.255013282220901
1314,0.182120898515023,0.234411533898225,0.236947221446795,0.212426193891477,0.192896559903884,0.20477137957012,0.247302270281658,0.254694774198822
1315,0.181820548108124,0.234186298793102,0.236746261631506,0.212222662907184,0.192490163730211,0.20447674411541,0.246709000659201,0.254392084632874
1316,0.181530139437717,0.233952438945611,0.236499958862971,0.211993822585601,0.192078657592726,0.204168542632399,0.246112744418526,0.254054636388687
1317,0.18126617874139,0.233724570187876,0.23623338989341,0.211762223982165,0.19166183334952,0.203858996728034,0.245518569219333,0.253688767391983
1318,0.180962552225357,0.233479593847904,0.235966071989132,0.211522086508049,0.191231704703398,0.203524168916398,0.244881060388718,0.253318209297121
1319,0.180619449096548,0.233215929454572,0.235673365473411,0.211247124021546,0.190777473358039,0.203149099254356,0.244235458848604,0.25293150070383
1320,0.180305212914537,0.232953485870194,0.235388195937203,0.210995299879055,0.190334409470326,0.20280583310009,0.243557956053177,0.252532394645671
1321,0.179995164996286,0.232683831129381,0.235112851741659,0.210759561943959,0.189899577202679,0.202477056860789,0.242817354965356,0.252121865663041
1322,0.179667953495378,0.232415593666908,0.234822962152242,0.21050751307155,0.189448038584594,0.202115585845088,0.242095514543364,0.251704193259738
1323,0.179362420652816,0.23215149100525,0.234529434478005,0.210259244901706,0.189005124324216,0.201760221336254,0.241372504005429,0.251276070430164
1324,0.179022964750534,0.231872376470823,0.234219083160266,0.210001082764002,0.188525086010212,0.201385900689291,0.240635921368219,0.250836418960742
1325,0.178637765376327,0.231586759465713,0.233897695932988,0.209732300718568,0.188010623447371,0.200969977950004,0.239907695709887,0.250391779348014
1326,0.178279946885226,0.231298578806418,0.233566963850127,0.209460391423727,0.187504309964551,0.200570018199948,0.239157665900711,0.249937091946827
1327,0.17792843819006,0.231011638357605,0.233220779568184,0.209184937516606,0.18697893303531,0.200177323768344,0.238398856374501,0.249472089608892
1328,0.177562790459515,0.230691799308199,0.232861197588462,0.208906403185348,0.18646214928321,0.199782201100834,0.237599951360308,0.248989083157361
1329,0.17721314399958,0.230367195753381,0.232515474163567,0.208607939777349,0.185949258157198,0.199375556637731,0.236798286585449,0.248501440884688
1330,0.176844873565877,0.230076002687705,0.232175340096415,0.208282972953392,0.185409387927407,0.198963185419114,0.235992166312457,0.248005750790011
1331,0.176457538685307,0.22978351356224,0.231830545234469,0.207979996876297,0.184868269829966,0.198549078965543,0.235195393432778,0.247505169432411
1332,0.17609428109706,0.229467737506331,0.23149111309998,0.207701077025045,0.184318726685131,0.198121263330701,0.234407050918271,0.24698150289536
1333,0.175727354073951,0.229172813447006,0.23113657090025,0.207419560189022,0.183778006439124,0.197679263089705,0.233620658332733,0.24647110750998
1334,0.175376336587368,0.228869569375154,0.230755770640702,0.207140661739855,0.183245940071942,0.197247189567032,0.232823076656742,0.245982377844028
1335,0.175037068958443,0.228545109655427,0.230383569282218,0.206835226534738,0.182693285224091,0.196828618495758,0.232008083634904,0.245480695681802
1336,0.174670209672223,0.228253021753956,0.230031785002805,0.206499958912217,0.182137670646214,0.196410186077769,0.231204826153727,0.244981455194321
1337,0.174320093115059,0.227936053781323,0.22967335452493,0.206169953567927,0.181578416671966,0.19600959190696,0.230410855375165,0.244468429585189
1338,0.173970884779018,0.227611083735421,0.229316146079181,0.205862658364314,0.181026119418584,0.195605641955072,0.229616427354904,0.243932564393827
1339,0.173624971134432,0.227315671752552,0.228952133368229,0.205554667870818,0.180491580836484,0.195195450108761,0.228835849532703,0.243428871584309
1340,0.173282727986562,0.227034395767556,0.228582109319058,0.205247799024753,0.179981606778049,0.194782353422584,0.228075034876653,0.242942324123566
1341,0.172950531891783,0.226740281024174,0.228200072044517,0.20494998778454,0.17945970565835,0.194360671826363,0.227300482776619,0.242448098948394
1342,0.172624909472343,0.226474718582908,0.227807310085729,0.204665977499153,0.178948204017253,0.19392593057455,0.226527163084417,0.241974629393032
1343,0.172297202812825,0.226173230112801,0.227430167543442,0.204377641824742,0.178427275741779,0.193511092283997,0.225759958371,0.241481984078939
1344,0.171975907909151,0.225828805494472,0.227046299172825,0.204100520812055,0.177890711009508,0.193088407916288,0.224979816890019,0.240966421441206
1345,0.171664789851623,0.225527376438217,0.226669593364841,0.203814945286707,0.177379792228094,0.192693199042303,0.224230279768253,0.240463028515291
1346,0.171354173714688,0.22523213026842,0.226311974384947,0.203523222199278,0.176878505839335,0.192324359557768,0.223501605925391,0.239956570490808
1347,0.17104737690736,0.224944178557168,0.225937236889145,0.203227789577794,0.17637785513405,0.191941587939341,0.222770944040219,0.239466748103098
1348,0.170754168846095,0.224690402374502,0.225554144705396,0.202933124654795,0.175894759772205,0.191572213583869,0.222055418562638,0.239010630984363
1349,0.170448424922693,0.22441463752271,0.225177148538433,0.202630012358277,0.175407589992578,0.19119843421958,0.22134413849804,0.238517634528529
1350,0.170138365873698,0.224131974579244,0.224806096779278,0.202329724205758,0.174931230617269,0.190822685479782,0.220650785201907,0.237995076468661
1351,0.169833417250929,0.223845042572859,0.224422546968198,0.202009966614101,0.174428377377506,0.190442788235168,0.219932383833264,0.237496071562085
1352,0.169534575047592,0.223542631495574,0.224022658936528,0.201666557715812,0.173910034964612,0.19006455952342,0.219201082699874,0.236993176942476
1353,0.169226953332169,0.223250622225764,0.223637398345365,0.201334317190999,0.173402613513,0.189675902216078,0.218481622500452,0.23648897547594
1354,0.168916522785078,0.222964119051292,0.223265494994668,0.200997286728929,0.172887821075148,0.189280338081467,0.217753066220266,0.235995119523048
1355,0.168599637315229,0.222670796361603,0.222869376787776,0.200655926774509,0.172363608174471,0.188880893381314,0.217028458054036,0.235534149185475
1356,0.168284312434993,0.22237686589102,0.222455871446802,0.200321634914052,0.171853729418083,0.188466345612692,0.216320348980661,0.235020021619439
1357,0.167980832916096,0.222084913344663,0.222066747422345,0.200012095854269,0.171345992879846,0.188051086741208,0.215593524612545,0.23447074703149
1358,0.167666170321672,0.221771560130233,0.22166377339627,0.199693859067718,0.170810172928122,0.18761638792716,0.214807555059573,0.233943265341379
1359,0.167341994434115,0.221466108884464,0.221228679950712,0.199338489196938,0.170256973886049,0.187191873844103,0.213995936522204,0.233392305205001
1360,0.167003365436559,0.221133435771294,0.220796415178098,0.198985164719765,0.169691365637579,0.186770184867834,0.213161054158434,0.232831483440669
1361,0.166645686362587,0.220760998919707,0.220346387397368,0.198635468817027,0.169087018907515,0.186308442398598,0.212309688881949,0.232256829286056
1362,0.166299790869229,0.220391469711663,0.219832966974165,0.198230775761386,0.168448784501429,0.185838459463812,0.211448424992348,0.231617110200509
1363,0.165959249805877,0.220003047794235,0.219312319708495,0.197814255795411,0.167806789072117,0.185347926373392,0.210540750947584,0.230945279509632
1364,0.165584450359106,0.219620684390521,0.218781387480883,0.19739350887889,0.16714589670757,0.18482047890748,0.209589077807231,0.230251257853726
1365,0.165178638895017,0.219234233010203,0.218215902603917,0.19692620901584,0.166439977019252,0.184257075982179,0.208575977299212,0.229487897630103
1366,0.164740346053494,0.218790893816184,0.21760863738649,0.196451767966719,0.165672385151102,0.183635253125643,0.207490999659506,0.228676758351935
1367,0.164268142417621,0.218317068959667,0.216981487919733,0.195991937673799,0.164879991154378,0.182967410834763,0.206370458837901,0.227834603889815
1368,0.163754564007134,0.217801784116937,0.216282237287375,0.195453640645665,0.163994649088521,0.182250400832727,0.205130048778642,0.226922021182515
1369,0.163228504589339,0.21725199905906,0.215545645694969,0.194879298848167,0.163036604326198,0.181493639061353,0.203818812417658,0.225959865460763
1370,0.162634515108698,0.216654309556975,0.214737193621179,0.194253991690397,0.162022289826935,0.180664434333359,0.202389192248203,0.224911010602015
1371,0.162001343394429,0.216040316992047,0.213888157750468,0.19359375454925,0.160960673113657,0.179792599803361,0.200875417754792,0.223823458089524
1372,0.161291244281185,0.215332275756672,0.212938871170667,0.192849352508543,0.159794955820971,0.178831766215886,0.199224703739559,0.222594670775903
1373,0.160531569058711,0.214576721050136,0.211932722124044,0.19205870991356,0.158574181234,0.177819355185852,0.197474330116429,0.221277437760872
1374,0.15968899780117,0.213732631924573,0.210813244778248,0.191189221587799,0.15723872199029,0.176701866419635,0.195588579047971,0.219852490472248
1375,0.158783690063176,0.212819562221349,0.209610644656768,0.190248192119946,0.155821611422047,0.17551755368904,0.193603252513621,0.218329768938051
1376,0.157800276554803,0.211810268861507,0.208295476868948,0.189228393556602,0.154277045259604,0.174207603726839,0.191428801156248,0.216675325713845
1377,0.15675300477125,0.210710239844956,0.206874967684098,0.188154064426125,0.152631115233155,0.172785741071068,0.189106571327041,0.214933102936447
1378,0.155608639734568,0.209544474206615,0.205361203233739,0.186987911001321,0.150873039258373,0.171280899299978,0.186647263050317,0.213041041354918
1379,0.154383058678865,0.208319336835215,0.203762873876337,0.185748603317747,0.148999816731176,0.169696298711081,0.184032735701909,0.211018241141593
1380,0.153072649620568,0.206984093011937,0.202046447522936,0.184404024100456,0.147016811068696,0.16799042321763,0.181269343911721,0.208866031800956
1381,0.151664646451925,0.205571237318305,0.20023757789004,0.182978954671947,0.144916862047417,0.166173456208252,0.178340490714635,0.206575552368542
1382,0.150202444717581,0.204070843211474,0.198316480235658,0.181448861518876,0.142737882431303,0.164276550736276,0.1753258426141,0.204169450554537
1383,0.148680262529761,0.202478294593645,0.196289797382931,0.179813949944043,0.140467484677329,0.162279251771335,0.172191653054759,0.2016393165821
1384,0.147076812055483,0.20077649332267,0.194135047163534,0.178097433223329,0.138088800438148,0.160187818035862,0.168926839628559,0.198999701556803
1385,0.145375990890167,0.199004776804639,0.191886631619298,0.176279893820162,0.135611947737345,0.157994934805174,0.165534076532271,0.196228838820089
1386,0.14360776010154,0.19717912432824,0.18956040529951,0.174393802103814,0.133062159396361,0.155758546883683,0.162104710528186,0.193373592759805
1387,0.141798547092937,0.195274251020744,0.187137887338379,0.172452378725242,0.130445783995389,0.153453556252288,0.158587843253232,0.190437129005361
1388,0.139920523135379,0.193288823045661,0.184629769440104,0.170423431351632,0.127810419716483,0.151062638546502,0.155004762331181,0.187407079082595
1389,0.138002895190683,0.191256742553812,0.182063375326381,0.168328991835954,0.125145649003769,0.148652716194292,0.151421055550985,0.184324789572087
1390,0.136062641425402,0.18914381657265,0.179424722331124,0.166192137575257,0.122429185045074,0.146208574715193,0.147792732488951,0.181192946993657
1391,0.134067828793432,0.186995261144858,0.17676427679324,0.164006125491394,0.119706418095416,0.143718089832549,0.144139211122631,0.178022239966747
1392,0.132048427513521,0.184849563572335,0.174099195942081,0.161780418145614,0.116978179613604,0.141193944292633,0.140512630660123,0.174841216731374
1393,0.130023967690093,0.182665553503969,0.171406550699636,0.159542870819947,0.114267879046889,0.138664777259171,0.136928574539859,0.171631059660659
1394,0.128020787865496,0.180477771600218,0.168728575441228,0.157314457355683,0.111623096069535,0.136179800096403,0.133429663454506,0.168460676219518
1395,0.126036164393853,0.178295055526428,0.166058786591148,0.155117235801068,0.109015439807356,0.133750900039364,0.130025927849144,0.165354698929996
1396,0.124057816854517,0.176111910914279,0.163384098164222,0.152927420490344,0.106432445693176,0.131368452027818,0.126678391423446,0.162267252496113
1397,0.122116643945858,0.173976428996656,0.160772239172517,0.150756066506477,0.103931715404537,0.129041915821882,0.123429024874295,0.159269622637974
1398,0.120208840226377,0.171885027429529,0.15821408993488,0.148635058030681,0.101505326686259,0.126766821238011,0.120302883364567,0.156361788895987
1399,0.118389291852992,0.169857504999147,0.155750484229955,0.146569182365955,0.0991947777339679,0.12458247843077,0.117315392352641,0.153555353152794
1400,0.116625286365645,0.167869802501207,0.153362226489203,0.144515744966649,0.0969738336378187,0.122445274690318,0.114427002847705,0.150810686349167
1401,0.114915406679156,0.165948838094297,0.151041534223279,0.142555362565018,0.0948525402948203,0.120409715637458,0.111687264160647,0.148197634390913
1402,0.113274014388443,0.164078147017908,0.148778934654251,0.140661589364228,0.0928330267737188,0.118465851800463,0.109090708330616,0.14569767224316
1403,0.111697499430431,0.162300407059632,0.146636652573103,0.138849335444585,0.0909185945325111,0.116604584722129,0.106631294444779,0.143310581280816
1404,0.110159468892855,0.160583964989617,0.144551871902573,0.137091342221522,0.0890859401805785,0.114801172212794,0.104285975913853,0.141013719454404
1405,0.108706753502745,0.158941152205807,0.14260592242323,0.135427404062442,0.0873635020447856,0.113111807081393,0.102091579542939,0.138843182968934
1406,0.107321190443722,0.157364868516687,0.140793654053557,0.133845353400475,0.0857543599312865,0.111527555309693,0.100057750382561,0.136798751063223
1407,0.10602685185873,0.155891805517431,0.139056237160741,0.132354984112419,0.0842340689102419,0.110031244970788,0.0981365998389223,0.134860293321943
1408,0.1048042591574,0.154485873115675,0.137412069357223,0.130936476651872,0.0828113915108455,0.108627036237513,0.0963398304517068,0.133024555187362
1409,0.10365469905279,0.15318434827454,0.135866431763991,0.129621152029957,0.0814786002736089,0.10730573138337,0.0946650423976919,0.131303211655609
1410,0.102602913466169,0.15200546407168,0.134396107475126,0.128403820428952,0.0802400308151682,0.106060208383831,0.0931310487251046,0.129679831526018
1411,0.101609814617691,0.150879500875124,0.133058916929728,0.127271742872689,0.0790900182170342,0.104928810121245,0.0916859339065389,0.128195962806802
1412,0.100672360730144,0.149813897809799,0.131840316168461,0.126214189360916,0.0780348894240344,0.103906583885819,0.0903579214234736,0.126849173572542
1413,0.0998092197373501,0.148842520863534,0.130710220399944,0.125268123211179,0.0770541694493345,0.102946729939384,0.089114397970989,0.125590791042657
1414,0.0990257633416039,0.147955139885108,0.129707251302393,0.124431300471782,0.0761727965887432,0.102094399861822,0.087968817259672,0.124465332472777
1415,0.0982922540450571,0.147133520103851,0.128762386155755,0.123663409749107,0.0753481776047466,0.101285493081348,0.0869084563356668,0.123404624616106
1416,0.0976243159768409,0.146394313104482,0.12789198051123,0.122994390438437,0.0746048557397337,0.100528158026362,0.0859472984579564,0.122414710757267
1417,0.0970067078847125,0.145729761009318,0.127109776555325,0.122397859940823,0.0738930231202172,0.0998413671530445,0.0850549178473594,0.121528066569943
1418,0.0964388745191289,0.145108537561684,0.126401489495912,0.121840040237842,0.0732551534344354,0.099229927847704,0.0842278021267888,0.120739665443952
1419,0.0959233244246602,0.144564490811967,0.125749985447528,0.1213537743713,0.0726754716772014,0.0986900283619128,0.0834736157052365,0.120021832561364
1420,0.0954666238328569,0.144074425159558,0.125168110992227,0.120919468414846,0.0721175591992408,0.0981931870786454,0.0827598969256702,0.119355221608335
1421,0.0950539067056405,0.143615579654797,0.124633031806662,0.120529139298083,0.0716201684055876,0.0977317830447194,0.0820849282983398,0.118744515941005
1422,0.0946573784487694,0.143199524498222,0.124126521096895,0.120190323006928,0.0711708514042317,0.0973013236150467,0.0814744395550658,0.11819363771362
1423,0.0942979305334972,0.14280035046379,0.123664452611825,0.11986815827445,0.0707132775688146,0.0969014259065988,0.0808923183578017,0.117681353077884
1424,0.0939685326090081,0.142435015792227,0.123239795602331,0.119576363294766,0.0703026686477235,0.0965307195854617,0.0803432184865176,0.117215920530881
1425,0.0936277242646081,0.142089797443697,0.122838265694283,0.119316016865999,0.06994212550782,0.096193611488107,0.0798661404417716,0.116766076101435
1426,0.0933116461116439,0.141757576674672,0.122461455602155,0.119053168388957,0.0695712062841952,0.0958874838186886,0.0794116399533294,0.116306032247372
1427,0.0930396012653311,0.141480263152453,0.122135719856699,0.118820862120052,0.069217051998101,0.0955911855139828,0.0789663751321118,0.115894283352257
1428,0.09277060495666,0.141216881672155,0.121845374286102,0.118596497491114,0.0689035541664452,0.0953131197898044,0.0785511392751999,0.11551080212651
1429,0.0925263526014096,0.14095296676071,0.121530712894405,0.11837065867632,0.0686005678659967,0.0950440098051135,0.0781539364106305,0.115144362004993
1430,0.0923165011028023,0.14073166132941,0.121230720237295,0.118200032045179,0.0683240432553366,0.0947862505488337,0.0777788281987765,0.114824728871744
1431,0.0920847071175222,0.140516477687869,0.120964908386132,0.118031643496096,0.0680879440555919,0.0945457194262573,0.0774382243083312,0.114504643071642
1432,0.0918510102095331,0.140285395124495,0.120698559030409,0.117865649108841,0.0678543036075216,0.0943313403376552,0.0771445927231184,0.114194942851682
1433,0.0916554049077218,0.140077845857625,0.120462352699961,0.117724832012724,0.0676267734204112,0.0941463994443647,0.0768585893120674,0.113908601748194
1434,0.0914708892267716,0.139890495438988,0.120255249730671,0.117574805688111,0.0674139515966128,0.093959120477065,0.0765824475098479,0.11364737636947
1435,0.0913004120912175,0.139703060269471,0.120092557751059,0.11740778337273,0.0672109741815207,0.093781648759309,0.0763243652961567,0.113406609381087
1436,0.0911399897484265,0.139544971483059,0.119915546715073,0.117280317763519,0.0670292789527339,0.0936222726324724,0.0760888725947125,0.1131861684805
1437,0.0910002954735387,0.139427887121635,0.119744868342781,0.117172330026764,0.0668567028970925,0.0934666336201862,0.075860475619224,0.112989756586102
1438,0.0908684941177697,0.139305198700333,0.11960002251741,0.117073289402579,0.0667107312138496,0.0933351696008573,0.0756546807058165,0.112814840569119
1439,0.0907371893864109,0.13918651219851,0.11946264875709,0.116997144787069,0.0665942694916641,0.093234466013023,0.0754760279695484,0.112658617098433
1440,0.0906300094337952,0.13908373115397,0.119347468605511,0.116918710229807,0.0664717171991701,0.0931287009833988,0.0753179124784765,0.112514765083864
1441,0.0905505499910399,0.138996739967527,0.119269507284506,0.116846571558097,0.0663627637521081,0.0930303912386095,0.0751791161638825,0.112402393800279
1442,0.0904582836591787,0.138910273225085,0.119181542319739,0.116775281143282,0.0662690329127862,0.0929419771883519,0.075045307487308,0.112283871038939
1443,0.090373365517889,0.138832104474508,0.119087817081148,0.116700272753596,0.0661821154648057,0.0928590017007327,0.0749291163057941,0.112161455530078
1444,0.0903020071449541,0.13876522780227,0.119027672174756,0.116653279271634,0.0661048971057667,0.0927903278286923,0.0748305284656625,0.112065546646041
1445,0.0902223964188446,0.138694795883095,0.118983462648467,0.116620823900885,0.066042902056166,0.0927300555588738,0.0747378954733956,0.111982046893745
1446,0.090169862300614,0.138653520375379,0.118940320398505,0.116592204595259,0.0659880797001705,0.0926846186008109,0.0746618233716221,0.111913062773084
1447,0.0901409115563199,0.138642295302663,0.118919627374005,0.116586574049523,0.0659322468782209,0.092647334719384,0.0746133361976547,0.111870838725746
1448,0.0901117456166581,0.138617891852211,0.118907513439716,0.11657892676506,0.0658969476786889,0.0926289290217391,0.0745686949743029,0.111829629088312
1449,0.0901008323194519,0.138596539387875,0.118893376902224,0.116564777814834,0.0658855534066195,0.0926386358515191,0.0745287487101393,0.111779461872423
1450,0.0900887637762537,0.138595865976202,0.118898672095431,0.116564292758845,0.065872947648291,0.0926421782633639,0.0745018672393643,0.111767651635387
1451,0.0900740561729364,0.13859309180018,0.11892769745185,0.116570006652102,0.065859791737529,0.0926464815108283,0.0744902768823846,0.11178466550279
1452,0.0900752526966608,0.138609352709612,0.118956427463945,0.116591147867856,0.0658692184409105,0.0926695747400204,0.0744941713571038,0.111804133255892
1453,0.0900742162228621,0.138659054550535,0.118972422937867,0.116621655231188,0.0658936100641892,0.0927036436853802,0.0744998470471745,0.111839837431084
1454,0.090098576460723,0.138705710054889,0.119033440231832,0.116667202780543,0.0659268216071436,0.0927407221181756,0.0745283307970937,0.11189620907803
1455,0.0901472438076439,0.138740344708926,0.119116970165694,0.11672548512932,0.0659671677903568,0.092787669547175,0.0745848662662611,0.111959572641284
1456,0.090197949715854,0.138806742236514,0.119223216093128,0.116804373632347,0.0660383396406934,0.0928458471798875,0.0746362121429332,0.112039835250294
1457,0.0902529088905225,0.138931791020848,0.119370845973497,0.116888336929143,0.0661253977246011,0.0929204283889549,0.0747090444183988,0.112162885670669
1458,0.0903495190418777,0.139039267367728,0.119522117718345,0.116985667317631,0.0662065624181884,0.0930063886544591,0.0748179223597999,0.112311331245903
1459,0.0904606425765381,0.139172757136019,0.119683377843952,0.117113873107515,0.0663118190079668,0.0931199390282406,0.0749312836179343,0.112458615832195
1460,0.0905708744398154,0.139354200083333,0.119878599240769,0.117259472000635,0.0664423704385455,0.0932697464727794,0.0750738792094123,0.112629722498407
1461,0.0907034038118418,0.13953085849988,0.12009221225859,0.117422371405311,0.0665798636658762,0.0934223136527875,0.0752516178428069,0.112832037882661
1462,0.090859878820127,0.139732470414011,0.120343807729194,0.117606187135169,0.0667345934882391,0.093588185066683,0.0754473806252416,0.113046439643207
1463,0.0910350638311187,0.139965001343741,0.120623842035294,0.117806397042223,0.0669202452612158,0.0937846868040026,0.0756765207471972,0.113299905323473
1464,0.0912364738292567,0.140215663214675,0.120917040268962,0.118023601852274,0.0671220589009959,0.0940076230359811,0.0759379362282724,0.113594110312493
1465,0.0914635300532611,0.140487369939977,0.121242809904802,0.118277664682077,0.0673486707447365,0.0942704960469161,0.0762272678885358,0.113911515456791
1466,0.0916950795792052,0.140786290934448,0.121589269447368,0.118571364163118,0.0676095947848804,0.094544369670801,0.0765433287242949,0.11425992329085
1467,0.0919251379047638,0.141113985871153,0.121959959972813,0.118884030015253,0.0678782770368862,0.0948302161760435,0.0768813031510305,0.114639860764668
1468,0.092189043810526,0.141462296611983,0.12237719167481,0.119221975308465,0.0681640779970817,0.0951549100279926,0.0772527185460612,0.115037457035901
1469,0.0924843723934462,0.141831392383433,0.122809207763935,0.119576250814569,0.0684785973259175,0.0954846422066854,0.0776439309663625,0.115466586800255
1470,0.0927855114244154,0.142215531359162,0.123255708378369,0.119955170129987,0.0688127989501455,0.0958473620067154,0.0780466083818499,0.115934363752449
1471,0.0931145396558242,0.142632009192583,0.123736135767068,0.120356177711262,0.0691739398983945,0.0962444988095694,0.0784821731754193,0.11641369814246
1472,0.093459320696198,0.143079381726769,0.124224931404198,0.120765899432016,0.0695623593315525,0.0966348586024077,0.0789464041475644,0.116915250932899
1473,0.0938071597443172,0.143530260343861,0.124729704185584,0.121200925253415,0.0699544064785966,0.0970411718321159,0.0794203057527554,0.117436149502734
1474,0.0941694427336901,0.144002255378465,0.125271324798849,0.12164491844682,0.0703508191128421,0.0974622353596748,0.0799161351220668,0.117976755915185
1475,0.0945447873792136,0.144494705221913,0.125826719148813,0.122100232834362,0.0707680233766065,0.0978958909186458,0.0804306345224355,0.11854536397113
1476,0.0949444930372423,0.144982963440565,0.126394804538574,0.122574568151382,0.0712055836664755,0.0983446865753285,0.0809542909246694,0.119147297920317
1477,0.0953545431103753,0.145484021366051,0.126991684465476,0.123059584829114,0.0716510236393338,0.0988128322350689,0.0814989066207865,0.119756379938054
1478,0.0957877824938194,0.146000448590583,0.127621777858175,0.123558049213525,0.0721034148548376,0.0993060020980425,0.0820656690946624,0.120375667472002
1479,0.0962187216089502,0.146534254609654,0.1282489293989,0.124067212049207,0.0725835221850176,0.0998031813054044,0.0826413414168095,0.12101799086621
1480,0.0966572311189602,0.147077096068555,0.128899981804869,0.124590895530232,0.0730882154435701,0.100316448895638,0.0832266612849363,0.121689360423215
1481,0.0970979310019142,0.147626010277091,0.129544545497667,0.125117333041716,0.0735918891069154,0.100834601422551,0.0838380053540963,0.122357503976158
1482,0.0975380005233353,0.148198408581458,0.130182755531362,0.125652005956813,0.074120340203673,0.101365712762236,0.0844740224275856,0.123042726781132
1483,0.0979996417944103,0.148763280320951,0.130842021649487,0.126187415641163,0.0746392090432488,0.101896109344434,0.0851154997468334,0.123723552241967
1484,0.0984862050131022,0.149319361377391,0.131517643372697,0.126730714260121,0.0751507964265188,0.102428301673875,0.0857856416283178,0.124393054545406
1485,0.0989504410880472,0.149899923446989,0.132186740651081,0.127284264956149,0.0756738945263167,0.102972653193322,0.0864388465868887,0.125096744510724
1486,0.0994084428981851,0.150497806767231,0.132855939279939,0.127841096815184,0.0762013345478996,0.103521424064805,0.0870755055276687,0.125824254414261
1487,0.0998836526839902,0.151093136365448,0.133549087225937,0.128405409557966,0.076739995556293,0.104076613749052,0.0877480572696871,0.126548718690934
1488,0.100356625194067,0.151693701214736,0.134255590224549,0.128987868392264,0.0772844700078301,0.104639400774894,0.0884338742458859,0.127288475115273
1489,0.100837252961092,0.152304486606792,0.134959208169155,0.129556308324231,0.0778446620561534,0.105214084377671,0.0891272793865636,0.128032234595999
1490,0.101333385223492,0.152925910691336,0.135682317516238,0.130115734848129,0.0784192795394926,0.105806822450359,0.089843456392307,0.12877189241043
1491,0.101835921723914,0.153549926017605,0.136403409330389,0.130691802908728,0.0789976817201741,0.106391198214015,0.0905707628505451,0.129529989010437
1492,0.102339940680776,0.154188506527373,0.137113920484253,0.131268634435865,0.0795860500526083,0.106979820089069,0.0913088054312237,0.130320542458288
1493,0.10284354172271,0.154818067116895,0.137834521832742,0.131849683081829,0.0801842133213196,0.107569377244142,0.0920436222022777,0.131090247604735
1494,0.103362368516584,0.155437682626339,0.138565999495185,0.132450370670565,0.0807940688468121,0.108146052933719,0.0927894365134249,0.131844089147757
1495,0.103875458948557,0.156064877945617,0.139300037458313,0.133044496428548,0.0814007649923061,0.108742492711181,0.0935445694625616,0.132619146181561
1496,0.104370388608637,0.156693356437842,0.140035847583288,0.133630026934835,0.0820159148694926,0.10936141611996,0.0942966928047109,0.133390240149995
1497,0.10488958792797,0.157329442563439,0.140776173833274,0.134225538396873,0.0826300910989487,0.109971378005258,0.0950632716343494,0.134177977342221
1498,0.105432664247929,0.157985773263791,0.14153200744239,0.134834265317223,0.0832451730893362,0.110581466016154,0.0958574317751943,0.135003871864276
1499,0.105962649814194,0.158621153387583,0.142280638212333,0.135428767449918,0.0838577323879066,0.111197660910238,0.0966376542451453,0.135804838538383
1500,0.106503776544759,0.159247217960312,0.143025756991539,0.136016878961996,0.0844665896792661,0.111817570449673,0.0973973498176576,0.136593410345095
1501,0.107032098552352,0.159877338720802,0.143769959295814,0.136610801799811,0.0850896753670716,0.112432361325607,0.0981871363992539,0.137399238300601
1502,0.10753623560017,0.160482681189537,0.144511635514085,0.137195954958965,0.085713929384962,0.113043602581838,0.0989947342805381,0.138199394923151
1503,0.108061907817463,0.16111658124931,0.145255088912639,0.137788715550449,0.0863431018491861,0.11366829675498,0.0998040085617545,0.139009744307418
1504,0.108596796084693,0.161780218178376,0.145991222432292,0.138400715863958,0.0869812356404745,0.114292818722841,0.100638411541369,0.139849609310308
1505,0.109126597416642,0.16242432352693,0.146740492018543,0.139001754720724,0.0876297668832388,0.114924580998847,0.101464206976663,0.140664285372392
1506,0.10966530723348,0.163068429047762,0.147504561927159,0.139587255176278,0.0882924251788005,0.115582985190679,0.102283670357248,0.141456764947537
1507,0.110206978131764,0.163719223848749,0.148262019722523,0.140185987549456,0.0889455631874159,0.116225867563141,0.103108213954304,0.142272352839038
1508,0.11075060715384,0.164369051317133,0.149023875576656,0.140799937580433,0.0896085492466845,0.116864866781759,0.103943083358053,0.143090784603364
1509,0.111285119930947,0.165012948107756,0.149787391561266,0.141385812432536,0.0902604371529073,0.117491723501544,0.1047651755906,0.143908872276514
1510,0.111829786626428,0.165651683915484,0.150538113043132,0.14197336803769,0.0909126014320637,0.118116091708252,0.105575179350488,0.144750657744593
1511,0.11236167736576,0.166301052592507,0.151259454750682,0.142600275223695,0.0915561848496748,0.118738171966166,0.106388779005616,0.145589043254546
1512,0.11287171480156,0.166935663009033,0.152001865021231,0.143208983896887,0.0921972807056644,0.119374036487101,0.107222859843079,0.146416381637337
1513,0.113392831495917,0.167558452671729,0.152758501873863,0.143808811200736,0.092868518023175,0.120018555054714,0.108065001585865,0.147245298401275
1514,0.113947564736418,0.168223551333258,0.153507906186768,0.144408575282003,0.0935327399887712,0.120657574284329,0.108912358824536,0.148086808388518
1515,0.114502045191966,0.168890245926742,0.154269261828158,0.144998049233739,0.0941840045513649,0.121289485838212,0.109779316595783,0.148923157694535
1516,0.115052232714847,0.169529129957738,0.155019066870649,0.145571010403003,0.0948563485377216,0.121930645481743,0.110633085850818,0.149731454106042
1517,0.11559580024085,0.17017971643914,0.155746498886129,0.146152796089303,0.0955072767293689,0.122556743384605,0.111466966342633,0.150542784721858
1518,0.116098332223657,0.170812091337428,0.156478474327354,0.146752688181435,0.0961448640254601,0.123175812723671,0.112310702179944,0.151346542456811
1519,0.116596793803546,0.171410753519642,0.157219754582485,0.147344848698791,0.0968194919634104,0.123829599530448,0.11316734248644,0.152129486421859
1520,0.117131018256539,0.172014681894613,0.157959375803692,0.147938331746622,0.0975038819621461,0.124476711975558,0.114037760329205,0.152937032493469
1521,0.117667450440868,0.172627853033887,0.158691297273136,0.148510484905458,0.0981659782384532,0.125112855940867,0.114902039873809,0.153763583790867
1522,0.118197919105169,0.173225027924619,0.159410061586098,0.149070906605464,0.0988217173207765,0.12574987951588,0.115747955413369,0.154571581780958
1523,0.118731966505431,0.173822784948571,0.160136136059542,0.14964907727375,0.0994777188360853,0.126362113725104,0.116612092351142,0.155388895133189
1524,0.11925677708913,0.17444701257547,0.160876340803644,0.150236527093069,0.100124424250404,0.126971662189942,0.117481170303489,0.156222731800673
1525,0.119776885001472,0.175054647769482,0.161591379847068,0.150830085782543,0.100787451176441,0.127595373498081,0.118345080155113,0.157015669855729
1526,0.12028400822742,0.175649378132243,0.162300470831968,0.151400903393975,0.101459701338921,0.128214668864727,0.119242857735883,0.157802136531647
1527,0.120792473514655,0.176248202677999,0.163019797390059,0.151951244394806,0.1021182480361,0.128845969357396,0.120123389182275,0.158612105335783
1528,0.121305571228761,0.17683949353057,0.1637214419983,0.152488985792092,0.102787128996154,0.129484961574406,0.120966822148012,0.159391858691535
1529,0.121819825627419,0.177437553217078,0.164425093904402,0.153016679792886,0.103448315509176,0.130103497162257,0.121819821043981,0.160189214426111
1530,0.122355105405167,0.178037471280277,0.165128959216475,0.153571897348648,0.104104611077849,0.13072114958244,0.122663539798225,0.161009062596657
1531,0.122881999525593,0.178639856988209,0.16582151232904,0.154139240968448,0.104779398712818,0.131348658595259,0.123508266518173,0.161789744263639
1532,0.123384568211887,0.179224718715194,0.166500445078662,0.154690158986453,0.105429192633658,0.131953421110054,0.124364029124658,0.162565200386696
1533,0.123864853181744,0.179789468286193,0.167172430870348,0.155230622194018,0.106061581821974,0.132529907297753,0.125211606005068,0.163347374761518
1534,0.124338136187185,0.180354251452349,0.16785724179639,0.155761292593762,0.106706465601568,0.133129887633981,0.126061403476849,0.16412310341066
1535,0.124821943561585,0.180914176718172,0.168532420101501,0.156282016744358,0.107339100991779,0.133738889145262,0.126908819236068,0.164892275508934
1536,0.125306758788243,0.181480753565052,0.169187683032435,0.15680000087599,0.107985526950625,0.134330105117684,0.127756011620587,0.165665817733078
1537,0.12580820679675,0.182044148584165,0.169850466409925,0.157324337993375,0.108654134432774,0.134932187318062,0.128618382436977,0.166447656105918
1538,0.126300844084312,0.182603696121499,0.170515363572281,0.157839685402774,0.109288753004164,0.135520922158378,0.129476299986193,0.1672136531089
1539,0.126806616365707,0.183171164652808,0.171182378886426,0.158349500242129,0.109910656057905,0.13609148557735,0.130350129137013,0.167967600570386
1540,0.127281159279616,0.183719728900389,0.171830519313108,0.15885557950565,0.110544417286575,0.13667473931994,0.131186866277098,0.168729038511863
1541,0.127732930488728,0.184250232071705,0.172475352164791,0.159359051399924,0.1111614536099,0.137261276575664,0.13199998295537,0.169488916516054
1542,0.128191591988825,0.184793362511612,0.173122406645937,0.159856169272233,0.111787888014613,0.13784744791597,0.132830243525142,0.170237980828871
1543,0.128637687512887,0.185331682330793,0.173753374017237,0.160349706022233,0.112436491358865,0.138442208380775,0.133649148561027,0.170988621088171
1544,0.129101179972339,0.185875952968837,0.174391868853395,0.160836452199384,0.113065312838085,0.139023414889063,0.134469814583359,0.171728358042224
1545,0.129580002897781,0.186443454565192,0.175053848426953,0.161315013767902,0.113677957390565,0.139600222837957,0.135307095816964,0.172461216225578
1546,0.130038138001496,0.186963527211236,0.175673555893214,0.161794432764441,0.114294583472784,0.140164081600722,0.136129657185916,0.173180210347636
1547,0.130489484229861,0.187457096715654,0.176260799971184,0.162268810200709,0.114918801075544,0.140715742910354,0.136936182529754,0.173887615468757
1548,0.13093789885287,0.187963512023272,0.176873949309423,0.162743865184365,0.115522965226224,0.141268812652091,0.137741792897403,0.174587095515808
1549,0.131378521258039,0.188447092492272,0.17748554433461,0.163222818642903,0.116110525655165,0.141821260102291,0.138552693756468,0.175270310329368
1550,0.131816820536421,0.188943451445723,0.178083974054123,0.163683187385793,0.116705870403197,0.142358339931218,0.139350376582013,0.175954396809121
1551,0.132259703680038,0.189459923630291,0.178693233796885,0.164135048202711,0.117293806298532,0.142875472462595,0.140129771122313,0.176636956722243
1552,0.132688973417893,0.189953634328474,0.179282545374676,0.164586874995723,0.117884050060518,0.143418811779482,0.140915656740058,0.177321704516977
1553,0.133097828823465,0.19042931782536,0.179843959999594,0.165031100981712,0.118485759433065,0.143968252887949,0.141705759909073,0.178000557609248
1554,0.133519311162358,0.190916047498928,0.180416547443897,0.165465801750434,0.119066114263328,0.144502557199347,0.142484693435138,0.178671097042904
1555,0.133950581751276,0.191407113611249,0.180995078990078,0.165894812801149,0.119633783344255,0.145058337815562,0.143260516052009,0.179345378126533
1556,0.1343618480073,0.191884200774583,0.18156161478204,0.166325110160956,0.120203806808974,0.145581535247091,0.144024830697353,0.18000609568368
1557,0.134768218457151,0.192362177435652,0.18212426892497,0.166746683489846,0.120765269944493,0.146061808768399,0.144773816597118,0.180653522207636
1558,0.135165954638952,0.192827542862643,0.182670394504411,0.167165992459351,0.12132104807708,0.146571500492724,0.145529811971584,0.181301328465449
1559,0.13554613096473,0.193274555594195,0.183205751406907,0.167588676319898,0.121876473503318,0.147099168978126,0.146286660476747,0.181943602756962
1560,0.135929627427479,0.193727284630972,0.183738096856851,0.168004302297946,0.122422778565845,0.147598294824346,0.147034350707217,0.182581847619494
1561,0.136308853021774,0.194185656907958,0.184252693807965,0.168414188790119,0.122956643792246,0.148090269871149,0.14779394319083,0.183223205702752
1562,0.136693495710303,0.194618564137331,0.184773925751031,0.168811212897368,0.123496452593889,0.148576322202807,0.148514897860025,0.183842570115743
1563,0.137081147565649,0.195030721066883,0.185297225964797,0.169207008038704,0.124046105775869,0.149037206055592,0.149194545994757,0.184452906895346
1564,0.137456777354862,0.195458005491706,0.185813612559057,0.169589863269874,0.124563912560561,0.14950989379491,0.14990242877942,0.185048510772645
1565,0.137835738463047,0.195883209840911,0.186338366073272,0.169948785911006,0.125057968516682,0.149994094133951,0.150605714801967,0.185611630292415
1566,0.138201617589788,0.196300204800066,0.186836704314442,0.170317514392524,0.125572327689288,0.150466526901052,0.151306771850756,0.186193128138634
1567,0.138552807237442,0.196724581432694,0.187312720262357,0.170688163897592,0.126077898378258,0.150934650941252,0.152036160915785,0.186782428282073
1568,0.138902721448123,0.197137355428696,0.187800188060499,0.171051386463123,0.126581581483349,0.151392436177985,0.152724533310553,0.187362418925952
1569,0.139245997046441,0.197529539055418,0.188273818575936,0.171411942972763,0.127105670238544,0.15184222655426,0.153383451773255,0.18793919014129
1570,0.139584174061192,0.197922490273834,0.188747493048531,0.171766019495022,0.12760364480221,0.152285297005568,0.154041823643467,0.188519579491216
1571,0.139910689499008,0.198325890029835,0.189243083739946,0.172116187143953,0.128076930381833,0.152710231198392,0.154675601038912,0.189105187562353
1572,0.140246706083705,0.198708204324112,0.189708085835359,0.172460761835077,0.128556328871267,0.153153025658941,0.1553237282766,0.189664288084283
1573,0.140592076153998,0.199065330228921,0.190145636523533,0.172801707007787,0.129036328337883,0.153617779723433,0.155971395660846,0.190217349186574
1574,0.140921561934637,0.199440758968738,0.190592193741979,0.173134926510518,0.12950840400382,0.154044210448518,0.15662047505567,0.190760761638716
1575,0.141250160985711,0.199815252786062,0.191028974568833,0.173459667071095,0.129976490570998,0.154461185350767,0.15728869217184,0.191285702556987
1576,0.141569219508378,0.200185319575096,0.191464857167763,0.173777589500343,0.130431995336194,0.154869616367649,0.15792645401021,0.191794914494674
1577,0.141870568024678,0.200578587488277,0.191910657076167,0.174076711951638,0.130887331314965,0.155238477221112,0.158548617672585,0.192295654487567
1578,0.142173753053915,0.200934900318028,0.192334624728418,0.17439511853644,0.131319306371719,0.155624802648702,0.15916410509949,0.192793388732204
1579,0.142473155249225,0.20125705134251,0.192744965031598,0.174730631539398,0.131712927831239,0.156021898337205,0.159760569286312,0.193266016270709
1580,0.142775034791322,0.201593492270563,0.193148671758554,0.175041852991689,0.13213923005761,0.156416480929592,0.160360019127566,0.193747925908252
1581,0.143076121450871,0.201918391670195,0.193523852765629,0.175354032986366,0.13256563008708,0.156816208792923,0.160962819083877,0.194241972615019
1582,0.143372752961303,0.202244316080785,0.193923863901481,0.175655718054042,0.132990520590214,0.157200285570663,0.161547416211844,0.194713969654723
1583,0.143672243284613,0.202578276993603,0.19434432675042,0.175929523015177,0.133446039492406,0.15757400686788,0.162115950437154,0.195156826599123
1584,0.143965471050454,0.20290986002887,0.194743229014737,0.176214846844386,0.133874516405197,0.157953076145529,0.162681549520897,0.19563346519095
1585,0.144253392748579,0.203238028117668,0.195150200614795,0.176505588505336,0.134282221147393,0.158326397259585,0.163238708063234,0.19613630735458
1586,0.144530132022205,0.203558338724427,0.195533623523956,0.176792165985854,0.13468893211956,0.158692719618529,0.163790136487066,0.196604210661988
1587,0.144795835814471,0.20387333178452,0.195872845724231,0.177073541905709,0.135087561782228,0.159069035662798,0.164338238080522,0.197081083330045
1588,0.145067302028593,0.204191406167286,0.196241548785241,0.177359149295048,0.135483501957015,0.159426179694517,0.164880076971709,0.197531523569107
1589,0.1453363418359,0.204504921321184,0.196633331347022,0.177664356212248,0.13587308987004,0.15976062035835,0.165410767423196,0.197933360142731
1590,0.145601967758548,0.204812566206145,0.196998560177721,0.17793321143629,0.136262238608469,0.160100508225015,0.165936922302406,0.198350983201095
1591,0.145875110514194,0.205127503729623,0.19736314130652,0.178176240294655,0.13665444849939,0.16043112142642,0.16645916954829,0.198770423665512
1592,0.146134930729201,0.205433204035345,0.197720358802985,0.178430433211043,0.137031353075965,0.160773776655815,0.166979772444898,0.199192013521895
1593,0.146375358639789,0.205726295898712,0.198046243300466,0.178660424833543,0.137393648955065,0.161131434181181,0.167497866700635,0.199611295769317
1594,0.146622622093972,0.206019706053223,0.198385786493321,0.178907116586659,0.137759614232516,0.161463932491024,0.168003314058734,0.200031067558642
1595,0.146877558424229,0.206315818543322,0.198756984351179,0.17918953998291,0.138126800538162,0.161798598726405,0.168506057142479,0.200462880275155
1596,0.147115112876905,0.20659877520426,0.199081974271219,0.17943607412965,0.138479869056496,0.162114031206466,0.168996134884608,0.200872104519938
1597,0.147333735017026,0.206874250055649,0.199372450466315,0.179658699104267,0.138826628746724,0.162390431110658,0.169467182988695,0.201275101952792
1598,0.147573524682825,0.207138829130757,0.199678267708198,0.179889327126586,0.139170331650277,0.162686797727816,0.169943741746997,0.201663256187914
1599,0.147821293024706,0.207381232053778,0.199952046284268,0.180097890638228,0.139499646174158,0.162989950071007,0.17042159114611,0.202025228041687
1600,0.148053319360985,0.207638470948911,0.200250743293845,0.180324085711578,0.139828005834903,0.163282694753907,0.170883793222274,0.20240045392544
1601,0.148293767406907,0.207899367607388,0.200584489192219,0.180572204805363,0.140157875088944,0.163576876463978,0.171336921784105,0.202772088500257
1602,0.148524778983817,0.208154544087684,0.200894897631791,0.180803794675797,0.140481731944594,0.163867370386376,0.171785575919641,0.203141173012796
1603,0.148732184455156,0.208423092188218,0.201206100601796,0.181038755360759,0.140799972575152,0.164146195837289,0.172225681652242,0.203514379705784
1604,0.148948511929451,0.208676025868641,0.201505668003685,0.181261744362528,0.141110874238917,0.164432158954811,0.172661223124378,0.203879271883314
1605,0.149176472769946,0.208911729756198,0.201792209273758,0.181461567044799,0.14142093695257,0.164728324312865,0.173088397905317,0.204242608891014
1606,0.149391059052115,0.209143883625746,0.202072883504806,0.181677827269236,0.141719751976622,0.165009770707953,0.173518514853143,0.204598350993978
1607,0.149591865680842,0.209363185913021,0.202330996145061,0.181904179385986,0.141997680026427,0.165280384178568,0.173945022519172,0.20494923740936
1608,0.14979884409597,0.209592668962717,0.202607875295379,0.182112991605767,0.142288819173188,0.165555364002441,0.174364909898879,0.205294191521297
1609,0.150019291546445,0.209825793174419,0.202901809514102,0.182318804761237,0.14258339731874,0.165827466867238,0.174784203633446,0.205619313274203
1610,0.150213341928007,0.210055296985714,0.203172171293313,0.182525134326147,0.14287080216154,0.166093745800512,0.175199650075112,0.205953781064061
1611,0.150386150032995,0.210286613144901,0.20344083045621,0.182718737425692,0.143161953593166,0.166362871005025,0.175615917823114,0.206301081280721
1612,0.150571907988538,0.210516689000206,0.203707218512039,0.182915414178351,0.143448940473093,0.166625069847558,0.176016305531487,0.206631214768186
1613,0.15074108682316,0.210748570215662,0.203941724747691,0.183119537395543,0.14372958998114,0.166879428251124,0.176407467106896,0.206958286953266
1614,0.150920447445263,0.210965672958231,0.20419872120853,0.183318912323474,0.144007579312093,0.167128990625637,0.176792676884293,0.207276912180631
1615,0.151122978009579,0.211183205578457,0.204486872073864,0.183516292552403,0.144283217348717,0.167366165363152,0.177155148544271,0.20758119807344
1616,0.151309328886304,0.211390098703915,0.204746568565871,0.183704181552114,0.144556744692644,0.16761662010587,0.177530188983476,0.207879266550426
1617,0.151495342514404,0.211566636854979,0.204999387468762,0.183888764973639,0.144833669961584,0.167873868982422,0.177919779502166,0.208162760270489
1618,0.151663158330126,0.211763063814758,0.205247223612635,0.184068015766391,0.145090262350804,0.168117712549589,0.178291712999615,0.208464716937839
1619,0.151812714211692,0.211975774182447,0.205470870799927,0.184227020172978,0.145330954684163,0.168372556870436,0.178652556591249,0.208779287699631
1620,0.151967398851327,0.212171656175317,0.205704976612116,0.184401387509167,0.145582170680092,0.168612270182382,0.179014832778046,0.209067397211925
1621,0.152109978696136,0.2123696992295,0.205947282175952,0.184593435459571,0.145828308162493,0.168823170729537,0.179374000778453,0.209354824411555
1622,0.152253071683924,0.212558202520566,0.206181639771484,0.184765728564646,0.146065130290517,0.169047382192468,0.179721590501456,0.209635513731492
1623,0.152405396798619,0.212722459663775,0.206417911202528,0.184938432505209,0.146308324837125,0.169280022354795,0.180057544237634,0.20987895482741
1624,0.152545197779016,0.212900605819368,0.206645665220283,0.185096589758981,0.146538960171428,0.169499713473256,0.180405310336211,0.210149348678281
1625,0.152666250489529,0.21308651453729,0.206862981073261,0.185222102515424,0.146747418101813,0.169715685550567,0.180752905237321,0.210447658995955
1626,0.152799844400584,0.213267017169618,0.207081252048416,0.185371568977388,0.146962365839372,0.169930895572267,0.181089201157877,0.210723849757857
1627,0.152931098813554,0.213461846614775,0.207296431545362,0.185534675167517,0.14717906077695,0.17014276093265,0.181452754287105,0.21100109289066
1628,0.1530722698857,0.213629095709876,0.207506647532389,0.185685024651406,0.147395307120006,0.170341671030796,0.181772162938838,0.211264140884623
1629,0.153239180372348,0.213762794416903,0.207704372760823,0.185840798939338,0.147611646314857,0.17053281468528,0.182041141880617,0.211503977597699
1630,0.153377114527375,0.213921573933156,0.2079173921408,0.185989334607909,0.147819813028453,0.170726412845067,0.182331234352986,0.211753117491842
1631,0.153506408406346,0.214073859574651,0.208144502503544,0.186126307270034,0.14802203319716,0.17089986920702,0.182598052230007,0.212000485298334
1632,0.153627395802291,0.214238757311391,0.208352541264741,0.186260950161082,0.148227750881004,0.17109155949492,0.182887668414378,0.212248118202705
1633,0.153713366933099,0.214437164707668,0.208562483930215,0.18639162182638,0.148439391391384,0.171306540317925,0.183220295629782,0.212507452710884
1634,0.153828433801705,0.214611852901315,0.208767418750409,0.186523883227595,0.148633127838199,0.171502085715613,0.183508845868496,0.212747738774232
1635,0.153961010314494,0.214773185822716,0.20895796887894,0.186653955970837,0.148816780278909,0.171691226458904,0.183771634708375,0.212973313518554
1636,0.15408341055261,0.214939438333379,0.209144640326742,0.186779488531732,0.149004451215281,0.17188457823325,0.184049440884135,0.213200064021656
1637,0.154217018423556,0.215111483194884,0.209333805225097,0.186904861003593,0.149176884768732,0.172072873140255,0.184310046861516,0.213417687135143
1638,0.15433921251163,0.215262221809241,0.209513679584665,0.187029949446361,0.149354147413316,0.172257178412243,0.184574858014889,0.213633476583396
1639,0.154449988202737,0.21539567806942,0.209670497308877,0.187155440710955,0.149547296903933,0.17245272758451,0.184864121548608,0.213844117300286
1640,0.154559058662543,0.215539693959307,0.209842795495732,0.187265464090335,0.149723863199856,0.172628587053071,0.185133362998447,0.214060219135055
1641,0.154659625026086,0.215673116882758,0.210029655335949,0.187361391904993,0.149871767146666,0.172779639194744,0.185391019352381,0.214276640611441
1642,0.154770265976266,0.215806192005532,0.210198811543502,0.187473305816831,0.150049153081372,0.172940858121288,0.185632891828988,0.214489858219027
1643,0.154873781228845,0.215950714189276,0.210365521832806,0.18757276356471,0.15024720467616,0.173101980799147,0.185849358798072,0.214717896799484
1644,0.154993035476082,0.216090026750996,0.210528420786565,0.187688591803278,0.150427017124806,0.173258674946651,0.186088235997088,0.2149243003291
1645,0.155136323163823,0.216219672544312,0.210671990748459,0.187843342793226,0.150622690708242,0.173410487831956,0.186335650440998,0.215106221988355
1646,0.155263722818698,0.216349665378623,0.210826679706763,0.187961730126973,0.150798678681428,0.173573517731862,0.186560962208994,0.215299262864349
1647,0.155399102455092,0.216492208640183,0.210993074623028,0.188063647887044,0.150945443357445,0.173749034720632,0.186784508786563,0.215488113624301
1648,0.155513666902928,0.216612546020324,0.211145674955885,0.188168051177409,0.151100638668545,0.173900518794148,0.187011770326901,0.215677005162026
1649,0.155606271366313,0.216708120355713,0.211295314172066,0.188249338638446,0.151271737114318,0.174039377462712,0.18722457210043,0.215881088286121
1650,0.155707488189062,0.216818136655905,0.211441205857887,0.188346745612984,0.151406643909109,0.174192580373657,0.187431994476154,0.216061465029905
1651,0.155794252520969,0.216922603300918,0.211571645345897,0.188458339712242,0.151494980999393,0.174337289053164,0.187646571213027,0.216220763846893
1652,0.155898338022929,0.217032816015106,0.211714132783727,0.188560579844992,0.151631929834757,0.174479668145425,0.187860153473915,0.216389335071928
1653,0.156038582912977,0.217166823075843,0.211876022653742,0.188664978077208,0.151778597213087,0.174644752478779,0.188055093627504,0.216555600714776
1654,0.156127024730211,0.217269509544178,0.212005699387892,0.188762273550471,0.151918812383377,0.1747885053899,0.188255713639418,0.216715578353392
1655,0.156196028061838,0.217341432128759,0.212117547089057,0.188843741305805,0.152105715186484,0.174905385364216,0.188483087733486,0.216872449939689
1656,0.156258417629493,0.217441404930054,0.212239448079285,0.188944276296721,0.152244927663987,0.175032152117015,0.188680232543427,0.217032007689132
1657,0.156272395830113,0.217539171272677,0.212337763282244,0.18905530496092,0.152333204931327,0.175164512175179,0.188844415557159,0.217182971494517
1658,0.15631789065385,0.217642283816496,0.212456496738746,0.18915800955752,0.152445239794952,0.175287151820965,0.189028394306552,0.21733607698548
1659,0.156386508819202,0.217785672219651,0.212607441878946,0.18927728527826,0.152560308481693,0.175404315698477,0.189224577060004,0.217506179567595
1660,0.156438123859199,0.217883061544638,0.212730412437099,0.189373246160495,0.152668986687424,0.175517312768422,0.189390703580747,0.21765481702443
1661,0.156494743961513,0.217949048738017,0.212840257757118,0.189444244306485,0.15278425859642,0.175618515526037,0.189552715435303,0.217786980176231
1662,0.156533120828391,0.218022495998919,0.212951451647831,0.189528020101299,0.152884157489125,0.175728473562769,0.189705874274252,0.217922470540403
1663,0.156536932722822,0.218072750232324,0.213055313089555,0.189608743253168,0.152964004444819,0.175846134946346,0.189811028106908,0.218052903542565
1664,0.156580173865814,0.218138993226017,0.213153888504462,0.189689356780224,0.153055354950469,0.175950192420525,0.189961846788584,0.218175947370813
1665,0.156643314984799,0.218213273241345,0.213243223911814,0.189779171716983,0.153143184409289,0.176050279044943,0.190149959554934,0.218287576376166
1666,0.156686655713539,0.21828828128267,0.213346341540482,0.189856333544879,0.153236422319063,0.176150608473703,0.190306594815103,0.218413730911908
1667,0.156742496722763,0.218374152137609,0.213459452593486,0.189926644468459,0.153349525043807,0.176236835054274,0.190477926558661,0.218541521489274
1668,0.156793565230563,0.218443190791928,0.213550605620173,0.18999167320677,0.153433203344403,0.176333742402049,0.19061621553607,0.218667292808912
1669,0.156832912876558,0.218506564790855,0.213642969041893,0.190044299485537,0.153504187687083,0.176449697489174,0.190720417937918,0.218822888725862
1670,0.156859758579599,0.218569604537019,0.213727372375354,0.190105262826932,0.153570569776426,0.176539704736284,0.190826571426392,0.218927661308748
1671,0.156880374041833,0.21862338297625,0.213787113491182,0.190165206933988,0.153613937251804,0.176620316199254,0.1909042248446,0.218987591358776
1672,0.15691493382073,0.218675333854314,0.213853750525315,0.19022563599789,0.153668188467074,0.176695075068563,0.191015113203086,0.219076994757544
1673,0.156935970432174,0.218730165827812,0.213923346137558,0.190290532049834,0.153720871386277,0.176750013129121,0.191151399877125,0.219151547542854
1674,0.156963358947786,0.218777229318098,0.213995139062347,0.190352431851674,0.153781905124447,0.176812305375847,0.191249702378578,0.219238853411893
1675,0.157016293941923,0.218806295799324,0.214063606595566,0.190420514104335,0.153845626441013,0.176872357171536,0.191353087386835,0.219365023130417
1676,0.157053872578805,0.218853929700197,0.21412988125811,0.190466964467182,0.153913014582598,0.176936558598705,0.19143825262673,0.219444822840065
1677,0.157072469379667,0.218917283521863,0.214212523054082,0.190491381499839,0.153999581054406,0.177007411732672,0.191473881902635,0.219489631532425
1678,0.157101001995702,0.218959882015457,0.214265641971258,0.190543174805658,0.154059700002345,0.177063897100245,0.19154500835188,0.219556268651469
1679,0.157143781112249,0.218998826174242,0.214292482055686,0.19059293992785,0.154114451263813,0.177120389102508,0.191637876109596,0.219614608295976
1680,0.157168618964214,0.219039028621657,0.214333032917836,0.190646306594436,0.154152537932019,0.177166050359382,0.191715035461311,0.219676326660902
1681,0.157173045264588,0.219071878754845,0.214360954342137,0.190730806355226,0.154158253885836,0.177190246613695,0.191806501452128,0.219752587182162
1682,0.157201409259318,0.219094580325933,0.214404085196634,0.190783952690758,0.154191965628985,0.177230980823365,0.191857358153271,0.219816594440434
1683,0.157241831433867,0.219119822580157,0.214472543799978,0.190814150747194,0.154235036084691,0.177284382008839,0.191880222962643,0.219873069424259
1684,0.157265241789153,0.219135080760189,0.21450451910391,0.190851252970773,0.154263104795211,0.17731357072445,0.191911416367581,0.219922005623758
1685,0.157300890100734,0.219128117992397,0.214523494501948,0.190894024065844,0.154310635193777,0.177333741650641,0.191920116378284,0.219972182532428
1686,0.157312534279967,0.21913274226451,0.214541032052817,0.190909857597704,0.154315248837459,0.177358545514791,0.19193750234535,0.220006681548759
1687,0.157286337894339,0.219147312262807,0.214531172050053,0.190895852800388,0.154277071438081,0.177366744136458,0.191966097813559,0.220018551034533
1688,0.157298362039497,0.219146322927858,0.21454500577833,0.190919979452965,0.154266936418316,0.177386439817312,0.19198166097259,0.220046163059347
1689,0.15732222631479,0.219129167969062,0.21457264691562,0.190953078428912,0.154246107014803,0.177429046667052,0.191986835288828,0.2200656378588
1690,0.157342536656346,0.219132982564219,0.214592792085953,0.190965137199365,0.154239551562226,0.177437468960597,0.191989234094512,0.220106789606842
1691,0.157386895728306,0.219139311085728,0.214622123147639,0.19099588989752,0.154253326150218,0.17742294406339,0.192003232613595,0.220193659481895
1692,0.157396998769096,0.219147628198984,0.214629121356971,0.191005679425682,0.154251238988404,0.177423915826158,0.191973357902557,0.220191251216435
1693,0.157381509086801,0.219179590899205,0.214626857756059,0.190973053009882,0.154247375919095,0.177414483091353,0.191908242847478,0.220148646242571
1694,0.157387907854726,0.219175881096144,0.214618276741399,0.190976196011146,0.15423358153056,0.177414550833187,0.191867585138039,0.220132686121536
1695,0.157396459161078,0.219151010164351,0.214588289579796,0.191009396662299,0.154218207753873,0.177441913766753,0.191810891322565,0.220070321289177
1696,0.15738943298611,0.219136466709138,0.21457745351323,0.19100831969067,0.154185840392668,0.177418196947798,0.191761074541269,0.22003605260511
1697,0.157388519158223,0.219107950010305,0.214576235395545,0.190993686574129,0.154136854667717,0.177358410007359,0.191739926688752,0.220047883397119
1698,0.157373224729949,0.21909305461173,0.21455931900445,0.190986967336748,0.154093515300983,0.177337742473034,0.191673353214831,0.220020928217224
1699,0.15732802361144,0.219093639536569,0.214549279673393,0.190972325315642,0.154037268202879,0.177310745442973,0.191578613701727,0.219959950219883
1700,0.157314308498201,0.21907170773325,0.214509353467416,0.190953073540996,0.153996947946642,0.177282434920197,0.191486036041481,0.219916794117074
1701,0.157322611184544,0.219047332776183,0.214444612421878,0.190934427339578,0.153969801481482,0.177293445446447,0.191370643226968,0.219885743075751
1702,0.157297012236936,0.2190027661368,0.214388684803925,0.190922998615832,0.153919380778574,0.177239382260354,0.191281131516784,0.219835318627697
1703,0.157259611923529,0.218933999674322,0.214324999273938,0.19091401067535,0.15387169741796,0.177131583572964,0.191201952495377,0.219776682119627
1704,0.157241445944834,0.218889080707913,0.214255479399641,0.190874542536348,0.153796961535486,0.177068198743437,0.191099943455574,0.219703651907716
1705,0.157215294764216,0.218842410932722,0.214181300790029,0.190832110284745,0.153694321796113,0.176998907585958,0.191004750736344,0.219619193626137
1706,0.157188249531165,0.218798342207768,0.214112682640353,0.190787094046678,0.153612409735638,0.176942430364385,0.190890051685883,0.219535816414282
1707,0.157185571334494,0.218774600307172,0.214037873732577,0.190707552778481,0.153526177169643,0.176913685214213,0.190748549981425,0.219441972106201
1708,0.157138817671139,0.218705389918039,0.213961659313149,0.19068487359084,0.153464723925295,0.176853681674737,0.190630048841944,0.219334488813313
1709,0.157068475308965,0.218621264958997,0.213891034833367,0.190651776728569,0.153364270969816,0.176773966025348,0.190499638466383,0.219232955861303
1710,0.157013951539415,0.218528990497156,0.213797630264109,0.190596915502874,0.153254808296909,0.176686285480574,0.190334800982712,0.219105989989352
1711,0.156967004315031,0.218445022119516,0.213697156273966,0.19052951779787,0.153144004693148,0.176594131523376,0.190170950991296,0.218991056406036
1712,0.156897985835617,0.218378851511268,0.213592334417257,0.190439590854518,0.15301583877739,0.176513910528337,0.189990945279755,0.218875178850982
1713,0.15684119655052,0.218326614768333,0.213489481259072,0.190364921664209,0.152901976107643,0.17642534640562,0.189801436397635,0.218738002440161
1714,0.156786880748678,0.218276231679016,0.213394033848662,0.190299145137308,0.152783752441448,0.176315702846427,0.189634110940578,0.21863596721181
1715,0.156700653764535,0.218201570704784,0.213284202313924,0.19023034854632,0.152648685453632,0.176204328270107,0.189451855447714,0.218531994707223
1716,0.156600283797185,0.218102025998371,0.213149339394955,0.190163294402398,0.152488805732021,0.176091403122648,0.189228354252316,0.218382515248986
1717,0.156508557927442,0.218006399445017,0.21302149865373,0.190077388666746,0.152329565754134,0.175963002161145,0.188996292120983,0.218225421883539
1718,0.15640863134581,0.2179022268363,0.212883124586762,0.189970827956051,0.152158349521797,0.17583341746678,0.188725312215111,0.218016410825394
1719,0.156301557758774,0.217793166202828,0.21273774328439,0.189861266667713,0.151982789366467,0.175699748474134,0.188462022797742,0.217812215034391
1720,0.156211503827875,0.217691839901936,0.212597183020724,0.189725855065428,0.151818566073677,0.175534883451107,0.188205304071794,0.217601785464173
1721,0.156097004740973,0.217572137940947,0.212452189726078,0.189615291812986,0.151630146357346,0.175385966528252,0.187939198125483,0.217412211189922
1722,0.155951611029057,0.217426565984605,0.212304458730323,0.189531408129753,0.151415495397359,0.175279385445055,0.187662241389377,0.217237935599921
1723,0.155808489869003,0.217292603125388,0.212134777940244,0.189417973434376,0.151200634055316,0.175119321218311,0.187381858284408,0.21703692334725
1724,0.155653116963494,0.217159377794036,0.211947101430353,0.189308309248674,0.150973925028142,0.174925484130708,0.187102046086897,0.216869918761912
1725,0.155501880988724,0.217017167526429,0.21176568795465,0.189180193959746,0.15073944133586,0.174739467152421,0.186804415676352,0.21664672317927
1726,0.155343998079184,0.216882074293942,0.21156747417668,0.189015578684537,0.150492186262968,0.174513472680208,0.186502475989443,0.21635534564032
1727,0.155198100869885,0.216732070898477,0.211373546096561,0.188859642619305,0.150261041284794,0.174307204903084,0.186187346598416,0.216081977275961
1728,0.155048799263065,0.216562830144624,0.211205076266599,0.188702965225831,0.150041971918796,0.174125723697589,0.185853654008175,0.215773729245141
1729,0.154921347918885,0.21639546952379,0.211007530654348,0.188545598214215,0.149797573158258,0.173930625311874,0.185513007551086,0.215489208967446
1730,0.154839667532202,0.216223011858678,0.210791125739094,0.188396194777205,0.149555201156052,0.173739828850189,0.185168430851291,0.215240948811737
1731,0.154705654754465,0.216048281053499,0.210561611050279,0.188219961585789,0.149295697844802,0.173523757703955,0.18479545123577,0.214955866527284
1732,0.154548485700666,0.215861095801305,0.210312496417912,0.188028479738566,0.149010364807857,0.173284903919743,0.18440431080508,0.214664660524176
1733,0.154404542657801,0.215690105302079,0.210059312660903,0.187836131212195,0.14871536443063,0.173055153577653,0.184001065816242,0.214360345377516
1734,0.154239262913763,0.215526698823437,0.20978226507806,0.187609358840065,0.148406175680107,0.172828325844312,0.18357158960857,0.214025323507092
1735,0.154073675293448,0.215360719561722,0.209523886940898,0.187415795616469,0.148108250728072,0.172575355418894,0.183142970463599,0.213690047388474
1736,0.153936585216642,0.21522517404482,0.20928142652314,0.187254474145559,0.147803049710149,0.172314136351156,0.182711297376363,0.213349388374057
1737,0.153765777282045,0.215047812553253,0.20901623051087,0.187063984793186,0.147490865677139,0.172050300517859,0.182259761528993,0.213009119435415
1738,0.153555848681785,0.214842985771985,0.208751582365228,0.186875762942536,0.147187785550643,0.171751323208694,0.181784329083118,0.212678628130547
1739,0.153354591029877,0.214634864932416,0.208473924157302,0.186672798706423,0.146871293106437,0.171464133042434,0.181320018212471,0.2123091835878
1740,0.15314877542182,0.214400206508496,0.208168977929223,0.186442912817979,0.146538110722337,0.171194672997362,0.180854723163545,0.211917815486543
1741,0.152937918766581,0.214171699125339,0.207869169413031,0.186221176338639,0.146203187945388,0.170910235846502,0.180374925472205,0.211521843792322
1742,0.152721573755108,0.213952419501569,0.20757466791108,0.1859931674545,0.145868650510499,0.170618911858359,0.179901037284379,0.211077257200727
1743,0.152504093042246,0.213713840519085,0.207269223530161,0.185779946774364,0.145523628827195,0.170317041156706,0.179408137470852,0.210676965952449
1744,0.152285209586665,0.213456473526803,0.206951264754195,0.185581523724811,0.145160569585426,0.170004473641908,0.178883691339154,0.210313458476447
1745,0.152064487569263,0.2132016282513,0.206641891299267,0.185361001428144,0.144804568249779,0.169693216094448,0.178376285241751,0.209919194892983
1746,0.151832542612673,0.212936143984725,0.206344602377598,0.185144234585442,0.144453967532757,0.169367537181991,0.177876362767887,0.209537227530073
1747,0.151614468524016,0.212675599569629,0.206008912955782,0.18491223827415,0.144089843303996,0.169052632835376,0.17735861162121,0.209110743181004
1748,0.151413487913316,0.212410511897683,0.205656752209385,0.184658451623402,0.143731541501214,0.168762813618612,0.176841093951036,0.208632047926059
1749,0.151175880661361,0.212162291649651,0.205295331332354,0.184399771870489,0.143338144505842,0.168426199801157,0.176296689527703,0.208197683967638
1750,0.150920966859818,0.211928119322762,0.204897807394423,0.18413708865564,0.142906218054784,0.168062766961832,0.175730717888633,0.207767060609184
1751,0.150681791186603,0.211669758682526,0.204525943824221,0.183868960228815,0.14251255809354,0.167709313826367,0.175166413889837,0.207328575653781
1752,0.150431021066806,0.211414047387727,0.204166392338276,0.183574943633893,0.142108773355474,0.167325179753708,0.174580817932239,0.206906059008976
1753,0.150183018018657,0.211157886753283,0.203802199058266,0.183315041454079,0.141728078469611,0.166972425833612,0.17401814898784,0.206476287080029
1754,0.149957147928387,0.210878619826548,0.203437585807977,0.183070912690647,0.141393323856253,0.166645515015321,0.173462102964578,0.206032400244495
1755,0.149697556499469,0.21065134760084,0.203076143849616,0.18282018022118,0.14099357549126,0.16630374076481,0.172889236002073,0.205578965421798
1756,0.149414300218487,0.21038521770059,0.202695007670033,0.182578856036342,0.140569937676032,0.165951371196141,0.172329353912525,0.205122388174725
1757,0.149149872691909,0.210097289508725,0.202335200116338,0.182310172758872,0.140150956608361,0.165597704188888,0.171786258742048,0.204644134104311
1758,0.148904920384056,0.209838727973384,0.202001104998418,0.182051366596681,0.139755763097149,0.165256754752216,0.171260845284054,0.204191224557653
1759,0.148686716507188,0.20954632560225,0.201651652945455,0.181804688800834,0.139375345605571,0.164920742421603,0.17072829078106,0.203774624405036
1760,0.148466142184255,0.209269995626733,0.201328350500444,0.18156996956557,0.139030193197604,0.164606898198242,0.170190566307965,0.203355619356572
1761,0.14824158184408,0.209026264366617,0.201029703968836,0.181338625305923,0.138677777976156,0.164315811052485,0.169662606718026,0.202940316116399
1762,0.148005483603201,0.208748733330119,0.200694782133935,0.181074619016172,0.138305808575354,0.163984810200853,0.169107469004236,0.202535338528194
1763,0.14774264187494,0.208481944506702,0.200357839338978,0.180826185507391,0.137931767605433,0.163637342863446,0.168558028858373,0.202108181371102
1764,0.147483919438152,0.20824508890998,0.200035384519596,0.180570377064319,0.137541856095457,0.163280837154306,0.168076351957016,0.201672052923801
1765,0.147260495491303,0.207999710515592,0.199684210125195,0.180290681538405,0.137152859998442,0.162897873621093,0.167600984988432,0.201263797755654
1766,0.147054906937796,0.207778573722708,0.199333223851178,0.180080674443109,0.136789880074404,0.162572888657588,0.167107477461748,0.200849625559509
1767,0.146860786132817,0.207571705478839,0.199006983154276,0.179889032883466,0.136457391072062,0.162287261773196,0.166642672446613,0.200460129580427
1768,0.146683054151958,0.20737267391497,0.198701895777666,0.17965741578431,0.13612980049057,0.162023013601875,0.166198840829444,0.200148889208214
1769,0.146489671517024,0.207175862744064,0.198411252659391,0.179474876970808,0.135806202504467,0.1617945727666,0.165753434645686,0.19981258880263
1770,0.146299252129384,0.206957774029988,0.198129262316606,0.179293269789052,0.135482886718903,0.161541062055208,0.165336540167069,0.199455028829245
1771,0.146110747161927,0.206775978365699,0.197876318125886,0.179059769055831,0.135155313410557,0.161284747834524,0.164942123750564,0.199112789586912
1772,0.145935364092681,0.206586118038217,0.197630092370165,0.178856282892308,0.134872507098922,0.161047347753548,0.164561816872437,0.198784984917453
1773,0.145745435811752,0.206412703574163,0.197406041707673,0.178637490641791,0.134642106917805,0.160819422203101,0.164201281483273,0.198486736258973
1774,0.14559943535283,0.206243687656862,0.197184321052288,0.178457790340996,0.134398495592256,0.160600445993152,0.163851798236331,0.198195337156746
1775,0.145486739094664,0.20603952122037,0.196960529437133,0.178323426705392,0.13416378425301,0.160401045136875,0.163527601058978,0.197907023407374
1776,0.145390027860095,0.205895388440065,0.196762080156978,0.178180116377552,0.13394593507965,0.160198619838414,0.163212190632926,0.197635603837957
1777,0.145353066172074,0.205815820776123,0.196582903021982,0.178039317551792,0.133725074659996,0.159983277136428,0.162880285709314,0.197365703938089
1778,0.145268080464855,0.205689913568084,0.196402672928095,0.177927651889675,0.133522395994557,0.159789919343352,0.162604886816807,0.197128026861702
1779,0.145168684203464,0.205565751702724,0.196240458510433,0.177830358770523,0.133355427011525,0.159604434431721,0.162372484551912,0.196913762965779
1780,0.145076794035346,0.205452796064033,0.196077848566724,0.177733981940996,0.133185297073293,0.159446112717903,0.162143393555282,0.196718719068048
1781,0.144951108869816,0.20528981501214,0.195902693853706,0.17767279715406,0.13300115746315,0.159304573604432,0.161958877007587,0.19655344528081
1782,0.144867305253362,0.205203053033162,0.195759452080643,0.177607112139359,0.132865661225404,0.159196595030531,0.16176970328356,0.196393560031649
1783,0.144807714307821,0.205188157798765,0.195636539870945,0.177529097651346,0.132761235490748,0.159128920328079,0.161567542416097,0.196242667524937
1784,0.144754656180015,0.205147018995586,0.195524099608867,0.177473465566585,0.132664610561904,0.159044060286648,0.161406815951283,0.196132711143616
1785,0.14472505648698,0.20512516640446,0.195430283131947,0.177440581561169,0.132605422337731,0.15898902451349,0.161273216590003,0.196065316140012
1786,0.1446735352938,0.205099697682657,0.195343013992324,0.177390477838896,0.132525138010315,0.158917576230357,0.1611484107375,0.195975297730303
1787,0.144620574512788,0.205059184370045,0.195274515235595,0.177331403072124,0.132434798871216,0.158815557186674,0.161047349831898,0.19590666115091
1788,0.144585011678198,0.205056542923601,0.1951984868061,0.177287356127343,0.132355607707071,0.158757630385351,0.160957135491901,0.195816617416205
1789,0.144547732079007,0.205074200438807,0.195113151940344,0.177241565216131,0.132282852116619,0.158714857771423,0.160871811902712,0.195688349279187
1790,0.144534944445771,0.205114806838158,0.195104871221332,0.17722840630044,0.132228389419131,0.158648187211447,0.160823986504215,0.19559865056686
1791,0.144538572971052,0.20516444597271,0.195084998806817,0.177254373267212,0.132199092467077,0.158647125928494,0.160800456072,0.195548421072622
1792,0.144565962907863,0.205193559437096,0.195077980811624,0.177289840952088,0.132194895255133,0.158640062685848,0.160784792495636,0.195552738415358
1793,0.14456749082405,0.205199005234605,0.195070693164929,0.177280361018939,0.132172823163972,0.158644492003057,0.160790827209682,0.195578632907554
1794,0.144597354484416,0.205203157159498,0.19503136183024,0.177283292612634,0.132172379138237,0.158691099871769,0.160803807664141,0.195644062936176
1795,0.144627982928858,0.20520492448396,0.19499875582134,0.177295393824105,0.132181220911657,0.158702626923939,0.160822382761533,0.19571243859625
1796,0.144653321136206,0.20520478500321,0.195009506916706,0.177276986735177,0.132193539296,0.158704116511739,0.160825916309665,0.195714265802614
1797,0.144702428493013,0.205279934498532,0.195049446632085,0.177299593395241,0.13221464530963,0.15870920016909,0.160853924684743,0.195731820876207
1798,0.144753228997529,0.205333752627266,0.195074451852986,0.177340002298788,0.132260237059523,0.158710900368434,0.160920880702352,0.195764446490636
1799,0.14479793715385,0.205367001065156,0.195107172387891,0.17736641210318,0.132311937100135,0.158736684074522,0.160964714869075,0.195760145121875
1800,0.144845656590236,0.205462978731614,0.195153492780305,0.177439948689448,0.132338973630017,0.158799339052163,0.161009953025198,0.195813295568089
1801,0.144845656590236,0.205462978731614,0.195153492780305,0.177439948689448,0.132338973630017,0.158799339052163,0.161009953025198,0.195813295568089
1802,0.144853327097541,0.205504720860852,0.195235271564143,0.177472718042482,0.132389136643099,0.158817054402072,0.161045847893134,0.195872215791881
1803,0.144857072319815,0.205548688161259,0.195330926236382,0.177473967616998,0.13248390951171,0.158955534105838,0.161102615537201,0.19598991063982
1804,0.144867546427146,0.20560400954838,0.195384613470717,0.177549725264842,0.132509980670863,0.159074827946427,0.161133560981669,0.196100958792255
1805,0.144883128497034,0.205626650712136,0.19540159206765,0.17761154316117,0.132495346288259,0.159125745110061,0.161225480320714,0.196166903112836
1806,0.144949212495859,0.205607878329506,0.195460220527143,0.177627058130609,0.132557407845513,0.159178978696193,0.161356914402727,0.196134056787663
1807,0.145103768739061,0.205647163677003,0.19550835127675,0.177670452259729,0.132628118630104,0.159237383961648,0.16143647111858,0.196094440350967
1808,0.145126385398317,0.205694200108996,0.195546088732419,0.177695284628436,0.132617861220936,0.159203930759653,0.161486314287384,0.196104519464052
1809,0.145012096911257,0.205732455587168,0.195617831726988,0.177686087846878,0.132540825556761,0.15910719740533,0.161506369591795,0.196180469290607
1810,0.144967330259851,0.205802660769313,0.19566728480629,0.177631021214894,0.132533134489744,0.159144437313833,0.161520384523439,0.196274767059781
1811,0.144965685756584,0.205842142304679,0.195684211082179,0.177636833360772,0.132550832814538,0.159158779149649,0.161560110159192,0.196311070404643
1812,0.144894325182571,0.205872656572819,0.195622997906421,0.17762811456735,0.132569494750877,0.159205228026373,0.161632437399372,0.196351052618874
1813,0.144849588040476,0.205824824890982,0.195566325567246,0.177640190195009,0.132556816374775,0.159165014975745,0.161699254254714,0.196360778299306
1814,0.144959494991844,0.205802026920279,0.195564420025618,0.177648469256705,0.132592229501209,0.159243036180311,0.161732880980292,0.196327147317948
1815,0.145056722762073,0.205878539077565,0.195564506246901,0.177737270784907,0.132635125554101,0.159284872072694,0.161754264903762,0.196332020332634
1816,0.145023794812495,0.205888013803403,0.195590303243727,0.17775061936761,0.132596215387142,0.159182319186193,0.161749414546313,0.196380807523535
1817,0.144959020290852,0.205818805937442,0.195618589737123,0.177648227884191,0.132557390289899,0.159164106228352,0.161742543376839,0.196367621644951
1818,0.144911986586307,0.205802757707667,0.195588187756222,0.177602066523268,0.132543087318444,0.15912068397648,0.161704633787689,0.196292525871078
1819,0.144868414357984,0.205740359361277,0.195556395165101,0.177543437819066,0.132495829449168,0.1590317886215,0.161666446527316,0.196198332578853
1820,0.144792023312793,0.205636472590131,0.195512211484968,0.17744377944322,0.132447878652585,0.159048630308185,0.161644750451167,0.196151402694825
1821,0.144705591672459,0.205603138055856,0.195436345789094,0.177357119834609,0.13236229071471,0.158997443602943,0.161542548599905,0.196087260225482
1822,0.144608259415223,0.205666734376508,0.195331212736775,0.177262561476393,0.132270540963949,0.158943795975655,0.161374921133649,0.196033342211857
1823,0.144541630433297,0.205726368320925,0.195258518998537,0.177171404695356,0.132177006863595,0.158837516329307,0.161203520494197,0.195964132372869
1824,0.144475019777452,0.205627951568765,0.195179202386542,0.177102298477186,0.132067576971253,0.158728222807615,0.161117181601228,0.195894431347015
1825,0.144387118292846,0.205473718290857,0.195008558733712,0.176991110523048,0.131915102094258,0.158604666590324,0.160992259150328,0.195763709102558
1826,0.144289435222747,0.205370950079962,0.194809177241623,0.176855449350184,0.131795277446541,0.158554351900077,0.160816591838423,0.195608727763466
1827,0.144202232320807,0.205296941076627,0.194719774536642,0.176782031224211,0.131671945021668,0.158459996069121,0.160671360164594,0.195464363134801
1828,0.144111428301849,0.205209934175913,0.194649991838951,0.176692083699623,0.131510505964267,0.158305251770999,0.160423254404854,0.195270790269056
1829,0.143959986596839,0.205098837228712,0.19449554424556,0.1765323903723,0.131353207001531,0.158153521387991,0.160085146643252,0.195094765980211
1830,0.143777783611912,0.204971879844246,0.194310279606049,0.176378968406975,0.131146085987744,0.157976152957811,0.159777026566522,0.194882085885614
1831,0.14357392112691,0.204824105806202,0.194124352216148,0.176241451984587,0.130903590880048,0.15775944828606,0.159500337229297,0.194676981597408
1832,0.143375762451231,0.204568645239127,0.193881541752633,0.176049394269155,0.130642997661771,0.157551995585309,0.159177916666172,0.194350538947028
1833,0.143118913637459,0.204291488123288,0.193588081797047,0.175774955211432,0.130385748543186,0.157347135647159,0.158797265333324,0.194042785091063
1834,0.142864797117526,0.204060079838,0.19332983009294,0.175533171016412,0.130065086290478,0.15706743469816,0.15841769627795,0.193773218977217
1835,0.142665642526687,0.203799932896308,0.19306782891053,0.175344867306795,0.129701884741521,0.156776769400793,0.158015310728891,0.193409786618662
1836,0.142386447032441,0.203523481557572,0.192734398039468,0.175097530241627,0.129338419858857,0.156451045133257,0.157568661951556,0.192998471512443
1837,0.142058664271453,0.203300598335547,0.192336369900314,0.174792098432968,0.128992396852637,0.156046948860816,0.15704443716396,0.192585424454441
1838,0.141822892545682,0.203019347914122,0.191934304593055,0.174506264131821,0.12864182775555,0.155720354738059,0.15652467885163,0.192127958250602
1839,0.141501108070509,0.20266275963004,0.191521053969049,0.17420194019108,0.128209586477959,0.155356644061114,0.155950515626635,0.191632435393758
1840,0.141129602095972,0.20219885536845,0.191130387877438,0.173877958210843,0.127752259626264,0.154987083570977,0.155300211754348,0.191131616750684
1841,0.140729321871672,0.201796520887414,0.190664913611918,0.173484083291925,0.127263270225349,0.154542253592396,0.154629736733093,0.190574609629372
1842,0.140294755631938,0.201377506380279,0.190186466247205,0.173068274760331,0.1267209766842,0.154081816291191,0.153966750353587,0.189978917642873
1843,0.139846646723433,0.200926222034631,0.189611994755853,0.172638616292718,0.126113629024529,0.153601865420911,0.153235179682923,0.189309787765377
1844,0.139370117825926,0.200484347226107,0.189005207609099,0.172168345117102,0.12549729582882,0.153013229971753,0.152382413200935,0.188645799072152
1845,0.138853951081026,0.199994965547387,0.188409038953667,0.171578394521838,0.124847147150458,0.152373479477631,0.151503558523844,0.187943587895514
1846,0.138286020232501,0.199342697970994,0.187726328498084,0.170960108809157,0.124155658019668,0.151713387526916,0.150615500503385,0.187122477791118
1847,0.137702944790212,0.198634349320671,0.187000587185957,0.170423677629743,0.123418992365497,0.151029242497177,0.149644592964597,0.18621031452177
1848,0.137072788210081,0.197927830994838,0.186201094125208,0.169790061122143,0.122614039155708,0.150267317245045,0.14855779897077,0.185263016956643
1849,0.136405832529046,0.19723360556778,0.185331471040426,0.169085795370093,0.121793858918277,0.149446939672525,0.14738953507016,0.184248551754116
1850,0.135690709727999,0.196424838228363,0.184373349022515,0.168354539967316,0.120892849262521,0.148584527931586,0.146181138260589,0.183133480041769
1851,0.134994433530614,0.195543351264254,0.183328397765542,0.167647404668961,0.119942839159126,0.147715975307548,0.144914443186563,0.181975870484054
1852,0.134120393382301,0.194649650378402,0.182269937237722,0.166776796055017,0.11885326259235,0.146677398169519,0.143493523658789,0.180706679178588
1853,0.133202288236487,0.193732663119501,0.181156526120716,0.165813818758549,0.117740048999081,0.145589787959453,0.141996450583985,0.179425996533185
1854,0.132292162132303,0.192664880143484,0.179927752529706,0.164844108449802,0.116526534517528,0.144511951698773,0.140465621029752,0.178026698443023
1855,0.131315290979544,0.191456127525127,0.178596250017074,0.163804434916626,0.115206040124317,0.14334239902987,0.138839536424176,0.176482438421881
1856,0.130297240388376,0.190224060637807,0.17720672397381,0.162678736202155,0.113867468937239,0.142093328936508,0.137087112169186,0.174971586762326
1857,0.12918027833184,0.188936131854888,0.175722946866839,0.161503346237144,0.112461493860732,0.140774002077365,0.135232829499493,0.173309121562771
1858,0.127973361619298,0.187559500539869,0.174140758243111,0.160328214123269,0.11102679016124,0.139403016251102,0.133320709142462,0.171465354048414
1859,0.126711975483779,0.186080677309312,0.172446304731968,0.158990938554242,0.109468040845333,0.137924002583263,0.131300830871256,0.169562050688372
1860,0.12540146538137,0.184599723316329,0.170677270506539,0.157543726008973,0.10781652364424,0.136365990826936,0.129130930983093,0.167645867828723
1861,0.123971593019196,0.182972774619971,0.168789992331469,0.156017304030538,0.106093213568922,0.134716206940919,0.126895464477346,0.165549795831046
1862,0.122447115685564,0.181215765824916,0.166772084744374,0.154396219425839,0.104251544873604,0.132963489450853,0.12460727103322,0.163272283481648
1863,0.120870446938827,0.179315151103013,0.164660856518365,0.15266432616213,0.102375387945229,0.13112568114729,0.122175614273355,0.160933764250878
1864,0.119175478238364,0.177358321206222,0.162451292626452,0.150845853147237,0.100486822659471,0.12928497111698,0.119675241968305,0.158577035021369
1865,0.117424177301548,0.175297813442023,0.160137642246212,0.14895499861385,0.0984830875203419,0.127307552146446,0.11717533845153,0.156084291456294
1866,0.115609989048441,0.173133913928827,0.157721336583823,0.146956802369527,0.09640189806819,0.125231146701233,0.114537001573618,0.153461890533229
1867,0.113725068611994,0.170841554839275,0.155203080398544,0.144837144630923,0.0942582989107959,0.123077680181657,0.111850551169579,0.150754871753797
1868,0.111781207296068,0.16848279545612,0.152558699328421,0.142677882609203,0.0920386969249024,0.120859585352646,0.109020450776191,0.147935442706266
1869,0.109788188312601,0.166036599238602,0.149752470912254,0.140451967185184,0.0896589432517995,0.118471036582068,0.105940914648427,0.144916941517647
1870,0.107714879878901,0.163497428411089,0.146932127962525,0.138111992410853,0.0873349651970582,0.116101258543931,0.102986415954678,0.141902982992214
1871,0.105572616497406,0.160875644809489,0.144054175442154,0.135686775820203,0.0850231642548317,0.113702594814996,0.099967473564775,0.138858434428834
1872,0.103342703066473,0.158132849318431,0.14101622857508,0.13318751810044,0.0825904924007001,0.111279891157048,0.0970286912713197,0.135687491523212
1873,0.101105924145051,0.155285350750196,0.137897003165421,0.130566313246227,0.0801220229673959,0.108739437598141,0.0941120115517189,0.132410618843
1874,0.098816453676416,0.152411363942873,0.134800257802623,0.127893980685236,0.0777124494073696,0.106173135782421,0.0911214167348989,0.129177647632351
1875,0.0964925699109035,0.149451031023158,0.131575795597069,0.12519679832218,0.0752683042694267,0.103641164803257,0.0880604592724193,0.12586779160681
1876,0.0941842580272439,0.146417436914404,0.128332012917798,0.122432774060296,0.0728232276970846,0.101059894229148,0.0850272757228262,0.122503295464185
1877,0.0918528398829456,0.143355051370195,0.125094862989816,0.119657001450844,0.0704150713412389,0.0984791466588975,0.0820837167420777,0.119158309614253
1878,0.0894781113870588,0.140232464127082,0.121855569172426,0.116825362902123,0.068024984943822,0.0958896419736842,0.0791922143540131,0.115751037899975
1879,0.0870977761037389,0.1370923796059,0.118590224823028,0.114002666361798,0.0656727107912309,0.0933211790627989,0.0763183099757609,0.112412202513894
1880,0.0846699044849788,0.133855938662309,0.115248342902533,0.111141080191452,0.0633207112285532,0.0906806699491911,0.0734171558306703,0.109080221869586
1881,0.0823000648207098,0.130670182951223,0.111974083537975,0.108287391342746,0.0610230025927434,0.0881296376656449,0.0706779947189406,0.105774696281788
1882,0.0799197411512376,0.127484657136801,0.108661398233404,0.105416273285029,0.0587257809468757,0.0855892770548005,0.0680076617300943,0.102440229259932
1883,0.0775503162628384,0.12426886813135,0.105447252927716,0.10252237393773,0.0565215454290404,0.0831303277224264,0.0653751159081963,0.0992217984555989
1884,0.075201332609337,0.121015219705094,0.102270867601234,0.0996283332577703,0.0544285347175802,0.0807190601207138,0.0628143944267941,0.0960581442750279
1885,0.0729613032877846,0.117862722827802,0.0991484824591041,0.0968111316184257,0.0523642395250884,0.078363732676936,0.0604631816454363,0.092939209167429
1886,0.0707727435051232,0.114789203582918,0.0961226308209154,0.094061416948077,0.0503868080153635,0.076099982063311,0.0581828666381829,0.0899495033172952
1887,0.0685867630232636,0.1117349140676,0.0931475361244708,0.0913316399388526,0.0484743666528024,0.0739080356563945,0.0559421444307058,0.0870713732046318
1888,0.0665204761667133,0.108768123810226,0.0902679612396095,0.0887075892202094,0.0466979849970853,0.0717732683778977,0.0538325958503767,0.0842925861750669
1889,0.0645541546885717,0.105896587960088,0.0874339509641443,0.0861396817316695,0.0449991886767682,0.0696776812553304,0.0518355449835985,0.0815534234727668
1890,0.0626563001031718,0.103083133343828,0.0847603920401377,0.0836741514583814,0.0433964885113403,0.0677199451216689,0.0500009271498026,0.0789992827011094
1891,0.0608119630818583,0.100258990223966,0.0821651652889339,0.0812773371222241,0.0419185242853662,0.0657964738049366,0.0482827019659047,0.0765916130010299
1892,0.0590832903965991,0.0976038287917007,0.079736939219738,0.0789958565990552,0.0405421602741862,0.0640439281166114,0.0466794418133972,0.0743034462079383
1893,0.0574765282531372,0.0950370829853724,0.0774572737241204,0.0767990541744246,0.0392907796046518,0.0624759721758265,0.0452895304037238,0.0721495913900916
1894,0.0558996705966102,0.0926246457775151,0.0753112797138222,0.074743840790546,0.0380416686619861,0.0609746544331038,0.0439491957743619,0.0701300253426944
1895,0.0543968904134597,0.0903327346592203,0.0733191333628509,0.0727934043071339,0.0369258225832714,0.0595343386187329,0.0426162365580958,0.0682172565928148
1896,0.0530733304256006,0.0882179081646311,0.0714600380348383,0.0709400640630141,0.0359162805277918,0.0582198028345565,0.0414138491556627,0.0664400955597828
1897,0.0518086249035471,0.0862101659987866,0.0697035737308254,0.0692032057197712,0.0349427743438319,0.0569753681911683,0.0403561492531803,0.0648300107118786
1898,0.050641336882717,0.0843604535949838,0.0680587209041248,0.0675633895982981,0.0339821338742566,0.0557960194349984,0.0394713928296696,0.0634156514786474
1899,0.0495406632538248,0.0825933389377257,0.0665849268335412,0.0660819436651273,0.0331779314615773,0.0547327162898095,0.0385885368563368,0.0620387134787962
1900,0.0485496969515817,0.0809513176560149,0.0652915145943849,0.0647772939952883,0.0325242114728518,0.0537898125547366,0.037822302253881,0.0608113320624087
1901,0.0476134561601145,0.0794207367367714,0.0640431075901105,0.063510224841653,0.0318711049803164,0.0529099728156511,0.0371194594393535,0.0596642973823519
1902,0.0467461603892708,0.0779632914425432,0.0629417971121203,0.062353138154255,0.0312911042305271,0.0521295316711131,0.0364552804477438,0.0585615304960702
1903,0.0459650202589539,0.0766889175739302,0.0619332319965381,0.0613175836280523,0.0307815357250189,0.0514174537128954,0.0358773689240838,0.0575989452953563
1904,0.0452968366392674,0.0756360507603268,0.0610267704471283,0.0603916205531125,0.0303529589870038,0.0508129777046197,0.0354606923331656,0.0568457733755031
1905,0.044637254894532,0.0746100758906481,0.0601522017498917,0.0595192560926417,0.0299343939302501,0.0502547635284117,0.0350265553246645,0.0560833148156279
1906,0.0440747013882487,0.0736272249302291,0.0593831168917699,0.0587285007128969,0.029541610018178,0.0497162834853199,0.0346059521739337,0.0553651835053879
1907,0.0436206380678908,0.072755497936394,0.0587627227118036,0.0580864707506471,0.0292255660772051,0.0492122347573356,0.034193647759236,0.0547308429327302
1908,0.0431374597017668,0.071970523195744,0.0581437947023179,0.0574360884382983,0.0289176935844911,0.048800380226694,0.0338760982667265,0.0541360258524493
1909,0.0426882945241123,0.0712288610511086,0.0575527959205796,0.0567824944308792,0.028583539206259,0.0484658985441506,0.0336229131660717,0.0535203353659174
1910,0.0423036838106113,0.0705494116717637,0.0570592287683696,0.0562690065118183,0.0283379550423436,0.0481291279254472,0.0333505305251139,0.0530694421583976
1911,0.0419347630484611,0.0700116925126826,0.0566826575382914,0.0558991898305208,0.0282193677643031,0.0478920770567622,0.033153211354513,0.0527887603614948
1912,0.041614546671699,0.0694894736741707,0.05629343241084,0.0555005199355321,0.0280251897127917,0.0476193508260805,0.0329361997195812,0.052449012243283
1913,0.0414282412083743,0.0689864075656255,0.0559520082414103,0.0551428275832738,0.0277866095948821,0.0472804381784438,0.0326624974234818,0.0521924557237834
1914,0.041178223824382,0.0685255152185919,0.0556391988405918,0.0548388180252027,0.0276303412839337,0.0470296294965963,0.0324561791602142,0.051927365190189
1915,0.0408901129423477,0.0681542463096841,0.0553311872031479,0.0545338392620332,0.0275036441353065,0.0468120325055532,0.0323297608321339,0.0516455136712224
1916,0.0406287798830282,0.067786397468761,0.0550856738624292,0.0543319109421097,0.0273793107025051,0.0466719622407788,0.0321622476045117,0.0513656285261124
1917,0.0404470232137286,0.0674677897022514,0.0548698581550966,0.0541170206418828,0.0272753383263175,0.0465284761175909,0.0320260325550631,0.0511485905712274
1918,0.0403117972678793,0.0671491263553184,0.0547282350536493,0.0539649151409881,0.0272656846183617,0.046437333852054,0.0319156820439611,0.0509718883027352
1919,0.0401490583167843,0.0669159089165634,0.0545468136053951,0.0538226931516802,0.0271757669166526,0.0463365085049448,0.0318198424247564,0.0508284328958215
1920,0.0400250743057615,0.0667855755331839,0.0543502429397489,0.0536975714004239,0.027007409102429,0.0462480110593426,0.0317086585614863,0.0507494492597176
1921,0.0399321074700878,0.0666214338676952,0.0542215412644696,0.0535704942031731,0.0269314956301765,0.0461690196833193,0.0316556133770634,0.0506388486169562
1922,0.0398236861854608,0.0664823815571492,0.0541254147547039,0.0534715836190557,0.026902750254931,0.0461041874286416,0.0317057291716031,0.0505586734022369
1923,0.0397391545562237,0.0663592209190195,0.0540264285702637,0.0533984497910647,0.0268422933588493,0.0460496774762554,0.0316579738232666,0.050458941107707
1924,0.0397253589024146,0.0662299129968323,0.0539729998071097,0.0533276063941394,0.0268010523117223,0.0460093507279227,0.0315554193640097,0.0502736136784162
1925,0.0397016386234499,0.0661384967495015,0.0539256822959738,0.0532597346216573,0.0267688389302189,0.0459689952214476,0.0315177941914168,0.0502019572020264
1926,0.0396779588366159,0.0660845176883087,0.0538409942720289,0.0531837245813073,0.0267075619688924,0.0459153684680827,0.0314819946293969,0.0502031525336846
1927,0.0396459722926421,0.0660476951944461,0.053824645611289,0.0531969898092451,0.0266682008313936,0.0459047740079812,0.031414625656189,0.0502305435446988
1928,0.0396022747520706,0.0660245425551761,0.0538149325293644,0.0532090882334101,0.0266662630895289,0.0459101845019631,0.03137658408425,0.0502045744449771
1929,0.0395461574318574,0.0660220441106467,0.0538571933635077,0.0532200951007918,0.0267193485922135,0.0459441571096922,0.0313906525353598,0.0501720503343787
1930,0.0395518332559898,0.0660353077302785,0.0538728438388009,0.0532553302820595,0.0267417839133061,0.0459579471255707,0.031406693966402,0.05022297390023
1931,0.0395431834785101,0.0660427403611126,0.0538809998762657,0.0533767650024698,0.0267966287368974,0.0459772295202351,0.0314213739015365,0.0503095315772557
1932,0.0395787910791252,0.0661115729104282,0.0539132665596677,0.0534224551664782,0.0268047506904073,0.0460165265077089,0.0314139627914527,0.0503269911527613
1933,0.0397456702631338,0.0662396450148911,0.0539342386675398,0.0533725679304924,0.0267282812199716,0.0460580189490112,0.0314083930723085,0.0503694906570172
1934,0.0398029835994613,0.0663473910057297,0.0540051115962212,0.0534404148341681,0.0267580178484903,0.0460974830862392,0.0314466183217283,0.050446770805696
1935,0.0397653931007762,0.0664990341167594,0.054135377817373,0.0535631110398997,0.0268847658716877,0.0461661940473566,0.0314865505386303,0.0504436717387459
1936,0.0398108577463508,0.0666334562470677,0.0542404407903078,0.0536669990540998,0.0269133575921979,0.0462278938754441,0.0315119734188644,0.0504885823414835
1937,0.0398719878057584,0.0667623497782008,0.0543514884456651,0.0537929611442,0.0269273585392667,0.0462844722390381,0.0315492017914525,0.0505755507250322
1938,0.0399167260743212,0.0668552484927133,0.0544820546516899,0.0539991965564474,0.0269581260983659,0.0463051682519302,0.0316549732389736,0.0508007118359408
1939,0.0399878219953051,0.0670173979721323,0.0546183190688359,0.0541426935447538,0.0270209822462052,0.0463869171294679,0.0316971579542349,0.0508960068392124
1940,0.0401279287726064,0.0672077013610498,0.0547349312929687,0.0542329857328055,0.0270236743884242,0.0465112421716548,0.0316412762811225,0.0508917855846378
1941,0.0402237290086297,0.0674028663079833,0.0548936483594444,0.0543751124703483,0.0270680004295265,0.0466033778206629,0.0317211433108605,0.0510109472138985
1942,0.0402647843057897,0.0676286808764177,0.0551100709248854,0.0545453221202256,0.0272150163170054,0.0466848226154812,0.0318978379751433,0.0511877615027866
1943,0.0403746716640183,0.0678560975025523,0.0552800474138661,0.0547081851474671,0.0272979683665338,0.0468067469101468,0.0319958631421466,0.0513240758880659
1944,0.0405398977200526,0.0680977717025285,0.0554080533420115,0.0548478930318394,0.0272848336078432,0.0469458075003165,0.0321302921157874,0.0514676117958085
1945,0.0406727892830451,0.0683335415013602,0.0556038942314883,0.0550462056252091,0.027355168314587,0.0470731060761,0.0322278160714386,0.0516516757127398
1946,0.0407962680291959,0.0685630871191636,0.0558380560776166,0.0553116929704011,0.0275083585115616,0.0472196820997277,0.0322001981640743,0.0518387408027287
1947,0.0409533488284925,0.0688236568538062,0.0560458671964322,0.0555272166781601,0.0276122877830972,0.0473795031897088,0.0322869178561845,0.0520217922610515
1948,0.0411217611793759,0.0690971580694031,0.056261733456762,0.0557399432126354,0.0277097119732155,0.0475419631300766,0.032416530550584,0.0522218154423964
1949,0.0412886615812309,0.0693744203005788,0.0565255584194303,0.0559684377712657,0.0278002130974798,0.0476855914305774,0.0326112504306133,0.0525008282467905
1950,0.0414583597049438,0.0696591338394035,0.0567502245956489,0.0562081783174671,0.0279216674698401,0.0478433651058193,0.0327458164127888,0.0526885288737751
1951,0.0416573128191787,0.0699603586657133,0.0569044629518709,0.0564108457656698,0.028035756510515,0.0480401679897586,0.0329352309300858,0.0527745459514874
1952,0.041848189042574,0.0702849132840422,0.0571598929983153,0.0566613030737882,0.0281599377171831,0.0482005184687674,0.0330511971499311,0.053000849818166
1953,0.0420195551635112,0.0706231804858454,0.05748443339194,0.05697247525365,0.0283236550967622,0.0483034047748876,0.0330664554581815,0.0533123319615761
1954,0.0422097752396318,0.0709563519179044,0.0577675189954951,0.0572546671259071,0.028466421874642,0.0484793744844213,0.03317421524617,0.0535362691982692
1955,0.042445455208943,0.0712970686777658,0.0580769667302762,0.0575241239489421,0.0286039959398412,0.0486997395158939,0.0333161562901656,0.053774828033076
1956,0.0426371332155242,0.0716712768293508,0.0583734479432891,0.0578057378885794,0.0287225861117758,0.0488963806944864,0.0334427817887606,0.0540208075795046
1957,0.0427771136799291,0.0720821492714908,0.0586524337204319,0.0581134473168845,0.0288103803491421,0.0491214275443116,0.033595110419039,0.0541625456028274
1958,0.0429658633410855,0.0724500676714012,0.0589290046873126,0.0583986607882972,0.0289404508018507,0.0493337439505403,0.0337455516923014,0.0543998553533734
1959,0.0431605747213824,0.0727967779216781,0.0591969537024011,0.0586572494523283,0.0290476673262148,0.0495381632311904,0.0339133798656628,0.0547412079507938
1960,0.0433677713742922,0.0732050826085216,0.059468241636519,0.0589333883719886,0.0292074110051703,0.0497088953936743,0.0340265497401756,0.0550804839377797
1961,0.0435762696682914,0.0735880559743559,0.0598008271994309,0.0592388738256193,0.0293565188486877,0.0499269291986835,0.0341710891647429,0.0553661017488266
1962,0.0438060291717152,0.0739241924944298,0.060158927796945,0.0595468298914463,0.0295525466950308,0.050179531185973,0.0343286505745171,0.0556444064138729
1963,0.044048175332475,0.0743036865222542,0.0604996158023838,0.0598732192509641,0.029716234211791,0.050397345819412,0.0344850443663523,0.0559182351402588
1964,0.0442982243989255,0.0747189589106353,0.0608880215443618,0.0602488510514652,0.0298657860402183,0.0505995245380392,0.0346164800413867,0.056124703000076
1965,0.0445398656154175,0.0751393638649221,0.0612573929835201,0.0605953173317326,0.0300158501038657,0.0508322712852126,0.0347957484326298,0.0564115938323489
1966,0.0448176088236188,0.07558097699649,0.0615880991505464,0.0609213772489091,0.0301648771268179,0.0510815512684354,0.0350277997972778,0.0567621587143144
1967,0.0450639645929508,0.0759896825696983,0.0619488321157031,0.0612742007862539,0.0303221751726948,0.0513044077312936,0.0352189871270953,0.0570733764506478
1968,0.0452393321413532,0.0763843218311407,0.0623754059630965,0.0616546305460685,0.0304563001708668,0.0515119715287444,0.0354341340057447,0.0573950197897515
1969,0.0454858077304934,0.0768152139973454,0.0627429066508671,0.0620102144615303,0.030621944188094,0.0517600946017392,0.0356139454027357,0.0577150759356786
1970,0.045803355630778,0.0772293944059212,0.0630394975871162,0.0623399243402826,0.0308281003086363,0.052000761542316,0.0356750741567661,0.0580062219661701
1971,0.0460683704488791,0.0776593482765201,0.0633934699958886,0.0627090787585101,0.0310144158862175,0.0522521478178686,0.0358574186758397,0.058317073870656
1972,0.0463273723722719,0.0781105175739272,0.0637612526199639,0.0630905383977126,0.0312005125845589,0.052524990627399,0.0360854177885905,0.0586397525192256
1973,0.0465959171368631,0.0786134593388155,0.0641193378092909,0.0634751580954084,0.0313837377348962,0.0528711363331974,0.0363800857380849,0.0589859107304128
1974,0.046875394902024,0.0791022894015339,0.0645106945079126,0.0638605844794785,0.0315903577468931,0.0531415637208627,0.0365948900147345,0.0593224171195761
1975,0.0471180761319367,0.0795959345108602,0.064968491121099,0.0643010172825146,0.0318051854255514,0.0533689063634176,0.0368722469499979,0.0596559103217683
1976,0.0473931113487779,0.0800761203636143,0.0653735175377002,0.0646759038545869,0.032011962936892,0.0536240580009443,0.0370828215185174,0.0600029311321972
1977,0.0477345078847119,0.0805813325277461,0.0657447671241715,0.0649615116719042,0.0322606588869001,0.0538775946338825,0.0371487284543378,0.0603458502337565
1978,0.0480228011566574,0.0810578402747781,0.0661571368040352,0.0653459135138375,0.0324567130869284,0.0541290641838782,0.0373479650276565,0.0607205757549034
1979,0.0482238567923966,0.0814689422963953,0.0665746072838792,0.0657731389994075,0.0325713493269888,0.0543687798268259,0.0376502626006021,0.0611371085481609
1980,0.048529734027948,0.081944544203669,0.0670001979971146,0.0661829602856004,0.0327656446482813,0.0546406588418212,0.037880493179161,0.0615220386387231
1981,0.0489389269077915,0.0824739976142079,0.0674794610306088,0.0666491720727222,0.0330015113010994,0.0549129030381671,0.0381012244416744,0.0618864119874135
1982,0.0492550156872469,0.082964013634412,0.0679130942371015,0.067083269775809,0.0332062063149045,0.0551984108698945,0.0383442120500934,0.0622883461287602
1983,0.0495500042398665,0.0834282332091296,0.0682870021975686,0.0674836115154014,0.0333905431342981,0.0555194432784415,0.038574539557514,0.0626783147594746
1984,0.049884518054728,0.0839357851656446,0.0687178491975865,0.0678710215675916,0.0336716914426211,0.0558611959359223,0.0387980026973877,0.0631337716977835
1985,0.0502066619951895,0.0844720207090256,0.069159373272355,0.0682927444965297,0.0338964912912874,0.0561527082468279,0.0390206286359674,0.0635193873947073
1986,0.0504602919655619,0.0850360623023534,0.0696060912291983,0.0687301915654213,0.0340730541765574,0.0564027637190302,0.0392587956075458,0.0639088627420175
1987,0.0507571616030995,0.0855381594228668,0.0700450054955221,0.0691803610574336,0.0342946024708289,0.0567152363910748,0.0395142418244852,0.0643046808317459
1988,0.0511352040395162,0.0860634424075598,0.0704933902791667,0.0696713525275484,0.0345538848272855,0.0570436999431714,0.0397516862933339,0.0646236237697774
1989,0.0514429872429502,0.0865732736640824,0.0709764744085848,0.0701028884400502,0.0347827005895417,0.0573448775697591,0.0400131389332209,0.0650317482693193
1990,0.0516528755727108,0.0869814652571489,0.0714737222874949,0.0704895071638693,0.0349965764015135,0.0576661009856918,0.0403497598938711,0.0655547567830515
1991,0.0519510199651882,0.0874725750640449,0.0719531869547497,0.0709320278557797,0.0352306461365529,0.0579879341839002,0.0406143763181819,0.0659905453141894
1992,0.0522930817078211,0.0880361152107591,0.0725057986220356,0.0713878718347787,0.0354788743739313,0.0582800648968728,0.0408104134151894,0.0664047295604935
1993,0.052624642672154,0.0885814223054664,0.0729853897394632,0.0718283152705104,0.0357129747160434,0.0585846353233075,0.0410642440701682,0.0668257133915912
1994,0.052972031932442,0.0891407526847692,0.0733855220416413,0.0723143175480485,0.0359575188860243,0.0589129633912446,0.041301126674247,0.0672249524794043
1995,0.0533606620273994,0.0897061731592948,0.0737903598058708,0.0727692308251342,0.0361802180887469,0.0592418040693251,0.0415889640228623,0.0675854211066677
1996,0.0537029209868575,0.0902154838501032,0.0742433393960497,0.0732033513481296,0.0364147474733236,0.0595757498101373,0.04186923494921,0.0680202383659201
1997,0.0540026743635109,0.0906862409814253,0.074698915092904,0.0735530252369122,0.0366231215839624,0.0598867970263232,0.0421802186799804,0.0684979496153176
1998,0.0543565408165742,0.0912166130089537,0.0751653814283694,0.074024101412259,0.0368816692653128,0.0602288302623843,0.0424746865170843,0.0689543803276561
1999,0.0547510113804897,0.0917499606472754,0.0756768935988516,0.0745829035913593,0.0371836893400153,0.0606193262315817,0.0427797803292177,0.069449453381455
2000,0.0550925799778872,0.0922520828165822,0.0761641548239294,0.0750400351716495,0.0374481168265774,0.0609581166422623,0.0430586164950706,0.0698993919136752
2001,0.0554272742823446,0.0927646474421706,0.0766224244670498,0.0754936505824169,0.0377252788628061,0.0612633559394427,0.0433265933456349,0.0703226688361581
2002,0.0557718402810763,0.0933021615384947,0.0771161210142849,0.0759547830176928,0.0379785360011401,0.0616146801939941,0.0436097014568165,0.0707586049313651
2003,0.0560902363779163,0.0937930636717659,0.0776607666663096,0.0763274965168734,0.0381812520025775,0.0619852674884636,0.0438342676439256,0.0711564917085215
2004,0.0564051820060432,0.094323566408266,0.078152893876422,0.0767758829224968,0.0384351756845552,0.0623231911380928,0.0441373253107471,0.0715988390647715
2005,0.0566996444920993,0.0949677444696548,0.078606189855668,0.077328098629693,0.0387171023762206,0.0626660843589911,0.0445644025250978,0.0721032073776775
2006,0.0570519007178973,0.0955309690533667,0.0791045093583242,0.0778186554755332,0.0389818747691282,0.06301015031929,0.0448903685117728,0.0725514330929277
2007,0.0574258336393974,0.0960300489708845,0.0796311004185104,0.0783025799931001,0.0392713093957587,0.0633267929763488,0.0452231601463272,0.0729428252044369
2008,0.0577915950996251,0.096526618387226,0.0800877928607554,0.078739323573943,0.0395350372713933,0.0636542589543088,0.0454743098046536,0.0734162230476701
2009,0.0581658228332388,0.0970871919614675,0.0805913592310171,0.079226055282985,0.0398082476131786,0.0639655532985357,0.0457769252364431,0.0738919666893484
2010,0.0586247053249849,0.0976859822320504,0.0811465359427415,0.0797234175222588,0.0400677552716574,0.0642561776655267,0.0460227799514909,0.0743514978761348
2011,0.0589778865915657,0.0982142103020428,0.0816764655446414,0.0802007319543612,0.0403452891059068,0.0646296613159748,0.0463233946815052,0.0748123531962596
2012,0.0592397219766169,0.0987472642200812,0.0821903927489041,0.0806965583213784,0.0406309366913827,0.0650528914494408,0.0466811698277549,0.0753306364842973
2013,0.0595769309995098,0.0992939851497126,0.0827012562009131,0.0811770063043612,0.0409217984815348,0.0654075762531241,0.0470232058911327,0.0758153405332381
2014,0.0599204135498917,0.0997640926230544,0.0832197112549277,0.0815938507900245,0.0412193257058422,0.0657996993095699,0.0473693957277936,0.076240993094211
2015,0.0602586634674486,0.100300351406333,0.083731689448569,0.0820786011999061,0.0415106466794636,0.0661739507099763,0.0476817352939894,0.0767149081373147
2016,0.0606143651471558,0.100967185093336,0.0842115893381114,0.0826480628571345,0.0418196815219775,0.0664291039436142,0.0479812564541268,0.0772580797868093
2017,0.0609737942782797,0.101522312548742,0.0847243792145074,0.0831441998673282,0.0421147440301848,0.0667773765111823,0.0483120110102259,0.0777309305716631
2018,0.0613216158685536,0.101955297539855,0.0852687357568095,0.0836361892333872,0.0423883272594617,0.0672595232432656,0.048635210708685,0.078112516174052
2019,0.0616844644584393,0.102494721623571,0.0858016534916517,0.084107204962745,0.0426697608986689,0.0676560659811553,0.0489459915210127,0.0786022030232548
2020,0.0620854926272397,0.103081288317203,0.0863414211963415,0.0845092426449616,0.0429396549016426,0.0680020945543408,0.0492757155510586,0.0791720604420781
2021,0.0624619869866194,0.103626692503178,0.0868806370664629,0.0849126282358055,0.0432284117470375,0.0683865862251014,0.0496115355516206,0.0796662006851304
2022,0.0628367112867358,0.104172597663152,0.0873972429895589,0.0853869691644497,0.0435314652097385,0.068759197424341,0.0499393528494214,0.0801513128598957
2023,0.0631973513372591,0.104788801330591,0.0878803583520779,0.0859145213496452,0.0438592685773815,0.06908083779972,0.0502161568133992,0.0806759016346164
2024,0.0635687301448467,0.105338730583053,0.0884009029150526,0.0864061485927429,0.0441496725918701,0.069446325230009,0.0505712948215942,0.0811966506493409
2025,0.0639565156174814,0.105791026036682,0.0889393775610313,0.0869517661085005,0.0444108178755912,0.0698729761445479,0.0509926644802338,0.0816537173102618
2026,0.0643128152604609,0.106314611537501,0.0894637750357046,0.0874278606289019,0.0447370552406066,0.070246978270422,0.0513543565492231,0.0821378717321818
2027,0.0646321378096962,0.106913096956545,0.0899998189927375,0.0878283148295741,0.045114280161833,0.0706016985739736,0.0517113900947678,0.0826949696450693
2028,0.0649996169887466,0.107447010756691,0.0905329719001712,0.0882757831548358,0.0454143471931716,0.070951264753227,0.052088508265205,0.0831960367230323
2029,0.0653952514945077,0.107925145192886,0.0910311532093003,0.0887033298205409,0.0457013631532211,0.0712228063682061,0.0524648373191224,0.0836092862463254
2030,0.0657497164687465,0.108449347805857,0.0915602348479036,0.0891746224543065,0.0460178119422916,0.0716025865393657,0.0528148639162176,0.0840965266831897
2031,0.0661096148855537,0.108996933944765,0.0921183730042124,0.0896753796066561,0.0462728823958626,0.0720576641380698,0.0531854211552406,0.0846459622120486
2032,0.0664661270247131,0.109484891792064,0.0926839138476331,0.0902061386665451,0.0465519293784116,0.0724906273923094,0.0535174301852526,0.0851532042914804
2033,0.0668049691335111,0.10999058047367,0.0932332811940061,0.0907424925655046,0.0469770991439151,0.0729166481589108,0.053777075577184,0.0856375854113581
2034,0.0671561152867919,0.110602908408613,0.0937448478518216,0.0911967312040565,0.0473822669274643,0.0732902648886688,0.0541864759854923,0.0861383791086082
2035,0.067548601872428,0.111157047281831,0.0942636369207202,0.0916811107600262,0.0476798292361827,0.0736814889183176,0.0545863374462822,0.0866620567006547
2036,0.0680544475355365,0.111705469500767,0.0947610042344168,0.0921589532767591,0.0478906358784635,0.0740111151286275,0.0550720203395832,0.0871934361890238
2037,0.0684089491577969,0.112220354562424,0.0952820488032637,0.0926271838945112,0.048190892496501,0.0743778898980519,0.0554304242314211,0.0876928462743532
2038,0.0686539822690377,0.112688332284279,0.0958064258466215,0.0930754192124693,0.0484396256274704,0.0747649089272386,0.0557201330423067,0.0881986544287534
2039,0.0690200079127276,0.113236486134778,0.0963303807523818,0.0935604802745362,0.0487511652771005,0.0751705107160203,0.0560965798858676,0.0887253830542833
2040,0.0693914981026679,0.113825310332264,0.0968409258404158,0.0940287599013596,0.0491895647108806,0.0755672025749786,0.0564676067062624,0.0892135532512018
2041,0.0697432947805806,0.114361417832872,0.0973762171553361,0.0945158182584907,0.0495304954773965,0.0759632771421612,0.0568354720918114,0.0897383834155777
2042,0.070166278130298,0.114923976961763,0.0979299213504246,0.0950942811106891,0.0497751896229237,0.076424652755987,0.0572616775324975,0.0903386871027981
2043,0.0705665587058654,0.115473246456897,0.0984920245005979,0.0955892620778005,0.05010163123227,0.0768476277361414,0.0576781579372567,0.090889477161142
2044,0.0709253640962745,0.115983583767514,0.0990871859608421,0.0960306752597098,0.0504409530322681,0.0772571968221879,0.0580815689827918,0.0914041985740012
2045,0.0712710769432085,0.116461571137739,0.0996614226743444,0.096479118633775,0.0508138312211902,0.0775956032604079,0.0584413657301013,0.0919445104984958
2046,0.0716343569509779,0.116977613332011,0.100197863687903,0.0969613479214591,0.0512087746104802,0.0779626747491692,0.0587912036772784,0.09248917882539
2047,0.0719913864527437,0.117566855797922,0.100756806735837,0.0974062001199699,0.0515903068598029,0.0783592265398899,0.0591904342438172,0.0929644260851807
2048,0.0723541767187641,0.118106849505729,0.101301922795588,0.0978745826285185,0.05186985750009,0.078781866982222,0.0596037058976208,0.0934117940326096
2049,0.0727132710027776,0.118598251565506,0.101784739705094,0.0983524920524476,0.0521263200252863,0.0791652482887709,0.0599947619492532,0.0939348933422692
2050,0.073065643649776,0.119114857586613,0.10231914549875,0.0988203771426303,0.0524666445138826,0.0795662282644366,0.0603894843928865,0.0944593652959274
2051,0.0734451364873085,0.119609036060228,0.102879786168974,0.0992426621506358,0.0528476998737822,0.0799909937251417,0.0608676876072366,0.0949945412952436
2052,0.0738151097020042,0.120153143849055,0.103419085988935,0.0997177230776451,0.0531846421085554,0.0804092859240337,0.0612574547249953,0.0955309928458184
2053,0.0741164990471152,0.120776249428063,0.103967519172858,0.100227961126421,0.053554800382117,0.0808327179121745,0.0615312029714345,0.0961195903884023
2054,0.0745059186607066,0.121299724856933,0.104517307638666,0.10073246835184,0.0539147098772888,0.0812288833869442,0.0619165918388887,0.0966510186333838
2055,0.0750546019147199,0.121786014780726,0.105052772719951,0.101276453959239,0.0542286997968413,0.0815830380373938,0.0623699465219303,0.0971237838915999
2056,0.0754307687067696,0.122298981354522,0.105588095018904,0.101768181863367,0.054546933715748,0.081988547786112,0.0627677475778571,0.0976619716067531
2057,0.0756692448934339,0.122722421227017,0.106106620640251,0.102242867441633,0.0548940404594746,0.0824325894309521,0.0631436449238203,0.0982377301589335
2058,0.0760319236606153,0.123210102941877,0.106659215284649,0.102709310877797,0.0552416175272758,0.0828343202239011,0.0635648753327811,0.0987655433631549
2059,0.0763855569452755,0.123748052939132,0.107229648654736,0.10316209361834,0.0555511777825428,0.0832719244509729,0.0640002644295904,0.0992698782926468
2060,0.0766998594213083,0.124359217616532,0.107815954854138,0.103549378760022,0.0558737654689713,0.0836555314447856,0.0644200502939444,0.0998431137726959
2061,0.077130535479883,0.124879879029778,0.108390614332084,0.103970476787198,0.0562507154029107,0.0839941425882487,0.0648248204183208,0.10037311000821
2062,0.0776635825187686,0.125358353770514,0.108951189639279,0.104501184980119,0.0566578771234734,0.0843239392238764,0.065257510921987,0.100832700812915
2063,0.0780442193878131,0.12589726669012,0.109486773286187,0.104973702984851,0.0570246986127424,0.0847297293499125,0.0657021884471014,0.101334814817261
2064,0.0782936484198413,0.126466264589633,0.109958992289808,0.105436353234817,0.0573763431138784,0.0852279061346466,0.0661067688977375,0.101842811424381
2065,0.0786434067280002,0.126976764920257,0.110501240395612,0.105941969545233,0.05772768009512,0.0856389155910639,0.0665439793184958,0.102375230628918
2066,0.0789787527073577,0.12746580693898,0.111081581323833,0.106467372407381,0.0580596399767761,0.0860188090679625,0.0670788256626646,0.102930071410377
2067,0.079351481073035,0.12800154025093,0.111611878978218,0.106945813820145,0.0584159224792421,0.0864373762435683,0.0675209521791531,0.10346517490536
2068,0.0797970089155301,0.128504247930329,0.112117581736547,0.107451271615091,0.0587844191162717,0.0868342382986742,0.0678719322057156,0.104010658030801
2069,0.0801979608509045,0.129037459759734,0.112674102425009,0.107951348116219,0.059151290813202,0.0872434411935714,0.0682908579879633,0.104562322791691
2070,0.0806013408138746,0.129726917839161,0.113237694589377,0.108406224163209,0.0595406860175774,0.087728238227306,0.0687417055391666,0.105084989386749
2071,0.080968250298785,0.130265106298339,0.113792234709278,0.108880230038727,0.0598888890375956,0.0881615817977799,0.0691473838158161,0.105635370816964
2072,0.0812975231267912,0.130745551859077,0.114397703813247,0.10943393666288,0.0601786232714537,0.0885703485980428,0.0695078011412693,0.106220810523743
2073,0.0816323736535879,0.131087540166242,0.114982092697913,0.10985001047666,0.0605375579370388,0.0889197460307049,0.0699518700214658,0.106818833772217
2074,0.0819435790939177,0.131578811539799,0.115474609273218,0.110241242896707,0.0609364399309566,0.0892936821398604,0.0704254698081962,0.107388617525705
2075,0.0823540902391132,0.132096830735238,0.115982188820078,0.110699003012214,0.0613261091528238,0.0897199145347624,0.0708807418540892,0.107879268731267
2076,0.0828375631802783,0.13259647442015,0.116550256440007,0.111157976021168,0.0617338832134985,0.0901578563527103,0.0713386574113041,0.108356829645261
2077,0.083242668808986,0.133206020543096,0.117094585300438,0.111667879067736,0.0621127408266136,0.0905744379801292,0.0717741446743813,0.108903760599487
2078,0.0836358331557036,0.13373687207443,0.117639858620506,0.112144170123156,0.0624682508217318,0.091007180475085,0.0722475469548784,0.109430499940588
2079,0.0840287606695058,0.13414503814349,0.118210440299067,0.112638317256396,0.0627343317301536,0.0914642397713063,0.0726841841592059,0.109961026653851
2080,0.084396641862379,0.134668666392272,0.118754978952037,0.113121790952878,0.0631095511521128,0.0918938500623677,0.0731356159533543,0.110507097774843
2081,0.0847138017151376,0.135336511837166,0.119260174213688,0.113603402171337,0.0635473172601789,0.0923249912302342,0.0736739535255672,0.111045217665811
2082,0.0850705316756943,0.135833422361179,0.119810649257274,0.114046812436925,0.0639272232749606,0.0927439220527335,0.0741559600694502,0.111604437207615
2083,0.0854141808753976,0.136187829009115,0.120385656328876,0.114457499716926,0.0643352718676914,0.0931325904442808,0.0745519260915122,0.112224609620904
2084,0.0857771081708924,0.1366999779916,0.120934557408278,0.114909586568136,0.0647073546058312,0.0935344574384208,0.0749999510365144,0.112778838240412
2085,0.0861652542233692,0.137258083837734,0.121507094568978,0.115309606951215,0.064976318334742,0.0939459932165103,0.0754985224020358,0.113326772570799
2086,0.0865457316104335,0.137737544645504,0.122048427854967,0.115773319876723,0.0653528497663334,0.0943390593243527,0.0759437013833447,0.11384796587827
2087,0.0869213065771924,0.138220013094753,0.122534719187533,0.116312985681889,0.0658192139351003,0.0947181647013921,0.0763142339188269,0.114270014476904
2088,0.0873442777793402,0.138833825604427,0.123068503839675,0.116891290825409,0.0662214593378773,0.0951076919604064,0.0768020015185876,0.114753789093358
2089,0.0877847863142001,0.139317590021072,0.123616611191452,0.117339188105287,0.0665850925255421,0.0954865064066989,0.0773088835812275,0.115360115938542
2090,0.0881276438269402,0.139744014480392,0.124148553609812,0.117756088236326,0.0670201521522177,0.0959195629221109,0.0777609007910891,0.115999280864127
2091,0.0884272147109603,0.140317560214497,0.124715794268877,0.118183682493993,0.0674089268899112,0.0963745406899425,0.0782556818083959,0.116616826140711
2092,0.0888257029833636,0.140862611509946,0.125264502532466,0.118598816766511,0.0677698771956388,0.0968527545631259,0.0787154155067612,0.117190294170058
2093,0.0892194847024884,0.141386780419559,0.125826023471741,0.119067991235782,0.0681621391782524,0.0972901667738928,0.0791893509652036,0.117739593870096
2094,0.0896185525896408,0.141878761519454,0.126410802017376,0.119638289437809,0.0686000380525853,0.0977188844403624,0.0796207206755399,0.118154925983063
2095,0.0899921959908006,0.142371607751422,0.126955230542262,0.120112480590225,0.06900821793433,0.098108733527112,0.0801119017777986,0.118704555141526
2096,0.0903846542036358,0.142865023282501,0.127480996743573,0.120561994972441,0.0694258076095662,0.0984121619199558,0.0806862565912905,0.119364113145642
2097,0.0907774494309678,0.143344701725273,0.128011986835738,0.121006822367666,0.0698033454773402,0.0988397870744751,0.0811647812964349,0.119914155700091
2098,0.0911336626807324,0.143759871473467,0.128515806195389,0.121385768726062,0.0701483197406069,0.0993663911922394,0.0815728888589869,0.120461285268625
2099,0.091526679085035,0.144256910006367,0.129023409026903,0.121835566665374,0.0705280891665693,0.0997915403153835,0.0820466099334894,0.120987482294632
2100,0.0919938693261351,0.144829630219147,0.129525846129097,0.122335131300803,0.0708533798510876,0.100206563454956,0.0825187742713644,0.12136559596838
2101,0.0923870074167944,0.145336760362538,0.130069718665081,0.122783649821345,0.0712239738438111,0.100645653510387,0.0829894329130841,0.121889351307303
2102,0.092730061716846,0.145876734471068,0.130658891607021,0.123206672253935,0.0716430948455482,0.1010765655481,0.0835195716912431,0.122517974755994
2103,0.0930829454741753,0.146355896533453,0.131173384790301,0.123708683287394,0.0721059747739023,0.101410160611638,0.0840260877644271,0.123116042454532
2104,0.0934469531913877,0.146748011324161,0.131739421442611,0.124125488263125,0.0724747301795667,0.101745932347324,0.0844004628874066,0.123681090746391
2105,0.0938502661732447,0.147182792277186,0.132307015653114,0.124522482940356,0.0728843028472025,0.102207700510354,0.0847697442010992,0.124291165186416
2106,0.09423426788263,0.147684900687716,0.132779382811112,0.125048156540778,0.0732881070550138,0.102583111273752,0.0852976105922245,0.124865687969865
2107,0.0946085542005046,0.14817880603477,0.133322933387064,0.125567581465753,0.0736890885267055,0.102926598727906,0.0858227925637439,0.125409963738392
2108,0.0949748299543961,0.148672066837896,0.13386538302161,0.126013018449611,0.074072625877834,0.10334995957665,0.0863081824059138,0.125947556585051
2109,0.0952835847007311,0.149202640025298,0.134403396415451,0.12644885671324,0.0744552824095167,0.103890784716669,0.086874875166913,0.126502311500981
2110,0.0956446453795961,0.149705357239238,0.134937548921243,0.126888588195646,0.0748464762071255,0.104291453608471,0.0873835953943815,0.127049359650355
2111,0.0960387194923831,0.150181291721396,0.135507992314853,0.127228295589721,0.0752346223878965,0.104638654448261,0.0877596076952721,0.12754963622367
2112,0.0964128904715204,0.150682063919631,0.136051351590971,0.127641951882022,0.0755832700890311,0.105054111167917,0.0882467885451002,0.128081619421363
2113,0.0968238464770329,0.151193502983598,0.136595976180256,0.128125661852825,0.0759258260328588,0.105456972156723,0.088866964891522,0.128659145326421
2114,0.0971989224606174,0.151693276938869,0.137111243177104,0.128607734571372,0.0762829510538824,0.105859536143613,0.0893511636783503,0.129215775877707
2115,0.0975373914598147,0.152213404934792,0.137569240589972,0.129109713721352,0.0765629964254259,0.1062962452072,0.0897390670347591,0.129757694702402
2116,0.0978847950249812,0.15268544014128,0.138075733386724,0.129581045268331,0.0769318983864986,0.106700316261976,0.0902218487468915,0.130285642903943
2117,0.0982393476345927,0.153105910463699,0.138559609963169,0.130086392574617,0.0773799709879728,0.107037008960349,0.0907344101194699,0.130820568868537
2118,0.0985157060423616,0.153585076938676,0.139105867105922,0.130518653920803,0.0778247377904622,0.107455050890711,0.0911729165258163,0.131332868800123
2119,0.0988736039782047,0.154044677367054,0.139698741732808,0.130901870450826,0.0782012549122094,0.107911223112072,0.0916405005155448,0.131789826618872
2120,0.0993263454293701,0.154470654296336,0.14024715936689,0.131334555271769,0.0785798521724118,0.108340728360788,0.0921439832124176,0.132307232750462
2121,0.0997128570731555,0.154923366899088,0.140709122428027,0.131769941374143,0.078963432250591,0.108712677685295,0.0925551584646568,0.132855631361193
2122,0.100084073049351,0.155417570943253,0.141135253392704,0.132195660540241,0.0792891992042406,0.109075507899042,0.0929923337598719,0.133388983580746
2123,0.100421306368188,0.155844996918386,0.141563469132695,0.132581911031947,0.0796047635440297,0.109437577438736,0.0935054234354861,0.133918489219522
2124,0.100721793570985,0.156235336454174,0.142062857057103,0.13298185442501,0.0799513682142124,0.109855371771857,0.093987823314855,0.134444049989249
2125,0.101029940035019,0.156668288835355,0.142555009711143,0.133406257804696,0.0803251706793826,0.110222433831044,0.0944369189043941,0.134977146625451
2126,0.101347540897064,0.157085425082097,0.143117350516549,0.133836395150328,0.0806806884694884,0.110582536387813,0.0948310101163967,0.135511898940776
2127,0.10164579042218,0.157520496021664,0.143594006387269,0.134233614021194,0.0810578407496638,0.110969469700122,0.0952774956327228,0.135992688815374
2128,0.101895380086412,0.158036961350835,0.144028069702131,0.134665513386094,0.0815622148802995,0.111343843031438,0.095749537699642,0.13647313801496
2129,0.102204282230132,0.158480299805937,0.144472930352379,0.135067798090943,0.0819048165630843,0.111721760703003,0.0961536845648069,0.136939610243307
2130,0.102567986339011,0.158878268645166,0.14489003000144,0.135428728082051,0.0820932958380365,0.112219823011842,0.0965296351039888,0.13732288152998
2131,0.102886973628733,0.159290600771472,0.145333034716768,0.13578340843499,0.0824158650618817,0.112553176770925,0.0969618968351089,0.137754053317104
2132,0.103227514936775,0.159696067749853,0.145819750581471,0.13612200788044,0.0827627946470082,0.112675212134446,0.0973678943177849,0.138244792914981
2133,0.103505326971143,0.160045992352765,0.146233274449966,0.136472537931422,0.0830550702995711,0.112965329044002,0.0977828737362988,0.138682638844846
2134,0.103717293208495,0.160328512503299,0.146621554344052,0.136805767468941,0.0833825484085744,0.113250313435274,0.0982999695838775,0.139078840391602
2135,0.103935115998953,0.160723986274588,0.146989862895551,0.137139541323428,0.0837124634314504,0.113621196569152,0.0987086133713908,0.139497387348646
2136,0.104146257853045,0.161050887659969,0.147272941182898,0.137513339877219,0.0839326902393694,0.114026397126273,0.0990172363544486,0.139953575778246
2137,0.104432172164955,0.161292315138115,0.147584292461162,0.13779943215225,0.0842074868459941,0.114361872759599,0.0993923805680971,0.140327364603801
2138,0.104751425100071,0.161636095572257,0.147959168680343,0.138082841907815,0.0846170204692517,0.114576524902312,0.0998230284875631,0.140697189183802
2139,0.105048763883602,0.161990768499168,0.148376843931316,0.138426352728865,0.0849360525116634,0.11479331846104,0.100210775693839,0.141107459929587
2140,0.105319940062246,0.162282135532921,0.148833208915831,0.138676087818161,0.085083253900531,0.115130874159999,0.100517336495133,0.14143590992446
2141,0.10555620053297,0.162606521797765,0.149237337645557,0.138940889069878,0.085311977985135,0.115432398489871,0.100855040225696,0.141785359889485
2142,0.105766520346761,0.162897141251003,0.149571033192131,0.139190161652275,0.0855861851322376,0.115672288401422,0.101207721849308,0.142153367465601
2143,0.105904231026866,0.163138506300526,0.149789805793987,0.139370893927669,0.0858326466045914,0.115870537791929,0.101525191447771,0.142565467162086
2144,0.106103982456363,0.163395146493813,0.150094949224036,0.139591761128382,0.0860928364263024,0.116114372631693,0.101842789597006,0.142889493620192
2145,0.10633469473832,0.163696816476578,0.15041054656337,0.139879770085198,0.0865091750022278,0.116305468056754,0.102213711173146,0.14318261291184
2146,0.106517269688738,0.163922255454775,0.150685942513531,0.140087330484794,0.0867503406772024,0.116536484007071,0.102521982375149,0.143480057870998
2147,0.106690340480664,0.164064856396692,0.150985006518527,0.140217822001373,0.0868270373613669,0.116877752065505,0.102748547580728,0.143714310867792
2148,0.106871265137743,0.164265335345446,0.151253366979715,0.140398299326731,0.0870238587372429,0.117097834948565,0.103033315688325,0.143988601518952
2149,0.107024312999438,0.164447670324478,0.151443270442309,0.140612876087965,0.0872251263280311,0.117198022838882,0.103362255015561,0.144346752619929
2150,0.107180282386841,0.16464274862627,0.151677013105199,0.140763636489705,0.0874140181102935,0.117379098491774,0.10366519604484,0.144612571000852
2151,0.107357412524844,0.164869036009275,0.151952529875977,0.140888375376412,0.0876171929585074,0.117558246907364,0.10400176723682,0.144841142974078
2152,0.107536958016647,0.165143602157813,0.152199382563379,0.141053750793065,0.0878613257017064,0.11776289949603,0.104221768557781,0.144994622746054
2153,0.107648183135748,0.165349462405856,0.152411360134537,0.141152173711411,0.0880838524358994,0.117942889017016,0.104478597592901,0.145249998196158
2154,0.10772868288121,0.165382272408472,0.152580231733278,0.141124907365151,0.0882991112144462,0.11817488320753,0.104774128601016,0.145457406834798
2155,0.107857722580094,0.16539763627375,0.152757271931055,0.141197297852425,0.0885041842057655,0.118375294197988,0.105003708123686,0.145598495024878
2156,0.107988416692806,0.165575378473576,0.152905459514166,0.141373267239592,0.0886612981979186,0.118454085067052,0.105242453852287,0.145928306614009
2157,0.108076444943147,0.165761789717972,0.152999199587233,0.141475838451693,0.0887809679405338,0.118540324011215,0.105432121366484,0.146175836196424
2158,0.108195043616203,0.165870094284713,0.153185287535412,0.141540309796451,0.0889018748505166,0.118674339444286,0.10561848410196,0.146248424603448
2159,0.108320503014671,0.16598075177804,0.153358491463316,0.141640490042896,0.0890528788848141,0.118798728509663,0.105833545759392,0.146417429064589
2160,0.108416825681718,0.166072481721085,0.153538217572068,0.141747776399426,0.0892575473912596,0.118895149523369,0.10605410230601,0.14665040686888
2161,0.108537023716727,0.16617242362666,0.153654673956636,0.141790869708857,0.0894049051981278,0.119027432851684,0.106278768920364,0.1467909735044
2162,0.108746788488953,0.166283098060981,0.153773465237973,0.141823492872315,0.0895563909506217,0.119220703803514,0.106571828091104,0.146870102390338
2163,0.108818487793496,0.166349262628089,0.153883011237541,0.141865703774776,0.0896639192615307,0.119330667536273,0.106767569455531,0.147013255626091
2164,0.108801905937223,0.166406459620077,0.153920819258626,0.141850260773611,0.0896884339082035,0.119439004634629,0.106914673421749,0.147136731109439
2165,0.108849222465738,0.166443155210323,0.154018310863166,0.141851199423919,0.0897915545367998,0.119514145681192,0.107092603528514,0.147269271366942
2166,0.108833374961726,0.166395779738507,0.154162183727453,0.141897079707289,0.0899222881299727,0.119496891239147,0.107179485320028,0.147470252976775
2167,0.108861302670522,0.166418674212635,0.154271854380775,0.141925488478621,0.090031533782806,0.11952926048585,0.107327117374858,0.147608165574281
2168,0.108954289965437,0.166462228882883,0.154376025710756,0.141902300626316,0.0901736281233438,0.119536521485677,0.107594628164494,0.147685830164484
2169,0.109013131937634,0.166512869097949,0.154474821167439,0.141893459861335,0.0902981208453213,0.119594323769706,0.107766182384004,0.147810472535029
2170,0.109019640504973,0.166593252067199,0.154595713081961,0.141892683485509,0.0904133114671771,0.119715154309304,0.107900941022969,0.14798736176191
2171,0.109129933070034,0.166680825507625,0.154675156810881,0.141923866993177,0.090474799641917,0.119825615107496,0.10802367071957,0.148070737684403
2172,0.109256776129469,0.16672225247596,0.154723406980387,0.141910940062838,0.0905383510948042,0.119871154690308,0.108170214529663,0.148064435738789
2173,0.109264419711675,0.166808090227842,0.154714029172647,0.141916807945987,0.0906685001804722,0.119907646024927,0.108244498764426,0.148058919306705
2174,0.109240542691026,0.166751809439372,0.154658129894132,0.141892598589064,0.0907582145954553,0.11987372694822,0.108363470283007,0.148067552030723
2175,0.109312891878583,0.166663956515896,0.154727812152846,0.141818954970022,0.0908087613199722,0.119889122681456,0.108593241247296,0.148044898327756
2176,0.109346124672767,0.166724287507502,0.154857495517204,0.141650323829702,0.090867466268073,0.120022780020578,0.108676236028387,0.148102593728451
2177,0.109315888646748,0.166761693852478,0.15488827083376,0.141445454066865,0.0909281971789631,0.120115701793237,0.10868250373187,0.148207991647677
2178,0.109326645025808,0.166721458486192,0.154892722551747,0.141348738613211,0.0910012634975651,0.120151212556194,0.108781681011934,0.148251107907856
2179,0.109372623394679,0.166705621470919,0.154878272048735,0.141286392496448,0.0911203609714469,0.120154737020665,0.108900354355535,0.148228090899328
2180,0.109350979173791,0.166654880268434,0.15483421966797,0.141217833044308,0.0911270118076723,0.120163813994128,0.108966433018007,0.148237846502577
2181,0.109285919905771,0.166417943712203,0.154688190637691,0.141272911527972,0.0910626051770428,0.120099640148915,0.109072146728612,0.148276697099911
2182,0.109284190174994,0.166375815845028,0.154656647206247,0.141175066531483,0.0910565045540083,0.120094686973535,0.109141144199363,0.148244701186525
2183,0.109291979130924,0.166577584275072,0.154720027562303,0.140932309973013,0.0909605205012716,0.120181235916699,0.109107361368982,0.148150237089394
2184,0.109248259482933,0.166524251746581,0.154663131291833,0.140781514079877,0.0909685315081757,0.120164495129111,0.109134762999549,0.148093241537576
2185,0.109218777780347,0.166337948995511,0.154561005436131,0.140652116011926,0.0911368863631038,0.120063508043807,0.109238265052784,0.148005081185583
2186,0.109191725938607,0.166254618202568,0.154508458237821,0.140506721651201,0.0911828401235869,0.120026989428164,0.109292367934844,0.147961268000284
2187,0.109096871720378,0.166086378783247,0.154421746605734,0.140416757118807,0.0911880467772485,0.119963722004821,0.109298097668484,0.147979477101244
2188,0.109037293725851,0.165947646854851,0.154320709986355,0.14024213936135,0.0911925105296904,0.119904194569828,0.109333971839033,0.147931978758966
2189,0.109035319499389,0.165908995053123,0.154296356075243,0.139957710900599,0.091160705794397,0.119878191789766,0.109400660485889,0.147848035049236
2190,0.109016962320336,0.165868482181641,0.154180321228622,0.139739696623677,0.0910939757412445,0.119919659755811,0.109412219795345,0.147835400390674
2191,0.108859875701166,0.165688992800427,0.153942776550688,0.13954747902517,0.0910514498178215,0.119743849859873,0.10939016217714,0.147661913218558
2192,0.10879350780943,0.165502930500764,0.153846946231694,0.13932323782633,0.0911055974220816,0.119581124586851,0.109419667451917,0.147505956753836
2193,0.10879235149657,0.16539050942891,0.153832699424284,0.139111222256005,0.0911924590717963,0.119613211597818,0.10944079929171,0.147443035202656
2194,0.108695884925302,0.165290779239503,0.15373357133827,0.138894770807291,0.0911386072574856,0.119554356617787,0.109455224681067,0.147260321295657
2195,0.108622443405826,0.165156883720356,0.153578531118644,0.138665745209551,0.0910998616816748,0.119465526161421,0.109462855849661,0.147152234560646
2196,0.108553921772967,0.164987286109227,0.153410395633458,0.138409981852205,0.0910991524908878,0.119465236809565,0.109475441580941,0.147067363528682
2197,0.108479810567607,0.164833998663609,0.153293081028554,0.138188193364952,0.091037987315088,0.119342187192646,0.109470059679167,0.146921099172643
2198,0.10836483734377,0.164632740294937,0.153159750595223,0.138007182255552,0.0909159399220981,0.118976884461031,0.109409312377881,0.146703710364268
2199,0.108253927735571,0.164494205148459,0.153016321276351,0.137797564449845,0.0908636471949443,0.118866991212043,0.109380078977154,0.146566227031014
2200,0.10815299270052,0.164409211771095,0.152912478030853,0.137572972087224,0.0907936497889441,0.118915661437594,0.109376863234484,0.146430201563859
2201,0.108086934121391,0.164292202460837,0.152796797686629,0.137389051527083,0.0907310976456992,0.118830997654778,0.109339206857909,0.146327517640725
2202,0.10800119959023,0.164161737238376,0.152610757857666,0.137221105090934,0.0907049601411955,0.118755998026145,0.109245963773236,0.146298936451748
2203,0.107932167430013,0.164042157387786,0.152478622307277,0.137047368176884,0.0906793659477075,0.118691712891556,0.109247562523464,0.146183252906441
2204,0.107915877151174,0.163915893084343,0.152435025360981,0.136887858889603,0.0906612149758429,0.118552061043247,0.109315557733852,0.146000704774243
2205,0.107863231807683,0.163830673347171,0.15234589166351,0.13674013636299,0.09064700279969,0.118466283718174,0.109342990509267,0.145901472307137
2206,0.107772040799545,0.163748748273091,0.152178739370731,0.136547404264275,0.0906397760754774,0.118427521678251,0.109427918050906,0.145783603468256
2207,0.107715968112027,0.163725552031957,0.152111544341528,0.136447425079215,0.0906228214373759,0.118408383590434,0.109436616155846,0.145730715585908
2208,0.107675757670502,0.163759617633256,0.152080063150079,0.136384709282874,0.090592384705254,0.118387113597201,0.109331209753973,0.145782548071847
2209,0.107673252144879,0.163773815589388,0.152085741998987,0.136362069506589,0.090587353697422,0.118406762670741,0.109312909105842,0.145796738570026
2210,0.107709027525055,0.163795537482119,0.152162422504958,0.136370101438724,0.0905828771854692,0.118506127433343,0.109315051385677,0.145778320262845
2211,0.107698722697989,0.163873838549067,0.152247771454311,0.136530946830446,0.0905965158376825,0.118580733204613,0.109322686839413,0.145839583479451
2212,0.107814828998605,0.163970883055781,0.152330544733911,0.136644794110192,0.0907009430399125,0.118575415465972,0.109411284422479,0.145964061860184
2213,0.107904398683752,0.164046581845971,0.152435880004572,0.136715379936004,0.0907945970360959,0.118603323649715,0.109445030894223,0.146047923883743
2214,0.107944274569185,0.164084458430046,0.152526878907854,0.136818309210225,0.0908613232944238,0.118703854968702,0.109451804230042,0.146116830834998
2215,0.108079015782174,0.164118567972069,0.152570284810151,0.136932192457505,0.0909507153234884,0.11883800101592,0.109558533027559,0.146242813181183
2216,0.10813490748409,0.164130448109786,0.152635587740261,0.137052285927738,0.0909234416244544,0.118974151584163,0.109583640945257,0.146322262077418
2217,0.108182867726439,0.164253218550661,0.152771240272486,0.137243435154575,0.0909680022369827,0.119083065981567,0.109636041984591,0.14637171297046
2218,0.10826400087705,0.164387420673577,0.152891585858059,0.13743175962443,0.0910563982848229,0.119198451803366,0.109704433619508,0.146499199489791
2219,0.108371186634983,0.164633711230203,0.153034042144314,0.137654829407095,0.0912043780074971,0.119244962839886,0.1097816717577,0.146716168076944
2220,0.108441177991325,0.164750366176307,0.153167457897232,0.137823008223029,0.0912747092133893,0.119326083742083,0.109802070212336,0.146862980852431
2221,0.108513614279963,0.164824373682261,0.153332886424071,0.138007624885266,0.0913753389415951,0.11949145777703,0.109809262054672,0.14702700590891
2222,0.108595303158052,0.164909516975267,0.153429799117279,0.138141021909976,0.0914196948100993,0.119542436443346,0.109852138239431,0.147156711581465
2223,0.108689656050516,0.164950672329736,0.153477251881364,0.138203942328657,0.0913976549590239,0.119469937585379,0.109883389863968,0.147231837220282
2224,0.108734517965568,0.16504850862342,0.153599159219024,0.138343565222733,0.0914089296833589,0.119535412221688,0.109911482089511,0.14731968699796
2225,0.108755774264439,0.165180846573056,0.153736605800433,0.138505239592179,0.0914259870803273,0.119674133654856,0.110017907219753,0.147409037078236
2226,0.108788668846797,0.165262370065067,0.153802960877517,0.138643880003774,0.0914210112282378,0.119695276704915,0.11000182652367,0.14749269125453
2227,0.108788345558006,0.165351878425794,0.153921830587899,0.13883613671048,0.0913538415097146,0.119679199857174,0.109808564400085,0.147585013226461
2228,0.108802693019344,0.165420126892613,0.153965928025871,0.138931566317592,0.0913781606017069,0.119732215307274,0.109794448334499,0.147648869605905
2229,0.108847897490324,0.165448513134377,0.153820227886049,0.138887025840365,0.0914650016774135,0.119751779472319,0.109881102584361,0.147718413946906
2230,0.108847570561175,0.165500889989225,0.153822294456141,0.138981225500159,0.09149329172423,0.119772924783385,0.109887930688905,0.147726218003921
2231,0.108764599626602,0.165554564245389,0.153958007861034,0.139168228214546,0.0915718452509004,0.119927006430286,0.109970055389792,0.147671988599838
2232,0.108780440682751,0.165597084096759,0.153985303159059,0.139265803415532,0.0916143681529618,0.119961807194797,0.109968320540298,0.147640850224997
2233,0.108891498650877,0.165639816334122,0.153999085725646,0.139396966545051,0.0915942491299702,0.119799025417302,0.109781770333366,0.147496979443386
2234,0.108926515999851,0.1656765530034,0.154029665614519,0.139492408983043,0.0915691770573421,0.119775317315389,0.109730393346672,0.147466919040953
2235,0.109014105550941,0.165716280552053,0.154032873170246,0.139474089033738,0.0915466021866575,0.119839388817388,0.109797925891564,0.147486041216729
2236,0.108998928208629,0.165743001069085,0.153929180002757,0.139464847796045,0.0915022747920529,0.119861844455285,0.109781268441579,0.147619627468488
2237,0.108874985025207,0.165743957854577,0.153991499747847,0.139639625713426,0.0914166914464084,0.11985368653487,0.109716953474481,0.147665011030299
2238,0.108807763364853,0.165706688047334,0.154128426206096,0.139757247078667,0.0913648756195829,0.119814566048069,0.109679750910677,0.147737377114976
2239,0.108749897429387,0.165606718277951,0.15414666238699,0.139747724417962,0.0913484700740704,0.119675012685457,0.109522805365508,0.147702433677155
2240,0.108635163596133,0.165514691160516,0.154063201881434,0.139792994316999,0.0912879185258941,0.119605575683495,0.109460669185519,0.147587309156998
2241,0.108613886930803,0.1654962791742,0.153967608040288,0.139784461680498,0.0911589492640294,0.119660567206834,0.109508099439602,0.147664771613496
2242,0.108623119469508,0.165504596727005,0.153975310214497,0.139739327909438,0.091099297326494,0.119714409707833,0.109366918211369,0.14772761384658
2243,0.108603241904637,0.16546335327737,0.153934748080066,0.139767976117243,0.0910457783796351,0.119664805853731,0.109271701096538,0.147677688148542
2244,0.10860917221682,0.165442283396383,0.153950347588971,0.139921120845708,0.0910022560678685,0.119545903577243,0.10913217563848,0.147589203961678
2245,0.108613123072495,0.165414916715692,0.153896329188314,0.139941905779502,0.090910982119036,0.119496715855579,0.109060449189941,0.147558454927624
2246,0.108624472669982,0.16534717724733,0.153778118492596,0.139881969206375,0.0908202779738078,0.119386535787178,0.109038372732133,0.147434830101403
2247,0.108554014051301,0.165282454455956,0.153678122970058,0.139906928969953,0.0907682164253013,0.119347554515201,0.108923847702355,0.147362954182305
2248,0.108434941230628,0.165271275775846,0.153568279024233,0.139982094382611,0.090719012870606,0.119466523956384,0.108763799695929,0.147433122277462
2249,0.108376556444896,0.165195533043507,0.15350248239661,0.139946489999259,0.0906305642962167,0.119427562960956,0.108668181842672,0.14736320456281
2250,0.108287767798264,0.165016853592202,0.153439518313484,0.139859437521486,0.0905605946784906,0.119277331414368,0.1085775238563,0.147126188288638
2251,0.108186417621965,0.164908938923834,0.153366401281945,0.139849556896139,0.0904807828596278,0.119189903529246,0.1084282431631,0.147052128726945
2252,0.10812508377201,0.164823786386678,0.153329989090904,0.139783857010315,0.0903035896151964,0.119072127696562,0.108289770253528,0.147075673653355
2253,0.1080721802903,0.164760441374254,0.153282387923941,0.139751590346149,0.0902169261038917,0.118980209218667,0.108167111117227,0.14701169334409
2254,0.107982267191402,0.164712891733639,0.153215289343449,0.139824316763661,0.0902766835462434,0.118921500643268,0.107937477986411,0.146945499916634
2255,0.107905850071927,0.164680791941649,0.153147657874558,0.139857203371543,0.0901960062377011,0.118849161519836,0.107787061577767,0.146898920099506
2256,0.107888838187625,0.16473708476186,0.153089725083104,0.139803403926629,0.0899895395446684,0.118763242869822,0.107834256902148,0.146837171666039
2257,0.107825080487528,0.164677405480101,0.153022484811971,0.139815890372102,0.0899070072420264,0.118697554605394,0.107699746843155,0.146720639242401
2258,0.107689039609894,0.16452467860679,0.15295872927593,0.139936577257945,0.0898740560610822,0.118690121410473,0.107349240289992,0.146578935514223
2259,0.107597602116517,0.164459701775761,0.152873244485621,0.139996365606958,0.089769809399513,0.118611027892701,0.107210463448695,0.146517028547961
2260,0.107504550230457,0.164417398964543,0.152781681221728,0.140053907518,0.0896771767957747,0.118490667104741,0.107219508718194,0.146468870228903
2261,0.107498500343183,0.164284079014463,0.152654760195262,0.140085591530898,0.0896382195344211,0.118370461576662,0.107015104053907,0.146356597015405
2262,0.107414130759701,0.164243406450819,0.152581983186278,0.140108467346212,0.0895454753607987,0.118210002228675,0.106879913417502,0.146346097174311
2263,0.107260109278595,0.164164057674175,0.152428073474841,0.139976213209162,0.089332519155247,0.118175561462799,0.106849912350642,0.146226361922916
2264,0.107088185006412,0.163946818933614,0.152330207205475,0.139807703149198,0.0891866031719559,0.118186848626794,0.106647456392065,0.145955344551281
2265,0.106897138658365,0.163845965537709,0.152287313094965,0.139744461680474,0.0891922450660363,0.118088475350264,0.10643223018129,0.145766258351406
2266,0.106821571883039,0.163830817810204,0.152072047963829,0.139687955450012,0.0890336433543859,0.117896807030063,0.106367247600178,0.14565457693529
2267,0.106712694358786,0.163680898778882,0.15197480979429,0.139605590663229,0.088812405969645,0.117668370787409,0.106281063466459,0.145535569461665
2268,0.106592727880758,0.163523875907237,0.1518448298411,0.139481750345194,0.0886406627880838,0.117515683976679,0.10604470171084,0.145368101850219
2269,0.106516467324751,0.163331165259938,0.151689260075607,0.139327386893381,0.0884217215258694,0.117356683909378,0.105657047514603,0.145195803887091
2270,0.106383906113562,0.163198297056838,0.151489103138648,0.139234740484172,0.0882679904156871,0.117183529286025,0.105431410056244,0.145020289493774
2271,0.106185670355455,0.16306960732269,0.151296612584911,0.139113968815669,0.0881858943816457,0.117049616353206,0.105187130797059,0.144794869779932
2272,0.106023348707419,0.162883838152589,0.151091279893919,0.139010999093625,0.0880593649046877,0.11691307950365,0.104930634305262,0.144591015696334
2273,0.105877942758327,0.162720008725552,0.150806893982459,0.139031033146948,0.0880035565372471,0.116785607419774,0.104783172149293,0.144456060351352
2274,0.105680335335101,0.162522755279481,0.150614347842015,0.138867357587822,0.0877871930707473,0.116580369038771,0.104556131771601,0.144234309762635
2275,0.10541958519782,0.162183752272383,0.150539084801888,0.138554048089784,0.0874302102416134,0.116343961113662,0.104223074464693,0.143900685747337
2276,0.105274216441991,0.162007602906746,0.150309230135564,0.138376938842581,0.087183234772407,0.116149670443184,0.103929360074028,0.143671725780834
2277,0.105209341619131,0.162023168982886,0.149973794678459,0.138216179609332,0.0868528275740576,0.115848759576576,0.103673843136815,0.143455734577034
2278,0.104998071027989,0.161820813970688,0.149732143786351,0.137981722440779,0.086631194268645,0.115644478201212,0.103364812050747,0.143216351457396
2279,0.104745372243007,0.161521453875639,0.149475338986054,0.137813011620177,0.0865902452918673,0.115668096682574,0.102954498848673,0.14309128479685
2280,0.104559250478409,0.161282862008889,0.149214319031906,0.137534854183216,0.086398777590108,0.115452688123266,0.102692338982423,0.142850573777943
2281,0.104310671972757,0.160947426583818,0.149057083223834,0.136982570635133,0.0861604759688706,0.115046363531042,0.102569544380529,0.142515267119618
2282,0.104077992478476,0.160666749131545,0.148801442196623,0.136752641885858,0.0859250211722395,0.114774622361466,0.102296868542474,0.142188995994997
2283,0.103959285232302,0.160492698419732,0.148406132058928,0.136782020055901,0.0855790493946272,0.114424300437307,0.101963228897888,0.141838001943135
2284,0.103771686691689,0.160269120022898,0.148104121344614,0.136579620467461,0.0853206301745039,0.114157348327059,0.101704605777384,0.141425704476604
2285,0.103447417039877,0.159995110139911,0.147867825266673,0.13643368718674,0.0851716302390683,0.114115398295036,0.101414298304629,0.140821642946368
2286,0.103229451799166,0.159727007712785,0.14754791088855,0.136212301358283,0.0849343773820273,0.113896387894502,0.101117403178464,0.140499414353553
2287,0.103160431797554,0.159479135482593,0.14721088133825,0.135727019215654,0.0846666083789569,0.113540656590439,0.100940455647538,0.140393395708378
2288,0.102923517839413,0.159209658088152,0.146877656446471,0.135383783589608,0.0844282717914579,0.11325866133998,0.100656802337308,0.140080217340137
2289,0.102546554436512,0.158940671241016,0.146447697169066,0.13518649847939,0.0841473087548872,0.112906539158572,0.100199546145144,0.139868735770896
2290,0.102298638709003,0.158629864157738,0.146095402375023,0.134907275751411,0.0838571762362765,0.112613685224992,0.0998414693987496,0.139603795267861
2291,0.10202875892938,0.158212988446553,0.145867985106639,0.134576198755867,0.083619288676853,0.112428742713468,0.0995372240887892,0.13905635020463
2292,0.101790347382124,0.157899814015165,0.14553486903938,0.134271951085831,0.0833383909925841,0.112215305487793,0.0992336561619993,0.138661835465191
2293,0.101731517895107,0.157658286329461,0.145092797040772,0.133915067210316,0.0829979551846263,0.111992285296153,0.0990392840515921,0.138475822349083
2294,0.101538176207402,0.157353543325898,0.14477253037981,0.133663586002422,0.0826353733952528,0.111794417717158,0.0986729875955741,0.138142940277992
2295,0.101295732923761,0.156971897261621,0.144496303170515,0.133414560771245,0.0824096695725047,0.111643453969396,0.0982695759873782,0.137694195125068
2296,0.101034465835128,0.156758654072895,0.144088686122584,0.133074621843049,0.0822588839020175,0.111267153582414,0.097960786078091,0.137418551464698
2297,0.100783965569358,0.156502723300372,0.143788242283254,0.132764442250201,0.08206486741783,0.110795125231695,0.0976030566038455,0.137218185122317
2298,0.100534931672769,0.156102949003856,0.143604149181118,0.132412916985113,0.0818141356824497,0.110477754555723,0.0971558782824608,0.136890367172012
2299,0.100177765577309,0.155745997687214,0.143231734379088,0.132067577360431,0.0814907114986577,0.110151147248481,0.0967734914352895,0.136448589921175
2300,0.0997016500755176,0.155488319884011,0.142727738807313,0.131730908831689,0.0810002770675309,0.10979363588042,0.0964149088449779,0.135949934328624
2301,0.0994137543148657,0.155072378588913,0.142337088768613,0.131354409145019,0.0806616469971059,0.109528821255419,0.0960039624258727,0.135511667818026
2302,0.0991087022898421,0.154436694639665,0.141896187794462,0.130916035331883,0.0803232173327819,0.109356081407233,0.0955647519028721,0.134911121428297
2303,0.0988471873321665,0.154083646972486,0.141518362986771,0.130562376830913,0.0800788169482828,0.109126247965875,0.0951869995974289,0.13448468258169
2304,0.0987956815849107,0.153890464013557,0.141269046640988,0.130234466525442,0.0799714171390492,0.108950115939845,0.0947849509850824,0.134260507111588
2305,0.0985275255089591,0.153497518828956,0.140873559710663,0.129861642908287,0.0796863731926847,0.108695410627952,0.0944533344703527,0.133867439372163
2306,0.0981282708484422,0.153116183682929,0.14038179112297,0.12955996451912,0.0793652407077112,0.108436311808316,0.0942597155544761,0.133347296119343
2307,0.0977751337613221,0.15276240103787,0.139990414007437,0.129156874962038,0.0790879483591087,0.108085837820541,0.0939074128731348,0.132997463473804
2308,0.0973815824498402,0.1522570962845,0.139623917900711,0.128601127536754,0.0787291142586967,0.10760036429252,0.0934813015935522,0.132768968542695
2309,0.0970020817170959,0.151864129279325,0.139187536283088,0.128194616591165,0.0783960898062756,0.107216731417515,0.0930742848748659,0.132382967412618
2310,0.0965317778139878,0.151688812514234,0.138756383721892,0.127867386716348,0.0781605114406213,0.106777518255012,0.092576648922697,0.132018176821211
2311,0.0962819592432662,0.151320790578712,0.138337127768006,0.127445420150695,0.0778454893452253,0.106455341448067,0.0921884071564669,0.131615971533954
2312,0.0962574428027972,0.150766930272658,0.137831735908422,0.127012595090192,0.0774050375825469,0.106287888646191,0.0918987032222353,0.13105349064196
2313,0.0959374475193277,0.150360504846403,0.137388689536855,0.126634702598163,0.0770882127319158,0.106004475330143,0.0915286834040558,0.130585920620858
2314,0.0955427518939085,0.150039807043844,0.137050569610674,0.126225133332679,0.0768951745284731,0.105723324394414,0.0911448635379431,0.130253031269085
2315,0.0952818717449065,0.149605545607259,0.136659298815654,0.125824160770144,0.0765401748400103,0.105418305442738,0.0907811932956357,0.129747426429098
2316,0.094895292424312,0.149100330517821,0.136255230926251,0.1255324153769,0.0760995159106313,0.105036750021735,0.0903861788895405,0.1290009579531
2317,0.0945699441282284,0.148732596644628,0.135799772659679,0.1251459714102,0.075750557970199,0.104702222571705,0.090026811545909,0.128567479985546
2318,0.0944941150799405,0.148391311423928,0.13528649343352,0.124614299455583,0.0752708285076629,0.104405805375714,0.0897411499424654,0.128356118657439
2319,0.0942262755450875,0.14798988621414,0.134843507018513,0.124200215224307,0.0749791851810525,0.104076702964983,0.0893646196032025,0.127904329044055
2320,0.0937020539376102,0.147652079479614,0.134396194627582,0.123879772055872,0.0750297489370618,0.103699866644152,0.0889260290527911,0.127491200369522
2321,0.0933699692031798,0.1473455770311,0.13392696122417,0.123470341315261,0.0747550620966532,0.103385706307504,0.0885163317551509,0.127068737603615
2322,0.0932083299581198,0.147018809860726,0.133466366458745,0.123075431748932,0.074270659175469,0.103143216740299,0.0880928856955952,0.126340649111649
2323,0.0928856639922689,0.146604066047538,0.133054186837051,0.122660789338848,0.073980868882656,0.102808750775314,0.0876756569876246,0.125864356206622
2324,0.0925254564848419,0.146261839218255,0.132670756006922,0.122093339948183,0.0736711769104262,0.102477446206181,0.0872407198042759,0.125768195401481
2325,0.0921593505777325,0.145860719016971,0.132246213193834,0.121662959869863,0.0733070548516688,0.102129608140632,0.0868570346634431,0.125387146922051
2326,0.0915354678248492,0.145209788129958,0.131846608194186,0.121429525829202,0.0730848452755149,0.101582856845827,0.0864792583257661,0.124814246576666
2327,0.091211658780215,0.144730231534054,0.131459740947069,0.120994078676863,0.0727981939596741,0.1012337301593,0.0861068632843509,0.124381710423766
2328,0.0912709961526749,0.144406537247965,0.130993488997901,0.120416769360834,0.0722380716842766,0.101131901791447,0.0858450810164575,0.123930592257317
2329,0.0910126305858563,0.144007122336193,0.130575764462609,0.119991476032033,0.0718962941086918,0.100836351532629,0.0854961652138255,0.123445181933545
2330,0.0906879859747933,0.14360003853095,0.130369659391881,0.119542387250539,0.0718877196973262,0.100465619242145,0.0850662880543108,0.123053469367794
2331,0.0904152314416299,0.143228315021697,0.129948608939911,0.119085204010398,0.0716203602587352,0.100189557825174,0.0846894105353204,0.122638355547577
2332,0.0898562061021373,0.142880454160238,0.129277706895558,0.118809915564734,0.0712703587603115,0.0998919276031017,0.0843037348163442,0.1221180956812
2333,0.0894831127949224,0.142487366440295,0.128769055135394,0.118445904396055,0.0709180244107459,0.0995277454458693,0.083886209438124,0.121628834777812
2334,0.0894689861039421,0.142103943989788,0.128182977866656,0.118038451041084,0.0703511096486828,0.0991767616407669,0.0834101845643194,0.121219247375153
2335,0.0892326887358503,0.141686625305765,0.127686736034153,0.117432551070556,0.0698210788230813,0.0989353435297121,0.0830657685669924,0.120778221513639
2336,0.0886697772155517,0.141372849747565,0.127373221386342,0.117018693278929,0.0696577568354841,0.0984845800998254,0.0826973399342836,0.120243360714003
2337,0.0883304712588571,0.141046771280786,0.127103249082208,0.11658746099109,0.0694308002309093,0.0979550354170123,0.0823697660581584,0.11967625766222
2338,0.088066101137917,0.140553640200275,0.12672521300374,0.116041252113325,0.0690975685644258,0.0977182568924219,0.0820550652345174,0.119472143341937
2339,0.0877005830676868,0.140151301397795,0.126238778292025,0.115665196089507,0.0687788746556644,0.0974936167330457,0.0817404066853184,0.119220324664936
2340,0.087424159719988,0.139738738908642,0.125835495782365,0.115346306205019,0.0684696495871722,0.0971710094244187,0.0812955710828413,0.118772632166383
2341,0.0874221885139032,0.139160226272485,0.125435663534796,0.115151247839873,0.0679884167065862,0.0968687046890053,0.0806494701048298,0.118339673888227
2342,0.0870946310607186,0.138778384977001,0.124963661551552,0.114692755539325,0.0677350436935514,0.0965759730345954,0.080309123974329,0.11793678886356
2343,0.0864625699298772,0.138663917166975,0.1244690213905,0.114168482171243,0.0677207422288618,0.0961786873825984,0.0800662278226671,0.117292481354834
2344,0.0862186903623254,0.138214867775542,0.124062940573091,0.113830755332273,0.0674514473252607,0.0958771204994552,0.0797211595457218,0.116847837469727
2345,0.0861669486220863,0.137538713596205,0.123624594764806,0.113382424943761,0.0670928405653318,0.0957209585557885,0.0795411779915927,0.11668051676239
2346,0.085830282364368,0.13716491792252,0.123197593067285,0.113008339865741,0.0667908317982511,0.0954161616423204,0.0791797121932254,0.116246781973211
2347,0.0855215025765787,0.136820120971602,0.122840350584418,0.112906657050651,0.0664404063507703,0.0950398523765471,0.0785410446276697,0.115650153333826
2348,0.0852184920082733,0.136464623211609,0.122490392908994,0.112605203193738,0.0660873971743407,0.094668126885133,0.0782232528438302,0.115131802301409
2349,0.0846687085222932,0.13637174124293,0.122160999287998,0.112095167514751,0.06572622864661,0.0942171646314265,0.0781531319492873,0.114537998301445
2350,0.0843178806603649,0.135978204948109,0.121715464969245,0.111719783190062,0.0654652809220225,0.0938771629641739,0.0777510342156297,0.114127605818691
2351,0.0842066264079833,0.135222343958746,0.121202793125721,0.111499254695658,0.0652200833311445,0.0935483863522562,0.0772108276242662,0.113765329266145
2352,0.0839353972853864,0.13488137756233,0.120891330664259,0.111091777965354,0.0649293043269277,0.0932677308711412,0.0769230923935204,0.113464927043576
2353,0.0835629758058458,0.134699994098378,0.120607956635123,0.110453500002062,0.06468982907689,0.0931187673007598,0.0765594643835398,0.113463635427927
2354,0.0832346162064143,0.134456477641876,0.120195908231077,0.110128684559317,0.0645164313811136,0.0928561698907823,0.0762488455392979,0.113067706256358
2355,0.0829069320031366,0.134496312813152,0.119870844662642,0.109997344595409,0.0643470765370998,0.0925442795964758,0.0763281970222453,0.11239475177706
2356,0.0826421670967363,0.134173541226553,0.119607745350353,0.109620906237508,0.0641037582661808,0.0922667153524322,0.0759978387769032,0.112007710614353
2357,0.0823824655841936,0.133498867890031,0.119204564463063,0.109195997696853,0.0639556152312553,0.0919714580766925,0.0752397660405012,0.1115879163162
2358,0.0821411810899131,0.133138881804947,0.11884407940711,0.108970796439737,0.0637138289993391,0.0916763416129927,0.0748499942158179,0.111160631914916
2359,0.0819537294055256,0.132792484376913,0.118729540435055,0.108707694372649,0.0632787218335138,0.0913739763086368,0.0745852229218141,0.11094466866907
2360,0.0817977950310978,0.132481915629429,0.11844777072308,0.108399145529553,0.0629698975477575,0.091125685056928,0.0742008667027154,0.110595161083242
2361,0.0817408447179385,0.132421055746322,0.117932804873807,0.108367084498831,0.062762600242821,0.0909207341267466,0.0738744428633676,0.110063983255015
2362,0.0814899260290845,0.132135264456836,0.117542315293619,0.10811117023093,0.0624877767347428,0.0906492799255711,0.0735678089030784,0.109605018612853
2363,0.0811550890947427,0.131672517791344,0.117292008341303,0.107471725115935,0.0621777769452951,0.0903734793754209,0.0731789311669111,0.109221598899784
2364,0.0809021342387423,0.131311370060212,0.116900098202472,0.107118374769025,0.0618631761436483,0.0901387931803372,0.0728194122664284,0.108810849279944
2365,0.0805083709383566,0.130940595030456,0.116350214184162,0.106944221668247,0.0615752649823223,0.0899084567475778,0.0725153099798556,0.108313674618082
2366,0.0802185027115405,0.130561775608286,0.115954680240051,0.106717985151965,0.0612236547674942,0.0895969544949063,0.0722840456470793,0.107885184032517
2367,0.0801150997465056,0.130160003728375,0.115549763068552,0.10662020891201,0.0606729560718712,0.0892256006477969,0.0720949675038273,0.107483882771058
2368,0.0799010897327365,0.129854124357399,0.115245505223516,0.106311650312121,0.0604282940743757,0.0889930386407423,0.0718158778950478,0.107165503152671
2369,0.0795863386839256,0.129602823145792,0.115236574773365,0.105801093581203,0.0604383478194712,0.0888575722443007,0.0716891289899083,0.106999987225212
2370,0.0793417119514578,0.129320531302351,0.114879468510645,0.105498901184127,0.0601961618997123,0.0885109424180132,0.0713577002551947,0.106630222702039
2371,0.0791561650166008,0.129170738675894,0.114300045353717,0.105209768646974,0.0599725120501772,0.0880775370133605,0.070646721320723,0.106230771413121
2372,0.0789192244064724,0.128866655141319,0.113887218176307,0.1048796645464,0.0598006131922819,0.0878194932489124,0.0702627538626077,0.105824128192935
2373,0.0786758560163439,0.12839479101781,0.113378411181101,0.104721918341164,0.0595025750110405,0.0874949935316059,0.0700875264700693,0.105100141877149
2374,0.0784226579022207,0.128013796066427,0.112875372704455,0.104436716522762,0.0591807487614141,0.0871401855770655,0.069736230274265,0.104724771652031
2375,0.0781227828561299,0.12761346783963,0.112423278480945,0.103937718089482,0.0589705772188898,0.0869224931857925,0.0693612843573661,0.104718134314741
2376,0.0778499852644069,0.127231821993245,0.112097076268927,0.103558365506977,0.0587349669782413,0.0867565272370052,0.0691093917173091,0.104447731648622
2377,0.0775705751409184,0.126917126203669,0.111836153127241,0.103229853546781,0.0582987115043148,0.0865761270454872,0.0688331104196261,0.104193109638988
2378,0.0773284174506426,0.126551305110863,0.111448116174555,0.102925060532609,0.0579872918694003,0.0862519518368332,0.0685227410048261,0.103916087840047
2379,0.0771344599140229,0.126168719065701,0.111188185101784,0.102695838610421,0.0578671463515171,0.0860033072148268,0.0683974943091813,0.103457889228641
2380,0.0769056377057164,0.125752843886571,0.110849523986965,0.102380606863638,0.0576615602432633,0.0857289533401513,0.0681547020183103,0.103065835922192
2381,0.0767080549990099,0.125243178182159,0.110194920296713,0.102027572744776,0.0574275992778317,0.0851322275080275,0.0676665233841789,0.102776539737691
2382,0.0764656337796806,0.124838994045205,0.10977016732689,0.101717710756402,0.0571554606116503,0.0847513173747966,0.0673271365870741,0.102428925870734
2383,0.0761295244332499,0.124479532461699,0.109585419463874,0.101300926702271,0.0567950563256271,0.0846174866457582,0.0671025845431853,0.102047004997856
2384,0.0758748443427672,0.124100806878465,0.10928244158294,0.101021876920602,0.0565548172856642,0.0844159971092449,0.0668450232783681,0.101611100790479
2385,0.0756683228429665,0.1237588235223,0.108934943413479,0.101059158417337,0.0563979573409878,0.0842946964861362,0.066685343704218,0.101060967456176
2386,0.0754306986477451,0.123457829664675,0.108660546199632,0.100762514277014,0.0561429907302328,0.0840243899483868,0.0663710296997381,0.100651203228051
2387,0.0752950397857134,0.123220572732434,0.108485817189459,0.100193690331715,0.0559311594232861,0.0836504151291918,0.0659151486518502,0.100244333363107
2388,0.0750200234961721,0.122877070384821,0.10815782529223,0.0998524476395228,0.0556946327639579,0.0833332151388329,0.0655410375968561,0.0998803263647769
2389,0.0745428212652974,0.122518655575304,0.107804344610586,0.0993717992797872,0.0552519711728896,0.0827686521491857,0.0650831657786476,0.0997440442125568
2390,0.0742176191133799,0.122167422265191,0.10742705737615,0.0990297955978493,0.0549847039555749,0.0825046931995488,0.0646827903768676,0.0994505213448053
2391,0.0739069793023248,0.121618781968066,0.106688499252408,0.0991456216911338,0.0549730059481556,0.0826956153321409,0.0643516443494814,0.0990497105631517
2392,0.0736045695639561,0.121265960868435,0.106334401658648,0.0989364303650068,0.054763903141147,0.0825316029479576,0.0640657258348817,0.0986694035004196
2393,0.0733216560641849,0.12117044336524,0.10652595700328,0.0984770514234113,0.0545113862594629,0.0822620096650878,0.0637676992218857,0.0980894181258809
2394,0.0731807136336088,0.12091317903625,0.106238604876415,0.0981052717412039,0.054246041979881,0.0820612897462457,0.0635498445895419,0.0977686024233133
2395,0.0732024612738431,0.120762636090336,0.105737495187249,0.0975383854620671,0.0537430351939735,0.0816665508071909,0.0635415694870949,0.0977792607601923
2396,0.0730790677381917,0.120407745305098,0.105435932328356,0.0971615566450732,0.0534230390159493,0.0813049077100607,0.0633908546375383,0.0975205471822438
2397,0.0731664581800654,0.119665123800662,0.104882764955347,0.0970794353193333,0.0533147814058259,0.0810514512898835,0.0631796501797506,0.0972199290955887
2398,0.0729803293918039,0.119198413045065,0.104428319574588,0.0967876653252012,0.0530779449116309,0.0808233071709058,0.062990398811885,0.0969771019548852
2399,0.0722433646671952,0.118810751182222,0.104404976644168,0.0963685139709884,0.0527185449760532,0.0805901485865394,0.0627177417050792,0.0966372046938687
2400,0.0719087299764737,0.118389668715975,0.10414562746804,0.0960859408014165,0.0525749770844723,0.0802695951853712,0.0624823762136643,0.0962030309199678
2401,0.0719072673574586,0.118087551948565,0.103558600590554,0.0958328262835313,0.0527510563699781,0.0798489651164738,0.0623860690962779,0.0957424560301975
2402,0.0715570615337247,0.117837952025174,0.103140262256011,0.0954774572051418,0.0525070308713891,0.0796443419053721,0.0621361805268899,0.0953861987876051
2403,0.0710493916056337,0.117589847028668,0.102803230919204,0.0952003803881712,0.0520068029412611,0.0797286520591999,0.0617626377078492,0.0950713017298771
2404,0.0707997550151201,0.117298011456797,0.102417058599888,0.0948838315738564,0.0517577613061359,0.0793987588746951,0.0614148309887625,0.0945375658425851
2405,0.0704998772821314,0.117150376713366,0.102045186555502,0.0943107135206454,0.0512500984656353,0.0787235658900932,0.0609056370831292,0.0937729789561664
2406,0.0701004384079668,0.116886477329121,0.101712281738051,0.0938940198278181,0.0508657876643426,0.0784792611243416,0.0605316524227529,0.0933825770446367
2407,0.0698308683266375,0.116408021574253,0.1014364836622,0.0937246586013607,0.0509724015676232,0.0782094627217541,0.0603704798226944,0.0930883949998785
2408,0.0697096909798805,0.116043793064783,0.101062441550238,0.093399109996413,0.0508849100204071,0.0778722531409569,0.0600434042734744,0.0926661255793065
2409,0.0695219927966731,0.115742959328909,0.100612264608981,0.092982940191,0.0505597627409166,0.0780635906188993,0.0595447843233177,0.0926796379718599
2410,0.0692780781031907,0.115397236753989,0.100243645082364,0.0926121733249609,0.0502951088720213,0.0780246191305878,0.059240543990352,0.0924366666923765
2411,0.0694447258378309,0.115173732173423,0.0999295077910889,0.0921376104626277,0.0500785523078603,0.0774199686226879,0.0589015694951143,0.0914668459628259
2412,0.0692965513185913,0.114767133279938,0.0994700915607027,0.0917360188296622,0.0498369523018789,0.0770924256256923,0.0586578078855387,0.0910314703269497
2413,0.0684695936852584,0.113978542372017,0.0989084907765992,0.0915031093695112,0.0494962112155705,0.0771087758179902,0.0589556232615273,0.0911478978398079
2414,0.068095186203511,0.113538869675502,0.0984818794476557,0.0911712663782091,0.0492780846671486,0.0769267617159185,0.0588049278369004,0.0909303026017166
2415,0.0680871413000342,0.11340699594801,0.0979023151622129,0.0907327379938249,0.0492362478469117,0.076805978135102,0.0581901087259454,0.0907701537778581
2416,0.0678419605186611,0.112997411067453,0.0974749891625716,0.0903738840526616,0.0490129547910915,0.076520343108235,0.0578202131766151,0.0906369975099021
2417,0.0678469204370809,0.112570457870043,0.0972711861688538,0.0899037310995522,0.0484832875155472,0.0761379551841714,0.0573107746251333,0.0903671477724677
2418,0.0675094856510785,0.112257999388141,0.0972324207629196,0.0896684317136182,0.0484847394057161,0.0753426549850905,0.0567543701262285,0.0899350958419471
2419,0.0671991250674929,0.112060920023775,0.0970197621863497,0.0896400597611063,0.04848414756799,0.074833124065834,0.0568397772611518,0.0895146914006374
2420,0.0670233058353753,0.111412899954545,0.0965207175843737,0.0892673866450166,0.048019912224912,0.0748101562581328,0.0570855854608978,0.0889965668804146
2421,0.0667201916415039,0.110767486988216,0.0958785443062226,0.0889835376268249,0.0474888988958098,0.0745828629534611,0.0569346575231953,0.088555962375568
2422,0.0666147263448228,0.11069044960876,0.0955998943725528,0.0887203022569796,0.0472384301993671,0.0744235171834618,0.0567135611117052,0.0877586921891251
2423,0.0664153395702568,0.110468375047291,0.0954591663424594,0.088248073363158,0.0470191833619945,0.0740748041575248,0.0563080644583403,0.0872082670800653
2424,0.0657427993386675,0.109700119987243,0.0951398967234483,0.0880735684739966,0.0467422427396117,0.0733135656771966,0.055871709485646,0.087285963314488
2425,0.0653752058874489,0.109156192623031,0.0948152733018731,0.0877813316500115,0.0467270083166658,0.0732692564421154,0.0555005470249402,0.0871201561602407
2426,0.0653678483102633,0.108949820460014,0.094449841823292,0.0872806905366074,0.0467341345334245,0.0733592846458043,0.0552966320233696,0.0867943073832367
2427,0.0649541727801844,0.108532999337974,0.0938406134722464,0.0868870800014264,0.0464804482434063,0.0732744103358901,0.0552505941976998,0.0864454124573626
2428,0.0646500165555783,0.108281394091159,0.093324654528897,0.0865265229314629,0.0462435041220292,0.0733696170529136,0.0548343549173742,0.086011159783848
2429,0.0644019773678953,0.108215892063863,0.0930053018933974,0.0862250607796804,0.045828956239539,0.0730873005379642,0.0544273901658869,0.0854372809125186
2430,0.0638432619917349,0.107889109744294,0.0925547798282979,0.0860711072561353,0.045310562243465,0.072580189055805,0.0541204342785296,0.0848253201925395
2431,0.064001473075741,0.107579843900909,0.0923883815239856,0.0857194632648917,0.0453115371770238,0.0721661515596984,0.0534686653365575,0.084578617573146
2432,0.0642460529093016,0.107222921294862,0.0923346491067723,0.0855220421914774,0.0453425353361316,0.072026355771721,0.0531917900238315,0.0843121430931877
2433,0.0639459234886642,0.106873137105702,0.091785153108305,0.0857983580971641,0.0450651568346852,0.0718205495258537,0.0534647942726627,0.0840152075205595
2434,0.0639709518016634,0.1066154938413,0.0912003621738732,0.0854021369524711,0.0449218714764368,0.0714875275173434,0.0533872935192682,0.0841575126576468
2435,0.0636638588440957,0.106507019857596,0.0906981396758222,0.0843571287959065,0.0444849736934314,0.0713397080395767,0.0530765123335797,0.0840182094667226
2436,0.062695789920079,0.106145441399365,0.0899821828654784,0.0838063881281317,0.0437475431764239,0.0707461619960895,0.0529303477394371,0.0834863857036892
2437,0.0622774446467281,0.105046413050108,0.0897817339066736,0.0835198870211357,0.0437120361504038,0.070030782675469,0.0527114036394733,0.0829950292184297
2438,0.0622447898012265,0.104445898147508,0.0896593115733092,0.0830252311987936,0.0443587736680545,0.0698323485659981,0.0523985882436201,0.0821693947686428
2439,0.0620384629064549,0.10437559224445,0.0887213958900595,0.0831518047478599,0.044268647940339,0.0698891461396488,0.0522750437739705,0.0815229167520703
2440,0.0621364659714889,0.103779260039858,0.0882929981983685,0.0835502585818245,0.0437657920507443,0.0696526767499458,0.0521863072195657,0.0813061506115924
2441,0.0622202704107882,0.103611349918477,0.088621769078055,0.0829760546511602,0.043730389604863,0.0690909563260894,0.0520205170354051,0.080736410066581
2442,0.0620947393406863,0.10381441919998,0.0884532771002678,0.0822238947129753,0.0434284947196089,0.0689963299269033,0.0519692866501809,0.0803945120280653
2443,0.0619576541481853,0.102859182040386,0.088055611131546,0.0818852378242981,0.0433032167842718,0.0689987665581244,0.0515789535672037,0.0806528010148868
2444,0.0615095991166773,0.101989018189448,0.0879913005093428,0.0814699031097173,0.0433715957046543,0.068801963339802,0.0509864891098195,0.0802582342661983
2445,0.0611300937621666,0.10209806554289,0.0871343092814413,0.0813085946730101,0.0427993663490496,0.0688875775223812,0.050677003399429,0.0797181180949408
2446,0.0610067001419715,0.101441304137901,0.0859752288005378,0.0811616182078337,0.0420917058494597,0.06874934134361,0.050385248199505,0.0797851951300939
2447,0.0605832566308827,0.100471204307481,0.0864900118685938,0.0801667393621127,0.0420421435839457,0.0682139822230652,0.0502466799177725,0.0792823503797873
2448,0.0600226867309408,0.100504069076168,0.0869869279046915,0.0792358469405685,0.0424340290605852,0.0679177340056893,0.050346217346758,0.0788052622756002
2449,0.0596054184165201,0.100835227365885,0.0864096926843853,0.0793383004783743,0.0422223081666057,0.0675168950459983,0.0501970869373547,0.0791992236997405
2450,0.0594281492943343,0.100716307087054,0.0861774813783063,0.0793831722887819,0.0416424439108726,0.0668923146799491,0.0494079315568698,0.0793767824003772
2451,0.0598244582232843,0.0999485482290059,0.0856791875503497,0.0789004221618289,0.0415196576957982,0.0665288631687827,0.0489496142709222,0.0789892268796044
2452,0.0598652397097877,0.0992361476256602,0.0847578233329982,0.0788145779213249,0.0414378993585782,0.0661318544088379,0.0493204940016368,0.0784289054087
2453,0.0591671992356077,0.0987911523296445,0.0847602925069228,0.0782632294500121,0.0409234837498213,0.0660186555904254,0.0491296080251753,0.0779974672736202
2454,0.0585224188019187,0.0978717466023725,0.085107914560305,0.077099981387727,0.0408718846143671,0.0662086558252038,0.0485805929558869,0.077591579798551
2455,0.057818467629072,0.0978415916128003,0.0837584728375297,0.0783927511795959,0.0402341929871951,0.0664073744933362,0.0482598185646402,0.0777957104045304
2456,0.0573960857962527,0.0976813246171495,0.0834253540237802,0.0785613594448595,0.0397909436028434,0.0661599934978254,0.0479129046000228,0.0777984126088011
2457,0.0576380729461004,0.0965740588123688,0.0841160656583616,0.0776268718371937,0.0408007540856654,0.0653704677783584,0.0478702863873607,0.0776910126676637
2458,0.0577005860077247,0.0959921769525764,0.0837759773881201,0.0773177884055363,0.0410134963738022,0.0652008338307862,0.0477455325432862,0.0774512513186203
2459,0.0577756239275789,0.0964734069924534,0.0832325715633556,0.0768451832813627,0.0400723441361266,0.0651885835768668,0.0474114794162138,0.0771132491474967
2460,0.057679406979837,0.0962447398416174,0.0830349948008054,0.0763344097192254,0.0397169699144599,0.0649461690614106,0.0470673364863201,0.0765959609650269
2461,0.0573454813960385,0.0954203051300472,0.081950485669118,0.0765088031281574,0.0397032412791295,0.0650261040594072,0.0466229080302298,0.0754956109497532
2462,0.0572881792905844,0.0949861414915969,0.0812135741208158,0.0764241851270713,0.0393014163086298,0.0652707675234365,0.0462924506231241,0.0750890402495441
2463,0.0573859694279118,0.0941344828510622,0.08142625241355,0.0756355939602547,0.0385781034297234,0.0654360013308053,0.0461684942916324,0.0754084724402606
2464,0.057272799404375,0.0938346421267252,0.0813587228950753,0.0753528391408949,0.0384845025917181,0.0651805664704149,0.0459357077958026,0.0750748707130723
2465,0.0572669932769429,0.0946126058236725,0.0807942916089132,0.0756787391905249,0.0386307363235425,0.0651770361804129,0.0455015555050584,0.0745146264646058
2466,0.0572966677212317,0.0946781227636131,0.0805481559425977,0.0754413478377466,0.0384737477839426,0.0650041222958622,0.04535505457743,0.074363475722232
2467,0.0572214268672859,0.094612448814387,0.0811530686672321,0.0750796994770245,0.0389668205052282,0.0638218880022657,0.0455685869171138,0.0741502890720496
2468,0.0568040441646148,0.0944490296419425,0.080980045465118,0.0747732730599919,0.0390079880189367,0.0632150807733684,0.0452338013621595,0.0735879041811403
2469,0.0560671580340483,0.093576930476885,0.0798384638370676,0.0738341465517984,0.0380145686359845,0.0633600785960771,0.044457721831838,0.0731876960534924
2470,0.055835018712121,0.0930798033872036,0.0794631186259171,0.0733044476587396,0.0376613513170639,0.0630343090852494,0.0444553010255158,0.0729511973395042
2471,0.0555779741312265,0.0930705631470942,0.079081607045958,0.0734073327797275,0.0377131407733293,0.0621668901417845,0.044453844683161,0.0722107727233928
2472,0.0552403452122832,0.0927204328184193,0.0787783130928097,0.0732230263182147,0.0376964181643416,0.0619798405524775,0.0443451352916483,0.0716931638908125
2473,0.0555739716624441,0.0918668167746324,0.0793217700185733,0.0727785884872252,0.0381037729321878,0.0623301786697052,0.045373371736917,0.0716154450771144
2474,0.055536819913906,0.091575814637306,0.0795806138534178,0.0726928108879084,0.0380512837523449,0.0621691875784392,0.0455993208313087,0.0717652941846537
2475,0.0547823142241845,0.0917758243460144,0.0797551750440331,0.0730213147406063,0.0374819110395358,0.0622479844404328,0.0449704165003206,0.0720875147027349
2476,0.0543453899148833,0.0914775924738116,0.0793170187819665,0.0727302659675741,0.0372556097299251,0.0622149139318583,0.0444533466429276,0.0719138426535882
2477,0.0541067579190866,0.0911071791848079,0.0782022551711742,0.0720031245627962,0.0371653938739869,0.0613848602757484,0.0433250038616452,0.0722171949223289
2478,0.0538411267984351,0.0910766586536455,0.0778740021316536,0.0719870871909366,0.036841251653504,0.0609848562401575,0.0428388759652833,0.0720923363145303
2479,0.053982962511728,0.0909592755656999,0.077145521376658,0.0723236045984246,0.0361975774365683,0.0610640146283368,0.0424790237709666,0.0702593154139971
2480,0.0534428906852432,0.0906028036476053,0.0769328529838493,0.0718701139331639,0.0363445832116509,0.0610734979981504,0.0424581482039289,0.0700534977915018
2481,0.0517048754547817,0.0907104752507261,0.0786041966178899,0.0712582747329149,0.0371143897321762,0.0612700151206758,0.0435761061654185,0.0717383136580539
2482,0.051580342656565,0.0906410961786194,0.0785431963300787,0.0710771196615632,0.036986239876294,0.0612854046692338,0.0439050320867667,0.0717023591097316
2483,0.0522710048431064,0.0892707151089889,0.0769659801359727,0.0704342507001786,0.0370662539497848,0.0610489396860409,0.0439870557631317,0.0714070770087607
2484,0.0523065500468196,0.0890212528672947,0.0765674066300374,0.0697402818350097,0.037137728024651,0.0609880759186083,0.0439363489340793,0.0712582268881885
2485,0.0537710214343172,0.0905897170038548,0.076058871382576,0.0697314707780309,0.0361259339003277,0.0610964552393902,0.0428018640400498,0.0695651062511438
2486,0.0540455936551496,0.0905058276243976,0.0751865091463818,0.0696194318426941,0.0355236736122289,0.0609943659355747,0.04264343812003,0.0686983173617626
2487,0.0523152707749741,0.089239632599008,0.0747856312092782,0.0682906816130674,0.035568808220743,0.0606733096454825,0.0434536778995639,0.0687835858725312
2488,0.0517078250449465,0.0893202191468428,0.074523482591214,0.0682158085167582,0.0356688936318259,0.060877646649627,0.0435194826397992,0.0686013668955451
2489,0.0515687445220496,0.0899141293947452,0.0735821040102798,0.0705223134606184,0.0357345600821232,0.0612210816584003,0.0439964610278947,0.0682386887868786
2490,0.0514765178239415,0.0890289604761859,0.073340388155176,0.0706804108155383,0.0355253454924513,0.0613482939191047,0.0441228465990795,0.0681758941071252
2491,0.0517121735436492,0.0880436784086142,0.0743045480349276,0.0689498057228741,0.0354237446158325,0.0625180902612023,0.0430060209454842,0.0687413566373964
2492,0.051458504485364,0.0877951181929751,0.0743530894871444,0.0687797408148308,0.0355677672567862,0.0623905987652669,0.0425959480617858,0.0690235632857972
2493,0.0510939035431102,0.085498864865725,0.0731953873734855,0.0689930627570027,0.0356292102448002,0.0604116012113517,0.0429789059604344,0.0693517308016546
2494,0.0509753694974311,0.0849123209526876,0.0739130550340953,0.0682093417193601,0.0350032647127086,0.059970801724045,0.0426207777503978,0.0689202679006259
2495,0.0501843112912296,0.0879692603202406,0.0771464731089075,0.0677935956077086,0.0341114894571017,0.0602034492931649,0.0414746567013222,0.0676869669899582
2496,0.0507415672941523,0.0883507573162819,0.0772576326497338,0.0683731191011708,0.0343374817441405,0.0594421671858656,0.041327806271564,0.0675439136453886
2497,0.0530229876031501,0.0871145855524182,0.0756591525971802,0.0681505772742706,0.0345151414439795,0.0585776266177324,0.0414678454071288,0.0677008900575575
2498,0.0534472497619548,0.086255696465206,0.076212191907589,0.0673167863221006,0.0343992343226463,0.0586367321850111,0.041657876004537,0.0670840614390653
2499,0.0537401640173151,0.0842123799211294,0.0755549559381237,0.06791059383967,0.0352439668592504,0.0580212047516308,0.0431784894942692,0.0667450078562635
2500,0.0540796811031284,0.0829920280774127,0.0745629631980605,0.0684710639889966,0.0358434709303311,0.0578589138708083,0.0434294955540958,0.0666509452734394
