"wavelength","704","708","712","716","717","718","731","732"
350,0.0333818676060564,0.064908267661331,0.0390848782518345,0.0782185046089898,0.0193424547594488,0.178080873459985,0.0325222358582132,0.118847751011656
351,0.0345926706743525,0.0655978144540376,0.0409054416795837,0.0829716062952002,0.0208110591718193,0.181041277989489,0.0331050844326337,0.120549688809889
352,0.0280877840543586,0.0573537318226409,0.0322796998926328,0.0788655782186225,0.0203413885282795,0.177897037776882,0.0309608076382541,0.119092468791895
353,0.0315718194081817,0.060299264936288,0.0341122657662509,0.0800792599134764,0.0239255012212025,0.176163432814099,0.0329373549350407,0.120023465627812
354,0.0320714072028832,0.0623573468472758,0.0324982621613171,0.0782035792060494,0.0236467476241083,0.175874868354304,0.0310058548406546,0.116643742374363
355,0.0312839940050029,0.0623808180087129,0.0314576674930514,0.0764232210515191,0.0216409067961892,0.174794633667058,0.0292887401666798,0.11399835558779
356,0.0325892337880697,0.0612778748139255,0.0362044487841259,0.0783407176465688,0.0213185674549557,0.17126773190662,0.0324779250207249,0.117055533624941
357,0.0291503652516084,0.0570207267908448,0.0358127252944965,0.0752990558258746,0.0184961022555735,0.169946321216527,0.0326512798077548,0.115078280129017
358,0.0282823111087167,0.0547973706119821,0.0358624916912277,0.074816243535151,0.0193977660458661,0.171197146287381,0.0322578621880669,0.112847108042076
359,0.0313030157232677,0.0560650402998293,0.0377964489437133,0.0782322938717326,0.0239546677937121,0.173106097134057,0.0324534689378518,0.112671540614837
360,0.0266786680913412,0.0549686868073664,0.0329390537274166,0.0732107076974879,0.0188015615581141,0.169355767525429,0.0304226046201465,0.110098408550552
361,0.0265762809386137,0.0549122765593822,0.0319789784133824,0.0722140027485121,0.0193386374113658,0.169065179146277,0.0301633353575461,0.111246389018348
362,0.0304469114168231,0.0569300799813002,0.0349152696814084,0.0755346088648948,0.02423107501048,0.172176021284529,0.0322885203730168,0.114673984997977
363,0.0310076915848234,0.0606836692102139,0.0359591648930955,0.0769562990836593,0.0233520656744159,0.173564007443262,0.0354186568327516,0.11492986780832
364,0.0321053769882823,0.0602298372387273,0.0360567594020042,0.0759657967868809,0.0234498233659337,0.172674074918066,0.0350076285143706,0.114211900260904
365,0.0315898587721369,0.0570179936155673,0.0348422380223394,0.0734244437984348,0.022132666887927,0.169432427744898,0.0322831509732459,0.111767645278251
366,0.0281324743872753,0.0540719180879261,0.032769818760102,0.0710097289914261,0.017753633820445,0.165336521914951,0.0299173618564296,0.108120134331377
367,0.028193272588806,0.0541814167801799,0.0344059810948359,0.0723351387354432,0.0192295566404488,0.167782984763521,0.0313030357597442,0.111808644751571
368,0.029933904988156,0.0550836715329261,0.0353970148937711,0.073218909742473,0.0207741048967426,0.169849169528754,0.031913190238025,0.113509786859754
369,0.0315288645669652,0.0555877455354473,0.034679959315136,0.0722876786825073,0.0204195026155801,0.169143818264875,0.0306773142207842,0.110858163829251
370,0.0315104023588806,0.0565307620013003,0.0370471170459805,0.0727792440598297,0.023186976456889,0.170937311163469,0.0322600803133677,0.113242198953398
371,0.0298463240910044,0.0552435256473884,0.0365798814797088,0.0724021649532868,0.0216843087998727,0.170080787940628,0.0339568513914574,0.113003766940827
372,0.0280763010078232,0.0536210923367164,0.0337439850009933,0.0719196759683122,0.0183362253436438,0.168282515706725,0.0340691663399028,0.110663764673552
373,0.0285228237412058,0.0553896959258896,0.032143198430453,0.0732421811582333,0.0197178570855743,0.169935480821135,0.0315453750395942,0.110287620129727
374,0.0315649735062748,0.056557299318964,0.0353521859330348,0.0745813879890076,0.0224305911783797,0.170578379698378,0.031634564817239,0.113035383348505
375,0.0324545633252492,0.0565287020138534,0.0375967959006925,0.074172317024356,0.0228988859111666,0.170414808737848,0.0320998757078353,0.114710776517181
376,0.0287730309695195,0.0556724454796799,0.0347796902437006,0.0718171700341128,0.0199179798824659,0.170144763807604,0.0307433080368748,0.112697848833466
377,0.0289485513695417,0.0555828405828697,0.03401672634916,0.0726249773761929,0.0203702345055204,0.16931911573459,0.0301233050485568,0.113254005810944
378,0.0285041072184487,0.0542174690782773,0.033598875040765,0.072579128894265,0.0208756506130292,0.167773237376243,0.0297476450471939,0.1120419549864
379,0.0267848506029791,0.05219579062029,0.0329632777237344,0.0711482505428802,0.0202769932486025,0.166588488364076,0.0296128992461067,0.10910457507642
380,0.0283938627140659,0.0538614133863117,0.0332349743680254,0.0725322862275294,0.0204638044388581,0.16887109655264,0.0305256625186416,0.110485305355252
381,0.0300064104756442,0.0550294244972381,0.0337002425878062,0.0732512943509974,0.0194195498756885,0.169192708834337,0.0308027572262587,0.111246075062042
382,0.0306791092666807,0.0552248160488789,0.0339500377999613,0.0725382611809342,0.0187259532765284,0.168047928814956,0.030740719433151,0.110759298863844
383,0.0303807799911278,0.055282515356035,0.0337297130932851,0.0709834118056945,0.0208122489451828,0.168039205512941,0.0312761426105065,0.110005064522573
384,0.0300630336115559,0.0547360915645151,0.0336171488213236,0.0725968689252164,0.0211882730682862,0.167681609287223,0.0312579593482587,0.109584081448907
385,0.0294738613253052,0.0541940646264546,0.0341206121796162,0.0745391748294722,0.0208524351221765,0.168152997056527,0.0307580629485614,0.109777722351036
386,0.0284486350070282,0.0540425642082039,0.0349000507214823,0.0742202637359915,0.0208025899182001,0.169603146256684,0.029984238202818,0.110344455345473
387,0.0273949041073955,0.0534469678281177,0.0327487207489979,0.0723789725826296,0.0192960796513994,0.167819545882564,0.0286870671857277,0.109589328774338
388,0.0277551612234094,0.0539902955467817,0.0323327650673562,0.0714782862043572,0.0188772351635324,0.16731615729125,0.0290114465989532,0.10966214702758
389,0.029296075643781,0.0552661252311175,0.0341454880963729,0.0722876630435419,0.0199374241834122,0.168757274317006,0.0306203450193592,0.110664446761732
390,0.0299615307003132,0.054515941848731,0.0340253669982954,0.0739124614902683,0.0205203892206169,0.168516578784113,0.0303395942302163,0.11034681566384
391,0.0306373911555085,0.0551463117590807,0.0350161006142165,0.0740541094703267,0.0218617552569808,0.169824477925805,0.0305715421355901,0.111108192544566
392,0.0311280938304408,0.0561662250631221,0.0358633271699917,0.0736856925143787,0.022593724241338,0.171317872292978,0.0312188577593199,0.112138125020279
393,0.0309040124096508,0.0553641743914036,0.0343733240717646,0.0745413542308957,0.020925582649321,0.170421875615589,0.0312996387554368,0.111737927828051
394,0.0290345045013705,0.053930389048125,0.0334055230023059,0.0727790919925544,0.0191715905225038,0.168186467475847,0.0292290008183617,0.110672113387723
395,0.0279237185165044,0.0535435948855487,0.0332905630164361,0.0715391975971843,0.0192138621710106,0.167710413814881,0.0284042226971414,0.110318992657984
396,0.0287742597273172,0.0546831319336793,0.0337214597606009,0.0729018198909438,0.0211768728325017,0.169889366932058,0.0303751438194826,0.111191696326582
397,0.0283756310403192,0.0544414195330684,0.0336973708595132,0.0738869466018267,0.0207155642021791,0.16890961444833,0.0300962130397073,0.111417868968732
398,0.028380936529743,0.0541715857200203,0.0334890598345157,0.0736613275153962,0.0202995128440702,0.168389448510223,0.0292301876148332,0.111152408221133
399,0.0291035441607763,0.0544948647069652,0.033491729967701,0.0727619150690215,0.0206017932380191,0.169267781177016,0.0288941333109903,0.110855680987597
400,0.029541972568826,0.0554126006788287,0.034335597032917,0.0732160554108918,0.0204821730034673,0.169820367294314,0.0298377492658409,0.111386743813916
401,0.0289860292676518,0.0551622640567236,0.0344756404332409,0.0734583381783588,0.0203842182836887,0.169925191599853,0.0293519739336433,0.111386146213796
402,0.0284871087539708,0.0549757981295483,0.0342905966578152,0.0738835175368352,0.0204685842320727,0.170149661362102,0.0286848799284546,0.111619673488967
403,0.0294310460986042,0.0566167640837321,0.0346550079784354,0.0752138170007685,0.0207959013318183,0.171158658439612,0.0299876795223596,0.113193882222595
404,0.0298040216258437,0.0561945136309468,0.0343852070109453,0.0752008504681172,0.0212272326447971,0.171545894912375,0.0302050281607146,0.113357759893077
405,0.0296370115032253,0.055750918031162,0.0340202458308671,0.0745600606857959,0.0214000692794214,0.171705606593708,0.0297539105822865,0.112998696034311
406,0.0293911381401784,0.0567621511272583,0.0340432079082135,0.0742742581503346,0.0211779541960216,0.172023461427401,0.0294405377122484,0.113129248539246
407,0.0301702708889965,0.0571444052539748,0.0343004611698193,0.0751774481403797,0.0211437289092524,0.172210375625054,0.0299926914072975,0.113887878999992
408,0.0296958174815051,0.0570577330722332,0.0340191737577847,0.0753415539413228,0.0205319317547013,0.172208677965702,0.0299485198390718,0.114271427003851
409,0.0280684538409448,0.0567911081804236,0.033347933803046,0.0746881415851299,0.0196130337254383,0.172067737665648,0.0292242415569491,0.114126691123734
410,0.0279439769211678,0.0567473811350178,0.0334472048796817,0.0751621860942109,0.019821465864609,0.171889656608307,0.0292273387450868,0.114125222313222
411,0.0287656740940319,0.0572966256356907,0.0337529692219594,0.0754754339079993,0.0205880674125039,0.172593127046922,0.0293324550768819,0.115148101708819
412,0.0293117876952181,0.0578402082030619,0.0339243963924151,0.0754871820304494,0.0210013753442196,0.173521398951841,0.0291406998624816,0.116326698498722
413,0.0283291059258758,0.0575992441577334,0.0337151136553556,0.075444767456928,0.0202051074490637,0.173594321239179,0.0284256779721233,0.116323850675615
414,0.0281815148887503,0.0581994417806381,0.0333459728961049,0.0755377720134087,0.0198966817816957,0.173971621108143,0.0283994615950317,0.116512508886339
415,0.0287870728598635,0.0590764628661048,0.0334737465315216,0.0761111482466631,0.0202507363175468,0.175034660668271,0.0288168796018036,0.117575340536574
416,0.0295532213904581,0.0596798279701845,0.0343017176525115,0.0771297318256421,0.0208855293398647,0.176622478559033,0.0292594058085774,0.119503277738322
417,0.0295245543570981,0.060543644102426,0.0346672170191125,0.0773969591905841,0.0204150485852278,0.177368562477942,0.0295414142059729,0.120689930089749
418,0.0291068198794989,0.0611455873862784,0.034302924477101,0.0775774490044867,0.0200868148576101,0.177636296844648,0.0294451424145754,0.121260876510022
419,0.0287327468908655,0.061483586904171,0.0335889125876319,0.0779409009142301,0.0202243115413913,0.177990487847576,0.0290319644064704,0.121683753412132
420,0.0289238154382992,0.062251431638183,0.0337584409768592,0.078250843709683,0.0199743869530145,0.179357546201676,0.0286464510760576,0.122904111243961
421,0.0292043967191795,0.0628648203011098,0.0340565095288354,0.0787011724882296,0.0198478381448546,0.180587765281601,0.0288088735733443,0.124087935149808
422,0.0294101615489408,0.0635092882799874,0.0342035081858872,0.0793365088996712,0.0199703998391449,0.181644642745431,0.0292050033296327,0.125480069936867
423,0.0294981086905104,0.0646259827287998,0.0340958187174692,0.0801116096549825,0.0203037195472934,0.182914395839044,0.0291730915497884,0.127647596607843
424,0.029591840748018,0.065653777982849,0.0340274281171735,0.0805044946648893,0.0204240146932333,0.184083827028078,0.0290254284293527,0.129208352706669
425,0.0296611768763972,0.0665676247418585,0.0340668826619369,0.080942692140364,0.020432806175487,0.185460822170998,0.028977904367093,0.130645030370454
426,0.0296572058223912,0.0674557167089335,0.0341306249293614,0.0817463054361329,0.0204474873828378,0.187236423092493,0.0290796853828142,0.13250825179981
427,0.029541385152952,0.0683863475395197,0.0336470890271261,0.0821203295685379,0.020197893291627,0.188794124529559,0.0287393243779501,0.134294450510972
428,0.0294780192607891,0.0697753890838847,0.0334748870914979,0.0828441285048876,0.0201385019125587,0.190438360514203,0.0286740917356533,0.136304745460441
429,0.0295181273911899,0.0715166174826265,0.0338051586096036,0.0840476628545962,0.0203116521975055,0.192290063280506,0.0290024168195536,0.138565029377576
430,0.0295169863993173,0.072598233980208,0.0337011486344698,0.0847558625195786,0.0200233140582571,0.194136187961848,0.0288112476445804,0.140552714706899
431,0.0296695228395481,0.0739529082579129,0.0338427621799653,0.0855184547404024,0.0200154149908715,0.196108788683623,0.0287643537502318,0.143001119240656
432,0.0299667218166238,0.0756865156485033,0.034210771059891,0.0865404304905921,0.0203101804657891,0.198334285917846,0.0289569225095228,0.145901572349625
433,0.0302820012006092,0.0774854016799659,0.0344378823024783,0.087871031234148,0.0205569908500095,0.200922650411784,0.0292037089257431,0.148845332397327
434,0.0303510281406675,0.0790572967792264,0.0345100473502436,0.0889610488728522,0.0206577513338618,0.203275093079747,0.0291575342979242,0.151777047559025
435,0.0302239979060377,0.0803870953552456,0.0343914784389593,0.0897996957989732,0.0205267328890176,0.205510612239067,0.028911806972921,0.154651358180898
436,0.0300448281480123,0.0816224629550263,0.0341182858251034,0.0905597174298525,0.0201994271412724,0.207887551748345,0.0286869567548383,0.157525735841823
437,0.0299159419959791,0.0832683885933531,0.0339790314451777,0.0915891271320284,0.0201681740852838,0.210438689158243,0.0287154467492735,0.1608436857659
438,0.0301998327628654,0.0853115047581641,0.034216267792876,0.0929129959080438,0.0205206189845482,0.21340987555415,0.0289263163741469,0.164573535350885
439,0.0307569860288647,0.0874969714755583,0.0346895806887886,0.0943172586977063,0.0209782184515676,0.21671552820345,0.0291356499118049,0.16845077915203
440,0.0302562892580956,0.0891068535154182,0.0344222323512099,0.0950730656006374,0.020445373116528,0.219546295583585,0.0289127381337501,0.171739192527975
441,0.0301698019899552,0.090769542114625,0.0342442824534683,0.0959704353251536,0.0201838689249022,0.222630484231913,0.0287809075629781,0.175216034623584
442,0.0306603585400335,0.0926919635696258,0.0343883170484705,0.0972163124374879,0.0204261720502448,0.226025117930414,0.0288409960085813,0.179034990683797
443,0.0309070047832178,0.0948007741959444,0.0346720986801152,0.0986043052129839,0.0206441533800534,0.229304204464695,0.0288824022091023,0.182901733748975
444,0.0310426088411652,0.0968284672311544,0.0347519854578496,0.0999401794973165,0.0208507163046257,0.232597840896755,0.0288473849649769,0.186758610175126
445,0.0311199264561702,0.0986457007435183,0.0347477319369826,0.101125294987783,0.0208721861146246,0.235923059400069,0.028864105454581,0.190592005100396
446,0.0311943998700361,0.100248305933942,0.0348886459637727,0.102152976388856,0.0206032828021896,0.239252405046545,0.0290741056627489,0.194392030064637
447,0.031298044683066,0.10218856604753,0.0349329727735271,0.103381225299617,0.0208048874767373,0.242472934644284,0.0291864713028926,0.198036819514184
448,0.0313167746814186,0.104042711062586,0.0348617059953384,0.104594122620821,0.0209320529922958,0.245638066960501,0.0291380879125973,0.201581579383369
449,0.0312401379033046,0.10549308054966,0.0347317941067287,0.105600292507472,0.0206346769382707,0.248772234955969,0.0289646028933365,0.205036317533958
450,0.0314114185265595,0.106787038946946,0.0347209268218716,0.106419926918025,0.0205127129443309,0.251750224779069,0.0288572261062456,0.208169481915787
451,0.031620809246088,0.108269737126619,0.0348623869227713,0.107432027566924,0.020651223887491,0.254775004892943,0.0289455971124626,0.211237438307195
452,0.0317548137662837,0.109880154712253,0.0350688853944803,0.108616200133177,0.0209395641180484,0.257782944090988,0.029134559891301,0.214291006682619
453,0.0317877957628012,0.111032018656695,0.0350876994961933,0.109460031888718,0.0210113259980199,0.260383323327111,0.0290230640024735,0.21714566343434
454,0.0319342218085895,0.112353352463522,0.0351000579947365,0.11026224866301,0.0210598515344828,0.262857552388122,0.0290448471584808,0.219792154170924
455,0.0320890828117087,0.113764782520721,0.0351799693135883,0.11108433686954,0.021112188792996,0.265230220925181,0.029138224920721,0.222223235981704
456,0.0320323083369416,0.114900703441015,0.03534107054289,0.111898334580116,0.0211349996821067,0.267434229780542,0.0290510444647575,0.224436789719581
457,0.032148995247798,0.115775463638665,0.0352044755355872,0.1125748480908,0.0210328612841582,0.269392322043793,0.0289546499528408,0.226382328323229
458,0.0323063207913466,0.116735634310296,0.0351423235231282,0.11321849309994,0.0209502037334416,0.271226114076839,0.0289677136517338,0.228151821259961
459,0.0323374224657115,0.117952870484853,0.0354394668203523,0.113914336714961,0.0210086805173164,0.273024275739979,0.0291150053264191,0.229857419553518
460,0.0323202572890405,0.11854078443378,0.0353961463452598,0.114444557468652,0.0210297338499934,0.274560387452065,0.0290248975377244,0.231595529449756
461,0.0324830463423331,0.119340959959537,0.0354338471857652,0.115108242660969,0.0211745431858363,0.276252924751732,0.0292680726608367,0.2332857832726
462,0.0328301949722263,0.120565137406403,0.0356976450228876,0.115917971902947,0.0214196295742796,0.278109871203387,0.0298219673231889,0.234817732762432
463,0.0329647840635231,0.121164722634489,0.0357670036252648,0.116312359519963,0.0213567093323255,0.279342971760616,0.0294410869399257,0.236020530531901
464,0.0329745013954842,0.121743305958068,0.0358084700201903,0.116682032341192,0.0213314724951155,0.280393470820877,0.0292276276733838,0.237081733599362
465,0.0329604977945405,0.122356524939392,0.0358186468730287,0.117109945621907,0.0213535010043588,0.281384067637843,0.0293351084467882,0.238016602230707
466,0.0330629173846329,0.122753953490684,0.035705012598276,0.117507363445562,0.021229923289582,0.282280420873824,0.0293498372205958,0.238742791493887
467,0.0330809399626706,0.123374278178033,0.0357830393111771,0.117883422514305,0.0212432882510834,0.283368651371761,0.0294190169039296,0.239639507486566
468,0.0331206365710756,0.124064836821423,0.0359230886127927,0.11824709056107,0.021330700296214,0.284412259167911,0.0294288960015629,0.240567489573856
469,0.0333106379263497,0.124535092510819,0.035908878555409,0.118582465313241,0.0213392179039634,0.285116469262111,0.0292608583262426,0.241278948520323
470,0.0333355574508275,0.124754397628362,0.0358597115143675,0.118654096193857,0.0211875008536355,0.285880554338627,0.0291627182879277,0.241875536113223
471,0.0333319821531817,0.125065655754495,0.035859000315313,0.118889702579164,0.021129225310273,0.286657012000269,0.0292401027646668,0.242509607336796
472,0.0334044600804148,0.12563529710397,0.0359359767580272,0.119470794134502,0.0212605796561246,0.287372889317502,0.0294615616650094,0.243228969691496
473,0.0334328553853535,0.126092003064352,0.0359867437105847,0.119762908573473,0.0211420041087785,0.287988668059542,0.0294857506256914,0.243789962953497
474,0.0336236342930027,0.12653878314845,0.0360975327077678,0.120166263632096,0.021286431200597,0.28871414024525,0.0295102681641403,0.244402289545769
475,0.0338911354826129,0.12695472038914,0.0362471068693107,0.120660198929695,0.0216177267055351,0.289454014027015,0.0295590430970651,0.245029393262412
476,0.0337866389288155,0.12716718827045,0.0362798427299185,0.120723108896894,0.0213565215910778,0.289715325030896,0.0294487355968592,0.245335163231459
477,0.0338627474926622,0.127445764700639,0.0364806543771979,0.121105214483848,0.0213882991825179,0.290336883706939,0.0296070367769101,0.245754392624792
478,0.0340570980167656,0.127827316071878,0.0367014737971038,0.121610473322418,0.0216119904852695,0.291144990336764,0.0298219817398039,0.246211747870962
479,0.0340802512494573,0.12824677929603,0.0366421415176944,0.121700142005679,0.0215585965031642,0.291579105521801,0.0296520458601024,0.246459346882935
480,0.0341820197585027,0.128641446882148,0.0366380385268701,0.121938674617384,0.0215454721666961,0.29204073121711,0.029578382759776,0.246955808036188
481,0.0343466609857527,0.128938684407024,0.0367130905113977,0.122231022263545,0.021566910422169,0.292508111772427,0.0296123349564822,0.247425611579672
482,0.03448788061603,0.129113707557277,0.0368082276224109,0.122442123318104,0.0215744927924223,0.292918466577962,0.0296662991654323,0.247611668896124
483,0.0343871139052424,0.12927902544053,0.0367324000018117,0.122769435645806,0.0215593428512754,0.293324902964363,0.0295884439903943,0.24785784207116
484,0.0344402794437864,0.129642413061223,0.0368448168807235,0.123144998198192,0.0216266221159449,0.29381690281885,0.0296376765384545,0.248275946903187
485,0.0347478200006256,0.130176566122504,0.0371899874703536,0.123506791190884,0.0217712701699522,0.294354382073539,0.029849870098497,0.2488132560376
486,0.0348497636178662,0.130421674278584,0.0372028525391165,0.123814261275815,0.0217808629993129,0.294615029616084,0.0298201802068993,0.249149258544533
487,0.0348726138107057,0.130567023489256,0.037120379496989,0.12411152395546,0.0217186666775571,0.295050607460132,0.0297739379333338,0.2493175869977
488,0.0349159427557806,0.130773679955273,0.0371141780242312,0.124417239067545,0.0216883358314585,0.295642644858576,0.0298040474421249,0.249488403888353
489,0.0350931922767092,0.131221046634419,0.0373540712000465,0.12473539742339,0.0218427112951939,0.296052452608773,0.0299385958122455,0.249961805069378
490,0.0351858253792022,0.131507426479053,0.0374609626267636,0.125013916038263,0.0219019210766001,0.296560884329803,0.0298764680895032,0.25030000980705
491,0.0352431702470947,0.131737425804341,0.037493016721266,0.125269507070518,0.0218918054843187,0.297018706852286,0.0298054101401798,0.250585066805253
492,0.0353689271059897,0.132114208745385,0.0376027933793366,0.125534779720428,0.0219141855655246,0.297229521404196,0.0299877776578529,0.251008848185229
493,0.0354493712543329,0.132388445016522,0.0376034515952305,0.125786457854244,0.0219117391285822,0.297558398503537,0.030075731682965,0.251390334511555
494,0.0354737702328908,0.132574695844787,0.0375706179133285,0.126067171273371,0.021913277779745,0.29808323315687,0.0300112359868831,0.251732845250272
495,0.0354879274667164,0.13277214947503,0.0376200668033183,0.126402471386769,0.0219427250764003,0.298739625844859,0.0298691972740031,0.252071448570461
496,0.0356752043972162,0.133262859876463,0.0379448533637521,0.126753235039398,0.0219890782544934,0.299161716279826,0.0300138394430261,0.252479522076076
497,0.0358881899067137,0.133737728837371,0.0381823616397115,0.127147930963521,0.0220451279506237,0.299607648451503,0.0301698195085783,0.252853995348887
498,0.0360338530911138,0.134057789978903,0.038206703543157,0.12755628635422,0.0220862252242425,0.300104843093454,0.0301951688016642,0.253182576738537
499,0.0360567680994702,0.134257208276711,0.0381484818655096,0.127857701040175,0.0220501811005708,0.300346891673148,0.0300749781483442,0.253566808811579
500,0.0361708988714706,0.134609621883944,0.0382698630598117,0.128185424660766,0.0220661701538874,0.300832379717397,0.0300603494931459,0.25397827475112
501,0.0363585455741351,0.135026791910102,0.038504132549211,0.128578191440061,0.0221483322088909,0.301446855765258,0.0301788701170564,0.254420741708764
502,0.0364880538258511,0.135245340963674,0.0386105387764052,0.129022505607539,0.022249202534332,0.301794904742372,0.0303356597736738,0.254903681741981
503,0.0365376920665888,0.135441475716406,0.0385614148020073,0.129243371679682,0.0221962643873095,0.30214443507736,0.0302682115309466,0.255333868880106
504,0.036621033480743,0.135758365643848,0.0385620543608571,0.129505766723165,0.0221966013980881,0.302650251241412,0.030193719987489,0.255759727238703
505,0.036822076317715,0.136254388773043,0.0387695450123629,0.13005688334793,0.0224104993828306,0.303352020183471,0.0303281622541772,0.256248593995906
506,0.0369076431005184,0.136608522419521,0.0388152490699291,0.130442157978084,0.0223057471785868,0.303849943659272,0.0302972251202735,0.256816048625785
507,0.0369846422301265,0.136913456568977,0.0387878850052498,0.130743401870526,0.0221954547583488,0.304254933045183,0.0302502404516128,0.257302230871357
508,0.0371243128504912,0.137255294197911,0.0388115214965757,0.131069379197897,0.0222846285849981,0.304691812539742,0.0303028290312031,0.25770981060874
509,0.0372823636076491,0.1376530755331,0.0390565879716728,0.131525263034599,0.0224707706139929,0.305248042127844,0.0304542571994209,0.258463388293744
510,0.037420036421919,0.138036523396447,0.0392169187283163,0.131948507159937,0.0225149723118506,0.305836861778988,0.0305052230014286,0.259075332518122
511,0.0375079012329476,0.138391116438334,0.039247863231432,0.132313619124005,0.0224337494356639,0.306401931160118,0.0304636285775167,0.259509989504176
512,0.0375144825735612,0.138747732113579,0.0393346392014869,0.13271270840196,0.0224851634245923,0.306902047613055,0.0305335028649122,0.260135987806409
513,0.0376212325956624,0.139187407204406,0.0394275267117474,0.133175754863991,0.0225948332799764,0.307397273495174,0.0305680282003606,0.260804011595618
514,0.0378493608285844,0.139681464831441,0.0395396888238879,0.13369213823439,0.0226847049116305,0.307980563863122,0.0306121907946368,0.261480645706421
515,0.0381306581914112,0.140145907407201,0.0396884076716062,0.134214206008527,0.0226731329114033,0.308723000355851,0.0307518487664889,0.262155847878385
516,0.0381263007128266,0.140387779433178,0.0397350393048966,0.134502256871399,0.0225948780399369,0.309243208345239,0.0307304362026203,0.262716265645866
517,0.0381198373863085,0.140713370603988,0.0397817290018941,0.134828933863911,0.0226172569861839,0.309733257445062,0.0306941464901306,0.263385627983789
518,0.0383576297250975,0.141334089787738,0.039919318602369,0.135404451811323,0.0228120766994325,0.31038028839376,0.0307796682839862,0.264283410755452
519,0.0385453588351605,0.141793270944986,0.0400499240686949,0.135875739773084,0.0228132827779144,0.310962662969015,0.0308224051672326,0.264906061724772
520,0.0386814722792,0.142193266620853,0.0401228013009763,0.136329788991174,0.0227919080644628,0.311575682967766,0.0308982453926064,0.265578818955334
521,0.0388100415492093,0.142627925359622,0.0401678114689993,0.136820548134348,0.0228536247416153,0.312269458044263,0.0310175857459985,0.266443291548209
522,0.0390597544116197,0.143159660822051,0.0403847398170626,0.137328262428052,0.0229898931250897,0.313024992139359,0.0310608958017642,0.26730025355014
523,0.0392122174693896,0.14365613403949,0.0404649162362639,0.137774145269747,0.0230235305320001,0.313647158564508,0.0310597975712822,0.268066971800986
524,0.0392758452725871,0.144140844399665,0.0404457902673492,0.138202571707005,0.022964495951576,0.314181655207693,0.0310753522165619,0.268789296742712
525,0.0394148313582074,0.144747051259251,0.0406062679126725,0.138750934543876,0.0229569908781573,0.314851272309285,0.0312031260756662,0.269619394261177
526,0.0396240717848695,0.145335150548852,0.0407368410368295,0.139326953452034,0.0230663971778543,0.31565012841901,0.0312379111105481,0.270515363677029
527,0.0398376768922416,0.145857013469701,0.0408363324952112,0.139866950474694,0.0231648194195499,0.316439469013558,0.0312240971599183,0.271394203105296
528,0.0399858061650125,0.146317990710931,0.0409566657115535,0.140336019107165,0.0231077074272487,0.317078426568901,0.0312740403177309,0.272178620286098
529,0.0401967327653697,0.146926834959201,0.0410901019394009,0.140887505670043,0.0232108445879832,0.317860891273442,0.0313836722432737,0.272980036272236
530,0.0404192255202801,0.147582562181288,0.0412117126137155,0.141469786876292,0.0233173436192169,0.318675382943197,0.031490821731611,0.273876620717395
531,0.040598822183021,0.148186597128239,0.0413109360478135,0.142026122173738,0.0233023705975362,0.319424922725479,0.0315471384889118,0.274861169991409
532,0.0407240225881603,0.148764088573645,0.0414222095569016,0.142555396921905,0.023320174414497,0.320218933996673,0.0315538231883794,0.275659940316388
533,0.0409261414753801,0.149388769995376,0.0415742960501194,0.143142474190978,0.0233807576285326,0.321042770202996,0.0316293331244579,0.276546914570857
534,0.0412131611681803,0.150083558418376,0.0417550178198316,0.143805786818727,0.0234642166318495,0.321886369092664,0.0317760518748093,0.277582442043614
535,0.0414029693793956,0.15080305997586,0.0418862524611433,0.144477932405916,0.0235008678418701,0.32274362911937,0.0318158146622281,0.278495884997492
536,0.0416187838644341,0.151548199452021,0.0420253327237965,0.145101131356065,0.0235682752312857,0.323659158268632,0.0318749618819814,0.279490545767901
537,0.0418629609871336,0.152276576312146,0.0421804651721629,0.145687599045943,0.0236551335808224,0.324605841778279,0.0319505852012061,0.280546260533298
538,0.0420811327605589,0.152924298758074,0.042336119007938,0.146295930061335,0.0237034799833089,0.325515043585311,0.031978345166668,0.281529451499737
539,0.0423408209321959,0.15366380807329,0.0424408649578655,0.146944618215949,0.0237583067256295,0.326426076594063,0.0320587853636153,0.282503943205176
540,0.0426231294235798,0.154478228913337,0.0425662893458659,0.147631975014768,0.0238174732977047,0.327401283540516,0.0321882552653721,0.283541929231889
541,0.0428975990037869,0.155301858992486,0.0427886771133197,0.14834762509919,0.0238725996044606,0.328482538027579,0.032330859743792,0.284685339234148
542,0.0432129499852512,0.156092673067894,0.0429955615530719,0.149076746892121,0.0239455388648935,0.329532002317183,0.0324354160063675,0.285740161080956
543,0.0435295679226215,0.156963460562572,0.0431781173018176,0.149862785193955,0.0240549735771645,0.330592083080933,0.0325176723622623,0.286807487991796
544,0.0438175931842529,0.157951984287626,0.0433522476156542,0.150707551042967,0.0241882027486171,0.331687780348006,0.0326075270682588,0.287961369395132
545,0.0440811333302693,0.15885953720196,0.0435753066510765,0.151478246646981,0.024251614115698,0.332738070251339,0.0327615826784528,0.28912684016118
546,0.0444013081343821,0.15973777919639,0.0437726373611024,0.152273636781758,0.0242713938630926,0.333811804331945,0.0328936504655258,0.29030423464007
547,0.0447783154509704,0.160631880308875,0.0439431695896034,0.15312575694289,0.0242978568072077,0.334944457099571,0.032980201035356,0.29148576505779
548,0.0451129362698224,0.161587246063025,0.0441848509972016,0.153992536829347,0.0244324207962809,0.336141971905325,0.0330688840595668,0.29265068874459
549,0.0454227578315332,0.162585623569533,0.0443704359335931,0.154854443581803,0.0245072800662343,0.337337366355071,0.0331616312586427,0.293820190615973
550,0.0457403429340578,0.16361556094305,0.044528489582798,0.155714631224878,0.024531722804942,0.33853275235687,0.0332785437783103,0.294993761650127
551,0.0461078289731353,0.164661639247994,0.0447568399542752,0.156590793638666,0.0245972865671675,0.339762753075263,0.0334412538461464,0.29615985515473
552,0.0464205995242891,0.165643302865091,0.0449491409868369,0.157509143765679,0.0246741791279859,0.340997805761521,0.0335377280084799,0.297302771441171
553,0.0467301706719147,0.166650928581055,0.045137614900637,0.158433175223919,0.0247465526910061,0.342242321411975,0.0335993740577345,0.298459130342918
554,0.0471016723868281,0.167769099951916,0.0453689642908036,0.159334448344092,0.0248053219108249,0.343512171827311,0.0336810016662868,0.299656469980874
555,0.0474768777075645,0.168828002982317,0.0456047401837687,0.160321441788488,0.0248708763153512,0.344861820320653,0.0337626614176416,0.300824867599193
556,0.0478488765557784,0.169905979831136,0.0458051970593549,0.161309887816623,0.0249471664142331,0.346204892046855,0.0338757665615595,0.301920142160361
557,0.0482276603436944,0.171036269141679,0.0459785665033511,0.162247399868312,0.0250284933158557,0.347493199694581,0.0340287885137659,0.302954477373871
558,0.0486596751858281,0.172091653688531,0.0462532774301282,0.163178810703763,0.0250855404708102,0.3487861586276,0.0341733373602052,0.304072892602355
559,0.0490997473408534,0.173190095294219,0.0465263464245998,0.164150910177191,0.0251615217855609,0.350103147623144,0.0343134513399965,0.305174075449555
560,0.0495047895909398,0.174329675907941,0.0467550813956381,0.165152690808033,0.0252566235487628,0.351426947907833,0.0344325976021137,0.306188162259423
561,0.0498165725682313,0.175379054801876,0.0469446379770373,0.166104338250218,0.0253242007243013,0.352694750544173,0.0344850497250509,0.307056392275226
562,0.0502080206257789,0.176471278802905,0.0471981622496768,0.167111276320144,0.0254142476323503,0.353981595456631,0.034584289764364,0.30792735223014
563,0.05066002241372,0.177565087999372,0.0474692252031354,0.168138730372821,0.0255075128873761,0.355276804685617,0.0347259376101386,0.308791655646829
564,0.0510733170718655,0.178557544463428,0.0476532136932891,0.169099890206164,0.0255608583994389,0.356541169508882,0.0348548632270384,0.309576389419981
565,0.05149158114447,0.179568505534595,0.0478836669498758,0.170074311565929,0.0256485150576979,0.357859251012846,0.0349816620518977,0.31033013975731
566,0.0518755464210572,0.180562890319624,0.0481006411492898,0.171039040040916,0.0257015106265822,0.359092480373208,0.0350513558195918,0.311030238821471
567,0.0522041861734083,0.181504224355504,0.0482492419316856,0.171964307786392,0.0256761360531078,0.360137333010017,0.0350496014536357,0.31165535116833
568,0.0526055162600015,0.182497897721039,0.0484763449904422,0.172872397161276,0.0257795042138806,0.361243240574879,0.0352081580348387,0.312250220521317
569,0.0530071426696943,0.183438358371707,0.0487212775803416,0.173780208135473,0.0259016667771475,0.362350480680549,0.0353468328736074,0.312781512303286
570,0.0533634573379765,0.184280117839214,0.048934000904028,0.174686925633298,0.0259696898993729,0.363415512141551,0.035376577455739,0.313243540377395
571,0.0536985819321579,0.185120060765966,0.0490971368967397,0.175551999547987,0.0260160573906591,0.364466371181396,0.0354392503715154,0.313703053416357
572,0.0540646921417395,0.185942853052951,0.0493078097981064,0.176408370290231,0.0260823178944971,0.365501261717504,0.0355150201934886,0.314090957193289
573,0.0544535914013622,0.186746301818191,0.0495518481960287,0.17725091028614,0.0261576237094653,0.36650859691353,0.0355949191959419,0.314398534837568
574,0.0547982579718093,0.187537529086859,0.0497097664918165,0.178038190028528,0.0261780860482352,0.367464841832249,0.0356730132189937,0.314665177909734
575,0.0551548753813597,0.18826347668009,0.0498560695235904,0.178850800014482,0.0262229326035262,0.368401696235609,0.0357484395719026,0.314978897756558
576,0.0555057761397226,0.188960105811824,0.0500213245261572,0.17966234581769,0.0262850019268374,0.369311504107552,0.0358112700336424,0.315315520739685
577,0.0558139454233317,0.189694714315395,0.0502172396212127,0.18041990792098,0.0263271372397852,0.370175724876553,0.0358512270520289,0.315607620444655
578,0.0561428130820185,0.190443406086868,0.0503744548120862,0.181272806596548,0.0263603730264405,0.371027828157867,0.0358897426367206,0.315887159263298
579,0.0565002002823835,0.191178188112732,0.0505296459676982,0.18217175477065,0.02639354484935,0.371882934340082,0.0359492046249827,0.316183284210412
580,0.0568791052327184,0.191881286733982,0.0507132102943243,0.183055943726061,0.0264418754172886,0.372749385175674,0.0360391272831356,0.31649933401212
581,0.0572663052907414,0.19258538011498,0.0508563538617197,0.183979279717064,0.026555873889447,0.373634081723333,0.0361310476670897,0.316758847054463
582,0.0576221266638179,0.193263420905273,0.0509755737716952,0.184862116376393,0.0266386536606097,0.374495992438254,0.0361770644068389,0.316877683398235
583,0.0579435985141977,0.193912488850621,0.0510897704565637,0.185664583035234,0.0266674362223086,0.375326543707059,0.0361782064779436,0.316855436750423
584,0.0582987850057608,0.194584117666445,0.0512163507479483,0.186427997129785,0.0267675568784363,0.376187524054797,0.036223349156873,0.316819511824551
585,0.0586528698038487,0.19524377423027,0.0513705369140461,0.187120321681325,0.0268533335484781,0.377018114939678,0.0362902845448215,0.31684830374718
586,0.0589697254629243,0.195838375177328,0.0515067962904036,0.18772956557902,0.0268940282896039,0.37782887926064,0.0363443449425357,0.316997267021076
587,0.0592042716944629,0.196290804224518,0.0515263249956287,0.188255347142334,0.0268892647742342,0.378682967951421,0.0363320943552425,0.317305020686671
588,0.0594321256418656,0.196758156971216,0.0515851081357936,0.188698969004351,0.0269345029899189,0.379493773663561,0.0363316168689906,0.317583087430236
589,0.0596054730624894,0.19727875193076,0.0516939267681787,0.189157332528373,0.0269629245090109,0.380315663245358,0.0363424090065582,0.317932781469369
590,0.0596522178259048,0.197834104583406,0.0518170608990609,0.189730796663543,0.026873839132071,0.381246842492952,0.0363425340453228,0.318515567155778
591,0.0596875802634371,0.19826924263314,0.0519408255837872,0.190240651784039,0.0268043903584263,0.382374926759259,0.0363534242249586,0.319089584447826
592,0.0597124254023059,0.198701580629385,0.0520965967636628,0.190734880908915,0.0267904385431847,0.383532386557412,0.0363806251593878,0.31962912170131
593,0.0597248730760817,0.199228773909341,0.0523008918699922,0.191244453541527,0.0268218222763371,0.38457300051732,0.0364213516827528,0.320143245815858
594,0.0597732422226244,0.199721228450681,0.0524926639980251,0.191602336773225,0.0267837100725907,0.385589585031098,0.0364520231913156,0.320648789219198
595,0.0598623225591676,0.200180324549304,0.0526722277167159,0.191862692841983,0.0267259558057266,0.386312164791422,0.036479510855294,0.321020115974626
596,0.0600067284773859,0.200669940799131,0.0528458637767079,0.192194405129852,0.0266941681265986,0.386667115301555,0.0365167142021208,0.321243450595584
597,0.0602607501739498,0.201396947538166,0.0530371367051502,0.193030994023168,0.0267354037979807,0.386869373552089,0.0365980461353096,0.321478150506973
598,0.0604753039120363,0.202070236724968,0.0531493488418725,0.193924252219147,0.0267616691234469,0.387214579198275,0.0366277969121189,0.321846913189322
599,0.060640000566368,0.202593649806125,0.0532002665403502,0.194695621860969,0.0267823011859304,0.387799278547499,0.0366192664161944,0.322376435299363
600,0.0608421907278987,0.202994088917528,0.0532930880431174,0.195316838095124,0.0268741636497635,0.388563989679135,0.0366647392738977,0.323011052188945
601,0.0609807263302314,0.203341857574052,0.0533950122373517,0.195759492683555,0.0269060760970546,0.389138042498434,0.0366818987157741,0.323439365494628
602,0.0610347901728052,0.203572686027333,0.0534628914659009,0.195953743586405,0.0268528655556945,0.389464116788521,0.0366825620583742,0.323528195336316
603,0.061022730201395,0.203641134437587,0.0534736116046283,0.195885592064164,0.0267444921231431,0.389568683652241,0.0367074312240291,0.323231240743894
604,0.0610456905137783,0.20400892251257,0.0536366198055607,0.195993163384284,0.0267466532448765,0.389199650841036,0.0367871751923307,0.322585671975957
605,0.0611407568473812,0.204566992225349,0.0538206554518522,0.196342711045232,0.0267993172037863,0.388632905709588,0.0368704349740046,0.321915125808521
606,0.0613041267280009,0.205112166272749,0.0538939430194166,0.196865534265759,0.0268323501608514,0.388122475793771,0.0369114271032733,0.321401400153789
607,0.0614453903667067,0.205431993776041,0.0538725760690556,0.197284464481514,0.0268517450684166,0.387614564673877,0.0369208460981724,0.320667792805651
608,0.0615672370522395,0.205518141467879,0.0537937929916406,0.197558480435246,0.026867543503994,0.387101130078461,0.0368957398678053,0.319761097316159
609,0.0616787487315602,0.205441413468318,0.0537057263727265,0.197698610034506,0.0268919869845743,0.386626683741571,0.036866069180001,0.318772205619522
610,0.0617974425927436,0.205404357755967,0.0536884838837642,0.197795249173988,0.0269473364646728,0.386336117997649,0.0369302938752524,0.317882096097453
611,0.0619240344525494,0.205300419220694,0.0536404659697462,0.197774818407798,0.0269800677405017,0.386084953607393,0.0369373087434339,0.31690716994121
612,0.0620446153746525,0.205063810905751,0.0535654581048061,0.19761216050646,0.026995832488628,0.38590645331907,0.0368900501759825,0.315915375692847
613,0.062133852107293,0.204642800653561,0.0535254100567431,0.197312631869128,0.0270342071426151,0.385934510540478,0.0368780066952395,0.315117323122368
614,0.062164698289015,0.20432371297975,0.0535173364737644,0.197138701419644,0.0270513265771209,0.38625458342222,0.0368594654877202,0.314647166753852
615,0.0621776142891918,0.204132719434711,0.0534983973211256,0.197067488235167,0.02704227558553,0.386630631845131,0.0368261459814003,0.314395364595483
616,0.0622399200567044,0.204009288383106,0.0534331292657017,0.197006999174697,0.0270241103463032,0.386788539627257,0.0367818874080952,0.314187058080071
617,0.062453593448831,0.203886114732833,0.0534258591252869,0.197010490661792,0.0270845760880736,0.386844496124746,0.0367660812460822,0.314011703434054
618,0.0626919089347902,0.203721963934826,0.0533999167881394,0.197041393868324,0.0271526541866247,0.386820469650376,0.0367471587486072,0.313863124284236
619,0.0628504434189555,0.203499832329319,0.0533164854362767,0.197024866239763,0.0271752425190226,0.386771408411595,0.0367014364525212,0.313751465486532
620,0.0629541864005035,0.203231478924073,0.0532819280019845,0.19677695351379,0.027198586554476,0.38682012854777,0.0366396848710752,0.31368271242162
621,0.0628994988736189,0.203060164174927,0.0532892162370344,0.196522271638184,0.0271361108110576,0.387230964648623,0.0366001984908506,0.313925842370907
622,0.0627810827860615,0.202984423525817,0.05331606308894,0.196340836483491,0.0270242309359482,0.387858977264061,0.0365820567078024,0.314424251081004
623,0.0629572099448503,0.202821339293515,0.0533206554140768,0.196144990792754,0.0270577920666754,0.388040178201366,0.0365325262842664,0.314726495447382
624,0.0632464213386823,0.202632138910913,0.0532584144430663,0.195964293303647,0.0271306481732441,0.388014333897479,0.0365039822711889,0.314922841840131
625,0.0635189134670854,0.202471082919386,0.0531602913999165,0.195851961922818,0.0271667005355709,0.387976385371867,0.0364956605848649,0.315047058729438
626,0.0636478914287416,0.202400690453679,0.0531054464368512,0.195868441374337,0.0270998941927818,0.388141604399178,0.0364827066836381,0.315143649783213
627,0.0637170954908545,0.202405796686371,0.0531437777832902,0.195866389756504,0.0270668203049555,0.388351676550727,0.0364735970081768,0.315316269229288
628,0.0638119924631182,0.202444189709169,0.0532189751872259,0.195921959333119,0.0270823764937098,0.388631923924645,0.0364977171741093,0.315493086607897
629,0.0639715012307701,0.202481668865415,0.05325924345359,0.196103824013517,0.0271212256992314,0.389001522322934,0.0365684688060304,0.315587821227968
630,0.0639922120195943,0.202554491764946,0.0532413058723396,0.196205873401801,0.0271021835024794,0.389279807852217,0.0366036226283732,0.315649348727881
631,0.0640436193191077,0.202668285879577,0.0532539511981957,0.196302574416644,0.0270864977472863,0.389556175341729,0.036625203822313,0.315698418323896
632,0.0641848799984207,0.202828463581388,0.0533319160780802,0.196452475320349,0.0271037899245756,0.38988383882839,0.0366568233644781,0.315737474315671
633,0.0641811176753637,0.203049058357346,0.0533790809727122,0.19664472737704,0.0270940324042567,0.390205396540388,0.0367122217215288,0.315732613721342
634,0.064226881941084,0.20330663564878,0.0534749019737725,0.1968800512045,0.0271157423193863,0.390521071638937,0.0367812693413681,0.315714042844548
635,0.0643327916295871,0.203569370130685,0.0536025577835451,0.197136462631318,0.0271593690224609,0.390832817824863,0.0368520733513664,0.315669509500518
636,0.0643527691303341,0.203794821516147,0.0536591827823711,0.19736583778776,0.02715403165826,0.391150078810291,0.0369077968625388,0.315548979953323
637,0.0643824742972686,0.20395970238248,0.0537067501725391,0.197673027444652,0.0271509144934697,0.39138137247137,0.0369932902981995,0.315361657963644
638,0.0644258436144309,0.204113358251271,0.053758830157747,0.198051678359938,0.0271729586481789,0.391531603372896,0.0370812618017086,0.315088702164935
639,0.0644610530742539,0.204318016637736,0.0538167268617546,0.198444039819232,0.0272286606049493,0.391644157848363,0.0371275872094173,0.314712615181856
640,0.0645197059186628,0.204431848628886,0.053909734106546,0.198731920571951,0.0272620834516822,0.391760740319344,0.0372239101366592,0.314310652637947
641,0.0645762487081849,0.204471658675767,0.0539817085272685,0.198952673373702,0.0272722751329039,0.391772372169328,0.037310295950464,0.313891111765266
642,0.0646115349119864,0.204471699431187,0.054003787227079,0.199158979091567,0.0272721851512968,0.39160963114979,0.0373427973513381,0.313443240137412
643,0.0646632929903471,0.204429895375449,0.0541023193347046,0.199349896327076,0.0272897893456694,0.391433688476371,0.0374253840273912,0.312946858609993
644,0.0647144852959386,0.204320690287545,0.054188794911907,0.1995095794179,0.0272951766485849,0.391185654996269,0.0375188945387004,0.312352687076671
645,0.0647627164799282,0.20415776417007,0.0542283971150065,0.199636589110182,0.0272834700395925,0.390868701772226,0.0376029763405683,0.311673986953192
646,0.0648395900307721,0.204025800972525,0.0542843984097091,0.199759922524116,0.0272992142929187,0.390611298294556,0.0377021028790433,0.311027511518833
647,0.0648849100697236,0.203895173458925,0.0543466396669769,0.199833346085144,0.0272942788321732,0.390327384132578,0.0377526697721928,0.310421087295888
648,0.0649219329365442,0.203755355795981,0.0544039100178509,0.199866769586656,0.0272855433639039,0.39004278758489,0.0377742535690354,0.309821027286768
649,0.0650311276786832,0.203602893224511,0.0544396258229408,0.199907877624293,0.0273330782398456,0.38985441679317,0.0378442629028119,0.309155899014864
650,0.0650782413795546,0.203490200851786,0.0544597425765614,0.199909273994009,0.0273266256569551,0.389663543001334,0.0378914318938522,0.308645727680819
651,0.0651197005394377,0.203411832207046,0.0544967038963631,0.199913100062966,0.027317850196105,0.389497566842289,0.037932189860427,0.30823303213909
652,0.0652409680366128,0.203343867500308,0.0545758911301525,0.199967016995561,0.0273824244990619,0.389402179360058,0.0379969103423112,0.307786546916719
653,0.0653010122233815,0.203286857911445,0.0546083775738884,0.199958917167973,0.0273958120302316,0.38929464573574,0.0380345113460894,0.307315247596905
654,0.0653240246677752,0.203169642410456,0.0546073450418776,0.199927827157002,0.0273817048074052,0.389129794538571,0.0380267442077122,0.306809798682931
655,0.0653401799425151,0.202956530452198,0.0545978210738801,0.19990254355435,0.0273709456266766,0.388885014308551,0.0379817152524473,0.30624581160713
656,0.065332500074048,0.20272999243469,0.0545979851859818,0.19983178761836,0.0273581224813007,0.388579215340677,0.0379667007306884,0.305550305898352
657,0.0653416010691883,0.202477892775567,0.0546199232623937,0.199712248630271,0.0273741279864323,0.388239048607564,0.0379799592543324,0.30476329140638
658,0.0653593858726269,0.202163846829401,0.0546494294244864,0.199545921537355,0.0274066266284847,0.38783690759972,0.0379921569086573,0.303892628363621
659,0.0653089680879732,0.201706120382565,0.0546327970108633,0.199340743949927,0.0273795142282432,0.387251894155663,0.0379276001396071,0.302900922309001
660,0.0652420729358696,0.201209888137681,0.0546143727118472,0.199105464853598,0.0273649397029399,0.386707634819873,0.0378684445211256,0.30182338660887
661,0.0651715707452113,0.200692727139165,0.0545952615548169,0.198836442536411,0.0273633176808565,0.386182179758501,0.0378249987450199,0.300693657566847
662,0.0650951538721134,0.200136441881508,0.0545598083061849,0.198529318691554,0.0273448007339775,0.385541767862517,0.0377750021413266,0.299549379021132
663,0.0650130468047982,0.199616973785026,0.0545593823085853,0.198313496395699,0.0273622800648252,0.384969046649446,0.0377186462091157,0.298420827974166
664,0.0649139801694507,0.199115452055973,0.0545436384655684,0.198096911916615,0.0273724454444892,0.384401421493265,0.0376466855175401,0.297357191427566
665,0.0647929028600652,0.198606459399982,0.0544640477133373,0.197778900432715,0.0273324073066793,0.383768093461899,0.0375532558886257,0.296399103216869
666,0.064682392486837,0.198142906853518,0.0543942060916671,0.197467863736041,0.0273086976016997,0.383223126892808,0.03744774154135,0.295543615790939
667,0.0646017034974343,0.197745623183539,0.0543512499277029,0.19725146200396,0.0273100225361794,0.382793030787527,0.037379820266397,0.294754134404501
668,0.0645424788826883,0.197410458496625,0.054334541605736,0.197140859457626,0.027320895285553,0.38245513762851,0.0373523228929198,0.294019352058151
669,0.0644337529046445,0.197079635919618,0.0543167324525794,0.196989116358867,0.0272722455034257,0.382089087039497,0.0372594087239608,0.293378085228762
670,0.0643392611526002,0.196817966693539,0.0543008692493283,0.196862727998826,0.0272645855044322,0.38183568795228,0.0371608746280508,0.292860829306572
671,0.0642876675795864,0.196645670378839,0.0542907132851574,0.196793886147361,0.027300537530676,0.381705372887946,0.0370904860319042,0.292448201642835
672,0.0642838589193677,0.196549378721553,0.0542917340942385,0.196795510802988,0.0272977741867684,0.381597565528827,0.0370681802370093,0.292070013589913
673,0.0642871530967884,0.19648184590788,0.0543316519210745,0.196819458978019,0.02729149338914,0.381588686140766,0.0370527766860101,0.291840522597393
674,0.0642893371051101,0.196433916018367,0.0543752999974321,0.196853880496582,0.0272870656993121,0.381631299221566,0.0370404953657262,0.291702128094594
675,0.0642957254181069,0.196414977186127,0.0543753762813969,0.196907200531623,0.0272844776990807,0.381649266060743,0.0370392953960515,0.291547075493471
676,0.064316187913442,0.196455733674365,0.0544135281788312,0.197048346891289,0.02730654142763,0.381725633217089,0.0370359876210919,0.291423895819576
677,0.0643597953242085,0.196545253933554,0.0544798915878721,0.197225614036562,0.0273359594026652,0.381852771802466,0.0370473661972385,0.291363839272039
678,0.0644289937421132,0.196652449821048,0.0545553323489773,0.197392551134992,0.0273544647403948,0.382011027628649,0.0370828296743505,0.291379411939206
679,0.0645003938202162,0.196684644758582,0.0546367182537573,0.197578661330833,0.0273531903092364,0.382178683940022,0.0371057561045067,0.291418024490758
680,0.0646222250747963,0.196791921269444,0.0547355929616142,0.197804173282277,0.0273964919488216,0.38241648727593,0.0371727639023112,0.291548949383101
681,0.0648061555484031,0.197035224635633,0.0548619794196612,0.198096863965246,0.0274860438602243,0.382735346788415,0.0373001724803968,0.291793612110802
682,0.0650064896414536,0.19734595267403,0.0550303303226033,0.198505332924881,0.0275249608214666,0.383053624002498,0.0374496155924212,0.292081033640013
683,0.0652487130367785,0.197712876426305,0.0551847984774308,0.198974076722539,0.0275552031648822,0.3835309748395,0.0375709545979645,0.292581544326382
684,0.0655589884474852,0.198184536698409,0.0553481047060396,0.199524990159486,0.0276061800632803,0.384186427709154,0.0377060881295288,0.293364213160551
685,0.0659643212353617,0.198847993474105,0.0555846639258023,0.200219592541749,0.0277055990615981,0.384965794412815,0.0379505405046641,0.294446116517732
686,0.066383089230121,0.199667127674466,0.0558050682352584,0.201014115117388,0.0277919941905518,0.385930105301408,0.0382129750204363,0.295845723024773
687,0.0668494569164237,0.200657771134532,0.0560429125884928,0.201927944717094,0.0279015424586549,0.387156065244749,0.038510841767605,0.297575817927229
688,0.0674080921222106,0.201839967525107,0.0563423798451268,0.202979556862273,0.0280691176238724,0.388688882210186,0.0388740373629154,0.299648190019718
689,0.0680059201150729,0.203206837746828,0.0566432417339555,0.204112228849051,0.0281945182471351,0.390395957524918,0.0392648308779321,0.30210393486783
690,0.0686344478387263,0.204765287389501,0.0569471449347151,0.205360528157322,0.0282990050886485,0.392346786392423,0.0396853031074829,0.304932751518016
691,0.0693002810952175,0.206550668883332,0.0572677517627946,0.20674719850081,0.0284202089217629,0.394590150292048,0.0401474070554983,0.30813923728898
692,0.0700435075724835,0.208666398794696,0.0576377773183165,0.208248913358468,0.0286188641052047,0.397099266172863,0.0406817735370046,0.311775736163286
693,0.0707870038306983,0.211037530696667,0.0580224853560975,0.209906791833935,0.0288276737139476,0.399856582137437,0.0412572059212638,0.315799799840122
694,0.0715230510146035,0.213623009305718,0.0584071855448585,0.211681690742288,0.0290223187199596,0.402862834228278,0.041848809051763,0.32013884057879
695,0.0723065714111615,0.216400012801641,0.0587929578383785,0.213455077536405,0.0292124479750765,0.406139462696509,0.042432902232684,0.32467723505184
696,0.0730460172189548,0.219393974590389,0.0591523371532409,0.215304086026399,0.0293802073663207,0.409579407692702,0.0430117934405939,0.329495608962199
697,0.0737535024281549,0.222606485182278,0.059499209104698,0.217228433073147,0.0295604459881733,0.413154373916586,0.0435979538665491,0.334560973731563
698,0.0744712828879407,0.22603399148683,0.059858369498168,0.219205342291005,0.029791855863487,0.416870449833288,0.0442029856192755,0.339811719412572
699,0.0751620587500998,0.229718421956388,0.0602011960223516,0.221243932888044,0.0299597021151087,0.420769203330198,0.0447818833432178,0.345290949429555
700,0.0758288011288524,0.23360471882183,0.0605416828210389,0.223324445467445,0.0301262394470276,0.424852518897121,0.0453539422485797,0.35095841591177
701,0.0764837826282575,0.237652509234973,0.0608904550507487,0.225442513555709,0.0303409427498112,0.429075796155886,0.0459370685279291,0.356777990029691
702,0.077163494843359,0.241922132705744,0.0612292297098369,0.227667766208275,0.0305378416907132,0.433277387799597,0.0465217961936847,0.362789472674674
703,0.0777783518570397,0.246353340219434,0.0615676991110573,0.229896619475718,0.0307076815053062,0.437532346842854,0.0470679664975055,0.36881943763505
704,0.0783118049980125,0.25092537745788,0.0619038234038479,0.232102967763007,0.0308587699726849,0.441857468399271,0.0475738922295201,0.374829040815979
705,0.0788430958864735,0.255673337013303,0.0622173608783394,0.234371569257189,0.0310217593070577,0.4461918620488,0.048092636855718,0.380968448318443
706,0.0793902079623551,0.260542374454668,0.0625342807356022,0.236595507830406,0.0312135630752192,0.450560420761048,0.0485870518703959,0.387133625206474
707,0.0799117178918577,0.265485792976632,0.0628420117424425,0.238776263762934,0.0313903243561948,0.454872665401671,0.049041994349733,0.39325121723778
708,0.0803382396616334,0.270460170699474,0.0631121421709399,0.240963732274781,0.0314834177670821,0.458988099932085,0.0494545868287657,0.399250870445727
709,0.080790716357737,0.275421426233716,0.0633877907318887,0.243097235669522,0.0316338746862979,0.463026830519033,0.0498939393700454,0.405040327097767
710,0.081257643920039,0.280404002552829,0.0636657510026811,0.245172576027835,0.0318023528169551,0.46700007103348,0.050330277684211,0.410654421633891
711,0.0817057728686241,0.285431785829496,0.0639359404544609,0.247204214556666,0.0319342763270568,0.470886794805102,0.0507303819348285,0.416139936119356
712,0.0821341227113177,0.290391376814979,0.0642004790128499,0.249228320447854,0.0320826109628002,0.474604076757718,0.0511436219269162,0.421448282600542
713,0.0825385960243243,0.295196606867037,0.0644604252088778,0.251185527131964,0.0322262347887244,0.478165780314988,0.0515522388889726,0.4264966985424
714,0.0829292271371137,0.299843446515622,0.0647196196545998,0.253035666715128,0.032359211930879,0.481557746966266,0.0519497679734623,0.431264035368595
715,0.0833482661453968,0.304480946657318,0.0649909843267712,0.254768391381555,0.0325126073935441,0.484674263424568,0.0523583197809825,0.435829489241008
716,0.0837285848214153,0.308962101978751,0.0652338836914241,0.256443144853782,0.0326520148654697,0.487655798103535,0.0527450093432262,0.440117694167727
717,0.0840795743423308,0.313251473743896,0.0654654070453974,0.258072067212125,0.0327765875698859,0.490528373885141,0.0531160503289675,0.444147656114196
718,0.0844608408552244,0.31737362293419,0.065741437588704,0.25963300239492,0.032906661369262,0.493241557070631,0.0535034437090853,0.447994614920293
719,0.0848530045659157,0.321312304458764,0.0659853311236082,0.261082112187827,0.033033789121795,0.495765260063481,0.0538958021845538,0.45154038202079
720,0.0852380658027513,0.325117767954963,0.0662153574028589,0.262458050042503,0.033160943301153,0.498145930455814,0.0542909075741252,0.45479637487407
721,0.0856018951756713,0.328828722637572,0.0664686431880395,0.263807762938175,0.0332942203639977,0.500430264644142,0.0546892802355561,0.457809377497037
722,0.0859624142278577,0.332297915820739,0.0667350654246856,0.265069348171898,0.0334461107901527,0.502520181222746,0.0551039691669628,0.460597544781319
723,0.0863246832215201,0.335585504141785,0.0669850225865439,0.266260819891882,0.0335814608688946,0.504441687964413,0.0554999650478548,0.463238742429234
724,0.0866859544470253,0.338734946520248,0.0672095278646428,0.267400502696932,0.0336906144017646,0.506227036589283,0.0558647195762381,0.465754752991578
725,0.0870251375319774,0.34169733649576,0.0674505091950952,0.268495901614178,0.0338340568784691,0.507874907051603,0.0562453339014295,0.468031616385262
726,0.087368531794032,0.344530898625761,0.0676891732856942,0.269497389248076,0.0339708313901785,0.509519484171641,0.0566274958793815,0.470087325994929
727,0.0877151916889307,0.347211484315327,0.0679208683177868,0.270412846017013,0.0340924437011817,0.511148137781933,0.0570027332346809,0.471993859185735
728,0.0880390759045663,0.349634119800997,0.0681511319768031,0.271301633657659,0.0342164174348774,0.512610576598949,0.0573646662241138,0.473884085895789
729,0.0883744378845047,0.351990467147063,0.0684070525122085,0.272176446605519,0.0343616388386756,0.513951298099677,0.0577408899125963,0.475579889189061
730,0.0887183681128992,0.354294002448029,0.0686691946239387,0.273030863263445,0.0345071332604195,0.515189219993387,0.0581247839982769,0.477117063922455
731,0.0890550496340654,0.356487647226877,0.0689079794749809,0.2738496556213,0.0346232428497115,0.516347988449485,0.0584977081513281,0.478584282055173
732,0.0893750007289971,0.358489137805776,0.0691611690875733,0.274645365102147,0.0347367157472074,0.517525522404228,0.0588526927743734,0.479898858691517
733,0.0896972162856161,0.360372814150979,0.0694211639446511,0.275391008225622,0.0348737303480664,0.518602667766122,0.0592024547365268,0.481114853426195
734,0.090028042724658,0.362185342595225,0.069673106506521,0.276069509849258,0.0350396838220701,0.519530452113959,0.0595582736469985,0.482286666303669
735,0.0903267083489959,0.363827000165454,0.0698904530544026,0.276694914351663,0.0351857801737506,0.520535420844848,0.0599222688205257,0.483437704051021
736,0.0906184300583814,0.365417873341948,0.070135437201612,0.277319612006905,0.0353200660483331,0.52151519021856,0.0602786351414976,0.484479662000249
737,0.0909210834969578,0.366990753709065,0.0704132380356431,0.277948012726815,0.0354495103958641,0.522414755362935,0.0606252913616435,0.485424730408612
738,0.0912497342440966,0.368495895597938,0.0706661550832066,0.278529897498901,0.0355810395274841,0.523221983691135,0.0609770378878381,0.486403703415564
739,0.0915379715926004,0.369805306890723,0.0709082650270209,0.279148204448973,0.03571763849664,0.524012516845642,0.0613186714338682,0.487362319425616
740,0.0918228070292463,0.371039825953353,0.0711609932295883,0.279779331070022,0.0358649495759665,0.524793285306155,0.0616660954375116,0.488265916950651
741,0.0921688862467803,0.372394289670313,0.0714430932519261,0.280359876754261,0.0360251326916871,0.525543589199121,0.062039422749835,0.489089311139742
742,0.0924561874786166,0.373658230356839,0.0716800328005684,0.280885655860311,0.0361572629346045,0.526253235164462,0.0623712309196382,0.489901048348103
743,0.0927479094765983,0.374820382982835,0.0719259044034316,0.281394088007196,0.0362940643757555,0.52695091866147,0.0626964919023667,0.490666617293727
744,0.0930929588323759,0.375926611941177,0.0722167896216959,0.28192262182724,0.0364591004197138,0.527638788989125,0.0630455622893511,0.491348803764106
745,0.0934077491954865,0.37711067145976,0.0724668247888928,0.282493332924993,0.0366116141443256,0.528196494222154,0.063381697824855,0.491935085374121
746,0.0937041419808915,0.37827089033824,0.0727176462932451,0.283035140743597,0.0367531581751446,0.528798654192175,0.0637287495015462,0.49255758359291
747,0.0939991831068129,0.379339225062608,0.0729890135397098,0.283520548516083,0.0368934147455198,0.529479248832213,0.0640878044731735,0.493242926973536
748,0.0943202403479021,0.380286893626767,0.0732756767970312,0.28397238180581,0.0370539461727299,0.530093613144934,0.0644303383562223,0.493883988415805
749,0.0946181662533805,0.381108852094978,0.0735462932476619,0.284446624887741,0.0372166440738647,0.530709253882326,0.0647640747204286,0.494536678482998
750,0.094901254046396,0.381916284347494,0.0738055319839361,0.284922155337225,0.0373772927740609,0.53127628617707,0.0650972534211988,0.495137060668633
751,0.0952012940969267,0.382854055513139,0.0740756701721376,0.285348698892865,0.0375379144857624,0.531718698894484,0.065440498473434,0.495593126356857
752,0.0955057427369619,0.38372804596063,0.0743655486667099,0.285774600031152,0.0377069111343674,0.532192131600251,0.0658018588618677,0.496080547837445
753,0.0958258385322719,0.384561705725279,0.0746592809420642,0.286204622610019,0.037879814884512,0.532740483501798,0.0661551235733352,0.496572395264167
754,0.0961598542395624,0.385396438147717,0.0749454043655362,0.286637456684911,0.0380530862672853,0.533342356729685,0.066488895013378,0.497042192047115
755,0.0964459877665099,0.386212887608271,0.075243686285387,0.287078054708802,0.0382356814023073,0.533819306506048,0.0668646607774916,0.49760442638382
756,0.096738700504669,0.386973865083524,0.0755375378399567,0.28750150058322,0.0384062235881937,0.534320040497012,0.0672316272922171,0.498074726570683
757,0.0970593161720774,0.387685184713238,0.0758262887613047,0.287911791663002,0.03856932217116,0.534863892146218,0.0675770640801679,0.498443442986384
758,0.0973868960137356,0.388410711622998,0.0761329547833791,0.28835664344065,0.0387674562353855,0.53528152872825,0.0679387540780015,0.49894458213968
759,0.0976810886233391,0.389114019775032,0.076413614258071,0.288751677189746,0.0389476354240546,0.535766587424909,0.0683038419864474,0.49939075170768
760,0.0979637655118405,0.389780676183491,0.0766836860174856,0.289095366904667,0.0391064377126223,0.536291200715615,0.0686675595096812,0.499792233992854
761,0.0982840451255577,0.390413341604752,0.0769833853644556,0.28943213451685,0.0392646716755366,0.536740380644724,0.0690295372327185,0.500230368849899
762,0.0986343176308318,0.391132729364635,0.0773072505086503,0.289880799754781,0.0394691889592368,0.53717645661493,0.0694240392240608,0.500623527848036
763,0.098969831196911,0.391832058876064,0.0776243884886836,0.290355682518177,0.0396702152356746,0.537572713205952,0.069817105068016,0.501045543655679
764,0.0992632580601482,0.392424988343803,0.0779189334151746,0.29077042469643,0.0398340445045908,0.537935096981797,0.0701832231887957,0.501537622441731
765,0.0995651606142121,0.393021418354416,0.0782431480380851,0.2911664531034,0.0400409993749154,0.538435719756464,0.0705638174145995,0.501960937196755
766,0.0998761991287124,0.393638136468952,0.0785616883705444,0.291516645321264,0.0402413029221646,0.538900805749443,0.070950693561245,0.502303428002646
767,0.100195336870628,0.394253790490523,0.0788680062413771,0.291840134857375,0.0404228578844676,0.539282231371236,0.0713382591581496,0.502574862525487
768,0.100521312310519,0.394792972751283,0.0791939725570303,0.292221105585779,0.0406229241460706,0.539695522552525,0.0717230803645325,0.502800332553247
769,0.100832559785791,0.395331701256329,0.0795132434966038,0.29257006304979,0.0408287814905061,0.54007983948818,0.0721173415156929,0.503133350792064
770,0.101148205652274,0.395870128454171,0.0798413249490427,0.292896118507133,0.04103755364805,0.540443054656524,0.0725189498421552,0.503611967171873
771,0.101499295524839,0.396385669903283,0.080205396964321,0.293249294916956,0.0412488633333799,0.540823801827535,0.0729205763001005,0.504183445464697
772,0.101837535002787,0.396935256875833,0.0805679375936659,0.293670693794707,0.0414612463127302,0.541289925401715,0.0733303400802257,0.504480590658444
773,0.102166539658291,0.397541679998706,0.0809129274523122,0.294075673113517,0.0416742452785452,0.541814137633126,0.0737496564104542,0.504693590276614
774,0.102499060266089,0.398182426516707,0.0812406903503159,0.294427131606632,0.0418910188271508,0.542320757681476,0.0741791116935494,0.505030393465779
775,0.10285631402488,0.398715432907892,0.0815909519687134,0.294914745221975,0.0421300501719281,0.542624894526467,0.0746260834181305,0.50548709755139
776,0.103193688719971,0.399226913731346,0.0819319705557328,0.295323704155782,0.0423513539705857,0.542916053479582,0.0750452866506129,0.505914256118165
777,0.10351090381489,0.399753717072799,0.0822656298817516,0.295618282925367,0.0425621504035557,0.543276994154568,0.0754424783185094,0.506264093459015
778,0.103858148264131,0.400281690832013,0.0826323685521622,0.295964151569028,0.0428261415272786,0.543678740432735,0.0758823574081876,0.506597646282674
779,0.104215700113168,0.400743682536537,0.0830148827651696,0.296304151755075,0.0430603426371133,0.544011913950717,0.076333385775088,0.506998437484989
780,0.104575785213985,0.401203623901244,0.0833941628032713,0.296673919478166,0.0432835547055136,0.544353886500879,0.0767808429110944,0.507421062923069
781,0.104933312396785,0.401746098920834,0.0837517500715895,0.297111291950466,0.0435423403216367,0.544826318665796,0.0772175246523698,0.507774910370249
782,0.105286851296882,0.402159358387348,0.0840990035360823,0.297422374238863,0.043782923504213,0.545269356943328,0.0776695789497678,0.508066486865068
783,0.105628137385628,0.402590096104761,0.0844511054652587,0.297736452870977,0.0440179538475161,0.545659375782511,0.0781214392478535,0.508406304411001
784,0.105958380808106,0.4031396023349,0.0848227550953212,0.298139683815665,0.0442632382782069,0.546008755749154,0.0785644539291219,0.508823613832165
785,0.106304813655014,0.403680437551617,0.0852325327935624,0.298502817457495,0.044523815848382,0.546365951539778,0.0790201934506528,0.509095171480271
786,0.106647576832057,0.404221697808678,0.0856303254687293,0.298835567864176,0.0447732069953997,0.546783752784385,0.0794899645921302,0.509351206896488
787,0.107000449560032,0.404778533301192,0.0860204980019406,0.299178336100111,0.0450241973015896,0.547217567496229,0.079977911422835,0.509678465762695
788,0.107407164947734,0.405375109326326,0.0864562215170397,0.299604829124545,0.0453254776399329,0.547528560302502,0.0804890856384141,0.51013416892564
789,0.10775554421107,0.40581846236935,0.0868435569689224,0.299922748744055,0.0455890149111536,0.547850440874772,0.080970073754288,0.51052319921769
790,0.108098881056594,0.406204271874781,0.0872210115704648,0.300199567547151,0.0458458691483133,0.548239242883379,0.0814418069074526,0.510897255991071
791,0.108513745798816,0.406693126740416,0.0876500976025907,0.300563196804222,0.0461450890277597,0.548698902511753,0.0819392270645179,0.511340808521591
792,0.108882263938717,0.407244231741729,0.0880698132769649,0.300983760759233,0.0464045687680381,0.549057899038609,0.0824259237990934,0.511645272601397
793,0.109256957362579,0.407769600266374,0.0884792342675112,0.301406440459186,0.046678846273579,0.549406803911892,0.0829190152748406,0.511877304065532
794,0.109659601838722,0.408223283209584,0.0888838198411033,0.301793739589036,0.0469916822617349,0.549789991039116,0.0834284432463221,0.512132843578342
795,0.110015388068382,0.408640101439021,0.0892913277587482,0.302141771370964,0.0472799367802627,0.550091204085586,0.083941648625498,0.512540082850058
796,0.110369570546488,0.409102921674033,0.0896993053546871,0.30248961371918,0.0475648722815719,0.550491238213203,0.0844530258460009,0.512936044846569
797,0.110741656529837,0.409595719192182,0.0901221924425895,0.30283461022805,0.0478564915877372,0.550966601902763,0.0849714097834028,0.513260988411588
798,0.111136400273103,0.410037651748777,0.0905826939315293,0.303148140018252,0.0481598988156392,0.551358956668355,0.0855144213691978,0.513523220109859
799,0.111520734637125,0.410525972655562,0.0910132802366285,0.303464832989124,0.0484604953132795,0.55160657806053,0.0860455915674879,0.513907341912818
800,0.111909613400557,0.411038192462663,0.0914413175004036,0.303821667588039,0.0487666826285193,0.551860590386741,0.0865614380449318,0.514244310727323
801,0.112318032925033,0.411523579881573,0.091900310110205,0.304225846940116,0.0490860432888382,0.552264244539298,0.0870759287591717,0.514419963581545
802,0.112711141974171,0.411923163669542,0.0923501601377581,0.304565636587321,0.0493982712306557,0.552692779349084,0.0876443112819738,0.514928766102834
803,0.113094687292024,0.412344484623773,0.0927969017745358,0.304861115142862,0.0497156101840983,0.553135988463378,0.0882127025438984,0.515457557180219
804,0.113485267898131,0.412845793025233,0.0932520970489519,0.305169559553792,0.050040366289526,0.553567308582166,0.088762955364243,0.515819883347182
805,0.113916207070787,0.413416238065607,0.0937350955146557,0.305608576221506,0.05035583491941,0.553928000658706,0.089336837699122,0.516031627806279
806,0.114356368643236,0.413960958497799,0.09423172579068,0.306039074305107,0.0507020107308004,0.554194041038407,0.0899109014542253,0.516326499531613
807,0.114784853609039,0.414456201557369,0.0947124513229649,0.306430929998101,0.05105545708549,0.554511407859518,0.0904764122327604,0.516683127636328
808,0.115186152387777,0.414915667394029,0.0951492334990434,0.306799319512248,0.0513712708329316,0.555061803243384,0.0910333799318588,0.516979825167693
809,0.115564303698185,0.415351276929217,0.0956140749212175,0.30713433460247,0.0517007559548585,0.555484442537465,0.0916129294281775,0.517382742146193
810,0.11596719211189,0.41582795350758,0.0961056571542695,0.307489196785343,0.052041832628271,0.555797207600663,0.0922062748199314,0.51773665454701
811,0.116418670532878,0.416374117210809,0.0966111827126858,0.307890157312678,0.0523889604104193,0.5561036151151,0.0928056496554759,0.517967279117871
812,0.116864479838208,0.416908419667583,0.0971225519013905,0.30826600281523,0.0527505936951169,0.556607398445447,0.0934298677925578,0.51836156810741
813,0.117275338488863,0.417395138487949,0.097613243114995,0.308635720996882,0.0531094421170998,0.556983984893611,0.094039447140926,0.518773373474484
814,0.117655025981011,0.417824412047049,0.0980996434580521,0.308981062041348,0.0534582062654065,0.557213406037541,0.0946304473171916,0.519138341183529
815,0.118040178229767,0.418212616411969,0.0986392651866081,0.309250924075933,0.0537991237822278,0.557554362553407,0.0952320019696139,0.519460376465893
816,0.118482453665178,0.418688056169988,0.0991441530267017,0.309590602227556,0.0541665490874926,0.558147293916093,0.0958485588473167,0.519770213024248
817,0.118935119616684,0.419170552272941,0.0996344352509115,0.309942731631803,0.0545459486209414,0.558672192569049,0.0964679134864717,0.520097632087761
818,0.119338665886578,0.419562566218264,0.100152179170498,0.310240234260511,0.0549117391811572,0.55882371066174,0.0970773519646393,0.520449425440412
819,0.119737242901178,0.420023554445226,0.100672723981106,0.310715382913845,0.0552619429642002,0.559195934472603,0.097687610581574,0.52068381737939
820,0.120177928021262,0.420592518431435,0.101205653865179,0.311166375433255,0.0556358239292362,0.559629723429267,0.0983360884195882,0.521107057003789
821,0.120669035738208,0.42119121609634,0.101744085039154,0.31149390684695,0.0560407609295355,0.560022696361226,0.0990202397459303,0.521708641117569
822,0.121159262835474,0.421508251351835,0.102240422312624,0.311816846470667,0.0564250285611785,0.560474846308266,0.0996629691545815,0.521825214417656
823,0.121585918092539,0.421979937106185,0.1027814166388,0.31215070186231,0.0567865702306682,0.560794494131796,0.100291034631416,0.522036553686296
824,0.121986641226896,0.422536926008998,0.103340906158984,0.312495140224432,0.0571542668229552,0.561046864090772,0.100928762638424,0.522386368342065
825,0.122444531653511,0.422893588434302,0.103846321474038,0.312835393893744,0.0575674155275901,0.561411592031984,0.101598308050283,0.522679064247787
826,0.122866689104303,0.423332823766899,0.104410794623287,0.313180817830332,0.0579379193573698,0.561742068644172,0.102255728715536,0.522914667398026
827,0.12325584536746,0.423818122269798,0.104981550016715,0.313500832489082,0.0583037157576057,0.562125198216219,0.102907655152516,0.523210701310212
828,0.123646003344267,0.42427454296199,0.105512143004574,0.313795069093738,0.0587033368252848,0.562584394097715,0.103568914252127,0.523617512051557
829,0.124125157462341,0.42466331842031,0.106055338348654,0.3141803419549,0.0591213328042962,0.5628439942176,0.104262451800816,0.523932589004646
830,0.124593437679344,0.425054969003557,0.106614413744589,0.314530856930478,0.059515512487565,0.563088508491908,0.104922194067797,0.524179297651133
831,0.125025593081421,0.425458020738633,0.1071771866046,0.31482479906888,0.0598919690708423,0.563382634946459,0.105555287857409,0.524425300931636
832,0.125464831759795,0.425825744879032,0.107717868340481,0.315135545414182,0.0603024094499975,0.563686660953015,0.106237931844076,0.524784033156965
833,0.125956140049465,0.426236857404542,0.108330520016088,0.315460461912631,0.0607330423671991,0.564123594897272,0.106970403739216,0.525191404899887
834,0.126461804596623,0.426721645078134,0.108956832693718,0.315826658535419,0.061160648517498,0.564602781180023,0.107704391780812,0.525609839187249
835,0.126931371334208,0.427263796697613,0.109518054406203,0.316234513136658,0.0615651426334963,0.564988556988807,0.108389505623803,0.525980950821744
836,0.127389420160509,0.427707024323745,0.110055187106359,0.316533419439464,0.0619619456233187,0.565246866693057,0.109045928740634,0.526097916499954
837,0.127810799174874,0.428065978727591,0.110624709242403,0.316763640981723,0.0623593048944041,0.565463386891159,0.109718960671228,0.526350647818551
838,0.128215222688703,0.428399575184104,0.11123298551405,0.317010016906369,0.06276300670732,0.565731043381045,0.110426826850677,0.526762241577825
839,0.128703299354863,0.428827341719068,0.111807487902437,0.317426111209032,0.0631775135191135,0.566161565307432,0.111146147036849,0.526706505776572
840,0.129157856668248,0.429232274045143,0.112403459404068,0.31779502417832,0.0635951404454173,0.566556191550999,0.111855141417043,0.526845883411603
841,0.129593988507777,0.429619003687146,0.112999400927659,0.318105359731986,0.0640186695104429,0.566861859274631,0.112571726882299,0.527269489417205
842,0.130072665733207,0.430036640296133,0.113558643723161,0.318431558570493,0.0644528481829843,0.56710173350578,0.113321776675189,0.527795546469401
843,0.13054275863582,0.430478963085131,0.114191968152664,0.318818928652332,0.0648721939393719,0.567384326942523,0.11402472628501,0.528049421263293
844,0.131011984069474,0.430876332338438,0.114826876384478,0.319125045005664,0.065295148223188,0.567724536653182,0.114728277881537,0.528194355565522
845,0.131479923123658,0.431206727675851,0.115417264196552,0.319307511644445,0.0657289827446141,0.568075103168345,0.115464779766684,0.528422639809014
846,0.131901655946399,0.431571419238766,0.116029154214121,0.319607242980566,0.0661364537637607,0.568250350111402,0.116195017715816,0.528859816151631
847,0.132365645424364,0.431961407365145,0.116659275640522,0.31995248512392,0.0665770202629363,0.568531844162906,0.116900839956548,0.529142474946247
848,0.132851303695925,0.432359407369841,0.117275044505485,0.320287075223419,0.0670287856237353,0.568924156702326,0.117604925656878,0.529325655940512
849,0.133274573320777,0.432736213221094,0.117829167887961,0.320557153921971,0.0674238740504656,0.56925416107936,0.118355123694457,0.529710739310078
850,0.133747506050371,0.433036766845448,0.118429453196972,0.320781099106494,0.0678636065191976,0.569488703168729,0.119083135923247,0.529841966059393
851,0.134246858962867,0.433391877584709,0.119070993991402,0.321013417266366,0.0683265257763259,0.569767517668031,0.119812919248214,0.530059154350883
852,0.134734219820739,0.433870986081768,0.119723958699425,0.321297601895349,0.0687738751785713,0.570139566405123,0.120564684387655,0.530575434531671
853,0.135219447213401,0.434217348386118,0.12036152806932,0.321620444022329,0.0691930357555233,0.570212345258062,0.121285506531361,0.53066001151771
854,0.135650744852707,0.434565852382951,0.120963965841843,0.321936241911644,0.0696013209759431,0.5702968998796,0.121987389109392,0.530715294266746
855,0.136054014977589,0.434915587891805,0.121548835804901,0.322229788972291,0.0700181504172073,0.570526770073926,0.12269889573426,0.53090160461071
856,0.13652941940775,0.435135310617274,0.12216918778343,0.32251521637259,0.0704638315845749,0.570860124182266,0.123461819198541,0.531143474735946
857,0.137034606803134,0.435416411399759,0.122815355567839,0.322785959554031,0.0709361690198373,0.571091615627678,0.124208853446723,0.531374265138628
858,0.137521749742296,0.435769065023831,0.123467688791729,0.323034869757916,0.0713847142179228,0.571298374589747,0.124942968340281,0.531635798641142
859,0.13795996093875,0.436141616946316,0.124104146424805,0.323274957883374,0.0717787572483689,0.571586665014535,0.125681147881248,0.531969214660586
860,0.138409669584388,0.436444196623992,0.124710219974709,0.323617369406122,0.0722400337942,0.571795845245523,0.126409878901665,0.532265922829233
861,0.138869259683233,0.436757882621296,0.125320569964705,0.323934207039769,0.0726998862050118,0.572034316911915,0.127144125611753,0.532547740738022
862,0.139338935107507,0.437083576153793,0.125939550995023,0.324162288108608,0.0731293263763316,0.572314751210115,0.127880085872044,0.532787009433414
863,0.139825902798185,0.437304538369625,0.126527468888446,0.324330351617933,0.0735600898834266,0.572506859769858,0.128586912896167,0.532876375279936
864,0.140289464112251,0.437531454891843,0.127152061760841,0.324542377253255,0.0740017802360776,0.572752447743295,0.129304001301139,0.533024119597362
865,0.140748778466851,0.437796244744882,0.127820161284403,0.324824480667787,0.0744528336929309,0.573061590700863,0.130040860740052,0.533265282294292
866,0.141233751160785,0.438112639721368,0.128505661653605,0.325157577289393,0.0749042638434463,0.5733913194535,0.130792900694129,0.533558015038552
867,0.141696864126336,0.438556291004999,0.129124109505078,0.325454085946004,0.0753326751240139,0.573680075855765,0.131535526286975,0.533797397233952
868,0.142168321047699,0.438969081781793,0.129753585578565,0.325773142840192,0.075788393350253,0.57388601994746,0.132272698276712,0.534056261754557
869,0.142650761300436,0.43929514757141,0.130428007897934,0.326123808005057,0.0762775094603932,0.574065034723308,0.133012858769217,0.534336876901997
870,0.143085620263495,0.439686104550808,0.131088495146508,0.326409984125029,0.0767224023514659,0.574449422434763,0.133771544094977,0.534490722096367
871,0.143579830991038,0.43994342790857,0.131733223428065,0.326693615839918,0.0771766834929163,0.574746933034532,0.134501328781234,0.534674059400006
872,0.144102434156564,0.440191208568415,0.132378921750648,0.327006382528826,0.0776344326739743,0.574930684864838,0.135238061054781,0.534915254527504
873,0.144572201301871,0.440636040269236,0.133044885492918,0.327361867738982,0.078074861684981,0.575095423259718,0.136033226143338,0.535179299380166
874,0.144995341847652,0.441003204463464,0.133678694408156,0.327716283227747,0.0785450543038431,0.57536301066651,0.136761734681164,0.535356146404934
875,0.145494122315855,0.441362534592635,0.134348931027564,0.328037303933807,0.0790374294503642,0.575719058462361,0.137497182682026,0.535550013966823
876,0.146080347908284,0.441753546232443,0.135070201450805,0.328323556478362,0.0795296049494677,0.576132754649029,0.138282303022023,0.53584910718917
877,0.14651584057635,0.442078492374256,0.135723231623739,0.328625663440606,0.0799801849172257,0.576600691069822,0.139063589073497,0.536288995805623
878,0.146971456613499,0.442425374805187,0.136389274898873,0.328982204082526,0.0804269944600736,0.576902195710121,0.139827161885238,0.536685367263143
879,0.147451441444203,0.442801047761775,0.137089791151049,0.329354752762145,0.080893195939337,0.577138395916208,0.140573352109274,0.536961589827592
880,0.147905277434381,0.443185888435971,0.137815995104228,0.329679193500541,0.0813922714349734,0.577550698648665,0.141317271485366,0.537126061937534
881,0.148467068317335,0.443673142854389,0.138514872464854,0.330068068594519,0.0818958614546326,0.578046948951859,0.14210214023975,0.53741950803839
882,0.149043903596538,0.444126857325119,0.139197155923509,0.330452629651027,0.0823776940054559,0.578492304963057,0.142889472302913,0.537829597944447
883,0.149558410436436,0.444488617385192,0.139880288542249,0.33080007115334,0.0828361163408787,0.578851007633579,0.143657824746772,0.538260038893662
884,0.1500189692052,0.444931252206852,0.140573920201335,0.331212258885401,0.0833193870486192,0.579325400726772,0.14445117553333,0.538507927747599
885,0.150518671248278,0.445392284847827,0.141305384717677,0.331598370753581,0.083832621749238,0.579766571946039,0.145224691036974,0.538655895628942
886,0.151042833182507,0.445831874853657,0.142046178856681,0.331957621473772,0.0843448725374322,0.580188912541935,0.145972446910939,0.53882462797325
887,0.151523629013551,0.446230439903525,0.142740832129906,0.332337383651266,0.0848092843044831,0.580661987133125,0.146710626131163,0.539143303369319
888,0.151990549176874,0.446726840330919,0.14339470109385,0.332781490831732,0.0852526296496804,0.580947685070916,0.147450167502921,0.539468896936884
889,0.152475140614581,0.447176632720838,0.144078824511219,0.333204126842301,0.0857244101546935,0.581232056753352,0.148205499523822,0.539782513869388
890,0.152983286819944,0.447513433818473,0.144812387340476,0.333552440894127,0.0862316105501992,0.581651336482012,0.148965952240926,0.540059788628561
891,0.153461915382927,0.447929376290461,0.145471673712759,0.333886209494841,0.0866752075347479,0.582112757482531,0.149657460657364,0.540188491430008
892,0.153924978915656,0.448420608069387,0.146126119172792,0.334206128972955,0.0871204537615869,0.582503666117616,0.150376852952338,0.540512415392412
893,0.154393547958034,0.448890639790902,0.146794702432043,0.334513264247553,0.0875845892770795,0.582869628929347,0.151117400004316,0.541000830536838
894,0.154893186373637,0.449209426631822,0.147471110752532,0.334815572165866,0.088063136501074,0.583339943368425,0.151823648627443,0.541418180272743
895,0.155426504147422,0.449550811714445,0.148139777587182,0.335207543160689,0.088571235773818,0.583890107532305,0.152543896443147,0.541717390450285
896,0.15592701859574,0.449975208882055,0.148821535518351,0.33561322281723,0.0890760624086842,0.584409868113238,0.153269003120175,0.541967203661635
897,0.156365634217222,0.450464909738797,0.149513882801089,0.335975952055303,0.0895493741385313,0.584831308958803,0.15398145923786,0.542215941198612
898,0.156806861709155,0.450864043341487,0.150143368471574,0.336328268414161,0.0899770133256967,0.585202274218663,0.154656731259554,0.542407785447777
899,0.157308004134987,0.451260566732356,0.150802033152377,0.336721375331397,0.0904496735119589,0.585525761287984,0.155350411463792,0.542671713407486
900,0.157822414887032,0.451691104643793,0.151488321369153,0.337150652535373,0.0909441752903852,0.585851568869149,0.156050916360855,0.542973920753385
901,0.158260483241285,0.452164897001821,0.152153593938349,0.337571750024102,0.0913852602780547,0.586244556507478,0.156717486845024,0.543212110578729
902,0.158719244883138,0.45263743214108,0.152773949829078,0.337888383474645,0.0918092278512502,0.586675048444804,0.157377972820658,0.543497751358088
903,0.159157425126092,0.453072244425085,0.153377710523846,0.338192285938994,0.0922483777336426,0.587103747549391,0.158035953230724,0.543777142088075
904,0.15956917447517,0.453465161777282,0.153999399392223,0.338542068338832,0.0927165025204,0.587515255343011,0.158687389495982,0.544005282169186
905,0.160062190781666,0.45387126028192,0.15468668351157,0.338880119510762,0.0931953232148887,0.587960826086588,0.159318718965086,0.544185411975647
906,0.16054086006494,0.454281225319988,0.155262416293362,0.339202109851221,0.09364677875405,0.588268674275029,0.159925956192386,0.544403799247934
907,0.160970686334777,0.45468971724631,0.155784890722024,0.339544011929231,0.0940760831378266,0.588504307965852,0.160520080329003,0.544646529434529
908,0.161361202339503,0.455081731260955,0.156402945954821,0.339942047112933,0.0945108876756425,0.588825946301866,0.161120478432479,0.544868648418366
909,0.161848202329367,0.455377581929092,0.157041609564567,0.340263824993454,0.094964937722246,0.589173768184034,0.161740193694908,0.545172889920571
910,0.162333575257926,0.45567099047829,0.157669358979408,0.340568736120421,0.0954113988778406,0.589497051342862,0.162370635856925,0.545553325566886
911,0.162753307141596,0.456011036317796,0.158267138268328,0.340905905902636,0.0958425014661663,0.589801174857726,0.162988751262886,0.545920094481396
912,0.163141095458587,0.456337287620103,0.158827779716048,0.341278188652585,0.0962944975695569,0.590187818957116,0.163547844248702,0.546042599874394
913,0.163562038234714,0.456707233011968,0.159420922603112,0.341592891677678,0.0967231130089682,0.590660153611297,0.164127479180563,0.546249153883643
914,0.163998097766948,0.457124475536317,0.160017678951219,0.341903965748523,0.0971496728632065,0.5911254019052,0.164724505356651,0.546549737983688
915,0.164408916691933,0.457556435764066,0.160561535428945,0.342289421191875,0.0976079005450707,0.591477020569914,0.16530061624558,0.546817470499005
916,0.164857401531913,0.457892987768838,0.161081134815477,0.3425943361221,0.0980537926028139,0.591808356533699,0.165817435556352,0.546883157848326
917,0.165257502256765,0.458224145047939,0.161652606124423,0.342909394278874,0.0984685419818723,0.592094792922969,0.166328355113159,0.547004241082878
918,0.165603419835966,0.458576071511138,0.162276990080449,0.343260644731195,0.0988597805227452,0.592333266207999,0.166856395739511,0.547273658226711
919,0.166013223623735,0.458865963341697,0.162850104221057,0.343561791768297,0.0992689516386198,0.592559026524465,0.167373271455569,0.547516467583458
920,0.166411878841844,0.459212083951728,0.163413551382671,0.343890052807831,0.0996747817908623,0.592844522706214,0.167905117581227,0.547838907061363
921,0.166847603219774,0.459546329207887,0.16396105024926,0.344225313749127,0.100111568808448,0.593196572039578,0.168441467558619,0.548148005371244
922,0.167353991062693,0.459789933901504,0.164474083171933,0.344533904505826,0.100593707538258,0.593587400486703,0.168961484353721,0.548348380776789
923,0.167745779998942,0.460070878472091,0.164925135160153,0.344855308668278,0.100977846002493,0.59396583871822,0.16945356223449,0.548612696856506
924,0.168093199249516,0.460439259577226,0.165411181307537,0.345192395505876,0.101353495163284,0.594295836580819,0.169927006738116,0.548785634706082
925,0.168465056488548,0.460851529589116,0.165950727068251,0.345551596135243,0.101770040489246,0.594537402153791,0.17039899285146,0.548882649272066
926,0.168913858625705,0.461176589415073,0.166478258306448,0.345941352560024,0.102223941034582,0.594657823472897,0.170890129110133,0.54909351509368
927,0.169295658137747,0.461481537261333,0.166971649686854,0.34626878374705,0.102590145216977,0.594963163232064,0.171270644158096,0.549168349312813
928,0.169671421019576,0.461768496500055,0.167458978707396,0.346557334427492,0.10297119334765,0.595387513653017,0.171664356326985,0.549258837641524
929,0.17009358230665,0.462047510231873,0.167971095839277,0.346840569085963,0.103445253237767,0.595795883346601,0.172169531899815,0.549512185394079
930,0.170429147454995,0.462407868319432,0.168505485118876,0.347083347662241,0.103835864004015,0.596150354552151,0.172616316654235,0.549785659794897
931,0.170754312574459,0.462659455119701,0.169016977716109,0.347343506734095,0.10424914932532,0.596403443715492,0.173039537022504,0.549964808382438
932,0.171105196366444,0.46284616099559,0.169496804811639,0.347630667359211,0.1046694430799,0.596635776499108,0.173438575771384,0.550080462588618
933,0.171485173027255,0.463157978012652,0.169964831013549,0.347920887440387,0.105014062543528,0.597001408572332,0.173799020412402,0.550260830563544
934,0.171836682179013,0.463473743791933,0.170447486200927,0.348216725583758,0.105419843185125,0.597394979171308,0.174196931431304,0.550454650650354
935,0.172197012570059,0.463764387811187,0.170960906081985,0.348524737604866,0.105870465672315,0.597736307433218,0.174614300147771,0.550663015595954
936,0.172584935734304,0.464016639664826,0.17148068133021,0.348832748586009,0.106313051159833,0.597976055908098,0.175014940050203,0.550893292020987
937,0.172949823637991,0.464210135990314,0.171895162402424,0.349087648093242,0.106662866072126,0.598100903276846,0.175349219695044,0.551169305471683
938,0.173299546690181,0.464503212519267,0.172343594965866,0.349305612873845,0.107021957947549,0.598321401302621,0.175733560602894,0.551339541063531
939,0.173644170625347,0.464838250315846,0.172819798249626,0.349532130229914,0.10740079338201,0.598666669488044,0.176117472606544,0.551360975746079
940,0.173988428456382,0.465090840381711,0.173264512039738,0.349809810429015,0.107775967649538,0.599055373662316,0.176404537441537,0.551277333928537
941,0.174270204653739,0.46536708731178,0.173686815965725,0.350049674589184,0.108154595716557,0.599280421485411,0.176688339074941,0.551296965222949
942,0.17460982421328,0.465662937679995,0.17412008625929,0.35036495809866,0.108579446315108,0.59956678455305,0.17701939867003,0.551451474420099
943,0.174995921116611,0.46594797761894,0.174559816215301,0.35074731231908,0.109009766679739,0.599907688141226,0.177373629494517,0.551675746031454
944,0.175232583300915,0.466168919812142,0.174949949941849,0.351015257916982,0.109296344700829,0.599958481302382,0.177637023787417,0.551805527107228
945,0.175579676663604,0.466332159409296,0.175358477598756,0.351362527457584,0.10966667833601,0.600131790013383,0.177897277681706,0.551924440650024
946,0.175941186468353,0.466430822941024,0.175764339232429,0.351681770054379,0.110068930485429,0.600388727439089,0.178159010383464,0.55206845900844
947,0.17620062470913,0.466504977585974,0.176154656755908,0.351857430936525,0.110418009949905,0.600617437460346,0.178408617743396,0.552201957228321
948,0.176518638162932,0.466766796102842,0.176641683691278,0.35203322112646,0.110797089482918,0.600903238342361,0.178644156132026,0.552050158073539
949,0.176897573831735,0.467035797894833,0.177092278496573,0.352199514949631,0.111172263454964,0.601236930235002,0.178897181104596,0.552015031860585
950,0.177253172380835,0.467211114894094,0.177474000145019,0.352383716068861,0.111530408587104,0.601530270187204,0.179106593263328,0.55208457443274
951,0.177464677790601,0.467268909066119,0.177834798813397,0.352622456825421,0.111874564554237,0.601661354073023,0.179170108074151,0.551957948315718
952,0.177754362095718,0.467314893195185,0.178199606164129,0.352745561339719,0.112192968472635,0.601807693971043,0.179311220451597,0.551762270926631
953,0.178076841292464,0.467338286165693,0.178601428208454,0.35287324882623,0.112531960198446,0.601944544997639,0.179533454520329,0.551671992559103
954,0.178364798012467,0.467324629787474,0.17902244932547,0.353097051613018,0.112903112223142,0.602032407638702,0.179776411135276,0.551728896525589
955,0.178583033592487,0.467272139641016,0.179338865988547,0.353366344996012,0.113232139136769,0.602056325731229,0.179920263987074,0.551697286951604
956,0.178856826676337,0.467433712718001,0.179733830454607,0.353687114785231,0.113583044171059,0.602123389457448,0.180101385713886,0.551732796061236
957,0.179144295230366,0.467642343614096,0.18011298339133,0.353928717854969,0.113922851912598,0.602244005620911,0.1802745179148,0.551751597724119
958,0.17937475025869,0.467646529199544,0.180352704298818,0.353994174648683,0.114212855515368,0.602400959094708,0.180373732494608,0.55166114095246
959,0.179670880501814,0.46765650210238,0.180728512870201,0.35420284642127,0.114561108373065,0.602650892209373,0.180579970206161,0.551779298616395
960,0.18004458355317,0.46770849619024,0.181150545768693,0.354455226598266,0.114997255896599,0.60292873528541,0.180800281367048,0.551837606653082
961,0.180440061421957,0.467827119326204,0.181567274543063,0.354706620762035,0.115461913614365,0.603192791598415,0.181039556918385,0.551811840483411
962,0.180748092008058,0.468027276752107,0.181983941787114,0.35498435276816,0.115823849999312,0.603429915200296,0.181400988244994,0.551927904363657
963,0.181039869972238,0.468283819637636,0.182407030204439,0.355260076136188,0.11622767911508,0.603592674862764,0.181740131608926,0.551917254649052
964,0.181273805644671,0.468468681783423,0.18274699506064,0.355441448248068,0.116532003496562,0.603637382746333,0.181957164978071,0.551829918726481
965,0.181454055098338,0.468525524246228,0.183003840622197,0.355517750409908,0.1167085199823,0.603633606827973,0.182077698401206,0.551782488291268
966,0.181743666974153,0.468600673937095,0.183440591357231,0.35569178868002,0.117145825979134,0.603934684684592,0.182406211683204,0.551905168119243
967,0.182068247330476,0.46877946889786,0.183893059423852,0.355970785797459,0.117559215491149,0.604195083607541,0.182750587017232,0.552046757671087
968,0.182394413816433,0.468972031996066,0.184329072492107,0.356256672072009,0.117935573056489,0.604376482044377,0.18308374117907,0.552150906931386
969,0.182708475555717,0.469046134047385,0.184771078195277,0.356444899926035,0.118348363919707,0.604565954060524,0.183430139276149,0.552211397075332
970,0.183036313464011,0.469137401664965,0.185249290767646,0.356745538094882,0.118680175848839,0.604759268396687,0.183712572394834,0.552266811960902
971,0.183376376192092,0.469422139870199,0.185703235460041,0.357047636596824,0.119097424870139,0.605052700729198,0.184050880346054,0.552310040573146
972,0.183700974495413,0.469829883510749,0.186074773508855,0.357323895911262,0.119561093215902,0.605355264544219,0.184439304763935,0.552344593553438
973,0.183965700803666,0.47003972177572,0.186331512135392,0.357653499483326,0.11981556610854,0.605395474033465,0.1847354934291,0.552392385890966
974,0.184318087106939,0.470171741677794,0.186747123603084,0.357908473450847,0.120186077284492,0.605503696633438,0.185113293635231,0.552558656470966
975,0.184730471511815,0.470379317604775,0.18725831103231,0.358172619166425,0.120626400449438,0.605696282464665,0.185495209793176,0.552801007431746
976,0.185128509057565,0.47069780588615,0.187740621882907,0.358496127329356,0.121042883203651,0.605910715455512,0.185814807317858,0.553047395808891
977,0.185407626289894,0.47082990468033,0.188098846596052,0.358732956945877,0.121411949657384,0.606041043125267,0.186154487611746,0.553246429641188
978,0.185737829602642,0.471065075506052,0.188460651384632,0.358960851356291,0.121817175615282,0.606286529661705,0.186534913064939,0.5533254401764
979,0.186086179180996,0.471364528704799,0.188910014278022,0.359236518003958,0.122259968551271,0.606674781393342,0.186925221682189,0.553420928332978
980,0.186353759312108,0.471587684871181,0.18944937681293,0.359569468354673,0.122694677710412,0.607090672598241,0.187280585820522,0.553693699643755
981,0.186573320255494,0.471832161092816,0.189762260270814,0.359746536545811,0.123031820612027,0.607098098613224,0.18763075916318,0.553911636897939
982,0.186901669676422,0.472092353338545,0.190095190743792,0.360016965463643,0.123441120988728,0.607197161735008,0.187999139665145,0.554034899759017
983,0.187323366761077,0.472323249367133,0.190522231244347,0.360385349733389,0.123925506694171,0.607523702794772,0.188416659291597,0.55415600094999
984,0.187659063883394,0.472466689257119,0.190924472119741,0.360615176592316,0.124319822859351,0.607808456062027,0.188905951962468,0.554450922199012
985,0.187926236221138,0.472752394566551,0.191309109254421,0.360834752308544,0.124601331798195,0.607946708184709,0.189260850039398,0.554546498632468
986,0.188238620562013,0.473054942491859,0.191743810573098,0.361119746263791,0.12498797273063,0.608104556820865,0.18958574164012,0.554606120425152
987,0.188613627901657,0.473297451347339,0.192249233851796,0.361463703216573,0.12554214563079,0.608400236400597,0.189967630859605,0.554783141908614
988,0.188829375312457,0.473621743388338,0.192735731948628,0.361710942612052,0.12592655045647,0.608752912033934,0.190341326560527,0.555019802932638
989,0.189181514946549,0.474070308344236,0.193082485717623,0.361997333506004,0.126399458357465,0.609077327604503,0.190699615414283,0.555253710328785
990,0.189562232931131,0.474466125715044,0.193446770781904,0.362332855540659,0.12689066698117,0.609388615891756,0.191129530042302,0.555510067539305
991,0.189813286613215,0.474668328578787,0.193979782793147,0.362678167043052,0.127281189477199,0.609729702218379,0.191678489903301,0.555807072190058
992,0.190154979573023,0.475017185842527,0.194392514347239,0.362986686166795,0.127709228574641,0.610097712424183,0.192118529332556,0.555990019562856
993,0.190534069045282,0.475302057057136,0.194787828221351,0.36322063069197,0.128152621530569,0.610412932365558,0.19244906803765,0.556258563276788
994,0.190862267677564,0.475539160908984,0.195155907918827,0.363434326750383,0.128536434010573,0.610614673234081,0.192768331218024,0.556570955207106
995,0.191072774252744,0.475885316473816,0.195444165018792,0.363734212095806,0.128804211857606,0.610709786149707,0.193214924721869,0.556762521265948
996,0.191436947914186,0.476256122968778,0.195923106403459,0.364102236691172,0.129328676130037,0.61109593318616,0.193681282181978,0.557158946210996
997,0.191895019944246,0.476579044663609,0.196437811238581,0.36443449543347,0.129903880793794,0.61143089996642,0.194123569342992,0.557430610313929
998,0.192302208411243,0.476851481827001,0.196865766501152,0.364683046889615,0.130374445696073,0.61156347748523,0.194564663328404,0.557515330500444
999,0.192475396939692,0.477157195086583,0.197199303184488,0.364889739961317,0.130748883348153,0.611703289918108,0.195096296873272,0.557779540287388
1000,0.192760813018563,0.477456960722834,0.19756379489124,0.365160297406006,0.1311862648778,0.611880229754696,0.195469040686441,0.558092921742158
1001,0.192760813018563,0.477456960722834,0.19756379489124,0.365160297406006,0.1311862648778,0.611880229754696,0.195469040686441,0.558092921742158
1002,0.193210554925336,0.477865603347878,0.197990361455349,0.365548143797723,0.131676013487322,0.612131528054952,0.195868786351506,0.558396209699378
1003,0.193611605959646,0.478214047365473,0.198394891991912,0.365839189730822,0.132118927409602,0.612353404038513,0.196317423482795,0.558645259432953
1004,0.194040270007328,0.478525701279121,0.198741823031896,0.366172616730793,0.132590893823543,0.612567341413216,0.19677060598147,0.558820631713152
1005,0.194390821354106,0.478839659791609,0.199133296470609,0.366401315973184,0.133027025200523,0.61280084754601,0.197205217966049,0.559032806039548
1006,0.194694719156097,0.479148593145794,0.19946593267826,0.366483650947817,0.133363032281504,0.613084515968727,0.197677996974448,0.559213623149615
1007,0.195019684918552,0.479437106249351,0.199882432770894,0.36664988528045,0.133777357122106,0.613299467633088,0.198154728061232,0.55947299084331
1008,0.195315635265755,0.479713877614721,0.20039897093856,0.366796349044902,0.134222038329944,0.613547295160877,0.198647694492585,0.559795826290127
1009,0.19567736004946,0.480027742581473,0.200817971199784,0.367068476865078,0.13469315722113,0.613792370692193,0.199101382167412,0.560082474493935
1010,0.196068762946103,0.48035818632669,0.20118256772523,0.367465903407197,0.135169553902139,0.613947119755237,0.199589010668472,0.560448688643694
1011,0.196490212346369,0.480614670700402,0.201645972709273,0.3677353364189,0.135719287331896,0.614169818740668,0.200021694334832,0.560711749307859
1012,0.196974803226933,0.480925258132353,0.20204134125788,0.368031531307135,0.136264514576988,0.61469353953126,0.20040649429278,0.560903096101205
1013,0.197267722373385,0.481209813638953,0.20250380600969,0.368378726990892,0.136764639903338,0.614973756799947,0.20078330625102,0.561093812968598
1014,0.197572200834499,0.481407557591039,0.202984403412259,0.368550017769034,0.137247971355323,0.615177286228636,0.201279368419338,0.561387841204427
1015,0.197846993107304,0.481709845469705,0.203378408763383,0.36875025529208,0.137692533153739,0.615430989422547,0.201860650174752,0.561870900904756
1016,0.198020973778739,0.482085204439042,0.203782021267395,0.369036815663507,0.138165786556955,0.615481286233263,0.202333074742469,0.562297597708267
1017,0.198328454775686,0.482486330988083,0.204164858930081,0.369259833986184,0.138662766034674,0.615505736066346,0.202753992056835,0.562625416664213
1018,0.198636621391713,0.482880928294937,0.204588947401027,0.369529437359182,0.139145831726311,0.615689831354715,0.203199640519436,0.562972110464196
1019,0.198992834237211,0.483347526739652,0.205053594872635,0.369851284788258,0.139634568974951,0.616009602138665,0.203569603352339,0.563300855344513
1020,0.199319726019566,0.48372932425884,0.20551573001267,0.370142426243895,0.140150194178761,0.616323939921519,0.204017381526839,0.563544442099826
1021,0.199666615792225,0.484089467062721,0.206023697073325,0.37046783682126,0.140692343789976,0.616796883679927,0.204524454990439,0.563737574491921
1022,0.19998852308098,0.484412988799801,0.206453876364271,0.370708992905481,0.141169809131522,0.617076353776697,0.205009847129898,0.563974613179468
1023,0.200253351610284,0.484675155704859,0.206828249668893,0.370843108520414,0.141620793577532,0.617282621138971,0.205499990434002,0.564064946581058
1024,0.200555731091568,0.484972205069132,0.207229154412295,0.371068683240256,0.142100753789523,0.617506721494036,0.2059766955473,0.564277352725505
1025,0.200892583326824,0.485272570384312,0.207594471248504,0.371290675105512,0.142515871743541,0.617667430717024,0.206429637496575,0.564538976746483
1026,0.201228197826382,0.48550495437389,0.207980965095296,0.371543058250597,0.143019905407054,0.617764222894028,0.206966380013843,0.564960719255224
1027,0.201475042194003,0.485782122879136,0.208389113539617,0.371805817283823,0.143533165246117,0.617899454047175,0.207421702698144,0.565284357546885
1028,0.201859333598693,0.486174240059916,0.208914294740919,0.372108996215028,0.144041768993857,0.618107406384187,0.20786960926292,0.565692843909695
1029,0.202186396973556,0.486524679486116,0.209400851096031,0.372342112640726,0.144588499753785,0.618376721347429,0.208337816393461,0.566109388275185
1030,0.202489795366961,0.486879522884969,0.209803964861523,0.372552772203087,0.145067279889353,0.618689250392523,0.208785836979583,0.566387843942432
1031,0.202841371128303,0.487220756273124,0.210221457930757,0.372769387852218,0.145570191049328,0.618963558512042,0.209243035701017,0.566660794943087
1032,0.203227832301759,0.487582209057587,0.210590987090701,0.37298158412696,0.146125169025443,0.619330109708924,0.209720667118099,0.566916176274255
1033,0.203566540482588,0.48788254776452,0.211016490476649,0.373198616128981,0.14661517364356,0.619574189808079,0.210174516200614,0.567148952078167
1034,0.203921235581019,0.488118376897774,0.211475800733771,0.373402653435455,0.147046930974788,0.619665407969074,0.210610609085196,0.567335535744633
1035,0.204253306626268,0.488429660877862,0.211916988528035,0.373629134948326,0.147534058554522,0.619911244539473,0.211024178477226,0.56751936581436
1036,0.204542916454481,0.488735763534489,0.212393498255194,0.373888611407251,0.148034436826574,0.620229226713691,0.211438147232139,0.567663923000833
1037,0.20487980917668,0.489054007586044,0.212823378472441,0.374121351563809,0.148505690152979,0.620520001992055,0.211846501600196,0.567820766213123
1038,0.205246065756203,0.489463457424747,0.213206460375554,0.374362943542617,0.148964314122207,0.620903200816216,0.212195856310428,0.567908695167955
1039,0.205571191336465,0.489769636494157,0.213598264816767,0.37455942790392,0.149434334790501,0.621166706641426,0.212608258955239,0.568099564482913
1040,0.205932492640844,0.490004619512474,0.213976022014005,0.374687653365341,0.149867000538916,0.621389043186843,0.213066461086691,0.568277841331454
1041,0.20620150028953,0.490286560979879,0.21436146401482,0.374885357143607,0.15036318654596,0.621517515326064,0.213475317110517,0.568635067142141
1042,0.206400532165446,0.490487461595889,0.214757111085752,0.375113445153458,0.150884661566518,0.621593765193585,0.213923629736529,0.569056880361341
1043,0.206663701829286,0.490718539729876,0.215147201748844,0.375310132903621,0.151417780515444,0.621793965125876,0.214474180327506,0.569461917177705
1044,0.206957909984155,0.491076354411587,0.215626108751856,0.375580087493378,0.151929581675461,0.622105849763084,0.21492135748712,0.569772063665712
1045,0.207324250992427,0.491442391586749,0.216130204016956,0.375884065756517,0.152452801206061,0.622456027217263,0.21531412461937,0.570015600650745
1046,0.207674491726527,0.491800069780869,0.216565187043799,0.376144380121892,0.15294398062573,0.622780480419913,0.215739055471093,0.570217288869697
1047,0.20810866229696,0.49223725315008,0.2170214112077,0.376404592407487,0.153399780893644,0.623214152062421,0.216119901003522,0.570282986938871
1048,0.208445819103844,0.492598583033513,0.217421536741326,0.376632761837273,0.153907327638512,0.623508516799998,0.216516616187949,0.570425747611496
1049,0.208721500316891,0.492893736975,0.217713039962167,0.376834757475725,0.154433010319953,0.623683385999634,0.216960267242607,0.570581252355227
1050,0.209021212114334,0.493215587774044,0.218101559995876,0.377028241050413,0.154916590104138,0.623957797929399,0.21736633290471,0.570708523301252
1051,0.209326860813929,0.493542887103854,0.218523889347609,0.377179458662816,0.155424551817324,0.624264629825214,0.21772023589061,0.570802303977168
1052,0.209616958075671,0.493854731727252,0.218932630896769,0.377372597569222,0.155892715541487,0.624535542770184,0.218119537712802,0.570961501967178
1053,0.209880419424989,0.494139039517602,0.219401907203719,0.377565998912953,0.156263370470446,0.624808002728179,0.218526311472948,0.571108221379521
1054,0.210175122015607,0.4944800762073,0.219805418110008,0.377790839710308,0.156741461519565,0.625085720965838,0.218955341485636,0.571335443914826
1055,0.210484374711649,0.494861848370825,0.22015979704419,0.378078225838759,0.15730743826482,0.6253835985739,0.219456046868904,0.571722573871095
1056,0.210766713319637,0.495199687180408,0.220531497643514,0.37830808070375,0.157798419210825,0.625611707766127,0.219874131813851,0.571936594878034
1057,0.211054604984379,0.495566912280083,0.220911925780785,0.378538753965594,0.158288171025264,0.625806597476118,0.220300826857474,0.572113908815211
1058,0.211342180359864,0.495900322657712,0.221224519307737,0.37874014185331,0.158776427655706,0.626009907645045,0.220650572614143,0.572252060368811
1059,0.211605252655221,0.496147138579924,0.221551998328001,0.378940842904044,0.159248312041468,0.62620538159108,0.22090688462204,0.572339262793463
1060,0.211840952780235,0.496387452847224,0.221929978200889,0.379078366218511,0.159735766000904,0.62638195888049,0.221229977702807,0.572414511486645
1061,0.212126824043824,0.49665015161967,0.222315574491982,0.379203748786308,0.160251793493665,0.626586392740747,0.221595757556868,0.572519096756029
1062,0.212446850835561,0.49689444365186,0.222721947538364,0.379302100004645,0.160852345251852,0.626866045894639,0.222002049010101,0.57265772550584
1063,0.212755892987345,0.497172051922595,0.223104713979279,0.379440538545112,0.161364346420516,0.627066213581293,0.222373954449343,0.572814878175081
1064,0.213105092820654,0.497514316958525,0.223523916197263,0.379564668273877,0.161837900795098,0.627215120554054,0.222793372220697,0.57296775834392
1065,0.213372803269294,0.49776211837789,0.223875395008089,0.37969334831208,0.162316095846782,0.627368383125734,0.22314106305125,0.573127097257605
1066,0.213568837930456,0.497984561373402,0.224146005233793,0.379869302445487,0.162759106045035,0.627503599019097,0.223448138414601,0.57337823782441
1067,0.213836081604174,0.498184356796061,0.224497668148595,0.379984172902439,0.163233144279098,0.62765112197921,0.223743700664507,0.57350859379874
1068,0.214102575974926,0.498271211177273,0.224872948904837,0.380008004198363,0.163707640857802,0.627815423754149,0.22399115910725,0.573545130035941
1069,0.214379151538466,0.498466494395255,0.225220607015198,0.380124014053165,0.164202259364308,0.627950810150727,0.224282512930712,0.573632691393348
1070,0.214728017971557,0.498768972873705,0.225586610624976,0.380299550278254,0.164743606074173,0.628086762212148,0.224555412535345,0.57365499310966
1071,0.215007112543046,0.498961100281611,0.225958312099772,0.380430274796991,0.165238038928102,0.628186430422073,0.224851041683419,0.573749848490571
1072,0.215203833302827,0.499141761880825,0.226304146450168,0.380605884030182,0.165699963554258,0.628214391125368,0.225226941648522,0.573917790593721
1073,0.215454127725288,0.499310068112511,0.226657320682321,0.38073170799079,0.166181023494437,0.628284801534685,0.225525315968932,0.574062309856342
1074,0.215707322385512,0.499415964778401,0.227046828684153,0.380813036789015,0.166626744734062,0.62835969310255,0.225759112641016,0.574203337381173
1075,0.215994395276243,0.499505748504281,0.227423270978445,0.380869024945922,0.167109262265193,0.628454801937433,0.226036582283185,0.574390836068061
1076,0.216259878386167,0.499599523300039,0.227727704723215,0.380900983556168,0.167636158348507,0.62850454075537,0.226295042422931,0.574555869135982
1077,0.216510570901845,0.499675582014517,0.228051871401263,0.380906671935503,0.168175516165881,0.628610981756163,0.226552264845875,0.574698951002914
1078,0.216757324012142,0.499742013949166,0.228385844347552,0.380943459892287,0.168690174351541,0.628699893276826,0.226848603544932,0.574855717868997
1079,0.21696868488785,0.49973237502016,0.22871482099284,0.380947796449605,0.169202776754354,0.628801059259177,0.227222608794963,0.575057244868732
1080,0.217200763790065,0.499823878013439,0.229046363033764,0.381016001230209,0.16971926221031,0.628830861467114,0.227507609902938,0.575163223956513
1081,0.21743938459449,0.499961228747529,0.229409513038154,0.381132135554415,0.170245025742287,0.628843085402717,0.227769402934284,0.57518281710178
1082,0.217687861948438,0.500096299306214,0.229730500858265,0.381238001220911,0.17072684025643,0.628841946041651,0.228024849352703,0.575295928701989
1083,0.217933385997765,0.5003038640459,0.230005679165787,0.381388585849139,0.171194099101298,0.628747872337293,0.228248107829318,0.575424938980439
1084,0.218182748963337,0.500426565830797,0.23032372577728,0.381475739103543,0.171656445412938,0.628735924625213,0.228451934510018,0.575502589486953
1085,0.218467556299176,0.50051274407513,0.230633845824075,0.381554661022508,0.172033369861016,0.628808264933848,0.228611403992242,0.575599673413581
1086,0.218712291083066,0.500602831694674,0.230963278896328,0.381609122849185,0.172501376949402,0.628807888866383,0.228829892008147,0.575714836546569
1087,0.218911960738258,0.500683620161018,0.231360572248703,0.381609087149289,0.173057046796906,0.628758097864077,0.229062687239024,0.575764900411737
1088,0.21915270309318,0.500721515526336,0.231695018115763,0.381630682407558,0.17354824940462,0.628754750391475,0.229288088793656,0.575853435561336
1089,0.219396859490267,0.500732674466721,0.231984353650484,0.381648722410384,0.174041834845991,0.628769973205917,0.229571164737938,0.576055544740779
1090,0.219639352157379,0.500751627058878,0.232294179073235,0.381669699460587,0.174530573631281,0.628751162665431,0.229808355873953,0.576173195675676
1091,0.219924511206635,0.500731325666618,0.232592454228002,0.381716353759624,0.174979276574185,0.628754886253268,0.229999391260032,0.57620792789328
1092,0.220174574328292,0.500697567093773,0.232866138429233,0.381710829353139,0.175422127997869,0.628726343484921,0.230195989737862,0.576274514529065
1093,0.220407096429034,0.500721147040952,0.233183603416526,0.381725270093144,0.175900241801938,0.628717660467526,0.230376005660219,0.576370795470233
1094,0.220603820777815,0.500801671023227,0.233546504234321,0.381734658987631,0.17640901499187,0.62867211361767,0.230539726122553,0.576456328288113
1095,0.220846174783186,0.500805737865106,0.233870412229768,0.381750479854697,0.176904822110084,0.628650931852853,0.230713224419763,0.576556860508661
1096,0.221104299309087,0.500810168387134,0.234195011948971,0.381762109908211,0.177424069629801,0.628702214678761,0.230872573983751,0.576721473434324
1097,0.221333275731397,0.500800757269425,0.23449896725811,0.38179081628949,0.177890993456302,0.628654759615084,0.231047089014383,0.576820295273399
1098,0.221569541189961,0.500727841228139,0.234761049169725,0.381829543348133,0.178318335318781,0.628517697582429,0.231253115137153,0.576894504026718
1099,0.221799408551991,0.500708005868716,0.235071415284843,0.381867752531661,0.178789172927202,0.628453318946345,0.231415190396175,0.576948865122175
1100,0.221999228889414,0.500750651245562,0.235414884843573,0.381949632555354,0.179261081577394,0.628385659975691,0.231548311627443,0.576964068324379
1101,0.222208190736973,0.500714717336563,0.235722379850816,0.381959362391498,0.179722258785186,0.628319651841052,0.23169970697061,0.577007322669092
1102,0.222450563483311,0.500632726447733,0.236051395882581,0.381889765658818,0.18021691808847,0.628325798001041,0.23182451071623,0.577048149895744
1103,0.222654955212627,0.500588784123835,0.236343718558992,0.381904367717299,0.180679667647453,0.628256819864364,0.231977718391449,0.577081268195721
1104,0.222802498016739,0.500502675974302,0.236552798901352,0.381934172220524,0.18108195885316,0.628107265545272,0.232198460045626,0.577127188755627
1105,0.223002444900256,0.500455525325006,0.236833048518419,0.381947899138235,0.181530047166502,0.628007904581519,0.232349877089227,0.577162603592487
1106,0.223213934687207,0.500485179285659,0.237172127223148,0.382047501348646,0.182005891334823,0.62787870724162,0.232443174960579,0.577169725141948
1107,0.223425801186265,0.500465490671324,0.237465380793581,0.382075008464951,0.182474821576663,0.627795257396569,0.232576249371124,0.57719627827745
1108,0.223686120225181,0.500415937435349,0.237795668439735,0.382027520462559,0.182983755215583,0.627772342012588,0.232701944769123,0.577262651635033
1109,0.223914976047873,0.500384755923535,0.238060773613157,0.381971022750425,0.183449531720207,0.627756136562706,0.232810439928713,0.577269776854192
1110,0.224133025956864,0.500342080270271,0.238331213954991,0.381952618912826,0.183895873459629,0.627683666623333,0.232955298772931,0.577312040243049
1111,0.224324360871377,0.500281077264348,0.238553719657141,0.381940907140346,0.18430624749121,0.627599877223025,0.233155034534602,0.577356318749771
1112,0.224548677762983,0.500230817704312,0.238805446679872,0.381919481577969,0.184758002420705,0.627517367188463,0.233309387829396,0.577413649254158
1113,0.2247869849405,0.500188866177188,0.239069807111394,0.381905741826288,0.185193838276654,0.627379676250539,0.233467327755135,0.577510532586668
1114,0.225001135507044,0.500138700651725,0.239327998800705,0.381906921128435,0.185656489224636,0.627296785014202,0.233585996080458,0.577537946847321
1115,0.225230288654484,0.500093006356163,0.239557350675706,0.381909734346855,0.186177206370444,0.627252100708295,0.233660927511041,0.577560361658514
1116,0.225426769850219,0.500021783547077,0.239833679391936,0.381896163181359,0.186637032759364,0.627189714022733,0.23377423032967,0.577540242709838
1117,0.225561811447285,0.499953678924154,0.240146305385067,0.381913360694192,0.187071846861605,0.627120221620438,0.233897864320501,0.577426240042579
1118,0.225756827728303,0.499855013775971,0.24043298927917,0.38189258110466,0.187511521846014,0.627076823371886,0.233984681904835,0.577386208123106
1119,0.225997741546939,0.499708485235025,0.240746559637549,0.381827623501996,0.187928506483635,0.627063026959268,0.234113163571327,0.577383842636153
1120,0.226190234628656,0.499589839155938,0.241033044343896,0.381777460803717,0.188353492706124,0.627018011022747,0.234168385976458,0.577342903975351
1121,0.226388384808643,0.499492859390811,0.241316824955418,0.381734114354037,0.188794740094151,0.627003880628364,0.234143061237336,0.577335035695785
1122,0.226574235510473,0.499353112884509,0.241558887220257,0.381672484480576,0.189214042602142,0.626935455085519,0.23413145755425,0.577277106688928
1123,0.22671224727167,0.499201577609847,0.241786752653407,0.381585713546772,0.189611354336057,0.626796194078202,0.234130484212587,0.577202501820433
1124,0.22686600549884,0.499041497950002,0.241984942513958,0.381514454189645,0.190018348579714,0.626689125340897,0.234069453360012,0.577064426964354
1125,0.227024652310988,0.498864027931385,0.242152647805715,0.381445222730871,0.190424377315844,0.626581042125111,0.233975695066243,0.576884124985648
1126,0.227211187011913,0.498658843464677,0.242266615325028,0.381381761997446,0.190839289477814,0.626468565421908,0.233868100928896,0.576658503971498
1127,0.227342887142111,0.498433151179279,0.242407091102837,0.381288450389163,0.191206892909097,0.626332934279473,0.233708763545174,0.576445055337994
1128,0.227461246186285,0.498233770543968,0.242537569829273,0.381203846690091,0.19156991583852,0.626212804389817,0.23349546091316,0.576197665814428
1129,0.227553246186979,0.497923457795974,0.242668910584108,0.381080135936575,0.191902393755583,0.626047926452028,0.23326087879587,0.575921413539419
1130,0.227602063208312,0.497554400719116,0.242828602995752,0.380917676484715,0.192195118807258,0.625844112511783,0.233022895008824,0.575676812736208
1131,0.227675480002457,0.497143095147213,0.242911780553278,0.380759274167643,0.192479797673281,0.625634557470955,0.232699891328065,0.575327282974077
1132,0.227759045573078,0.496645902059595,0.242954518753576,0.380603403597951,0.192766668539636,0.625431938181692,0.232325647076951,0.574858238473046
1133,0.22780347243178,0.49617035514613,0.243000641241026,0.380409218481859,0.193010619916303,0.625170337925111,0.231903438217682,0.574459562772926
1134,0.227838598248183,0.49569328190661,0.24301482536866,0.380204663728744,0.193193416877196,0.624849697421062,0.231430762419314,0.574108711112553
1135,0.227860430939723,0.495154009115397,0.243011048402493,0.379960177746831,0.193414202300022,0.624553533044573,0.230901272359388,0.573628975144524
1136,0.227847999235063,0.494589160602342,0.242994040234983,0.379652455319079,0.193653726075934,0.624254614423131,0.230302720749286,0.57313456059226
1137,0.227836168969419,0.493992529108651,0.242981350604654,0.379377246543977,0.19384790265622,0.6239149445475,0.229695345862681,0.572570327804387
1138,0.227842102097405,0.493338789150445,0.242941065151396,0.379120874124384,0.194055839125325,0.623578918035273,0.229064480021891,0.57187371390045
1139,0.227807761012935,0.492669129595572,0.242901178156162,0.378812366436863,0.194217202989763,0.62320745670293,0.228369991958582,0.571183311419708
1140,0.227723671759215,0.491996929927478,0.242897158485132,0.378505241230467,0.194296918872481,0.622758607959245,0.227620207798249,0.570460337976277
1141,0.227660883303707,0.491278625374682,0.242849146102003,0.378162822871742,0.194407019674979,0.622338231184047,0.226868820233398,0.569739602538384
1142,0.2275953078184,0.490524754136346,0.242776176158143,0.377785736472778,0.194516619720073,0.621919452226278,0.226088303620481,0.569003022340118
1143,0.227513276004157,0.489714616887047,0.242659106922032,0.377332095194087,0.194626278050161,0.621493118126943,0.225231381769649,0.568232765519826
1144,0.227443357930577,0.48894094959897,0.242583394120269,0.376951674404698,0.194714968900122,0.621094403667747,0.224442329905223,0.567462050729355
1145,0.227394637969099,0.488156193205023,0.242495874727833,0.376581294629009,0.194808389274733,0.620749248874088,0.22365648167753,0.566700099335852
1146,0.227315076307715,0.487353147211404,0.242427000970576,0.376206477056322,0.194876325669057,0.620283443272168,0.2229187910084,0.565907402427453
1147,0.227218605463742,0.486525747636995,0.242376779781292,0.375851112100625,0.194894911785998,0.619801692307739,0.222196167068585,0.565053399936168
1148,0.227125128780777,0.485757738019623,0.242331408693833,0.375483457435594,0.194971334157276,0.619266111721721,0.221507552299387,0.564276279038063
1149,0.227001196100654,0.484981703804343,0.242296915262559,0.375075670373073,0.195074191566983,0.618602091386782,0.220868538759175,0.563532385955974
1150,0.226928255017788,0.484236891694626,0.242249291391764,0.374739727257446,0.195153788903102,0.618032870916001,0.22022787756261,0.562764785559204
1151,0.226875023302249,0.483552916674632,0.242180768289775,0.374446282585654,0.195228780197239,0.617463663907652,0.219550834433686,0.561997721984753
1152,0.226825178223365,0.482854756475281,0.242169007514382,0.374139588399583,0.195334606073928,0.616933235466756,0.218992690725184,0.561270089868147
1153,0.226794800810276,0.482110350344567,0.242168888680608,0.373856898793121,0.195436588151609,0.616426790100916,0.218491893635391,0.560540427438385
1154,0.226779502907622,0.48145338355061,0.242182917646793,0.373583506256396,0.19555115831636,0.615948526185252,0.218029616986943,0.559829819161986
1155,0.226773026977844,0.480847900197273,0.242248670529659,0.373297050185238,0.195708269211147,0.615527719234871,0.217654265654705,0.559144817565996
1156,0.226771057370428,0.480264551879459,0.242307351422845,0.373037953359531,0.195852961418257,0.615077159076577,0.217293315335535,0.558497681148438
1157,0.226781926464723,0.479752012207426,0.242361523805438,0.37281260230368,0.19596617432948,0.614646178116455,0.216941994291133,0.557843507797699
1158,0.226811039139959,0.479222461100767,0.242422519416156,0.372590874479415,0.196116754856147,0.614197674211274,0.216641960346237,0.557239694015838
1159,0.226851780030482,0.478665862248721,0.242511212344237,0.372357568000494,0.196296956617524,0.61371572835718,0.216380046025356,0.556675307152933
1160,0.226892419409671,0.47817218585362,0.242586082837978,0.372163672047426,0.196479341487409,0.613252608028335,0.216170075457284,0.55616932779087
1161,0.22694237770782,0.47771052740641,0.242655351201819,0.371994242153351,0.196672828637282,0.612794865480297,0.216004317581487,0.555707501598826
1162,0.22701021194366,0.477268403425997,0.242690183706687,0.371860401532872,0.196881096081961,0.612310699012577,0.215897246885485,0.555291900245764
1163,0.227085621075631,0.476853429096061,0.242808612937989,0.371702006157292,0.19709914354999,0.611929526098972,0.215770094025113,0.554874321136826
1164,0.227160644673636,0.476492533619617,0.242958848164858,0.371553763045782,0.197327413743732,0.611599247086044,0.215668977100135,0.554506260061889
1165,0.227245443831425,0.476128424727648,0.243104756897936,0.371420349003499,0.197552628583137,0.611260177168243,0.215592097325091,0.554137912141569
1166,0.227348669814557,0.4757567617481,0.243310613268511,0.371276877212527,0.197788913893941,0.610980810119786,0.215522093443924,0.553762882843933
1167,0.227456349017564,0.475438682441843,0.243469955569432,0.371155301049072,0.198030317352806,0.610684527401525,0.215468772817964,0.55341893130707
1168,0.227561067550458,0.475176423989734,0.24358820425016,0.371072591218499,0.198273915248809,0.610345494073213,0.215466412667131,0.553130821774566
1169,0.227680537866553,0.474889908876678,0.243744756555683,0.370967139223178,0.198515314488859,0.6100838931826,0.215436537512094,0.552801727697718
1170,0.227823395399838,0.474607649585082,0.243922072200888,0.370843413851045,0.198760670763674,0.609889046497287,0.215375285746495,0.552425504153345
1171,0.227955872688079,0.474351778601346,0.244085317588961,0.370745292908294,0.199013460249665,0.609673239746636,0.215356987432717,0.552126279446769
1172,0.228092723662711,0.474103088207751,0.244255260979234,0.37065231374692,0.199256248602904,0.60949902644526,0.215361409720752,0.551834496795591
1173,0.228223380718937,0.473863943805173,0.244423579484237,0.370574802200418,0.199517019197442,0.609290576847025,0.215372410719168,0.551591443087227
1174,0.228355121440142,0.473671170549761,0.24459336713135,0.370524979366135,0.199801496496676,0.609050011501535,0.215417029808271,0.551458209411451
1175,0.228480062829787,0.473451483361671,0.244748382497083,0.370462780187509,0.200080497276194,0.608833073294994,0.215444291157575,0.551258239704733
1176,0.228589922466338,0.473229205418815,0.24488411810928,0.37040472027454,0.200375146936126,0.608605244918878,0.215467294314544,0.551043081544992
1177,0.228712618266135,0.472984667661503,0.245041519518296,0.370345030580905,0.200652897412526,0.608401502010173,0.215491713294239,0.550832482834435
1178,0.228829545465583,0.472693811623031,0.245199541521796,0.370283772036118,0.200927247519031,0.608237403123269,0.215497888358019,0.550595768626282
1179,0.228969452269199,0.472448836425981,0.245356069499955,0.370221938611831,0.201187247875885,0.608059622666881,0.215536360115094,0.550367687829012
1180,0.229092356623754,0.472209673943819,0.245520767964967,0.370149978009037,0.201454855034478,0.607859134599876,0.215564023781872,0.550145491400643
1181,0.229222520287263,0.471960215126006,0.245712701535885,0.370070296280262,0.20171508266061,0.607654532647924,0.215592798719344,0.549928653794728
1182,0.229336315064524,0.471742751795864,0.245875987808013,0.37000516728587,0.201974241018612,0.607447272738699,0.21562406974122,0.54973601584812
1183,0.229427960438681,0.471572352787462,0.246027100948311,0.369927108638414,0.202224311176221,0.6072107595252,0.215660145060059,0.549551530119579
1184,0.229545409515979,0.47136007189405,0.246175018153881,0.369878848940148,0.202505017603056,0.607005380651526,0.215691462368706,0.549375062553663
1185,0.229661701614383,0.471126103578989,0.246303909541575,0.369865308684493,0.20279232300685,0.606805405845354,0.215717834447267,0.549222019521417
1186,0.229797659976401,0.470927142745197,0.246463559517659,0.369821812743448,0.203081259607192,0.606626284103316,0.215759565023887,0.549073960124558
1187,0.229948970499944,0.47070980485752,0.246622814688779,0.369757780523952,0.203402622173947,0.606427782950897,0.215805322269645,0.548895541386072
1188,0.230104989533357,0.470550037384661,0.246796914820921,0.369734620764441,0.203698864536392,0.606309504859176,0.215854692869888,0.548784751949896
1189,0.230293382691962,0.47045994835668,0.246999592839445,0.369735262881106,0.203961620096379,0.606257842802325,0.21589798761373,0.548730036184069
1190,0.230445927158955,0.470322729390115,0.247198499553478,0.369709162093271,0.204263571394052,0.606187206221921,0.215973691264723,0.548664734711974
1191,0.230587528703815,0.47017191641314,0.247407625468792,0.369703904889995,0.204591708273776,0.606177410034329,0.216070733298583,0.548644792945911
1192,0.23073197181924,0.470055593496502,0.24760083960878,0.36968324026848,0.204905527179261,0.606128604984324,0.216162129499649,0.548597647174707
1193,0.230832087044539,0.469934891788907,0.24779054513325,0.36959599453733,0.205219159269486,0.606035883693932,0.216257259849484,0.548500332293844
1194,0.230975208106648,0.469828549973748,0.247981655300373,0.369570697482095,0.205549042837752,0.605979713202864,0.216388028574651,0.548471458716766
1195,0.231177561338705,0.469745059191929,0.24814296247444,0.369604634071761,0.205874723418947,0.605946681513317,0.216534618032245,0.548479669533911
1196,0.231331186691936,0.469690538365916,0.248343970334891,0.369611660341136,0.206207603877733,0.605895788719905,0.216678952387581,0.548484710872842
1197,0.231453048311621,0.469666695246084,0.248585047450989,0.369629688569385,0.206562137059548,0.605845250747721,0.216859111227949,0.548553428021874
1198,0.231611670090443,0.469612101615356,0.248798528247584,0.369653085865299,0.206922418069439,0.605808031897424,0.217039460153029,0.548582405781125
1199,0.231775325709966,0.469585733889621,0.24903752404185,0.369648553264817,0.207273509790097,0.605754863374613,0.217196426213402,0.548598505330438
1200,0.231913826731616,0.469594167908533,0.249302018836182,0.369597805137269,0.207603603378818,0.605669607259561,0.217324511167862,0.548574884247505
1201,0.232081931340674,0.469593987817829,0.249543803619698,0.369609874528224,0.207984987425634,0.605639415214963,0.217492107867254,0.548610159680608
1202,0.232291926179454,0.469566665144562,0.249776295559521,0.369635304446912,0.208392833995908,0.605625559718186,0.217653066602505,0.548653015774218
1203,0.232491769826028,0.469606777726377,0.250033787833042,0.369675668438713,0.208793099771411,0.605636996096159,0.217856635085938,0.548719295095861
1204,0.232681538832223,0.469699631054383,0.250305742644984,0.369765616779612,0.20921649798923,0.60568349169687,0.218108001009,0.548832328254757
1205,0.23288676631995,0.469768759118359,0.250555047082563,0.369809819331898,0.209635531036087,0.605728056475588,0.218322787453422,0.548906288008804
1206,0.233119837406401,0.469835242948269,0.250805056555331,0.36982397815119,0.210037169569423,0.605779511107509,0.2185393711066,0.548957023085425
1207,0.233330679908586,0.469951990111289,0.25105798527498,0.369876258412106,0.210466181815795,0.605842075343203,0.21876747890191,0.549048523456724
1208,0.23353660587316,0.470085286408969,0.251293107490047,0.369923871558709,0.210927578940134,0.60590736757267,0.218977751790122,0.549113629860297
1209,0.233734919893438,0.470227244516484,0.251544879413887,0.369993620373504,0.211372199179916,0.606005670463282,0.219211369247221,0.549260954218104
1210,0.233909508534467,0.470401616085071,0.251821475448904,0.370103231937047,0.21181255969114,0.606107802652888,0.219470530472562,0.54947870996276
1211,0.234119004995742,0.470601779187572,0.252081288346952,0.370198746145149,0.212265908577445,0.606259334146784,0.219733814434475,0.549685196349753
1212,0.234338259194373,0.470823043811383,0.252304997327686,0.370296695185297,0.212720113073844,0.606481620850959,0.220008766833458,0.549936299075024
1213,0.234560869440333,0.471038141043506,0.252572715823256,0.370392881010711,0.21318060427811,0.606670440426214,0.220272103030721,0.550176980632937
1214,0.234819049083257,0.47128124159976,0.252869618643224,0.370481990827858,0.213656788228914,0.606861228500991,0.220552812903642,0.550408327657512
1215,0.235054483921305,0.471528264766522,0.253162679743947,0.370582088688861,0.214129749800747,0.607067275602553,0.220819229745719,0.550667117576547
1216,0.235289647039808,0.471755050733185,0.253476654223413,0.370682882835078,0.214607650931441,0.607268351206483,0.22104999753696,0.55092796231021
1217,0.235492074573962,0.471995061488598,0.253801045103126,0.370793560287933,0.215078044952491,0.607471409453583,0.221307650968913,0.551216808184462
1218,0.235687009842662,0.472282065909855,0.254111403119686,0.370896193620997,0.215534796649068,0.607656346484695,0.221603276299485,0.551581725177209
1219,0.235919707058771,0.472610580733371,0.254405284558172,0.371036259556597,0.216012600357762,0.607951737549781,0.221889371948606,0.551908484675123
1220,0.236161223911485,0.472930320273613,0.254693828553367,0.371162299901233,0.216483146739623,0.608242835601207,0.222179863290606,0.552256840703281
1221,0.236420760468835,0.473262943580291,0.254972877028791,0.371283496921886,0.216940192023592,0.608541911393337,0.22249420534961,0.552641468975761
1222,0.236667893620859,0.473611211176941,0.255262967744482,0.37141150489448,0.217424739384099,0.608870738012088,0.222792698874643,0.553005458755444
1223,0.236939051406122,0.473988849457686,0.255549070863802,0.371554141992591,0.217930069665418,0.609289317420998,0.223081935603744,0.553356445378609
1224,0.237168506395781,0.474330054995079,0.255831891062643,0.371679198354442,0.218418411848817,0.609595179312793,0.223359877436397,0.553710192451282
1225,0.2373732694553,0.474686510824837,0.256129506166494,0.371801315260374,0.218918907976624,0.609865553409342,0.223637678742306,0.554062442996543
1226,0.237583319287728,0.47500049963084,0.256411591578088,0.371922317395081,0.219402516633239,0.610142232548625,0.223917821809965,0.554436519113941
1227,0.23776574150281,0.475257563217956,0.256660621562307,0.372042223518074,0.219871350652324,0.610346270893936,0.224182865709797,0.554845624014183
1228,0.237981194023425,0.475555260541166,0.256943016660263,0.372146456117495,0.220345945572507,0.610613499749795,0.224455235344423,0.555186126896311
1229,0.238218387303413,0.475871501470727,0.25724141510363,0.372225091582478,0.220809995929659,0.610948056617799,0.224744231559382,0.555513456400449
1230,0.238434703830593,0.476161828914396,0.25753816113145,0.372335393175155,0.221286819187536,0.611220962177315,0.225014246757984,0.555828389597898
1231,0.238655337288845,0.476458629561649,0.257861684386857,0.372456409548696,0.221777462130472,0.611463093754705,0.225260546511805,0.556060290786232
1232,0.23887516646187,0.476731648062847,0.258158255421264,0.37256408786828,0.222250406681626,0.611729719679029,0.22552420209306,0.556359177307219
1233,0.239079403743052,0.476963054379133,0.258436877319504,0.372689764389235,0.222717054783397,0.612006553516492,0.22578971412342,0.556728718990535
1234,0.239289418036924,0.477211436771954,0.258720056017745,0.372810142376108,0.22319472638233,0.612238548917695,0.226062419824565,0.557037515317354
1235,0.239500542203349,0.477466136040577,0.258982772160652,0.372931444369016,0.223668420169212,0.612451880170074,0.226362319295096,0.557336702499336
1236,0.2397284412006,0.477713734752322,0.259275078917819,0.373023760385619,0.224144067230157,0.612691235871165,0.226635346745545,0.557623384065562
1237,0.239955095207601,0.477951014516173,0.259566778589989,0.373088560820277,0.224624406567772,0.612896700304194,0.22687365155335,0.557860682241692
1238,0.240153468685753,0.478203283829553,0.259828671359157,0.373151184160289,0.225076735953924,0.613029670228951,0.227117856805974,0.558108197374077
1239,0.240375292302269,0.478432400296532,0.260061948970356,0.373212817353408,0.225535632747361,0.61321053030373,0.227354039739031,0.558354156075003
1240,0.240592458068611,0.478654351781198,0.260291480473365,0.373274158608053,0.22601443100342,0.613424978815674,0.22762055739371,0.55858410932055
1241,0.240798278941761,0.478871050708182,0.260533891443298,0.373364707250717,0.226489339972667,0.613613164384739,0.227888084375464,0.558844466227789
1242,0.241001771833837,0.479080526288309,0.26076536369022,0.373520205507201,0.226997293750784,0.6138031896154,0.228196058505571,0.559136747788779
1243,0.241203934971819,0.479269679923613,0.261009917331435,0.373594478389677,0.227454279034279,0.613971293807838,0.228453143212851,0.559356594145847
1244,0.241389565764365,0.479451429386865,0.261277767004076,0.373638055763935,0.227872809520818,0.614113405515543,0.228691996012793,0.559577183646556
1245,0.241585663532292,0.479627406933913,0.261523938100047,0.373693498805452,0.228313263654306,0.614273646056305,0.228924123507205,0.559757861269006
1246,0.241796365955443,0.479790281449124,0.261765286673235,0.373717700740996,0.228740929631931,0.614430789942163,0.229128358691103,0.559844448891408
1247,0.241983441257749,0.479942224864536,0.261994935384012,0.373761270169309,0.229188987290599,0.614580097572848,0.229355704978446,0.560003907689324
1248,0.242150107774601,0.48007749657083,0.262206657883039,0.373807217693772,0.229661073545388,0.614728084328514,0.229588851897082,0.560185258247902
1249,0.242339848479081,0.480223194542919,0.262437027682278,0.373868821117397,0.230116672553773,0.614899187713819,0.229814442326367,0.560371800752324
1250,0.242544341965493,0.480367368654727,0.262677301776675,0.373951323346295,0.230585501378267,0.61509733917096,0.230052107662356,0.56059285342991
1251,0.242716446627021,0.480501817452812,0.262895764828528,0.374010118602443,0.231010846155559,0.615235945317336,0.230274123054175,0.560784736644837
1252,0.242880090301546,0.480647262083582,0.263118203625439,0.374074569822987,0.231397148227944,0.615344053260192,0.230482764924174,0.560977972846114
1253,0.243053980655564,0.480770659651606,0.263328372287253,0.374131601833659,0.231815113606894,0.615487165144643,0.23069156990435,0.56114584202136
1254,0.243182210165522,0.480873483092577,0.263495100707053,0.374171860701613,0.232222040698089,0.615612141131916,0.230895297432708,0.561300895625728
1255,0.243358059404793,0.480970072411908,0.263695533310113,0.374207178599193,0.232628800850102,0.615726103599213,0.231091793860897,0.561431493921057
1256,0.243581208392857,0.481062005500142,0.263920616206147,0.374242342718392,0.233056055998997,0.615858584225562,0.231295524631779,0.561521640980616
1257,0.243802934811075,0.481140935699279,0.264141898033823,0.374280403474624,0.233482139284488,0.61600867945758,0.231469003922735,0.561625841924161
1258,0.243992130881423,0.481187104166021,0.264342086555462,0.374283678029965,0.233860881645408,0.616128697025696,0.231623483438027,0.561766502686154
1259,0.244157363623302,0.48124071974074,0.264528276971299,0.374264522049305,0.23424427564725,0.616224413866344,0.231813358908151,0.561905103445258
1260,0.244293975803319,0.48133736427733,0.264676618753036,0.374309603082894,0.234658454102391,0.616358481359978,0.231981581682241,0.562024083159028
1261,0.244435199746929,0.481410120833374,0.264821262642781,0.374352872500777,0.23507177411917,0.616519076478335,0.232133738334097,0.562168656481034
1262,0.244593915114781,0.481454830346289,0.264986347920039,0.374389126196601,0.235477664797196,0.616639628456636,0.232294653042109,0.562313463239554
1263,0.244758384064187,0.481500308969477,0.265157671427706,0.374440068365503,0.235864930931497,0.616739358657598,0.232432533476143,0.562426198375362
1264,0.244910782144793,0.481536681074832,0.26533801904152,0.374463098044484,0.23625134085193,0.616835960518669,0.232548276187245,0.562548610743336
1265,0.245058378531335,0.48152481914982,0.265541374999482,0.37444383465919,0.236613695701057,0.616912908654444,0.232638689370998,0.562706604134256
1266,0.245197998796645,0.48154442679339,0.265715294513162,0.374452752743985,0.236985907537116,0.617008686832119,0.232738743999953,0.562823707076636
1267,0.245334791498998,0.48159680432118,0.265886254352332,0.374477879504845,0.237375109441322,0.617107384643846,0.23282419081202,0.562914253260521
1268,0.245459262715776,0.481620809553625,0.266052809800022,0.374484955414796,0.237739188092405,0.617207536397528,0.232906866679796,0.562997399464416
1269,0.2455677958442,0.481623573667055,0.266218516465702,0.374482971798952,0.2380757227824,0.617320146991861,0.23299441764413,0.56306400608824
1270,0.245687295324281,0.481637139769567,0.266355913695322,0.374481393441775,0.238427593519898,0.617415646452132,0.233075106850879,0.563142109182105
1271,0.245794410909322,0.481652348168939,0.266464208597787,0.374462719395017,0.238774650072982,0.61747136432575,0.233146048906159,0.563226118996518
1272,0.245916259810897,0.48166533957553,0.266595178554292,0.374468101949468,0.239125307111645,0.617585527060579,0.233201743368293,0.5632669086712
1273,0.246065265244714,0.481675576953328,0.26670853499651,0.37449767630197,0.23950746980982,0.617748075531009,0.233255625099517,0.56328840991177
1274,0.24618726296746,0.481681883231091,0.266838276059342,0.374498673524792,0.239842146440882,0.617873975813036,0.233299210114035,0.563324165068221
1275,0.246301799969701,0.481702026246938,0.267005076752628,0.374488846929715,0.240143142219675,0.618020279106688,0.233327362495724,0.563326844580705
1276,0.246411700490697,0.481696044740097,0.267143308327307,0.374497023211449,0.240454500505734,0.618143054709885,0.233343679740917,0.563336322233413
1277,0.246508504386558,0.481676270100648,0.267272700731587,0.374503562274921,0.240735462629831,0.618219769328132,0.233360490295445,0.563388220147978
1278,0.246597383695685,0.481650326015403,0.267389052618517,0.374499963287885,0.241035150723644,0.618315540545679,0.233360055423758,0.563401771568672
1279,0.246665452845221,0.481607047157328,0.267490173974769,0.374514610486938,0.241350595677443,0.618412161336602,0.233348554831159,0.563397986025846
1280,0.246766421640032,0.481554406871037,0.267591700274626,0.374513727327403,0.241671165634228,0.618535741400563,0.23330168403519,0.563348253678034
1281,0.246863838295228,0.48150116650394,0.267683101543603,0.374478530194431,0.241988650127782,0.618644353149326,0.233266382094147,0.563320587236201
1282,0.246931685511088,0.481457188484246,0.267767014299482,0.374447302456223,0.242286012053601,0.618729072014393,0.233210563040037,0.563303062926575
1283,0.247021834075869,0.481445620951864,0.267863678008248,0.374458117774567,0.242549139931986,0.618827627539312,0.233126599155788,0.563230277333648
1284,0.247092552654542,0.481413415038106,0.267956551588514,0.37447125802439,0.242823427597709,0.618926906480882,0.233057636386133,0.563158001713623
1285,0.24714044584298,0.481373559393183,0.268018215000854,0.374439673896323,0.243079110222555,0.618984069636853,0.232955748671472,0.563092378521636
1286,0.247208575751286,0.481345500630058,0.268076634371824,0.374384007363963,0.243320951807087,0.619031709142828,0.232826452941886,0.56300241428967
1287,0.247272543443672,0.48128033865258,0.26812457962345,0.374325483982934,0.243558427746584,0.619101513825246,0.232693735144225,0.562901502251216
1288,0.247337896134495,0.481181794960877,0.268145280642168,0.374222349081337,0.243796232494846,0.619172255193235,0.232545276969098,0.562815975882769
1289,0.247397652824167,0.481093520433664,0.268175932444684,0.374146894718891,0.244012263289495,0.619215849798561,0.232385710280075,0.5626890527184
1290,0.247467765719961,0.480999749998234,0.268214383010974,0.37409376044712,0.244201289459178,0.619272074227225,0.232217218079819,0.56251922376423
1291,0.247510659566865,0.480872531970869,0.268236152811281,0.374011568008887,0.244410930154478,0.619317214443468,0.23202931617622,0.562351841487714
1292,0.247540469821336,0.480744526917893,0.268264264707596,0.373915737894247,0.244636187062804,0.619322757417279,0.231837195256352,0.562186196537978
1293,0.247561041667421,0.480582922080142,0.268252690794036,0.373809609205227,0.244831379137591,0.619347541155481,0.231600660505946,0.561980051849956
1294,0.247555407125592,0.480389875522328,0.268207688017571,0.373702607659038,0.245033218819398,0.619409507517245,0.231328314429366,0.561740166338881
1295,0.247558625495194,0.480176142764116,0.268171283524885,0.373571730137909,0.245196770667713,0.619413122311087,0.23105419589035,0.561503489651998
1296,0.247575802800609,0.479922595520918,0.268109073148786,0.373404752542433,0.245313270642955,0.619402603324738,0.230757326260328,0.561227736353473
1297,0.24756431869539,0.479667218652155,0.268050619458012,0.373252644041453,0.245435034500237,0.619349125561099,0.230436513339087,0.560977350965035
1298,0.247544551268099,0.479411439908582,0.268002839082448,0.373093888334265,0.245547600482747,0.619249762596006,0.230115784941143,0.560770440876002
1299,0.247511242981199,0.479114657126911,0.267941618696416,0.372932540289182,0.245654826939802,0.619150497759152,0.229753070561506,0.560493566178854
1300,0.247448982192721,0.478810218201603,0.267883243113568,0.372810577832686,0.245769237616995,0.619043068667179,0.229337026077697,0.560182832903114
1301,0.247374629371104,0.47846723515502,0.267791893311235,0.372625506325356,0.245846973902657,0.618875049176309,0.228913545163751,0.559859801234849
1302,0.247277403338948,0.478088807610869,0.267683200362174,0.37240606298169,0.245893611760884,0.61865413524483,0.228462964367216,0.559494419090126
1303,0.247192963044328,0.477645234812217,0.267561528720074,0.372153553328793,0.245933642895561,0.618435847454736,0.22801061144697,0.559123620685017
1304,0.247115129075716,0.477204269542591,0.26740894111995,0.37187460529428,0.245987753675326,0.618226559010507,0.227534987630281,0.558724714425689
1305,0.24704776594734,0.476761326314035,0.267243101280022,0.371608217656115,0.246024472845131,0.618003159799969,0.227046996755897,0.558368939922907
1306,0.246971460905997,0.476267405259229,0.267073716096019,0.371341817671751,0.246053108915407,0.617806550736039,0.226517383709619,0.558016440174061
1307,0.24689321682651,0.475745650896852,0.266896734744168,0.371048043437285,0.246076776026736,0.617603081471545,0.225945500201621,0.557575730110306
1308,0.246785024950707,0.475224852724659,0.266727806124794,0.370782511342244,0.246025107887339,0.617305972417849,0.225337159804627,0.557086911888069
1309,0.246644026619884,0.474642864652357,0.266513771921492,0.370511572935478,0.245937298427332,0.61696022635425,0.224689968883529,0.556611421206238
1310,0.246506371285065,0.474046206396611,0.266251933736318,0.370208862152446,0.245874849667938,0.616612664820393,0.224048287433474,0.556093342298796
1311,0.246352104067878,0.473454457459916,0.266008555376859,0.369888446082532,0.245783534109765,0.61624755178535,0.223364481592333,0.555525989620755
1312,0.246180322490898,0.472803173210353,0.265763458452284,0.369544704500313,0.245672122826167,0.615847993379347,0.222644382341393,0.554970098555411
1313,0.245992781880918,0.47210341702622,0.265509257329497,0.369145129956653,0.245561846800015,0.615408946458867,0.221895218288049,0.554440336463032
1314,0.245787031571322,0.471388858318382,0.265221755680138,0.368765611322934,0.24540474054305,0.614979497231095,0.221128258599553,0.55384032035196
1315,0.245544029001749,0.470638496290169,0.264941554396483,0.368399341735751,0.245196767397596,0.614533969418034,0.220318428344711,0.553193250557175
1316,0.24532827103325,0.469874793341242,0.264630477701462,0.368002616327582,0.244995340638935,0.614067346822403,0.219498736496166,0.552558040531274
1317,0.245123761858111,0.469099761082486,0.264259309029779,0.367580895617398,0.244775393482717,0.613612883285869,0.218676382346067,0.551899976140374
1318,0.24489180688107,0.468275138584839,0.263917666700741,0.367157841476167,0.244546580175777,0.613118790489726,0.21780934600102,0.551216472768654
1319,0.244663774474914,0.467421130000578,0.263601712002233,0.3667272463521,0.244316539422485,0.612568583257387,0.216912508288905,0.550538800844422
1320,0.244424236504468,0.466543747665795,0.263240568687726,0.366280876092228,0.24406303211131,0.612044191156054,0.215991117567055,0.549812118457904
1321,0.244165166128699,0.465614640402418,0.262855608537798,0.365824382447022,0.243796002078116,0.611534819900615,0.215036069734235,0.549038357347923
1322,0.243879197108061,0.464691697587837,0.262462574169899,0.365357232651271,0.243495354483938,0.61096303728925,0.21406451798676,0.548258632710614
1323,0.243587316974901,0.463786092701018,0.262060232967133,0.364887175861427,0.243173775981861,0.610389653857945,0.21306811410903,0.547463313851722
1324,0.243278976728469,0.46280828304281,0.261633244358317,0.364384025177836,0.242826539197406,0.60977072431039,0.21205052029938,0.546643348078677
1325,0.242925861744403,0.461774872030018,0.261175534866133,0.363846946408374,0.242453532156626,0.60906016909925,0.211013370691743,0.545808296552866
1326,0.242589655331179,0.460757371971953,0.260735044593197,0.363327519882964,0.242056169252744,0.608398570260733,0.209961443104082,0.544943804929581
1327,0.242269243121881,0.459716554878631,0.26030042929426,0.362799037506269,0.241636157009525,0.607759143510676,0.208899439414814,0.544068018569322
1328,0.24192400153758,0.458639216579707,0.259809250063969,0.362255732692804,0.241182306000957,0.607074013303724,0.207802947204718,0.543124077713633
1329,0.241552445880757,0.457603854188423,0.259376312780395,0.361717757305022,0.240731613750529,0.606398727820354,0.206665538066022,0.542169552064866
1330,0.241185381124783,0.456572784977555,0.258930277563089,0.361198524011616,0.240288150017235,0.605752912889413,0.205544177987899,0.541259596409198
1331,0.24081608054178,0.455515119930804,0.258416459394931,0.360678947177575,0.239831647992577,0.605074567987207,0.204441482922319,0.540341924614775
1332,0.240444184011065,0.454440015594196,0.25792829863085,0.360135880421642,0.239372572768924,0.60438523352656,0.203340422376211,0.539397022784986
1333,0.240092184071616,0.453333789692353,0.257428078047422,0.359599636313811,0.238892220820966,0.603705947790299,0.202253840923316,0.538441550673128
1334,0.239733684678939,0.452218064458546,0.256888234993453,0.359063996856298,0.238385339790048,0.603005456857454,0.201169772763604,0.537453976381629
1335,0.239323668456235,0.451091375291339,0.256387415151112,0.358507407713378,0.237858983001725,0.602301987882778,0.200063107420089,0.536434642814083
1336,0.23890849523989,0.449999416530757,0.25590077916438,0.357949267283726,0.237319920924689,0.601604500133203,0.198927314822057,0.535424330656742
1337,0.23850370564464,0.448920962728271,0.255378690829077,0.357400124970017,0.236794558542998,0.600918222162283,0.197807850634866,0.534430674873535
1338,0.238095208407656,0.447819842343221,0.25486076866673,0.356851442365058,0.236260781687588,0.600262031148667,0.1967210138666,0.533423256348438
1339,0.237713035378699,0.446714949013758,0.254351980348738,0.356299091121307,0.235722858661362,0.599609098965423,0.195630715216001,0.532427925153476
1340,0.23737487060175,0.445586466818704,0.253845679917577,0.355736073603378,0.235199653928039,0.598989662327659,0.194536222070234,0.531454499549692
1341,0.236996133435672,0.444481266051603,0.253324612968738,0.355187495703758,0.234662539436396,0.598341430337812,0.193470764724834,0.530459502160472
1342,0.236609104027552,0.443383503476948,0.252809810331833,0.354647611731569,0.23410415757061,0.597670991381666,0.192426142579142,0.529443205255548
1343,0.236224602607478,0.442288587530507,0.252286333894813,0.354105156970223,0.233541498595171,0.597017170136174,0.191383059551218,0.528456217013936
1344,0.235831828703761,0.441205560014145,0.25173552377121,0.353569820731993,0.232979193139196,0.596374870480328,0.190342109615659,0.527493174400414
1345,0.235438027725722,0.440126645464581,0.2512084201568,0.3530296655215,0.232426630926215,0.595721206682761,0.189344998346654,0.526503891072082
1346,0.235031211091443,0.439041797088367,0.25068657106463,0.352480864932248,0.231855214574652,0.595066112547746,0.18838055615172,0.525509734374662
1347,0.234643614425063,0.437967590978971,0.250183476793167,0.351944578488421,0.231307968713948,0.594429690690168,0.187404251127425,0.524525527787606
1348,0.23425925781677,0.436913102432035,0.249712906894433,0.351419680815938,0.230778408060526,0.59377139814806,0.186441743361814,0.523534675082413
1349,0.233880005550179,0.435858311121732,0.249210653289163,0.350884601724906,0.230245846058248,0.593136403776189,0.185504438430555,0.522534638714397
1350,0.233543613852005,0.434805167634143,0.248698794401168,0.350356779830268,0.229734507602435,0.592547455695936,0.184583257251078,0.521522182261334
1351,0.233170064291618,0.433765483626144,0.248197769040958,0.349819083560382,0.229214109516334,0.591948638044311,0.183655447076677,0.520548594116634
1352,0.232769184882222,0.432721663431461,0.247684473854429,0.349261531393764,0.228701660141246,0.591339113234357,0.182756894866159,0.519582629028242
1353,0.23236939649141,0.431696560180505,0.247173552309728,0.348720126884696,0.228168306365961,0.590754212449611,0.181847261426868,0.518621651647101
1354,0.231953306059575,0.430691992594714,0.246667989045525,0.348183993945052,0.227616070589804,0.590186181071609,0.180918278724369,0.517686753823939
1355,0.231536098589666,0.429683497446139,0.246188000829124,0.34764649941936,0.227057779876984,0.589605134664756,0.179999212596898,0.516780544745147
1356,0.231128888386064,0.428692141601601,0.245689905980119,0.347129615750519,0.226512759420657,0.589050085886866,0.179085693173621,0.515841260429804
1357,0.230741081524127,0.427738904077051,0.245161876460031,0.346628344964854,0.225988732137264,0.588534608367833,0.178182987948658,0.514862920255015
1358,0.230340673244396,0.426772849605251,0.244632765517729,0.346118035544947,0.225469917370819,0.588026127009309,0.177259337777254,0.513923873718901
1359,0.229912420120754,0.425821141565435,0.24409573776376,0.345603409593201,0.224935799356525,0.587523318083922,0.176282685288722,0.512986118198559
1360,0.229478151856395,0.424865185339497,0.243532998336044,0.345050761495768,0.224371849581096,0.587011865759558,0.17531824018804,0.511987346869646
1361,0.229025021781516,0.423843814477549,0.242956471458573,0.344475721520868,0.223788920913318,0.586499751637943,0.174322392289149,0.51100775570584
1362,0.228532668793248,0.422774482439802,0.242354527237258,0.343875156384945,0.223187347105412,0.585994650676359,0.173258514466893,0.510026320646499
1363,0.228033892023587,0.421702951352628,0.241722165376175,0.343249221940328,0.222562430786985,0.585446834192597,0.172175668587534,0.508987239639363
1364,0.227554894867051,0.42062796799351,0.241070083730462,0.342637567044915,0.221923548430239,0.584912114129877,0.171011144794321,0.507900361995704
1365,0.227016500769121,0.419544070648249,0.240378658313777,0.341988854537577,0.221254455176866,0.584378841172447,0.169756877193848,0.506787053680716
1366,0.22643628064046,0.418377592761773,0.239638729848041,0.341311688726676,0.220517533375602,0.583782354977524,0.168471364762869,0.505603381667059
1367,0.22585622636439,0.417211552106007,0.238878356609592,0.340647627577763,0.219743182813174,0.583174652472161,0.167164153452682,0.504328131335367
1368,0.225195581587809,0.415908900848378,0.23804128932448,0.339880006581222,0.218905878322388,0.582487066324437,0.165739520807292,0.50302551410564
1369,0.224457330658983,0.414505527649206,0.237161500068976,0.339057803308126,0.218019492087135,0.581733833433134,0.164272696744483,0.501741174527646
1370,0.223698954768966,0.413042204299955,0.236191608927718,0.33817894504721,0.217053546338607,0.580938270222855,0.162670197722901,0.500290990392503
1371,0.222940225570795,0.411547927871033,0.235176684988234,0.337244482906088,0.216050591050232,0.580116438011328,0.160970559433878,0.498773097697056
1372,0.222047358593694,0.409877378877355,0.234044961108714,0.336221864203872,0.214933933699058,0.579188823640274,0.159128366945941,0.49709591134786
1373,0.221089983153059,0.408139390055291,0.23283082463097,0.335173900211611,0.213746177005351,0.578201739773177,0.157188359667,0.495316850061417
1374,0.220039166490981,0.406209896091053,0.231505369891604,0.333985731716886,0.212439262158433,0.577142032967923,0.1551031795837,0.493366666818251
1375,0.218909258674258,0.404136903395254,0.230101630050262,0.332718814758491,0.211076169103105,0.576033120951384,0.152907036676267,0.491304616723335
1376,0.217659937390482,0.401881524034929,0.22855968839228,0.331302668823088,0.20952932901871,0.57476044095227,0.150542681965761,0.48903969278843
1377,0.216336183325903,0.399485749874286,0.226921373377648,0.329760147245705,0.207850378426457,0.573415631328666,0.148031456679593,0.486621606279631
1378,0.214892044071628,0.396895189638194,0.225142477901523,0.328112140193503,0.20603829196224,0.571940895539627,0.145378491693496,0.484014172425628
1379,0.213327797847017,0.39413734761212,0.223235972534697,0.326353795361758,0.204084893865869,0.570322642084964,0.142558849091477,0.481247821593756
1380,0.21165067353344,0.39117924697984,0.221196880896438,0.324457563174883,0.201991084941348,0.568580687387954,0.139635814069816,0.478262960937931
1381,0.209877724923814,0.388033879545052,0.219035199609874,0.32245782267529,0.199778799182467,0.566771179877333,0.136579132116357,0.475074628754495
1382,0.207987779464199,0.384723351939287,0.216741334365011,0.320320331219117,0.197418934205948,0.56476968148774,0.133427215160423,0.471715933242423
1383,0.20599219857216,0.381240576361629,0.214328059754138,0.31804602455178,0.194926076894118,0.562608818668644,0.130175131687258,0.468182788218093
1384,0.203864162234824,0.377570114419161,0.211770988334286,0.31565434088064,0.192269699109559,0.560309015760221,0.126792634006448,0.464452017219609
1385,0.201630116209108,0.373723544274103,0.209081269872398,0.313118834065268,0.189465874417512,0.557848925126243,0.12329339076837,0.460496787775907
1386,0.199314283986717,0.369711453176776,0.206293418588921,0.310476549928077,0.186564565501466,0.555269926965375,0.119751682149332,0.456385260452745
1387,0.196890973339127,0.365524307658033,0.203419570716084,0.307718707383803,0.183558691039641,0.552546771192488,0.116184733317846,0.452080509273015
1388,0.194397331993409,0.361181061579022,0.200472686750617,0.304811351131926,0.180453239318537,0.549700857494846,0.112576329247696,0.447592072509749
1389,0.191840416938237,0.356712734779039,0.197434778162437,0.301822334452477,0.177276416967696,0.546750534790145,0.108965131964306,0.442980287267646
1390,0.189173668051648,0.352089278629146,0.194301227463533,0.29874858830203,0.174004593851377,0.543570388572757,0.10537156458372,0.438226027001427
1391,0.186452941321485,0.347369566365373,0.191126158005986,0.295596615125179,0.170659959455831,0.54027391448584,0.10178741798802,0.43331920077144
1392,0.183707645753729,0.342589567250222,0.187910891756457,0.292396473132776,0.167269731014999,0.536912456438209,0.0982703257754991,0.428283831084255
1393,0.180932816821976,0.337732062976045,0.184657244860701,0.289122157561096,0.163866417593228,0.533376340798892,0.0948302627732281,0.42317789027657
1394,0.178165955549069,0.332863092002612,0.181444883423723,0.285814177263333,0.160494531334283,0.529788923215329,0.0914945503120813,0.418050604243774
1395,0.175405683882143,0.327992137028117,0.17825227546005,0.282517128719987,0.157100315197205,0.526188235365069,0.0882932292422572,0.412906663950174
1396,0.172638754889742,0.323073987693508,0.17503575166192,0.279178921500443,0.153698076252359,0.52245624499148,0.0851612763897905,0.407706226022975
1397,0.169874875990504,0.318182778579978,0.171891328355352,0.275854640198121,0.150362871028692,0.518690790746805,0.0821469429225863,0.402508664902737
1398,0.167133330979222,0.313331560734706,0.168818962517361,0.272578116538039,0.147043731409551,0.51490656924481,0.0793064398321592,0.397343055248479
1399,0.164483662668324,0.308591739447972,0.165809226859926,0.269362931010831,0.1437932483454,0.511082266733931,0.0765898158148564,0.392257280598819
1400,0.161883666682805,0.303897657636868,0.162833952878472,0.266159101512322,0.140590206838697,0.50717549200101,0.0739795244306824,0.387195865059777
1401,0.159348225674105,0.299311285251866,0.159963258584246,0.263042367771902,0.13747679198326,0.503306153190522,0.0715216510928317,0.382231586064372
1402,0.156879423746829,0.294817303450011,0.15716041732954,0.259990046013421,0.134394034274969,0.499404090352282,0.0692213514879683,0.377313542610833
1403,0.154482722234116,0.290431150090552,0.154467396031664,0.257023696027346,0.131435168319822,0.495552140629436,0.0670324475428098,0.372539166292699
1404,0.152117781357463,0.286089923585718,0.151850956157292,0.254101900859866,0.128569386005808,0.491692993289063,0.0649470686742841,0.36782420894422
1405,0.149866132943398,0.28192417262933,0.149343127497635,0.251283545133054,0.125807577264191,0.487904387810258,0.0630249694365437,0.363269701525132
1406,0.14769344351157,0.277887139377708,0.146928702471683,0.248551529461443,0.123130909937465,0.484142641488988,0.0612621460720017,0.358848818170812
1407,0.145632628942531,0.273995893766805,0.144639573484114,0.245925587538937,0.120569501960378,0.480472915446156,0.0595959347572097,0.354578853878956
1408,0.143670763453867,0.270224731665768,0.142458881730186,0.243357167404752,0.11811054341234,0.476834329553711,0.0580828620875323,0.350426040277998
1409,0.141795386520498,0.266614987650521,0.1403751237818,0.240937225460716,0.115753170813431,0.473302413056315,0.0566302885099179,0.346424595341993
1410,0.140015407436173,0.263142487320456,0.138400821996506,0.238644982226504,0.113494621733641,0.469835993954416,0.0552567280038536,0.342548226929037
1411,0.138331866147234,0.259839796120683,0.136529825252948,0.236459932030676,0.111355939404243,0.466508433345238,0.0540004276249444,0.338870650058362
1412,0.136727781277527,0.256707281486042,0.134739003105644,0.234406332128043,0.109332359057447,0.463266581194868,0.052853879661657,0.33536088875393
1413,0.135223914659836,0.253699103741169,0.133077346749904,0.232430419825584,0.107396902257411,0.460164574587952,0.0517733899878075,0.331988034830413
1414,0.133839886609664,0.250835282933162,0.131552056934164,0.230534799464219,0.105564006598318,0.457198385549034,0.0508145967031196,0.328788411736629
1415,0.132511454701321,0.248103338066444,0.130102979991122,0.228758458137042,0.103820907794063,0.454324918048386,0.0498884843568057,0.325724762847774
1416,0.131256221508809,0.245496829193881,0.128758851451479,0.227085235801617,0.10217249670013,0.451555171508932,0.0490083559732897,0.322780660815923
1417,0.130089031749464,0.243037061294116,0.127497098548219,0.225511543556833,0.100613795758257,0.448918753479297,0.0482010068114029,0.320000376165372
1418,0.128989876379016,0.240695946063723,0.126298590581334,0.22402181298025,0.0991161539191606,0.446359702727175,0.0474743820766281,0.317375879579409
1419,0.127965494708586,0.238529050892288,0.125165809734258,0.222654939157937,0.0977321622971598,0.443929505569623,0.046794756098914,0.314905528517955
1420,0.127016914917886,0.236488253681513,0.124114437194081,0.221367112562559,0.0964215393614478,0.441624886216335,0.0461486819588716,0.312557375941304
1421,0.126124058277261,0.234501773026304,0.123120985219548,0.220119053560583,0.0951734723788723,0.439428099929526,0.045564400504702,0.310312356730595
1422,0.125280481361343,0.232621472544726,0.122182381496308,0.218941627592515,0.0940246225408323,0.437321123588171,0.0449953014479633,0.308155080779232
1423,0.124476749224569,0.230823291423949,0.121307021993831,0.217831935908523,0.0929259155548789,0.435285689052678,0.0444306020619336,0.306088518046918
1424,0.123721948481492,0.22909288223916,0.120472325751286,0.216776703770879,0.0918778422294886,0.433363565345125,0.0439524916560773,0.304166795578042
1425,0.123019653255653,0.227483529541123,0.119683871050943,0.215777195709342,0.0908870065475435,0.431531624785715,0.0435049679710769,0.302345008514374
1426,0.122349863322113,0.225984147598139,0.118957454649552,0.214856672579644,0.0899499606510892,0.429770931740068,0.0430788080725709,0.300600831278043
1427,0.12172055018865,0.224564409703027,0.118278210087721,0.213992996143416,0.0890746885231713,0.428116915171102,0.0427217020917854,0.298998638870548
1428,0.121130659130989,0.223225269976761,0.117621521134499,0.213150024259233,0.0882639770239305,0.426546533433197,0.0423606874892173,0.297451972124142
1429,0.120570630936144,0.22197249071585,0.117005453715669,0.212354523033456,0.0875217027141015,0.425028951656362,0.0420104297869173,0.29595060102148
1430,0.120054743986004,0.220808390527196,0.116436016896866,0.211612583229067,0.0868094257835399,0.423584413139147,0.0417016348084234,0.294587623784045
1431,0.119559938193784,0.219727920075963,0.115900512868539,0.210914198064284,0.086137583129148,0.42223571997949,0.0413809655466472,0.29331031868983
1432,0.119100681945034,0.218710803496626,0.115414471441235,0.210262622151821,0.0855187312417875,0.420990051419224,0.0410833684067236,0.292102638375951
1433,0.118693197099305,0.2177650856081,0.114955932504152,0.209655966004076,0.0849296032543397,0.419804616551541,0.0408203791633441,0.290984936701457
1434,0.118303317879294,0.216887831891125,0.114524452431031,0.209091077008046,0.0844011698509601,0.41867182663429,0.0405649881062848,0.289941786787541
1435,0.117944019542698,0.216065365628232,0.11411552609943,0.208565168597922,0.0839401667459248,0.417615976131638,0.0403165150437872,0.288982616747232
1436,0.117617478279991,0.215317217092192,0.113746617656373,0.208082342515374,0.0834969077644751,0.41664510531078,0.0401080328410927,0.288077832428748
1437,0.117314294005029,0.214658199260105,0.113410350187126,0.207652598360342,0.0830925529993304,0.415722298386049,0.0399284931762617,0.287236801550765
1438,0.117042461230073,0.214035486678157,0.113108256475536,0.20723971792142,0.0827262393437627,0.414880814497362,0.0397517691799127,0.286481744952317
1439,0.116812719384761,0.213469493400794,0.112844908827264,0.206850508315723,0.0823906436035395,0.414141380727399,0.0396031033266961,0.285799600414305
1440,0.116594607822743,0.212947882507221,0.112596283165356,0.206507504530938,0.0820885982704987,0.413444051408127,0.0394608994875619,0.285180882016633
1441,0.116396631606805,0.212479105093275,0.112372657710566,0.206207207266065,0.0818315027707522,0.41279194392507,0.0393239629983181,0.284647946834777
1442,0.116225453117704,0.212049502519921,0.11217449391462,0.205925319358397,0.0815974727488963,0.412211660889921,0.0391989273713798,0.28415454085803
1443,0.116076986670746,0.211664209416215,0.11200669231648,0.20567465704342,0.0813917999649008,0.411710669130998,0.0390808477839494,0.283721310110005
1444,0.115949360280371,0.211321912106565,0.111849553796372,0.205457683116997,0.0812136442218519,0.411270245500553,0.0389904326386093,0.283325102243176
1445,0.115851204121343,0.211022083138962,0.11170932485076,0.205263973663948,0.0810753024194968,0.410905936808914,0.038922340822767,0.282977361733833
1446,0.115764364261329,0.210766533854434,0.111597717619179,0.205099808423303,0.0809409468975816,0.410548147180786,0.0388519492698412,0.28267935842308
1447,0.115701450048347,0.210554314479698,0.111511874803504,0.204979771539483,0.0808135953680628,0.410227570797483,0.0388091265957666,0.282439600841028
1448,0.115638274255512,0.210386961274045,0.11142861927638,0.204877453923102,0.0807192811571674,0.409962537552997,0.0387578513252764,0.282215116376959
1449,0.115573964820874,0.210280469341029,0.111360665087848,0.204795075743123,0.0806538890096523,0.409731060009205,0.0386909505854493,0.282018223791969
1450,0.115544334046766,0.210179904690211,0.111318585799201,0.20472921166517,0.0806003354367711,0.409541822574986,0.0386454900889266,0.281880953450435
1451,0.115531338694367,0.210116148888468,0.11128313749176,0.204693443145955,0.0805773490267269,0.409427415298424,0.0386150784877799,0.281774551005101
1452,0.115536680363054,0.210064585409735,0.11127306087701,0.204669282807654,0.0805649268076579,0.409317537039468,0.0385858116550474,0.281710430998596
1453,0.115572149035774,0.21000981829605,0.111300962803913,0.204647966047186,0.0805535698176112,0.409213068735239,0.0385499993591154,0.281718110705539
1454,0.115618694338419,0.210010505792194,0.111335747172244,0.204669455878022,0.0805693933527352,0.409161705257747,0.0385429309155936,0.281738575697949
1455,0.115681565446429,0.210036442608995,0.111389500706694,0.204724093151724,0.0806122461779405,0.409147973683661,0.0385519173512901,0.281784879003874
1456,0.115747290647545,0.210112768838081,0.111433902214039,0.20478043013134,0.0806577315445836,0.409166465211647,0.0385768316010548,0.281850941727125
1457,0.115826480675011,0.21026058822234,0.111506855164707,0.204899879142701,0.0807209415237944,0.409238733987114,0.0386072308818465,0.28196151783069
1458,0.115937787518827,0.210434658601366,0.111630834167131,0.205033889969747,0.0808211721830617,0.4093356419194,0.038665921000786,0.282126969176529
1459,0.116058117742561,0.210626064845785,0.111777657155035,0.205170486532337,0.080938093206764,0.409456874361864,0.0387314265694069,0.282321196313449
1460,0.116201652849387,0.21085607172726,0.111949248998543,0.205381477864226,0.0810723723032528,0.409621809638373,0.0388026716302261,0.282561284036724
1461,0.11639146590639,0.211104077054359,0.11214282709189,0.205603906726517,0.0812399478196184,0.409816999434548,0.0388929935195536,0.282879220917599
1462,0.116598865984977,0.211386585582438,0.112348286403944,0.20584005132353,0.0814241243860985,0.410044742768926,0.0389921218205866,0.283228033091229
1463,0.116841167421333,0.211748411495421,0.112588803831375,0.206142379318258,0.0816193068018345,0.410315135356696,0.0391031607603197,0.283620420768112
1464,0.117121776879863,0.212154423883486,0.112863025785373,0.206467515528419,0.0818510491330977,0.410629461105006,0.0392265145755416,0.284088786165211
1465,0.117408020784813,0.212594503537778,0.113155494137932,0.206813148202151,0.0821086962121678,0.41097652435792,0.0393750870532261,0.284579284158468
1466,0.117720984303024,0.213087885980675,0.113475868963642,0.207210714596294,0.0823760116404202,0.411337647848849,0.0395416434496467,0.285105586521886
1467,0.118053317938468,0.213606326187489,0.113824722235163,0.207651666931481,0.082667598447578,0.411713710987729,0.0397142932013946,0.285721665528547
1468,0.118411359485533,0.214166101328548,0.1142060436663,0.208112164273786,0.0830027211907013,0.412178860084313,0.0399047139149368,0.286405870109365
1469,0.118812298449769,0.214782431854247,0.114618291055333,0.208600002307255,0.0833628394260105,0.412733015150864,0.0401023226177542,0.287111511060494
1470,0.11922886025282,0.215430518798726,0.115061619787312,0.209134557357324,0.0837496215238702,0.413320799251862,0.040317049920601,0.287884627805573
1471,0.119674584664418,0.216124494751816,0.115529617594519,0.20969485288992,0.0841610171466163,0.413966617974078,0.0405653900483978,0.288707444461483
1472,0.120142388378559,0.216878206004901,0.116012176654992,0.210293955850142,0.08457182895639,0.414659377190488,0.0408248460508354,0.289553948275491
1473,0.120625454083141,0.217652105107571,0.116541876629904,0.210937944958356,0.0850096279977115,0.415362848465524,0.0410964324612446,0.290469341303493
1474,0.121145474308992,0.218473503272634,0.117091407011739,0.211603025450754,0.0854800161393174,0.416098374188963,0.041394711327703,0.291424083550886
1475,0.121678477989613,0.219341204853951,0.117635503279952,0.212292683157538,0.085974890507065,0.416909438436424,0.0417058772161488,0.292417359622089
1476,0.122233470220354,0.220218846679232,0.118215242313383,0.212995208728977,0.0864967567276407,0.417763827799092,0.0420247074671018,0.29345951352747
1477,0.122795134637839,0.221137250190792,0.118803270951144,0.213724174674343,0.087026109579232,0.418626746896567,0.0423411787512501,0.29451472969479
1478,0.123363538021622,0.222099032732247,0.119394492158283,0.214481421677742,0.0875741798237082,0.419524067690954,0.0426619841738845,0.295597493432942
1479,0.123955845506181,0.223067968127306,0.120016911096738,0.215258973833416,0.0881311773132387,0.420445147758065,0.0429961791222502,0.296719252010424
1480,0.12456507540434,0.224077893036248,0.120668839209251,0.216064641881551,0.0887021172221554,0.421387031893647,0.0433245569370871,0.297871317896871
1481,0.125189121491438,0.225076737656235,0.121326866804861,0.216873076032167,0.0892775865685841,0.422345723411218,0.0436819129731056,0.299044494860505
1482,0.125842868238015,0.226074887128701,0.122010428359792,0.217703433922025,0.0898574186758956,0.423343670544016,0.0440661882603674,0.300270059782437
1483,0.126485825592232,0.227107162528626,0.122691149968837,0.218537834851818,0.0904681787062675,0.424339358099317,0.0444566141342004,0.301486747173488
1484,0.12713617794179,0.22814829226532,0.12337703412402,0.219379644311186,0.091098007815831,0.425348103320831,0.0448623375768505,0.302701605565573
1485,0.127791062836551,0.22920455742319,0.124076555279542,0.220218626442766,0.0917331296709398,0.426340699143102,0.0452700072876084,0.303949065447887
1486,0.128439234308004,0.230286020298437,0.124783325149815,0.221063492001567,0.0923924134716697,0.42733059263088,0.0456894238526628,0.305221458243604
1487,0.129110450247742,0.231393064654612,0.125497420190707,0.221918345889808,0.0930533509709455,0.428350925245349,0.0461068967073062,0.306496744034288
1488,0.129804238686806,0.232529540267173,0.126220075622721,0.222773006915319,0.0937158802302465,0.429381600186317,0.0465287556776531,0.307813612040672
1489,0.130487087581894,0.233651597880192,0.12695726609223,0.223647836703794,0.0943864561759403,0.430400124922755,0.0469542432115545,0.309098478223614
1490,0.131171154134757,0.234793014189603,0.127710456210689,0.224552326163626,0.0950701992592182,0.431451130843699,0.0473813148951842,0.31036640752249
1491,0.131874479086174,0.23593212968368,0.128464567209724,0.225436037893183,0.0957600426350579,0.432462532800658,0.0478207640267566,0.311644023512567
1492,0.132586160734494,0.237058390152529,0.129231249639253,0.226320216229076,0.0964490150304558,0.433420547433084,0.0482556501475256,0.312907847171781
1493,0.133293653159277,0.238194338337741,0.130002562492725,0.22719527300506,0.0971562506222596,0.434429983036201,0.0487172846457445,0.314190851297021
1494,0.1340096980121,0.239340452615914,0.13077437468307,0.228047878627285,0.0978792128455088,0.435466722049689,0.0491991326374052,0.315495954580147
1495,0.134733991749519,0.240498822262529,0.131545894342651,0.228926181875763,0.0986147949182631,0.436479302710078,0.0496838357021234,0.316789264997758
1496,0.135444911056428,0.241669520014008,0.132328133023574,0.229818071922513,0.0993708353575776,0.437512824432812,0.0501848402511355,0.318085056473108
1497,0.136183303752573,0.242825529139845,0.133110577908494,0.230707154803687,0.10011617751272,0.4385170941301,0.0506957020993925,0.319379514638447
1498,0.136971633510164,0.243992298942138,0.133887893357156,0.231612605006538,0.100876913572297,0.439491025415359,0.0512182260371414,0.320663516780486
1499,0.137714197319278,0.245154462835223,0.134674531594384,0.232508750344289,0.101621282465929,0.440461756503586,0.0517408894973959,0.321960487261998
1500,0.138438598847464,0.246299620943774,0.135462442783035,0.233403912590674,0.102345204848824,0.441420390167451,0.0522768358576825,0.323276719641645
1501,0.139180300499725,0.247445943201317,0.136270518094344,0.23428305878621,0.103086665717689,0.442380713494037,0.0528118611034425,0.32457155139532
1502,0.139900053399671,0.248600353972427,0.137097735221834,0.235154026949891,0.103816489359493,0.443325230690356,0.0533462004359971,0.325861979040243
1503,0.140637703309519,0.249750172469174,0.137912954719661,0.236027324273316,0.104574426325831,0.444283087713557,0.0538842206177115,0.327147948422858
1504,0.141409657267127,0.250887168894856,0.138740966318401,0.236872104699014,0.10536439755997,0.445268940680558,0.0544325588914892,0.328420059714322
1505,0.14216177384921,0.252031003684083,0.139561107237795,0.237742818910647,0.106139310187229,0.446214528829328,0.0549689425466693,0.329693866223791
1506,0.14289261089057,0.253182344646037,0.140368736864334,0.238642355949767,0.106926336864239,0.447143907266979,0.0554837639878098,0.330971585801997
1507,0.143641976033557,0.254332111485808,0.141180378176427,0.239524895555619,0.107708455849256,0.448070588831674,0.0560243608709138,0.332242033814006
1508,0.144407851987661,0.255481041871815,0.14199302511925,0.240404067898617,0.108480393190461,0.448985243584433,0.0565689188566808,0.333505624009885
1509,0.145158145707792,0.256628126519602,0.142811801825129,0.241298022171851,0.109255363158167,0.449864428987319,0.0571311406722227,0.334762253988014
1510,0.145880843691915,0.257780553463385,0.143625024498245,0.242167809034973,0.110033729360695,0.450740071329239,0.0577040874710422,0.336040720221819
1511,0.146642976479645,0.258937574780055,0.144445449838538,0.243019513303163,0.110823341777005,0.451635936054757,0.0583041867787066,0.337294033454054
1512,0.147404052896565,0.260101498709837,0.145279407486952,0.24390550055514,0.11161440404041,0.452541365661189,0.0588976819420867,0.33853245239503
1513,0.148134328686977,0.261250104854953,0.146088738449899,0.244782020885432,0.112391584628476,0.453450419501172,0.0594796372937601,0.339801265778457
1514,0.14889580291215,0.262376610470504,0.146878186750198,0.245654679891972,0.113165763387061,0.454391962004803,0.0600816232908544,0.341055039219064
1515,0.149650564631371,0.263501909172184,0.147679232333591,0.246546734595306,0.113943702443963,0.455305748171342,0.0606645587909458,0.342282213817679
1516,0.150370935389312,0.264624335612764,0.148493831501853,0.247407677805474,0.114709411121602,0.456156399375368,0.0612334285615727,0.34350737645085
1517,0.151091837939619,0.265738859889272,0.14931194619447,0.248253650277319,0.115464516358551,0.457016291350209,0.061824798456945,0.344707657089356
1518,0.151807479005049,0.266854367547448,0.15012402681827,0.24910801126663,0.116229442103245,0.457891261819987,0.0624207302338143,0.345884839697104
1519,0.152519791579478,0.267973967073259,0.150923570501916,0.249948923142693,0.116990558920881,0.458762318360702,0.0630328341549934,0.34708824706394
1520,0.153232815364396,0.269089100059366,0.151715734827687,0.250797291176288,0.117746657490739,0.459685783524939,0.0636631149207514,0.348316394467101
1521,0.153954688992056,0.270188369967998,0.152504543295113,0.251669760875619,0.118499995002151,0.460603675321916,0.0642927244639209,0.349531024494768
1522,0.154686373826731,0.271284651003116,0.153295181194488,0.252539066435412,0.119247020294006,0.461476365922663,0.0649151352456253,0.350728008273619
1523,0.155409867146221,0.272383242484723,0.15409233177091,0.253403709878384,0.119978626939445,0.462396760918509,0.0655176553933785,0.351921505085804
1524,0.156116224332508,0.273477732106125,0.15487230433191,0.254258514800776,0.120694994079436,0.463295360337938,0.0661246052254411,0.353116823992082
1525,0.156809103225987,0.274575077730114,0.155638151772321,0.255091526689667,0.121433593106561,0.464191983083058,0.0667637246870601,0.354330286470191
1526,0.157491726713829,0.275647176247819,0.156406122196719,0.255935372036865,0.12218166444358,0.465150201967051,0.0673685892976777,0.355555578602826
1527,0.158173905941381,0.276702198650841,0.15716823117481,0.256788136220638,0.122910008288855,0.466084109998843,0.0679735659036682,0.356761848872309
1528,0.158863556031449,0.277768182175926,0.15793820187067,0.257641199101558,0.123644350739235,0.467008823529843,0.0686181695385041,0.357950534184938
1529,0.159535635315285,0.278811236809985,0.158701052632013,0.258481707699058,0.124377411047103,0.467934225022482,0.0692219648674059,0.359138358352634
1530,0.160202937780034,0.279848400141084,0.159443352710601,0.259294616636937,0.125067600775599,0.468822675354325,0.0698372132395084,0.360331018654035
1531,0.160879510209055,0.280925411742194,0.160201996674186,0.260121508724354,0.125749284547674,0.469714988907542,0.0704787342861814,0.361538239541145
1532,0.161530839070161,0.281984084483237,0.160953299856359,0.260949158123824,0.126435707170822,0.470600314062063,0.0710950873687043,0.362748622412908
1533,0.162179070571266,0.283005806008279,0.161680816559995,0.261772286520572,0.127088588792835,0.471455235817856,0.0717042026580003,0.363925720511368
1534,0.162830826925239,0.284035487793383,0.162403336224675,0.262601929231905,0.127751956170033,0.472327998584835,0.0723223220771847,0.365087305692713
1535,0.163457593643412,0.285037196174819,0.163117105618504,0.263399210884206,0.128437133538865,0.473160182254961,0.0729636283845685,0.366243285534851
1536,0.164100172379848,0.286007612365776,0.163830789894976,0.264163214997127,0.129107286936037,0.473953756266502,0.0735914018004656,0.367371037609372
1537,0.164757365143087,0.286982721014434,0.164545870053295,0.264934310640448,0.129772078443841,0.474787241131425,0.0741990612029848,0.36850584945158
1538,0.165387699310181,0.287948401482807,0.165264206879184,0.265698649157286,0.130426109936546,0.475602921244046,0.0748217278178885,0.369618178792507
1539,0.166009186073715,0.288913459095229,0.166005563067738,0.266454666967826,0.131070364605353,0.47640924569737,0.075447302974709,0.370717072375524
1540,0.166625870117314,0.289865857032859,0.166716169896068,0.267207429943251,0.131713684714183,0.477200644241237,0.0760743889350348,0.371795127359778
1541,0.167217887475973,0.290804551937336,0.167408517828948,0.267962058603494,0.132349762505991,0.477998269719993,0.0767113440064552,0.372858991376859
1542,0.167830755244333,0.291738290489675,0.168104530565632,0.268700048144865,0.132984514046919,0.478752664626948,0.0773431797380271,0.373898044851934
1543,0.168460368315605,0.292671147297556,0.168798449626194,0.269425337460956,0.133620463658504,0.479462607167861,0.0779769405236438,0.37491474539414
1544,0.169068454632465,0.29357645869078,0.169478192536339,0.270149840280999,0.134245318550269,0.480192516117674,0.0786021703479957,0.375916345583415
1545,0.169671899285614,0.294471862543586,0.170147218329373,0.270873737100977,0.134858420404494,0.480916969903133,0.0792170542359473,0.37689125850021
1546,0.170268615945501,0.295350354269217,0.17082003399166,0.271576004939295,0.135470807275992,0.481641045346826,0.0798375565520674,0.377880895596514
1547,0.170856832976676,0.296196296952809,0.171480065959896,0.272269525571988,0.136085934430463,0.482384336257017,0.0804533211211711,0.378868806322853
1548,0.171433512171952,0.297059263344593,0.17214348225555,0.272952071899369,0.136685710979417,0.483072047184196,0.0810819266597728,0.379829106286476
1549,0.172004918138125,0.297926337090406,0.172819250762167,0.273610357290053,0.137269009436141,0.483730532450919,0.0817278727634823,0.380789487716867
1550,0.172566658072133,0.298764799247013,0.173477766873916,0.274269995829464,0.137866757607358,0.484371786855206,0.0823468192164053,0.381716860546139
1551,0.173110134411271,0.299600462969782,0.174131806545544,0.274927890621499,0.138467526595142,0.484974927197624,0.0829671248526403,0.382600305056052
1552,0.173658562680796,0.300416025660845,0.174767932326034,0.275574815474835,0.139047416919185,0.485586294999307,0.0835690726688451,0.383505350859192
1553,0.174196893441292,0.301195273236602,0.175384034246414,0.276213872676975,0.139624790859914,0.486178659897858,0.0841260850118729,0.384420890211183
1554,0.174756136646963,0.301987892077691,0.176008144085529,0.276844955113564,0.140203200417568,0.486787602305692,0.0847396392322274,0.38529668281095
1555,0.17533566849927,0.302785945427178,0.176625677041856,0.277467406163603,0.140758662806016,0.487410007598503,0.0853845967062792,0.386159353163751
1556,0.175878823422504,0.303566924948016,0.177234235381294,0.278083987734638,0.141330981545142,0.488000778105851,0.0859947747060405,0.387001799071231
1557,0.176425404017533,0.304342606983636,0.17784948330413,0.278695258866641,0.141934659904534,0.488607031232734,0.0866293743894226,0.387800338687052
1558,0.176948809391211,0.305106747247314,0.178444833378466,0.279293809397395,0.142496086295031,0.489162308592249,0.0872289597948932,0.388621299795145
1559,0.177423091444366,0.305860797736233,0.179012792848012,0.279883238798299,0.143026431474428,0.489644657043539,0.0877693650118843,0.389459681972546
1560,0.177936732250123,0.306591760150071,0.179596823994996,0.280462899610471,0.143581081361985,0.490179161580459,0.0883572494915943,0.390255046646942
1561,0.178469459887037,0.307299663397562,0.180187757866652,0.281025728539998,0.144126155342775,0.490731491890555,0.088973873303872,0.391030995466144
1562,0.178981317434358,0.308014685224182,0.180760195412865,0.28159227355433,0.144678400657175,0.491246995975267,0.0895567756484372,0.391806844686926
1563,0.179499885021643,0.308712525755011,0.18133081918242,0.282160954354245,0.145255686681717,0.491758767800645,0.0901395045728744,0.392550044759187
1564,0.180001105204531,0.309417941878483,0.181888415373652,0.282708059526574,0.145808838848653,0.492274087071878,0.0907133532017125,0.393297222114304
1565,0.180484631092856,0.310139050059297,0.182427499654018,0.283236798790048,0.146342761420483,0.492755320931402,0.0912587824791947,0.394054439496121
1566,0.18096716865866,0.31084441043047,0.182970243915674,0.28378235719639,0.14688512694683,0.493256344779345,0.0918182945317183,0.394795066439785
1567,0.181432095358355,0.311533797755748,0.183507523710595,0.284321288368788,0.147422532032752,0.493801241478874,0.0923878868100593,0.395513268905568
1568,0.181919161319102,0.312225040813395,0.184042831961478,0.284859739411633,0.147968729531328,0.494302229106394,0.092953175253742,0.396251864853736
1569,0.182422610467654,0.312917679861612,0.184579418212058,0.285424153535243,0.148517117165678,0.494766722440821,0.0935172893172349,0.396997669820154
1570,0.182897708233498,0.313596793412114,0.185101871500317,0.285949455234168,0.149072689861301,0.495241877680259,0.0940711487162681,0.397732747389425
1571,0.183366583960929,0.314263434292852,0.185610935924224,0.286443154819374,0.149634870440431,0.495698830942841,0.0946184480325861,0.398472260119648
1572,0.183845461410224,0.314939738544106,0.186131495270093,0.286947152044913,0.150198199872086,0.49617731540737,0.0951722679097324,0.399195808125068
1573,0.184307469598247,0.315614257274162,0.18664468701818,0.287449252330498,0.150770582926917,0.496661259686742,0.0957176055868028,0.399906449751243
1574,0.184774657505509,0.31628453479722,0.18716428636791,0.287932253238244,0.151334697444786,0.497165157663339,0.0962732452982198,0.400623440436199
1575,0.185270023266025,0.316948438183688,0.187704917827804,0.2883978847803,0.151898933499798,0.497701704684927,0.0968504187873481,0.401342763120822
1576,0.185737479141731,0.317631170043842,0.188218645511552,0.288874052375362,0.152464793942029,0.498208914977999,0.0973997632905182,0.402041013215487
1577,0.186174521981356,0.31832210530124,0.188715634354386,0.28933744757212,0.153023723945888,0.498714582488948,0.0979385725491019,0.40273206275957
1578,0.186627867486648,0.31900460884992,0.189218216928241,0.289806764269799,0.15358989971617,0.499213451878258,0.098471500873624,0.403418358026862
1579,0.187078800859227,0.319711731627745,0.189712902857178,0.29029859506738,0.154156567852842,0.499681269152701,0.0989796942394809,0.404058526630943
1580,0.187536377968638,0.320387631237017,0.190207809757896,0.290768706251116,0.154728316250809,0.500176171785654,0.0995072840564878,0.404752375127157
1581,0.188008170817834,0.321028615342177,0.190704035057526,0.291212959731107,0.155314307079287,0.500705728465775,0.100046199855328,0.405499742230896
1582,0.188462661640302,0.321688672699136,0.191198299564825,0.291673671497573,0.155885482509738,0.501200153801513,0.100580306790307,0.406198183701018
1583,0.188912123453727,0.322341453136753,0.191687656877092,0.292136699588351,0.156454450954767,0.501672507618724,0.101129795335772,0.406904638141922
1584,0.189362694222792,0.323005886745184,0.192172835115439,0.292602059360208,0.157024675707863,0.502169285271107,0.101651752810766,0.407592785541137
1585,0.189808641393582,0.323684530610194,0.19266051723015,0.293088292057942,0.157578583526079,0.502659435199547,0.102147105666847,0.408228900032116
1586,0.190243789164047,0.324358421020185,0.193148376058646,0.293543888181279,0.158145748825795,0.503150599722002,0.102651435338441,0.408892126939802
1587,0.190670823190598,0.325033580208092,0.193630292483012,0.293970447400433,0.158721517693987,0.503653432571888,0.103144865718753,0.409567753118535
1588,0.191104698789828,0.32570661167406,0.194105731021853,0.29442119348142,0.159297648598278,0.504161625585656,0.103646816395984,0.410247109801196
1589,0.191542514350229,0.326399617114267,0.194581384723015,0.294888806156018,0.159896362778352,0.504686281940513,0.104167318750711,0.410945494693598
1590,0.191960957707587,0.327060013642296,0.195053899720307,0.295321936767332,0.160461805384982,0.505178623209272,0.104671206143227,0.41160942243496
1591,0.1923655636825,0.327688822541907,0.195515599733546,0.295740645866977,0.160997556265927,0.505668246575507,0.105160772207599,0.412261323850065
1592,0.192786656745545,0.328339649131002,0.195984850007617,0.296173800938369,0.161562522573432,0.50615802406319,0.105656818006246,0.412911007146324
1593,0.19320105641461,0.328982867744662,0.196474879859595,0.296583611545425,0.162117792388603,0.506603724356999,0.106150799643362,0.413540235317522
1594,0.193610498537682,0.329620162771573,0.196927160023982,0.296999454276853,0.162681423041982,0.507072588511719,0.106638740036517,0.414168925866861
1595,0.194036175873743,0.330287458126034,0.197351082110899,0.297461528312247,0.163282498217584,0.507557973141177,0.107130733737032,0.41480022271392
1596,0.194449683641391,0.330916430940079,0.197793605066859,0.297873209377588,0.163858145475464,0.50804686338789,0.107616166583079,0.415423168036033
1597,0.19485201081093,0.331501995146514,0.198219486594459,0.298228715924987,0.164417540286653,0.508564537719705,0.108097109460702,0.41603480127482
1598,0.195248338226779,0.33210719328549,0.198656377358452,0.298615578432442,0.164974593262261,0.509044988842983,0.10857109226826,0.416638617144076
1599,0.195643927317446,0.332699729784704,0.199112380843134,0.298991990995797,0.165513866151644,0.509496256910072,0.109034225733375,0.417250955123076
1600,0.196036953576694,0.333301010926892,0.199557471433721,0.299384402457171,0.166074693818643,0.509978688546216,0.109500894733598,0.417836863202005
1601,0.196402571412439,0.333919478576808,0.200004385672457,0.299814902320846,0.166644942752545,0.510457482365983,0.109972303457326,0.41839315413752
1602,0.196785988332376,0.334530889442715,0.200435846089505,0.300210502944134,0.167206665560323,0.51092563230099,0.11042186732005,0.418957377369757
1603,0.197198350720776,0.335144841110859,0.200869579573045,0.300592542140709,0.16779094590306,0.51143817331358,0.110860111818523,0.419484889327059
1604,0.197583048386827,0.33575342323207,0.201284684806034,0.300977521864022,0.168349277162792,0.511902974599872,0.111302465546431,0.420053300048392
1605,0.197952133450848,0.336360544497104,0.201663606534729,0.301346186734269,0.168879826145471,0.512293952883721,0.111734196615906,0.4206689099984
1606,0.19833078990567,0.336952483252968,0.20206738398424,0.3017133687399,0.169420371642489,0.512733271212474,0.112159968446343,0.421248446773286
1607,0.198701108692611,0.337533908869868,0.202483281845731,0.302084161575263,0.169942179774291,0.513178822919021,0.112585013320999,0.42183965270064
1608,0.19906831194296,0.338110565352235,0.202880697492077,0.302449596923939,0.170490494953961,0.51363789913292,0.113008533869274,0.422414007639656
1609,0.199443844108477,0.338668651129839,0.203272702151993,0.302807586287499,0.171065853904882,0.514146838682359,0.113418556446328,0.422943426103029
1610,0.199816247727297,0.339245776107327,0.203669194138902,0.303161684960385,0.171618987764017,0.514613115465617,0.113830662158365,0.42348499193467
1611,0.200173285241534,0.339849459638102,0.204062294687252,0.303517836497222,0.172191736342443,0.515040453202314,0.114249822888295,0.424041079317024
1612,0.200535357627996,0.340406426562412,0.204441697099029,0.303860353605227,0.172733966620064,0.515499201147687,0.11466863387119,0.424578492697681
1613,0.200909033835257,0.340930956061015,0.204827518135573,0.304179905149027,0.173233697315677,0.51595939539896,0.115091138801211,0.425122680147348
1614,0.201275144289906,0.341482194016693,0.205203461396374,0.304516696306867,0.17375186772837,0.516421907965321,0.115497126078335,0.42563744427343
1615,0.201646618148541,0.342023980091561,0.205559970541425,0.304870326834616,0.17426816348024,0.51692016860596,0.115889355239055,0.426101802648052
1616,0.201994447221487,0.342557566541934,0.205908807064994,0.305199852802392,0.174777618295952,0.517386841190876,0.116290409197754,0.426601977846959
1617,0.202315999713166,0.343129403300042,0.206257571344784,0.305530050051363,0.175283402504127,0.517813249781105,0.116686815112385,0.427094562878255
1618,0.20265485094342,0.343657434801598,0.206594797637784,0.305841264116165,0.175802738837881,0.51826840230515,0.117077776408753,0.427601832102219
1619,0.202984185702014,0.344128388239298,0.206900816754426,0.306103906171775,0.17632880287308,0.518736900051187,0.117488574986383,0.42815783504028
1620,0.203323592976016,0.34462041502542,0.207227523750064,0.306406879698911,0.17684281042624,0.519200724999003,0.117867606331727,0.428678312580506
1621,0.203698701441271,0.345103541089879,0.207574954227584,0.306729988978609,0.177374227048069,0.519693563666515,0.118212589489776,0.429187666896603
1622,0.204036026968755,0.345601537009248,0.207897104940409,0.307046137154946,0.177878583128492,0.520147680561355,0.118570596702212,0.429682176706631
1623,0.204350903640867,0.346123053009039,0.208210465865538,0.307398336093863,0.178356500255994,0.520578464654646,0.11891526783684,0.430156479404881
1624,0.204660881709455,0.346616052743035,0.208527232114529,0.307704846987177,0.178831685834906,0.520992192283994,0.119270458789549,0.430624837101286
1625,0.204939012069448,0.347098703185336,0.208824320161607,0.307968541603606,0.17928476920311,0.521370383178766,0.119643667579832,0.431089333762244
1626,0.205242862370823,0.347583728399565,0.209128647871901,0.308251783253875,0.179754799469561,0.521765956777766,0.120001173570863,0.431532194087224
1627,0.20556284183407,0.348066780276379,0.20945633795381,0.308531581422891,0.180217940957027,0.522163617013183,0.120361048214138,0.431964404192346
1628,0.205869177252071,0.348525170203782,0.209756199807152,0.308799144786407,0.180697220606139,0.522545803349062,0.120699280581301,0.43237433088723
1629,0.206182126040738,0.348975911599485,0.210022828200681,0.309070917874798,0.181214614472803,0.522934144511941,0.121005208282949,0.432731577486484
1630,0.206486616763425,0.349416173185974,0.210318570666834,0.309333764029109,0.181694303429768,0.523300423229606,0.121333852981127,0.433129178913877
1631,0.206773684678501,0.349815295061435,0.210623876223265,0.309552806497406,0.182159544031262,0.523643177281235,0.121665999618406,0.433548912084279
1632,0.207065931594545,0.350236105024166,0.210917822183147,0.309815426140936,0.182623453997949,0.523979037474983,0.121991927833916,0.433944586363166
1633,0.207364229635354,0.350687453273599,0.211229507395211,0.310131270046241,0.183051802837111,0.524289108553575,0.122331622269381,0.434373355916744
1634,0.207654857539751,0.351103746769427,0.211524453821934,0.310396571167593,0.183507319229567,0.524619237958677,0.122660701190284,0.434747052316432
1635,0.207943244221652,0.351495174128919,0.211791347889993,0.310658226258749,0.18399138130275,0.52497144076082,0.122974481528691,0.435061633302918
1636,0.208223296735338,0.351897421379896,0.212071159184053,0.310908892822116,0.184453752421727,0.52528312334751,0.12328913444683,0.435384728567252
1637,0.208507449823278,0.352308583378777,0.212362977524305,0.311110288844184,0.184926435529126,0.52561360523322,0.123611616251865,0.43570963291765
1638,0.208768492293441,0.352674706466587,0.212639412650052,0.31133377689997,0.18537353586287,0.525883229763261,0.123916034268089,0.435991306666535
1639,0.209003224317588,0.353026512023801,0.212916864582175,0.311600438521102,0.185786121943189,0.526060098638825,0.124209159038512,0.436219379141166
1640,0.209247725969249,0.353365340886247,0.213175749129725,0.311807830829315,0.18621235050571,0.526283219125303,0.124492814633661,0.436488076815193
1641,0.209474745621903,0.353647522517734,0.21341169005282,0.311971394715249,0.186633538944047,0.526493657700019,0.124761342646358,0.436732473368442
1642,0.209715805025638,0.353957681279144,0.21365592134289,0.312153137649803,0.187051634487041,0.526717244401364,0.125031863119101,0.437006682403913
1643,0.209980528207614,0.354297983098013,0.213896994804405,0.31229292070056,0.18748268541942,0.526970492542906,0.125291949128376,0.437332586357089
1644,0.210220446686867,0.354604140761806,0.214129402941518,0.312469177896907,0.187893206177504,0.527212830655938,0.125555264884224,0.437639269583576
1645,0.21046564618938,0.354890500378047,0.214372740008526,0.312691861990275,0.188300935084162,0.527448012285241,0.125829777088256,0.437958504951259
1646,0.210679920886533,0.35517764841572,0.21458403042585,0.312883407379109,0.188679704482503,0.527684757932047,0.126081636393086,0.438244027401682
1647,0.210844186311923,0.355459445318231,0.214753588033026,0.313071885022516,0.189027126586834,0.527907500789277,0.126331717715496,0.438510202592389
1648,0.211049284783518,0.355716490904764,0.214953659040449,0.313253250479915,0.189379310922117,0.528164471399857,0.126560425181918,0.438781659333921
1649,0.211272006444273,0.355965350844096,0.215168219121243,0.313421794568403,0.189712846472707,0.528466086264876,0.126749903036721,0.439045671762314
1650,0.21146549010712,0.356197805335097,0.215352022787348,0.313584720141315,0.190044685907898,0.528713590547053,0.126962352369997,0.439280332839508
1651,0.211674409015985,0.35639217040789,0.21553590419071,0.313748792438173,0.190395161985652,0.528971676464116,0.127185942224104,0.439516175137605
1652,0.211857788165738,0.356602033187581,0.215711325023178,0.313895305351436,0.190707207469122,0.52919160954096,0.127383273610983,0.439723155762753
1653,0.211992869373418,0.356837822951276,0.215864433295952,0.314030941527778,0.190990241598498,0.52934905508281,0.127589771361468,0.439884716855997
1654,0.212148927188153,0.35701900798694,0.21600232835914,0.314149111140543,0.191269397354417,0.529517745937561,0.127766106511784,0.440046889061707
1655,0.212317247233027,0.357187090479992,0.216144434757526,0.314243940133789,0.191530988176743,0.529702660930694,0.127898599217456,0.440205408231673
1656,0.212471315186391,0.357316837384373,0.216263997500715,0.314345071449923,0.191776743145985,0.529835354591368,0.128045011057688,0.440344258449758
1657,0.212626328514501,0.35739299487198,0.216347870091053,0.314433021509804,0.192020771760077,0.529941692585691,0.128178710380719,0.440483580986727
1658,0.212760822169158,0.357464352791261,0.216430780312957,0.314527237603479,0.192233214731408,0.530016376382123,0.128321481686975,0.440568009085627
1659,0.212885139754586,0.357526284867016,0.21651841422471,0.31464622828258,0.192416373485932,0.530067173535628,0.128495405984453,0.440651450395315
1660,0.212993094055564,0.357547483362877,0.216577214918956,0.314718750023135,0.192587360741699,0.530061612168405,0.128612667665896,0.440644140199938
1661,0.213076693167149,0.357535660334704,0.216604869891477,0.314770166991213,0.192740935573464,0.530016890954008,0.128706722623559,0.440534164065747
1662,0.213162218829015,0.357506868533971,0.216637372210525,0.314807301431704,0.192872448462703,0.529932841724961,0.128790489857182,0.440446813152462
1663,0.213242101187364,0.357436665920917,0.216661025714639,0.314800231299253,0.192988438783532,0.529797259502205,0.128813438853129,0.44031830340529
1664,0.213308933137183,0.357367271764822,0.216670774406224,0.314814793071791,0.193078074288966,0.529618799593033,0.128878459654155,0.440173397085561
1665,0.213378457198509,0.357314464162157,0.216678272146319,0.31484263975589,0.193151352589739,0.529422198732726,0.128982050995299,0.440044666412276
1666,0.213415190831437,0.357187829355899,0.216665494504325,0.314842061735756,0.193183284890134,0.529141523147576,0.129037267971169,0.439851731122326
1667,0.213403631146326,0.357014895172261,0.216630470902203,0.314845470662491,0.193173861311983,0.528739394424465,0.129096023641686,0.439588237433856
1668,0.213433855601244,0.356831162216244,0.216590221578023,0.31481038705254,0.193158904972082,0.528407164027163,0.129111757073968,0.439337760715968
1669,0.213496205203849,0.356588738820942,0.216541297696189,0.314725465338818,0.193124967508731,0.528052961423203,0.129066089296779,0.439069418473835
1670,0.213489258549469,0.356354196177539,0.216477715259575,0.314665300914014,0.193052293135713,0.527697875531411,0.129048499074795,0.43877818564893
1671,0.213477891539524,0.356138653070956,0.216405095471009,0.314607186376971,0.19296582239287,0.527415839787595,0.129025050445049,0.43848155392379
1672,0.213437306187055,0.355861999098848,0.216311822057177,0.314521105262713,0.192836383204601,0.52701807183219,0.128992606729951,0.438148784441812
1673,0.213319924576676,0.355542405854177,0.216189116541648,0.314433249323922,0.19264723836428,0.526520773727341,0.128967890644489,0.437778974331414
1674,0.213229919121862,0.355212160567199,0.216081468755266,0.314331064079547,0.192460557984842,0.526068219924779,0.128922565845333,0.437398900026569
1675,0.21315842718446,0.354856928492255,0.215974081851748,0.314189015960483,0.192252832834462,0.525592449091058,0.128862908621038,0.437006971200857
1676,0.213061114782356,0.354465694350935,0.215846563582466,0.314066336346897,0.192034525810999,0.52510475151628,0.128786273071597,0.436576117448958
1677,0.212937496223183,0.354051288297068,0.215727577639211,0.313970440376561,0.191811800876876,0.524659397008592,0.128690368318749,0.436119813540648
1678,0.212819568586659,0.353609541123681,0.215573993458264,0.31382448204257,0.191548886423725,0.524119726066083,0.1285976136246,0.435634292172423
1679,0.21270284434151,0.353124557721921,0.21536725156678,0.313642120023015,0.191263923969376,0.523509964308978,0.128491791762431,0.435120883669695
1680,0.212569937522677,0.352625642906854,0.215203976987067,0.313483090243397,0.190950892517293,0.522892503002635,0.128380957805848,0.434564708146681
1681,0.212429899535087,0.352110751199992,0.215055393910764,0.313319365270581,0.190581272197076,0.522223692932139,0.128284683704629,0.433957760354422
1682,0.212274536899007,0.351570070658772,0.2148827763382,0.313130307313028,0.190245090954568,0.521558460001059,0.128145142077894,0.433364528944632
1683,0.212103583832984,0.350992139152848,0.214721656053503,0.312942988562072,0.189912043985504,0.520870470452041,0.127971029461635,0.432733940916851
1684,0.211926684151157,0.350414058430353,0.214539882957623,0.312747058763646,0.189558719252929,0.520190579173745,0.127803076384187,0.432119065610107
1685,0.211731941701854,0.349804756126388,0.214328277261745,0.31250506438882,0.189207322810419,0.519480964542591,0.127603876218244,0.431508938688962
1686,0.211546145093149,0.349228438328558,0.214121122853274,0.312303509829056,0.188843780042695,0.518824821628009,0.127434569288482,0.430909418508796
1687,0.211353791623275,0.348635897583469,0.213914888353483,0.312130222135749,0.188440809975274,0.518156212848632,0.127269938891429,0.430275328605507
1688,0.211170373375575,0.348101518197678,0.213702518667102,0.311946081918979,0.188081778462465,0.517593482515156,0.12712479211699,0.42973216176584
1689,0.210990044923327,0.347614128633548,0.213462064913935,0.311762527076525,0.187734071254734,0.517083340979219,0.127003275508828,0.429231396882398
1690,0.210816762065632,0.347115043933739,0.213264429775043,0.311582624028302,0.187409496085756,0.516642875544877,0.126867203586685,0.428770967225169
1691,0.210659244587732,0.346636941178109,0.213085233266246,0.311398256031791,0.187111319541659,0.516330491614139,0.126740767283296,0.428396659249114
1692,0.210474809368004,0.346170737371963,0.212910715773839,0.311239881839117,0.186812299363955,0.515932457200258,0.12660584314869,0.427968339809517
1693,0.210286399102216,0.345720609564947,0.212770591017103,0.311106934236803,0.186530622392761,0.515544756216456,0.12645901953787,0.427552724160849
1694,0.210089079173384,0.34524493113392,0.212591415318561,0.310939697740879,0.18624736045516,0.515165465162677,0.126321853262449,0.427119407750801
1695,0.209868274964303,0.344787285926209,0.212386905830848,0.310782538266381,0.18597015099836,0.514789045444321,0.126200092451318,0.426680070935601
1696,0.209662245051573,0.344296857663014,0.212219891652586,0.310597501495694,0.185687600227047,0.514343895461164,0.126045185805553,0.426198459445207
1697,0.209465724666921,0.343782375599364,0.212066909368733,0.310381953717494,0.185409638579057,0.513918383931651,0.125876665282879,0.425717451270327
1698,0.209251385615919,0.343237981823577,0.21187789031879,0.310160941176757,0.185128404288987,0.513401126010656,0.125706935408897,0.42517043042601
1699,0.209029605631669,0.342689853649233,0.211701026930399,0.309944179633915,0.184849750849813,0.512787414720689,0.125520586165508,0.424569798727891
1700,0.208806271157936,0.342084581965891,0.211502009701028,0.309680767201992,0.184547810752839,0.512163115044407,0.125332228309483,0.423937065004064
1701,0.208570711847857,0.341411907028426,0.21125293579111,0.309370926077271,0.184236442528531,0.511523365233932,0.125145716816256,0.423262807447597
1702,0.208345522790729,0.340773850100822,0.211043798204136,0.309090660877526,0.1839237257877,0.510804290230241,0.12494610987918,0.422563276407963
1703,0.208122847773061,0.340125928924755,0.210864420113871,0.308801892742973,0.183588448661064,0.509999961659888,0.124733849473121,0.421821542234368
1704,0.20790431368485,0.339461295796342,0.210647628730277,0.308502705422197,0.18327673515154,0.509228890865599,0.124509992149492,0.421063476891725
1705,0.207695428453363,0.338791050016094,0.210417553173146,0.308208139223068,0.182980179683122,0.508415428958025,0.124271257445258,0.420268741633708
1706,0.207463145043567,0.338131076350924,0.210185624235072,0.307916221754763,0.182667906898865,0.507640748190017,0.12405732551372,0.419496242098646
1707,0.207217078260537,0.337448097165311,0.209946008903145,0.307607393317613,0.182356555792886,0.506877699623533,0.123847053989546,0.418704607887701
1708,0.206991901161069,0.336811926589445,0.209670962116195,0.307306171871199,0.182042105084811,0.506111281268318,0.123615343338085,0.417907022399505
1709,0.206776849269889,0.336172839558248,0.209410921162414,0.307007331734349,0.181703952871646,0.505369484570351,0.123380384184178,0.417156436218771
1710,0.206549562487057,0.335507605672538,0.20912219314212,0.306670139642286,0.181324490256169,0.50456359181212,0.123109079939315,0.416382962885249
1711,0.206346851121303,0.33483738855035,0.208835126552234,0.306326358372633,0.180939059999859,0.503790908571062,0.122826749208874,0.415625712641951
1712,0.206112728105615,0.334173488494936,0.208568908168069,0.305994761471973,0.18051129874959,0.503010425632057,0.122558256920451,0.414881908577773
1713,0.205854782280242,0.333534531281728,0.208283919789147,0.305669028738318,0.180100940546169,0.502216778544126,0.122287076296868,0.414096216366861
1714,0.205637707736866,0.332917717798025,0.208003024721704,0.305319201085961,0.179733556994144,0.501500229520038,0.122002307869933,0.413311080055647
1715,0.205399375111836,0.332295861344294,0.207709314026146,0.304986663843834,0.179325376329066,0.500766483199116,0.121697099793854,0.412526112570301
1716,0.205187149112721,0.331664953107844,0.2073875855651,0.304638327071273,0.178908733663032,0.500011262400423,0.121387581060811,0.411726024048396
1717,0.204964283234841,0.331045172409345,0.207078662949276,0.304299028534042,0.178466687181351,0.499259186429878,0.121062701229532,0.410942226422789
1718,0.204742190773022,0.330413573682857,0.206760161511294,0.303973861810987,0.177958072425689,0.498465019809075,0.120714804841893,0.410141523034009
1719,0.204513483141032,0.329813931165201,0.206447106194105,0.303645955511685,0.177482182690907,0.497714407527221,0.120367356838684,0.409377088605646
1720,0.204258744022097,0.329229360605203,0.206140350451883,0.303326205664148,0.177004013283186,0.496953512503971,0.119981972488698,0.408609284541508
1721,0.204026571627696,0.328672631769926,0.205842666811185,0.302998621380469,0.176545330227057,0.496271131084971,0.119641739401905,0.407917650883287
1722,0.203819301539954,0.328128389224553,0.205567022703528,0.302659458905385,0.176107365199576,0.495627046390463,0.119353291125542,0.407300282969242
1723,0.203588041810204,0.327636747653694,0.205264207823662,0.302334931429391,0.175675756243592,0.495051862240747,0.119019772964181,0.406679823223775
1724,0.203340817512832,0.327162356139378,0.204933622238727,0.301985513806431,0.175250713483958,0.494525538365946,0.118688019808402,0.406068396086302
1725,0.203115511478901,0.326757957769531,0.204642371469048,0.301685419826465,0.174841468203739,0.494102913521042,0.118352442655095,0.405543455972166
1726,0.202879254977546,0.326429843853541,0.204353080997864,0.301412234085399,0.174441741968494,0.493758080934232,0.117955427289087,0.40500227853777
1727,0.202661371394341,0.326125344856423,0.204069726500836,0.301167841737863,0.174065998142441,0.493496263653256,0.117612077227688,0.404608013799534
1728,0.202487191932773,0.325868519319745,0.203811107833317,0.300977540351694,0.173699145583661,0.493351972539681,0.117318292675953,0.404374436173758
1729,0.202294227227473,0.325655502575019,0.203569521647986,0.300782983301182,0.173370455673329,0.493258267625084,0.117008708264628,0.40415765338652
1730,0.20209021364991,0.325489083366535,0.203326428924164,0.300605828582913,0.173103604917522,0.493250207626246,0.116719594001669,0.404037497364103
1731,0.201890622235623,0.325338986093814,0.203098212190132,0.300433078700007,0.17279510098937,0.493268840024203,0.116410214758669,0.403931334183038
1732,0.201674578781241,0.325240830131202,0.202917981566725,0.30026401040326,0.172484251431293,0.493352492103675,0.11606982948065,0.40387367019832
1733,0.201488319085798,0.325149684180476,0.2027110155567,0.30011168847922,0.172186952008514,0.493460835888938,0.115765164308645,0.403826609420782
1734,0.201334592767042,0.325071179528597,0.20247174361617,0.299985685536393,0.171856827295825,0.493622091919497,0.115493337696798,0.403821638213828
1735,0.201155971500257,0.325010189583284,0.202273452282557,0.299842752845158,0.171569300918902,0.493780366022689,0.115184125763661,0.403812361286294
1736,0.200988118496602,0.325012130071466,0.202110343965707,0.29971251426203,0.171332561496284,0.493989584397786,0.114878670481665,0.403846325501616
1737,0.200813932692181,0.324943841038738,0.201916361234964,0.299561083264662,0.171081314521612,0.494161610794373,0.114557544392542,0.403813274080807
1738,0.200609377622764,0.324873822023642,0.201745215712954,0.29937895724215,0.170846543837135,0.49433406642283,0.114196276009552,0.403772311729543
1739,0.20042092264117,0.324751314663417,0.20153533074586,0.299221382654484,0.170587731310876,0.494470018537229,0.113843658448283,0.403681912610563
1740,0.200263002125661,0.324557696039718,0.201269678704252,0.299087553663614,0.170320102110183,0.494591229095417,0.113511387531558,0.403528440600914
1741,0.200055195750415,0.324371067615,0.201034097880007,0.298902579843588,0.170043736731828,0.494667846090587,0.113148846948904,0.40336609569123
1742,0.199833183591271,0.324167005565887,0.200820081456707,0.298725652613833,0.169752978292705,0.494708723615671,0.112764229091172,0.403188572051983
1743,0.19959792854699,0.323942489457466,0.200556216241436,0.298490571808317,0.169468409315117,0.494723044145202,0.112371264078957,0.402973793241131
1744,0.199325439956783,0.323724958237265,0.200283837331836,0.298183007420553,0.169190184982166,0.494715371119639,0.111961130623101,0.402744510246297
1745,0.199070530826058,0.323433837513082,0.199986827794542,0.297900556788801,0.168894458751608,0.49465687424407,0.111546412928784,0.402441634795818
1746,0.198816379264213,0.323099498962978,0.199632174639931,0.29760479517725,0.168585023087336,0.494567281697045,0.111116141808409,0.402082682388699
1747,0.198543681440521,0.322728905789866,0.199307240716495,0.297297152621354,0.168263578403199,0.494413378844992,0.110691275327198,0.401689107044308
1748,0.198276479626437,0.322288463349745,0.198998449932653,0.296984992309082,0.167929616104376,0.494185498503644,0.11026392372559,0.401220387104846
1749,0.197969959140113,0.32185704277807,0.198656438444911,0.296659529885618,0.167584101805443,0.493953676847569,0.10983102431312,0.40077219504212
1750,0.197626753206817,0.321406183539844,0.198308522366014,0.296306142563796,0.167233645019813,0.493665347699909,0.109402038879045,0.400308859394854
1751,0.197303163235093,0.320936524217525,0.197939209261625,0.295974368648369,0.166873161130592,0.493412039484419,0.108946454040481,0.399829738316579
1752,0.196962432656633,0.320442281486509,0.197528123092908,0.29565911939319,0.166484910608765,0.493169578901183,0.108470713492845,0.399331350513733
1753,0.196630658703709,0.319963579476442,0.197154446255239,0.295312705320796,0.166125564150665,0.492888647915667,0.108012856257409,0.398832559098372
1754,0.19631131952568,0.31946577442459,0.196790990350613,0.294948537382037,0.165768365384125,0.492603355529068,0.107548499420682,0.398313102948232
1755,0.195966287615251,0.31898646120114,0.196417793006315,0.294589512069954,0.165422356852327,0.492268626617161,0.107099340013137,0.39777878597242
1756,0.19563673039657,0.318512075208134,0.196030605307963,0.294229189651364,0.165090977988898,0.491907504833899,0.106627004726767,0.397294889673999
1757,0.195323167641202,0.318033578898184,0.195633823234858,0.293906544543795,0.164753861796895,0.491579054190803,0.106147502202403,0.396813997130088
1758,0.195016012315053,0.317598394220839,0.195254330391119,0.293615001711317,0.164408639825551,0.491304809541201,0.105668318688649,0.396347150146335
1759,0.194730310918744,0.317185242653915,0.194892496439632,0.293323650573373,0.164082230506507,0.491093958609722,0.105219088968417,0.39595499424497
1760,0.194444769375211,0.316766882892258,0.194556057226492,0.293022097873643,0.163788955653154,0.490876585886744,0.104794705969906,0.395540073042406
1761,0.194168344155045,0.316375309570382,0.194229493349142,0.292720278809905,0.163481242298002,0.490690334839508,0.104355868810208,0.395080678270839
1762,0.193922618086062,0.315994136386932,0.193886024442674,0.292445599394777,0.163194044953167,0.490540934383794,0.103918140318391,0.394657437792224
1763,0.193686201609583,0.315642498178315,0.193580256907284,0.292165125138301,0.162947101719769,0.490411068221957,0.103487597901586,0.394268261325915
1764,0.193433367103406,0.315341722243153,0.193292183173627,0.291889846183478,0.162656701639492,0.490317441365785,0.103082487982166,0.393892353080138
1765,0.193164630434886,0.315079871432645,0.1930058616883,0.291634091598321,0.162390304940917,0.490235636618744,0.102730730529174,0.393645054731074
1766,0.192900725997851,0.314878250395801,0.192769394238469,0.291373740070257,0.162161128959744,0.490192804071716,0.102404273683795,0.393476093088605
1767,0.192674755247319,0.314711391542915,0.192535299657515,0.291144013835075,0.161907501584017,0.49018400310887,0.102097140111288,0.393262298462076
1768,0.192476387869665,0.314544963260844,0.192305871124369,0.290954840341869,0.16170177718474,0.490241782626366,0.101797502526833,0.393106225104936
1769,0.192312326674148,0.31440057771064,0.192102330222246,0.290769454310154,0.161517443336207,0.490363275612486,0.101498431066109,0.392957787442416
1770,0.192154793836263,0.314256004096948,0.191880747607831,0.290597215307427,0.161299768014481,0.490436579853374,0.101212662668327,0.392770562954997
1771,0.191951299215276,0.314140510764652,0.19167154770353,0.290452441026066,0.161068556749616,0.490536187635496,0.100919997647506,0.392662889865791
1772,0.191784834714715,0.314048476037531,0.191469052360699,0.29032256005459,0.160874433806352,0.49062608728047,0.100644471327881,0.392579569448455
1773,0.191631848663502,0.313991636354934,0.191268439550235,0.290233536266569,0.160706690611232,0.490725320472766,0.100374443330635,0.392552583124653
1774,0.191492415525272,0.313946751339104,0.191092530197408,0.290135228543508,0.160551043937052,0.490829517695692,0.100130316591389,0.392501910306359
1775,0.191393710708504,0.313918902603971,0.190929965426003,0.290023305640548,0.160438437120303,0.49090999279681,0.0999246559032162,0.392460334701467
1776,0.191279767909336,0.313905058764249,0.190785661643679,0.289945384044975,0.160307610226126,0.491022352702178,0.0997016639426386,0.39242314512016
1777,0.191162303716399,0.313934862178874,0.190669256620155,0.289917404882752,0.160154827624353,0.491150944818621,0.0994741604328172,0.392347801764316
1778,0.191045365250373,0.313911258854598,0.190545594813308,0.289847681783309,0.160032462129201,0.491296408015733,0.0992637802609037,0.392332410380122
1779,0.190902555489278,0.313853962548736,0.190423713566731,0.289761281180432,0.159913411791618,0.491451198629928,0.0990466357771738,0.392357794167238
1780,0.19080752531822,0.313832677173815,0.190309752596634,0.28971028933837,0.159812088059595,0.49163702383682,0.0988640747254327,0.392390474172319
1781,0.19074274840514,0.313776810883429,0.190191838123943,0.289623743805237,0.159736062080732,0.491862222034756,0.0987089360662224,0.392460409644551
1782,0.190682030567414,0.3137870641172,0.19010554950942,0.289585194484385,0.159676725149266,0.492061922842722,0.0985726667430425,0.392524121260661
1783,0.190661502444519,0.313857702118269,0.190038823000879,0.289610236020909,0.159648866064295,0.492307651244475,0.0984578164556234,0.392600020409739
1784,0.190627783204187,0.313923004519389,0.19000107596415,0.289628058586339,0.159602550468725,0.492485636384009,0.0983517135566584,0.39268094544578
1785,0.190580199671885,0.314032889081389,0.190007844141252,0.289661836106503,0.159551277530469,0.492583416858398,0.0982766936683537,0.392784507696075
1786,0.19054407785102,0.314111348756382,0.189986146168526,0.289695290882791,0.159519336605883,0.49276526843184,0.0981926766041261,0.392852696316501
1787,0.190508500125974,0.314169913384476,0.189954976708403,0.289740696098122,0.159469722173242,0.49294138107309,0.0980883859436663,0.392890654468651
1788,0.190502231529613,0.314270922045562,0.18994039984583,0.289789154810566,0.159479838335298,0.493155732698922,0.0980413412514905,0.392959717611712
1789,0.190514165859182,0.31436389713829,0.189919688185204,0.289821534433146,0.15954567803228,0.493459390729239,0.0980255470561475,0.393007879109035
1790,0.190521594233022,0.314518105693993,0.189913509393267,0.289905246232937,0.15960141938491,0.493670015612696,0.0980175878740096,0.393119016374414
1791,0.190559461051422,0.314690655411787,0.189961816593753,0.290019894711509,0.159656664225226,0.493867806728434,0.0980528363853533,0.393294220621184
1792,0.190602697378948,0.314820506311693,0.190020171853208,0.290136409114476,0.159735334205722,0.494089974188471,0.0980622294317676,0.393500681038463
1793,0.190647722689635,0.314949849827631,0.190072428302375,0.29024181432665,0.159838511832449,0.494307803635485,0.0980534268386209,0.393689791857659
1794,0.190706071122708,0.315091874228358,0.190134014181918,0.290354562997114,0.159953717619314,0.494550490830509,0.098086136648887,0.393938932329921
1795,0.190764858032043,0.315248805508061,0.190201204594905,0.290462548966208,0.160057132380277,0.494842323040971,0.0980953395589019,0.394169244256499
1796,0.190831288619139,0.3154439950636,0.190288215895925,0.290574419913179,0.160177468047247,0.495083218067779,0.09811626425262,0.394367184303494
1797,0.19091212960834,0.315667198922717,0.190359945435155,0.290720128966213,0.16030390105016,0.495317560055596,0.098170335209894,0.394582890664053
1798,0.191029463076857,0.315854164793513,0.190440793451622,0.29087616271479,0.160453994723315,0.495647342900153,0.0981934441964693,0.394771405898006
1799,0.19117605582251,0.316043781092416,0.19054528108644,0.291033136707643,0.160649636954673,0.495971313483788,0.098267037592073,0.394946856948376
1800,0.19128851500934,0.316271706304014,0.190622834688126,0.291177026818376,0.160803236331937,0.496283993353263,0.0983744992524754,0.395164432964022
1801,0.19128851500934,0.316271706304014,0.190622834688126,0.291177026818376,0.160803236331937,0.496283993353263,0.0983744992524754,0.395164432964022
1802,0.191401463812574,0.316473455240414,0.190732738040576,0.291314227032049,0.16098087934517,0.496500405433899,0.0984668088374297,0.395414524167646
1803,0.191538413016539,0.316696446170851,0.190868056252282,0.291499979919536,0.161217240991326,0.496838310502275,0.0985260645941653,0.395583733267822
1804,0.191584510844127,0.316876282403263,0.190925441326337,0.291634009203386,0.161409895893851,0.497144379218246,0.0986006266902333,0.395813384813919
1805,0.191657388993529,0.317089050842104,0.191037987317618,0.291802157268729,0.161632016005908,0.497384665984818,0.0987174645175466,0.39604749193488
1806,0.191769280636923,0.317284322118042,0.191190988640858,0.291897013073164,0.161862131074194,0.497676310619891,0.0988440367025525,0.39629194782007
1807,0.191871665013862,0.31746882346321,0.191264578421133,0.291938284769561,0.162010688029433,0.497982044859217,0.098891395071915,0.396581898873144
1808,0.192027594086711,0.317711564696185,0.191325582012422,0.292113929741055,0.162170880773143,0.498304415033004,0.098887940635639,0.396832333247372
1809,0.192179782644852,0.31793466739573,0.19139532162181,0.292308410414548,0.162355914903773,0.498678124906381,0.0989830924401745,0.397038861037677
1810,0.192299816360444,0.318116130530281,0.19146912966273,0.292395692832312,0.162549689888024,0.49904502427094,0.0990513280096636,0.397261679958232
1811,0.192420621610694,0.318311997072379,0.191561840614768,0.292498272108533,0.162748718885591,0.499350572571057,0.0990826948973317,0.397512495517844
1812,0.192561603194228,0.318584597606964,0.191681000565039,0.292600457984445,0.162981468012267,0.499639527208437,0.0990714637743526,0.397724537682695
1813,0.192642566963532,0.318824642546496,0.191773813157705,0.292672367007012,0.163168758045171,0.499856044336709,0.099144052086913,0.397932486824133
1814,0.192711449630481,0.318918107877328,0.191884768222223,0.29260797801622,0.163347473312498,0.50006000041837,0.0992164775177895,0.398218411565167
1815,0.192840883216415,0.319059126263532,0.191967035957499,0.292643204383848,0.16356224235004,0.50030030453904,0.0992121233866218,0.398500510481522
1816,0.192898286272916,0.319244612818836,0.191979822996685,0.292827252648456,0.163783109407608,0.500566005516433,0.099208177005263,0.398718888502813
1817,0.19297561803517,0.31931971225059,0.191988401134533,0.292897973550373,0.163987937995841,0.500795244746846,0.0992355555587403,0.398892339793866
1818,0.1931418213604,0.31944272272718,0.191988647211252,0.292935872257001,0.16416873641616,0.50101978516859,0.0992638451874681,0.39903997752377
1819,0.193175027885815,0.319634299444882,0.192018738562096,0.292996651947606,0.164357897091106,0.501348162075627,0.0993064162533938,0.399215159956851
1820,0.193080251520686,0.319757927069003,0.192061076805725,0.292951076021052,0.164561539461028,0.501626150478622,0.0993557760179894,0.399422584805666
1821,0.19310281501462,0.31985966957256,0.192093011176566,0.292923554632517,0.16470646692717,0.501821603346596,0.0993410243623705,0.399582234557941
1822,0.193178502477626,0.319967506129549,0.192126820123308,0.292811774348616,0.164812666339646,0.501974832856128,0.0992700050148435,0.399729034414372
1823,0.193251346852642,0.320070034042278,0.192153836581133,0.292842255579017,0.164879549858098,0.502131983703664,0.0991159915428658,0.399842615023572
1824,0.193220681309797,0.320098958195452,0.192141901945934,0.292909020175551,0.164967977989771,0.50227378343685,0.0990289097993213,0.399950733857088
1825,0.193233451058338,0.320156992115545,0.192051191747428,0.292843584617825,0.165037289980702,0.502394587305737,0.0989708212344953,0.39996433071443
1826,0.193262334952029,0.320246315353503,0.191927935894748,0.292777575807248,0.165135346574007,0.502547658380708,0.0988856735972332,0.399915402128579
1827,0.193220720153993,0.320255800210915,0.191836453656021,0.292767315009441,0.165271669623715,0.502748968864226,0.0987690358204332,0.399974315811445
1828,0.193196734098122,0.320263780031259,0.191761412081138,0.292698191343403,0.165381194331707,0.502893027204349,0.0985695648171306,0.400023601963628
1829,0.193234811925254,0.320265033749092,0.191720168266096,0.292616286519484,0.1654750027425,0.503097101755106,0.0984159234828987,0.400006619673149
1830,0.193207709048036,0.320203568007706,0.19160886363613,0.292536648244438,0.165538134410913,0.50326022021514,0.0982479849885442,0.399984429232259
1831,0.193151250795682,0.320100933144151,0.191511998358416,0.29248622813379,0.165583823106641,0.50349279003227,0.0981180589112942,0.399999434948379
1832,0.192972975090098,0.319980058792952,0.191291648982791,0.292357862099628,0.165612787537827,0.503597758441443,0.0978942007435722,0.399894229295659
1833,0.192791555461179,0.319840774859406,0.191061293291122,0.292142431282044,0.165596150104518,0.503675885516812,0.0976311808743507,0.399696520830888
1834,0.192677263783505,0.319688835542593,0.190846573588366,0.291879098722508,0.165491672999036,0.503735233656988,0.0973008460020032,0.399570487882545
1835,0.192534796256599,0.31950184152684,0.190608992563455,0.291588816864942,0.165363312489626,0.503715784991723,0.0969684741534927,0.399481927277496
1836,0.192307216051253,0.319290647629444,0.190365005362965,0.291317894133478,0.165276492555044,0.503671163340182,0.0966939801182386,0.399336715302969
1837,0.192084213696012,0.319038627458665,0.190099689599954,0.291051538334052,0.165166585455638,0.503560946060289,0.0963862172109691,0.399065730620597
1838,0.191815240109309,0.318701421600047,0.189749671586095,0.290710324369131,0.164937534261501,0.503381520002821,0.0960374669595909,0.398731699720727
1839,0.191511391400113,0.318339021870013,0.189361409662036,0.290346882045408,0.164675237803897,0.503242359213298,0.0956070699782434,0.398399809345296
1840,0.191159922373283,0.317984265379078,0.188979902771775,0.289967447563355,0.164371921128536,0.503183778975956,0.0950533372496499,0.398015574554247
1841,0.190790472211945,0.31754079270712,0.188517396826968,0.28951695610165,0.164011966788129,0.502977908714147,0.0945107349319269,0.397536613157212
1842,0.190403030198561,0.317047821426147,0.187980051817049,0.289000285451725,0.163551557428462,0.50271379792603,0.0939402488712384,0.397032914386365
1843,0.189980613745252,0.316443524796313,0.187366962530782,0.28846031711435,0.163122105344595,0.502438136675822,0.0933286368032231,0.39650158416416
1844,0.189534135022775,0.315867918739527,0.186779528044901,0.28794753960512,0.162730819631579,0.502104580644751,0.0927109997242167,0.395930267369262
1845,0.188974023799241,0.315234698771979,0.18612942299445,0.287372799737606,0.162228839885379,0.501673909284218,0.0920866652844,0.395193845951989
1846,0.188331279950177,0.314412241122252,0.1853912030207,0.286675439218926,0.161636413602872,0.501253521664641,0.0913295159937728,0.394388381148704
1847,0.187634982477316,0.313488520217152,0.184619200922149,0.285939984312307,0.161058110965841,0.500779653534533,0.0904716699834562,0.393556144297766
1848,0.186914513506289,0.312538325108321,0.183794330819732,0.28513803304042,0.16037081382857,0.500192198823934,0.0896065345749068,0.39261077407285
1849,0.186172616741221,0.311510476227141,0.182965039597619,0.284262151010254,0.159586282002584,0.499444118285946,0.0886958842124848,0.39153617882246
1850,0.18530926633722,0.310337152031693,0.18194456692105,0.283259575356131,0.158715526684218,0.498735513886968,0.0876846147467287,0.390342190208753
1851,0.184395727699746,0.309097285144928,0.180794392380478,0.282141028682648,0.157776788876617,0.498057859648222,0.0866152081899454,0.389084110001581
1852,0.18341270075816,0.307816140329082,0.179634112950067,0.281054841092405,0.156783752774451,0.497207087830874,0.0855131838518621,0.387715905284966
1853,0.182333294576641,0.306349565833735,0.178428875338435,0.279894835907745,0.155684907156319,0.496203659228009,0.0843418060482935,0.386219659984663
1854,0.181148642124786,0.304649471440409,0.177081553134356,0.278612567401553,0.154447242180058,0.495173496666827,0.0830902969784859,0.384579864364767
1855,0.179903832242604,0.302894223377221,0.175662432610201,0.27722582021177,0.153082780646594,0.494047157760678,0.081783623281896,0.382820734473489
1856,0.178595519162947,0.301083307873332,0.174197232251967,0.275766754574603,0.151669056564401,0.492743196274892,0.080411754727862,0.380925297812943
1857,0.177162504774306,0.299058371334425,0.172574506186958,0.274171525216617,0.150172969461274,0.491358898598645,0.0789728318250715,0.378895927911153
1858,0.175596406096926,0.29686492527817,0.170724613992104,0.272410712576063,0.148591001833692,0.489995374892276,0.0774272252851168,0.376744763442849
1859,0.173950601394997,0.294511311950989,0.16888155943145,0.270548128047925,0.146884499921307,0.488370099768262,0.0758385133613053,0.374345071965002
1860,0.172244293399476,0.292014658559355,0.167057164921828,0.268631467783183,0.145166849472051,0.486525902909157,0.074225340985733,0.371765716908305
1861,0.170397471986492,0.289341049932795,0.165016384416229,0.266552538989218,0.143239998593494,0.484602203399644,0.0725170994576634,0.36907532144616
1862,0.168448816452233,0.286513430617898,0.162832877036391,0.264335704992752,0.141132083149226,0.482601322140988,0.0706972837464015,0.36622133166364
1863,0.166338810552219,0.283509931905688,0.160554402355946,0.261973688782194,0.138885015050894,0.4803575510947,0.0688388606006904,0.363147410963918
1864,0.164123105735969,0.28026853438204,0.158161660942796,0.25948414580291,0.136594897181133,0.477916031880007,0.066987225807707,0.359898788474761
1865,0.161862877602733,0.276871829131047,0.155567493477289,0.256766290241815,0.134165939795224,0.475380198541197,0.0650704689483109,0.356459462834947
1866,0.159466114570071,0.273292578428168,0.152869562953585,0.253935439156948,0.131643627936271,0.472656670042651,0.0630928202186254,0.352750973403623
1867,0.156968037682006,0.269513456288149,0.150035472210901,0.250960805301203,0.129041153644521,0.469812541120059,0.0610680280244906,0.348708622080086
1868,0.154339425900504,0.265523296883534,0.147145929059062,0.247820216148156,0.126319093320086,0.466624055414028,0.0590330775969555,0.344547115266127
1869,0.151585405622381,0.261308849736592,0.144110799766903,0.244463453934918,0.12345345288457,0.463157137817385,0.0568937269882864,0.340204763198307
1870,0.148731878828677,0.257001551945334,0.141007071492293,0.241082545017752,0.120513685274785,0.459603527803506,0.0548093498157902,0.335672174665504
1871,0.145759419940856,0.252492602448687,0.137843221841549,0.237647072858254,0.117459601538946,0.455827853196969,0.0527448365679963,0.330962907298844
1872,0.142653583233378,0.247877939633726,0.134587277969035,0.233954825992903,0.114348132684913,0.451866936503485,0.0506788110881447,0.326008547332333
1873,0.139519313020371,0.243139407945342,0.131195563867582,0.230084100982123,0.111144863841501,0.447735108205057,0.0486143588821941,0.32084164800595
1874,0.13634916673323,0.238204489719693,0.127786624959817,0.226206741359201,0.107893204826198,0.443392129252062,0.0465442088194669,0.315554722759217
1875,0.133048847792809,0.233014334827213,0.124266148183937,0.22212792792143,0.1045555485402,0.438759785789078,0.0444577135762891,0.309993857543581
1876,0.129737954667852,0.227706720893846,0.120623856332172,0.217870222492589,0.101206785993284,0.43391420017863,0.0424502476134087,0.304216416812346
1877,0.126387133610376,0.222364458847408,0.117033207687909,0.213620437242125,0.0978866395595315,0.428890517377164,0.0405090891648312,0.298316254197117
1878,0.122923184133627,0.2169436523593,0.11336533240462,0.20937729662792,0.0945515850247925,0.423724736144943,0.0385673483250112,0.29220732002405
1879,0.119501575484848,0.211374513705681,0.109712347533336,0.204978404675588,0.0912016474355437,0.418324411574809,0.03671653407355,0.285981847600589
1880,0.116072713819064,0.205644942439465,0.106040442030128,0.200398212619462,0.0878358083849149,0.41266699937263,0.0349977766589227,0.27951804465217
1881,0.112630485455176,0.199912184179349,0.102414379960795,0.195836053744844,0.0844952188872845,0.406830979539373,0.0332692653861292,0.27305841488854
1882,0.109131884358541,0.194045990034586,0.098762206935033,0.191188779112552,0.0810811783081707,0.400764688883048,0.0315010637274223,0.266427216953284
1883,0.105677179654946,0.188127501330816,0.0950910668174767,0.186490515406446,0.0777492063637124,0.394541379999109,0.0298612434046769,0.259809098664706
1884,0.10226050529072,0.182130000081368,0.0914793790201366,0.181761991442782,0.074529528281257,0.388142099943463,0.0283444880057769,0.253130192896819
1885,0.0988734498142437,0.176215621557056,0.0880396268421566,0.177124182112031,0.0713701870775199,0.381550684144398,0.0269398566849907,0.24638320717726
1886,0.0955983636303908,0.170371448587616,0.0846522271812735,0.172464059034601,0.0682969447683372,0.374941646827503,0.0256313522552514,0.239696951762037
1887,0.0924045352659122,0.164459297129256,0.0812984039561863,0.167730441341124,0.0652782304837117,0.368183325679257,0.0245074850462163,0.232930141438974
1888,0.0892864776772943,0.158688852263764,0.0780500471504206,0.163131386350227,0.0624041284158781,0.36142732086554,0.0233305357812823,0.22629608684587
1889,0.0861927224518279,0.152971876491454,0.0748404837286478,0.158525471469002,0.0595863344122491,0.354559902207096,0.0221437049643672,0.219624552259285
1890,0.0832598318934358,0.147425705986495,0.0718352632918837,0.154067990282565,0.0569402742541592,0.347700147528415,0.0211127656640551,0.213170723212003
1891,0.0803827205569943,0.141862538992179,0.0689467732687517,0.149669338313299,0.0544534468039131,0.340674272578005,0.0201812987664042,0.20674053387527
1892,0.0777067949555354,0.136602201105087,0.0661962610712456,0.145448316388825,0.0520674004252435,0.333862863592856,0.0192957827419399,0.200562607561413
1893,0.0751881787884299,0.131572949992055,0.0636242965285738,0.141356376896796,0.0497784848476315,0.327119329814914,0.0185360695589592,0.194517278378304
1894,0.0728240207793397,0.126716608920608,0.0611723602511551,0.137364801333832,0.0476417955194635,0.320401256039912,0.0177765143765429,0.188785189879071
1895,0.0705926691886776,0.122014083294868,0.0588451448629437,0.133539408709009,0.0456717715145567,0.313806786959102,0.0171451769312709,0.183180311181272
1896,0.0684672972515068,0.117528341968438,0.0566229727624307,0.129885359576086,0.043872369914745,0.307314548416502,0.0165877132040085,0.17774113378018
1897,0.066466533526877,0.113296253632921,0.0545865081493757,0.126408281628473,0.0421777445792463,0.301058376412789,0.0160400621626802,0.172674937375136
1898,0.0645684042335629,0.109287500638865,0.0527437465154424,0.123067252912467,0.0406594827218559,0.294864767789061,0.0156168270552417,0.16789603143276
1899,0.0628174337494947,0.105496070043653,0.0510234727767907,0.119959602999265,0.0392400528571312,0.289009827874127,0.0151794368696181,0.163340021731648
1900,0.0612187669503359,0.101987989641386,0.04947140244377,0.117096758634912,0.0379478498705787,0.28345770270176,0.0146827679500658,0.159116558593978
1901,0.0597282282457756,0.0986560686279591,0.0480176668561497,0.114361048144075,0.0367405999045842,0.278094369627528,0.0143122392151257,0.155122424913239
1902,0.0583595953542703,0.0955208089406253,0.0467594327583928,0.111808241893252,0.0356729952433152,0.272892909209541,0.014094508139182,0.151367637780784
1903,0.0571207923365249,0.0926020709008905,0.0455355070802362,0.109433041257549,0.0346956520213041,0.268022915899689,0.0138268854094244,0.147836831189887
1904,0.0560362043049187,0.0899069112024896,0.0443810063189459,0.107257145194914,0.0338280867044314,0.263472793067307,0.0135798413325779,0.144569805253238
1905,0.0550674415113233,0.0874425069160762,0.043344368122127,0.105211073932789,0.0330435253212149,0.259140124943482,0.0133479103935036,0.141589374834941
1906,0.0541283330363554,0.0851580877232627,0.0424033065714412,0.103288631629178,0.0322920950007726,0.255028908962932,0.0131455612343538,0.138796548328302
1907,0.0532785987731294,0.0831263387070897,0.0415723179772203,0.101549942183241,0.0316338691490793,0.251196083506947,0.0129524998478162,0.136233635143619
1908,0.0525213032315796,0.0811654046351503,0.0407750697999653,0.0999184769795917,0.0310290103070908,0.247594120653963,0.0127697923564276,0.133846248039164
1909,0.0518863370413005,0.0793701744954879,0.0400941243873822,0.0983865563641378,0.0304820772287905,0.244240001290913,0.0126086950342277,0.13174530497533
1910,0.0512055496998229,0.077724527112542,0.0394283721464592,0.0970021970523167,0.0299709918537004,0.241041667507545,0.0124830620225628,0.129704507582281
1911,0.0505466502298535,0.0762764421390091,0.0387550573325679,0.0958510809609298,0.0295328472591391,0.238096087767463,0.0123822675909587,0.12782163324011
1912,0.0500103488872761,0.0748508941102934,0.0382155835219467,0.0946806354147494,0.0291362245468633,0.235330023749534,0.012272819544164,0.126067062962278
1913,0.0495086085689636,0.0735354058980581,0.0378378226211593,0.0935640035024544,0.0287994353373272,0.232741564732198,0.0121891389377293,0.124437057534297
1914,0.0490431253478206,0.0723421396418369,0.0374008864511217,0.0925602170751906,0.028448342218476,0.230311879128894,0.0121234264658295,0.122951384557591
1915,0.048716085573733,0.0712300335337829,0.0369836157740455,0.0916467946818638,0.0280915912742544,0.228090104804614,0.0120602173246701,0.121643004113474
1916,0.0484117819892378,0.0701885534668897,0.0366393816057941,0.0907664691194564,0.0278401068946595,0.226042343320196,0.012003077468223,0.120433037573922
1917,0.0480935830278907,0.0692636382731188,0.0363098054241935,0.0899982653129099,0.0276327239591638,0.224163053723632,0.0119298473616652,0.119276718788256
1918,0.0477200656261177,0.0685043239172509,0.0359561256822302,0.0893577928672925,0.0274943049018883,0.22247090104628,0.0118703792468176,0.11823800762553
1919,0.0474483791380998,0.0677766526912066,0.035677050064322,0.0887430095015083,0.0272577133221861,0.220841194685634,0.0118246156806965,0.117259020431872
1920,0.0472601131869853,0.067108602264357,0.0354682328537557,0.0881954434638715,0.0269976409500898,0.21938839293743,0.0117504661697629,0.116310991164496
1921,0.0470525053371227,0.0665186434794082,0.0352892724810741,0.0876923983345991,0.0268618504536866,0.218007675616567,0.0117095804043859,0.115491946975136
1922,0.0468582692752361,0.0660525877788154,0.0351819096097857,0.0872604317246004,0.0267350411079383,0.216610814908605,0.0117340955114594,0.114796606454012
1923,0.0466982957553794,0.0655985341319512,0.0350164595622785,0.0868615203858741,0.0265850885178889,0.215479539812965,0.0117147233368978,0.114158868115768
1924,0.0465524566641737,0.0651644638934775,0.0348401260213414,0.0865024144325615,0.0265192174437356,0.21463966200047,0.0116525086296732,0.113636644554264
1925,0.0464363234965069,0.0648155080110834,0.0347266679456218,0.0861901915851881,0.0264851274175975,0.21377495846537,0.0116293230904248,0.113143310954162
1926,0.0463729465012355,0.0645327407186141,0.0346295334023039,0.0859181408011142,0.0264109953435206,0.21300018310154,0.011632970807058,0.112672455105524
1927,0.046303502951066,0.0643086101648907,0.0344965173763276,0.0857068386016853,0.0263521831633763,0.212344323900401,0.011617830768943,0.112316619534587
1928,0.0462515098599208,0.0641271818745561,0.0344122610605509,0.0855284888504143,0.0262870843635455,0.211781004007775,0.0116069691990301,0.112019052127151
1929,0.0462018661116889,0.0640304001210422,0.034397618189999,0.0853997678839472,0.0263074575660518,0.211266740903348,0.0116132575373541,0.111778763663176
1930,0.0462013315457677,0.0639351572025467,0.034377977126462,0.0852965345235854,0.0263006927514052,0.210849062940552,0.0116117719607297,0.111607365300697
1931,0.0462549861115655,0.0638400206364436,0.0343445149573311,0.0852422598855541,0.0262049182892432,0.210600639534107,0.0116012747108372,0.111550277772252
1932,0.0462672938201173,0.0638371010330787,0.0343422605108936,0.0851995744803083,0.0261898853157392,0.210343209635917,0.0115876419157932,0.111485901817952
1933,0.046276595455027,0.0639137463813685,0.034402591961412,0.0851465481231958,0.0262983264634198,0.21004907467163,0.0115790910926402,0.111442493864964
1934,0.0463168480911622,0.063994329133854,0.0344390596672496,0.0851837328523865,0.0263326133077415,0.209929797176251,0.0115668801420014,0.111468486338956
1935,0.0463263534598042,0.064121835319874,0.0344221079116464,0.0853218285082054,0.0263090975187094,0.209938646059162,0.0115234946001065,0.111539000993498
1936,0.0463859153892975,0.0642860721999386,0.0344796317553625,0.0854172736999789,0.0263298920078618,0.210000522476453,0.0115125424042921,0.111654426789616
1937,0.0464800824510765,0.0644802993038536,0.03457277243387,0.0855282040068384,0.0263612502002123,0.210146373963781,0.0115158327136985,0.111820268772792
1938,0.0466457981939752,0.0646827360655406,0.0347036840746236,0.0856810417792376,0.0263949641751427,0.210428247113635,0.0115400625468619,0.112058437281376
1939,0.0467637972417097,0.0649434120833876,0.0348419840411246,0.0858542268556567,0.0264370654728279,0.210686129795882,0.0115563787116601,0.112301454159602
1940,0.0468567137967876,0.0652672840015037,0.0350616515901971,0.0860036767356689,0.0264881485179172,0.210976496685975,0.0115777960618801,0.112565940349977
1941,0.0470183646642375,0.0656005224698074,0.035184715902044,0.0862078235802699,0.0265702170543512,0.211328340811181,0.0116128896060449,0.112889138057684
1942,0.0472367989983837,0.0659363488991942,0.0352258156535523,0.0864759002449798,0.0266917275406985,0.211721989281397,0.0116712223064345,0.11325707109145
1943,0.0473998362325908,0.0663452961869726,0.0353775123676959,0.0867532727174906,0.0267663371079196,0.212167708869437,0.0116987163388548,0.113653011151952
1944,0.0475473464587742,0.0668570413697505,0.0355637652774991,0.0870248548851604,0.0267937325407745,0.212673821104726,0.011717866519363,0.114117181638796
1945,0.0477527242477171,0.0673062491638305,0.0357216133553592,0.0873446334895796,0.0269185285729284,0.213218302316597,0.0117483474419476,0.114572535223004
1946,0.0479417247962896,0.0677349924023149,0.0359202246614324,0.0877311838094219,0.0271053315494325,0.213796932980626,0.0117438896035404,0.115016158467943
1947,0.048153253179008,0.0682325879330987,0.0361307163827699,0.0881130277508718,0.0272292684031478,0.214435929359303,0.0117744511996829,0.115523112157003
1948,0.0483963847616254,0.0687520252607336,0.0363394105839706,0.0885101077597069,0.0273569959910876,0.215126269428906,0.0118242660562524,0.116065920018782
1949,0.048739945245532,0.0692615782914471,0.0364961931269739,0.0889225958601336,0.0275479347645395,0.215878221616438,0.0119230507717076,0.116625376649581
1950,0.0489865690759708,0.0697884980041187,0.0367077879661145,0.089353831457481,0.0277106532784044,0.216642564829915,0.0119589454162367,0.117250344852623
1951,0.0491852863119623,0.0703787594881403,0.0369870550507751,0.0898011088492127,0.0278057757696862,0.217463169799989,0.0119680984474655,0.11796391021843
1952,0.0494172931029708,0.0709566922086463,0.0372219174578008,0.0902627552342128,0.0279405203644735,0.218286531621962,0.0120172161960848,0.118634019500561
1953,0.0496202606936968,0.0714681009600574,0.0373931647325515,0.0907483813064495,0.0281411321624278,0.219093208054771,0.012066785029857,0.119323146076225
1954,0.049884153665324,0.072089989796831,0.0376609978907279,0.0912367499522511,0.0283018826846474,0.219998423881123,0.0121037792476084,0.120024163338937
1955,0.0502046840728599,0.0728166674071722,0.0380225920143596,0.0917143910521584,0.0283908399851222,0.220980647753838,0.0121776987325393,0.120688538327967
1956,0.0504849452423144,0.073504553119247,0.0383030091333279,0.0922411943491432,0.0285458109471954,0.221957599839867,0.0122176924443986,0.121432737269857
1957,0.0507693847840381,0.0742399659287284,0.0385868824181816,0.0927945018889965,0.0287747911446518,0.222918734818656,0.0121572269702293,0.122255895934231
1958,0.0510690083986497,0.0749426483461239,0.0388710483116488,0.0933653684575074,0.0289535064511136,0.22401306385053,0.0122008549853635,0.12305459311225
1959,0.0513306308635577,0.0755934991059318,0.0390810239248088,0.0939717402823745,0.0291130147953335,0.225173846813154,0.0123051695350585,0.123838461417952
1960,0.0516279081540225,0.0762876669078387,0.0393280215893727,0.0945966525366419,0.0292759381880461,0.226397339314675,0.0124350940401976,0.124695768388292
1961,0.0519677363150465,0.0770234985023993,0.0396280568011538,0.0952369842680836,0.0294793566011507,0.227603437630012,0.0124845976673908,0.125589425740519
1962,0.0523705713167093,0.0777851685564416,0.0400020577649146,0.095889257389874,0.0296874532847995,0.228893380439915,0.0125290280988605,0.126498155941538
1963,0.0527352101929687,0.0785384025053419,0.0403208031125113,0.0965634152724527,0.0298870971850276,0.230210472471702,0.012606451060252,0.127434511100716
1964,0.0531265738561514,0.0793312652421399,0.0406272911988196,0.097259562202095,0.0301349326643167,0.231477407288003,0.0126342158946205,0.128440701981456
1965,0.0534884004900398,0.0801246567846531,0.0409797185850752,0.0979758870553888,0.0303432312477715,0.232854677865744,0.0126894567080246,0.12944982071361
1966,0.0538368719104022,0.0808906835146783,0.0413596043868155,0.0987399802821631,0.0304660015346153,0.234406362232508,0.0128243112162752,0.130452581691996
1967,0.0541785626086345,0.0816982289317794,0.0417064351086236,0.0994649405686795,0.0306877352343219,0.235872601021616,0.0129148990197956,0.131494658209268
1968,0.0544674795315945,0.0825434475389717,0.042057647654311,0.100168266393609,0.0309988194630204,0.237319943893356,0.0129428613165766,0.132650926734661
1969,0.0548218664468726,0.083404075185819,0.0424338426543523,0.100914401204963,0.0312449168047386,0.238794759670836,0.0130022009552383,0.133711554711032
1970,0.0552235869182783,0.0843177831116681,0.042808995368164,0.101656131063194,0.0314964399877652,0.240265569077408,0.013095211689858,0.134680691639245
1971,0.0555970995948909,0.0851899736415156,0.0431642554884503,0.102414177005638,0.0317508172650039,0.24176387067378,0.0131755752650559,0.13573640184511
1972,0.055977234953044,0.0860551360269422,0.0435234925430684,0.103195071615973,0.0319928559934123,0.243283966195356,0.0132529132534137,0.136810667238354
1973,0.0563915705358987,0.0869221591970056,0.0439104184468476,0.104038316018204,0.0321644712766843,0.244872040803722,0.0133198736843295,0.137872854645678
1974,0.0567939773400068,0.0878004738302972,0.0443052919667562,0.104829239859348,0.032436698052396,0.246362137721124,0.013399222447935,0.138955336117497
1975,0.0571539399316505,0.0886522910239186,0.044689446454802,0.10561008814235,0.0327953734473168,0.247857068640025,0.0134778415038955,0.140137886779187
1976,0.0575673889140135,0.0895302021686005,0.0450626800611753,0.106386106290088,0.0330705924782234,0.249285872851251,0.013570525842292,0.14121991406191
1977,0.0580590396592205,0.090456304417669,0.045456086680188,0.107163572351702,0.0333225054838327,0.250639247051663,0.0136884804649826,0.142202608247519
1978,0.0584756188456456,0.0913465283812484,0.0458566885390737,0.107920497038831,0.0336108512041262,0.251988687017719,0.0137724170419713,0.143276885215872
1979,0.058836955717609,0.092183160920545,0.046208742460429,0.108634097977152,0.0338950294191586,0.253298667348423,0.0138443690352283,0.144416135675242
1980,0.0592550843632057,0.0930836754786043,0.0466066224818523,0.109387234619758,0.0341629713591441,0.254613456022161,0.0139243522654774,0.145477097496784
1981,0.0596661748822746,0.0940698782109967,0.0470842155596344,0.110177357503799,0.0344414359050144,0.255948551245848,0.0139608214065454,0.146509123724184
1982,0.0600920364757662,0.0949674095008887,0.0475223541616059,0.110925322754323,0.0347364951593027,0.257205073822353,0.0140444627140928,0.147575749258792
1983,0.0605774338720719,0.095831259167123,0.0479578062798071,0.111689777415,0.0349906193425876,0.258414190890375,0.0141581033483179,0.148613728618379
1984,0.0610633503393827,0.0966921662583209,0.0483498812551526,0.11241894505613,0.0352916915095642,0.259639399786086,0.0143025947711,0.149661595736922
1985,0.0614878732153291,0.0976045518572275,0.048799437371493,0.113134123313855,0.0355824420694972,0.260762841198777,0.0144129116096543,0.150674998001221
1986,0.0618352679904348,0.0985034142917999,0.0492871115766415,0.113785459544332,0.0359228921456204,0.261743840564226,0.0145238090012093,0.151721333132542
1987,0.0622798526933332,0.0993835862494987,0.0497079459107282,0.114488730053772,0.0362232156600227,0.262840881179177,0.0146417515756281,0.152741596084018
1988,0.0627425822850762,0.100326904607258,0.0501071341230518,0.115222196518451,0.0364752530064521,0.263952236290511,0.0147511785021675,0.153702165071416
1989,0.0632012984602763,0.101216385881839,0.0505461194055714,0.115924092136295,0.0367769127817968,0.265037011826877,0.0148517392239391,0.154673745739735
1990,0.0637580258549793,0.102025539832294,0.0509447819148514,0.116600196148628,0.037111079194344,0.266201118781244,0.0149626229986535,0.155693300613708
1991,0.064206763154223,0.102861826480251,0.0513766404665603,0.117307681154724,0.0374312399286645,0.267246726084726,0.0150720012361707,0.156657009503473
1992,0.0645154209606288,0.103723947705618,0.0519100775820979,0.118029136455123,0.0377641678537349,0.268163912498557,0.0151603517158254,0.15750529597913
1993,0.0649477400799833,0.104577522189881,0.0523631870429701,0.118733890709191,0.0380891896368378,0.269145277415011,0.0152602173572909,0.158455816908579
1994,0.065428652337969,0.105412568970826,0.0527442882838485,0.119462021348837,0.0383901336212741,0.270092161681578,0.0153827991275423,0.159466059973405
1995,0.06587263302472,0.106217934675845,0.0531467101954635,0.120175796680224,0.0387360944576326,0.271075277575299,0.0154828820044353,0.160459634106139
1996,0.0663523469167874,0.107078984540252,0.0536058304688098,0.120865766325812,0.0390331632644664,0.272041960146467,0.015598762315426,0.161423379883204
1997,0.0669301226343401,0.108004777312942,0.0540928155558188,0.121488383592795,0.0392911426930658,0.273009251808189,0.0157112525186256,0.162398605993181
1998,0.0674065962743324,0.108840552121022,0.0545240395101937,0.122212539610773,0.0396237195196085,0.274029558895599,0.0158324337855933,0.163400441025786
1999,0.0678171339369094,0.109622364693946,0.0549675883658238,0.122994920081688,0.0399794845824812,0.275066648340318,0.015965333778905,0.164380634197196
2000,0.0682810814630987,0.110472038932332,0.0554311502370844,0.123719756566791,0.0403019457416438,0.276108144150036,0.0160964702547794,0.165360404350264
2001,0.0687427975507123,0.111309212474438,0.0558519954991037,0.124460002182843,0.0406737009145368,0.277199683509902,0.0162248915347074,0.166385680722298
2002,0.0692096868589336,0.112155481590901,0.056299434883929,0.125202882081641,0.0410092098275039,0.27828433071609,0.016357932652165,0.167394533458087
2003,0.069697899250212,0.11309763416779,0.0568406456416338,0.125906021145709,0.0412534550625438,0.279298866869759,0.0165233403223928,0.16833387664556
2004,0.0701738663503646,0.11395880550031,0.0573055859525781,0.126630950879075,0.0415798182411237,0.280413929422973,0.0166460401168807,0.169341687798642
2005,0.0706574672723898,0.114733946322437,0.0576391459162443,0.127374249537546,0.0420079212919548,0.281655300223813,0.0167173974223516,0.170410828494528
2006,0.0711216475347382,0.115551593761148,0.0580853626139074,0.128138088702738,0.0423434797694164,0.282834734354962,0.0168310701555746,0.171473908538107
2007,0.0715615137075908,0.116381707908077,0.0585878097351525,0.128896048348001,0.0426605007367458,0.284028452370976,0.0169246736894313,0.172571996708767
2008,0.0720132593586281,0.117189918187425,0.0591040606422251,0.129681551977321,0.0429696520117368,0.285212335765959,0.0170679140710726,0.173647736108949
2009,0.0724760965374562,0.117995092411444,0.059582729848266,0.130460149511498,0.0432428317773671,0.286407457967752,0.0171979787922606,0.17469920116255
2010,0.0729640425025635,0.118818069833465,0.0601258388804496,0.131281508588342,0.0434293988048455,0.287574701643523,0.0173675364563951,0.175716378575753
2011,0.0733827582640238,0.119601098639453,0.0605921932476076,0.132066096983152,0.0436852338789252,0.288757816939943,0.0175103619621233,0.176801741461257
2012,0.073758665640511,0.120337745943176,0.0609728859891906,0.132809696319259,0.0439592823941602,0.289986772543961,0.0176175724003557,0.177909287690467
2013,0.0741869904864062,0.121115521717233,0.0613915375763461,0.133594091687732,0.0442252144809472,0.291169914754629,0.0177578174687355,0.178982672855368
2014,0.0745636150120426,0.121932398958806,0.0617883625010411,0.134424007715175,0.0445119175470409,0.292325347479286,0.0179540039630553,0.180127937255846
2015,0.0750011118546628,0.122678269147773,0.0622307589506489,0.135201732303708,0.0447732923382187,0.293463890407299,0.0180810366030279,0.181182474258757
2016,0.0755622490927042,0.12337860280768,0.0627287754484799,0.135935093982817,0.0450156187508821,0.294619461164257,0.01815007939561,0.182104829589073
2017,0.0760259593789753,0.124111754812933,0.0631575736066764,0.136718929639271,0.0452702673296415,0.29571596500649,0.0182764262763993,0.183124728067977
2018,0.0764493152348628,0.124845549434892,0.0635762863736313,0.137561579521325,0.0455294116142739,0.296745793960228,0.0183967587882669,0.184202478165158
2019,0.0768834066839948,0.125534349881,0.0640048538426533,0.13830925879739,0.0457738479835154,0.297794342436997,0.0185197096358989,0.185218969046347
2020,0.0773365971468588,0.126209852159325,0.0643938958660972,0.139025542566043,0.0460245281446879,0.298872725988756,0.0186661547525513,0.186246743462087
2021,0.0776676416585657,0.126920331068896,0.0647614008591637,0.139754260113062,0.0462493550203725,0.299848602393847,0.0188794489670707,0.187276230440574
2022,0.0780646010749371,0.127580037757917,0.0651706627290791,0.140468707166642,0.0464860207441023,0.300792467260807,0.0189960616190884,0.188231095827281
2023,0.0784756158739579,0.128164401279934,0.0656141515888644,0.141073701785112,0.04670351409984,0.301677185924933,0.0190285391078424,0.189088426325405
2024,0.0788798534741137,0.128783492954388,0.066046719801387,0.141779600180971,0.0469370712220003,0.302639799736098,0.0191229682163424,0.189996079367698
2025,0.0793069987727927,0.129413921194113,0.0665183543149333,0.142607598142778,0.0472246213017411,0.303643145784823,0.019185022792719,0.190900275356688
2026,0.0796868697774495,0.130040206596407,0.0669152495609887,0.143309327249535,0.047422708496774,0.304481611186766,0.0193257727259432,0.191790799871015
2027,0.0800175997353334,0.130720251215915,0.0672863483933255,0.143941876374683,0.0475581482793097,0.305297150297687,0.0195726314574641,0.192691244299138
2028,0.0803877001700694,0.131267986582428,0.0676639320110402,0.144625486837211,0.047726565869307,0.30609229497399,0.0197312484296609,0.193565043387823
2029,0.0807617588130572,0.131706460596847,0.0679405857137111,0.145288627286387,0.0478321852918407,0.306694023872727,0.0198699809617584,0.194413288657586
2030,0.0811173157337338,0.132217925614295,0.0683041817157768,0.145937261087086,0.0480044837593047,0.307401444408143,0.0200189256599575,0.195238493547064
2031,0.0814826132999328,0.132675904359959,0.068735757713347,0.146619491472096,0.0482609942809766,0.308254606156067,0.0201364750248827,0.196027420395989
2032,0.0818552557847799,0.133147559854041,0.0691718874755959,0.14728390693622,0.048468741268142,0.309004516731648,0.0202449004074105,0.196837457093185
2033,0.082257282857983,0.133667195532049,0.0695333295871122,0.14783049204871,0.048659111023017,0.30956747855686,0.0203837708586415,0.197595941056093
2034,0.082603452050547,0.134200994940483,0.0699297709595649,0.148422314351325,0.04881008738833,0.310118859201443,0.0205511129510798,0.198409841644945
2035,0.0829478921994055,0.134654566844865,0.0702907301125172,0.149010407392428,0.0489341496173144,0.310670209669877,0.0206938749139086,0.199156343807347
2036,0.0833466580179771,0.13501488300843,0.070573282916059,0.149586190206157,0.0489847514134622,0.311157927530076,0.0207981274408612,0.199894626640973
2037,0.083660840520853,0.135413988844929,0.0709350534572482,0.150151677350584,0.0491110629698892,0.311600276706065,0.0209555603111626,0.200568581933785
2038,0.0838526398037907,0.135801147721752,0.0713666504906808,0.150733110629377,0.0492257352481,0.312033716219251,0.0211771219150833,0.201148227923867
2039,0.0841661836889465,0.136206935169209,0.0717232316816394,0.151300662496453,0.0493814770313336,0.312453413899781,0.0213191122026087,0.201809168262523
2040,0.0845379188951138,0.136628953686548,0.0720449606931348,0.151847138507327,0.0496362282673213,0.312750339529109,0.0214192452142162,0.202499104865718
2041,0.0848457152982403,0.137008031848028,0.0723984246789879,0.152377105737042,0.0497758846577484,0.313136723868249,0.0215514277519225,0.203126196335588
2042,0.0851498355236653,0.137381805484683,0.0727342794737606,0.152907685718576,0.0498557795544778,0.313646427892266,0.0216582280222877,0.2037469112241
2043,0.0854804315136168,0.137748717358893,0.073072327402735,0.153423443577875,0.0499799400376768,0.314033536124876,0.0217703074464198,0.204373421903887
2044,0.0857953362974144,0.138099561467155,0.0734034021255833,0.153898929479302,0.0500707663861397,0.314351180733856,0.0218770866925272,0.204959733836778
2045,0.0861045424446992,0.138404843446606,0.0738099632360514,0.154402801701382,0.0501608149341478,0.314689628153809,0.0220672260564837,0.205538534114788
2046,0.0864101852090243,0.138747018314331,0.0742049252444893,0.154892122005209,0.0502622889377316,0.315014452578349,0.0221765597551061,0.206124138404256
2047,0.0867568391345156,0.139066310060228,0.0745034374153323,0.155354661036516,0.0504313080880138,0.315293012165874,0.0222705534222918,0.206728137581609
2048,0.0870513800802488,0.139369913717562,0.0748280028353507,0.155812197643859,0.0506008319267094,0.315573115933809,0.0224513248386515,0.207272445170507
2049,0.0872989973551915,0.139718575097553,0.0751805707273952,0.156286384071348,0.0506463461870311,0.3158139331045,0.0226148131408349,0.207802221885703
2050,0.0876161863917783,0.140083409228199,0.0755381919436584,0.15678931438154,0.0507511345185523,0.316058830975964,0.0227827114583911,0.208359963605508
2051,0.0880042850740346,0.140518582437133,0.0758925712716461,0.157353181504342,0.0508709138485781,0.316223869203039,0.0229919218436573,0.208947556201334
2052,0.0883292180097552,0.140849584662801,0.076248655327337,0.157842544878109,0.0510197094580537,0.316493589559342,0.023151947551245,0.209502966336976
2053,0.088650293511188,0.141106078802726,0.0766482529988457,0.158319930399249,0.0511967773011893,0.316833060514567,0.0232748346945468,0.210041998920909
2054,0.0889745681550442,0.141475221462776,0.0769957006355361,0.158801561377568,0.051324502016576,0.317121850844718,0.0234206010211304,0.210599183458563
2055,0.0892386057492257,0.141823314837657,0.0772645859731673,0.159217636369009,0.0514452907666571,0.317439406030199,0.0235425311244179,0.2111627203453
2056,0.0895803487106563,0.142204305952967,0.0776181890360698,0.15968639246137,0.0515896009866181,0.317729095713672,0.0237027186998916,0.211711499766437
2057,0.0900202793888713,0.142726467481779,0.0780153717869787,0.160197013303563,0.0516686913634482,0.317961504088549,0.023913233836169,0.212250661894809
2058,0.0903605083370709,0.143162641258313,0.0783778205448067,0.160697127512227,0.0518168512114919,0.318242593410775,0.0240769964500327,0.212811993415093
2059,0.0906776043912859,0.14352156479964,0.0787647341443539,0.161181370256877,0.0520820693903941,0.318557835862243,0.0242258229884736,0.213375954698204
2060,0.0910074787642187,0.143935793652523,0.0791443502378656,0.161727425869667,0.0522891533588849,0.318830074334133,0.0243884812053847,0.2139337349614
2061,0.0912687005909276,0.144346543315148,0.0794705124023375,0.162310164473889,0.0523551269506632,0.319150462789322,0.0245500190672965,0.21450091738078
2062,0.0915564376733833,0.14473021000462,0.0798771759845941,0.162819978075575,0.0525142194446806,0.319552066019917,0.0246875461369195,0.215060963632042
2063,0.0918889011109627,0.145162714467424,0.0802735675421427,0.163318651908674,0.0526782460616394,0.319892472455547,0.0248479840946554,0.215639473189468
2064,0.0922796682349862,0.145646328177417,0.0807070871013844,0.163808782902624,0.0527888152963029,0.320204249118163,0.025028227627329,0.216203386166303
2065,0.0926624541124612,0.146061222685709,0.0811067361326286,0.164309762520794,0.0529534079669754,0.320592864972853,0.0252321999613988,0.216805668731437
2066,0.093079762645175,0.146454101192682,0.0814902320428501,0.164740222031261,0.0532272619382277,0.321019359373825,0.0254606235218533,0.217471313808087
2067,0.0934483164202863,0.146874811372282,0.0818860752107377,0.165258974294736,0.0534299298800485,0.321393674686448,0.0256504620317756,0.218057825177174
2068,0.0938074770041453,0.147244630091439,0.0822964875999398,0.16586465802321,0.0535854747023921,0.32182555870698,0.0258704441019492,0.218588746462456
2069,0.0941855307531012,0.147677633870263,0.0826845092798818,0.166406134576174,0.0537720232354071,0.322208086696368,0.0260447453484416,0.219170291506821
2070,0.0945334369891595,0.14820404753146,0.0830441848431243,0.166955595012352,0.0540025502986883,0.32246128018553,0.0261230533592765,0.219758752439616
2071,0.0949002331557832,0.148671020855019,0.0834461055067778,0.167501244014217,0.0541568910450516,0.322823431705294,0.0262932584106782,0.220348041381235
2072,0.0953087821700399,0.149148683011507,0.0838564978153415,0.168042249240533,0.0542241754050662,0.323245017413728,0.0265222240723069,0.220979990473752
2073,0.0957148965328969,0.14956423542355,0.0842680702910708,0.168524404078474,0.0544027954134202,0.32368639385686,0.0267041116906513,0.221589830217054
2074,0.0960069986456425,0.149964859023119,0.0846924710844902,0.169048376840764,0.0545748818868496,0.324099015492594,0.0269178980556477,0.222147600215699
2075,0.0963322030686533,0.150387677773645,0.0851050994797227,0.169584862983701,0.0546339189298472,0.324454988243555,0.0271261914372676,0.222655690735609
2076,0.0967354543429896,0.150826725307925,0.0854588485534217,0.170126129012051,0.054771093852243,0.324867114492958,0.0273371999707806,0.223211012089388
2077,0.0970484568670888,0.15127702137551,0.0858097371841364,0.170665890940391,0.0549898001461132,0.325307535511132,0.0275216244675878,0.223796509327517
2078,0.097387503657217,0.151727545326746,0.0862134122572067,0.171178796284228,0.0551735123724694,0.325709284436006,0.0276859539532645,0.224390512239528
2079,0.0977793002750651,0.152191168934783,0.0866818406701956,0.171664718050294,0.0553447497807043,0.326159780519051,0.027831266458503,0.225018543614607
2080,0.098144396517138,0.152650656453402,0.0870630139619922,0.172200669755451,0.0555490424949666,0.326582883111833,0.0280338536171315,0.225641443203687
2081,0.0984572280098218,0.15312455879227,0.0874414444662604,0.172732226647788,0.0558173984726017,0.326884962253216,0.0282360222580855,0.226282405102963
2082,0.0987790280677091,0.153576521194527,0.0878039481877877,0.173272129204606,0.0559877340653587,0.327323072582338,0.0284274306442376,0.226906543594473
2083,0.0991120979515104,0.153997544916596,0.0880439300066439,0.173879634101141,0.0560770164095606,0.327929254533716,0.0286721626538691,0.227552971144282
2084,0.099462168297308,0.154459431577683,0.0884137554866802,0.174430826327212,0.0562719216252168,0.328369516191828,0.0288734378382329,0.22813415718846
2085,0.0997894764515123,0.154933121273538,0.0889147260761359,0.174919035619421,0.0564959544940511,0.3287175960607,0.0289852587846113,0.228633932531729
2086,0.100156271105292,0.155394339799633,0.0893111087780472,0.175451652110472,0.0566698718769693,0.329174478567753,0.0291749618172285,0.229217985537452
2087,0.100647663742966,0.155867040381796,0.0896812828940063,0.176015668861895,0.0568901893241903,0.329646378859244,0.0294372550476421,0.229782674680401
2088,0.1009805257876,0.156375289282655,0.090091010102701,0.176538736244019,0.0571029337791149,0.330032296326894,0.0296844414409164,0.230431843985507
2089,0.101223399698016,0.156813572966086,0.0904733299911506,0.177035985605996,0.057199298437295,0.330534745690784,0.0297859804974349,0.231105105146819
2090,0.101567072392657,0.157211533568862,0.0908324554275665,0.177617125343388,0.0572991375268851,0.331034550784295,0.0299579081229159,0.231636917744264
2091,0.101851028528113,0.157732614856201,0.0912601405766101,0.178191328605993,0.0574992268624968,0.331391309690479,0.0301513037422115,0.232219033948338
2092,0.102102755363363,0.158316272093428,0.0916737811728176,0.178728215389929,0.0577493113788753,0.331839170281896,0.0302387037044894,0.232877403422919
2093,0.102427969212035,0.158802644555002,0.0920403313921145,0.179270754920659,0.0579576683959,0.332343310119988,0.030446034309019,0.233500810956672
2094,0.102808082481927,0.15930812547844,0.0923165749465755,0.179833078417617,0.0582011513160311,0.332972480906763,0.0308091241470629,0.234194971066091
2095,0.103173325445457,0.159790137677104,0.0927016006661674,0.180371880129281,0.0583947793306245,0.333479259667424,0.0310313931734183,0.234834275567456
2096,0.103590869738747,0.16012322068164,0.0931396501782629,0.18090233837368,0.0585116353694223,0.333975387270282,0.0312121104523185,0.235394819930982
2097,0.103956107252561,0.160602017048486,0.0935198956494403,0.181393001139999,0.0587017512999446,0.334440047356082,0.0314169425465035,0.236016102775187
2098,0.104316381888406,0.161248016229708,0.0939177776433159,0.181799643833576,0.0589267803317112,0.334786299361715,0.0315686380775583,0.236669902035476
2099,0.104663814956149,0.161758840455365,0.0943019047547889,0.182326957036229,0.0591387970244597,0.335262617726851,0.0317487717547987,0.237309406961198
2100,0.104926520228232,0.162186143126122,0.0946143244949589,0.182896026028007,0.0593763717102179,0.335841621610278,0.0319231134687126,0.237979347801482
2101,0.105272301283671,0.162715804920148,0.0949914554228552,0.183446415146679,0.0596004686053413,0.336358976502039,0.0321499894487195,0.238612081022676
2102,0.105722692146866,0.163267060663416,0.0954396594177061,0.184054649705534,0.0598165673886914,0.336923459813468,0.0324202567986727,0.23920117807004
2103,0.106039363653697,0.163761718558329,0.0958482711841308,0.184713121585031,0.0600116614294046,0.337380675086965,0.0327162262876376,0.239824642553565
2104,0.106348096807364,0.164347469453922,0.0962333765871548,0.185248418758567,0.0602360597333954,0.337910209150646,0.0329121695500233,0.240482095657424
2105,0.10678823306799,0.164946279566779,0.0966163555140685,0.185724846115834,0.0605037095967131,0.338498076515561,0.033079848999164,0.241152776149626
2106,0.10706327678881,0.165427396186431,0.0969451078533613,0.186297249885748,0.0606672079475514,0.339008361669702,0.0332125572370923,0.241762573915622
2107,0.107350759417812,0.165902172811165,0.0973309207206249,0.186818465152617,0.0608597627274501,0.339554993415737,0.0333042801917118,0.242375472823481
2108,0.107706120870073,0.166401544835102,0.0977211485687658,0.187363361822617,0.0611019175362885,0.340031694605854,0.0334905065010035,0.243007676282675
2109,0.108075117021357,0.166920171234551,0.0981248291723776,0.187945062941122,0.0613485931462214,0.34030482823928,0.0337923640965706,0.243606913541122
2110,0.108462187684633,0.167419019552126,0.0985119729419315,0.18850117173149,0.0615708689738472,0.340825166570079,0.0340155308352691,0.244203360017238
2111,0.108977882823345,0.167888905565517,0.0989223755417204,0.189029169383649,0.0618534917183349,0.341518278914492,0.0342357109593676,0.244851962642588
2112,0.109361110910981,0.168422462210423,0.0993126918711881,0.189571722724736,0.0621114773278215,0.342066228509682,0.0344395970686374,0.245459483688666
2113,0.109658755607903,0.169009782720777,0.099692938884546,0.190133610935477,0.0623102985978645,0.342678330878088,0.034607485690961,0.245982612028424
2114,0.110004892224916,0.169534545798438,0.100066330790584,0.190654427969928,0.062545285578819,0.343229227088476,0.0347976428117689,0.246576475738418
2115,0.110268782418738,0.170053620587704,0.100421588907034,0.191150868996209,0.0628117852612077,0.343591742068682,0.0349777199307929,0.247247346445077
2116,0.110628559271872,0.170587728695546,0.100784017270597,0.191659823740106,0.0630655531538814,0.34410825277086,0.0351861960551979,0.247838640360414
2117,0.111073518022684,0.171070486841561,0.101133215189055,0.192142614491507,0.0632768421939643,0.344762964929289,0.0354101534433273,0.248386553515904
2118,0.111542974346718,0.171588529717634,0.101499971524446,0.192622618027328,0.0635681589446086,0.345299443558484,0.035663555422266,0.248968809744325
2119,0.111937034462018,0.172199657028835,0.101871218012264,0.193176753437644,0.0638745235954065,0.34580348614754,0.0358887395397653,0.24955608293123
2120,0.112225936394532,0.172799447462381,0.102249708689283,0.193812243512631,0.064170568076696,0.346416728846433,0.0361027408606265,0.250163732528338
2121,0.112498227965474,0.173360540721463,0.102617111104771,0.194399218805519,0.0643918102473443,0.346962422639061,0.0362700248458438,0.250907713410044
2122,0.112859976228599,0.173945684987859,0.10300358483742,0.194904441512834,0.0646243046873412,0.347538900078368,0.036368475478968,0.25162323199533
2123,0.113267453946533,0.174435242432606,0.103363755231189,0.195369116762277,0.0648881683993049,0.348146316328475,0.0365406325172837,0.252133152689143
2124,0.113671078329596,0.17489555415459,0.103672515834025,0.19583909587781,0.065131887068755,0.348660510095944,0.0367533477860482,0.252659499665097
2125,0.113997507097706,0.175419531286708,0.104000640673551,0.196351525816832,0.0653855717203356,0.349237623981342,0.0369508327493202,0.253266882216878
2126,0.114211284493025,0.175944896055698,0.104295744693439,0.196947243705697,0.0656804153091253,0.349805333997442,0.0372144231077747,0.253845989538076
2127,0.114533383180595,0.176454191394847,0.10462577814007,0.197438757594441,0.0659423364855381,0.350371419369186,0.0374080073059949,0.254431327725251
2128,0.114872392122806,0.177062828093211,0.105003065985158,0.197872379175938,0.0661706591046441,0.351016341068345,0.0375176073541608,0.255180895323685
2129,0.115210011050683,0.177563867016586,0.105314457136177,0.198359382129434,0.0664348778009848,0.351569793488653,0.0377016829295399,0.255767902403398
2130,0.115650214265171,0.177945887188785,0.105575262651864,0.198842960755173,0.0667349448624731,0.351982982410906,0.0379265502590278,0.256152731068152
2131,0.115978587834652,0.178395658634366,0.105890124013696,0.19929182093383,0.0669906537860663,0.352508728744462,0.0381088501443377,0.256703696052895
2132,0.116219114964675,0.178850118432556,0.106225442408056,0.199775967012,0.0672557604117921,0.353166144636917,0.038317327926131,0.257368574637724
2133,0.11648904264062,0.179275708325697,0.106526996905183,0.200230182110714,0.0674684279043715,0.3536656052089,0.0385005874883523,0.25790591912877
2134,0.11674643412536,0.179688599899797,0.106868229293978,0.200632155840021,0.0676049258435971,0.354134840369637,0.0386585023452997,0.258446841365652
2135,0.116947075745346,0.180143021037036,0.107152806423502,0.200993271604602,0.0677936392292032,0.354541267367581,0.038755146050499,0.258955063965444
2136,0.117257232215032,0.180579750103238,0.107348024868769,0.201445077340881,0.0680276286362864,0.354987921430113,0.0388968582969911,0.259368433902059
2137,0.117542824288188,0.180969430663943,0.107566108282,0.201868083912087,0.0681665830845074,0.355303198567541,0.0390768098230744,0.259731004401011
2138,0.117719754009795,0.181391074854559,0.10791723182801,0.202164806567557,0.0683786852819058,0.355707665515931,0.0392297765158038,0.260144412252298
2139,0.118011783898834,0.181840392823248,0.108258255719097,0.202485364275275,0.0687172064437964,0.356324984278017,0.0393910698746755,0.260618110532516
2140,0.118295976648814,0.182177391077014,0.10851264360647,0.202849083457623,0.0688848539902898,0.356640564801504,0.0395305115090789,0.261125797040255
2141,0.118469596570262,0.182491658637503,0.108712678992646,0.203127665120435,0.0690581504189608,0.356848712042183,0.0396461817644705,0.261573687415914
2142,0.118735043634229,0.182863437177216,0.108916160137697,0.203435856199797,0.0692910861530054,0.357221444050915,0.0397934283033166,0.261973371666161
2143,0.11912325899467,0.183237634349837,0.108986880955895,0.203804998387551,0.0695221932490653,0.357613295178132,0.0399674423687414,0.262339497499908
2144,0.119363355381177,0.183603895458707,0.1091709357287,0.204129569937323,0.0697096709650962,0.357951138698616,0.0400957767255952,0.262735469388528
2145,0.119507574462918,0.184017094281242,0.109478272047701,0.204396273329829,0.0699753222576347,0.358433841527913,0.0401995922506919,0.263075780361727
2146,0.119733919207803,0.184383008876503,0.109668845259276,0.204685898907166,0.0701794792082593,0.358797381788738,0.0403357918251911,0.263419268298926
2147,0.119964514067804,0.1846864257865,0.109782853833609,0.204996165343768,0.0702866223175961,0.35899535458193,0.0404616221756639,0.263820162481978
2148,0.120159372148389,0.185041792231167,0.10994622289812,0.20526971978086,0.0704344238128506,0.359258806499278,0.0405719406763446,0.264161211076266
2149,0.120389954399217,0.185466799256168,0.110083634255387,0.205540054639994,0.0706004870936965,0.359561781626765,0.0407400183563694,0.264407269127033
2150,0.120595999995691,0.185809047316777,0.110255748558696,0.205791699287127,0.0707456034519572,0.359824641506452,0.0408559214204873,0.264739009222995
2151,0.120787856172441,0.18613633253707,0.110458773087013,0.206045935391413,0.0708523867103874,0.360069185630313,0.0409073490524667,0.265163617814692
2152,0.120850555600044,0.186397617263275,0.110693305739648,0.206210855109074,0.0710049338162123,0.360280971279968,0.0409445560931212,0.265436341499979
2153,0.120966965089309,0.186669501767177,0.110949285204696,0.206439768649026,0.0711731650526242,0.360491722104934,0.0410960474068169,0.26577533322518
2154,0.121207146544877,0.187030262131279,0.111100839459727,0.206648898153466,0.0712788716859581,0.360681798879265,0.0412097900441011,0.266129202796192
2155,0.121380749614616,0.187332049156616,0.111287979609607,0.206852227360752,0.0714169166279749,0.3608394414125,0.0413067941859769,0.266377113534396
2156,0.121535815711046,0.187516258959838,0.111458887209596,0.207124172556944,0.0716205866316571,0.361081931032019,0.0414662117790997,0.266662923805296
2157,0.121737246091451,0.187704479916945,0.111476471546746,0.207314536666333,0.0717906951652109,0.36133192537611,0.0415424396606238,0.266887263269129
2158,0.121895165143208,0.187939984953692,0.111563061692551,0.207439710423152,0.0719734127298293,0.361459153553174,0.0416211282348511,0.267077132356349
2159,0.122049969861113,0.188151084929114,0.111678216663172,0.207563585822136,0.0721368972304085,0.361614192310781,0.0417301615648736,0.2673385215903
2160,0.122177686098387,0.188417068036205,0.111780484169758,0.207609910937325,0.072273028485744,0.361744159083198,0.0418783220481822,0.267667226071763
2161,0.122346578338647,0.188655093363876,0.111891634380098,0.207749682034235,0.0724115323215627,0.361888246861859,0.0419686816788469,0.267882397316655
2162,0.122538952628081,0.188818306018654,0.112059443557796,0.207933469381154,0.0725262245955355,0.36200888285226,0.0420398368566625,0.268055566336535
2163,0.122718522181083,0.189019952766922,0.112194872097241,0.208075490404447,0.0726888405003398,0.362164963842781,0.042137956547689,0.268287747216485
2164,0.122935587940578,0.189306084583487,0.112296625794306,0.208244776208615,0.0728742379864696,0.362304695742009,0.0422385897159294,0.268461600631998
2165,0.123067531603938,0.189532510694882,0.112436831435458,0.20840200407665,0.0730724509153794,0.362479951332927,0.0423233221977796,0.268679108832704
2166,0.123109496118554,0.189701432775845,0.112606171399215,0.208518264884093,0.0733441997079603,0.362756655221054,0.0424082040922918,0.269001649275592
2167,0.123228407303707,0.189912696609177,0.112778591100314,0.208656052457224,0.0735334469609121,0.362957356344882,0.0424951069196661,0.269248865258701
2168,0.123344377064549,0.190103589563741,0.112956046470259,0.208825437295669,0.0736778575569224,0.363098006571214,0.0425590632261187,0.269388756442676
2169,0.123487724195236,0.190313083347827,0.113131304795061,0.208977724313227,0.0738192621176473,0.363287547743352,0.0426224485209477,0.269657180520334
2170,0.123735125236869,0.190544494741056,0.113367429435829,0.209146477322907,0.0738679707650484,0.363493380607865,0.0426908349261336,0.269995941355978
2171,0.123862502396407,0.190800142641457,0.113516733230343,0.20922797144852,0.0740120656406088,0.363647942380183,0.0427772308519295,0.270345505570875
2172,0.123956720772817,0.191076700682407,0.113564278284735,0.209356876865891,0.0742711840292924,0.363779500543411,0.0428866212113574,0.270723865063205
2173,0.124130379746233,0.191367596741959,0.113630730435691,0.209558544743383,0.074448582218751,0.363968256461323,0.0430040570068498,0.270949649512441
2174,0.12431983118609,0.191601823911124,0.113709824933783,0.20963086392806,0.0747064502241498,0.364134468167225,0.0430795219368873,0.271041832121397
2175,0.124502105972033,0.191872421493244,0.113861129259234,0.209745492941319,0.0750179168067273,0.364240661582069,0.0432104210187132,0.271239551199483
2176,0.124667340957355,0.192164273421949,0.114072383864985,0.20996967474947,0.0751311476930285,0.364466038642809,0.0433146284535233,0.271522840140045
2177,0.124818354258668,0.192420087934648,0.11417754912402,0.210090787632162,0.0752802960098836,0.364744486697735,0.043382721420221,0.271768364246847
2178,0.124964093053352,0.19268910319498,0.114321264142669,0.210196879562414,0.0754787662751862,0.3649419603837,0.0434919080974092,0.272026977560325
2179,0.125076914631526,0.193005951613496,0.114406272434572,0.210320647196497,0.0756407206929667,0.365088383086352,0.0436691419317289,0.272341634450528
2180,0.125203020223276,0.193270262055408,0.11457557457803,0.2104640325897,0.075832505446651,0.365312374035983,0.0437544855236751,0.272613582789964
2181,0.125315873822936,0.193460417659052,0.114869379986862,0.210534169416703,0.0761558697304758,0.365509898718503,0.0438056935809771,0.272811260921428
2182,0.125481521842708,0.193743970026746,0.115015527431289,0.21064011286668,0.0763788689095399,0.365755393495566,0.0438735695759774,0.273097446649503
2183,0.125688350948823,0.194112187106942,0.115071211615884,0.210852034213811,0.0764884413498174,0.36613388522784,0.0438948686714602,0.273434684395432
2184,0.125841242564375,0.194369445601045,0.115157219063593,0.210996157324134,0.0767164851967472,0.366392181814644,0.0439631258820535,0.273760835494736
2185,0.126045504500935,0.194565927571283,0.115171935588655,0.211050636493081,0.0770009707355043,0.366566748220278,0.0440474339047975,0.274156352892453
2186,0.126172630748486,0.194857340383338,0.115267510554107,0.21116268798983,0.0772240140587123,0.366813048876515,0.0441302785592302,0.274500811661197
2187,0.126152221920947,0.195138168800012,0.115433728434128,0.211319299322393,0.0774941324762621,0.367020504274753,0.0442570243615794,0.274794902219066
2188,0.126262574076545,0.195414977182436,0.115573227365866,0.211407455640251,0.0777341587436704,0.367270753581145,0.0443468471065891,0.275093217794279
2189,0.12646212414356,0.195825338841885,0.115755427555545,0.211426703843059,0.0779298638672759,0.367593793976013,0.0444087893103961,0.275343426656068
2190,0.126566293947585,0.196103894205111,0.115860544229184,0.211577481380497,0.0780873881479557,0.367933165174402,0.0444919776946885,0.275685132207034
2191,0.126673726904632,0.196236129988635,0.11585536162249,0.211609606235365,0.0783157175926629,0.368111900605061,0.044631559203993,0.275953271805082
2192,0.126819708797757,0.196521676979724,0.11599770773608,0.211666371176441,0.0785528318280296,0.368306726842028,0.0446942403040144,0.276302606599585
2193,0.126958088280797,0.196856589743342,0.116146634518363,0.211738672488085,0.0787115416029863,0.368538459243804,0.0447688110954582,0.276694621087842
2194,0.127117326221038,0.197086236674378,0.116187147671569,0.211723151554727,0.0789084616768838,0.368703296393226,0.0448785630192236,0.276898699016459
2195,0.127243017680619,0.197352074990332,0.116313318807588,0.211768398051638,0.0790878562328421,0.36894428540502,0.0448568322454185,0.277160045015458
2196,0.127296691779373,0.197601648425212,0.116476554428058,0.211852973854555,0.0791983148775673,0.369247248227501,0.0448317246530702,0.277526482242914
2197,0.127395613196939,0.197848409933351,0.116583872013265,0.211960024602556,0.0793880145017843,0.36950262262212,0.0448728241568974,0.277815785208259
2198,0.12740603165665,0.198076306512334,0.116628397960159,0.212154500262809,0.0796425146478607,0.36969988717565,0.0449294425513682,0.278112442462941
2199,0.127500192404455,0.19831316118607,0.116735843110644,0.212247611768202,0.0798366874466649,0.369962864407093,0.0449951125959563,0.278350954416011
2200,0.127711442845701,0.198541351589343,0.116892894181937,0.212312992546071,0.0800240111608855,0.370329277152372,0.0451323177359875,0.278521074794372
2201,0.127861214562713,0.198764558833506,0.116961473720595,0.212398666689578,0.0802450286229884,0.370540476656323,0.0452241879281432,0.278725590468194
2202,0.12797628084535,0.198974446018766,0.116979738126973,0.212444115023439,0.0804457470413841,0.370592928587418,0.0452982722321841,0.278857948624051
2203,0.128070581531169,0.199179240840034,0.117076470641252,0.212475079322122,0.0806375247496502,0.370864636316409,0.0453642668614999,0.279125392723667
2204,0.128120667657708,0.199427280903156,0.117152482700882,0.212469556836971,0.0808790462945392,0.371184131904216,0.0454191106857087,0.279504185853639
2205,0.128234032940492,0.199639697910153,0.117223517967572,0.212553282885368,0.0810746177437861,0.371446975969193,0.0454601945148312,0.279782536380633
2206,0.128388843246584,0.199744724689124,0.11737280393346,0.212698885650903,0.081214459492256,0.371895059421218,0.0454661588386746,0.28010777681013
2207,0.128502799890419,0.199949532273838,0.117477431793825,0.212797959971636,0.0813935607046932,0.372223676914205,0.045527380679532,0.280407454829149
2208,0.128628117533436,0.200244021386889,0.117460295321418,0.212897847426532,0.0815655417505409,0.372292421313233,0.0456221446624554,0.280613842673102
2209,0.128772791099896,0.200445832096153,0.117594538411842,0.21305058568287,0.0817501804094518,0.372566616250402,0.0456938189103019,0.280861240029211
2210,0.12890758187598,0.200572793725594,0.117886544591062,0.213188583961446,0.0819463456826771,0.372983577401975,0.0458172615701282,0.281171356365655
2211,0.128990437282988,0.200884675768381,0.118049572000021,0.213303383595127,0.0821673944704159,0.373350076921269,0.0458433608676125,0.281417458560667
2212,0.129117429156284,0.201130198686717,0.118149981748028,0.213587081419321,0.0823304175697025,0.373718356618411,0.0458420133495547,0.281599348535722
2213,0.12929800823197,0.201259343662938,0.118270707002723,0.213887921154636,0.0825262701221506,0.374157804715572,0.0459399349058723,0.281840026825166
2214,0.129427504609797,0.201458645909736,0.118352335425006,0.213984208878231,0.0827321804109225,0.37448195241123,0.0460648916093377,0.282147690265226
2215,0.129509926537939,0.201606913633682,0.11843865824453,0.214107895652902,0.0828883395959091,0.374728815387212,0.0461244160579452,0.282354353571288
2216,0.129661729100637,0.201652727142327,0.118660363489825,0.214318809934405,0.0829997012093749,0.374960460817498,0.0460998004070785,0.282521292016115
2217,0.129830975790731,0.201798589035471,0.118863869937977,0.21450106535172,0.0831554443232374,0.375213423243378,0.046005865201355,0.282775166797149
2218,0.129950921593979,0.2019152617907,0.118998551272174,0.214598444222413,0.0832478066445716,0.375390406905458,0.0460231792852309,0.28293904258213
2219,0.130069076342563,0.202075647539058,0.119043443942865,0.214683399498635,0.0832247161770206,0.375500204732855,0.0460193162794145,0.283070765720015
2220,0.130140259112955,0.20210323897876,0.11919645939629,0.214814291441502,0.0832982538814551,0.375637920736453,0.0460742157958735,0.283082291407013
2221,0.130118309751793,0.20205681005363,0.119430864457265,0.214888539575703,0.0834434045755226,0.375765350383185,0.0462753079248028,0.282990438049247
2222,0.130207984921761,0.202050256850868,0.119469314122018,0.214938310495177,0.0834936141803804,0.375808845458829,0.0463427729302933,0.282975343815538
2223,0.130375386851481,0.202045989198645,0.119395002293807,0.215122056443546,0.0835193708483161,0.375917602230343,0.0463513234097536,0.282936461510932
2224,0.130429270123358,0.201964081899927,0.119472528846132,0.215122848127467,0.0835977856893829,0.375831341861958,0.0463455939408809,0.282833116349904
2225,0.130517294423436,0.201856518692023,0.119529624385098,0.214858695552442,0.0836797022452673,0.375599469396063,0.0462751441779365,0.282779859065732
2226,0.130519794052113,0.201697601885234,0.119545355801629,0.214790086388477,0.0836614701779767,0.375303909565021,0.0462563363020136,0.282587360230486
2227,0.130336932409325,0.201411071851162,0.119704493941905,0.214817269105276,0.083648921373622,0.374830087993668,0.0462498903705595,0.282245387298284
2228,0.13027334532341,0.201187955270852,0.119739244558024,0.21476083571602,0.0835948085087161,0.374405722453789,0.0462193315795165,0.28190286856269
2229,0.130297395887117,0.201075932181965,0.119551494205066,0.214754253091836,0.0834070618526273,0.374007307949285,0.0462100009656384,0.281545083599346
2230,0.13022493502863,0.200789143556248,0.119483555774876,0.214662060596678,0.0832845580486381,0.373459715680048,0.046179412410023,0.281127319987624
2231,0.13015442406291,0.200440337918291,0.11958421964033,0.21447131109059,0.0832515805171699,0.37283647962335,0.0461369222040555,0.280581854356304
2232,0.130056822627967,0.200005530109041,0.119494727246273,0.214281527544343,0.0831113003855628,0.372177483607417,0.0460456503576,0.280079688177602
2233,0.129875733154772,0.199374247450169,0.119241077648937,0.21408585266334,0.0828537966439651,0.371355386900141,0.045907413724422,0.279676070658111
2234,0.129682465159385,0.198820733498772,0.119088999613226,0.213849042063188,0.0826667147465662,0.37056859635745,0.0458162898844574,0.279078258645159
2235,0.129479188764374,0.198315085878486,0.11893139546449,0.213611221278852,0.0825038314720109,0.369859957333176,0.04577727580261,0.278365252968517
2236,0.129247420261839,0.197692488500434,0.118714680908192,0.213245147994553,0.0823085566357085,0.369050008041084,0.0455648449394998,0.277641930835695
2237,0.129000746354236,0.196975996919756,0.118533849790739,0.212859967324106,0.0820433900354125,0.368030474478417,0.0454353838190206,0.276864074644687
2238,0.128864544185258,0.196269056495971,0.118383812758181,0.212482676045281,0.0817260280937914,0.366846587578419,0.0453745417088011,0.276018668557286
2239,0.128670270564506,0.195594418347887,0.118067552307028,0.212033491810047,0.0813572507410012,0.365613520360525,0.0451974943702693,0.275226210668686
2240,0.128322335487511,0.194814679256093,0.117636911325508,0.211643495864703,0.0809790513099679,0.364333711984003,0.0450881786409008,0.274303279960796
2241,0.128004775313025,0.193959093932859,0.117278270449393,0.211175460215347,0.0805586261031571,0.363003390770695,0.0450409091808372,0.273199019273854
2242,0.127705794424125,0.193138582828895,0.117039515592974,0.210562936438705,0.0801826825086245,0.361665468642686,0.04492377244026,0.272143187493465
2243,0.127340268487722,0.192280980538221,0.116732963436479,0.210016028701016,0.0797905233652188,0.360230161899818,0.0447628180041146,0.271031319414362
2244,0.127004892216067,0.191306468734795,0.116450921806381,0.209411417152527,0.0793725177187652,0.358626017545799,0.0445689910883372,0.26988857130631
2245,0.12660842956089,0.190357811920748,0.116122325552001,0.208834430277486,0.0788605392518461,0.357102132600538,0.0443876376669626,0.268696644359345
2246,0.12605701800158,0.189494209901439,0.11575476366099,0.208322616480737,0.078309543627074,0.355661732328731,0.0441234118111585,0.267465910970684
2247,0.125620812512163,0.188501135951723,0.115380973126059,0.207746111427437,0.0778125777343069,0.353997601471512,0.0439596917873145,0.26617391262847
2248,0.125263519250531,0.187320935234184,0.115018842228613,0.207110456901612,0.0772159294631743,0.352208445996153,0.0439187150193738,0.264801180336834
2249,0.124840130644046,0.186306044086001,0.114631211991018,0.206475164926006,0.0766999281578796,0.350434361206454,0.0437385941858825,0.263485474185842
2250,0.124440765512967,0.185415589312356,0.11415266402802,0.205826329382501,0.0763321279836726,0.348487960963644,0.0434997752939403,0.262140602551766
2251,0.123991611056472,0.184343231404784,0.113755217267366,0.205171335730878,0.0758602997452165,0.346637463737533,0.0432757915248098,0.260781432854302
2252,0.123416495662128,0.183147902722554,0.113429307244363,0.204480426745262,0.0753162772537858,0.344828821787806,0.0429756774125304,0.259494109960286
2253,0.122967347161074,0.182125001080196,0.113029693728339,0.203836303066559,0.0747909601886779,0.343035568884343,0.042738211199222,0.258089383069016
2254,0.122582458762053,0.181071828934568,0.112647832521726,0.203199376099549,0.0742791155009243,0.341258244595607,0.042576618608212,0.25652727393162
2255,0.122160932595029,0.180037679239201,0.112241402247361,0.202560251395282,0.0737151795396715,0.339450275388659,0.0423550017760306,0.255099220165974
2256,0.12184743971058,0.179201415106253,0.111721021822707,0.201955711935024,0.0730927067396443,0.337522071221683,0.0420781576047207,0.253621371954137
2257,0.121414377320495,0.178276618280786,0.111278509201428,0.201346858135664,0.0725198362821031,0.335844126542446,0.0418496075642712,0.252242510098315
2258,0.120798336511248,0.177123750787248,0.110901544235368,0.200673354484118,0.0718595212347941,0.33418393490768,0.0416465804669323,0.250950676558525
2259,0.120337341955716,0.176202887534088,0.110506091362482,0.200104558852089,0.0713405558145372,0.332717304788436,0.0414179268810752,0.2497476282845
2260,0.119908551675732,0.175460561826294,0.110142679617705,0.199591803735155,0.0709435364093735,0.331515776048049,0.0412026812715966,0.24860523162522
2261,0.119496605341407,0.174686738980689,0.109733771874435,0.199104495675132,0.0705668760716599,0.330401873885874,0.0409540948716194,0.24756188091792
2262,0.119212156494069,0.173891137405978,0.109338429378681,0.198673140240792,0.070079077917516,0.329353841715919,0.0407897508886853,0.246570840941654
2263,0.11889553451906,0.173196425623874,0.108945176417053,0.198250048031305,0.0696757319245483,0.328296594978582,0.0406989843279433,0.245550076201711
2264,0.11848259059633,0.17251007456407,0.108526293573122,0.197836653088609,0.0692706427056691,0.327265197311861,0.0406028388907545,0.244792029655991
2265,0.118071041602473,0.171878083483432,0.108087616258243,0.197432426942625,0.0687174655531818,0.326514777450892,0.0404197144037198,0.244130160995719
2266,0.117638315421285,0.171453581703439,0.107675592833433,0.197096754813076,0.0681984140393113,0.325793578997378,0.0402258182988698,0.243402930784013
2267,0.117215601027945,0.170980409031,0.107342624782625,0.196830174994848,0.0678050420212459,0.325076214533548,0.0400312152254795,0.242869938172385
2268,0.116840613395396,0.170377552074883,0.106996223506303,0.196444630178558,0.0673863297229505,0.324508414411489,0.0398014458708229,0.242353092313458
2269,0.116470089487358,0.169632231379083,0.106711313881938,0.195998501181797,0.0668882935602404,0.324084659410458,0.0395668680566306,0.241834793450083
2270,0.116192473797039,0.169096967651933,0.106391996921779,0.195619717157258,0.0665510357600023,0.323625615483804,0.0394185964501419,0.241250466234587
2271,0.116068543031583,0.168534803070644,0.1060457754642,0.195203441541114,0.0663609685162993,0.323283482168704,0.0392951952419631,0.240754877493016
2272,0.11571301412869,0.168075486800929,0.105711635572608,0.194844314623708,0.0660524302539841,0.322862925539041,0.0390716657009005,0.240275715796782
2273,0.115276501266718,0.167839750198044,0.10538771060107,0.194569607366793,0.0657467619589839,0.322412273705473,0.0388366509097976,0.239650982025685
2274,0.114937584726365,0.167434416533104,0.105102887936993,0.19426732244881,0.0654795818708748,0.321985057638383,0.0387025566234176,0.239186079541848
2275,0.114466740689223,0.166967676508539,0.104867675302559,0.193922337343865,0.0651825993540451,0.321529244132543,0.0384952001888378,0.238934431769979
2276,0.11415333511623,0.166516044640073,0.104536794937154,0.193620810999045,0.0649487745679273,0.321154413509803,0.0383501034561235,0.238578024189118
2277,0.114062812787579,0.165984664664052,0.104155180278503,0.193394258073179,0.0647702625323259,0.320855166994831,0.038477530701204,0.238178076722894
2278,0.113792301186782,0.165573904557301,0.103851460909836,0.193117202359139,0.0645888590200784,0.32048827205052,0.0383355817064861,0.237782095370312
2279,0.113391589770177,0.165187185853003,0.10351917225407,0.192851640164384,0.0645158825651318,0.320111497218603,0.0379278054908721,0.237476779534745
2280,0.113134534631772,0.164870849681116,0.103205781844544,0.192521520248579,0.0642697347054049,0.319781419825435,0.0377058849608663,0.23702404546781
2281,0.112988417073452,0.164798090512962,0.102972858100427,0.192136342264583,0.0638593833511204,0.319501737184037,0.0375100367570191,0.236391964999075
2282,0.11270823462755,0.164468605966893,0.102727684624858,0.191780002142345,0.0636531263952456,0.319111534080147,0.0372980750164019,0.235931257519246
2283,0.112429492416925,0.163976050952697,0.102510324917147,0.191390881715133,0.06344511441166,0.318659361269571,0.0371024253126804,0.235555313394299
2284,0.11214384147236,0.163577972941524,0.102183527243537,0.191008041927689,0.0632197115781314,0.318283609902945,0.0370199443274956,0.235049056478231
2285,0.111659838877924,0.163063516964381,0.101745901927636,0.190579714502531,0.0632215824809163,0.317908197329748,0.0370537753736654,0.234557442607883
2286,0.111347448599293,0.162628805933414,0.101445389246466,0.190230174544912,0.0630690407814776,0.317448853495224,0.036901456619372,0.234058268667841
2287,0.111283614592764,0.162358418608509,0.101127935303244,0.189995091760982,0.0626652295090034,0.317038901747451,0.0367772647517454,0.233371631052576
2288,0.111000051488278,0.162010541214491,0.100824632118221,0.189663606534904,0.0624256740117667,0.316589046781697,0.0366106582641821,0.232814740911462
2289,0.110608503002988,0.161683273194728,0.100797119419164,0.18941357682837,0.0622869360665793,0.315982190341313,0.0361491001475778,0.232473616016185
2290,0.11029867008657,0.161220336960613,0.100517146763327,0.189015706068226,0.0620911184789471,0.315411417062054,0.0359112683947636,0.231965957614421
2291,0.109846272493496,0.160637743830205,0.0998727709669266,0.188303483042447,0.0619820134657297,0.314915242443177,0.0359187299928399,0.23137574160263
2292,0.109517604154974,0.160092471895089,0.0994816353984571,0.187806212158677,0.0618029141217036,0.314372066057632,0.0357748937849888,0.23080292564224
2293,0.109438215347611,0.159456437195437,0.0991751654773614,0.187347793178174,0.0615910241652329,0.313798612723648,0.0356139715613255,0.230179813589477
2294,0.109173161542486,0.158813147222648,0.0988410480670743,0.186999182569953,0.0612263562054066,0.313168478686701,0.0354670767967594,0.229507165985467
2295,0.108715492609632,0.158331246164441,0.09844603823766,0.186673249798671,0.0610434160198949,0.312567908956242,0.0352123970483825,0.228914282999461
2296,0.108495300287314,0.157786666035371,0.0981311535564974,0.186190606273748,0.0608803967216998,0.311849666292699,0.0348984428035856,0.22818425325855
2297,0.108169921824325,0.157214346918716,0.0977376917439166,0.185598138515662,0.0605439766915546,0.310904393107948,0.0347551776269308,0.22737759079696
2298,0.107779675402437,0.156669769901412,0.0973812476941219,0.185109504117468,0.060268659360218,0.310115669199171,0.034640034543803,0.226640554926613
2299,0.10741704288025,0.156026610369754,0.0970609942887446,0.184612670814701,0.0599567576195263,0.30933712195883,0.0344582050797223,0.225836282625949
2300,0.1071067958621,0.155253885374982,0.0970017621921506,0.184229736985783,0.0594928809399604,0.308533370580203,0.0343163097837036,0.224945057425026
2301,0.106741814569042,0.154679668538913,0.0965964873296566,0.183653015565085,0.0591416235384642,0.307732318102738,0.0340960883725628,0.224242188273773
2302,0.106291420890267,0.154180907710698,0.0958816622436795,0.182891134496467,0.0588920524778628,0.306999344569634,0.0337330828461311,0.223616244902163
2303,0.105964483957637,0.153565954380342,0.0955067471715184,0.182407901709254,0.0586007866312675,0.306242598765013,0.0335622635174657,0.222902451544962
2304,0.105761997077274,0.152984096537444,0.0952187645890484,0.181993678900126,0.0582756932019849,0.305345395171799,0.0334892549040849,0.2222129273602
2305,0.10538611790815,0.152437979169179,0.0948618537751235,0.181527517083874,0.0579790429917151,0.304770575194285,0.0333075173040749,0.22163909699513
2306,0.104956116229427,0.151720788323502,0.0946214808561097,0.181230355508602,0.0577170438836527,0.304412591658113,0.0331402264894901,0.22101708444648
2307,0.104547494715544,0.151258102967297,0.0943442658271821,0.180799314995307,0.0574577861827683,0.303949508420949,0.0330277203877703,0.220515400207946
2308,0.103959091321727,0.151062457953712,0.0939461292361578,0.180159938608554,0.0571912825921638,0.303575544756806,0.0329141972097206,0.22022240497756
2309,0.103645110198728,0.150723987609806,0.0936472541997607,0.179720286522107,0.0569146800815988,0.303256565138953,0.0327276034843246,0.219862984757119
2310,0.103528058325383,0.150331363297068,0.0935642867426183,0.179415281796098,0.0566404534808183,0.302825479623665,0.0325609082912379,0.219409235502436
2311,0.103332256319833,0.150114354061628,0.0932242580067197,0.179067868852125,0.0564275431188474,0.302680133804858,0.0324049412944374,0.21916652666071
2312,0.103207515128912,0.150012935682387,0.0926159376724901,0.178730177949489,0.0562078062303158,0.302908351282262,0.0320991123152052,0.21912883258008
2313,0.103086281658555,0.149800084872268,0.0923152389350692,0.178421190269139,0.056029119331846,0.302832309271265,0.0319612192392121,0.218983593984498
2314,0.103062048623981,0.149713181513583,0.0920752734754308,0.178221555417118,0.0559408935890809,0.302661896777026,0.0320908944688759,0.21896582446557
2315,0.102818282662061,0.14951269211351,0.0918250407333744,0.177862376636162,0.0558230217450087,0.302673173945127,0.0319639517333008,0.218780734095178
2316,0.102467082007023,0.149123028725383,0.0918438524956697,0.177410326456345,0.0557238435042781,0.302678539313427,0.031638228722553,0.218327608475703
2317,0.102190989107792,0.148842466414108,0.0916306161372253,0.177025235815618,0.0555824393128147,0.302657773848623,0.0315045511677911,0.218190691949785
2318,0.101687230955548,0.148594698489416,0.0911778987009494,0.176481778526199,0.0554293265377238,0.302874352896328,0.0313804848925646,0.218276511949291
2319,0.101400940242789,0.148364721336751,0.0908844678355363,0.176119699025286,0.0552704859855736,0.302885152132279,0.0312587549584708,0.21812607682775
2320,0.101396111481653,0.148210600138864,0.0906764427822276,0.176044874511582,0.0550386947315802,0.302582548236787,0.0313267356657867,0.218049298934844
2321,0.10121515317949,0.147951985785673,0.0903480849333238,0.175717730132537,0.054896594628347,0.302500402837655,0.031243828959084,0.217889403463032
2322,0.101002357142217,0.147677344755576,0.0899386509768911,0.175266609943334,0.054870517743936,0.302674639412242,0.0309534858249345,0.217473647881093
2323,0.100788311284635,0.147378990292268,0.089643533400851,0.174925471463491,0.0547155564834069,0.302520814992254,0.0308005954146527,0.217146884492779
2324,0.10047798406403,0.146901369190441,0.0893450669744759,0.174517965604667,0.0545191421736782,0.302176711290707,0.03078160643958,0.216948134151054
2325,0.100243414175606,0.146585544079355,0.0890342283692737,0.174108411731612,0.0543272965479373,0.301962604921313,0.0306288577986697,0.216654173012906
2326,0.100126191303718,0.146462948614357,0.0888344859514377,0.173839160764779,0.0539703991930259,0.301606561088219,0.0303876270027521,0.216217108869844
2327,0.0998749282436508,0.146163408094071,0.0885783330753712,0.173462715780961,0.0537998024734327,0.301257376867575,0.0302360044300326,0.215835943037157
2328,0.0995558104506698,0.14586487144349,0.0882737462296221,0.172859742612316,0.0538989670997856,0.301060918759341,0.0300434555382604,0.215543668021174
2329,0.099250716300888,0.145516780083254,0.0879306987279029,0.172437774450482,0.0537274313537464,0.300797364515656,0.0298588812144413,0.21512205418998
2330,0.0987687388926403,0.144893622091773,0.087521672895058,0.172219121998553,0.053395543541392,0.300337045793335,0.0298339106700679,0.214558331322688
2331,0.0984715008641672,0.144473643623404,0.0871710000608901,0.171836010591916,0.0532161272704917,0.299992445577166,0.0296944814295924,0.214120536277749
2332,0.0984442474390375,0.144327862804121,0.086777487339805,0.171421077830556,0.0529644586664759,0.299834808401234,0.029389341231892,0.213623201437198
2333,0.0982093837445599,0.143937733671017,0.0864351572086696,0.171010991077866,0.0527279284919329,0.299535443826343,0.0291666166593688,0.213193386889741
2334,0.0979490348681222,0.143436410183884,0.0861626245340467,0.170494359346737,0.0527516565546038,0.299105028889409,0.0289419692866867,0.212896888660616
2335,0.0976414287514085,0.143005422218918,0.085973412061843,0.169941233963647,0.0525155794791598,0.298760113139721,0.0287512762256822,0.212668833629395
2336,0.0972719164421381,0.142515909209111,0.0857951864612312,0.169532470973499,0.0523053148020484,0.298582509118649,0.0285851840566707,0.212302770728985
2337,0.0968361378111027,0.141994723964383,0.085307869260956,0.169166654150984,0.0522470912784628,0.298391414741711,0.0283812539255903,0.211810248395816
2338,0.0965457860201712,0.141566588222573,0.0847626883222492,0.1686436376404,0.0520572843075542,0.297934483445184,0.0281882400920656,0.211308152296384
2339,0.0963319737734807,0.141220046792779,0.0845534648977332,0.168092471658869,0.0518244955475768,0.297463922053307,0.0281222587692467,0.210848907691432
2340,0.096025220369838,0.140658891949736,0.0842392336042348,0.167647042370718,0.0515939147422338,0.297035987422648,0.0280050371485374,0.210269870809956
2341,0.0956727593863143,0.139806759994914,0.0839739208367981,0.167205887568975,0.0511598142161444,0.296350536523779,0.0279681930611744,0.209598575140357
2342,0.0953254238794549,0.139383391610636,0.0836161524899123,0.166732171264215,0.0509877707746407,0.29579827172972,0.0278002135862141,0.209125482412431
2343,0.0949220260097628,0.13912757038824,0.0832100695522397,0.166347622683921,0.0510339113635369,0.295454104240817,0.0275392052763198,0.208677833060759
2344,0.0946435050031711,0.138679129566853,0.0829168072521929,0.165880266342873,0.0508943328057543,0.295028961266087,0.0273681061870747,0.20814028131684
2345,0.094405004379156,0.138359446134267,0.0826216619538359,0.165273321564122,0.0507034862722019,0.294409455009024,0.0271850942574287,0.207742596106415
2346,0.094169764438154,0.137983499665736,0.0823724649547123,0.164812708382294,0.0506153255590407,0.293979694941386,0.0270256067786221,0.207209852633793
2347,0.094043068770726,0.137356943691705,0.0823085860654023,0.164455622618532,0.0505625296396937,0.293766223437271,0.0269016743366592,0.20641827116874
2348,0.0938225616942087,0.137022553188314,0.0819917715912194,0.164027108216078,0.0503838739340842,0.29342534693482,0.0268081348735398,0.205899596244863
2349,0.093474516181626,0.137003822878534,0.0814622123686297,0.163533653935661,0.0501918718075134,0.292924987874394,0.026716415589933,0.205531430884133
2350,0.0933558139443939,0.136694189720387,0.0811689070749235,0.163212555418249,0.0500966139255967,0.29274522411695,0.0266481930037793,0.20512072096539
2351,0.093439144853225,0.136247706590938,0.0809076617956084,0.163046718840442,0.0498966919206007,0.292784048627744,0.0266721150796504,0.204744223921313
2352,0.0932259087317917,0.135952288206917,0.0806222668428056,0.162653835794858,0.04980182342635,0.292689590890573,0.0266011498389561,0.204415234751117
2353,0.093004431224781,0.13564222684689,0.080487194372445,0.162216826870695,0.049978365157427,0.292760336512439,0.0264882624111402,0.204148030025347
2354,0.0927366785226684,0.135353108143055,0.0802334596787254,0.161894123606467,0.0498692516254878,0.292648460925765,0.0263639185779312,0.203849855095124
2355,0.0921884363264614,0.135177327860491,0.0797996076821326,0.161447311826593,0.0495216458940875,0.292331428483016,0.0261963711555198,0.203544489298636
2356,0.0918487409923914,0.134948575162042,0.0795383884581906,0.161083720760803,0.0493915462788328,0.292183324255726,0.0260526425006669,0.203325529197926
2357,0.0916335992750129,0.134631256389171,0.0794226477927257,0.160982304603239,0.0492934124182658,0.292132786512754,0.0259428937932507,0.203277622964752
2358,0.0914321673899984,0.134414435168744,0.0791687037625938,0.160660102398373,0.0491741843422758,0.291940523437231,0.0257397323523964,0.202892065615728
2359,0.0912555912146546,0.134350510325319,0.0788305251537124,0.160061188505297,0.0490954190571475,0.291716574304423,0.0254333954385129,0.202330310135525
2360,0.0910733270898405,0.134093732789855,0.0786396288248046,0.159741360896646,0.0490986904837903,0.29149840225803,0.0252611794352049,0.201950057397852
2361,0.0910460521559396,0.133768220607344,0.0785274502254043,0.159655488730072,0.0492445718209236,0.2911746585706,0.0250805476926951,0.201349727896293
2362,0.0908178352072645,0.133436656317387,0.0782793233955308,0.159292200856991,0.0490926189761467,0.290921824336689,0.0249277132553736,0.200960444722585
2363,0.0903964911709572,0.132995266744323,0.0781091114361964,0.158847328722062,0.048820599072135,0.290768629498008,0.0249438981763309,0.201034802195964
2364,0.0901257100276378,0.132584873003633,0.077832402984885,0.158497115791059,0.0486869699064196,0.290510091310232,0.024820150216166,0.200649929035632
2365,0.089813407627017,0.132165990944847,0.0772036077907563,0.158020382662399,0.0483317504848289,0.290271668541811,0.0244939983576414,0.19988665603249
2366,0.0895797053804245,0.131781838249343,0.0769626259608229,0.157576580973248,0.0481383615732781,0.289858395696614,0.0244110904587978,0.199448005903429
2367,0.0895793347714523,0.131383200959884,0.0771254729120896,0.157334448381154,0.0483224999041351,0.289225226037425,0.02455240052213,0.199077616589159
2368,0.0893162992293455,0.131002047104584,0.076865309383438,0.156918902667238,0.0481878913336626,0.288772348927678,0.0244290050087316,0.198565441613645
2369,0.0888771199512074,0.130705456539549,0.0765247534002849,0.156223345782483,0.0477262265969893,0.288215273050017,0.024308013870796,0.198178631145666
2370,0.088545010774729,0.130331005266973,0.0762070749376743,0.155757740114061,0.047541746601627,0.287821364259343,0.0241413852407791,0.197691096863994
2371,0.0880480041940574,0.129843067850491,0.0755363002497009,0.155394285161287,0.0474477202768576,0.287706656501116,0.0235952111715074,0.196906364119141
2372,0.0877530030717391,0.129486287030126,0.0751207419690513,0.155028130336026,0.0473098287299153,0.287413459126784,0.0234147166214776,0.19631842334776
2373,0.0877635322898391,0.129195001891885,0.0749952840067324,0.154849853115354,0.0473537325778847,0.287095273511703,0.0236567914135541,0.195866752486119
2374,0.0875139160985588,0.128870837744084,0.074724349523203,0.1544654954993,0.0472212073005535,0.286738662149583,0.0235249315758493,0.195412798850875
2375,0.0870662643967636,0.128672602417389,0.0743235765147603,0.153862233101218,0.0468716575899009,0.286331097664108,0.0231939449416004,0.195023966134647
2376,0.086865797742979,0.128332048079757,0.0740891880239695,0.153474387218437,0.0466624708832341,0.285874249248904,0.0231036663973646,0.194562737605625
2377,0.0868033803491483,0.127843463865811,0.0740032749220622,0.153204966545388,0.0464623019523828,0.285370004973666,0.0229577965983659,0.194086498002457
2378,0.08652434270175,0.127427807439972,0.073801688299719,0.152757602407172,0.0462946056569537,0.284848401401449,0.0228176744145343,0.193656253738184
2379,0.0863243221371031,0.126970147047067,0.0737546146278035,0.152316869491676,0.0462227850969403,0.284171323249028,0.0229621832655198,0.193270008220415
2380,0.0860657540482887,0.126553256358832,0.0734662998859212,0.151908015280946,0.0461016350792225,0.283657481221891,0.0229521811896976,0.192746208744484
2381,0.0854463053538659,0.126229692239576,0.0727742621052158,0.151294395346556,0.0459040433622847,0.283269396801705,0.0226544076081936,0.192186453062702
2382,0.0850544072748986,0.12582350781829,0.0724125618441145,0.150806729735288,0.0458232942217198,0.282802114823867,0.0225538857778912,0.191635085308673
2383,0.0849076494115577,0.125326966800277,0.0721859134873228,0.150568917411438,0.0459723002538675,0.282411624830124,0.0226365713286413,0.190883020416781
2384,0.0846628949923683,0.124922136240986,0.0718532030921482,0.150176750956207,0.0458166984163698,0.281955216520121,0.0226268540146516,0.190276578390391
2385,0.0844561563355485,0.124616533649914,0.0717165890813459,0.149748413268957,0.0453875614598882,0.281361343859377,0.0227285522973794,0.189880407072478
2386,0.0841487474049324,0.124162882489679,0.0714300276790172,0.149210303201364,0.0452473503791337,0.28085121442604,0.0226306830742284,0.189335656005066
2387,0.0836601171970846,0.123550021180377,0.0707650869930097,0.148450513607661,0.0452479891164532,0.280393696256699,0.0222994954820362,0.188689984577696
2388,0.083367538725008,0.123164016689341,0.0704209537962592,0.147883079518569,0.0449367071220671,0.279913782139612,0.0220925136616453,0.188130374482653
2389,0.0830813122597403,0.122922326675445,0.0704466660511528,0.147271104180745,0.0444905072641185,0.279488079462585,0.0217621910206574,0.18765676762336
2390,0.082880741870509,0.122474004675957,0.0701419594299895,0.14677789218383,0.0443401737073994,0.278990586088582,0.0215588187930473,0.187008266591274
2391,0.0830152996775445,0.122149926990793,0.0696127826796876,0.146591907741437,0.0441310334012749,0.278450336402818,0.021589782455122,0.186261354393586
2392,0.082911039037083,0.121714431485992,0.069377135457781,0.146241085261012,0.0438080543781383,0.277889926860214,0.0214904703136688,0.185599665098339
2393,0.0826112907517586,0.12086903485169,0.0692344260108399,0.145885511373906,0.0438198055769213,0.277256854196186,0.0212415616848947,0.184755034819662
2394,0.0824305921950944,0.120240878152027,0.0688884020832141,0.145437596858162,0.04370140391429,0.276648940634928,0.0211783577878565,0.184066878791035
2395,0.0824101832412814,0.119791385538794,0.0687468958869257,0.144822339506736,0.0430871605772107,0.276132905036808,0.0213877352102898,0.183718598920148
2396,0.0820627870927149,0.119302901804171,0.0684821324632226,0.144288250010179,0.0427719497370853,0.27545093373688,0.0212555634199288,0.1831262426713
2397,0.0814568434838259,0.11896252970835,0.0677084049202631,0.143745864132091,0.0428615305217545,0.274623697264122,0.0208381777137023,0.182336858764329
2398,0.0810534348456276,0.118430019194708,0.0672333890366032,0.143194333441238,0.0427311466670474,0.27386911667222,0.0207590056448596,0.181688205488117
2399,0.0803593336601348,0.117593651402404,0.0670205085901706,0.142667134486735,0.0425509957289529,0.273019551401521,0.0207568462644994,0.181107836589181
2400,0.0798966085100275,0.117054946477322,0.0667723831045348,0.142152664766973,0.0423342926112971,0.272187097627063,0.0205432882019464,0.180375561223598
2401,0.0799487966026313,0.116717924971361,0.0666824860226946,0.141594792283136,0.0419006366530487,0.271448996743038,0.0204458840420267,0.179555757385817
2402,0.0797447924082753,0.116169708071961,0.0664413400653213,0.141089228036331,0.0416415087071557,0.270671522413942,0.0204380729987448,0.178871297899393
2403,0.079398506379288,0.115668637355273,0.0661784894760896,0.140714632583042,0.0415670250652484,0.269860898360966,0.0202022854938724,0.178124039395866
2404,0.0791019798389892,0.115203690270614,0.0658314321709619,0.140228417805965,0.0413394027054115,0.269012321679205,0.0199821579962522,0.177364368547935
2405,0.0787383646234408,0.114528488417813,0.065225800464129,0.139713635944673,0.0411540533766454,0.268181592662292,0.0201051420910952,0.176926093910948
2406,0.078361994643711,0.113908211610842,0.0647848501869178,0.139157886925475,0.0409041876320173,0.267271389631967,0.0200379908937497,0.176209511117817
2407,0.0780201421315754,0.113691355143333,0.0643338288407081,0.138509429793059,0.0403136820746367,0.2661369371151,0.019488509850983,0.174984502800047
2408,0.0776765302671182,0.113088810998489,0.0639861644980216,0.137852202908216,0.0400041102191768,0.265203789504698,0.0192943461428627,0.174145152483864
2409,0.0772041295007645,0.111760165433885,0.0639260850102168,0.137099095078301,0.0399260866495205,0.264443453751976,0.0194839331074058,0.1735211303862
2410,0.0768831931231217,0.111037590499486,0.0636698178055736,0.13644006881824,0.0397718621243915,0.263559635460981,0.0194160202771792,0.172762767198561
2411,0.0768861759645406,0.110813300299331,0.0634107406073933,0.135757393355752,0.0397122163188021,0.262695223225114,0.0194338383723929,0.172346417320253
2412,0.0765461070089026,0.110146899713248,0.063060553327077,0.135165000953375,0.0396984748086286,0.261861103994953,0.0193444144122673,0.171623086341353
2413,0.075955819084478,0.109464576505989,0.062322443582725,0.134846699132718,0.0399139224029401,0.261061097527988,0.0187465241554369,0.170247769407036
2414,0.075555059165284,0.108990545518257,0.0618701326806958,0.134339401751236,0.0397170428372027,0.260071938086592,0.0185120800593874,0.169349474451207
2415,0.0749227958897526,0.108279983484339,0.0617898397553009,0.133653870095816,0.0390944010156957,0.258979082542882,0.0186866541747133,0.168817786194385
2416,0.0744599998534679,0.107508076206472,0.061385496205221,0.133121132817468,0.03882879939325,0.257962553351048,0.0186102822187541,0.168003393372016
2417,0.0744912377301954,0.106804042703406,0.0608644331373919,0.132768302094091,0.0383688777757617,0.256845990133794,0.0185176460868302,0.167162567020245
2418,0.0741534369817407,0.106608096005593,0.0603939644049002,0.132047912717038,0.0380921223216979,0.255605273798246,0.0185031242445725,0.166551223872003
2419,0.0737687914380536,0.106152211733855,0.0602584487723415,0.131254973889806,0.038430926744778,0.254758099820295,0.0185146671471601,0.165875396003055
2420,0.0736167097336166,0.105018712320981,0.059678617897868,0.130783446937988,0.0382493465524818,0.253798173385975,0.0182192794245785,0.165103297831006
2421,0.0733085174400673,0.104218844197154,0.0592263187491138,0.130393882025671,0.0375193180814641,0.252529222437703,0.0179130249516083,0.164105866454766
2422,0.0728108148106244,0.103925671690045,0.0593374387227503,0.129773880646013,0.0369940378442632,0.25126463036509,0.017885710283419,0.163042779208839
2423,0.0723518592954277,0.103222929007441,0.0588195342386446,0.128877405260023,0.0366449104077624,0.249850370379989,0.0177324801466702,0.161983616258398
2424,0.0719676006640245,0.10224805358491,0.0579162714627081,0.128341185960161,0.0364670721376804,0.248652695169568,0.0174204549478657,0.161141039949078
2425,0.0717513977511712,0.101696284367866,0.057664759284455,0.127932601954466,0.0364216641388755,0.247966198804071,0.0173187214495336,0.16077451999496
2426,0.0719396811752518,0.101207015603648,0.0575459393727735,0.12726110471422,0.0364084435397993,0.247484733141298,0.0174474538656005,0.160616340969366
2427,0.0717394536828291,0.100707724575879,0.0571536777229249,0.126672296232476,0.0361931130298839,0.247085372873732,0.0176769850437563,0.159791965526293
2428,0.0710659950568909,0.100308143904344,0.0568640863742539,0.126372156588988,0.0358617866957824,0.246133534004611,0.0178317659512815,0.1583961063267
2429,0.0707061419103483,0.0994664575010381,0.0566329884134,0.125702756861989,0.0355332090332966,0.244606453797401,0.017573107442842,0.157647309142721
2430,0.0703145526485068,0.0983705031727017,0.0561114637260579,0.124417462867867,0.0351967548528085,0.243401036627522,0.0170939905914455,0.157171355923484
2431,0.0701784513653019,0.097865629002521,0.0556096356473847,0.123838096431566,0.0351211803333739,0.242689499967456,0.0169106466430536,0.156393230839471
2432,0.070262677609133,0.0976163755007605,0.0555059872211744,0.123447939984815,0.0348425105017779,0.242070807319097,0.0166892425135451,0.155863455983598
2433,0.0695628461617958,0.0969469870107355,0.0550428854299187,0.122773456039517,0.0344469152530518,0.241045799027985,0.0165500020636187,0.155343030078855
2434,0.0688973815442457,0.0963625954028415,0.0545933415487756,0.122641143084963,0.0342979769214819,0.23982312282646,0.0169669033464097,0.154275223747082
2435,0.0687273418487974,0.0958037711491268,0.0548079037957385,0.122033809887373,0.0340607978510069,0.238782507858971,0.0167470802344661,0.153335880856121
2436,0.068557632923544,0.0949745967338077,0.0549419458973289,0.121029602321564,0.0339355552188183,0.2376204118107,0.0159912350400304,0.152976265856426
2437,0.0686765853292396,0.0942408095302679,0.0547616841049758,0.120400416070565,0.0337494837828706,0.23684011477671,0.0161775103092303,0.152188089452769
2438,0.0684613663329994,0.0936966242045208,0.0544708656956681,0.119590344261517,0.0336121788417562,0.23652438611387,0.0163170020148563,0.151113993531964
2439,0.0675757416877663,0.0930016125304549,0.0538874092060278,0.119218832102265,0.0338925538883448,0.235594130632371,0.0163914983243143,0.150404953325962
2440,0.0669786939823975,0.0922917693562336,0.0530073580404266,0.119268212689531,0.033637801938554,0.233951417361942,0.0171617594513955,0.149755235974695
2441,0.0667313000606573,0.0917181275211754,0.0529737010192524,0.118875413779745,0.0331209007861396,0.232646357419273,0.0168721856637009,0.149523580900133
2442,0.0665997310883274,0.0911091130478,0.0533734660357979,0.118408620079635,0.0332563322276405,0.232020895328009,0.0161087574019077,0.149057525194164
2443,0.0664813905835031,0.0905958235574054,0.0528031662158402,0.118073304229542,0.0330663910438444,0.231523789778561,0.0162904651551623,0.148129542105181
2444,0.066132695908167,0.0897976866327062,0.0523825389951935,0.117555879679537,0.0326100663207237,0.230801350130101,0.0162181398415731,0.147476951105867
2445,0.0654861473210218,0.0892596363805896,0.0517466409414457,0.116869583338392,0.0325272382777022,0.229653243438857,0.0161438488415573,0.146543232434691
2446,0.0645961890378774,0.0893468554097271,0.0503079019388444,0.116294291454212,0.0322954535053451,0.228591687765767,0.0163700825214185,0.145394638333288
2447,0.0642331130156557,0.088927794896301,0.0503499985587802,0.115235217691386,0.0320225574220733,0.228243807922978,0.0157487535731144,0.144280942467881
2448,0.0643002391066001,0.088352431597617,0.0510522163836528,0.114106953171952,0.0318597020389894,0.227809721484047,0.0149902397912178,0.14365782164773
2449,0.0642391091141579,0.0879879237445723,0.0506457373999216,0.113812246432178,0.0319794780585822,0.227024846417291,0.0148291484105269,0.143472747924316
2450,0.0642112378037807,0.0873229378955687,0.0503333445496645,0.113561995824008,0.0320698387503347,0.226792595151255,0.0148546359073032,0.142898776920389
2451,0.064363584313302,0.0865979718935104,0.0500945334611842,0.113477529524702,0.0319384234244272,0.226311389064934,0.014785623592681,0.142476387740788
2452,0.0642145969520552,0.0859357698214442,0.0492789170574561,0.113617794469373,0.03181934983124,0.225090608638653,0.0140850111944976,0.142138118579701
2453,0.0632505895536632,0.0850914536311235,0.0489981819275149,0.112874539956292,0.0312536121466364,0.224349298459794,0.0139816744768536,0.141279759441044
2454,0.0626668152116247,0.0844075741283123,0.0492599451249307,0.111794435501268,0.0307592818004034,0.223522687054316,0.0146611611100693,0.140173661459256
2455,0.0624268569872708,0.0840755456208357,0.0482206973305416,0.111500127262428,0.0299725115622948,0.22204692648777,0.0145627780755996,0.138616793498113
2456,0.0619516331631621,0.083511382799494,0.047732286589813,0.11090431105172,0.0295104646662203,0.220879885060565,0.0146804559945149,0.137792401187995
2457,0.0619566851801103,0.0831190179332654,0.0475658253114869,0.110265059617845,0.0296537921407261,0.220347546358227,0.0144422953664467,0.137213064808662
2458,0.0619381530855516,0.0826890457247399,0.0472812716937693,0.109877572267224,0.0296633670334003,0.219670997686256,0.0142529417962623,0.136489674276678
2459,0.0616854453565955,0.0819483205864244,0.0471798739474961,0.109663723217812,0.0297814609086632,0.219080453748625,0.0145472865445909,0.136428420173623
2460,0.0611783840058036,0.0812622946045794,0.0471710344770446,0.108945575190302,0.0298400876922828,0.217982005006341,0.0146353774776981,0.136150222839523
2461,0.0604614180980465,0.0808102735352681,0.0474109623298733,0.107734588216047,0.0298144472359569,0.216181088620289,0.0142528330209472,0.135441014345611
2462,0.0603030210242111,0.080106594130069,0.0472559532240709,0.107285280588571,0.0297869552485105,0.215332764385485,0.0141161257176101,0.134787573636376
2463,0.060029720776137,0.0788383860278351,0.0468555829531426,0.106992564078234,0.0296409254644845,0.214321425317386,0.0143948153126282,0.134341394190903
2464,0.0598711257151349,0.0782299376686733,0.0466279425267404,0.106509569774565,0.0296404410312342,0.213767514803749,0.0143352108853444,0.133946548954243
2465,0.0608844538198834,0.078141547629178,0.0458733538251151,0.106781212480813,0.0300999174776545,0.215360391229443,0.0141166973161316,0.133651828832434
2466,0.0609776074203665,0.0776902790703495,0.0455064399792073,0.106786897757229,0.0301047291997474,0.21528909626421,0.0139331561307916,0.132783483173289
2467,0.0600564912552647,0.0774843721169308,0.0462162874201088,0.106018704504885,0.029554420766165,0.213523067310385,0.0133639707656338,0.131495277019713
2468,0.059713212833447,0.0771868551901005,0.0460833052456323,0.10552743825754,0.0293940114870731,0.21283343323424,0.0130673226170608,0.130593474444049
2469,0.059378364007922,0.0762628306732058,0.0449381503364367,0.105864980858655,0.0290928469692834,0.212239138389969,0.0128869792416721,0.128751070427316
2470,0.0589100876931378,0.0758129871097093,0.0447299697539364,0.105330860529699,0.0288629702317391,0.211311583125356,0.0128855033085851,0.128042369250181
2471,0.0585427433892104,0.0759827618973468,0.044900105215807,0.103681036235212,0.0293742919898707,0.210873401790207,0.0132969856976181,0.129217687065205
2472,0.0583614911075388,0.0758103634172094,0.0445851937729352,0.103036637602527,0.0294476590573207,0.210521297726021,0.0132979208864134,0.129123608399612
2473,0.0580561302409011,0.0756449268597831,0.0448087007879176,0.102593387560482,0.0287198219889654,0.209305612830488,0.0132155366757498,0.128711482175569
2474,0.0578815260696396,0.0755040611455315,0.0448072202714687,0.101927626305219,0.028671431911322,0.208494095563838,0.0134245850108274,0.128590739318773
2475,0.0583212177996356,0.0749276561829557,0.0434652135313171,0.101653995158338,0.0294217477020119,0.209039777595137,0.0135814299743659,0.12744458031718
2476,0.0582770146617595,0.0747841333333396,0.0430506464097521,0.101577900003519,0.0292510595967833,0.20855129001419,0.013537085590833,0.127073877951456
2477,0.0574814983626195,0.0756671995179651,0.0439078975920308,0.101506695138427,0.0287836774771984,0.207095899936508,0.0133328722597331,0.128687603158276
2478,0.057378743876384,0.0753035844727274,0.0442260603302226,0.1012155645012,0.0284006125295396,0.206119763117049,0.0135560122916256,0.128138168595221
2479,0.0581104997038129,0.0738139005427806,0.044975892849355,0.101670591982496,0.0270504930292812,0.204658207619214,0.014181255799649,0.125681084160212
2480,0.057914485452001,0.0733089755660806,0.0448546846139555,0.101367549728222,0.0264566937433903,0.203842560855183,0.0143205256614899,0.124999556809322
2481,0.0571540816191852,0.0723279033397555,0.0431564369703091,0.0994502842219961,0.0265986456757249,0.203570408878044,0.0147836279865806,0.123907711369966
2482,0.057074901249193,0.0717570849621124,0.0427189812322401,0.0988673857450404,0.0265610214869411,0.203547484101598,0.014760972225312,0.122997003121867
2483,0.0564505032668888,0.0728443560930525,0.0429429218323531,0.0990750320191438,0.0267216867274418,0.204869716139626,0.013343277824496,0.123814648759257
2484,0.0564534333711062,0.0729395318969854,0.0425325473846628,0.0987348321175768,0.0266366461886802,0.204322894346935,0.0129023521815262,0.123748666943826
2485,0.0578812186582322,0.0719846107036678,0.0424126280598337,0.0989626783291579,0.0261340461774315,0.202126896761783,0.0135235261443272,0.122528746452133
2486,0.0583672501295792,0.0718332878382729,0.0426370702585901,0.0988558198012456,0.0264064176378938,0.201735062441148,0.0132628273925502,0.122052339495517
2487,0.0583947937979897,0.0718583592369577,0.0423115290273265,0.0978185634548363,0.02769949932912,0.201501142634482,0.0121873372746654,0.122769861375326
2488,0.0586763772733245,0.0717894488988879,0.0419633487507256,0.0974348888078319,0.0277066780906262,0.200506884973553,0.012167894748137,0.122452013889147
2489,0.0591317510414561,0.0724694636186205,0.042703710107464,0.0978408945953193,0.0274107771990123,0.200589270323443,0.012701203877096,0.120738649029482
2490,0.0589244996510504,0.0724124698902671,0.0428752183123364,0.0976116707589774,0.0275610286048324,0.200378591620184,0.0124240943503704,0.120257596382808
2491,0.0576582690068098,0.0717415790787011,0.0418402958258909,0.0972797025260345,0.0261463220306101,0.198281365344335,0.0123922450049594,0.120352828266359
2492,0.0575942427136556,0.0712162171458485,0.0411589096054005,0.0967382441258852,0.0260873450226554,0.197600829523814,0.0128818311040533,0.119951664027516
2493,0.0584265100461806,0.0700176975683513,0.040732285215137,0.094914954485287,0.0280161679761004,0.199388117046693,0.0130236706030258,0.120112793461362
2494,0.0579162664016402,0.0694950395081071,0.0406272729247391,0.094739439922277,0.0286718648002312,0.198847670199924,0.0124108504661714,0.120155576355941
2495,0.0574898082994117,0.0695455186692448,0.0409533751223181,0.0962108212930559,0.0295138464797374,0.195783517202315,0.0117523990242922,0.119582936640293
2496,0.0572885795962776,0.069145164584141,0.0405543045858928,0.095943920301393,0.0295322197248587,0.195896023864011,0.0123807693405946,0.119188900753787
2497,0.0550147241857721,0.0687484826829045,0.0398816957781729,0.0958485394619362,0.0280444329616154,0.197792298368181,0.0135030308758294,0.119062600755012
2498,0.0546907637052068,0.068979612196517,0.0395889670241629,0.0957877532607076,0.0279216198222499,0.197424594027447,0.0125753852640881,0.119157018707692
2499,0.0573349738380801,0.069688046652738,0.0382111081861905,0.0938680466962573,0.0284108403429441,0.198061219171915,0.0112075232913595,0.119243706872732
2500,0.0573227740216234,0.0692972851720989,0.0382152065365978,0.0930318301644055,0.0277599957052762,0.19845821555071,0.0120202279905502,0.119270544673875
